ID,user_id,item_id
12,12,"386,6117,6251,1768,6611,4942,2303,4366,5706,525"
14,14,"1287,6950,4660,3954,3423,7499,700,4056,2907,4545"
17,17,"3331,3529,1273,4413,3488,2802,7369,5446,2815,5598"
21,21,"7194,7221,1424,3467,4719,6186,6560,4183,6771,3807"
44,44,"3728,659,6022,7583,31,4733,3515,6381,5091,5836"
55,55,"2959,4117,5226,560,910,2550,7590,4178,222,4644"
56,56,"9799,13309,10326,9962,8590,8562,10607,7817,10663,12497"
58,58,"1273,7558,3509,3488,3447,4083,1398,3533,3842,1727"
59,59,"4176,3785,6117,5470,6781,1886,176,1376,7068,6381"
79,79,"4237,7550,4746,525,789,7153,6640,4124,4255,7071"
81,81,"9799,10326,8590,13309,7707,8161,11024,9962,9580,8562"
85,85,"6982,5004,2692,3539,6522,7410,2961,7477,2751,3028"
92,92,"6884,4722,5487,4777,7248,2277,5091,5836,5087,7194"
97,97,"560,1162,5515,4342,1189,2789,6628,1763,1130,910"
100,100,"5866,5907,4056,5270,1287,2327,3370,4387,1153,5819"
112,112,"9799,10326,8590,9962,7707,13309,12990,13296,8562,10607"
122,122,"1398,1955,6244,2037,2528,64,4205,5411,3697,967"
133,133,"1130,6628,5967,4247,2287,3926,6303,6326,860,5621"
141,141,"787,4762,6843,342,5363,510,4342,4591,4915,5549"
144,144,"5836,7194,2265,4722,5091,6884,471,2751,4094,3539"
149,149,"7477,860,766,6326,2981,6982,3396,788,3285,6420"
153,153,"10326,9799,9962,7707,13309,8590,8562,8161,10138,12990"
166,166,"5226,910,6361,4178,5688,3859,5492,4117,6732,7590"
220,220,"4129,6117,4107,779,907,588,141,386,2673,7580"
231,231,"2537,3533,64,2037,6866,1398,4309,5555,4388,3447"
262,262,"4124,7550,4055,6640,6381,2882,6112,7549,4176,7461"
274,274,"974,4947,2770,6624,6107,6829,1663,1748,5615,1624"
277,277,"5075,4550,696,7254,3562,254,3436,4773,3132,2401"
281,281,"5135,5303,7171,6240,7301,5831,5943,5672,3693,6593"
291,291,"6107,4310,1938,6757,4464,6754,1254,6019,3858,6161"
300,300,"4929,4664,7499,953,5797,2020,1539,1287,3808,6950"
310,310,"2020,3000,953,6950,7499,5718,880,1539,6166,3224"
332,332,"6117,3808,211,6989,4015,5737,448,1539,6878,2761"
344,344,"4309,3447,5636,1826,5555,214,1728,7425,1996,5085"
359,359,"560,346,4251,3642,6705,4655,4511,30,3488,5839"
380,380,"4722,2277,5087,7194,6884,5091,5487,5213,4777,92"
386,386,"7194,6995,3418,4688,2773,4940,1079,5465,7072,4591"
426,426,"6313,3741,1273,6382,3509,5712,6456,1988,3447,7369"
436,436,"2343,4917,1273,5210,467,3331,4423,2537,4557,1727"
453,453,"1398,4083,2037,4681,61,64,3533,6244,2731,3247"
461,461,"2423,162,1338,4303,532,7336,7530,5697,1755,5032"
464,464,"3491,4660,7242,7315,1474,4901,953,5433,4345,7113"
473,473,"6656,646,896,5231,6303,1130,1456,3369,1189,5989"
481,481,"5112,5718,3000,7315,6329,1125,3086,190,6043,1956"
490,490,"4129,6117,907,588,518,386,2815,1039,3562,696"
494,494,"3086,5289,1638,5784,5466,1079,2144,2731,3697,214"
497,497,"4504,6520,7298,2993,3340,3543,6917,4066,6492,6812"
510,510,"4345,4809,6315,3494,6211,3204,6160,4582,5020,5433"
511,511,"6628,1189,4247,910,1130,6303,5967,6082,2944,542"
512,512,"3440,6302,4205,4396,2910,3697,5935,4613,3105,3205"
524,524,"9799,10326,13309,9962,8590,7707,10138,11024,10336,7817"
525,525,"3065,3952,3408,827,854,4101,1422,4950,3249,4630"
545,545,"1376,732,6657,7068,300,4670,789,525,7071,2303"
560,560,"1398,64,3247,6244,6313,4083,4202,883,1118,2528"
564,564,"9799,10326,13309,9962,8590,11024,7817,7707,8562,11431"
566,566,"207,2343,841,6282,787,3296,946,613,1517,1823"
568,568,"64,3533,1398,4083,3982,61,5386,6244,3447,3247"
570,570,"190,3000,3952,6812,4460,3552,5913,2427,3996,6498"
573,573,"1287,4346,2907,5907,6243,3667,5866,4056,2667,3423"
594,594,"6501,696,7271,3987,1728,7446,7254,1826,3249,2195"
601,601,"1287,5907,3423,7315,5270,4056,3954,1421,4387,2165"
605,605,"2861,2327,5959,3926,878,5907,2667,3848,5819,4660"
641,641,"3808,1539,953,2020,2457,4885,3013,6502,1058,1357"
650,650,"4929,2728,6084,1833,714,5557,5076,825,1978,3507"
675,675,"5866,3667,860,6326,3926,345,6040,2287,742,6418"
677,677,"5135,5672,4243,5943,5831,4835,3793,3609,7165,719"
679,679,"6757,3296,3331,23,1273,4917,2313,5497,4464,5615"
683,683,"4685,5411,350,967,4277,6751,2825,6425,37,3584"
687,687,"6311,4741,5433,3491,6751,3858,4345,2772,4715,7576"
705,705,"6343,1539,6950,1287,700,4929,2907,3423,292,3808"
708,708,"2058,1424,1234,1134,4901,274,5438,2265,7221,6168"
712,712,"5761,7530,2649,162,1556,3303,2741,2384,7336,5032"
715,715,"6343,2426,1316,1287,5647,4929,2579,714,2907,7184"
728,728,"4101,7298,5086,3249,359,1422,6498,3552,3000,3132"
743,743,"3224,5718,73,3659,4844,2516,880,6211,3494,3491"
753,753,"7087,3157,3494,2659,3485,1851,2405,6888,2314,5389"
757,757,"214,1728,6501,5733,7146,7425,2573,1806,1996,1072"
768,768,"10326,9962,9799,7707,8161,8235,11282,13309,8590,10138"
797,797,"910,5226,3565,3933,5515,1162,214,5492,6361,7590"
813,813,"10326,9799,8590,9962,13309,7707,8562,10138,8161,7817"
832,832,"5493,2426,6117,4060,6781,947,1316,3912,3781,6343"
833,833,"4129,1044,2815,2673,7369,4798,4382,7232,6515,4107"
844,844,"6305,2275,2037,1996,61,64,4083,4818,1398,7438"
858,858,"4302,4647,2199,1750,4205,2137,4904,3146,2172,2037"
874,874,"3808,7468,1539,1396,4056,4938,928,3909,2457,3338"
875,875,"2343,5210,1905,3467,6971,4449,252,1637,790,7364"
892,892,"5210,1637,7364,811,2343,4413,3467,252,4449,3331"
897,897,"10326,9799,9962,7707,8161,13309,8562,10138,8590,7817"
912,912,"4917,7558,2343,4413,1905,1727,790,4423,5254,7364"
924,924,"7477,2861,3396,5212,10326,8590,13309,9799,487,1130"
926,926,"5464,6950,4929,1539,150,3666,6243,1287,2255,4664"
933,933,"4722,6771,6884,3467,4777,2006,2795,4046,5091,92"
944,944,"4917,4413,3331,4423,5254,1273,5210,2343,317,1637"
951,951,"7369,7550,4124,5197,3529,15,3334,1701,3488,976"
974,974,"2537,6749,7590,2313,1538,5636,6901,5615,6053,4917"
1010,1010,"1857,2789,2300,7015,5261,4174,3258,1681,2969,5573"
1013,1013,"6166,3808,1539,418,2468,4367,7200,5184,1058,2020"
1016,1016,"5761,5615,275,4083,3295,735,4751,162,2340,6835"
1023,1023,"2199,1398,5411,6562,4295,2411,4685,6209,3073,2987"
1035,1035,"10326,9799,9962,13309,8590,7707,8562,8235,8161,9866"
1046,1046,"4345,350,4002,7539,633,4283,1772,4826,1023,408"
1051,1051,"4722,6884,4055,4124,7550,5091,92,789,3467,4080"
1057,1057,"860,1752,2667,878,3926,355,5621,6040,1130,5907"
1064,1064,"4722,5836,7194,4094,2265,220,4777,6506,5487,1041"
1080,1080,"10326,9799,13309,8562,9962,8161,8922,8590,7707,12990"
1089,1089,"6243,5406,2457,2617,4378,427,826,2062,5631,5076"
1090,1090,"4929,1287,6343,5647,2907,5866,3423,3667,6138,6837"
1103,1103,"2058,1424,5787,7404,5782,5560,7555,1787,7463,3635"
1123,1123,"5254,2343,7303,2180,6971,1398,3452,467,4309,2537"
1134,1134,"7087,1287,73,4929,6449,4660,2314,6431,6473,869"
1136,1136,"2313,3842,4917,2537,1273,2952,4309,3447,1967,4557"
1139,1139,"4917,6640,4423,4413,4124,7550,1273,6817,1893,7021"
1154,1154,"4345,7221,5433,6560,4809,7584,3698,3573,4208,7539"
1169,1169,"1851,1182,5433,2419,350,666,89,5158,37,5845"
1173,1173,"2516,7499,3000,190,2910,3659,3355,1880,880,4460"
1178,1178,"6343,217,1287,6989,4056,5647,688,4346,448,6449"
1190,1190,"1926,4021,666,1661,963,2149,1383,1776,6137,880"
1205,1205,"1398,3146,4205,7008,1750,1383,6244,6313,64,4003"
1217,1217,"6971,5515,790,1162,214,5226,6732,5210,6794,7454"
1218,1218,"3000,4460,6812,7499,2516,3224,3157,73,880,3808"
1230,1230,"666,3000,3157,1242,5389,2020,6473,4460,2419,1709"
1250,1250,"7530,6751,967,1755,3303,5761,162,1955,1170,516"
1252,1252,"7477,2981,3396,6982,766,2692,1387,2899,1915,1134"
1276,1276,"5210,2343,467,1637,4651,811,4982,2669,6749,1216"
1279,1279,"3360,6212,4255,6657,4586,7461,6381,6578,244,90"
1281,1281,"7194,1234,220,2464,5105,5544,3259,4916,2895,4979"
1288,1288,"5647,6343,5756,1287,3132,4929,7515,4550,4138,6951"
1305,1305,"1287,4346,6343,217,4056,4924,5647,5608,3423,2053"
1320,1320,"7072,4591,6636,790,3525,411,837,5226,591,2773"
1321,1321,"1728,1826,3987,6501,214,2195,4309,4000,2573,5555"
1328,1328,"4094,6506,7194,6809,4722,6925,220,5836,2265,1234"
1343,1343,"7194,2216,6790,2895,220,7224,1914,1234,5103,5438"
1345,1345,"6751,7010,2340,6211,4084,71,4645,5718,2910,4277"
1374,1374,"1290,3028,4947,5354,2831,31,6085,6742,649,5762"
1410,1410,"1755,3533,3488,162,829,6978,6876,2423,3982,6499"
1414,1414,"5004,2692,5836,4094,2809,1915,7194,2751,5652,3539"
1420,1420,"1132,5028,4814,5953,4615,1058,3107,2410,1539,947"
1440,1440,"1132,4826,350,5158,5953,4852,2013,37,89,3047"
1441,1441,"10326,9962,8590,13309,9799,7707,8161,10663,9668,11282"
1443,1443,"2953,638,4798,3334,7369,6787,7232,4176,2019,6112"
1458,1458,"1398,3533,64,2037,6244,61,4083,3982,5386,2731"
1492,1492,"2013,2654,4826,4458,1772,6560,7539,6306,5158,350"
1496,1496,"4722,4176,6485,3781,4133,5091,6884,2369,4777,7063"
1499,1499,"6311,4223,3584,4685,1787,3553,417,1497,4345,350"
1504,1504,"1728,6501,854,3578,6520,7254,4066,2241,1729,4913"
1516,1516,"4066,5231,1943,6994,993,786,7324,854,6501,398"
1523,1523,"3667,345,5866,2895,75,3568,1763,7464,520,4979"
1534,1534,"4256,4309,4785,3002,5467,7590,5615,5696,3447,2313"
1539,1539,"4917,2343,6866,4125,1273,3296,1996,7558,2530,4413"
1559,1559,"214,3086,4388,2275,1072,3952,1996,7425,978,1728"
1572,1572,"4982,5226,4178,7590,3750,910,4342,1938,1430,5085"
1573,1573,"7590,5033,5210,6749,7303,3933,4117,5226,3941,2313"
1601,1601,"1747,36,4413,6640,789,50,7550,2882,7021,2887"
1603,1603,"3865,6657,4670,4294,6212,4679,4475,6640,2197,4055"
1604,1604,"6243,4056,4387,5270,3423,6539,1287,3666,4614,4545"
1613,1613,"4117,5226,3999,5210,4178,2959,910,560,7590,7469"
1634,1634,"7499,6812,1287,190,5425,2865,2907,4101,3423,3808"
1642,1642,"2020,3808,1058,2475,5797,7499,6166,1539,4837,5425"
1643,1643,"1398,6313,6244,4083,2275,64,6220,6305,6997,5712"
1654,1654,"10326,9799,7707,13309,8590,10336,9962,11384,8562,10138"
1657,1657,"7047,3149,2831,6126,6550,872,4553,6243,4393,5253"
1674,1674,"1398,4083,6244,64,6313,2731,3697,4309,6305,2411"
1702,1702,"1424,187,7555,7221,2058,4719,1234,5560,4170,6186"
1719,1719,"789,6640,7550,2882,4124,525,7153,7071,6270,732"
1725,1725,"1977,3947,4793,2375,2518,2337,2598,3879,2316,7412"
1726,1726,"1612,1424,4183,7221,1787,6560,7539,350,2013,6562"
1728,1728,"7468,3808,1539,1287,7184,448,5253,6837,5737,6343"
1735,1735,"1571,2655,2241,5515,2916,254,854,2789,271,6288"
1739,1739,"6212,473,2013,2506,4638,684,77,5026,350,3834"
1774,1774,"6562,6371,6079,3529,6787,4423,7558,4917,2343,1398"
1780,1780,"3808,1287,1539,2907,5797,700,7468,4576,6453,448"
1799,1799,"4345,3494,5020,2179,4809,1851,5433,3157,1619,4582"
1813,1813,"3423,1287,700,4056,2907,1539,3954,4929,3808,6343"
1834,1834,"1318,529,773,979,2903,7017,7488,6243,6126,3466"
1835,1835,"10326,9799,9962,13309,7707,8590,8161,10336,10138,8562"
1841,1841,"5354,1804,5499,1593,6326,4547,6522,49,5564,860"
1863,1863,"3987,3132,786,6501,4964,4550,1519,3436,7254,1943"
1878,1878,"6560,2654,6829,2013,6925,974,4458,2456,1517,7539"
1879,1879,"1728,214,1826,6501,2573,5733,1806,854,6520,3266"
1910,1910,"3124,5866,2327,5907,5270,2667,4056,4387,2916,3954"
1911,1911,"5631,5253,5532,1871,2410,418,3261,4155,1124,3338"
1919,1919,"789,7347,732,4423,1893,6640,7021,2535,5044,5027"
1925,1925,"1398,4205,3697,2037,7438,3382,3205,3086,64,2731"
1926,1926,"1755,6876,2384,7530,162,516,3303,5275,1170,6751"
1931,1931,"10326,9799,7707,13309,9962,8590,10138,8161,8562,10336"
1940,1940,"4345,4809,5433,3494,6315,3204,7584,6751,6211,4582"
1968,1968,"4917,1273,3447,4423,4125,4557,1893,4309,7399,3331"
1981,1981,"220,1234,7194,3807,2265,4688,2415,7221,5438,1358"
1992,1992,"3667,345,5866,2895,75,1763,7464,5930,4979,3090"
1998,1998,"4929,4660,1287,7315,3954,6950,2667,3423,7499,3666"
2000,2000,"1255,6501,3987,2573,2768,5515,1728,5444,786,1456"
2017,2017,"6528,6243,5977,3338,1606,4996,4056,3323,114,3781"
2036,2036,"5913,3499,4338,5184,190,7499,2916,1141,7089,6353"
2044,2044,"2343,3533,4917,64,3982,5386,4557,4449,2313,1398"
2047,2047,"7242,6707,5866,5934,2548,2861,1680,7270,2327,953"
2052,2052,"1728,854,214,7146,1456,6501,2427,6288,4773,402"
2055,2055,"7221,1424,220,5560,2149,2058,1234,7194,4216,3491"
2069,2069,"4722,4169,947,4176,5105,4055,6485,3467,1905,1286"
2075,2075,"6982,2899,3285,7410,1090,5836,1041,3539,1823,1017"
2089,2089,"7194,220,4094,4688,1889,1234,6771,3807,4925,3856"
2093,2093,"3157,880,3494,3224,953,2179,1851,4345,6160,666"
2127,2127,"7194,4722,4094,220,2265,5091,6506,4279,1286,1234"
2135,2135,"4176,6485,947,3781,3852,789,4169,7232,779,6117"
2137,2137,"4917,7558,1967,4423,153,1273,3331,1893,7399,5276"
2141,2141,"2327,1287,3423,2907,4346,262,4929,700,3954,7433"
2147,2147,"910,5226,4342,4117,6732,6434,3565,5492,4210,5363"
2150,2150,"4528,453,1017,6829,6019,974,4345,3879,612,466"
2153,2153,"1273,6757,3488,3331,4917,3296,2313,4464,23,3741"
2158,2158,"10326,9799,8590,13309,9962,8562,7707,10138,8161,12990"
2178,2178,"6117,386,1744,1316,1886,6781,3912,1094,826,5480"
2180,2180,"4917,5210,2343,4423,6010,3529,4651,4413,3681,467"
2181,2181,"4722,2265,1286,345,7227,4279,520,5091,2895,2277"
2193,2193,"6757,2343,3352,7590,5646,6749,2313,6824,2665,811"
2216,2216,"6343,2426,1316,4176,6117,609,6989,5647,3241,2761"
2224,2224,"37,5411,89,350,2149,2825,4740,1619,829,2836"
2231,2231,"3808,1539,3338,1058,448,6243,7468,4015,6539,847"
2242,2242,"2037,3086,4205,4681,2731,7438,2938,1589,1398,6978"
2243,2243,"9799,10326,10663,10607,8590,13309,12026,8562,7707,12497"
2247,2247,"10326,9799,8922,9962,8590,7707,13309,12990,8235,8421"
2262,2262,"2142,9799,8590,10326,10607,10663,6982,8922,13296,8421"
2271,2271,"7555,4345,7404,2058,5020,4809,3494,1787,1424,180"
2284,2284,"64,3247,4205,1755,6244,5386,61,6876,1398,2528"
2287,2287,"1398,4202,5935,1661,1383,1750,4685,4021,6244,1776"
2291,2291,"694,6562,4083,1543,6313,1398,6659,6155,64,6244"
2293,2293,"4741,2423,3858,2938,6959,4715,3346,3454,7336,2931"
2294,2294,"4872,5196,5303,3322,5836,3052,3941,7460,5249,7471"
2301,2301,"1701,5197,7369,1053,4382,7232,3241,638,3334,1502"
2310,2310,"2989,3261,6432,254,928,4655,3944,4158,4332,3877"
2341,2341,"910,5226,4117,3220,5051,3565,560,3653,4508,4210"
2345,2345,"61,3117,5085,64,6442,2537,2275,4388,3750,2037"
2348,2348,"4345,7530,6751,3858,2025,2654,4809,4741,2741,408"
2349,2349,"4094,2961,1915,2265,6522,6506,4156,760,5354,2995"
2350,2350,"4413,4106,2953,310,4322,603,3529,2884,7369,1905"
2355,2355,"5761,6562,4685,7530,2384,6659,7000,350,516,37"
2383,2383,"4917,5210,4423,2313,2343,1893,4413,6957,4651,7303"
2393,2393,"5303,4579,2700,7461,3728,3515,2788,2882,1302,7550"
2399,2399,"2970,7467,1750,198,2659,2172,6583,1400,4274,4003"
2421,2421,"6282,1517,1254,974,6829,3071,6019,3879,4741,166"
2435,2435,"5615,2959,7590,6660,560,6757,4251,6705,5494,4117"
2448,2448,"7315,2327,3543,1141,4660,1287,2861,5819,2907,630"
2452,2452,"9799,10326,9962,8590,13309,7707,8562,8161,9942,8922"
2464,2464,"7194,1234,220,1424,6560,3807,7221,187,2058,7555"
2470,2470,"4562,2920,4964,3987,4413,4550,779,1826,696,6501"
2478,2478,"2693,4679,92,2684,7197,7553,4044,7153,525,6648"
2506,2506,"2343,207,6757,1216,3056,6640,5485,118,3296,4917"
2523,2523,"6565,99,5615,7590,2959,3171,4251,6757,5646,4464"
2527,2527,"4345,4809,4208,5562,408,3300,1616,2461,6311,7584"
2528,2528,"6982,828,3396,7023,6708,6322,5907,1387,6719,5972"
2530,2530,"9799,10326,13309,8590,9962,8161,7707,10138,8562,7817"
2533,2533,"4345,633,4809,4002,4208,3300,5562,5119,7539,5073"
2540,2540,"3996,4309,1728,1826,854,3952,2427,4950,827,1729"
2558,2558,"4036,6988,854,1729,696,4773,827,3065,4109,2554"
2559,2559,"6657,4722,3360,244,5091,471,5836,2006,90,220"
2592,2592,"1273,3331,4917,3447,1893,4423,7558,3842,4877,4413"
2599,2599,"3494,4345,4809,6315,3157,1851,6160,5020,5433,953"
2608,2608,"4722,5836,7461,6381,7194,3360,6884,5091,4055,6657"
2613,2613,"7446,3055,1905,790,6971,5254,7364,4272,3017,3447"
2616,2616,"7433,394,3423,1420,4056,4346,6539,2327,262,5270"
2617,2617,"3533,1398,64,7438,4917,5386,2731,3331,3982,4681"
2619,2619,"790,6971,5042,4272,5105,705,2343,3055,5210,837"
2622,2622,"1763,2019,3055,5145,220,3667,1234,837,6971,3017"
2629,2629,"1398,2731,4083,64,6313,6244,6305,7438,2275,3421"
2648,2648,"9799,9962,13309,10326,10663,10607,8590,7707,11024,8562"
2654,2654,"829,1586,6978,3805,5727,2343,5275,6387,4411,1338"
2668,2668,"3667,6656,5090,3926,1130,4603,5866,7053,4346,75"
2703,2703,"5836,4094,2899,7194,2692,6522,2809,165,7120,760"
2710,2710,"6019,1017,4528,6282,3373,7343,1517,6925,1254,2899"
2713,2713,"4929,6950,4545,1287,3543,4660,3124,2907,3918,7499"
2722,2722,"4722,2795,6884,5091,1286,5487,6381,5792,705,468"
2724,2724,"1398,5877,2275,4309,978,6305,4681,2731,4388,64"
2727,2727,"3808,1539,6166,2020,1058,3000,7499,5797,2907,397"
2755,2755,"6971,2343,5210,1637,64,1398,317,252,4449,5790"
2769,2769,"2199,1398,3086,2731,4681,4205,1988,829,6136,2037"
2776,2776,"3338,928,2989,3808,5253,3562,1539,7468,448,1287"
2781,2781,"7315,4660,6137,4837,3224,7499,4545,2475,1474,880"
2782,2782,"5647,3827,6343,6243,5076,4387,4056,448,7430,4839"
2789,2789,"1130,4508,6434,6628,6303,6082,75,2031,6581,742"
2794,2794,"7336,2423,4411,1338,3982,1361,2384,1755,1170,3533"
2804,2804,"4345,5433,4809,3494,1851,5020,3204,7584,1527,6315"
2819,2819,"4917,4423,2343,1273,5210,4449,4557,3331,4413,1727"
2846,2846,"4413,3175,2920,4106,3874,4522,100,839,2815,4562"
2851,2851,"10326,9799,8590,13309,9962,7817,9668,7707,10138,8161"
2861,2861,"4309,3447,5636,1826,2537,5555,214,1996,6957,6866"
2862,2862,"1755,5761,6751,6562,2384,516,162,4159,7530,3303"
2867,2867,"5226,4178,7590,3117,4982,5085,1938,910,1493,6565"
2873,2873,"2180,7303,5636,3117,2537,7364,5254,4935,7245,3447"
2880,2880,"2916,4576,6187,3542,3577,2989,254,3499,5548,3575"
2881,2881,"4722,4133,6884,4176,5091,1286,5087,2277,471,5487"
2886,2886,"3984,2658,4985,7433,6091,217,7521,1692,262,3338"
2891,2891,"4101,2916,2427,6187,5086,7499,3952,190,402,4583"
2908,2908,"5184,6397,5318,4036,854,1923,3952,4047,901,319"
2910,2910,"996,7499,3808,6950,1539,1880,4837,953,4545,700"
2915,2915,"7530,6751,2649,3584,967,3303,2741,1755,162,5761"
2935,2935,"5020,4345,3494,6160,1851,3204,6384,1619,10326,9962"
2946,2946,"4722,5091,1286,2277,6884,5087,4133,5487,5836,2265"
2948,2948,"6117,7232,4176,1701,3241,4224,386,1053,907,4284"
2969,2969,"2013,4826,684,77,350,7539,5026,6770,408,2556"
2979,2979,"4083,61,1398,6244,1543,2411,64,6659,6517,5761"
3036,3036,"220,1286,4722,1234,2795,5091,6884,471,4279,3445"
3050,3050,"6982,4737,6322,6260,3998,7314,6447,1726,7373,3091"
3056,3056,"5210,2343,4651,6672,1637,2795,467,5042,3941,252"
3061,3061,"1398,4054,1638,2199,5466,6562,6659,694,3831,3925"
3066,3066,"6982,4901,7221,7477,7242,3396,274,7373,1041,828"
3069,3069,"4345,3494,6160,970,1851,5020,4809,4804,4582,6751"
3094,3094,"7558,1398,3533,3509,1273,4083,3488,64,6456,1727"
3106,3106,"217,4346,1287,5231,4056,5881,7433,2916,431,4603"
3110,3110,"6982,828,5004,2692,7410,3028,7477,7023,3396,3378"
3115,3115,"5515,1162,7561,1189,2937,2789,6288,6656,1683,6775"
3136,3136,"7369,7232,7392,4129,1143,603,2815,4382,2484,3175"
3159,3159,"3808,1539,2020,6950,1058,4929,4664,7499,1287,700"
3166,3166,"10326,9799,13309,9962,10663,10138,8590,8161,7707,7817"
3172,3172,"3491,4345,5433,4809,7584,3494,1025,3204,6315,838"
3200,3200,"7194,6168,4688,4925,5268,5836,4094,3807,1889,1041"
3217,3217,"907,1701,5197,6117,1759,1744,779,4451,3560,3241"
3218,3218,"1255,5515,7254,1728,6501,3055,214,854,2195,6971"
3229,3229,"7550,7461,2788,7057,6381,2882,1980,1302,4124,4176"
3230,3230,"5158,2058,2013,618,6560,4220,77,3635,1234,3698"
3274,3274,"5446,5075,854,696,141,4773,254,3408,3562,4155"
3285,3285,"6212,5177,2013,2855,89,2391,4679,350,4740,5026"
3316,3316,"6982,7410,6829,828,2899,2692,3998,5004,974,7"
3319,3319,"4929,700,2327,3954,3667,6431,1287,4056,2907,3543"
3323,3323,"5555,1826,3447,5166,1273,2537,4309,4562,5254,6866"
3346,3346,"5515,3542,1806,1162,2993,765,1763,4199,1456,2573"
3354,3354,"5615,5497,2313,7438,1538,2731,6835,6824,5506,4818"
3368,3368,"2861,3667,1752,5866,2667,878,2287,3926,5907,860"
3374,3374,"1398,6313,6244,7009,3000,3086,5765,1422,4021,4083"
3391,3391,"9962,10326,13309,9799,8590,7707,10663,9866,8562,10138"
3397,3397,"854,4036,3408,4630,4773,1729,4109,398,1728,1923"
3404,3404,"4345,4809,3494,408,2654,5433,1619,3204,4826,350"
3408,3408,"6303,910,6656,896,6628,646,5231,6508,1189,6642"
3416,3416,"1539,4345,6950,292,150,953,3494,4929,5464,2255"
3422,3422,"1398,64,2731,4681,3533,4083,6313,6244,7438,5386"
3423,3423,"2037,5386,1398,2731,3533,7438,64,4681,2079,829"
3426,3426,"6982,7477,3396,7410,828,1387,3112,2899,6420,766"
3436,3436,"6244,6562,4645,3247,64,3060,6414,6659,5600,7530"
3448,3448,"2327,5907,5896,1130,3577,5621,4247,3926,3041,6628"
3464,3464,"2910,3086,5765,4647,3000,2137,6643,5657,4302,7009"
3472,3472,"4924,6343,5621,6243,1305,4014,860,2667,609,416"
3477,3477,"5761,7530,2384,6751,6659,3226,1755,162,2741,2223"
3488,3488,"6982,6829,5277,974,1687,2654,2047,7221,3762,7410"
3497,3497,"7221,6560,1424,2118,7194,3807,5720,4137,5836,3856"
3504,3504,"1398,6244,2528,1955,2731,2037,7438,3382,64,3697"
3517,3517,"345,7197,1724,4722,5105,1763,5487,5544,6842,2071"
3538,3538,"4176,6485,6381,4124,1302,2882,4169,7550,4753,7461"
3544,3544,"2498,5085,6288,5673,1072,840,2789,3041,2959,264"
3547,3547,"2313,4449,5615,2343,2324,5506,285,7303,1541,317"
3569,3569,"214,1728,5733,1072,6288,2937,7146,5515,5678,7425"
3570,3570,"4176,7550,4124,15,6485,638,3334,6381,6112,4113"
3575,3575,"714,5647,826,4615,6343,6839,2208,6878,7430,4387"
3579,3579,"6343,1287,5647,448,4056,2426,3423,2907,7184,3808"
3588,3588,"3491,4741,6311,5433,2772,7576,1025,7113,7242,4345"
3592,3592,"1287,5866,4929,3954,2907,4056,3423,1153,4387,4346"
3617,3617,"4722,167,6869,3656,1234,1286,2265,345,2895,90"
3632,3632,"6501,786,4000,3987,4550,3996,4066,1943,3542,1247"
3650,3650,"9799,10326,13309,8590,9962,7707,10607,7817,10663,11024"
3654,3654,"5866,2287,6460,7088,2817,3468,3848,345,6300,7053"
3656,3656,"345,5866,4722,2265,742,2369,7227,4133,4046,4777"
3678,3678,"5905,7410,6829,974,2234,5720,3941,7194,2118,5836"
3681,3681,"2916,1456,6288,3041,7178,1141,1728,6848,4583,4101"
3683,3683,"6982,10326,9668,9799,8590,8161,8235,10663,11282,9962"
3685,3685,"4413,3447,4309,5254,4917,7446,1727,2180,7364,4877"
3699,3699,"6656,7211,6492,5515,7448,4199,607,3369,4504,1456"
3707,3707,"638,3334,5197,5061,3241,1132,1784,964,1701,1053"
3731,3731,"603,6371,6891,2953,3529,4798,7369,6787,4413,2294"
3737,3737,"2265,860,345,4722,5836,7227,7194,4094,520,3539"
3739,3739,"4101,6329,914,4199,6944,3535,4929,4006,7178,6656"
3744,3744,"6212,350,2391,6562,4740,4495,1772,2506,6089,2013"
3753,3753,"3467,7194,5210,92,6884,6771,2795,2343,7364,1905"
3778,3778,"2133,7412,3947,2337,4270,2391,3783,1977,350,3990"
3786,3786,"5386,3533,2423,4205,1398,6835,6856,829,61,6499"
3790,3790,"6107,6754,6282,1254,6804,165,1517,6019,2886,6925"
3804,3804,"7232,4176,4550,907,6117,1053,3241,4284,3560,688"
3805,3805,"3447,1273,4917,4562,4309,5254,4125,4413,4557,1826"
3819,3819,"1398,64,6313,3533,6244,4083,6099,2411,3447,3247"
3827,3827,"4129,5446,141,2815,4107,2112,2673,7369,2802,4522"
3829,3829,"1539,6950,3808,1287,4929,3013,5737,4393,2020,5253"
3841,3841,"354,6628,6303,560,217,1130,6082,5967,6164,640"
3849,3849,"5615,5876,4083,23,4818,5506,2938,1091,7438,4251"
3928,3928,"5507,5411,1750,967,4685,1955,6751,885,749,1661"
3988,3988,"4176,609,1502,3241,5675,1784,2574,5953,6845,4014"
3994,3994,"5425,4193,700,7499,3423,4664,3954,3808,2907,1287"
3998,3998,"1456,5896,3577,5515,2327,6288,2916,1130,5231,6656"
4012,4012,"3533,64,1398,5386,4083,461,3982,3247,2897,3697"
4021,4021,"4060,6781,947,3781,420,4722,4176,5493,1606,3931"
4022,4022,"4645,6244,10326,9799,4205,9962,13309,8590,8161,7707"
4047,4047,"1130,6326,860,5866,3667,5930,3926,6040,742,3090"
4073,4073,"4929,4660,5425,4664,2454,3423,3954,3666,4443,4545"
4099,4099,"4877,560,716,3447,4413,1826,1255,4822,4562,5555"
4100,4100,"3952,3996,1728,1826,1398,4000,827,3065,2427,2275"
4120,4120,"3781,5495,5493,947,1606,6807,4133,4060,4996,5078"
4126,4126,"1244,1220,2140,841,1823,2882,1517,3265,67,6282"
4136,4136,"2916,5866,1153,6590,3577,6187,2327,2861,1456,5573"
4160,4160,"4929,4924,3507,6343,13309,10326,8590,10663,9962,9799"
4173,4173,"7221,2013,7539,6560,7188,6306,6311,5158,2654,3870"
4177,4177,"6562,350,37,4740,89,2836,77,7530,5026,2506"
4183,4183,"7530,6751,3303,2649,1755,2741,1385,7336,2384,3862"
4191,4191,"4056,6243,3423,3338,4282,3323,3737,4387,4367,847"
4195,4195,"61,3982,3533,2938,7438,5386,64,2313,1091,7512"
4213,4213,"3447,4309,1398,64,5555,5254,3533,2275,2731,2537"
4226,4226,"4562,1273,1893,3842,4413,5619,4917,2815,7558,3331"
4227,4227,"6560,2013,1424,7539,7221,37,350,684,5158,77"
4232,4232,"6343,5647,7468,448,1287,1316,2426,6837,1153,728"
4255,4255,"5515,6656,4066,3369,910,7561,1683,3461,5461,914"
4258,4258,"1287,5866,6343,4576,4346,3667,5647,2053,1316,4929"
4274,4274,"4101,5657,2910,3086,6812,5482,1331,4006,4929,3491"
4289,4289,"1376,167,2013,7145,1234,2058,5158,449,4113,6781"
4295,4295,"7303,5386,4464,6442,2343,5615,2313,61,5210,2180"
4300,4300,"4722,2006,6884,92,5487,5091,4080,4679,471,3889"
4334,4334,"1398,1556,3205,7438,6244,4083,5761,64,4205,2731"
4361,4361,"6560,7194,7221,3805,1424,6771,3856,6978,7359,2423"
4377,4377,"7194,5836,7410,4094,2899,4688,1041,6522,760,2961"
4412,4412,"64,5386,4681,4083,1398,6796,3117,5085,6757,7590"
4415,4415,"7446,3447,5274,4077,1893,4309,5346,5676,6456,6029"
4424,4424,"7461,3360,6381,4586,4579,7550,6578,2196,90,4124"
4425,4425,"7590,1938,4982,6901,6565,1822,4178,560,7208,2537"
4430,4430,"214,6971,2537,5085,5210,5636,5467,6794,4309,2180"
4433,4433,"3533,162,1398,829,1755,4927,6876,64,6562,5761"
4436,4436,"7477,3396,6982,878,2861,1387,788,2327,2981,766"
4458,4458,"1398,64,2731,7438,5386,3697,2037,6244,3533,1955"
4461,4461,"1398,6244,1755,64,3247,2528,4083,61,3697,2037"
4488,4488,"1955,5411,829,1398,64,2199,967,3146,3533,6876"
4497,4497,"7550,4124,4255,4706,6381,4055,7461,1980,4176,4113"
4498,4498,"7558,1398,6519,4083,6456,2731,2987,4125,7438,5177"
4504,4504,"6244,4083,64,1398,6313,2411,694,1543,6099,2528"
4510,4510,"4917,2343,4413,3331,5210,1273,1637,4423,3529,1893"
4512,4512,"214,1728,2573,1806,6501,7425,5733,5515,5678,1072"
4513,4513,"7550,4176,4124,1146,4753,6640,6778,4055,15,732"
4516,4516,"4413,2882,3529,603,7358,6333,3331,2884,2953,1637"
4526,4526,"3447,4309,2313,3002,5790,5254,3314,285,317,2514"
4528,4528,"10326,9799,8590,13309,9962,8562,7707,10663,8161,8922"
4542,4542,"5226,910,214,6501,5617,6361,5636,1728,3933,5492"
4559,4559,"1728,214,854,4036,1996,7146,2655,1513,1923,7559"
4572,4572,"350,6562,3584,7530,1497,4495,4740,6751,633,4283"
4575,4575,"61,2938,3697,2037,6244,1398,5386,64,2731,4083"
4583,4583,"1905,790,6971,6476,3467,5490,2773,5814,7364,6636"
4602,4602,"64,1398,7558,2343,4083,3533,2952,1727,4917,181"
4608,4608,"2058,1787,180,4826,7463,1424,3494,4341,5158,668"
4609,4609,"4413,5210,2343,3331,6971,3859,7454,467,2537,4106"
4626,4626,"6682,3110,3331,4413,4745,5598,1273,2054,3488,6515"
4642,4642,"4826,2461,668,633,7539,350,3494,4341,5158,408"
4653,4653,"214,1728,1806,1826,2573,7425,4388,5673,5733,1072"
4664,4664,"1728,1996,214,1826,5555,2573,4388,5673,5636,3952"
4665,4665,"4345,2654,408,7539,4208,5562,3300,4283,350,4826"
4672,4672,"1988,6220,1383,5555,3697,3000,64,1926,6520,4021"
4680,4680,"10326,9799,9962,13309,8590,8562,7707,12990,10138,8235"
4705,4705,"1287,2907,4056,5907,3954,6243,5866,4346,3423,1153"
4707,4707,"350,7539,4826,4740,4345,37,4223,4283,77,89"
4711,4711,"2899,6982,1915,7477,3028,3011,2692,7410,3396,1017"
4732,4732,"3584,6751,4002,633,4500,1497,350,4283,5073,4223"
4734,4734,"4615,3931,4814,2977,1094,5253,6251,6117,2457,1744"
4735,4735,"2457,1539,3795,2617,3947,386,6654,6166,4942,6709"
4749,4749,"4255,7461,3360,4586,6212,7550,4124,1699,7553,5021"
4751,4751,"1763,1286,7194,5544,2895,3441,1724,5091,4133,7227"
4762,4762,"789,7345,5027,7071,5177,6270,7021,66,703,2133"
4767,4767,"3808,1539,5797,3338,3562,2907,7468,254,60,6069"
4771,4771,"2058,6032,7221,4170,180,1180,1041,7188,2013,3870"
4773,4773,"947,4176,3781,4722,4814,3931,4615,5493,6485,1904"
4776,4776,"2961,1915,6464,742,3539,2442,5836,4722,4198,5004"
4783,4783,"4722,7194,5087,5091,2277,1234,2265,4279,4094,1286"
4788,4788,"165,7410,5004,6982,2692,2959,5652,1390,3840,1373"
4808,4808,"6492,4199,3543,5548,3000,5086,3542,2993,6812,4101"
4810,4810,"2959,5615,4982,7410,7105,974,4178,388,4310,5762"
4818,4818,"217,2327,6628,4247,6303,3926,860,7430,2287,6040"
4823,4823,"350,666,4341,3280,4826,1052,89,37,1497,4740"
4829,4829,"3533,5386,64,1398,6978,4205,829,2423,3146,7438"
4842,4842,"1763,1456,9799,13309,10663,8590,9962,7707,10326,12990"
4859,4859,"3241,2574,1701,5010,5953,2410,1691,1784,826,7026"
4866,4866,"4345,4809,2654,4826,2013,4901,2461,4208,408,1616"
4881,4881,"5647,1287,7430,6343,4346,217,3984,5090,6837,4985"
4908,4908,"9799,10326,9962,13309,8590,7707,7817,8161,8562,9866"
4910,4910,"5210,5226,6749,3941,6971,467,7590,6794,1637,4117"
4922,4922,"9799,10326,7707,8590,13309,9962,8161,8922,10138,8562"
4942,4942,"539,254,5075,5470,6964,560,4838,3877,1270,779"
4976,4976,"1132,7145,5027,3865,7071,3047,6657,2104,4670,4255"
4993,4993,"6520,3340,2573,4000,4388,3996,3249,6501,1255,7298"
4995,4995,"4255,473,7063,4670,4777,4722,6657,1210,4113,2369"
5020,5020,"6515,7369,4413,3132,6971,6964,3987,2019,4964,4053"
5040,5040,"5210,3467,790,4105,1905,6238,2343,6672,4285,5544"
5048,5048,"5836,6884,4777,3467,2006,6771,4722,2369,3515,473"
5058,5058,"473,5836,3360,4381,1823,841,471,2006,7582,1699"
5067,5067,"4413,5254,3987,2343,5210,1273,3331,4917,6682,4745"
5087,5087,"4413,4917,3770,4745,4651,5210,3681,7462,3529,2882"
5090,5090,"9799,10326,8590,9962,8562,13309,12990,8235,7707,8161"
5102,5102,"3491,6302,6311,3870,1776,6041,1180,3077,1025,2612"
5103,5103,"5761,162,2384,3303,1755,516,7530,5032,4927,3004"
5105,5105,"1823,6282,841,6925,1517,4528,6829,3879,6019,7410"
5108,5108,"5761,4083,3192,2340,162,1755,1398,1556,2987,3303"
5119,5119,"3467,2693,92,7194,1905,3150,2006,6771,4688,1413"
5120,5120,"7550,789,4176,525,4124,7021,4055,4169,2014,7153"
5124,5124,"970,4685,6160,1851,5411,4645,3584,967,57,5020"
5132,5132,"910,1189,1162,1683,6303,3369,3565,6288,646,7561"
5138,5138,"6432,2989,254,6117,4107,518,217,4550,340,6515"
5144,5144,"6515,3055,4964,6964,705,779,790,5470,6971,4413"
5159,5159,"2981,766,1650,7053,2954,5621,1752,6145,3926,1978"
5167,5167,"2037,1398,4205,6244,4083,64,4021,3454,3247,1955"
5175,5175,"3467,6884,7194,92,5091,4722,2795,6771,5836,5213"
5176,5176,"5636,5226,5085,3117,214,6361,2537,3859,4388,7425"
5185,5185,"910,1162,1683,765,914,5226,3369,4923,4388,4101"
5189,5189,"7063,2107,4722,6168,2369,4060,4632,5493,2939,4996"
5191,5191,"2343,5210,4917,1637,4413,7364,2437,1905,252,467"
5206,5206,"6117,38,386,2303,1376,6781,7145,6509,3795,514"
5213,5213,"3954,4929,1287,4056,3423,3667,4387,6343,5866,6243"
5224,5224,"2895,6790,7224,1914,4279,2265,7194,6561,1,1234"
5226,5226,"350,7539,4826,2013,4740,37,408,4283,1023,77"
5241,5241,"4310,6755,6757,3198,613,3941,2809,1602,6749,2959"
5264,5264,"2475,7499,6950,700,1880,2907,4837,4545,3808,869"
5268,5268,"9799,10326,13309,8590,9962,7707,8562,8161,11024,12990"
5270,5270,"4345,4809,4826,2654,2461,1023,408,4208,7539,2240"
5287,5287,"4117,2959,5226,7590,6796,5492,7469,3933,910,88"
5314,5314,"6982,5004,2692,828,7410,7477,6420,5998,1615,2542"
5318,5318,"6343,2426,714,1287,4929,448,2761,5953,609,5647"
5326,5326,"4202,1750,5411,1383,4685,4021,1661,2963,4302,5507"
5336,5336,"5425,7499,3423,4193,700,3000,7315,2907,2475,10326"
5343,5343,"7477,1017,6982,2981,3396,3028,2692,2899,5004,766"
5347,5347,"2692,5004,6982,7410,7477,2961,6522,3539,2899,760"
5354,5354,"7221,6995,1424,2058,5787,1079,4396,6805,4170,5560"
5356,5356,"2938,2731,6442,3697,61,1398,2037,7438,3086,3205"
5367,5367,"6560,3805,589,829,6978,2199,4531,4880,4411,1586"
5373,5373,"4982,7303,2813,1822,6565,4178,5226,4117,5210,3941"
5385,5385,"4685,1398,5761,967,6244,1661,4645,2411,5411,1955"
5458,5458,"1728,4066,1943,5075,254,854,4101,1456,2401,3578"
5463,5463,"4413,3987,4106,3331,6682,1273,3110,3529,310,4210"
5471,5471,"4722,7194,5087,2277,220,2265,4777,5091,1234,5487"
5476,5476,"4413,4309,3447,3331,64,1398,7399,4917,153,7180"
5484,5484,"910,5226,7194,6971,7144,5617,4530,5590,7364,6732"
5508,5508,"1287,4929,5425,4664,3954,2020,700,3423,2907,7499"
5513,5513,"5135,5943,5672,5615,3946,798,6240,5876,1538,2470"
5520,5520,"6751,7530,4345,350,633,408,3303,4685,4002,4283"
5524,5524,"6117,1744,386,1701,4224,1316,4284,211,448,6251"
5539,5539,"1273,4917,3296,3447,4557,2313,4309,7303,3533,3982"
5554,5554,"1539,3808,2457,7468,6453,5797,448,5253,4885,4015"
5564,5564,"7558,2437,6451,3012,4125,5801,6412,3529,134,1747"
5595,5595,"4255,7461,4124,7550,4679,7582,2700,6640,4586,1061"
5601,5601,"3750,1255,3672,6866,5555,716,1996,560,1273,3842"
5602,5602,"1017,6829,1254,974,3520,453,6107,6019,389,6617"
5618,5618,"3954,1287,869,700,3423,3124,4545,4056,2907,7499"
5643,5643,"1255,1728,5085,4309,854,4791,1826,5636,3672,3842"
5644,5644,"6411,4550,688,3132,1287,217,2401,112,4101,3335"
5651,5651,"5085,4982,7590,5226,6565,3117,4785,6053,4388,5636"
5655,5655,"7499,6643,2137,73,4844,3355,6812,2516,4647,7019"
5658,5658,"7221,1424,6560,1815,1052,417,4223,2149,6186,6910"
5660,5660,"1398,1755,64,2987,4083,3533,5761,162,6876,516"
5662,5662,"1287,4576,4236,1650,2740,7474,4929,4346,1050,217"
5670,5670,"3667,5866,2287,1130,3926,7053,5621,6460,6300,5907"
5676,5676,"6311,3584,967,3858,5148,1347,1815,4283,417,350"
5680,5680,"7550,6640,4124,789,4055,525,2014,2882,732,3529"
5698,5698,"4413,4562,3447,3987,4309,4917,5254,1273,1826,827"
5710,5710,"345,2542,2265,742,766,2981,1041,6326,5719,1915"
5723,5723,"2020,5425,3000,4545,190,3124,3808,700,7499,6950"
5742,5742,"4124,5485,4679,2700,7550,7461,4255,7582,6640,1021"
5748,5748,"2410,3947,2977,6657,5556,5580,1171,2391,1823,841"
5750,5750,"5210,5615,7512,1538,3941,2313,1091,5033,7303,4117"
5787,5787,"4083,1398,64,3533,6244,2987,5761,1755,3982,2411"
5798,5798,"7194,4688,2773,4940,1965,5666,4925,3703,3807,3418"
5799,5799,"4345,3573,10326,9799,4531,8562,13309,8590,8161,9580"
5815,5815,"214,2937,1072,1728,5515,1162,5573,2789,4621,5085"
5822,5822,"6343,5647,1539,1287,4056,4015,826,3808,5953,2410"
5834,5834,"7459,5621,2667,1752,5907,878,860,7053,2620,5755"
5846,5846,"9799,10326,8590,7194,13309,9962,7707,8562,10138,9580"
5858,5858,"3338,4652,3149,7521,4056,3423,1357,6138,5253,3808"
5882,5882,"1029,633,408,4002,4645,5781,666,350,4341,6751"
5892,5892,"4741,2423,61,1755,6377,7243,162,7336,1359,3321"
5897,5897,"10326,9799,9962,13309,8590,7707,10138,8235,11024,8562"
5898,5898,"7221,7194,1424,3807,220,2058,4688,1234,3856,4925"
5902,5902,"345,742,2265,5866,2981,6460,7053,860,766,1041"
5919,5919,"3529,6787,4798,4423,7369,6371,6079,7558,4413,4124"
5934,5934,"1637,5210,2343,467,2537,3331,6682,1273,4917,457"
5946,5946,"5210,790,3467,2343,6971,5544,1905,6672,7364,4285"
5965,5965,"7194,3467,5544,5836,92,5487,6884,6771,1286,4722"
5995,5995,"5210,2343,1637,6971,467,252,7364,6794,5042,4651"
6005,6005,"2343,5210,6971,5254,467,2537,6866,4917,3148,7303"
6006,6006,"6166,190,6997,3808,5184,4980,1357,3514,4084,6397"
6013,6013,"4345,6925,5433,4901,5291,1287,2580,7584,4809,4929"
6016,6016,"10326,9799,8590,10138,8161,7707,9942,11282,8235,9962"
6023,6023,"4929,6343,5647,4839,7430,1287,448,2426,714,6138"
6052,6052,"7558,1398,64,6562,4083,6099,6456,3533,4917,871"
6056,6056,"2916,5075,2989,254,4550,4576,3542,4199,1943,5548"
6059,6059,"4345,4809,408,3494,4826,350,4283,5020,1772,1497"
6064,6064,"4562,3842,3447,1255,4669,6964,7446,1270,3055,696"
6091,6091,"5386,2731,2938,7438,1398,6835,6442,4681,2423,3697"
6112,6112,"3499,3808,1287,6243,7499,3338,928,4056,1539,2907"
6133,6133,"3728,5004,659,5136,6696,3539,2961,1272,7410,31"
6150,6150,"7221,4137,6560,4719,6311,4223,383,417,3695,5277"
6155,6155,"4083,3447,4309,5555,4036,1996,214,854,1513,3842"
6157,6157,"4982,1938,6565,6757,1822,4464,7208,2537,1430,2813"
6212,6212,"5545,7603,5913,2831,6046,4974,4505,3535,3799,6899"
6218,6218,"646,896,2944,6656,1189,903,1683,75,860,7211"
6242,6242,"518,4176,4169,340,4237,947,15,789,6117,6485"
6243,6243,"7221,2058,6560,3573,1424,7194,2013,4531,2899,1134"
6260,6260,"5549,186,910,2519,5344,1189,4178,5085,6326,5226"
6262,6262,"220,4176,1234,4279,4722,2895,6485,5213,90,6787"
6278,6278,"3533,64,3982,5386,1398,4681,4083,2897,1727,2079"
6280,6280,"5836,6884,6771,6107,4688,7194,3856,3807,2009,1598"
6287,6287,"4388,5636,2537,214,3859,2275,4309,1728,1996,6305"
6305,6305,"2423,7336,2938,5727,1361,61,5386,1338,5697,3982"
6320,6320,"345,2895,6842,4979,2265,7227,520,4722,1286,1763"
6339,6339,"6373,3728,4103,5735,1305,6479,2844,4190,6268,7289"
6360,6360,"4917,1273,4423,2343,4413,1727,4557,5254,3741,3488"
6370,6370,"5471,1633,5011,693,3241,852,4028,7265,5958,557"
6376,6376,"1728,4773,3952,3408,854,1826,214,2427,1711,1729"
6378,6378,"714,728,3795,2705,2457,3507,6343,6951,4224,5647"
6379,6379,"9799,10326,9962,7707,13309,10138,8161,7817,11282,8562"
6398,6398,"3447,4309,4917,5254,1273,4562,7399,6957,4125,1893"
6422,6422,"4917,1273,3331,5254,4562,3447,4413,3842,4309,7558"
6424,6424,"1915,6326,3539,4094,6843,5004,742,1593,2039,2692"
6436,6436,"6091,31,6723,4115,5368,217,1050,4058,4576,7324"
6454,6454,"5866,1153,1287,4576,4387,3667,5995,5647,6590,2916"
6464,6464,"1755,6244,7530,4205,3303,5761,6659,1556,1955,1398"
6479,6479,"2037,3086,1398,4205,3382,1955,3697,5175,2731,4202"
6485,6485,"10326,9962,9668,8235,9799,11282,8161,10138,8590,13309"
6488,6488,"1273,4917,3331,3447,5254,4557,4309,1727,4423,2313"
6490,6490,"1398,64,3533,7438,5386,4083,2037,6499,4205,61"
6498,6498,"4950,1422,3065,827,4562,3447,4822,6997,4083,5555"
6533,6533,"6883,696,4077,254,4550,4867,4625,3909,3335,3288"
6577,6577,"4178,2959,2519,6302,3238,910,5226,1299,7590,2951"
6579,6579,"1728,214,6501,2573,5733,1826,6288,5515,854,1456"
6583,6583,"5226,6565,5210,4178,910,7590,7303,3750,6732,5492"
6597,6597,"7120,2140,4722,2809,5025,4777,4094,5091,3709,4046"
6599,6599,"6032,473,4688,3807,4777,7221,3856,2058,1041,1889"
6607,6607,"4503,3000,5765,6643,2630,1750,1183,6583,7009,4003"
6613,6613,"1747,468,4055,3467,789,4722,1606,5544,4105,6471"
6622,6622,"4345,7530,6751,3584,4223,1497,408,4283,6311,1772"
6637,6637,"4917,4413,1273,3331,3488,7558,64,3447,4423,1893"
6644,6644,"668,180,2281,7404,3494,3157,4660,2419,7087,4826"
6651,6651,"5636,1826,2537,1728,6866,1996,5085,7590,5733,3987"
6674,6674,"6212,350,37,7539,4740,2506,89,2013,2807,5026"
6683,6683,"1130,742,6326,2981,7227,75,766,800,520,345"
6686,6686,"2903,4970,4851,582,2213,6206,361,4766,1388,6942"
6707,6707,"7477,878,3396,6982,5907,1387,2667,5755,7229,810"
6724,6724,"7208,165,2044,3194,1822,6107,2813,4178,1254,3448"
6729,6729,"4545,6950,996,1539,2710,150,3808,869,5464,513"
6739,6739,"3565,1683,910,6656,1189,5231,7557,646,1162,3369"
6756,6756,"5226,3941,5210,4117,6971,3999,6794,467,910,2343"
6764,6764,"5836,7194,3467,4094,5249,4688,6771,6884,4925,5268"
6768,6768,"6220,2275,6305,2630,6313,6244,1398,3421,7252,4021"
6787,6787,"3224,3157,3659,2516,880,4345,3494,6160,4809,6211"
6808,6808,"7369,2465,3146,6562,5411,4277,6892,3168,2199,6876"
6811,6811,"4255,4113,2391,6657,6212,300,4670,4270,1699,6509"
6812,6812,"3055,3455,5027,4169,839,3017,7558,5185,1905,4413"
6831,6831,"5433,4345,4809,6311,1851,3494,612,4283,2149,1052"
6833,6833,"4413,2038,4107,6964,1255,3175,3055,6515,4129,2815"
6840,6840,"4413,4176,7232,1995,1747,5361,7550,839,4106,4169"
6842,6842,"4315,5028,4929,3954,869,1287,4545,700,1058,150"
6855,6855,"4178,5085,1493,5226,6565,99,4388,3117,214,5467"
6869,6869,"4413,4917,2343,3331,1273,5254,5210,4423,1637,3529"
6874,6874,"4508,5499,538,6434,75,910,1914,6628,6790,6326"
6879,6879,"1398,3533,64,4917,4423,7558,1273,3247,4083,1893"
6885,6885,"9799,10326,9962,13309,7707,8590,10138,8562,7817,8235"
6886,6886,"4929,7087,3157,6950,666,953,1539,1851,2314,292"
6902,6902,"6771,3467,6032,3856,7194,2234,5836,6560,3807,7221"
6908,6908,"1398,3086,6305,7438,2037,4083,2731,6244,2275,64"
6911,6911,"4345,3698,2013,7539,2654,612,4220,4809,4826,1772"
6912,6912,"4651,5210,4210,4117,3770,467,6971,3681,705,4917"
6919,6919,"4270,3947,2133,2391,1228,3701,5706,3990,3980,127"
6926,6926,"4199,5959,1456,5548,2327,5202,3569,1287,4550,3543"
6934,6934,"2234,7359,6560,6805,2654,6032,4183,7539,2013,7221"
6935,6935,"6187,4929,2427,4101,2916,5086,2554,797,7254,3921"
6939,6939,"4056,1287,4346,3423,3954,7433,394,6243,262,6950"
7000,7000,"1287,3954,4929,3423,2907,700,6950,4660,5425,4545"
7003,7003,"6107,6829,6019,389,4220,1254,6925,974,1344,1517"
7005,7005,"4591,7072,6887,790,2079,5727,3206,5371,342,1586"
7042,7042,"4169,6120,3055,4798,4777,5105,1426,3529,2795,4055"
7045,7045,"6771,7194,3467,6805,4688,5836,3856,6142,4925,3807"
7047,7047,"6982,7410,453,3028,828,7342,2899,1017,2692,5004"
7053,7053,"7197,4170,1234,4452,5018,220,2415,1889,4127,6842"
7063,7063,"789,1747,6270,3874,2238,5801,4746,7558,7345,1875"
7067,7067,"5515,3369,6501,5444,1162,5678,5733,7425,1728,6656"
7071,7071,"5386,1398,3533,5761,829,7438,1338,64,2423,6499"
7078,7078,"5386,7438,2037,4681,1398,2731,4388,64,6136,3086"
7109,7109,"1728,6520,3952,2427,3996,4000,4913,4101,214,854"
7118,7118,"3941,7303,5210,4449,2343,6142,2180,2773,7072,285"
7129,7129,"10326,9799,13309,9962,8590,10336,7707,11024,9942,8161"
7133,7133,"6160,4277,1023,6892,7076,276,1497,5180,6751,3214"
7139,7139,"1287,3954,4660,4929,3423,6950,7315,869,2667,3666"
7142,7142,"860,3152,6628,75,5120,5967,5354,4508,2265,6082"
7146,7146,"2528,1955,1398,64,6244,61,3697,5411,5386,967"
7172,7172,"1772,1052,1023,350,4826,4283,7404,37,4740,7539"
7181,7181,"6343,1539,3808,2457,448,4015,4885,5647,5737,7468"
7195,7195,"2327,3577,5907,2861,1580,7134,878,3827,1963,2548"
7197,7197,"3055,3017,790,6636,4669,5105,6971,2497,3259,5479"
7203,7203,"1273,3488,4562,3331,3842,7369,5446,4423,1893,100"
7223,7223,"4170,7194,4183,3621,1598,7234,3856,2234,2013,2058"
7235,7235,"3011,7477,6522,5212,3396,2412,760,2692,487,1391"
7236,7236,"5210,2537,6971,6794,4449,2343,467,7303,2180,1637"
7237,7237,"974,6829,165,6982,4741,6107,936,7159,7410,5310"
7255,7255,"4413,5254,4917,4423,153,4125,1905,3447,317,1893"
7297,7297,"3941,2343,5210,467,4449,1216,613,3633,7303,4594"
7320,7320,"217,2208,4451,572,5161,5966,6205,6272,4215,7571"
7323,7323,"220,2426,1234,609,4133,1286,6117,5025,3411,4798"
7326,7326,"5615,6757,1938,4251,515,7105,7512,3296,4464,99"
7343,7343,"3369,1456,6288,1728,7178,5573,6693,1683,5515,2573"
7363,7363,"953,6950,1058,4367,1539,3808,2020,4837,150,880"
7364,7364,"1539,3338,1287,3808,6343,6243,7468,4056,4387,448"
7366,7366,"3543,6520,2573,2993,3340,1141,5425,6329,7315,3542"
7372,7372,"6982,828,3396,7023,6829,974,1387,7477,7410,6855"
7399,7399,"5866,2327,1153,3577,2916,4387,5270,1420,5907,4346"
7402,7402,"4722,1286,220,4133,5091,6884,4777,2277,5087,1234"
7406,7406,"1273,3447,3842,4309,1826,1728,4562,854,5555,1255"
7421,7421,"1398,4083,1988,2731,2938,2411,3697,6313,6517,7438"
7425,7425,"947,6343,714,2426,420,345,4176,3667,2335,4060"
7431,7431,"10326,9799,8590,13309,10138,9962,7707,8161,8922,8235"
7447,7447,"2654,6751,6560,3762,6829,6282,7359,7539,974,4220"
7451,7451,"869,2142,3954,4545,1287,5819,4056,4660,2624,7315"
7453,7453,"4107,2038,6515,2882,732,3331,7358,6079,1747,4413"
7456,7456,"4917,1149,1747,7558,5177,789,6471,4125,4413,5021"
7484,7484,"7558,4423,3509,3488,4679,753,7550,4124,4917,3529"
7486,7486,"3467,5836,7194,6884,468,5544,5487,92,6771,5210"
7505,7505,"910,538,5226,3092,3464,4342,6971,6732,5482,5617"
7529,7529,"2895,5544,1763,3259,5105,3090,75,5930,790,2265"
7532,7532,"4413,4651,4423,4210,4117,2882,3681,3529,6682,5210"
7548,7548,"880,3157,4929,7499,3485,6950,4837,2454,73,2020"
7550,7550,"10326,9799,8590,8562,13309,10138,6829,9580,8161,7707"
7557,7557,"4929,1287,7053,6343,4660,5907,2287,7315,3926,2667"
7574,7574,"7089,4338,5184,3499,4773,4583,2319,708,901,5913"
7586,7586,"1728,1826,1729,4630,6520,3952,854,4109,3578,3672"
7592,7592,"7194,2118,5836,2919,5777,4688,6771,5720,3415,6107"
7594,7594,"5913,190,3499,2916,6520,6329,4583,1141,2573,3952"
7600,7600,"3423,7499,7521,1287,4056,1243,3640,3984,5464,6539"
7601,7601,"1539,3808,1287,6950,3423,700,2907,869,7499,996"
7642,7642,"2659,970,4274,3157,5507,2970,1851,4582,5935,4685"
7647,7647,"2313,64,1398,3533,3447,2537,4917,5386,4557,7438"
7650,7650,"7194,1234,220,3807,4688,4925,5268,4094,5836,2265"
7660,7660,"3952,854,2427,190,3996,4036,1728,1422,6187,7186"
7682,7682,"6982,7410,2899,6829,828,165,974,2692,2770,2118"
7712,7712,"10326,9799,9962,13309,8590,7707,8922,9942,12990,8562"
7728,7728,"473,4777,4679,4080,6834,2369,2006,4632,4722,7063"
7763,7763,"6326,4156,1915,3539,2692,5004,2265,3442,4094,7386"
7764,7764,"3422,7303,515,2313,6749,2079,7590,6901,4117,2537"
7765,7765,"4345,5433,4809,4283,350,1851,4208,3494,633,6160"
7768,7768,"6829,974,7410,2770,1748,1254,6282,1367,4310,6624"
7776,7776,"1287,7315,3954,2907,869,7499,3423,4660,2865,5270"
7834,7834,"10326,9962,13309,9799,8590,7707,10336,8235,11024,8562"
7850,7850,"6135,788,2861,5866,2548,717,3577,4623,3465,6145"
7860,7860,"6501,3987,2195,3996,7254,1729,4000,3249,4036,854"
7879,7879,"389,6107,1254,1367,1066,6019,7064,2023,6829,6925"
7892,7892,"4982,1938,4407,2600,7310,4178,2697,3619,914,1828"
7895,7895,"4176,7550,789,6485,6112,4746,525,4124,4169,7153"
7901,7901,"6243,1287,3808,4929,4056,1539,6950,4387,2579,5907"
7922,7922,"10326,9799,9962,8590,13309,7707,9942,8421,8235,8161"
7927,7927,"790,6971,1905,3055,6476,1987,5210,6672,1255,5105"
7931,7931,"6842,5836,4722,4777,2369,345,7227,2265,1041,6534"
7938,7938,"4413,1893,3987,4917,6491,3331,1273,381,3681,1987"
7942,7942,"6560,2654,2013,1772,1361,7221,1338,7359,7539,417"
7964,7964,"3509,1273,3488,4413,7558,4423,4917,3529,3447,3331"
7982,7982,"947,4060,167,4722,420,3781,4638,90,2591,3359"
7988,7988,"350,77,2013,37,2506,684,2836,5026,2807,2687"
7992,7992,"9799,10326,13309,8590,9962,10663,7707,10138,10336,8235"
8005,8005,"1426,1210,2140,3785,1244,4113,4722,7471,4777,1606"
8019,8019,"2013,4183,2654,3762,1318,7539,841,4692,2234,4826"
8026,8026,"5226,3117,5617,5085,7590,5492,4178,910,5210,467"
8028,8028,"5075,3562,696,254,2989,142,5314,7468,6432,4108"
8085,8085,"6117,4176,638,518,5197,4746,789,340,386,525"
8103,8103,"64,2037,1398,3247,3533,5386,2528,61,2731,6244"
8108,8108,"6982,7410,3998,7342,453,1254,1017,6829,6107,828"
8137,8137,"2731,1398,6442,7438,64,4309,4818,4083,3086,1988"
8138,8138,"167,2058,1234,4113,2013,3889,1376,7027,618,6657"
8139,8139,"2140,1318,529,5478,5580,2210,2337,3931,4737,1244"
8148,8148,"2887,5135,5825,5828,36,4694,5177,50,46,6526"
8150,8150,"1905,7364,6971,5210,790,3467,705,2795,4413,252"
8160,8160,"1398,3697,7438,6244,64,2731,61,2938,5386,4083"
8175,8175,"6562,64,3533,1586,1398,829,6876,3925,5275,4054"
8191,8191,"3055,3132,4879,5756,2895,3017,2019,637,3667,1763"
8198,8198,"6982,7410,6829,974,828,1017,3396,2899,7477,1090"
8202,8202,"1398,4083,2275,4309,6305,64,7438,827,1826,3533"
8233,8233,"350,37,408,633,2836,4740,7539,4283,3828,4002"
8251,8251,"9799,10326,10663,9962,8590,13309,8562,12497,10607,12990"
8252,8252,"827,854,6313,1398,4083,5696,3065,4309,3842,1255"
8265,8265,"4176,4722,6485,4169,4814,6381,3656,4055,90,947"
8267,8267,"7438,5386,1398,2731,3086,5727,2037,2423,3982,5175"
8268,8268,"350,37,4740,3828,89,2836,77,4495,5577,7539"
8294,8294,"5386,64,1398,6244,61,4083,3533,3247,2731,6313"
8299,8299,"2013,77,684,2506,37,350,2272,2058,5026,5158"
8302,8302,"700,2907,4660,7315,1287,3543,5425,869,3423,4056"
8303,8303,"2916,398,4867,105,3335,5075,6504,6353,3542,2907"
8323,8323,"1701,4139,5197,4451,3241,5953,4284,2574,2466,4891"
8327,8327,"6982,6322,974,6829,4737,1017,828,3998,4336,453"
8331,8331,"2343,2313,3296,4917,6757,4449,811,5615,5210,7303"
8332,8332,"457,4322,4413,1273,2537,3331,2054,6682,7369,583"
8334,8334,"6771,5836,3856,4105,3467,6032,6142,2234,4688,3807"
8337,8337,"6244,1398,4083,64,3247,6313,4645,4205,883,694"
8341,8341,"4388,3340,3578,3086,5175,6313,135,1398,2910,3382"
8361,8361,"1398,2731,4681,64,2037,7438,3533,3086,5386,6305"
8369,8369,"1539,1287,3808,5737,3423,6950,4056,700,4393,448"
8378,8378,"788,6135,766,2981,6420,2260,7477,2542,2071,3227"
8407,8407,"3954,1287,869,6950,4660,7315,6011,700,4837,2907"
8419,8419,"1728,214,854,4773,6501,4036,3408,2554,2241,1826"
8424,8424,"2199,2149,1700,3922,5411,3697,3805,2897,5386,4685"
8425,8425,"207,118,5506,4679,4917,5485,6640,2530,1117,2343"
8438,8438,"1988,1398,4083,4111,64,6220,6456,2731,1956,2987"
8447,8447,"4124,3467,7550,4055,4722,5487,6884,1980,4169,5213"
8458,8458,"6243,5866,5464,3285,4737,5977,4367,6708,3370,6447"
8463,8463,"6971,5210,7303,6794,7364,3941,7245,467,5254,7072"
8471,8471,"4310,5303,2813,6755,613,4651,3198,6757,2700,4764"
8472,8472,"3041,6656,5896,2327,5231,1189,7573,7433,4346,5959"
8477,8477,"10326,9962,7707,8590,8922,12990,9799,5678,10336,8235"
8478,8478,"7499,2020,6950,3000,1539,3808,2516,1058,4837,880"
8483,8483,"9799,10326,8590,7707,9962,13309,8161,11282,10138,9668"
8496,8496,"5433,6311,4345,6751,4685,4809,3491,5148,5507,6560"
8497,8497,"6751,2654,7539,4826,1023,350,1716,2013,1772,1204"
8501,8501,"6884,2795,4722,4055,705,3467,5091,7550,1286,5210"
8506,8506,"1905,5210,7364,2343,6971,790,3467,467,7363,1952"
8520,8520,"7499,2142,996,7315,1880,3423,5425,4545,700,6950"
8524,8524,"3331,4413,1273,4917,1727,2537,1967,2054,2294,4423"
8531,8531,"1398,2037,64,3533,4681,2275,2731,7438,6305,4083"
8556,8556,"910,1189,5354,6656,7477,6164,4963,534,587,2692"
8579,8579,"214,1728,6501,5226,5733,7349,2573,7425,1806,7457"
8585,8585,"5210,818,5254,6971,2180,790,7364,1905,2859,3148"
8591,8591,"217,262,3827,3886,6656,4346,7433,646,392,3081"
8592,8592,"4441,2795,2882,6381,4124,6787,7550,7461,2700,603"
8596,8596,"6211,2910,4345,1597,5718,2516,953,6315,5765,6311"
8598,8598,"217,2989,5866,110,4924,6432,5075,4603,4550,7430"
8608,8608,"2426,6343,4929,714,5647,3667,2895,2335,5866,75"
8610,8610,"350,2013,3828,37,89,4826,77,1772,6089,5577"
8617,8617,"2895,1286,6884,7194,5487,5105,4722,2277,4133,4979"
8621,8621,"5386,6978,2037,2423,829,4205,4741,3146,6387,4982"
8629,8629,"6211,4345,6311,953,6315,3491,2142,1851,3224,3000"
8649,8649,"3987,4413,6361,3220,4106,4210,6501,381,2884,3369"
8652,8652,"64,1398,3533,4083,5386,61,6244,3447,2537,7438"
8714,8714,"10326,9799,9962,13309,8590,7707,10336,7817,11024,8562"
8718,8718,"9799,10326,13309,9962,7707,8590,10336,7817,8562,8161"
8733,8733,"4066,4550,4101,5086,1287,2916,6656,1943,6492,2401"
8734,8734,"3533,64,4917,3982,7303,2343,3447,4557,1398,61"
8754,8754,"5386,4681,3697,6136,2731,4982,4205,1938,1008,3086"
8771,8771,"2142,5907,2327,878,3499,2861,7315,1916,4614,4806"
8791,8791,"6656,5231,1162,5515,4066,1247,6994,4053,5896,1683"
8794,8794,"4345,5433,6311,4809,1815,417,2654,3584,4223,4283"
8797,8797,"1851,4582,1619,6160,4345,3494,4711,666,3645,1301"
8804,8804,"4345,4220,4809,2654,3494,3204,5433,612,1619,1052"
8809,8809,"6244,3000,3247,7252,1398,2275,2037,6313,4460,4021"
8823,8823,"7194,1041,5836,4094,6506,3807,4688,4925,3856,2265"
8833,8833,"1915,742,7477,2981,6982,3396,2961,6522,860,7138"
8835,8835,"5866,5907,1153,1287,2327,4387,5270,4929,4056,2861"
8840,8840,"4722,5091,471,6381,7351,1286,4133,4176,6884,2277"
8842,8842,"5866,7088,2817,3667,2620,3227,7053,1684,4567,345"
8860,8860,"4679,2197,300,6657,473,2588,4670,789,7071,525"
8866,8866,"9799,10326,9962,7707,8590,8161,13309,8562,10138,12990"
8877,8877,"190,7499,6812,5913,3000,2137,4460,5425,6643,2131"
8887,8887,"9962,10326,13309,7707,8590,9799,8421,10336,12990,11024"
8895,8895,"3494,4345,4582,6160,4809,1851,5020,2179,4853,1619"
8907,8907,"3447,4309,4562,4877,5636,1826,4413,1273,1255,3331"
8921,8921,"4139,5197,1701,3990,1124,1744,4615,2574,6205,4017"
8928,8928,"2981,6422,1318,878,1823,7053,2854,788,640,4875"
8936,8936,"4917,3331,2343,4423,4413,1273,1727,5254,5210,7558"
8965,8965,"4917,2343,4125,4423,5254,4413,1727,7558,5210,1273"
8971,8971,"453,6982,4528,1258,1017,7342,828,2692,5004,7023"
9000,9000,"7315,7499,4660,3659,5718,1474,126,953,2516,1832"
9023,9023,"1398,6220,2275,64,3697,6305,4634,1422,3118,2731"
9025,9025,"4722,5487,4777,2277,5087,1286,1165,6842,220,2895"
9031,9031,"10326,9799,13309,8590,9962,8161,13296,7707,9580,8562"
9045,9045,"3808,1539,953,3013,6502,2457,7499,6166,5253,4393"
9053,9053,"2279,974,4345,2654,6829,2013,6617,4741,1017,5277"
9054,9054,"2537,1273,64,3447,7399,4309,4917,3533,5555,1398"
9060,9060,"7343,6282,453,2023,3373,6479,2044,1823,570,7569"
9063,9063,"1398,64,3533,2731,7438,6244,4083,2037,4681,2528"
9071,9071,"854,4773,5075,3408,2554,2241,254,696,7254,1728"
9078,9078,"560,910,6971,7364,6538,4413,3137,7454,4745,4117"
9101,9101,"190,2427,4000,6329,2573,398,6520,3552,5673,3952"
9108,9108,"5254,4125,7558,1273,4917,64,1727,4557,2343,3247"
9110,9110,"4722,4176,947,1286,4133,2277,5087,2895,5091,345"
9114,9114,"1287,1539,3808,2907,700,5797,6950,3423,6243,4056"
9144,9144,"2391,789,525,6212,300,7153,102,7553,1772,4670"
9172,9172,"3447,4877,4309,4917,1893,1273,3002,1826,5636,7425"
9185,9185,"10326,9799,9962,8590,10138,7707,13309,11431,11282,7817"
9190,9190,"4722,5091,471,6381,6884,220,2277,4133,5087,90"
9193,9193,"9799,10326,9962,13309,8590,7707,10138,11282,10336,8161"
9198,9198,"217,1978,4924,7232,2895,5694,3667,354,5794,2208"
9200,9200,"1287,3954,4660,4056,4929,3423,700,4013,463,869"
9201,9201,"2058,5158,4901,1424,2281,2419,3494,1753,1182,3006"
9204,9204,"6520,2993,1806,3340,4000,2573,6459,6501,2857,4066"
9215,9215,"4388,7590,3750,6866,5085,1938,99,3859,214,3117"
9222,9222,"6117,4237,340,6251,518,1094,386,6611,7068,4615"
9233,9233,"4982,7208,1822,6757,1938,7590,4251,613,2343,4651"
9235,9235,"1701,5953,2574,3241,609,1502,4284,1053,1784,4451"
9245,9245,"5135,5943,4243,5672,4835,3609,5831,3793,1442,7512"
9275,9275,"10326,9799,8590,9962,7707,13309,10138,8562,9942,9668"
9308,9308,"4178,2959,4117,5226,3550,1790,910,6358,2785,5492"
9323,9323,"742,6326,2265,345,2108,3441,7227,3097,4916,6842"
9329,9329,"3241,1302,4615,1132,4798,2574,964,3615,605,984"
9355,9355,"6079,6787,1905,7364,4423,2953,4413,4055,7358,4798"
9369,9369,"150,6950,4545,4660,4929,5464,953,2255,2454,7315"
9386,9386,"7221,6560,1424,7539,417,817,350,1052,2013,5562"
9388,9388,"6243,4387,4056,1421,4197,5270,4367,6943,1420,7468"
9401,9401,"6560,7359,4345,1772,350,2013,4531,4826,7539,6910"
9418,9418,"3146,6562,5386,64,1755,1955,967,4205,5411,3533"
9433,9433,"4917,4423,3529,4413,3331,1273,7558,1893,3681,4125"
9440,9440,"4917,1273,4413,3331,2343,4423,4557,1727,2313,5254"
9446,9446,"1398,64,3247,6305,3205,2528,4202,3697,2630,4021"
9464,9464,"214,5733,1728,7425,5636,1826,4309,1806,6501,4388"
9477,9477,"1287,7499,4929,6950,3423,4660,7315,2907,3954,996"
9488,9488,"1398,5386,64,2731,3533,7438,2037,3982,6244,2528"
9500,9500,"5231,3369,646,6656,1456,4066,217,1247,6994,6520"
9502,9502,"1938,2037,4296,4741,3086,2910,1299,6161,384,6780"
9507,9507,"7221,4183,1424,7194,6560,7234,3807,4170,2058,3856"
9528,9528,"6925,4930,6019,649,4528,466,449,7365,1624,2831"
9539,9539,"4176,7232,6845,3241,2466,5675,6485,4382,6787,4058"
9566,9566,"5226,910,4117,7590,5210,4178,6732,5768,6796,5646"
9575,9575,"7194,5836,4688,3807,3856,4094,6771,1598,4925,1041"
9583,9583,"7232,4176,2953,907,2019,6485,4413,4169,3220,5361"
9589,9589,"1701,4451,2208,4284,2574,3924,3241,7232,1053,1502"
9591,9591,"4413,3488,3331,1273,3529,4917,1893,4423,732,1995"
9617,9617,"5231,4066,646,1943,1247,7324,1456,3369,217,6994"
9620,9620,"2916,4199,4504,3335,3542,6501,3266,4101,4867,1943"
9622,9622,"4722,6168,3285,5836,345,1041,7063,5091,6057,2862"
9631,9631,"4917,4423,2313,3447,4413,2537,1273,5254,7303,317"
9655,9655,"9799,10326,9962,8590,13309,7707,8161,10607,8562,10138"
9658,9658,"3086,2037,5386,4202,6387,889,1398,7298,5226,4205"
9660,9660,"5071,31,1258,5856,5291,166,1823,1476,659,6282"
9669,9669,"9799,10326,13309,9962,8590,7707,7817,10138,10336,8161"
9672,9672,"790,1905,3055,4413,5105,3017,4169,4917,7364,3681"
9684,9684,"9799,10326,9962,13309,9866,7707,8590,8161,9668,7817"
9702,9702,"789,2014,4169,7550,3467,4055,4722,4679,6640,1747"
9705,9705,"1273,3331,3488,4877,4562,6682,4413,3987,4917,1826"
9722,9722,"6971,790,1905,5210,7364,837,411,3055,6794,7245"
9732,9732,"4917,7558,4423,1893,1149,4413,3447,1273,5177,3331"
9781,9781,"10326,9962,13309,9799,7707,8590,8161,9866,8235,12990"
9803,9803,"6302,3491,5199,2519,6311,5206,1025,3077,6107,6161"
9809,9809,"4056,3954,1287,3423,6243,700,3808,4387,6950,1420"
9814,9814,"603,4012,4798,6787,4322,6371,5264,5214,5605,7251"
9818,9818,"4056,3423,3808,3954,6243,1287,4387,1539,700,1420"
9820,9820,"4826,953,4341,2461,408,1406,3494,2179,7188,1180"
9848,9848,"9799,10326,8590,13309,9962,7707,11024,10138,11282,10336"
9856,9856,"408,7530,1497,6751,4645,633,3060,4345,749,5781"
9869,9869,"4345,4809,350,5433,4208,4283,4826,3300,5119,5562"
9889,9889,"1153,7468,1287,6837,448,254,5253,4056,4550,3575"
9923,9923,"2343,467,207,811,6446,5210,4594,6978,4982,4449"
9929,9929,"7499,3808,5406,5797,1058,2475,1539,6950,3338,5913"
9961,9961,"7438,3697,5386,6442,1299,4388,2731,3086,1398,3117"
9969,9969,"1763,5573,5866,607,147,1456,4199,2916,7178,5515"
9974,9974,"6982,3998,2044,4213,5100,828,6441,7142,1017,7"
9976,9976,"4722,2895,4979,4176,4133,2277,1286,5087,2265,6842"
9989,9989,"1905,5505,6971,7364,6787,790,1637,220,6672,3467"
9993,9993,"350,1310,6562,633,37,6906,2964,364,4002,2836"
10002,10002,"4660,3543,4380,1540,4443,4929,1130,4908,2944,7315"
10011,10011,"214,1728,7425,5733,854,1996,1072,2573,6501,6053"
10016,10016,"6313,6456,3514,6166,1956,1543,4083,4109,4773,5318"
10028,10028,"3247,1398,64,3533,6244,3982,4083,6313,2528,2987"
10029,10029,"10326,9799,13309,9962,7707,10138,8590,8562,8161,7817"
10033,10033,"10326,9799,13309,8590,10607,8922,10663,12497,8421,12990"
10042,10042,"64,2037,6978,6499,3533,2423,3982,1755,5386,61"
10046,10046,"5226,3565,910,7590,5636,5467,5492,4117,5085,1493"
10061,10061,"7499,6950,1539,1058,2020,880,4837,700,953,3808"
10071,10071,"646,6656,896,5231,217,5090,6138,4101,6994,431"
10084,10084,"854,3996,827,1728,4036,3952,3249,1255,7186,2427"
10091,10091,"9799,10326,13309,7707,9962,8590,10138,7817,10336,8161"
10102,10102,"910,5226,3565,4117,4210,3137,4342,4745,3933,5617"
10104,10104,"525,4176,789,15,5706,6781,6270,2564,6657,4113"
10121,10121,"2959,4117,4178,7410,3229,5454,3550,5226,3941,1790"
10131,10131,"6187,3952,5913,854,190,1728,2554,2427,7297,4773"
10134,10134,"5021,5883,1976,7553,5848,789,3990,4255,3701,4615"
10139,10139,"5836,2118,5720,111,2234,7275,4381,5862,613,1041"
10144,10144,"7194,4722,1234,220,4279,2265,5087,2277,5091,2895"
10155,10155,"7499,2142,5464,7315,878,4545,996,4614,5029,2224"
10168,10168,"2981,5291,5438,6814,766,4039,2903,6925,2844,1134"
10178,10178,"1287,7315,7499,4660,1058,2475,2020,5202,6950,5028"
10186,10186,"2343,5210,467,6796,7590,2537,6749,2313,4449,4917"
10190,10190,"2208,386,6117,1316,1701,4451,1768,5647,6343,7468"
10194,10194,"4345,1772,2654,4826,612,1023,7539,4283,350,4809"
10196,10196,"1287,5907,3954,2667,7315,4660,3423,4346,4056,4614"
10215,10215,"3055,7364,6971,1905,790,9799,10326,13309,3017,9962"
10218,10218,"6656,646,5231,3369,4066,1189,4649,4101,6693,7178"
10251,10251,"6562,694,3060,4341,2133,3947,4645,6293,3990,2391"
10252,10252,"5733,5515,560,214,2573,1728,4000,6501,3987,2655"
10262,10262,"4924,416,2208,1578,6091,4056,2954,860,217,826"
10266,10266,"6160,3494,4582,1851,953,4345,2020,6211,292,4837"
10271,10271,"1273,4917,3488,4423,3331,1893,3447,4413,4557,7558"
10277,10277,"1255,7254,854,4562,4036,1826,1273,3842,3996,1270"
10282,10282,"4309,2537,3447,5636,5254,214,4388,6957,5555,2313"
10286,10286,"4345,4809,3494,3204,612,5433,6160,6751,4208,408"
10305,10305,"2327,3370,5866,7029,6243,7134,4346,5907,3926,4056"
10309,10309,"10326,9799,13309,8590,10663,9962,10607,7707,11024,8161"
10335,10335,"350,5020,1619,1851,4345,408,2825,4804,970,2836"
10340,10340,"1747,4413,2882,3529,6412,907,6120,3560,789,3656"
10375,10375,"1017,6019,6107,6177,3998,4528,2663,466,6441,3520"
10388,10388,"1273,7369,3529,5598,3331,3110,3488,4413,4106,3741"
10397,10397,"4117,2959,4178,5226,1790,3550,6815,910,2785,5454"
10402,10402,"1728,214,4309,1826,854,1996,1538,4036,1813,4388"
10407,10407,"3562,5075,142,4773,6166,4155,696,7468,6426,2969"
10408,10408,"6982,3028,1017,1254,2692,2899,7477,6804,7410,5593"
10416,10416,"5507,3753,4685,5411,6311,4640,4274,5787,2659,668"
10448,10448,"1367,6829,388,974,1066,4947,389,3374,2023,6019"
10454,10454,"6520,6812,3996,1139,2573,5711,4066,3552,4000,4010"
10499,10499,"910,6508,6326,4508,6628,6303,6082,1985,6164,5354"
10503,10503,"4722,345,2265,416,2385,6507,4465,4777,2369,758"
10504,10504,"2700,7461,4124,7550,4733,557,5550,4176,2882,4586"
10508,10508,"3447,1273,4917,6957,1091,2313,4309,4557,2537,5254"
10514,10514,"10326,9962,9799,13309,7707,10663,8161,8590,11024,7817"
10526,10526,"1287,5112,5548,4199,6812,7315,3543,658,6492,4929"
10540,10540,"6326,538,910,7518,6420,2167,6843,117,239,165"
10542,10542,"7530,7336,1955,2423,1755,1361,1338,162,429,3858"
10551,10551,"4309,4791,214,3952,1728,5636,3447,854,1826,6796"
10554,10554,"878,5907,2861,2667,4614,5755,4471,1596,2327,4806"
10555,10555,"2343,4449,5210,7303,3941,467,2313,2180,285,6602"
10556,10556,"4413,4917,1273,4745,5254,4423,3331,1893,3987,5210"
10562,10562,"1905,7364,5210,3467,790,6971,6672,252,1952,5105"
10575,10575,"4176,3241,6117,1502,2574,6485,7232,3615,638,1784"
10576,10576,"5953,666,5265,6709,1132,1701,1619,4711,2410,1784"
10582,10582,"5386,5727,3697,5466,6387,2731,2897,1398,1638,7303"
10584,10584,"3808,1539,2457,5797,5737,3562,4393,2020,700,5425"
10606,10606,"2654,4345,2013,1772,7539,6910,350,6829,612,6751"
10611,10611,"7315,3543,6407,7499,2142,6137,2907,5425,2865,996"
10613,10613,"6751,7530,2741,4685,2654,7539,350,5761,4283,2649"
10614,10614,"2343,5210,4413,2437,467,2882,3529,7364,6971,6333"
10623,10623,"64,1398,3533,4681,5386,2731,7438,2343,4083,3697"
10647,10647,"3509,3247,3533,64,4083,1398,7558,2987,3447,461"
10657,10657,"3926,878,3309,3499,7053,5212,3512,2327,5819,3577"
10670,10670,"3529,7369,4413,3331,4129,7558,2815,4106,4423,1273"
10679,10679,"3499,4346,2327,1456,5090,5270,2916,5231,1420,6656"
10680,10680,"350,37,2836,3828,5577,1772,77,1713,4740,4283"
10699,10699,"4562,4309,1826,3447,1273,3842,5636,4791,1728,1255"
10715,10715,"1456,3369,6656,5515,786,1943,6693,7211,1162,3542"
10720,10720,"4737,5440,4527,6243,8590,13309,10326,9799,8421,10663"
10735,10735,"2343,5210,3941,1216,6757,4449,5042,2264,467,6035"
10742,10742,"4176,4722,3781,947,4113,6485,6381,4133,4777,6578"
10744,10744,"10326,13309,9962,9799,8590,7707,8161,8562,10663,10138"
10747,10747,"4773,854,4036,6187,398,2427,7254,1728,2554,696"
10769,10769,"1539,6343,3808,448,2457,1316,4015,7468,1287,5647"
10795,10795,"3808,3423,1287,1539,7499,2907,700,6950,996,7543"
10817,10817,"1287,5647,6343,4346,3954,4056,1421,2053,3423,1978"
10819,10819,"6381,4176,5846,1502,6116,7145,609,4722,90,984"
10828,10828,"10326,9799,9962,13309,7707,8590,8161,10336,9942,8922"
10860,10860,"6117,6251,4107,2303,973,7068,518,340,38,6509"
10868,10868,"4982,7590,5839,4745,6565,1822,6749,2537,1273,3331"
10895,10895,"7461,6381,3360,2700,4706,4733,4055,4579,7550,2788"
10900,10900,"6515,5629,4413,705,3110,4176,381,7462,4745,907"
10912,10912,"2661,5105,4732,3046,790,5813,4935,2833,6971,6815"
10934,10934,"2265,345,7227,4722,7194,4094,520,6842,6506,2895"
10947,10947,"6520,4066,786,6501,4000,1519,2573,7415,4913,2768"
10950,10950,"9799,10326,9962,7707,13309,8590,8562,10138,8161,9580"
10964,10964,"31,2961,5499,6522,6091,2844,570,7265,3539,5354"
10965,10965,"1806,827,3249,3996,4036,6501,7186,4000,4111,6520"
10968,10968,"1153,2620,5866,6243,4929,1287,5907,3577,3124,1243"
10972,10972,"214,5636,4309,1826,6501,4388,1728,7425,3447,3249"
10975,10975,"10326,13309,10663,8590,9799,9962,8421,9580,12497,8161"
11028,11028,"2573,4388,2037,6520,3340,2275,4000,3086,1728,1398"
11030,11030,"790,1905,6971,5210,5105,7364,4413,705,3055,6672"
11044,11044,"3467,6672,790,1905,3052,2795,5105,5210,789,3322"
11048,11048,"2384,7530,5414,3509,1228,2786,1338,3226,162,2223"
11065,11065,"7550,4124,2700,6640,4651,7461,6817,3529,6381,732"
11085,11085,"2659,666,2825,2149,1851,4274,1926,2419,6474,2439"
11088,11088,"7530,6751,408,4345,1497,3584,2741,970,967,2649"
11100,11100,"2910,3340,1331,6283,6812,834,2172,395,4388,1750"
11102,11102,"3666,4929,3954,5464,1287,869,3423,4664,4056,2255"
11105,11105,"2903,4970,640,7017,4851,2213,582,860,2542,2287"
11107,11107,"6560,7221,2654,7539,2456,1815,6910,5433,4345,6311"
11109,11109,"5075,2989,254,7134,2916,217,704,4603,3877,6693"
11120,11120,"6243,3667,5866,789,3370,5977,1334,2817,2780,7029"
11121,11121,"1398,2199,3247,64,1383,1988,1750,931,5411,2153"
11133,11133,"1234,220,4279,6790,7224,2895,7194,1914,2216,2265"
11149,11149,"6288,1456,2573,2937,7561,1162,2327,1189,3390,3577"
11152,11152,"2013,6925,3359,4220,2058,1772,3698,1823,77,350"
11160,11160,"1955,7530,5411,64,967,1755,7152,6414,931,5761"
11163,11163,"3467,2006,787,7582,2343,6805,6771,2009,3633,6672"
11168,11168,"3467,5210,2343,7364,467,1905,252,6971,1637,6794"
11193,11193,"9799,10326,13309,9962,8590,8562,7707,10138,7817,9580"
11200,11200,"953,1539,3808,2020,6950,4837,1058,7499,4545,880"
11210,11210,"2542,742,345,2981,7053,766,2817,6300,640,3667"
11215,11215,"5836,471,4722,5091,2961,4184,7194,7351,4094,3285"
11219,11219,"5907,4056,4614,2667,6243,3954,1287,3423,5866,2165"
11243,11243,"3331,4917,3529,4423,4413,6079,1273,7558,3488,3681"
11253,11253,"10326,9799,8590,9962,11384,7707,8922,8562,8161,13309"
11261,11261,"10326,8590,9799,13309,11024,9962,7707,9942,10336,10607"
11280,11280,"7194,9799,10326,8590,7707,12990,10138,9580,10607,13309"
11285,11285,"790,1905,6971,3055,5105,7364,2773,3017,6476,837"
11309,11309,"6964,4964,5075,3132,4522,779,3987,4865,5756,6951"
11312,11312,"4000,2768,2195,3987,1201,398,6501,6520,1728,1729"
11314,11314,"1287,3423,3954,2907,4056,869,4660,6950,6243,7315"
11325,11325,"1692,3338,7433,928,1287,3808,448,4056,5253,4393"
11327,11327,"1130,6303,6628,910,2944,1162,6656,1189,5989,5967"
11359,11359,"7221,1424,6560,2058,3573,5158,7584,1453,6306,7188"
11366,11366,"1956,190,3952,1422,1398,6313,7252,2427,4083,6498"
11368,11368,"2327,5907,4614,7499,2861,7433,2667,878,3041,3423"
11371,11371,"350,7539,37,684,77,4283,2836,4740,5026,4826"
11376,11376,"7194,9799,10326,13309,8590,10607,8562,9580,12990,10663"
11377,11377,"2013,350,77,4826,1052,5158,4345,7539,5026,37"
11383,11383,"6982,6047,828,2903,2542,2548,5719,960,878,7023"
11416,11416,"3331,1273,4413,4917,3987,5254,1255,4309,7399,4562"
11444,11444,"6282,31,6107,1254,7343,1517,3619,659,7569,570"
11445,11445,"10326,9799,13309,8590,8161,8562,9962,7817,10138,7707"
11448,11448,"4917,2343,5254,4557,1727,1273,4413,4423,317,3331"
11469,11469,"1287,4576,5202,7315,3370,2907,1963,5907,3954,6243"
11487,11487,"5004,2692,659,6082,31,5354,3728,2472,1258,1915"
11492,11492,"6326,5866,1684,75,5930,7464,3090,3817,5813,2895"
11503,11503,"3149,1539,4070,2255,3423,6950,4929,4664,7521,5737"
11504,11504,"10326,9799,13309,8590,7707,9962,10663,8161,9580,10607"
11515,11515,"3941,5210,613,5836,2343,467,3467,4310,1216,6794"
11547,11547,"3086,1398,2731,2275,2037,978,64,7438,4388,6136"
11552,11552,"6560,1823,2654,1772,2013,6910,1052,350,7539,841"
11567,11567,"1728,4309,1996,854,3996,1826,7186,3952,214,4036"
11581,11581,"2654,7539,2025,3821,3762,2772,1616,4741,2013,3858"
11589,11589,"2969,6187,7254,696,205,254,5548,5086,6492,2554"
11591,11591,"1637,2343,5210,787,2882,3529,2795,4441,705,2700"
11595,11595,"3569,5621,4346,3827,1963,6628,2327,254,3926,4576"
11604,11604,"3467,5303,4105,6771,2693,3150,2006,6640,92,4777"
11608,11608,"2768,4550,398,2401,3335,5075,1584,2916,1943,1093"
11627,11627,"4660,4929,3954,1287,2667,5464,860,3666,2255,6950"
11646,11646,"1539,3808,666,1058,953,2020,6950,6473,880,292"
11647,11647,"9962,10326,13309,8590,13296,9799,8421,10336,9866,8922"
11675,11675,"5709,2343,4982,6565,7590,2537,1213,3859,467,560"
11676,11676,"4345,4809,1539,3494,4837,3808,6950,953,2179,666"
11696,11696,"3447,2313,5615,4309,1091,2537,23,6757,6957,1273"
11700,11700,"4413,4917,4423,9799,10326,9962,13309,8590,7707,11282"
11722,11722,"4210,5226,5210,790,4117,7364,1637,6971,910,3933"
11754,11754,"3000,2020,3808,1539,4460,190,5797,6950,3224,1709"
11757,11757,"609,4451,5675,6845,2574,1701,1305,3241,7232,5156"
11767,11767,"2327,5907,1963,878,3370,7433,2548,5621,339,4806"
11773,11773,"3808,1539,6243,1058,4393,5253,5464,2020,6166,4367"
11777,11777,"64,1273,7558,3247,3533,1398,3331,4083,4423,3488"
11778,11778,"9799,10326,13309,7707,8590,9962,10138,8161,7817,8562"
11788,11788,"4423,4917,7021,839,4413,789,6640,153,4125,7558"
11790,11790,"4255,4113,1699,3360,6381,6578,6657,5580,1244,300"
11811,11811,"1287,3954,4056,3423,6950,6243,869,4929,3666,4545"
11837,11837,"790,3055,5105,3017,6971,3259,1905,1763,5590,7364"
11859,11859,"4413,3987,4917,4745,3331,1273,5733,4210,6501,4562"
11865,11865,"6282,7410,1254,6420,1517,31,3619,2692,5004,925"
11867,11867,"1915,2260,7477,742,4156,3285,5923,4094,3539,3396"
11871,11871,"4345,3494,4809,6160,2179,4582,1851,1619,5433,4826"
11879,11879,"970,885,2137,4647,73,3224,3494,6160,880,3000"
11880,11880,"150,4367,3954,6243,1058,6950,5974,2468,2020,3808"
11908,11908,"6771,2234,6032,5486,5836,502,2118,3467,2605,3418"
11912,11912,"5866,7088,3667,345,2620,5907,1219,3817,274,4929"
11925,11925,"7194,4094,5836,2265,6506,2751,2260,742,6522,7120"
11933,11933,"4413,3529,7550,2882,2953,732,4124,6640,2014,3331"
11945,11945,"1905,790,5210,7364,3467,5105,6971,4935,5544,4285"
11948,11948,"6855,5615,6982,4741,5789,5831,3609,1278,1442,5955"
11952,11952,"214,1728,1806,6501,5733,4388,7425,4036,854,4913"
11957,11957,"4929,3808,2020,6950,1539,953,4545,7499,5425,700"
11959,11959,"6117,6251,2303,386,6509,3912,7068,973,4237,340"
11967,11967,"4929,6950,4545,1287,3954,3485,869,292,150,3157"
11969,11969,"3338,4282,6243,6539,5253,2457,2968,3808,2617,1539"
11970,11970,"5836,1041,4094,7194,6506,2265,4916,5773,6168,4688"
11975,11975,"4345,2654,612,449,2556,4826,350,408,1716,2013"
11995,11995,"3000,1873,5718,3157,970,4084,1851,5507,4685,6583"
12002,12002,"1728,214,1806,5733,6501,1826,1813,5636,7425,3987"
12022,12022,"9799,10326,8590,13309,9962,7707,10138,8161,8562,10607"
12032,12032,"3533,1398,64,5386,2343,6887,4411,61,829,1586"
12036,12036,"5727,2423,1338,6387,829,5697,1361,3805,7221,6978"
12066,12066,"10326,9799,13309,9962,8562,10138,8161,7707,8590,7817"
12077,12077,"4451,3427,3132,907,7369,3110,7324,7232,6515,217"
12078,12078,"6757,5615,4752,4079,7208,974,4982,389,2813,3056"
12084,12084,"910,4210,3220,5226,3137,4117,4342,6361,4413,4723"
12089,12089,"6878,6432,254,3562,142,7468,5075,448,2989,3338"
12106,12106,"3954,3423,1287,4056,4929,4664,7499,700,5270,5464"
12107,12107,"4929,6950,4545,1287,7315,4660,880,3485,7499,3423"
12111,12111,"6829,974,6982,6617,7447,7410,1254,1017,3520,652"
12131,12131,"6982,7410,2899,1017,828,6829,7477,2692,3396,7337"
12139,12139,"4917,4423,4413,1273,3529,5210,2343,3331,5254,3681"
12141,12141,"7342,2899,7477,3972,3028,3396,3756,6982,3011,6422"
12144,12144,"4917,5210,3681,4413,4423,3331,1273,4651,2343,6010"
12150,12150,"7539,6560,4283,4208,5562,350,6751,2654,417,1616"
12151,12151,"5636,2537,6361,6796,5085,1826,4791,5226,214,4309"
12162,12162,"6751,7530,350,4685,7076,633,5761,3303,2741,4002"
12170,12170,"10326,9799,13309,9962,8590,11282,7707,8161,8235,10336"
12182,12182,"5303,4651,5210,6672,6884,2795,3467,6640,7248,4917"
12185,12185,"1162,1072,2937,214,6288,1681,2789,2993,3340,5515"
12191,12191,"4345,4809,3494,953,6160,6211,2179,5433,408,6315"
12197,12197,"350,37,7539,89,2836,4740,4627,2506,408,6089"
12204,12204,"1456,1130,646,6693,6303,1683,5896,6656,2944,6288"
12229,12229,"6053,2537,4117,5226,7349,1478,1493,2180,3933,7590"
12231,12231,"254,5075,2989,3877,3562,4108,7468,2241,110,6008"
12234,12234,"5210,467,3941,2343,6749,6794,1541,1216,1637,5303"
12238,12238,"6982,7477,3396,2692,5004,828,1387,7410,5212,3011"
12242,12242,"4202,1955,429,967,3205,4685,305,2423,7429,1398"
12260,12260,"1132,4706,4113,3107,3047,638,7461,3865,4679,1210"
12262,12262,"6520,1728,4000,2573,3436,6501,3987,1519,4913,786"
12281,12281,"3941,5303,5033,5135,5210,1538,2343,285,3322,4872"
12289,12289,"5727,6387,829,5386,2897,64,4719,1586,6499,1955"
12306,12306,"4345,408,1052,3584,3121,4223,1497,1023,2149,417"
12326,12326,"10326,9799,9962,13309,7707,8590,8161,7817,10138,8562"
12337,12337,"2903,6942,1017,1859,4091,496,4901,31,3028,3870"
12355,12355,"4737,3598,5135,6447,5440,2680,3793,6708,5831,7564"
12371,12371,"6343,5647,2989,4550,5075,2426,448,7232,1316,7468"
12372,12372,"3533,1398,3447,64,4083,3247,61,3982,6244,2037"
12373,12373,"1153,1456,4346,6656,2916,3577,2327,5896,5881,7433"
12390,12390,"7410,6982,828,2961,5004,3285,1915,2692,2899,6126"
12405,12405,"4699,3247,1398,6313,4083,6244,2411,6099,64,3000"
12407,12407,"1750,885,6668,970,2137,4139,6812,2172,615,6474"
12408,12408,"1234,2895,7194,2265,2071,345,7224,1914,6790,6168"
12419,12419,"6994,5075,1255,3987,993,1943,637,4964,786,2768"
12423,12423,"7303,4388,214,3086,6442,7512,7438,2037,2180,3422"
12426,12426,"7499,6950,4664,3808,996,3423,5464,1539,3954,4545"
12452,12452,"3000,4460,3157,2020,880,5425,190,953,3659,5718"
12480,12480,"3427,2768,3987,3110,5598,7324,4451,4053,1273,907"
12530,12530,"7530,6751,5761,2741,4685,5160,2384,429,3303,6562"
12546,12546,"10326,9799,13309,9962,7707,10336,8590,7817,11024,10138"
12556,12556,"5866,742,860,6326,3667,3227,7088,2287,7477,1915"
12573,12573,"3447,4309,4562,1273,1826,5555,3842,4917,5274,1255"
12592,12592,"2343,1273,4917,3331,5254,2313,7558,4272,1216,2665"
12596,12596,"829,4205,64,5411,2199,1586,5622,2897,7074,1700"
12599,12599,"826,6116,1401,3359,4615,5846,5953,3285,1502,7026"
12615,12615,"4929,3926,7459,2667,262,4614,3848,6040,4346,2861"
12618,12618,"5085,3565,7425,5636,4066,1826,7557,5231,146,5803"
12624,12624,"4309,5636,1826,2537,4791,5085,1728,214,4388,6501"
12638,12638,"6950,2255,1539,4929,5464,150,292,4015,3666,4315"
12641,12641,"5226,910,6361,3987,7176,5768,457,3565,4745,5636"
12644,12644,"1153,6590,254,4625,7254,4550,1316,696,7468,3809"
12649,12649,"1744,826,5631,6116,386,4284,4451,1701,2208,5010"
12654,12654,"4345,6160,4809,3494,5020,4582,1851,633,6211,2179"
12658,12658,"3086,3952,190,5657,3000,7252,2910,2427,5175,1398"
12659,12659,"6117,2426,4176,3912,6343,1094,6878,7068,6989,6839"
12666,12666,"214,4388,6971,2180,1806,5254,6794,5210,2343,7303"
12669,12669,"7369,3529,4423,2294,2343,603,2953,4798,1727,3681"
12674,12674,"4279,2265,7224,345,1914,6790,7091,2895,1107,1234"
12688,12688,"1763,5196,5544,837,3525,6476,4127,1724,6591,5866"
12694,12694,"9799,10326,13309,7707,8590,10138,9962,8161,7817,9580"
12709,12709,"6884,4722,5091,1980,5487,4133,1286,471,2277,7351"
12712,12712,"3447,4562,2815,7558,5446,5619,4129,6033,100,3842"
12722,12722,"4929,2058,180,4664,292,7463,7555,3157,3485,2454"
12728,12728,"1892,6925,2928,1134,3359,1804,2844,5680,4966,2899"
12732,12732,"1132,2391,6562,350,2013,2506,6089,5387,4740,66"
12736,12736,"1502,7145,5953,609,1476,1784,4277,5433,6892,3241"
12738,12738,"3947,5021,3980,1228,2391,3990,1976,1871,5343,2337"
12741,12741,"10326,9799,7707,9962,13309,10138,8590,8161,8562,9580"
12756,12756,"5303,798,1675,2751,3728,5004,4969,5836,468,3840"
12764,12764,"10326,9799,13309,9962,8562,7707,7817,8161,10138,8590"
12768,12768,"3422,99,4388,5615,214,4194,4251,3086,2275,1996"
12773,12773,"1273,7021,4125,839,6957,46,4413,4917,5044,5555"
12789,12789,"5105,790,3467,5544,3259,7194,1905,6971,2895,1724"
12790,12790,"6107,5836,7120,6884,7194,613,471,1404,6754,4796"
12801,12801,"6751,7530,4345,3858,741,5761,5160,2741,1755,4741"
12804,12804,"3941,974,2118,6757,5720,6829,4310,613,4982,5210"
12833,12833,"6925,6019,6829,6282,4528,1517,2899,974,7410,1017"
12846,12846,"31,3152,5071,5120,3619,659,1258,4286,640,6091"
12855,12855,"2014,6817,5027,6640,6371,4413,4423,3770,2437,732"
12860,12860,"4664,4929,2255,10326,10663,9799,10607,8590,13309,8161"
12874,12874,"6812,5086,4101,3000,4460,3552,190,2427,6520,6498"
12875,12875,"4066,6501,5075,1943,3987,786,3996,4550,7254,3132"
12877,12877,"10326,9799,13309,8590,9962,10138,8562,8922,7707,10336"
12883,12883,"6805,331,5653,220,7221,6995,6941,6771,6032,2576"
12890,12890,"1287,4929,3808,4576,5647,3423,7184,2907,4056,448"
12919,12919,"3667,7053,5866,75,742,1130,345,2981,3090,1752"
12927,12927,"4309,3447,2537,1538,5636,1273,5085,5615,2313,6053"
12955,12955,"7499,2475,5425,996,4837,1880,7315,4545,2142,6950"
12956,12956,"3987,786,2768,5075,6501,1519,4964,4000,1201,6964"
12958,12958,"6501,1826,2195,3249,1255,3996,1728,3987,4309,827"
12965,12965,"6982,828,3396,1017,7477,3028,1387,5972,7410,2899"
12970,12970,"162,5761,2340,1755,3192,3303,516,125,1556,4159"
12996,12996,"1744,826,7411,6116,5647,5846,6205,3013,6343,5253"
13000,13000,"3331,3488,1273,4423,4917,6079,3529,4413,3741,7558"
13017,13017,"6825,3562,3871,6382,3909,3514,1158,4155,656,3065"
13019,13019,"7369,2294,3529,4423,4413,7558,4106,603,2953,4798"
13021,13021,"9799,10326,8590,9962,13309,7707,9942,10336,10138,8922"
13022,13022,"5836,4722,2265,5091,7194,6884,471,4094,1941,1286"
13063,13063,"1287,3667,5866,4346,5907,4056,247,5270,3370,2053"
13075,13075,"1728,6501,1255,1826,214,854,4562,3842,4309,2241"
13076,13076,"3533,1398,4083,7558,64,2987,4423,3982,6456,3447"
13101,13101,"1728,854,3996,1826,6501,1255,3249,1729,4309,4036"
13105,13105,"4550,2768,254,786,2989,5075,6501,4053,4964,2241"
13115,13115,"7194,5213,220,4722,2265,4279,6760,2277,7227,1286"
13117,13117,"3447,5254,5555,4309,6501,1826,4000,4917,2195,4562"
13121,13121,"4345,3494,5433,3491,5020,5787,3204,4809,4582,5507"
13123,13123,"4101,6812,190,1422,5086,7298,3996,3552,6498,6520"
13125,13125,"3565,910,5085,7557,5520,5226,6920,4721,7439,4436"
13147,13147,"1755,3146,4205,6876,3303,1955,162,5411,2037,516"
13151,13151,"4345,4809,2654,5433,6829,1017,6982,1815,7584,6910"
13153,13153,"10663,9799,10326,9962,8590,12497,3285,13309,13296,10607"
13176,13176,"2959,4117,5226,910,5492,7590,4178,1120,222,7469"
13180,13180,"4345,4809,4002,633,3494,4500,6211,6751,5073,6576"
13192,13192,"2882,732,3529,3110,907,4413,5598,6333,3331,3560"
13194,13194,"4345,612,4993,2013,6019,2654,2391,1871,4809,1772"
13195,13195,"4345,3494,2179,666,1851,4809,6160,4582,4711,2419"
13198,13198,"6829,1823,2899,974,6982,2013,6925,7410,841,4381"
13231,13231,"3808,700,7499,2907,1539,1287,3423,5425,1058,1357"
13234,13234,"7194,5836,4094,6506,4722,1041,6809,4688,4187,3807"
13240,13240,"6982,7410,6829,2899,828,974,1017,2770,1748,6624"
13273,13273,"1456,630,2993,2916,3542,5515,6492,1968,6656,3577"
13276,13276,"1398,64,7558,3533,4083,1727,6244,4413,4917,3331"
13283,13283,"6381,7461,5071,5161,31,4014,659,5846,5641,90"
13297,13297,"9799,10326,13309,9962,8590,7707,10138,8161,8562,10336"
13301,13301,"666,3157,1851,5389,6160,953,2419,6473,3224,3494"
13303,13303,"6501,4066,3987,5444,3132,1255,4913,786,1519,4865"
13321,13321,"4345,6160,1619,5020,1851,3494,350,4809,2244,4002"
13330,13330,"2423,4741,1361,5727,5386,718,6499,6377,1338,6876"
13338,13338,"4084,4645,6763,4699,5761,216,1481,967,666,3454"
13380,13380,"4452,4722,4777,4094,2369,2265,2939,6506,7063,5018"
13389,13389,"3941,2343,5210,7303,5033,7512,4449,1216,6757,2313"
13390,13390,"5615,7512,1538,4449,2313,5506,5033,1091,515,4464"
13391,13391,"1234,2031,220,1046,75,2895,2019,1286,609,7091"
13401,13401,"1539,3808,6950,5797,3013,1944,1058,1287,7499,4393"
13403,13403,"6751,7336,7530,162,1755,1338,922,5160,5238,2384"
13407,13407,"4722,7550,3360,90,4124,4055,4586,6381,2006,4679"
13413,13413,"5210,2343,7364,1905,2180,3467,4423,4917,2437,5254"
13414,13414,"1728,1826,854,1729,1255,1996,4309,6501,214,4036"
13446,13446,"4014,5675,2208,5846,7026,1305,5161,3241,1502,4490"
13472,13472,"4178,1822,6815,4982,7208,5226,910,2813,4117,4007"
13488,13488,"560,4745,4117,5492,5733,5839,7454,1866,5226,4644"
13502,13502,"3247,3000,4021,2411,2037,6220,1661,6244,3205,1398"
13507,13507,"217,431,5090,4346,1247,4550,5608,1287,112,4575"
13512,13512,"5866,6326,1763,5930,7029,2287,1542,6693,5573,387"
13543,13543,"5907,4056,2548,2165,4346,5270,4712,960,6243,2589"
13572,13572,"1398,3533,6313,3247,7369,64,3073,1988,883,4423"
13595,13595,"1424,2058,7221,6560,2013,5158,684,6032,1787,77"
13599,13599,"6166,2133,3947,2457,1539,1998,2290,3990,1058,3808"
13608,13608,"1273,4413,5254,3533,4917,64,3741,4562,3447,2537"
13609,13609,"3447,4818,4309,2731,3314,1398,4111,4083,1806,64"
13630,13630,"4615,947,4060,3781,4814,1132,5530,5706,6117,3931"
13635,13635,"1287,5608,4929,6431,688,6343,4660,217,5090,3667"
13645,13645,"10326,9799,13309,9962,8590,7707,7817,10138,11024,8562"
13673,13673,"6971,910,5226,5617,7144,6732,790,6794,5344,1637"
13683,13683,"6982,1017,828,6829,4528,5237,3028,2903,7410,974"
13702,13702,"609,5953,1784,1502,3241,7087,2574,90,4099,6116"
13716,13716,"190,3000,3552,6187,4460,2427,3952,5913,5112,4584"
13724,13724,"6107,6754,1254,6804,166,6282,7185,710,1517,3071"
13746,13746,"790,6971,1905,5590,6636,5490,5576,3055,4530,7364"
13752,13752,"4332,560,4651,6265,6682,3488,5532,5418,6524,1273"
13756,13756,"5507,6311,4685,5433,4640,3753,3491,4345,5787,3494"
13763,13763,"1763,1724,5866,5018,4567,6018,4452,5408,4127,3225"
13774,13774,"2537,6565,7590,6901,811,3750,346,2313,6866,4464"
13776,13776,"6243,3737,4056,3423,4387,394,4346,6539,1420,1287"
13786,13786,"4550,6989,6343,1287,254,688,6449,2907,2761,6883"
13788,13788,"2423,2343,3296,3533,61,64,3982,6856,5386,6887"
13791,13791,"1162,5515,5573,6693,1728,6515,2937,5678,214,1683"
13810,13810,"3987,4964,3132,6515,1255,4066,786,637,4504,6501"
13811,13811,"13309,10326,9799,10663,11024,8590,9962,10607,7817,7707"
13820,13820,"2140,7314,7063,1726,3091,6260,4777,6834,4255,3064"
13826,13826,"9799,10326,8590,10138,7707,9962,8562,13309,8161,12990"
13840,13840,"2199,5411,1398,3533,3247,6562,64,3146,3073,461"
13841,13841,"1287,6407,3543,4660,3954,5270,6656,2865,4545,7315"
13852,13852,"7550,3529,4651,4124,7358,4413,310,705,6682,4423"
13858,13858,"4993,2410,1871,3947,1171,2391,3701,5631,6990,2977"
13865,13865,"7404,1052,3922,6560,4345,7221,5158,417,3635,668"
13871,13871,"4929,4056,1215,4346,3827,4664,6243,3423,2062,6539"
13877,13877,"345,5846,2265,4722,416,354,5025,7227,520,4014"
13905,13905,"4741,4345,6829,10326,9799,7530,3821,3858,8590,9962"
13924,13924,"6282,6925,166,6019,31,1517,3071,4528,7342,1367"
13929,13929,"1254,7343,453,6019,2023,6282,1367,7569,925,2770"
13935,13935,"4927,350,6562,1755,162,516,3303,7530,6751,7076"
13952,13952,"6311,7221,3491,5433,4741,6560,7576,6978,6751,1025"
13953,13953,"6950,7499,2475,4837,3808,4545,1539,700,5425,2020"
13962,13962,"10326,13309,9799,9962,7707,8590,8562,10607,8161,11024"
13965,13965,"4917,1273,4413,3331,4423,2343,4125,5254,1727,1893"
13966,13966,"7530,2223,3862,5761,2013,7244,2741,350,5469,2820"
13974,13974,"1398,3533,64,4681,3447,5254,2731,5386,4083,2537"
13982,13982,"2423,6517,2340,6835,7336,4741,4303,162,1402,5761"
13983,13983,"1763,1724,5544,2895,4567,3055,345,1286,5105,75"
13987,13987,"350,6562,666,1750,4740,3584,1497,970,1383,89"
13988,13988,"1398,4083,64,7438,6244,2731,3533,6305,6313,3086"
13991,13991,"4550,217,637,6883,7232,2208,2989,786,4964,6411"
13995,13995,"5836,7194,2118,4094,5720,4688,4925,3807,5249,5268"
13998,13998,"5020,5782,7404,6160,6209,4685,2199,1712,970,2149"
14021,14021,"5210,6971,790,7364,1905,2343,1637,252,6794,6672"
14028,14028,"4345,3491,5433,3204,4809,3494,4582,6311,6160,3077"
14042,14042,"6829,974,7240,6107,10326,6757,9799,8562,8590,9580"
14049,14049,"4651,1822,3032,6757,2813,7208,1273,3114,1213,6682"
14060,14060,"7194,5836,4094,3011,2260,6522,2961,2692,2412,6506"
14061,14061,"5907,2667,2327,4614,2861,5270,5866,878,1752,3926"
14067,14067,"1162,5515,2573,2993,1456,3369,3390,1806,1072,214"
14079,14079,"3423,1287,10663,8590,10326,6138,13309,3984,9799,8421"
14089,14089,"4345,4809,3494,5433,5020,7584,1619,3204,2179,6160"
14097,14097,"5836,4722,5091,2265,4777,742,1041,5487,1286,2277"
14105,14105,"3011,2692,6522,1593,1915,760,7477,6326,1997,5354"
14147,14147,"6117,1744,6509,1376,3241,1784,1502,2574,5197,1094"
14155,14155,"4413,3331,3681,4917,3529,6333,1893,2874,7400,4272"
14168,14168,"2537,5085,5210,5636,1273,467,6901,2343,6749,7590"
14170,14170,"1638,3000,5289,5466,3086,3118,4592,2910,6465,3659"
14173,14173,"2199,1955,5411,749,1700,3305,3584,2149,4054,3747"
14174,14174,"2180,5254,5210,1905,7364,4413,2343,4935,7303,6794"
14196,14196,"5765,2910,3000,1750,6311,3086,749,3205,967,5718"
14197,14197,"5836,602,6771,2692,6884,2751,7194,7120,6522,3840"
14202,14202,"6640,7550,4124,789,4055,3529,7057,6817,6381,7071"
14204,14204,"4094,7194,2265,6506,4722,2895,4279,5836,1286,2277"
14215,14215,"5226,6796,910,6565,5085,5636,5492,7590,3933,6361"
14242,14242,"1398,4083,64,3533,6244,7438,2731,2987,61,6313"
14244,14244,"3952,6187,2427,402,3266,2916,901,398,3335,190"
14249,14249,"10326,9799,9962,13309,7707,8590,10336,10138,7817,9942"
14250,14250,"2961,2692,5004,1915,6522,760,3539,2412,2844,5671"
14256,14256,"4722,416,3411,2895,4176,1286,345,2265,2385,2335"
14258,14258,"1234,2895,4279,6790,7224,1914,7091,220,2265,618"
14280,14280,"2013,350,37,89,77,684,7539,2807,5026,2506"
14318,14318,"5797,4929,928,6080,1697,1539,5425,3808,6989,3338"
14325,14325,"1905,7364,790,3467,5210,4413,4935,2343,2180,2437"
14328,14328,"2861,2981,878,6145,4623,766,788,1752,5907,6135"
14329,14329,"64,3533,1398,2037,3982,4083,3247,2528,2987,61"
14344,14344,"4345,2654,1017,3698,4901,4826,6910,4528,2013,7539"
14366,14366,"1398,4083,64,4205,3533,61,6244,3697,5386,1988"
14421,14421,"6343,5075,1316,6117,142,728,7128,7468,5647,2426"
14430,14430,"2537,1806,4388,214,3859,5733,6361,5254,3452,6866"
14435,14435,"9799,10326,9962,13309,8590,7707,8161,10336,12990,11024"
14472,14472,"2343,5210,467,1637,4449,285,2859,4917,1216,3941"
14501,14501,"910,4178,3550,2959,5226,1790,3840,222,6936,2785"
14509,14509,"3285,2548,3833,2861,6047,960,4806,788,878,766"
14516,14516,"3783,1977,2301,4793,1998,2391,3947,7472,3509,2133"
14521,14521,"5761,7530,4645,4685,3192,6751,741,6562,5160,967"
14553,14553,"3808,1539,1058,1287,3338,7468,5253,4393,5797,6243"
14561,14561,"6751,4345,7530,3858,1755,5761,5160,4809,4741,162"
14562,14562,"2142,5907,7315,3124,4614,7499,5516,2861,2327,2030"
14567,14567,"467,6978,2343,4310,1938,7303,829,5727,4591,4982"
14575,14575,"5226,7144,591,910,6971,5617,6361,3933,3117,6636"
14581,14581,"1398,2275,64,6244,2731,3533,4388,3247,61,3447"
14627,14627,"5831,7111,974,4243,4907,7512,4752,6829,3793,3609"
14634,14634,"8590,9962,10326,13309,7707,8421,9799,9942,8922,12990"
14651,14651,"4413,1273,4423,3331,4917,3741,100,3529,7558,4562"
14659,14659,"1287,3423,2907,4056,4346,700,3954,431,4985,5608"
14670,14670,"5913,3952,6812,6187,4773,5184,2427,190,1125,7252"
14684,14684,"6982,828,3285,7410,7023,3112,6708,5923,5004,7477"
14691,14691,"162,5761,3858,2340,2423,4741,7336,3454,1755,4303"
14695,14695,"5866,3667,5907,878,7053,2620,1197,2817,5755,7088"
14705,14705,"3467,468,5544,1594,5105,9799,4722,10326,3052,13309"
14711,14711,"953,3157,880,3224,4837,6950,7499,1851,2179,5425"
14723,14723,"1287,700,3423,3954,2907,5425,7499,4056,3808,1058"
14739,14739,"3494,970,6160,4582,2137,4345,3491,1851,4809,5433"
14740,14740,"2013,350,1772,4740,7539,408,37,4495,3528,3828"
14743,14743,"6751,4445,350,1023,7530,5761,4002,633,1310,408"
14747,14747,"2815,3529,6515,1273,4129,3331,4107,4413,7369,1270"
14748,14748,"1287,3808,2907,1539,6950,3954,6243,7184,3423,700"
14764,14764,"7194,5836,6771,4688,3807,4925,4094,3467,5268,3856"
14771,14771,"4982,5226,4178,1938,910,5768,4117,6815,467,2697"
14780,14780,"3467,5836,5210,6884,6771,787,2343,5249,1216,468"
14784,14784,"6560,2654,7539,7188,6829,2013,2456,4740,350,6306"
14785,14785,"4722,4094,6809,473,1041,4777,4046,1941,5773,2265"
14798,14798,"2343,583,467,1637,5768,5210,2884,3331,7364,457"
14801,14801,"7364,5210,4287,6971,2795,4651,4117,1789,6884,3467"
14803,14803,"910,5226,4117,5617,5492,10326,9799,8590,9962,13309"
14821,14821,"6381,638,1502,7461,3241,90,6578,557,4176,2574"
14832,14832,"1398,4309,1988,4083,6313,2731,2275,3447,7438,4681"
14833,14833,"3539,4163,6522,2692,6420,3011,5004,7477,760,6843"
14853,14853,"217,1744,4056,4985,1148,4924,992,5647,5165,1287"
14854,14854,"10326,9799,9962,7707,13309,8590,10138,9942,8562,11431"
14856,14856,"3491,5433,4345,3494,4809,6315,7584,4582,7113,7221"
14858,14858,"2058,5822,1234,4926,220,5787,7528,383,7555,5782"
14864,14864,"4117,6815,4762,4310,5214,467,5363,613,2343,4982"
14867,14867,"4176,6112,6381,90,4722,1146,1502,984,3656,293"
14880,14880,"5105,4722,3259,5487,4046,220,4777,6884,2265,2277"
14890,14890,"829,5386,6978,4205,6387,1586,2897,3146,4411,5727"
14892,14892,"3086,2037,1299,4388,6305,135,4178,3340,2275,2910"
14899,14899,"3000,3086,3952,1422,2275,3552,4460,190,2630,5519"
14904,14904,"1287,4346,4056,5866,3370,5270,2327,3423,3954,1650"
14906,14906,"9799,10326,9962,13309,8590,7707,10138,10336,11282,7817"
14909,14909,"5085,1728,214,1996,854,6053,5636,2573,7559,2498"
14929,14929,"3858,4345,2025,4685,5433,6311,5761,735,633,4482"
14931,14931,"6326,1763,5866,1130,5930,6628,1683,742,3090,1189"
14938,14938,"6884,3467,5210,5487,2795,7194,1789,4722,1286,5836"
14955,14955,"4917,7303,3447,5254,4449,4309,317,4413,3331,2313"
14961,14961,"5907,2667,2327,3041,7573,2861,4614,5755,1752,878"
14969,14969,"4938,658,6812,3335,1396,105,398,6463,6520,1158"
14970,14970,"3952,5184,5913,4773,5075,854,3408,2251,4338,1935"
14977,14977,"6812,2768,4010,3423,2907,3427,4938,3808,4861,5711"
14991,14991,"3491,7113,5206,3468,7221,2981,3347,6302,2519,7053"
14993,14993,"5226,5492,4117,910,4178,4644,7590,6361,88,560"
15009,15009,"9799,10326,8590,9962,13309,7707,8562,10138,8161,10663"
15014,15014,"5866,3954,1287,3667,4056,7029,4660,700,2861,3423"
15028,15028,"3543,4101,6329,5913,5657,190,2142,1769,3340,2172"
15029,15029,"4083,1398,6313,3952,6244,3842,6220,1422,3447,4309"
15030,15030,"2659,1424,2058,7555,1234,7463,1787,4274,180,5560"
15033,15033,"789,4176,4722,4055,525,7550,1146,6884,6270,1849"
15052,15052,"1424,2199,3922,2659,4685,1787,6311,668,970,7463"
15062,15062,"217,7430,6343,4346,6432,7468,4603,5647,1316,254"
15074,15074,"5555,6866,4000,3340,1813,3452,4388,1273,3578,2537"
15081,15081,"4309,3447,5636,1398,2537,2275,1826,64,3533,4388"
15082,15082,"9799,10326,13309,9962,7707,8590,8562,8161,12990,7817"
15097,15097,"3954,1287,3423,5425,7499,700,4837,2475,869,2907"
15098,15098,"4722,2265,6168,345,1234,4060,167,4777,2369,7091"
15107,15107,"4220,4345,3698,3359,5433,1283,4809,6925,1619,6019"
15113,15113,"10326,8590,9799,9962,13309,7707,10663,8161,8562,9580"
15120,15120,"6282,1517,1254,6019,6829,6925,974,6107,3879,841"
15121,15121,"1273,3447,3533,4917,3488,3331,1727,64,4423,4681"
15122,15122,"3509,6371,1273,3488,6562,3533,64,3331,7558,461"
15141,15141,"1996,214,5085,4742,7425,402,3266,7297,5467,5636"
15143,15143,"1398,6313,3484,2528,3247,64,6244,2630,1118,4083"
15148,15148,"5021,5135,5440,4737,4835,6445,529,6587,7165,5672"
15164,15164,"448,3808,1539,4015,1287,3338,7468,6343,5253,5647"
15165,15165,"6982,828,4737,6322,4059,6708,4367,6243,5907,5972"
15175,15175,"10326,10663,9799,8590,13309,10607,9962,8161,7707,8562"
15186,15186,"5210,2180,7303,6971,3941,4935,4285,790,7245,285"
15189,15189,"5254,4413,9799,10326,7707,9962,7303,8590,13309,8161"
15200,15200,"1905,7364,5210,6971,2180,2343,6794,4935,3467,5254"
15204,15204,"1755,2199,7530,3303,6751,967,5411,1955,162,3146"
15205,15205,"910,6656,1162,6693,5226,1683,646,6303,1130,1189"
15217,15217,"1287,3954,700,3423,6011,4929,5425,2907,4837,869"
15240,15240,"7254,4773,3996,696,4036,854,4109,6187,2427,3514"
15248,15248,"3509,3562,6426,6382,272,7389,3842,6166,2502,6997"
15253,15253,"4036,214,1728,1806,5573,854,7425,6501,3797,7254"
15256,15256,"4279,2265,2895,1914,7224,1234,4722,2216,6790,220"
15260,15260,"7063,7314,1726,2140,6260,3091,6834,4777,6032,3911"
15265,15265,"345,2895,2335,2426,6842,1234,2265,4979,4279,714"
15274,15274,"7468,3808,3338,1539,448,2457,6243,386,5253,6654"
15275,15275,"9799,13309,10326,9962,8590,10663,7707,10138,8161,8922"
15282,15282,"4826,4345,1023,408,350,4223,4283,3584,1772,1497"
15294,15294,"6657,4670,3865,4638,1132,4366,300,4475,4294,7553"
15304,15304,"1286,220,90,5550,4777,5487,2895,6485,6112,4722"
15330,15330,"1398,64,5386,2037,3697,61,3440,7438,3086,4083"
15331,15331,"1058,3808,6166,3338,2020,3909,5797,1539,5202,4315"
15332,15332,"953,3870,6137,1680,3491,2580,1474,126,3230,2903"
15339,15339,"5615,2938,3697,6442,249,5386,4741,2423,2731,7438"
15387,15387,"789,518,839,4129,696,4237,1995,2238,340,7048"
15391,15391,"214,1728,5733,3750,1996,5515,2655,4186,2937,5803"
15396,15396,"2654,6560,350,7539,2456,4208,5562,6751,3300,4283"
15397,15397,"6751,4345,1023,4809,6560,2654,2456,4283,2461,4208"
15421,15421,"4176,3055,2895,5105,3017,1234,2019,2031,4722,4169"
15427,15427,"1398,2275,5877,64,2731,3086,6305,4388,4309,7438"
15434,15434,"4615,2391,4814,89,350,37,3701,3312,2977,6598"
15441,15441,"5425,700,3423,7499,2907,3808,3954,2020,1287,4664"
15444,15444,"10326,9962,13309,9799,10663,11024,7707,12990,8590,12026"
15457,15457,"2343,4982,7590,4178,2959,467,4117,5226,1938,3690"
15466,15466,"350,1772,4826,7539,1052,408,2013,3828,4740,37"
15475,15475,"3533,1398,64,4083,3447,3982,61,7438,2731,4681"
15483,15483,"7194,5836,3467,6771,3703,4688,5666,4591,3418,7072"
15487,15487,"4722,4176,1286,5487,2277,4133,5087,5091,4169,947"
15500,15500,"7369,3331,1273,3488,4413,3529,2884,3741,7558,6079"
15511,15511,"3584,1497,2199,7530,2649,4283,4223,4602,3922,2370"
15515,15515,"1287,3954,3423,6343,700,2907,4929,4056,3666,869"
15519,15519,"6812,6520,1728,2401,4101,2427,4066,3996,1943,3952"
15534,15534,"2981,7477,2692,766,5004,2542,6420,3011,1915,6982"
15545,15545,"9799,10326,13309,8590,9962,7707,9580,8562,8161,8421"
15553,15553,"3491,4844,6311,6211,4345,3659,4647,4809,2258,3858"
15556,15556,"2140,1220,974,7159,6829,4947,979,6742,1367,1017"
15564,15564,"6116,826,5846,5953,1305,7026,609,7145,1476,6925"
15567,15567,"1539,4015,6343,2426,3338,448,3808,2457,5253,6878"
15582,15582,"1905,7364,790,3467,5105,4413,5210,6672,3529,1637"
15585,15585,"217,7308,5090,7293,247,4924,4575,2658,6721,4346"
15587,15587,"6311,4741,4345,3858,7530,2025,6751,3821,350,5433"
15589,15589,"1398,64,4205,3533,6876,829,1755,5386,162,3146"
15590,15590,"1699,37,1132,4638,4255,4113,638,350,2506,3729"
15595,15595,"3132,6501,7254,4913,1728,3996,7271,4000,254,3249"
15611,15611,"860,3285,1915,4156,355,2844,3667,3539,1173,6040"
15613,15613,"1398,6313,4083,6244,6305,2275,2731,64,7438,3086"
15632,15632,"3331,4413,1273,4917,4423,3529,6079,7558,3488,3741"
15633,15633,"5866,4576,1153,1287,6343,4929,6243,4387,2579,2620"
15639,15639,"5907,5866,5755,6460,2667,3370,7053,3926,2620,6300"
15648,15648,"790,3055,5105,5544,1905,3017,6971,7364,3467,837"
15652,15652,"6501,6636,2180,6971,3249,1806,1905,4000,5590,790"
15683,15683,"1234,220,7194,4279,2265,7224,2895,7091,6790,1914"
15688,15688,"2768,6812,3427,3808,5075,4550,3562,2251,5711,205"
15703,15703,"5210,3941,2343,4449,3999,6971,467,7590,7303,6794"
15708,15708,"4722,2277,2265,5091,5087,4133,4279,2895,1286,4176"
15714,15714,"3529,2882,6640,732,4753,4619,4413,1747,7550,7066"
15719,15719,"5411,931,1955,1700,2149,4202,1612,1787,6414,749"
15727,15727,"4741,4345,2279,3821,3858,2580,6829,2772,1017,4809"
15728,15728,"742,3097,7227,6842,2265,1763,3441,4979,7194,520"
15735,15735,"9799,10326,9962,13309,7817,7707,8562,8590,10336,8161"
15736,15736,"1189,2861,5896,3041,5959,2327,6656,7561,6288,4089"
15739,15739,"4346,1287,2327,4056,2582,7433,394,4443,431,6243"
15742,15742,"4169,4413,2874,4106,6485,907,3560,2699,1995,310"
15764,15764,"3488,4651,6757,811,2530,4917,3331,2882,3032,4423"
15773,15773,"1287,2907,658,630,7315,7499,7474,3336,3499,5548"
15774,15774,"1234,7194,2265,220,5018,4979,7197,6168,345,2895"
15786,15786,"696,2989,1035,5075,7254,2768,3987,1255,2241,6491"
15789,15789,"2654,6751,3762,7530,7336,4715,2423,3183,1338,162"
15796,15796,"910,2653,6796,5226,5505,4322,5768,457,5461,1799"
15800,15800,"2199,1955,749,3146,5411,4205,2149,1700,6751,7530"
15802,15802,"1598,4688,1889,5836,1041,4777,6809,4094,7194,4925"
15812,15812,"1772,350,4826,2654,1052,4283,4740,7539,4345,2836"
15815,15815,"1316,4576,6343,448,6243,6654,6989,2579,5076,1287"
15828,15828,"6515,4129,7392,176,4798,518,4322,4107,5470,340"
15831,15831,"190,5112,4101,3543,3000,7298,6812,5519,6329,73"
15840,15840,"9799,10326,8590,8562,9962,7707,12990,13309,8161,11024"
15845,15845,"7197,150,3954,2058,180,953,5866,2071,6473,700"
15847,15847,"2058,1787,7463,350,1612,5782,89,4740,2186,684"
15856,15856,"10326,9799,13309,9962,8590,7707,12990,8562,8235,8161"
15861,15861,"4660,4929,1287,3423,7315,6011,3954,2907,7499,2667"
15862,15862,"190,4101,7499,3952,2427,6122,5913,6812,6498,5112"
15871,15871,"4773,854,1728,2554,6187,3408,4036,7254,3952,4109"
15872,15872,"1826,398,1728,854,1729,3408,6501,3996,2241,2427"
15883,15883,"6971,1637,5210,5497,3331,2537,4917,811,6794,6749"
15886,15886,"6751,7530,350,7539,408,4345,2654,741,2223,5160"
15888,15888,"5646,5615,2959,99,4785,2792,5085,4251,5789,4227"
15898,15898,"4982,4310,583,3198,6755,6107,1938,6987,4239,2697"
15919,15919,"1287,2907,7499,3423,4929,6138,1243,6950,60,700"
15922,15922,"829,6978,4411,1586,6387,3805,3533,4927,5386,3146"
15931,15931,"4176,3241,1502,4615,1784,6381,3656,2735,609,4722"
15941,15941,"1287,2907,4346,3423,4056,394,3954,700,1153,4576"
15943,15943,"1728,4101,3952,2427,3335,2573,6520,7271,4000,6501"
15956,15956,"4929,6343,1287,5647,2907,2426,6138,448,3507,700"
15958,15958,"4917,2343,3331,7558,4125,1273,4423,5210,4449,2313"
15960,15960,"5718,3000,2970,4460,6643,190,6583,5765,73,1416"
15973,15973,"1398,64,6244,3533,2731,3697,2528,1955,4083,2037"
15977,15977,"7550,4176,4124,4169,6485,3334,638,2953,7232,4798"
15994,15994,"6240,3609,834,5033,2347,2959,7512,4243,6283,4835"
15995,15995,"5433,4345,3494,4582,5020,5507,1851,4809,3491,3204"
15996,15996,"7410,2692,5836,6522,6420,1390,6982,5004,2961,3840"
15999,15999,"64,5386,3533,829,4205,5275,6876,6978,4927,1398"
16060,16060,"854,4036,1255,5075,3408,7254,1728,696,2554,4773"
16069,16069,"2058,10326,9799,13309,9962,10663,1134,8161,8590,12497"
16076,16076,"350,37,2836,77,7539,89,408,684,5026,5577"
16085,16085,"5827,7590,3565,5494,4117,2959,5549,560,5615,910"
16089,16089,"6982,6829,1041,2899,7221,1017,6925,1823,974,2654"
16097,16097,"4176,789,6117,779,6878,4550,6485,217,2208,10326"
16112,16112,"7477,3396,2548,6982,788,6628,1130,1387,5004,1189"
16116,16116,"3808,1287,7468,3338,1539,1153,2907,254,5797,60"
16137,16137,"3987,3132,6501,1255,6964,4522,4964,4562,4000,1728"
16150,16150,"4562,1826,1255,5555,854,1728,5370,2241,1923,1201"
16174,16174,"4451,7232,2208,907,3241,5598,3110,1701,4284,6845"
16176,16176,"5515,1162,6656,1456,1683,2937,7561,4621,3369,1763"
16210,16210,"9799,10326,9962,8590,13309,8562,7707,11024,10138,10607"
16212,16212,"2343,4413,6866,2437,5210,310,1987,4935,2180,7303"
16230,16230,"1153,2916,1287,4387,6590,4056,3423,6243,254,5270"
16245,16245,"4176,6878,6117,609,3241,1784,5953,10326,9799,13309"
16293,16293,"5085,4388,3086,1988,5226,5636,5673,4681,910,3763"
16299,16299,"2542,742,766,6082,2995,2981,3539,6326,4915,6522"
16300,16300,"89,37,2506,350,6089,77,4740,5026,2556,2836"
16303,16303,"9799,10326,9962,13309,7707,8590,10138,8161,8562,7817"
16305,16305,"5210,2343,4982,467,1637,1216,6035,4651,1822,787"
16314,16314,"4237,4615,5706,4814,6611,3701,4366,3947,1875,5234"
16328,16328,"5226,7590,5085,3565,6565,910,6053,5646,5636,3352"
16340,16340,"7499,1287,3543,7315,5425,2907,4660,3124,4443,3423"
16351,16351,"1744,5556,1502,4615,1401,3241,5197,4255,3701,4176"
16363,16363,"4237,7071,1132,4746,6657,525,6270,6611,7153,3865"
16376,16376,"3808,1539,700,2907,1287,6950,5797,3338,1058,7499"
16387,16387,"4722,471,6381,5091,1286,293,5832,6869,2277,7351"
16395,16395,"4929,4660,3954,150,1134,2454,3485,1929,4901,3666"
16414,16414,"453,4345,1823,4528,3879,4737,1017,841,6982,1318"
16416,16416,"1915,5004,5836,2068,2692,2751,659,2809,4722,7120"
16418,16418,"4413,4917,4423,1273,3331,5254,3681,3447,4562,3529"
16471,16471,"1398,978,3086,2275,6136,3118,5220,1422,6220,2731"
16489,16489,"3086,2910,2037,2231,5657,6643,1480,6520,5765,963"
16497,16497,"3858,4741,3821,6311,2025,4345,6211,7485,1597,643"
16509,16509,"5196,5135,7063,5303,4872,7314,1726,3091,6834,6322"
16510,16510,"4101,6812,5913,1956,1480,1125,3952,4006,7531,854"
16521,16521,"9799,10326,13309,7707,9962,8590,8161,7817,8562,10138"
16524,16524,"217,4924,4603,431,5090,5647,5608,688,4346,6343"
16582,16582,"1772,2013,4826,7539,350,408,2654,4283,1023,4345"
16592,16592,"6117,1376,6509,6251,7033,4366,386,2303,1875,3701"
16604,16604,"3157,880,3224,3659,3485,666,6137,2281,6473,6530"
16605,16605,"4186,7590,5733,3750,6053,5085,1728,5827,560,5444"
16617,16617,"5866,1287,4056,4346,4387,6343,5647,1153,5270,6837"
16622,16622,"2343,6757,811,1216,207,4917,467,3056,2669,4423"
16624,16624,"4413,4917,3331,4322,7399,4877,4423,3741,2537,857"
16628,16628,"3533,4927,6978,1338,5386,5697,829,64,2423,162"
16633,16633,"3447,1273,5555,5254,4309,4917,2537,7399,4413,4877"
16646,16646,"1398,2731,3533,64,4083,3447,4309,7438,4681,1988"
16651,16651,"6751,350,4345,4685,7530,4740,4283,3584,2556,37"
16654,16654,"6982,7410,2903,3112,582,828,3028,2692,6942,4970"
16673,16673,"2516,3157,3659,3224,6160,880,3494,1851,6137,4582"
16675,16675,"3467,790,1637,5105,6971,5042,787,5210,2343,220"
16677,16677,"860,5621,878,2442,5004,1915,2542,5967,6628,2981"
16679,16679,"1502,638,4176,947,90,6578,6485,4255,4638,1744"
16686,16686,"6982,1017,6091,453,4528,3373,3285,2442,31,1915"
16695,16695,"6560,2654,1780,4826,4345,350,7539,417,6910,4223"
16704,16704,"10326,9799,7707,9962,13309,8590,10138,10336,8235,11024"
16709,16709,"5836,613,7194,2809,6282,7410,6771,6107,1517,2118"
16773,16773,"2815,4129,4107,1270,2802,7558,1518,5446,2673,588"
16774,16774,"5342,6883,4550,1456,5548,3542,2655,105,3436,6288"
16797,16797,"6812,4101,827,4219,6520,3996,4504,3132,4066,786"
16803,16803,"1905,3467,6672,5105,790,7364,6771,4935,2343,5210"
16804,16804,"3941,4591,7072,5210,6877,2343,5905,7303,285,1938"
16806,16806,"5544,2895,5105,6842,4979,1234,1286,4722,1724,1037"
16810,16810,"2411,3484,1398,64,3247,2630,2528,3382,1383,6313"
16836,16836,"5636,5226,5733,6866,5085,1728,7590,3859,214,1255"
16844,16844,"10326,9799,13309,8590,7707,9962,10138,10336,11024,9942"
16861,16861,"6751,408,4685,4345,350,1023,4283,4208,3584,7530"
16875,16875,"1728,3952,2427,214,6187,5913,4773,1125,6520,4583"
16936,16936,"3697,2731,5386,5727,2037,3105,4681,2423,2343,1398"
16946,16946,"696,2815,4413,839,7021,7558,4129,4125,4522,3175"
16965,16965,"3529,4413,4169,4129,518,2953,4176,1995,2815,310"
16987,16987,"1273,4309,4877,3447,3842,4681,1398,6456,3533,6796"
16988,16988,"1728,2655,2536,1456,2573,6520,1923,6288,4206,254"
16989,16989,"1905,7558,4413,1398,64,3533,5386,2294,4423,4917"
17007,17007,"1728,6501,4745,5075,1826,854,2241,3565,7425,4550"
17016,17016,"350,7539,4826,4740,37,4283,2013,3528,2836,2556"
17030,17030,"4413,5210,310,2343,3529,7364,2014,3681,2437,4106"
17034,17034,"5836,7194,2118,4916,239,6326,4342,7072,4285,6616"
17054,17054,"910,4178,5226,6815,4342,5363,4117,4969,3777,2692"
17056,17056,"3499,928,7433,3338,7603,7521,708,1692,2628,6539"
17084,17084,"10326,9799,13309,9962,7707,8590,10336,8161,7817,10138"
17098,17098,"5091,5213,220,4722,5836,6112,1146,1286,6884,4733"
17102,17102,"1539,6343,1701,5647,1287,3808,6117,5737,448,4015"
17109,17109,"3000,7499,4460,6812,190,3808,1058,2020,2924,1539"
17112,17112,"2343,5210,4449,4917,467,3941,285,7303,1216,1637"
17119,17119,"3889,4294,4638,4060,947,1132,4475,167,6102,3781"
17124,17124,"3697,3205,1700,2411,6414,3858,429,5442,4450,61"
17141,17141,"5210,4651,2343,6672,3467,6640,2795,5042,1216,3770"
17160,17160,"5254,4413,4917,4125,790,7558,1905,4272,3447,2051"
17179,17179,"5836,7194,4094,2265,4688,6884,4722,1041,4925,6506"
17189,17189,"3808,1539,1287,2907,6343,448,700,7468,6950,3423"
17191,17191,"217,7324,3507,6431,5647,1287,6989,2208,609,5608"
17194,17194,"4917,2537,5210,5254,7303,5226,4449,6794,4745,5636"
17195,17195,"5210,4117,7590,6565,4982,4178,1822,4651,2343,5226"
17200,17200,"2037,61,2910,2938,4741,6442,4388,249,99,3086"
17212,17212,"6520,3952,1728,2573,2427,3249,7297,4101,854,7146"
17218,17218,"64,3533,1398,2199,1955,5411,3247,6876,931,3146"
17232,17232,"6982,7410,2899,7477,6420,3011,3396,1017,3285,6422"
17242,17242,"4255,1210,7553,4706,4679,3265,6212,3360,1641,2700"
17255,17255,"1234,2058,220,1424,7555,2415,660,1358,1753,618"
17262,17262,"2303,6509,3947,3795,6251,6117,7286,386,3701,38"
17275,17275,"3871,4084,4645,2457,6763,272,5761,694,1737,6659"
17276,17276,"214,1728,2427,1806,4036,6501,3952,7186,3266,6187"
17278,17278,"4917,2343,1273,3331,4423,5210,3681,4413,467,3296"
17283,17283,"142,2457,3909,3871,6166,3562,6117,2290,1890,3795"
17284,17284,"3808,1539,448,1287,700,6950,1058,4929,397,2907"
17295,17295,"9799,10326,9962,7707,13309,7817,8590,11431,10138,8161"
17298,17298,"5210,4117,4745,5226,560,2343,4651,88,4917,1637"
17319,17319,"5112,7298,6917,10326,3000,9962,8590,3543,7707,13309"
17320,17320,"3285,878,2667,4614,5907,6982,3396,5464,4737,6708"
17325,17325,"2343,789,4413,4125,4917,1273,2437,6640,5254,3681"
17330,17330,"4950,4309,3447,3514,6456,2802,827,5446,854,6313"
17334,17334,"1398,3982,4083,2731,2411,3533,7438,2938,6456,4818"
17346,17346,"350,4283,3584,4208,4002,1052,37,5562,633,3300"
17352,17352,"4929,1287,1539,3808,6343,6950,4015,2020,4664,700"
17353,17353,"2423,7336,4741,5697,4303,162,5032,1338,4296,5615"
17396,17396,"5411,970,2149,2825,3922,1787,5782,5632,3121,1751"
17408,17408,"3447,6456,3533,64,2987,3982,4083,1398,4917,2411"
17414,17414,"4176,6485,3411,4169,6112,6515,4722,4753,7550,82"
17422,17422,"3947,4993,1871,1171,2410,4852,2391,3748,2977,6606"
17424,17424,"6117,4176,4615,7068,15,4237,6251,7071,1744,1886"
17427,17427,"5104,3280,1052,350,89,4008,6089,37,1497,3095"
17432,17432,"2343,3529,6371,2437,4423,6640,732,4917,6817,6079"
17434,17434,"350,2013,37,7539,77,6089,4300,684,2836,6770"
17439,17439,"3667,5866,4929,7088,1219,1197,2620,6243,420,4735"
17442,17442,"854,4309,1728,1826,3952,4036,4006,1125,3996,1996"
17449,17449,"1287,2907,3423,4929,7499,3808,6950,5737,1539,3954"
17472,17472,"64,1398,6244,4083,3533,2731,2987,7438,5386,3697"
17509,17509,"6473,1539,2457,3808,2020,5797,1697,4015,5028,2410"
17522,17522,"2343,5210,7303,467,3941,4449,1952,285,2859,2313"
17527,17527,"1905,5210,2180,7364,2343,5254,6971,4449,7303,1952"
17535,17535,"190,5657,3000,3952,3552,2427,4460,6812,3086,5519"
17540,17540,"1539,448,1287,6343,6950,3808,4056,4015,6243,5737"
17541,17541,"5196,5135,4632,2789,4872,5672,4243,4835,7063,5831"
17551,17551,"5433,4345,453,2580,6315,9799,10326,126,8590,13309"
17564,17564,"5615,974,6829,5837,249,4741,7105,99,4174,388"
17565,17565,"7499,3423,6137,3659,2865,2516,3727,2916,4929,1287"
17581,17581,"1401,2303,141,1744,6117,1886,7286,5618,7068,3725"
17596,17596,"6107,4310,613,5210,3941,2343,4982,6755,6757,7064"
17601,17601,"4216,3204,166,5020,5433,6860,1851,2281,3494,5675"
17611,17611,"4917,2343,5210,7303,4449,2313,5254,4413,4557,467"
17612,17612,"6560,7221,6186,2234,4183,4458,2013,1612,6829,5836"
17620,17620,"4309,4791,4101,6501,854,7186,7425,1422,1826,5636"
17627,17627,"64,1398,3533,4917,3447,3331,4083,4309,2537,1273"
17634,17634,"7194,2895,75,2265,1234,6790,7224,1914,2260,6326"
17649,17649,"1398,3447,4309,1988,2634,2275,2731,64,6313,5555"
17654,17654,"6829,974,7221,6560,5720,5836,2118,7410,1517,2899"
17659,17659,"1398,4083,64,2275,6313,6305,6244,3247,3533,5555"
17666,17666,"4176,789,525,3781,4237,5493,7068,7153,1606,947"
17674,17674,"7558,4423,2815,4129,4917,1273,3331,3529,753,3488"
17684,17684,"5226,4388,5617,6361,2537,7457,910,5492,591,3117"
17708,17708,"5210,2795,4124,7364,2882,6672,3467,2700,4733,1637"
17709,17709,"2700,6107,5836,1517,1598,7461,4733,7582,6282,5066"
17741,17741,"4917,2343,5254,4125,1727,7558,4423,4557,1273,4449"
17752,17752,"3285,3781,4924,4060,1210,420,2602,1904,4527,1090"
17765,17765,"2037,3086,1398,1299,2275,4681,64,7438,6136,2731"
17770,17770,"1398,7438,6136,5386,4681,4083,2731,64,6835,4205"
17814,17814,"6107,4310,3198,4982,7185,6755,1254,583,6754,710"
17818,17818,"2591,6925,5291,166,7342,6381,1476,471,7343,6107"
17822,17822,"7477,3396,6982,1387,2899,3491,7279,7540,828,788"
17826,17826,"4113,4722,3785,4777,1210,4046,7471,6381,2140,1699"
17827,17827,"860,878,5621,355,7477,1752,6982,2667,3396,2442"
17840,17840,"1398,6313,6244,64,6305,4083,2275,3247,2528,4202"
17843,17843,"10326,9799,13309,8590,9962,8562,10138,9668,8161,13296"
17864,17864,"10326,9799,9962,8590,7707,13309,8562,8161,9942,8235"
17871,17871,"217,1456,105,1287,2768,658,4010,6463,4938,3423"
17881,17881,"5866,1763,4127,4170,5544,1079,7434,7088,2559,3227"
17928,17928,"4929,75,3667,2895,4660,6138,2454,1287,1219,7088"
17931,17931,"7446,1893,5274,1149,4077,789,4562,2168,6029,4917"
17933,17933,"3338,7468,448,6243,3808,6343,1539,4056,5647,4387"
17953,17953,"4178,4117,7072,6877,4591,2959,5196,10,2118,1129"
17970,17970,"1398,2731,7438,64,5386,5727,3086,3697,6244,6387"
17977,17977,"1401,7461,5556,6205,1744,4255,2154,4451,5631,2208"
17982,17982,"2013,4273,6832,350,4345,2391,4737,2410,77,3285"
17995,17995,"7194,4722,4094,92,220,6771,5836,6884,3467,5091"
18002,18002,"6187,2427,1584,5086,4101,2554,2916,3952,7254,2969"
18006,18006,"6381,7461,4176,1401,1302,5641,5846,4014,2208,5161"
18023,18023,"7194,6522,5291,2591,5499,6107,760,7120,1404,166"
18024,18024,"6212,350,2013,5026,37,4740,4638,2506,89,3834"
18047,18047,"947,4814,3931,4615,4060,3781,4113,4176,1094,5493"
18050,18050,"6397,708,5287,854,1728,4036,6187,402,4773,319"
18078,18078,"3840,1390,6326,222,2959,1373,10,6420,7410,3550"
18086,18086,"6751,3303,7530,3862,4645,2223,5761,3192,5160,4588"
18093,18093,"6117,6878,6989,386,5953,2208,2410,4176,2761,1784"
18115,18115,"4528,1017,6019,6925,6282,453,2899,3028,466,7342"
18122,18122,"2265,4452,742,4094,220,6506,1286,345,3097,4170"
18124,18124,"4917,1273,4125,3447,4557,1727,4423,2313,5254,7558"
18127,18127,"1398,64,4083,6244,3247,3533,3697,61,2528,2731"
18133,18133,"2343,467,5210,7303,5386,4449,7363,3941,4982,64"
18148,18148,"4562,5446,4155,1826,3447,1255,3842,1273,4736,3408"
18155,18155,"5425,2142,1880,4545,73,4193,2475,869,3124,7499"
18158,18158,"9799,10326,9962,13309,8590,7707,10336,11024,9942,8161"
18166,18166,"7194,2058,1424,7404,3635,4094,9799,10326,8590,220"
18167,18167,"3954,1134,345,274,3817,3667,7088,1219,5464,2265"
18169,18169,"3922,1052,6186,2058,2825,1424,3280,350,3584,5782"
18175,18175,"89,6906,4740,350,2964,37,4495,1310,2350,5929"
18178,18178,"7194,9799,2895,10663,8590,10326,12030,10607,8922,12497"
18214,18214,"6326,2287,6040,2944,1130,3667,5866,3090,387,7053"
18217,18217,"4413,2343,790,7566,7558,1727,6333,5254,7364,5825"
18226,18226,"254,7468,3808,1287,6343,6878,3338,1439,5075,6837"
18229,18229,"1539,2457,3808,6166,3871,427,3562,7537,4885,142"
18236,18236,"10326,9799,9962,13309,7707,8590,12990,8562,8161,10607"
18240,18240,"6560,4741,2423,6311,7221,2654,4715,7359,3858,7336"
18262,18262,"3954,1287,700,3423,6950,3808,7499,2907,4056,1058"
18266,18266,"5226,4178,7590,6565,5085,910,3117,4982,1938,3859"
18272,18272,"1728,3952,4773,854,3408,2427,1729,1826,6187,4630"
18292,18292,"6982,6135,788,7477,3396,2715,1387,1278,6855,2959"
18299,18299,"4176,6117,6485,6343,2426,3241,3852,2208,4284,1744"
18321,18321,"10326,13309,9799,9962,8590,7707,10336,11024,9866,10138"
18338,18338,"5075,254,4773,4338,398,3408,5184,2916,7089,1439"
18339,18339,"2343,64,3533,4917,1398,5386,4557,4681,2313,3982"
18341,18341,"73,7087,2314,4545,1416,3224,6899,5099,7113,4660"
18355,18355,"3447,4309,1398,5555,4562,1826,64,2275,1273,4877"
18364,18364,"7120,3728,659,6638,31,7439,3619,2700,6652,613"
18368,18368,"214,1728,5733,1996,4036,854,1538,7186,2554,6501"
18393,18393,"2343,207,5210,3467,613,1216,6757,787,4651,4310"
18409,18409,"3447,4309,4877,5636,1398,1826,5555,2731,2275,64"
18434,18434,"6950,4545,7499,2020,1058,7315,1539,2475,4929,4837"
18440,18440,"3331,6682,1273,6796,4413,3488,5636,2884,4791,5085"
18446,18446,"2199,1755,4645,4205,1383,3247,4021,1398,6876,1481"
18467,18467,"953,1851,4545,6137,7087,3157,4345,3018,1287,3494"
18475,18475,"6971,790,5210,3596,4743,4946,5544,381,4342,5042"
18487,18487,"6302,6560,1598,7221,6887,2456,1453,6673,4137,1180"
18489,18489,"1398,3697,4083,7438,6244,3382,3105,64,3205,3454"
18499,18499,"4706,4255,7553,7550,4922,4124,7461,3360,300,789"
18505,18505,"5004,2692,6982,1675,5354,828,7410,3378,3840,6326"
18525,18525,"4170,1889,7194,6168,1724,4688,5018,6995,2576,1079"
18530,18530,"854,6520,1728,4036,2573,4000,3996,3340,4913,4066"
18539,18539,"1956,1422,3065,7254,6313,827,3996,3408,3952,6498"
18546,18546,"1398,64,2528,6244,5386,3533,3247,2731,4083,3982"
18579,18579,"4309,2537,5636,214,3447,4791,1728,1826,6501,5254"
18585,18585,"7221,7194,3807,4688,5836,1041,4925,1424,1889,5268"
18595,18595,"1539,1287,6343,3808,448,5737,5647,4015,2457,4393"
18648,18648,"3667,1287,4929,6343,3954,5866,4346,4660,3423,4056"
18679,18679,"613,3467,7194,6107,4310,5666,6771,2343,467,5836"
18683,18683,"1586,6912,6562,37,350,3925,1398,4740,89,829"
18687,18687,"1398,64,2731,7303,2180,4935,5466,5386,2897,7364"
18718,18718,"4083,3454,5761,5615,1755,2340,2938,3447,6456,1543"
18741,18741,"345,742,5866,7227,1763,2542,2260,766,3227,2265"
18760,18760,"4176,6117,4798,1502,3241,609,1701,6787,6485,1784"
18771,18771,"3565,5085,910,7425,5617,7557,5226,5673,4178,5789"
18787,18787,"5836,2692,5004,1915,6522,2751,165,6843,2809,6107"
18788,18788,"6757,3296,4464,2423,3982,1938,515,2537,3533,4251"
18789,18789,"4345,6751,408,2654,1023,1772,4283,2013,4208,7539"
18798,18798,"1398,4083,64,3533,2987,5761,6562,694,2411,6099"
18800,18800,"910,5226,4178,4508,3777,2534,10326,3550,9799,8590"
18805,18805,"4413,310,3987,3110,2953,381,1255,4106,1995,5361"
18806,18806,"5866,6243,3323,4387,6418,2165,2327,4056,4367,4576"
18812,18812,"77,350,37,684,5026,89,5293,7539,2272,4008"
18818,18818,"4722,4176,947,3656,5048,4060,6657,1107,6869,3931"
18830,18830,"9799,10326,13309,9962,8590,7707,7817,8161,8562,11384"
18835,18835,"5303,5135,2700,2809,2813,4872,3728,5836,6240,4796"
18839,18839,"2981,766,2692,2542,7477,5004,3011,1915,760,6522"
18851,18851,"4660,7315,3954,5425,1287,5819,2861,2475,2142,3666"
18854,18854,"3954,3666,4056,1287,5464,4929,6950,4545,3423,700"
18864,18864,"4345,350,4283,408,1851,4809,1772,4826,1052,3494"
18865,18865,"6982,2981,7477,3396,766,3285,1134,2542,1387,1041"
18874,18874,"3157,1539,6950,7499,3808,953,1287,880,869,6473"
18875,18875,"3086,5175,1398,1638,4702,2318,6002,1556,7438,1676"
18879,18879,"7194,2265,4979,220,2895,1763,4722,5544,5018,1286"
18882,18882,"7194,92,220,3467,2216,4279,1234,4688,4094,2895"
18895,18895,"1938,1430,6978,583,4982,1988,4083,64,4681,4871"
18903,18903,"1305,826,416,7026,2208,5846,4924,4014,6091,5161"
18913,18913,"3488,1273,4423,3529,2343,6682,7558,732,1209,3509"
18934,18934,"4735,4966,1197,5224,2066,7373,1114,6925,2620,4329"
18935,18935,"5210,4917,4413,7364,7303,2180,1905,2343,2437,4449"
18981,18981,"3947,2391,2133,1228,2301,4270,350,5343,89,5984"
18985,18985,"1255,1270,3842,7254,4272,4562,4964,2874,6964,1893"
18987,18987,"1234,220,2058,947,2415,4638,1358,2426,660,618"
18990,18990,"6282,7410,6829,1254,1517,974,6019,2770,6982,1748"
18996,18996,"5158,5020,350,1851,77,37,1182,5433,2058,684"
19010,19010,"142,254,5075,3562,6878,7468,448,3909,6432,2457"
19016,19016,"5866,1153,6243,5524,4387,899,3370,847,4367,5977"
19018,19018,"1398,64,4083,3533,61,2037,6244,7438,3697,6305"
19029,19029,"2844,2961,3539,6522,4103,6479,6229,4924,2591,760"
19060,19060,"6343,1287,4056,3954,5647,2907,3423,700,463,2426"
19069,19069,"2789,2910,4973,717,3766,3660,7242,4621,1680,264"
19084,19084,"4722,220,7194,5213,4094,2895,1286,2265,5487,7227"
19086,19086,"3423,7499,4929,1287,2865,6407,3659,7112,880,2516"
19105,19105,"2343,207,6107,3879,3448,1823,841,5066,6757,1254"
19110,19110,"3247,2037,4000,9799,10326,8590,9962,13309,7707,64"
19135,19135,"64,3533,1398,2037,2528,4205,5386,61,1755,6244"
19144,19144,"4722,2265,7194,4094,5836,1041,7227,345,6506,6842"
19154,19154,"3533,2037,1398,5386,2731,64,3247,2343,4681,4205"
19168,19168,"1915,2981,742,2692,860,6522,2751,3539,5499,766"
19173,19173,"217,4924,4014,2208,416,6845,5161,5675,2954,6272"
19187,19187,"6019,389,6107,453,1254,2023,4528,7343,7342,7569"
19216,19216,"1398,1988,64,4083,3533,6313,2731,7438,4681,2037"
19227,19227,"4737,5440,6447,3598,6708,7063,3285,4336,6260,1726"
19231,19231,"2343,467,5210,5386,4449,3533,1216,7303,2859,1637"
19234,19234,"2020,7499,1709,880,3808,5124,1539,4157,4460,3000"
19255,19255,"7342,166,6282,3373,5291,6925,7343,1517,2961,3079"
19258,19258,"2989,7232,6205,3427,6272,1563,3532,1316,5966,5647"
19266,19266,"2013,77,2506,350,37,684,1132,5026,6089,4638"
19296,19296,"1287,3808,5548,5425,2907,3543,2624,1539,5797,3499"
19297,19297,"4625,5021,4444,5884,1153,4773,6218,3980,2270,3343"
19308,19308,"1287,2907,3808,7499,6950,700,3423,1539,5797,4929"
19323,19323,"6925,166,6019,3373,6107,7343,1254,6282,4220,2663"
19346,19346,"4060,3781,4722,7063,4814,947,3931,3156,4615,4176"
19347,19347,"1017,4528,453,6282,1254,3071,6019,31,6982,7410"
19360,19360,"6187,4576,2916,5913,5202,5548,5797,6481,3041,1153"
19364,19364,"5210,7303,6749,4449,6971,2343,2537,5226,1637,7364"
19378,19378,"5836,1041,2118,2009,6834,6809,5720,5091,471,3515"
19379,19379,"4917,3331,1273,4413,3529,4423,3681,1893,4106,310"
19380,19380,"7221,6311,1424,417,5787,2149,749,668,5560,4685"
19381,19381,"4741,3762,2654,6751,3858,2025,4345,7336,2279,974"
19384,19384,"77,684,2013,4826,5026,350,37,5158,2272,4008"
19385,19385,"1728,1826,214,6501,7425,5636,5085,3565,5733,6053"
19388,19388,"7194,3467,220,92,1234,6884,6771,4688,5487,3807"
19406,19406,"6515,6333,1637,790,4210,705,4413,6971,3110,2882"
19408,19408,"5226,4117,6361,5492,7590,910,3243,3565,88,4644"
19415,19415,"3467,7194,92,9799,220,10326,13309,9962,8590,7707"
19417,19417,"6117,386,1316,4224,6251,2106,6343,4129,7580,1759"
19434,19434,"2020,10326,9799,10663,8590,13309,9962,9668,8161,8922"
19441,19441,"4632,2107,4737,7063,5440,6260,7314,4336,3598,1726"
19461,19461,"4423,3529,1905,4413,7550,4917,4055,6640,4124,4619"
19474,19474,"2199,5411,2149,2058,4685,5782,6562,970,3922,3689"
19477,19477,"4722,2265,4094,4046,5754,5091,4465,471,1286,2277"
19484,19484,"1744,386,1401,6117,3725,4615,6251,7005,5631,826"
19502,19502,"1273,4562,3842,3488,100,7558,4917,4413,3509,1893"
19503,19503,"3000,2516,7087,666,880,3157,3727,4460,6137,3659"
19512,19512,"6107,4947,5615,1254,1017,453,6282,3071,2770,6982"
19515,19515,"6982,6322,2580,974,6918,2218,6829,828,4930,3821"
19518,19518,"9799,10326,13309,9962,7707,8590,7817,8161,8562,10336"
19530,19530,"1539,3808,6343,2457,1287,4929,448,3338,5647,5737"
19559,19559,"7558,2343,4125,790,1727,4917,4272,753,5790,1905"
19576,19576,"1598,7194,4688,6107,5249,220,2216,7120,3856,2108"
19586,19586,"3285,6708,2548,6982,960,3833,4737,5907,6047,2602"
19594,19594,"1398,3382,4205,2731,64,6517,4681,5386,7438,3697"
19605,19605,"4309,1826,2275,6305,5636,1996,4950,3078,3447,5877"
19618,19618,"4685,4002,633,4345,6751,970,4208,3584,4500,4283"
19620,19620,"6982,828,1278,3760,6855,1144,5615,6992,2004,3588"
19623,19623,"2989,254,4066,2768,4550,5075,2401,7324,786,1943"
19628,19628,"2343,5727,829,4411,6387,1586,4728,6912,5386,3206"
19631,19631,"4722,5091,7193,4094,471,6884,5499,4046,7194,2277"
19642,19642,"4176,6485,6112,1502,3241,5675,6787,6381,4798,7232"
19644,19644,"449,2218,3870,953,4473,5293,6751,7440,4345,6041"
19648,19648,"4345,4809,408,1851,6751,5073,6160,1497,633,4002"
19665,19665,"3447,7399,4106,4413,3987,827,1398,4917,153,4423"
19683,19683,"4733,6112,1146,6787,4798,7550,5485,2014,2700,4124"
19684,19684,"10326,9799,8590,13309,10663,8161,7707,10607,9962,9580"
19693,19693,"1255,854,1728,1826,6501,2241,1729,1996,4036,4630"
19696,19696,"4036,3996,2427,854,7254,1422,2554,3952,5086,3604"
19707,19707,"1398,4083,7438,6835,4818,2731,5761,64,1556,3697"
19715,19715,"1637,4210,790,5210,467,910,5226,4287,787,5505"
19716,19716,"2391,4270,3947,2133,2013,449,4826,77,350,7539"
19729,19729,"4550,254,6883,7415,1456,3335,2401,2768,217,1153"
19734,19734,"3539,2961,2692,1915,6522,2442,5004,742,3285,2751"
19758,19758,"4107,5470,6515,7128,4024,6839,141,2303,38,1759"
19764,19764,"5836,2809,7582,4777,6884,4722,2369,4465,5624,4046"
19773,19773,"5210,6971,4178,5226,4342,5042,2343,6732,7245,467"
19778,19778,"6186,2058,1424,1787,6560,4183,7194,1612,5782,3635"
19780,19780,"633,3584,1497,6160,350,4283,4002,408,3494,4345"
19784,19784,"5275,829,4927,4411,1338,6876,3533,2384,3805,1170"
19786,19786,"9799,8590,10326,7707,10663,9962,8161,13309,11024,10138"
19793,19793,"9799,10326,9962,7707,13309,8562,8161,10138,8590,11282"
19798,19798,"4927,1586,829,6978,5275,6876,4411,1338,7530,1755"
19808,19808,"7590,5210,4651,6749,6757,6565,1822,2813,4982,6901"
19812,19812,"1130,217,6303,6628,2944,5231,5967,4247,4924,6656"
19821,19821,"3697,61,6442,5386,5911,2411,4613,4741,2938,3440"
19830,19830,"2423,3146,7336,1755,4205,1338,162,1955,7530,6876"
19843,19843,"1422,3000,6313,4460,1956,3996,7252,3065,6498,2427"
19867,19867,"5210,467,1637,6446,787,613,2343,3467,252,4287"
19889,19889,"6243,6950,4545,1539,513,2468,869,3139,5464,6539"
19893,19893,"2548,6982,3840,6939,2542,788,960,828,1390,6855"
19898,19898,"350,1772,4826,2391,2836,4495,2807,4740,1023,1497"
19902,19902,"6757,4464,5615,3533,4083,3296,4681,61,64,2938"
19905,19905,"2118,5720,7410,2899,6282,1041,2692,6420,2981,7275"
19910,19910,"1905,7364,2343,3467,5210,6971,1952,252,4935,790"
19929,19929,"2654,1772,2013,6751,3762,7539,350,2423,2927,6560"
19932,19932,"5555,4309,3447,1398,1728,1826,64,4388,2275,6305"
19952,19952,"4107,588,5446,4129,141,2802,46,2673,1747,1893"
19956,19956,"217,4346,7433,4924,262,2954,7293,6091,3423,4056"
19987,19987,"6243,3323,4056,3827,4387,6328,4924,6539,5076,860"
20008,20008,"7194,2216,1234,220,5812,4279,4094,2265,1358,4688"
20018,20018,"3423,1287,3954,4929,7499,4056,4346,394,3666,10663"
20019,20019,"1398,64,3533,3247,4083,6313,6244,883,2275,6305"
20020,20020,"5866,1153,2327,3577,2548,6590,3370,4387,5907,2861"
20023,20023,"790,5105,6971,1905,705,3055,3017,3259,7364,3467"
20031,20031,"3941,7072,5210,4591,6794,5226,3999,6749,4285,1952"
20039,20039,"5226,4178,910,6815,7590,4117,4342,6732,1493,5492"
20040,20040,"4346,3926,217,2327,3861,262,5090,7433,1130,5621"
20041,20041,"854,1728,1923,4036,2655,2241,2554,1729,6187,2536"
20045,20045,"6282,2158,2542,2854,2981,1517,3071,1254,6925,2028"
20056,20056,"2692,6107,2959,1254,5004,165,4178,7410,4982,4310"
20069,20069,"5761,7530,1556,4411,2384,1338,2741,6562,2649,6912"
20074,20074,"9799,10326,13309,8590,7707,10138,11431,8161,11024,9962"
20083,20083,"1422,3996,7252,359,7254,6498,2427,4101,6122,2682"
20085,20085,"1376,6509,1407,340,4670,6117,7068,1094,6657,296"
20086,20086,"3423,3954,1287,5425,2907,700,7499,869,3808,6011"
20089,20089,"9799,10326,13309,7707,9962,8590,10138,7817,8161,11024"
20101,20101,"4413,5254,2537,2180,5555,381,5210,4562,4917,3987"
20104,20104,"4127,2559,2469,1079,6995,4170,6018,6591,1724,2433"
20112,20112,"6640,789,7550,7071,5021,7347,4124,7021,2535,732"
20115,20115,"5761,6751,7530,741,2741,3192,2025,5238,3821,2340"
20133,20133,"45,885,5935,4084,4003,1873,883,3484,272,6562"
20136,20136,"214,7425,5733,6053,3565,1728,5827,5636,5226,1806"
20138,20138,"1287,1539,5425,3808,6950,2907,2020,7499,5797,2475"
20162,20162,"1287,3954,4056,3423,2907,6343,700,3808,1539,463"
20176,20176,"790,5544,5210,3467,5105,5303,3052,6672,6238,1637"
20200,20200,"7194,6884,4722,3467,5836,4094,5487,220,2265,5091"
20222,20222,"1955,4205,1700,967,2423,4396,5411,2931,1361,643"
20251,20251,"3996,1728,3408,854,1729,5522,1826,4630,3065,4773"
20256,20256,"5866,3667,7053,4567,345,1763,2053,6460,1421,2620"
20264,20264,"3331,4917,2343,1273,1637,5210,4413,4449,467,317"
20280,20280,"4722,6381,7461,90,4176,4113,3360,6578,4586,5091"
20286,20286,"4413,4423,4917,1273,4125,7021,1893,789,839,7347"
20323,20323,"2667,878,5907,1752,5755,4614,5464,3370,5621,6460"
20324,20324,"1398,5254,64,3447,4413,1905,1988,2731,2180,7364"
20336,20336,"4413,2882,3529,603,4124,7550,7232,7369,2953,4753"
20339,20339,"3157,4929,2020,6473,666,3918,292,3485,6950,4976"
20344,20344,"4550,5866,147,2916,1456,1153,1763,6883,3667,3542"
20356,20356,"7242,1680,7270,4399,4929,4434,3659,2142,2861,3491"
20360,20360,"3808,3338,2907,1153,1539,1287,5797,700,60,7468"
20362,20362,"7194,5836,7120,2961,2751,4688,165,2118,6522,6420"
20376,20376,"5761,7530,7336,2384,1338,1755,4303,162,2741,516"
20381,20381,"4413,4423,1273,4917,3529,1893,3331,3741,5254,839"
20394,20394,"4930,1017,3028,6982,7365,2163,6085,5835,4528,1275"
20397,20397,"1234,220,2216,2265,1134,7194,4279,1358,2415,4226"
20407,20407,"5866,4929,3667,7088,1724,2620,7515,1763,1684,3055"
20413,20413,"89,2013,2506,350,37,1132,4740,7063,4270,77"
20433,20433,"5105,4170,1724,1234,1037,4127,3150,2415,7197,180"
20448,20448,"5085,6866,1938,3117,4982,3750,5636,1430,99,7590"
20492,20492,"967,1955,429,5411,6562,4685,7530,6425,5761,2423"
20505,20505,"4155,1528,4136,2090,4885,6397,1464,5876,1843,5672"
20512,20512,"7194,220,1234,4688,3807,187,6771,4925,2748,92"
20514,20514,"3331,4791,6796,1273,1255,3842,6682,4877,5902,3488"
20533,20533,"1120,6082,222,2959,6628,4117,2033,1373,1162,3276"
20543,20543,"389,7208,1254,6107,3071,453,2023,7064,7343,6282"
20546,20546,"4176,2014,4753,4169,6817,2953,2795,7550,6787,4413"
20557,20557,"2343,467,5210,6971,1637,4449,7364,2537,5505,7303"
20558,20558,"1398,64,3533,2037,2528,3247,6244,2731,3982,4083"
20561,20561,"1744,2574,826,3241,7026,1701,2208,5010,1502,5953"
20566,20566,"6282,1517,2654,3879,6560,974,1254,6829,2013,3762"
20573,20573,"5210,3467,790,1905,6672,6238,6971,4285,5105,6794"
20623,20623,"742,1915,1041,4094,6506,4156,1134,3285,2265,6982"
20627,20627,"4670,6657,2104,1132,525,3865,1990,6552,7153,300"
20643,20643,"5836,6420,2542,742,2751,766,2981,7194,2260,2118"
20645,20645,"4255,1699,6509,2303,300,4113,7461,6657,6381,3221"
20652,20652,"4773,854,4109,2969,6812,5318,6397,1711,3408,6187"
20654,20654,"7194,3467,5544,790,5105,6616,220,3259,1905,5018"
20667,20667,"5836,7194,5004,2692,7410,4796,5652,2809,2751,4094"
20670,20670,"7221,6560,4345,1424,417,1052,4223,1787,3573,3553"
20671,20671,"7315,5907,4660,2667,4614,2861,5755,6950,878,1474"
20676,20676,"9799,10326,13309,9962,8590,8562,8161,10138,7707,9668"
20694,20694,"6473,7087,6950,1539,3157,1468,4837,3423,869,880"
20709,20709,"3000,2137,1851,3224,5507,1750,666,3722,969,1661"
20716,20716,"4178,910,5085,5226,3565,2959,1189,3049,1493,7590"
20739,20739,"10326,13309,9962,9799,8590,7707,8562,9866,11024,10336"
20763,20763,"7194,6884,4688,5091,5836,1286,2265,4722,2277,4925"
20779,20779,"7590,5226,2343,3117,5210,2537,5636,457,467,5085"
20781,20781,"10326,9799,9962,13309,8590,7707,10336,8235,10138,8562"
20790,20790,"10326,8590,9799,13309,7707,9962,13296,12990,9580,9942"
20792,20792,"6515,1763,3110,4210,3055,4176,637,2953,6693,217"
20797,20797,"10326,9799,9962,13309,8590,11282,7707,11024,10138,10336"
20811,20811,"3447,1398,4309,6313,3533,64,4083,3247,2275,6244"
20821,20821,"1456,2916,254,2655,4550,2401,6288,3335,5515,3542"
20830,20830,"4345,3494,5433,4809,5020,1851,4582,5158,7584,1052"
20861,20861,"1316,7468,7128,6117,142,4625,4237,6343,5075,254"
20878,20878,"3488,4159,4083,5761,3509,6562,1755,6758,2341,3192"
20891,20891,"4550,6883,3987,7415,2768,6501,6520,1519,786,5515"
20895,20895,"1273,3331,4413,4917,3741,4423,2294,7399,1727,4877"
20901,20901,"6520,1826,1728,1729,854,2573,3672,4630,2848,5555"
20908,20908,"609,6343,5953,1502,826,3241,2426,1744,1784,2574"
20928,20928,"1728,3952,214,854,1480,4388,402,2275,4036,1996"
20945,20945,"4798,6787,2294,7369,4169,1234,1905,3073,2484,220"
20971,20971,"5621,3926,2861,860,5907,1752,2287,2667,878,1130"
20979,20979,"350,37,2836,4740,6562,4495,3854,7539,5577,89"
20982,20982,"1822,1213,4982,5709,3114,2813,7208,5418,6022,2697"
20991,20991,"3529,4423,1273,4413,4917,3331,2343,1727,3488,6371"
20998,20998,"6562,4685,6751,4645,5761,7530,429,6293,3060,5600"
21006,21006,"1755,5761,6244,6659,4645,6562,3303,4205,6751,7243"
21018,21018,"7138,5422,4413,4028,479,716,3667,7454,4181,6883"
21028,21028,"4722,742,4046,5836,1941,345,7227,2265,4094,6884"
21041,21041,"6971,790,5210,1905,5590,7364,4210,5105,4935,5461"
21042,21042,"5673,6288,1728,6329,10326,8590,3952,4101,9962,13309"
21064,21064,"2234,6212,4381,841,2693,2423,7257,4183,6771,1338"
21075,21075,"2916,398,5515,2401,1728,1456,2768,1681,3461,2937"
21078,21078,"2343,4464,4449,6757,5210,1637,2859,5386,7303,2313"
21081,21081,"1041,5836,7410,6925,582,6282,5720,2118,2899,1517"
21084,21084,"3987,4562,5555,1255,4413,4522,1273,1826,6964,4877"
21089,21089,"2861,5896,2327,5959,1735,3577,1130,2954,542,5907"
21112,21112,"700,2907,1287,3423,3808,1058,5425,7499,3338,1153"
21126,21126,"5907,2861,5755,2548,2327,878,6145,6982,4623,4614"
21129,21129,"6343,2426,5647,1316,448,6989,6878,6837,1287,714"
21130,21130,"6855,3833,4737,6982,5588,6708,5831,3229,1090,974"
21137,21137,"1539,2457,1058,3808,3909,6343,7468,1287,5028,1316"
21149,21149,"5953,609,1784,1502,3241,1701,2574,4284,7145,6117"
21152,21152,"3952,1728,214,2427,7297,854,402,3408,1729,6498"
21177,21177,"854,1728,3408,4773,2554,2241,5446,254,4109,5314"
21191,21191,"7530,2654,1338,6751,6560,7539,532,7359,2649,4741"
21200,21200,"2313,5386,2343,6757,3982,4917,4449,3533,1273,2423"
21204,21204,"5086,3542,4867,1158,6883,3335,3266,3552,6520,2427"
21221,21221,"5720,2118,2234,5836,5905,6142,7275,974,1041,7194"
21228,21228,"4722,947,4060,3781,3931,167,4638,5091,6168,4475"
21249,21249,"2343,3941,5210,6757,1216,207,467,4872,811,3296"
21256,21256,"4345,4809,2654,408,6751,6673,4826,7539,3762,2461"
21261,21261,"9799,13309,9962,10326,7707,8590,10663,10336,10138,9668"
21279,21279,"1017,2899,6982,4528,2580,7410,7342,3028,453,6829"
21282,21282,"7221,1424,1234,2058,220,7194,7463,5438,3807,187"
21305,21305,"3562,4155,142,5318,6988,6825,6397,854,4109,3408"
21307,21307,"2180,10326,9799,8590,7707,9580,9962,8922,13309,12990"
21315,21315,"10326,13309,9962,8590,9799,7707,10663,10607,11024,12990"
21342,21342,"1539,3808,6243,448,4367,4387,4885,3737,756,5243"
21347,21347,"1763,5836,837,5196,4285,6326,5249,10,1080,3840"
21357,21357,"789,5440,114,4835,9962,13309,9799,10326,8590,7707"
21358,21358,"4345,4809,3491,4901,7584,6315,5433,3870,2654,7242"
21368,21368,"4089,5678,2937,1162,1456,2789,5515,6288,214,7561"
21372,21372,"4413,4562,7446,3681,381,4917,1893,4272,4125,7400"
21373,21373,"1424,2058,7555,180,1787,7463,5822,5787,5951,7221"
21383,21383,"3667,860,5866,217,4924,345,7464,2287,1763,7053"
21393,21393,"7221,6560,1424,817,1052,417,7539,6306,4183,4826"
21415,21415,"4183,350,6186,7539,668,2013,3584,4208,4826,5710"
21421,21421,"4722,5091,5213,6884,4133,1286,6381,220,2277,5087"
21433,21433,"10326,9799,9962,7707,8590,9668,11282,8161,8235,12990"
21449,21449,"4060,6168,345,3781,3931,7063,1889,4452,947,4777"
21483,21483,"2327,1456,5959,2861,5907,3041,5896,7029,3577,523"
21488,21488,"3952,1728,4309,3153,1826,854,214,1398,4083,2275"
21518,21518,"4413,4917,3447,4423,1273,5254,1893,4807,1727,7399"
21528,21528,"5210,1637,3331,4917,4413,4210,4272,6749,790,2343"
21536,21536,"3017,3055,5105,790,1763,1037,2895,1286,3259,5544"
21585,21585,"3427,2989,254,5075,2768,4066,2401,1247,7324,217"
21598,21598,"6343,1287,6243,448,5647,4929,5076,4576,4346,6950"
21602,21602,"1398,3533,64,7438,2731,4681,4083,5386,6244,3982"
21604,21604,"3447,4309,3842,4562,1893,5619,4917,7446,5274,1967"
21626,21626,"10326,9799,9962,13309,7707,8590,10336,8562,12990,11024"
21636,21636,"910,2959,5226,222,1189,4178,3550,4117,3840,1120"
21649,21649,"5866,6243,4387,4346,3827,1421,3370,3323,3667,4197"
21650,21650,"7530,6751,5761,350,2384,2649,6562,1338,2741,2223"
21655,21655,"1287,2907,4929,7499,6950,2475,3423,4660,5797,3954"
21662,21662,"3808,1539,7468,448,3338,1287,2907,700,4885,7184"
21681,21681,"4341,408,2461,1497,4345,4826,4223,633,350,3584"
21686,21686,"5907,3577,2548,2861,4623,5621,3569,5755,2327,7573"
21699,21699,"4413,4423,1273,3488,1747,4917,3529,3331,6640,839"
21702,21702,"1134,6560,2058,7194,3698,3573,2013,2216,7221,4531"
21709,21709,"345,2265,1763,7227,3667,5866,2895,75,520,7464"
21718,21718,"7539,2654,2013,4826,37,77,350,684,5158,6560"
21719,21719,"4413,2882,4651,6682,3529,7358,603,3110,1866,4210"
21724,21724,"7499,2142,126,3659,2516,3224,880,6211,2475,953"
21741,21741,"2410,4070,3149,4993,6598,3338,4158,2457,2617,427"
21746,21746,"4917,2343,4557,4125,1273,1893,4423,317,3447,5254"
21751,21751,"5913,190,5184,7499,2475,3499,5425,1880,2142,647"
21754,21754,"6638,6107,680,7439,1978,3950,6754,2905,165,4947"
21768,21768,"3499,5287,2916,2907,1153,6187,5797,3808,7499,105"
21775,21775,"6343,4929,1287,5647,2426,714,1316,3507,448,3423"
21781,21781,"10326,9799,13309,7707,9962,11024,10607,8590,10336,10138"
21789,21789,"6751,7530,2654,3762,7336,4741,2741,2423,2649,922"
21795,21795,"2343,4411,1586,5275,829,2465,3168,6876,2712,7558"
21812,21812,"6212,2013,473,6260,2234,4381,3091,3879,7314,2506"
21814,21814,"2343,5210,2437,4651,4413,1637,4917,3529,4423,7364"
21820,21820,"3000,4460,4929,5718,3157,2020,190,73,5519,7499"
21827,21827,"214,1728,1826,6501,3987,5733,5636,7425,2573,6520"
21838,21838,"6126,841,6696,3728,4579,4253,5894,2158,1124,974"
21855,21855,"4576,6343,6989,2989,254,448,4550,4346,1316,7225"
21881,21881,"4178,910,5226,2167,4992,4117,6936,1765,2959,3550"
21884,21884,"6982,3950,6322,2004,828,3760,7499,3499,5972,6653"
21889,21889,"7145,15,1132,638,3334,6381,783,6270,4176,4113"
21896,21896,"3488,10326,9799,9962,8590,13309,7707,8562,10138,12990"
21902,21902,"4443,4101,2916,7178,7499,3543,1456,4199,6656,4929"
21916,21916,"2938,5615,1299,6442,4818,2037,4951,2731,3086,7590"
21927,21927,"4722,6381,4176,5091,90,5087,2277,4133,471,1286"
21938,21938,"4413,4917,1905,2483,4423,153,7558,2343,4125,7364"
21948,21948,"4002,350,4345,633,4826,37,2556,4283,77,4500"
21952,21952,"6282,1517,6107,1254,166,1823,7343,3879,6019,2023"
21954,21954,"1273,4917,3331,2343,4423,1637,5210,467,3488,4651"
21955,21955,"3533,6562,4411,4159,5761,162,4927,1398,2987,2423"
21978,21978,"4929,1287,5797,5425,7499,6138,2475,2907,73,6431"
21983,21983,"5907,3543,7315,3577,4908,5819,2142,878,4660,869"
22004,22004,"525,789,7071,7153,102,4746,3865,4670,1128,300"
22007,22007,"4176,1502,3241,5953,2574,609,1784,2208,1701,3656"
22014,22014,"4924,3154,75,1130,7293,896,217,4103,1578,2954"
22020,22020,"3157,880,953,3224,2020,2516,5389,3659,666,1851"
22052,22052,"4129,4798,6787,1044,2673,1376,2815,7369,4107,7392"
22056,22056,"4101,5231,4066,6656,1072,2573,1728,3578,704,6288"
22064,22064,"6656,5231,217,7324,646,4603,5090,4066,1189,6994"
22072,22072,"6925,6282,166,7194,5836,4094,220,6107,3445,1517"
22074,22074,"666,3494,4345,1851,1619,4809,6160,6384,2179,4582"
22102,22102,"7194,910,6326,5836,4342,2167,10,5226,7072,1129"
22110,22110,"1955,1398,4205,5411,6244,3146,2037,967,4685,4021"
22111,22111,"2692,2899,498,7410,6925,5004,6107,1254,166,7342"
22119,22119,"1286,4133,4722,5091,6884,1234,2277,5087,2895,92"
22125,22125,"910,5226,4342,6732,3859,3565,4743,7454,5085,4178"
22150,22150,"64,5275,3982,6876,1755,1338,2384,4411,3533,4728"
22151,22151,"1316,947,5493,6147,167,4060,4638,4777,345,1898"
22154,22154,"4741,4947,680,1017,3295,1220,3697,4153,3858,2772"
22213,22213,"4413,3529,1637,3331,4917,1273,4423,5210,2054,705"
22256,22256,"2343,5210,1987,238,4917,818,5254,4449,4413,2437"
22258,22258,"6656,896,6303,5930,1162,3667,860,3090,646,5866"
22265,22265,"4929,2426,714,5647,6343,2072,1287,1316,3507,3053"
22279,22279,"4722,5487,5544,5105,1286,3052,6842,7227,2265,6884"
22280,22280,"5210,6971,4117,3941,5042,6794,3999,3596,7590,6732"
22283,22283,"6560,2149,1052,4220,4616,350,6788,7539,2465,6978"
22286,22286,"3697,5727,1955,5386,4205,3105,4396,1700,61,1398"
22288,22288,"7232,907,7369,5598,3110,4413,3560,2699,4451,5197"
22321,22321,"6243,7468,3338,5631,2989,826,6609,4282,448,3827"
22336,22336,"7194,6560,7221,3703,3805,220,1424,3856,2286,5666"
22344,22344,"5761,6562,7530,3060,4645,2223,2384,741,2296,7000"
22353,22353,"666,953,4345,2179,408,3494,1539,4711,3959,4826"
22356,22356,"4388,2537,1398,61,5555,64,5386,3340,2037,4083"
22387,22387,"7315,880,73,3485,7499,3157,3224,4545,3659,443"
22427,22427,"2426,609,1744,1502,6343,4176,5953,3656,1316,3241"
22428,22428,"4722,4176,6381,90,6657,2781,789,6270,7461,6485"
22449,22449,"6925,1017,1517,6829,6322,466,6019,6617,4528,3998"
22452,22452,"7194,5836,4688,4722,2265,7120,6842,4925,5091,5487"
22460,22460,"7221,1424,6560,5158,4220,3573,7539,7584,4345,2654"
22467,22467,"5112,6812,1584,7499,3952,190,4109,3000,1956,2969"
22480,22480,"6560,6925,2899,7221,2654,2013,2456,1517,7539,4458"
22481,22481,"10326,9962,9799,8590,8922,8235,7707,9942,10138,11282"
22484,22484,"2234,6032,5720,5227,2118,1041,7221,955,5486,7275"
22489,22489,"3423,1287,3954,4056,869,4545,700,5464,2907,6243"
22502,22502,"10326,9799,13309,8590,9962,10138,7707,8562,8161,9580"
22510,22510,"7499,2020,953,4837,3808,1539,3000,2475,880,1058"
22511,22511,"638,1132,3334,6381,90,4638,3360,6089,3241,1784"
22514,22514,"10663,10326,8590,9799,7707,8161,13309,9962,8562,11024"
22520,22520,"7530,3858,967,6751,1955,5411,3584,6425,6973,1700"
22546,22546,"10326,6982,13309,9799,9962,8590,12990,8922,10336,10138"
22551,22551,"6757,5506,3488,1338,7470,2384,3533,6887,4464,162"
22582,22582,"2423,4303,7336,5697,4411,1361,1338,6377,5032,1755"
22595,22595,"4205,4303,6978,5761,1398,3533,829,162,64,2423"
22597,22597,"6381,1302,7461,6578,293,4113,1401,984,1699,7550"
22605,22605,"220,4722,5105,3467,787,1286,4046,5487,1234,2265"
22618,22618,"4083,1398,2987,6244,6313,64,2731,3533,3247,61"
22641,22641,"217,7232,907,4550,6845,4964,3110,2989,4451,6994"
22645,22645,"2265,7194,7227,2895,345,4722,520,4279,2216,4133"
22660,22660,"1539,3808,2457,5737,6343,4393,3013,5253,386,5647"
22666,22666,"4345,4809,5433,2279,2772,838,1017,6311,3491,6751"
22674,22674,"1316,448,6117,7468,6343,254,2989,6654,728,4015"
22678,22678,"6032,955,4170,4127,6168,5486,2107,5227,6648,2946"
22697,22697,"6343,4056,1287,4387,6243,5647,1539,448,7468,1153"
22698,22698,"4924,7433,4056,262,3640,4985,3984,5464,4346,6243"
22705,22705,"6313,1422,3000,3484,4460,1398,1383,4084,240,2630"
22710,22710,"3494,4809,4345,6160,3157,1851,2179,5020,970,3204"
22714,22714,"7530,4741,6751,4345,4715,3858,6959,6311,3454,2741"
22715,22715,"2959,1822,4178,7208,7590,6565,4117,9799,10326,8590"
22720,22720,"3762,4741,974,6829,2654,2423,2279,6311,532,6560"
22734,22734,"6343,4056,2426,1287,4015,609,6449,3954,5953,947"
22735,22735,"3858,6311,7530,2025,6959,4345,749,4685,4741,3821"
22736,22736,"3667,6343,5866,5647,1287,4346,4576,2053,4550,7430"
22747,22747,"3331,1273,3447,4309,4917,4877,2537,3741,4413,7399"
22748,22748,"7369,907,3241,4798,7232,6117,4129,1701,4176,3560"
22759,22759,"64,1398,3533,4083,5386,2731,7438,6244,61,2037"
22761,22761,"1255,5075,854,5370,3987,4791,3672,6964,560,1826"
22774,22774,"3338,7468,1539,3808,6343,5647,1287,448,5253,4015"
22783,22783,"7590,99,5615,1938,4251,6565,6901,5085,3352,6705"
22830,22830,"7558,5177,7345,6456,4548,5346,2855,4521,7049,6026"
22831,22831,"345,860,2265,4046,7224,1941,1914,4094,4722,1915"
22846,22846,"6117,386,1701,3241,5953,7145,1053,1502,1784,609"
22850,22850,"613,4310,6107,6282,3198,6755,1404,207,7194,6757"
22883,22883,"6501,1139,1826,4000,3249,786,254,3987,7271,4867"
22887,22887,"3331,1273,4917,4423,4413,3529,3488,3741,6079,2343"
22893,22893,"1728,3542,214,4101,1456,2916,7178,5086,5573,2427"
22905,22905,"1744,1701,6117,386,7468,2457,5010,4451,3562,5197"
22923,22923,"1273,3488,5828,907,5825,789,7550,36,4129,4107"
22956,22956,"6343,1287,5647,6989,2426,1316,688,4056,6431,4929"
22964,22964,"6787,4798,603,1304,3334,7369,6371,2953,638,7550"
22972,22972,"2343,789,467,5210,6971,3467,6640,6610,790,5042"
22985,22985,"4155,6426,1518,4736,2112,1270,696,3842,7254,5446"
23011,23011,"1728,214,5226,6501,5733,5688,6361,4745,910,5444"
23027,23027,"3795,7468,386,6117,7128,2303,6243,1316,6166,4615"
23036,23036,"4413,3331,4917,1273,3529,6333,3681,4106,790,2884"
23038,23038,"3086,2037,1836,2528,2910,1398,3247,1750,3382,64"
23046,23046,"4413,3529,7550,4124,1905,4917,4169,2343,2795,3331"
23051,23051,"2218,2499,3947,4473,3990,6293,349,408,2310,4482"
23057,23057,"2343,5210,6971,7364,467,790,1905,7363,252,2180"
23062,23062,"220,4722,1234,1286,4133,5213,6884,5091,2895,2277"
23069,23069,"2343,467,2537,5210,6901,4449,7303,7590,2313,3243"
23078,23078,"1424,7221,2058,4170,7463,220,180,1787,1234,7555"
23113,23113,"2457,1539,3808,4885,427,2410,386,4015,3871,3338"
23121,23121,"4777,2369,345,1041,2265,4722,742,4046,6168,6057"
23123,23123,"2013,4826,2058,408,350,7539,5528,4345,1424,1851"
23136,23136,"1287,6343,4056,3954,4015,2426,4929,5647,448,3808"
23138,23138,"3578,3369,779,3427,5598,5444,7369,4562,5678,5515"
23140,23140,"1287,4056,3954,3423,3808,5737,700,1539,448,2907"
23170,23170,"6982,3285,2903,7477,3396,828,6708,4886,6942,6126"
23173,23173,"6656,3369,646,1456,896,1189,5231,1162,3041,3543"
23179,23179,"1398,64,3533,5386,2731,4681,7438,4083,6442,61"
23196,23196,"967,1955,7530,6751,5411,1755,4685,3858,6425,749"
23199,23199,"7477,3396,6982,3491,4345,1387,5433,1017,3011,7221"
23216,23216,"4917,6866,4557,4807,3331,7399,1273,5254,2537,4125"
23226,23226,"6950,3954,953,700,1539,3808,4545,1287,4837,150"
23233,23233,"10326,9799,8590,12990,13309,10663,8562,9962,9580,8161"
23253,23253,"6982,828,3396,2826,1391,1387,7477,2738,1017,7279"
23281,23281,"1398,4645,6313,6244,4083,2987,5761,4205,1556,4295"
