ID,user_id,item_id
12,12,"4798,5303,10326,8562,4277,8483,12857,10916,2140,275"
14,14,"6220,9942,4798,9101,8562,10326,544,1863,5495,7637"
17,17,"1328,10326,4798,9101,6659,544,1221,7480,5495,12665"
21,21,"10326,4798,544,6220,8562,10916,8421,4277,275,2140"
44,44,"11298,1244,1290,9101,7120,9295,9962,12869,9730,4664"
55,55,"10326,8562,4798,10916,10594,2218,13346,3950,6326,4277"
56,56,"89,5495,6971,12665,9693,4798,2343,544,5199,8922"
58,58,"4798,10326,8562,6971,544,5303,275,13346,6433,10916"
59,59,"4798,10326,3950,6220,13346,12857,9942,275,10916,4277"
79,79,"10326,4798,13346,6220,8562,4277,10916,544,5303,3428"
81,81,"9101,7120,1290,11298,544,2989,1244,12869,9295,4929"
85,85,"4798,10326,8562,5303,12857,275,5495,8413,2140,544"
92,92,"11298,1290,12869,7120,9295,9101,1244,1779,2989,10389"
97,97,"3950,12665,4798,9942,5495,13346,10326,4602,9101,8483"
100,100,"4798,10326,8562,10916,13346,8421,6433,3950,12857,2140"
112,112,"4798,3950,6971,12857,6220,8562,8413,10326,6383,5610"
122,122,"10326,8562,4798,3950,8483,217,4277,717,10568,6220"
133,133,"9693,2343,8483,6659,544,9942,1323,6795,9532,12665"
141,141,"6220,8562,1863,1290,9101,4798,544,10326,5495,12665"
144,144,"9295,9101,4798,13330,544,6954,12449,7188,9730,816"
149,149,"7120,1290,11298,7679,4929,9101,9730,1244,7669,10674"
153,153,"4798,10326,3950,8562,12857,5303,6220,13346,2218,8421"
166,166,"9101,6971,544,4798,12665,11484,10326,3464,5001,5495"
220,220,"4798,8562,8413,6220,13346,9942,12665,5676,6326,8483"
231,231,"9693,3950,2343,9404,12665,3507,5199,8562,13346,5495"
262,262,"10326,4798,1290,7120,6971,12857,5303,8205,544,1244"
274,274,"6220,544,4798,6971,10326,12665,2218,89,2140,844"
277,277,"544,12470,2343,12665,89,4277,5495,10326,13346,275"
281,281,"7120,1290,9295,4929,11298,6971,9101,1244,3697,544"
291,291,"217,3428,717,4798,8421,5303,9101,10326,12665,5495"
300,300,"10326,8562,4798,5303,6220,275,6971,9942,544,12665"
310,310,"4798,5303,10326,8562,544,10916,31,5495,11000,2140"
332,332,"5495,12470,13306,609,8188,9101,4798,544,5155,3357"
344,344,"10326,4798,8562,4277,6433,12857,217,10916,10594,8421"
359,359,"544,7120,6220,1290,9101,89,2989,1244,11298,9693"
380,380,"5495,5199,2903,9693,9101,4798,12665,544,9942,2343"
386,386,"9942,8562,6220,12665,4798,3950,3428,13346,4277,6971"
426,426,"3950,13346,12665,8562,6220,8413,89,5495,8483,3055"
436,436,"4798,10326,8562,4277,12857,544,13346,6433,10916,8421"
453,453,"4798,89,6220,6971,544,8562,10326,13346,5303,9942"
461,461,"7120,544,9101,10326,2989,1244,11298,4798,4929,9942"
464,464,"4798,10326,2140,9101,544,7138,5495,12665,2291,12857"
473,473,"5495,12665,9101,4798,544,10326,8562,8224,6378,896"
481,481,"10326,4798,217,6383,6220,717,12665,8421,350,10916"
490,490,"275,8483,4277,350,4798,10326,10568,9340,544,3428"
494,494,"4798,8562,10326,6220,5303,12665,6971,8413,3950,9942"
497,497,"2989,7120,9730,12869,7679,1290,7669,11298,12655,9101"
510,510,"2343,544,3950,9942,13346,6220,12665,3428,5461,6795"
511,511,"10326,4798,8562,12857,6220,8421,717,5303,8483,10594"
512,512,"9693,2343,544,1290,1244,9101,7120,5532,11298,2989"
524,524,"7120,1290,12869,1244,11298,9962,9295,9730,9101,544"
525,525,"10326,4798,544,5303,3950,4277,12665,8562,6433,6971"
545,545,"10326,4798,8421,10594,12857,8483,717,8562,9101,10916"
560,560,"10326,8562,4798,3950,13346,6220,10916,544,6433,3428"
564,564,"9693,2343,6795,275,10326,2537,544,9101,8562,6834"
566,566,"13346,2343,4798,275,9942,12665,9693,5303,8483,8562"
568,568,"217,10326,4798,3428,5495,4277,6220,8483,717,544"
570,570,"8562,8681,10429,544,6220,4798,10326,9101,5495,12665"
573,573,"4798,10326,3950,13346,4277,10916,8562,217,6433,5303"
594,594,"8562,3950,6220,4798,10326,5303,13346,12665,4277,10916"
601,601,"4798,10326,5303,12665,275,8562,544,2218,3950,6220"
605,605,"5495,3950,2905,4798,12611,9101,10326,5461,5999,544"
641,641,"4798,6220,9942,5495,3950,10326,3428,9693,13346,2343"
650,650,"9942,3950,6220,217,5303,2218,3428,8562,544,4798"
675,675,"9942,6220,12665,8562,6971,4798,3870,8483,2411,3950"
677,677,"7120,1290,4929,3697,10663,9101,1244,9962,4798,544"
679,679,"10326,544,9942,5303,4798,8562,6971,6220,5676,4277"
683,683,"3950,9245,5610,13346,8562,4798,4469,9101,8746,4113"
687,687,"10326,4798,544,8562,13346,12665,10916,5303,6220,8421"
705,705,"275,4798,5303,544,10326,12404,717,9101,4277,7063"
708,708,"544,7120,1290,9101,1244,11298,2989,9730,6971,12665"
712,712,"5495,9942,8562,3950,6220,12665,4798,13306,10326,13346"
715,715,"4798,5303,8483,275,10326,2140,5495,8562,9101,13346"
728,728,"7120,9101,1290,11298,1244,9730,2989,544,9962,12869"
743,743,"12665,9693,2343,544,10326,2903,89,2218,6659,5199"
753,753,"6220,544,8562,9942,5495,8413,8333,12665,5184,1355"
757,757,"4798,10326,5303,9942,8483,13346,5495,10916,8421,12857"
768,768,"5495,8413,3950,12470,10326,8562,13346,5303,8483,4798"
797,797,"2343,6795,5532,2537,5495,544,9101,4798,64,10326"
813,813,"12665,9101,544,4798,10326,5495,9942,4205,9693,11298"
832,832,"7120,1290,11298,9101,4929,9730,1244,9295,6971,12869"
833,833,"4798,10326,9942,8562,5303,6220,275,12665,13346,3950"
844,844,"12665,2343,13346,8413,9942,5495,10326,4798,9404,64"
858,858,"10326,544,4277,50,3950,8562,4798,9101,275,6220"
874,874,"11298,12869,9730,9101,12665,6220,544,7864,4576,4890"
875,875,"10326,12470,8562,5303,4798,544,4277,6433,8421,5199"
892,892,"4798,8562,5303,6220,10326,9101,2140,544,8413,9942"
897,897,"3950,3428,12665,13346,9942,4798,9101,4602,9693,544"
912,912,"4798,7120,1290,9101,10326,9295,5303,6971,8590,544"
924,924,"13346,6220,8562,9942,4798,12665,5485,5545,544,10429"
926,926,"6220,544,12665,1290,9942,10326,8562,4798,5545,10429"
933,933,"5303,10326,5495,544,4277,8413,2140,6220,8562,9178"
944,944,"8562,6220,9942,3950,89,2343,9693,3428,12665,3870"
951,951,"5495,4798,5303,12470,8562,6971,8413,2218,6220,10326"
974,974,"8562,544,6220,9942,4798,3428,3950,13346,12665,10326"
1010,1010,"4798,9101,9306,544,10326,5946,5495,383,12665,13214"
1013,1013,"12665,89,4798,9101,7024,544,10326,5495,6971,8562"
1016,1016,"4798,9942,8562,1290,7120,6220,5303,2218,6971,12665"
1023,1023,"7120,1290,6220,89,1244,12665,11298,6971,9942,4798"
1035,1035,"544,12665,5303,10326,9101,6971,4277,217,89,275"
1046,1046,"544,9101,7120,10326,11298,5303,1290,1244,2989,4798"
1051,1051,"1290,7120,9942,544,2989,5495,8562,9101,10326,4798"
1057,1057,"5303,10326,8483,8421,4798,12857,10916,10594,7138,6971"
1064,1064,"4798,7120,1290,10326,6971,4929,5303,8590,9295,8562"
1080,1080,"7589,4798,9101,12104,10326,544,5495,10566,9998,7688"
1089,1089,"10326,4798,8562,544,4277,717,217,5303,10916,12857"
1090,1090,"8562,13346,10326,10916,3950,4798,4277,8421,6971,12857"
1103,1103,"8562,4798,10916,10326,13346,6433,217,3950,1681,5303"
1123,1123,"7120,1290,6971,4929,9101,4798,544,12030,10326,5495"
1134,1134,"10326,4798,5303,8562,8421,13346,12857,4277,8483,10916"
1136,1136,"8562,4798,3950,10326,9942,12665,13346,8413,8483,4277"
1139,1139,"6220,5495,9942,544,9693,1863,12470,13296,9101,8562"
1154,1154,"12665,3428,6220,544,10326,9942,12470,4798,4277,8562"
1169,1169,"1290,9101,1244,11298,544,6220,9730,2989,4929,12665"
1173,1173,"8562,8188,4798,6220,10429,5495,8981,3950,1863,10326"
1178,1178,"9101,4798,5875,544,12665,10326,8235,7024,5495,13191"
1190,1190,"8562,4798,3950,5303,10326,13346,6971,12665,5495,8413"
1205,1205,"8562,4798,6220,8413,5303,3950,10326,9942,13346,6971"
1217,1217,"11298,2989,9730,7120,7679,1290,9101,1244,12869,8978"
1218,1218,"9693,544,9101,2343,9942,6220,89,6795,12665,5495"
1230,1230,"6220,10326,8562,4798,12665,544,5303,3950,9693,13346"
1250,1250,"10326,4798,8562,5303,6433,10594,4277,12857,2140,50"
1252,1252,"3950,4798,12665,5303,5199,2343,10326,544,8562,9693"
1276,1276,"9693,2343,5199,9942,5532,5495,6795,544,4798,9101"
1279,1279,"7120,1290,11298,1244,9962,9101,544,789,4929,6971"
1281,1281,"10326,217,4798,5303,12857,275,8421,4277,8562,9942"
1288,1288,"8562,3950,3428,5495,5303,12470,6220,4277,275,10326"
1305,1305,"11298,9730,1244,9101,7679,9962,4798,544,12869,4664"
1320,1320,"4798,8562,8413,10916,3950,6326,10326,12857,13249,8483"
1321,1321,"5495,3950,10326,12470,5199,5303,9404,13346,4798,8483"
1328,1328,"9942,6659,6220,8562,3870,5303,2218,4798,13110,10326"
1343,1343,"4798,10326,8562,4277,12857,10916,5303,717,544,8421"
1345,1345,"544,2989,7120,1290,9101,11298,4798,10326,4277,9730"
1374,1374,"11298,1244,7120,12869,7679,9101,9730,6288,4664,544"
1410,1410,"7120,1290,4929,10326,9101,1863,4798,544,12665,5495"
1414,1414,"12857,6433,8483,10594,10326,4798,9101,544,2636,8562"
1420,1420,"8562,9942,4798,6220,8413,8188,5676,5303,3950,13346"
1440,1440,"9693,8562,9101,2343,10326,544,11660,4798,9730,5495"
1441,1441,"2989,10429,9101,9942,7679,544,5495,1863,4798,9693"
1443,1443,"9101,11298,1244,9693,544,2989,9730,7679,1019,4576"
1458,1458,"7120,1290,11298,9101,1244,10326,544,9295,12869,9730"
1492,1492,"4798,6220,9942,13346,3950,10326,3870,5545,12665,6971"
1496,1496,"10326,4798,5303,8562,275,6971,544,12665,8421,1290"
1499,1499,"12665,3950,4798,13315,10326,5303,5199,5495,3055,544"
1504,1504,"9101,11298,7120,544,1290,12869,7679,2989,9730,1244"
1516,1516,"8562,13346,6220,9942,2343,3950,4277,10326,4798,13249"
1523,1523,"4798,9455,217,2767,9101,9178,544,8363,11014,10326"
1534,1534,"9101,4798,544,10326,5495,12665,9942,9730,8483,9693"
1539,1539,"544,7120,6220,1290,11298,9942,12665,9101,7679,9730"
1559,1559,"7120,2989,1290,9101,9730,1244,6971,12869,544,4664"
1572,1572,"12665,9942,6220,3950,8562,544,4798,10326,3428,2218"
1573,1573,"10326,12857,717,4798,4277,5303,8421,10594,544,8483"
1601,1601,"544,6220,1290,9942,9101,4798,7120,10429,1863,10326"
1603,1603,"4798,8562,3950,8483,5610,10326,10916,1383,9101,50"
1604,1604,"217,544,4798,717,350,4277,6383,13346,10326,1978"
1613,1613,"11298,2989,7679,9101,9730,1290,1244,544,7120,4664"
1634,1634,"4798,10326,6659,4277,9404,8562,1328,3950,6220,9942"
1642,1642,"3950,4798,8562,13346,8413,6220,9942,10916,11572,13249"
1643,1643,"7120,1290,1244,2989,9101,11298,6220,544,6971,4929"
1654,1654,"8562,4798,6220,3950,9942,9693,544,10326,6971,8681"
1657,1657,"11298,2989,7679,12655,544,9101,1244,9730,7342,4545"
1674,1674,"89,9693,4798,2343,544,10326,6971,9942,12665,1290"
1702,1702,"10326,8562,6220,13110,3870,12665,6326,13346,9942,3950"
1719,1719,"6659,3950,9942,6220,3428,9101,4798,544,10326,8562"
1725,1725,"8562,4798,10326,3950,6220,12857,13346,10916,5303,12665"
1726,1726,"4798,1290,6971,7120,4929,10326,275,8562,9101,238"
1728,1728,"544,9693,2343,9101,10326,11969,2989,6971,1290,12665"
1735,1735,"89,5875,12757,12665,9101,7024,8235,4798,544,10326"
1739,1739,"7120,1290,4929,3697,9101,4798,544,10326,5495,9730"
1774,1774,"4798,10326,3950,8562,3428,10916,5303,4277,12857,13346"
1780,1780,"4798,10326,544,9101,4277,1323,11969,2411,275,217"
1799,1799,"217,6270,2771,9101,4798,544,4892,5495,2963,10326"
1813,1813,"4798,8562,10326,3950,9942,5303,13346,2218,5495,6220"
1834,1834,"8562,12857,13346,3950,4798,10916,10326,6326,9101,8483"
1835,1835,"12470,5495,6659,8562,9101,4798,544,10326,8911,8483"
1841,1841,"11298,1244,1290,12869,9101,9730,9962,9295,6288,5135"
1863,1863,"3950,3428,8562,6220,12665,9942,275,10326,4277,13249"
1878,1878,"8562,9942,13346,3950,8413,3428,12857,6220,6326,4469"
1879,1879,"2343,4798,10326,6971,6795,8562,13346,5303,5532,12665"
1910,1910,"7120,1290,4798,9101,10326,6971,6591,275,10663,5303"
1911,1911,"8562,4798,10326,5303,13249,544,8421,9101,5495,350"
1919,1919,"13346,9693,2343,9942,6220,6795,3870,5545,12665,544"
1925,1925,"12869,7679,9730,9101,11298,4163,2957,1558,544,4798"
1926,1926,"11298,9101,1244,9730,4798,8978,9962,544,10326,5495"
1931,1931,"7275,10326,9101,4798,544,2940,5495,10107,12665,9850"
1940,1940,"4798,10326,5303,8562,275,13346,6971,6220,8483,2218"
1968,1968,"4798,8483,5303,10326,1328,13249,217,717,12857,10916"
1981,1981,"4798,8413,3950,12857,13346,10326,6971,5303,10916,275"
1992,1992,"7120,1290,11298,1244,9101,10663,9730,9295,2916,3697"
1998,1998,"11298,9101,9295,9730,1779,11024,4664,1290,1244,544"
2000,2000,"7120,1290,4929,9101,11298,9962,1244,9295,3697,5135"
2017,2017,"4798,8562,3950,13346,10326,4277,12857,6971,5303,8483"
2036,2036,"9101,5875,4798,544,12665,10326,5495,8235,9942,8570"
2044,2044,"9693,544,2343,5461,4798,11572,8562,11969,10326,5495"
2047,2047,"11298,9101,1244,1290,7120,9730,12869,6591,1779,544"
2052,2052,"5303,10326,9101,544,4798,1328,350,5495,12665,8562"
2055,2055,"5495,9101,4798,544,10326,6659,12665,3545,5760,9942"
2069,2069,"8562,8413,6220,9942,2218,3428,3950,544,12665,5495"
2075,2075,"9693,4798,2343,3950,5303,10326,6220,9942,13346,12665"
2089,2089,"4277,10326,4798,717,8421,10916,8562,10594,10077,6433"
2093,2093,"4798,12665,5303,8562,9942,6220,3950,275,10326,544"
2127,2127,"10326,4798,2140,9101,544,8205,7063,1295,5495,5303"
2135,2135,"12665,9942,6220,3428,3950,3870,8562,5495,8413,5545"
2137,2137,"12665,3950,89,6220,13346,8562,4798,8235,9101,5495"
2141,2141,"8413,8562,6220,9942,544,2218,5495,8188,5545,3428"
2147,2147,"544,1290,9101,7669,8562,7120,9942,12869,11298,6220"
2150,2150,"10326,8562,12857,4277,717,4798,350,544,6433,8421"
2153,2153,"4798,10326,12857,5303,8562,6220,10916,6326,13249,5642"
2158,2158,"9101,11298,544,2989,1244,7120,1290,12869,7679,9730"
2178,2178,"8562,5495,4798,13346,5199,13249,2343,9942,10326,9693"
2180,2180,"8562,6220,13346,6383,3950,12665,5676,3428,8483,6659"
2181,2181,"2989,11298,3464,544,7679,7120,9730,1244,1779,1290"
2193,2193,"8413,3950,6220,9942,4798,5495,9101,12665,4413,544"
2216,2216,"10326,8562,4798,4277,10916,6433,544,8421,13346,10594"
2224,2224,"8562,5495,12470,8413,10326,3950,5303,2343,12665,5199"
2231,2231,"2343,5199,89,6971,9693,5532,544,12665,9101,2903"
2242,2242,"5495,3950,4277,6220,13306,8681,12470,217,3428,10326"
2243,2243,"5495,9693,2343,544,2903,5676,10326,5199,3127,9101"
2247,2247,"9730,4443,5495,2411,9101,13043,9693,4798,4266,544"
2262,2262,"544,11298,9101,1244,1290,7679,2989,7120,4576,4664"
2271,2271,"8562,10326,4798,5303,3950,544,4277,5495,2218,12470"
2284,2284,"3950,13346,8413,6971,4798,5495,8562,12665,6220,609"
2287,2287,"8188,13306,8562,5495,9101,4798,544,10326,12665,12470"
2291,2291,"5303,10326,275,4798,2140,3950,5199,544,2218,5495"
2293,2293,"4798,5303,9730,544,9101,7120,11298,2218,10326,6971"
2294,2294,"4798,10326,8562,12857,6433,5303,10594,6326,8421,544"
2301,2301,"4798,6659,6971,5303,6220,10326,8421,13249,2218,9693"
2310,2310,"9942,544,12665,6220,10326,6659,9101,8562,3950,3428"
2341,2341,"4798,8562,10326,13346,3950,6971,12857,5303,9404,6220"
2345,2345,"9101,11298,7679,12655,9730,2989,12869,7669,8978,544"
2348,2348,"11298,7120,1290,9101,9730,1244,544,2989,7679,12869"
2349,2349,"4798,10326,10916,6971,5303,544,13346,8562,5199,9693"
2350,2350,"10326,4798,544,4277,5303,6220,1290,6971,7120,9942"
2355,2355,"10326,4798,4277,10916,12857,8562,6433,8421,217,3950"
2383,2383,"10326,4798,8562,12857,13346,6326,717,4277,10916,3950"
2393,2393,"4798,10326,9101,544,5495,2291,12665,10462,9306,9942"
2399,2399,"7120,1244,10326,4798,4929,544,9101,5303,10663,5495"
2421,2421,"2343,544,10326,6795,4798,5495,12665,2537,5303,5532"
2435,2435,"9532,9942,9693,9101,12665,4798,12483,2989,544,10326"
2448,2448,"5495,4798,9101,1230,8413,5875,544,5199,12665,9942"
2452,2452,"7120,1290,4929,9101,4798,544,9295,9693,10326,9248"
2464,2464,"8562,6220,9942,3950,3870,4798,10326,5545,3428,4413"
2470,2470,"12857,3950,5642,8562,10594,217,10326,9453,9101,2063"
2478,2478,"6971,5303,89,12665,5199,4798,2218,10326,5495,544"
2506,2506,"6220,4798,3428,3950,5495,8562,10594,10326,7359,12857"
2523,2523,"4798,10326,9101,8235,12665,544,5875,5495,7289,9942"
2527,2527,"7120,1290,4929,9101,10322,4798,5573,10663,544,12030"
2528,2528,"4798,3950,12857,8562,6326,10326,4469,6220,10594,5303"
2530,2530,"3950,8562,13346,2218,10326,5199,5303,4798,5495,13408"
2533,2533,"9942,6220,8413,3950,8562,8188,9101,13310,5495,6659"
2540,2540,"8483,8562,13346,4798,3950,10326,217,10916,4277,12665"
2558,2558,"8562,3950,13346,12665,10326,8413,9942,89,4798,2343"
2559,2559,"6659,6220,8188,12665,3950,9942,5545,8562,10429,10326"
2592,2592,"4798,10326,13346,275,544,6220,6971,5303,12665,4277"
2599,2599,"10326,4798,8562,5303,4277,275,544,3950,6220,2140"
2608,2608,"9942,6220,8562,12665,3428,3950,12470,5545,5495,3870"
2613,2613,"11298,9730,2989,1290,7120,12869,9295,9101,1244,11024"
2616,2616,"8413,5495,4798,9101,4181,9942,544,10326,8562,7715"
2617,2617,"544,1863,4798,5495,9101,10429,10326,8562,12665,589"
2619,2619,"3950,9942,8413,89,6220,9101,4798,5199,8562,10326"
2622,2622,"1290,7120,11298,1244,9101,9295,544,3697,5135,9730"
2629,2629,"1244,9101,11298,544,1290,7120,9730,2989,7679,9295"
2648,2648,"1244,9101,1290,544,7120,2989,7679,10326,12869,12665"
2654,2654,"4798,10326,6220,8562,5303,12665,3950,544,5495,6971"
2668,2668,"10429,8188,544,9101,4798,5976,8562,10326,5495,9942"
2703,2703,"5495,3565,5199,9101,9693,9942,4118,544,4798,1681"
2710,2710,"13346,4798,10326,8483,4277,3950,8562,10916,6383,12857"
2713,2713,"4798,10326,5303,13346,8562,6971,3950,275,6326,12857"
2722,2722,"7120,9101,2989,1244,11298,9730,4929,544,12869,10663"
2724,2724,"7120,1290,4929,1244,9295,9101,4798,9942,6971,10663"
2727,2727,"10326,6220,5303,4798,8562,6971,2218,9942,9072,544"
2755,2755,"7669,9101,11298,7679,12869,544,2989,11554,9730,8978"
2769,2769,"13346,4277,275,4798,8562,12404,10326,9455,8483,8681"
2776,2776,"10326,5303,2218,544,9942,12665,5199,5495,8562,9101"
2781,2781,"7120,1290,4929,1244,9101,9295,544,6971,10663,4798"
2782,2782,"7120,1290,11298,7679,1244,4929,9101,9730,10663,3697"
2789,2789,"9693,2343,5199,4798,5495,5532,10326,5676,544,3950"
2794,2794,"9942,12665,2903,3950,8562,4798,9693,5495,9101,544"
2804,2804,"5303,3950,6220,8562,64,9942,9693,2218,12665,5545"
2819,2819,"12665,544,5495,8562,10326,3950,6220,5303,4798,275"
2846,2846,"9942,8562,5303,6971,544,4798,10326,13408,275,6220"
2851,2851,"7669,12869,2989,11298,9101,7679,544,9730,1244,4163"
2861,2861,"9404,10326,5495,8562,4277,9072,4798,544,5199,217"
2862,2862,"12665,9942,6220,9101,89,7679,9693,8562,2343,2989"
2867,2867,"13346,10326,5495,9178,10594,4798,350,10916,9101,8483"
2873,2873,"5495,9693,13408,544,2343,12470,5532,10326,4798,3127"
2880,2880,"6220,8562,9942,544,1863,10429,7707,5495,4798,9101"
2881,2881,"10326,4798,12857,10916,10594,8562,13249,8421,8483,8205"
2886,2886,"4798,12665,5303,4277,50,8205,10326,8483,275,544"
2891,2891,"9693,2343,4798,10326,13346,6795,12665,5532,9942,6971"
2908,2908,"544,10326,4798,5303,7120,275,4277,2140,1290,9101"
2910,2910,"544,9693,6220,5303,2343,4798,8562,6971,9101,9942"
2915,2915,"10326,4798,9942,5495,3950,8562,5303,9404,12665,5461"
2935,2935,"5303,544,5199,6971,10326,5495,12665,9693,6220,4798"
2946,2946,"1290,544,9101,11298,2989,1244,12869,9730,9295,7679"
2948,2948,"544,2989,9101,6220,11298,7120,1290,7679,1244,9730"
2969,2969,"9942,3950,4798,2218,2140,9101,6971,544,10326,5495"
2979,2979,"11298,12869,7679,1244,7120,9101,1290,2989,9730,10389"
3036,3036,"3464,11298,7679,7120,6248,9101,2989,8315,1290,2769"
3050,3050,"10326,3950,4798,13346,8562,2343,9942,9693,8205,9404"
3056,3056,"6659,4798,9101,10326,544,1328,5495,8092,12665,8483"
3061,3061,"4798,10326,4277,5303,8562,12857,8421,717,10916,217"
3066,3066,"8562,6220,6659,4798,10326,5495,9942,544,12665,8188"
3069,3069,"10326,12857,4798,13346,6326,217,13249,5303,2218,717"
3094,3094,"10326,4277,4798,5303,8562,217,10916,12857,350,544"
3106,3106,"12665,6220,6659,8562,3950,8188,10326,9942,2218,544"
3110,3110,"7120,1290,4929,10663,544,9101,4798,10326,1747,3697"
3115,3115,"2343,9693,5199,12665,5495,5532,2903,10326,544,9404"
3136,3136,"9101,8562,544,6971,10326,5303,6220,1290,12665,2218"
3159,3159,"4798,6659,10326,1328,9404,3950,8562,8590,8483,13346"
3166,3166,"10326,5495,544,4798,5303,12665,275,4277,6220,2343"
3172,3172,"2343,9693,11298,1290,544,9101,89,1244,9730,5532"
3200,3200,"13346,3950,10326,4798,2411,5676,8562,5495,544,2343"
3217,3217,"10326,13346,4798,3950,2218,10568,8562,9942,12665,4323"
3218,3218,"1244,7120,1290,11298,9101,544,4664,10429,7679,4798"
3229,3229,"4798,10326,13346,275,4277,5303,9340,544,8483,10916"
3230,3230,"544,10326,4798,7120,9101,275,1290,5303,2989,6971"
3274,3274,"4798,6971,5303,10326,7063,2140,6433,5495,9101,12665"
3285,3285,"10326,5303,12857,4277,4798,8562,544,3950,275,8421"
3316,3316,"9942,8562,6220,3428,13346,12665,3870,13110,2411,1286"
3319,3319,"8562,4798,4277,10326,8483,350,10916,3950,8421,717"
3323,3323,"10326,4798,8562,3950,5303,12665,4277,13346,8483,6220"
3346,3346,"4798,12665,5303,6971,2989,9730,10326,2140,11298,9101"
3354,3354,"10326,8562,13346,9942,4798,11969,3565,12857,1328,13249"
3368,3368,"4798,10326,8562,3950,217,4277,6220,12857,13346,3428"
3374,3374,"9942,1290,3428,12665,3870,8562,7120,5545,13110,4798"
3391,3391,"10326,8562,12857,3950,4277,10916,4798,217,8421,6220"
3397,3397,"8562,10326,2343,9693,89,6220,4798,13346,12665,3950"
3404,3404,"8562,5495,10429,4798,544,9101,10326,7707,8981,1355"
3408,3408,"8562,4798,5303,12665,6971,9942,8413,2140,2218,10326"
3416,3416,"9693,2343,6795,544,9101,2989,5532,4798,9942,10326"
3422,3422,"4798,10326,544,5303,1290,8421,6971,7120,8562,6220"
3423,3423,"544,5303,8562,6220,1019,12665,8681,10326,5495,8413"
3426,3426,"9942,6220,4798,3870,12665,6659,3950,5545,8562,3428"
3436,3436,"10326,8562,4798,12665,544,6220,13346,5495,6971,9942"
3448,3448,"12857,10869,10594,4798,6433,8562,717,11345,10326,9101"
3464,3464,"9942,12665,8562,3950,13346,5642,3428,6659,13306,5545"
3472,3472,"7120,1290,11298,1244,6971,9101,89,6220,544,8562"
3477,3477,"9942,544,8562,6220,5303,5495,10326,3950,6659,3428"
3488,3488,"3950,5303,12857,4798,13346,10326,8483,8562,4277,3428"
3497,3497,"13346,4798,8413,12665,3950,8562,9942,5303,10326,12857"
3504,3504,"1863,9101,7637,4798,544,1244,10326,2020,5495,12665"
3517,3517,"5303,8562,4798,13346,3950,12857,8413,10326,8483,275"
3538,3538,"5495,5303,10326,12668,4798,217,9072,9101,8562,544"
3544,3544,"3950,4798,12665,9942,6220,10326,5461,5495,64,2343"
3547,3547,"4798,717,217,10326,4277,8483,6220,13249,6383,8421"
3569,3569,"10326,275,12665,5303,4798,8483,5495,6971,544,2343"
3570,3570,"9101,4798,10326,544,170,7902,5495,7616,12665,478"
3575,3575,"10326,4798,4277,275,1543,5495,544,5303,9942,12857"
3579,3579,"717,217,4798,544,10326,13346,4277,6433,2343,3950"
3588,3588,"6220,1290,7120,544,1863,4798,9101,89,10326,9942"
3592,3592,"2989,12869,7679,9101,544,11298,9942,1371,1290,2874"
3617,3617,"10326,4798,8562,5303,6220,5495,717,4277,8421,10916"
3632,3632,"3950,8413,9942,12665,9101,4798,13408,544,4602,3870"
3650,3650,"4798,544,10326,275,9101,7063,2140,9942,5495,13214"
3654,3654,"10326,12857,1328,5303,350,4798,275,9178,4277,9072"
3656,3656,"5303,4798,10326,9942,9101,2199,544,7637,5495,1290"
3678,3678,"544,1290,7120,6220,9693,6971,9942,4798,12665,89"
3681,3681,"9101,4798,544,10326,5495,12665,9942,8540,8112,9730"
3683,3683,"4798,10326,5303,10594,8421,10916,8483,544,717,9101"
3685,3685,"10326,4798,5303,544,3950,4277,8483,10594,2218,2140"
3699,3699,"7120,3464,11298,1290,1244,2989,7679,9101,9730,544"
3707,3707,"8413,5495,8562,10429,9942,9101,4798,11047,12665,8188"
3731,3731,"7120,1290,1244,9101,2989,544,9730,4929,7679,4576"
3737,3737,"4798,8483,5303,8562,10326,6433,12857,3950,2218,1978"
3739,3739,"8562,8413,6659,4798,8188,544,10326,13346,5495,9101"
3744,3744,"3950,12665,9942,13346,6220,8562,4798,3428,89,8483"
3753,3753,"10326,4798,5303,6971,10916,13346,12857,8421,3950,9178"
3778,3778,"5303,4798,8562,3950,6220,9942,5495,8413,2218,10326"
3786,3786,"8562,3950,6220,9942,8413,13346,3870,5303,4798,2140"
3790,3790,"8562,13346,3950,4798,5495,9942,3870,5303,6220,2218"
3804,3804,"4277,217,717,8421,10077,6383,544,350,10568,3950"
3805,3805,"8562,3950,5303,4798,10326,10916,5199,12857,6220,544"
3819,3819,"10326,544,4798,5303,8562,6220,3950,5495,2218,9942"
3827,3827,"9101,2459,4798,544,516,10326,11337,5495,7910,10536"
3829,3829,"4798,10326,8562,12857,5303,13346,10916,6971,3950,8205"
3841,3841,"10326,6971,5303,275,544,8562,2343,12665,13346,2140"
3849,3849,"11298,9730,7120,1290,9101,9962,1244,12869,789,4798"
3928,3928,"7120,1290,1244,9101,11298,9295,4929,12869,9730,544"
3988,3988,"11298,6288,7679,8978,7342,9101,4163,3464,9732,1244"
3994,3994,"9101,2989,11298,7120,1244,1290,544,6220,7679,6288"
3998,3998,"13346,9942,2411,10326,3950,275,5461,3428,12665,4798"
4012,4012,"3950,13346,4798,8413,9101,544,11540,10326,5495,8562"
4021,4021,"5303,4798,10326,2343,2140,544,8205,6971,9693,5495"
4022,4022,"4798,8562,12665,4277,6220,5303,6971,3950,13346,275"
4047,4047,"9942,544,6659,5495,8188,3428,4798,9101,6220,8562"
4073,4073,"544,2989,1290,9101,1244,11298,4929,9730,6971,4798"
4099,4099,"5495,544,12470,6220,5303,7120,1290,9730,12665,275"
4100,4100,"5495,9101,4798,544,10326,9942,8562,12665,9730,8703"
4120,4120,"12470,13408,12099,12668,8413,1323,1355,5199,609,10326"
4126,4126,"7120,544,1290,9101,11298,10326,4929,4798,2989,9730"
4136,4136,"4798,8413,8562,12857,844,5495,10326,5303,6326,12665"
4160,4160,"7669,7679,12869,11298,9101,4163,2957,6288,8033,1558"
4173,4173,"7120,1290,6971,1244,544,9101,9730,89,4798,11298"
4177,4177,"9730,7120,11298,544,1290,9101,2989,7679,1244,12869"
4183,4183,"10326,4798,4277,5303,8483,717,8421,544,10916,8562"
4191,4191,"7120,1290,4929,1244,9101,10663,4798,544,10326,4387"
4195,4195,"8562,4798,10326,4277,12857,5303,13346,10916,6433,13249"
4213,4213,"544,5495,6220,2343,9693,6971,9942,12470,10326,9101"
4226,4226,"5495,9942,217,13249,3428,3950,12665,13346,5109,4277"
4227,4227,"7120,1290,9101,9295,275,9730,11298,1244,11299,544"
4232,4232,"4798,13346,10326,3950,8562,8483,13249,11540,12665,9101"
4255,4255,"4798,10326,13346,4277,717,5303,8421,10916,350,8562"
4258,4258,"544,9101,12869,9295,4545,6569,4798,1244,7706,10326"
4274,4274,"5303,8483,1328,10326,8421,350,4798,10916,1912,6383"
4289,4289,"1290,9942,2218,89,10326,6220,544,7120,9101,8590"
4295,4295,"10326,8562,4798,4277,6220,13249,544,3950,13346,12665"
4300,4300,"3950,8562,3428,13346,6220,9942,4798,12665,8483,275"
4334,4334,"12857,8205,4798,10326,8562,13346,10594,217,9101,8822"
4361,4361,"4798,8562,10326,3950,5303,13346,275,6326,5199,12665"
4377,4377,"4798,3950,8562,10326,13346,5610,8483,6270,8413,13249"
4412,4412,"7120,9730,1290,11298,1244,2989,9101,9295,3464,4929"
4415,4415,"8413,12857,13346,7919,1042,10326,4798,5348,9101,544"
4424,4424,"4798,13346,10326,9101,8981,8562,544,5495,12665,9942"
4425,4425,"10326,4277,10594,4798,350,12857,217,8421,717,8562"
4430,4430,"4798,8562,10326,5303,13346,3950,12857,10916,4277,6220"
4433,4433,"4798,8413,10326,8562,5303,10916,12857,5495,10594,8421"
4436,4436,"5495,4798,10326,12470,544,9101,12665,8562,9942,9306"
4458,4458,"10326,4798,3950,5303,10916,13346,8562,13249,8483,12665"
4461,4461,"10429,1863,5495,9101,544,4798,8562,10326,5976,12665"
4488,4488,"3950,12665,9942,13346,6220,89,5676,9404,4798,4602"
4497,4497,"7120,1290,1244,9101,4929,11298,9295,544,10326,4798"
4498,4498,"10326,5303,4277,4798,350,544,9072,10594,5495,8483"
4504,4504,"5495,9942,8413,4798,9101,544,3950,10326,12665,6220"
4510,4510,"9942,12665,6220,3950,5303,4798,6971,10326,3428,1290"
4512,4512,"9101,4798,544,10326,11395,5495,12665,9942,3960,9730"
4513,4513,"10326,6220,544,5303,4798,5495,3428,2218,217,12665"
4516,4516,"11298,7120,1290,9730,9101,1244,12869,2989,1779,544"
4526,4526,"4798,8562,544,6220,9942,12665,3428,6659,3950,4277"
4528,4528,"8562,4798,13346,10326,8483,12665,10916,8413,5303,12857"
4542,4542,"4798,3950,8562,12857,13346,12665,544,5303,6971,9942"
4559,4559,"7120,11298,1290,9730,9295,11299,2989,1779,3697,9101"
4572,4572,"8562,8413,3950,13346,4798,12665,9101,5495,10326,544"
4575,4575,"8562,4798,5303,3950,12665,6220,10326,4277,9942,275"
4583,4583,"217,4798,12857,4277,8562,10326,13346,1323,8421,6326"
4602,4602,"8562,4798,275,6220,6971,1355,5495,3870,5545,12665"
4608,4608,"11298,1244,7679,9101,7120,2989,1290,4664,9730,10389"
4609,4609,"13346,5495,3950,10326,9072,11000,8562,4798,1325,8413"
4626,4626,"13346,8562,3950,64,2343,275,8413,12665,9693,9942"
4642,4642,"5495,8562,3950,2343,3428,6220,13346,8413,12665,13315"
4653,4653,"8562,2343,9693,12665,9942,6971,6220,8681,544,5303"
4664,4664,"11298,7120,1290,1244,9101,9295,9730,7679,2989,4929"
4665,4665,"7120,1290,4929,10663,9101,4798,5573,544,1244,10326"
4672,4672,"11298,9101,1290,7120,1244,2989,544,9730,11024,12655"
4680,4680,"4798,10326,3950,4277,12857,10916,217,6433,1328,350"
4705,4705,"10326,4798,8562,5495,12665,3950,5303,9942,5199,5532"
4707,4707,"8483,1912,12857,8373,8562,9101,4798,5495,544,5996"
4711,4711,"5495,8562,12470,8413,5199,3950,544,12665,9942,10326"
4732,4732,"12665,3950,5461,544,5199,5495,9101,1323,10326,64"
4734,4734,"7120,1290,12665,4929,6220,9942,6971,9101,89,4798"
4735,4735,"7120,1290,4929,9101,544,4798,7637,9083,10326,5495"
4749,4749,"544,6220,9942,9693,2343,9101,1863,12665,10429,4798"
4751,4751,"10326,4798,6971,5303,13346,12665,9942,8562,544,3950"
4762,4762,"4798,6971,8562,3055,13346,5875,12665,8413,9101,2789"
4767,4767,"10326,4798,8562,10429,544,8188,1863,9101,5495,987"
4771,4771,"4798,10326,8562,5303,6220,544,3950,6433,13346,9942"
4773,4773,"12665,8413,10326,5495,5303,4798,2218,275,9942,544"
4776,4776,"8562,12665,10429,9101,544,4798,10802,10326,2989,5495"
4783,4783,"9942,6220,3428,6659,13306,8562,3950,5184,5545,810"
4788,4788,"12857,4798,10594,8562,10326,10916,8421,3950,9101,2199"
4808,4808,"3950,4798,350,1328,8483,13346,10326,9101,1978,8562"
4810,4810,"4798,3950,10326,8562,13346,5303,9942,8413,8483,6971"
4818,4818,"4798,8562,217,13346,3950,5303,10326,717,10916,5642"
4823,4823,"8483,544,3428,9693,64,8562,4798,6220,1355,10326"
4829,4829,"8562,9693,3950,4798,9101,5545,5495,544,9942,12665"
4842,4842,"8562,6220,10326,4798,10916,9942,8413,544,8421,13346"
4859,4859,"3950,5495,6220,9942,64,12665,8413,4798,5199,13346"
4866,4866,"544,6220,8590,7120,1863,8562,4798,1290,9101,10326"
4881,4881,"10326,4798,3950,12857,4277,13346,6433,10916,8483,717"
4908,4908,"1863,4798,544,9101,10326,5495,12871,9942,12665,9730"
4910,4910,"1290,1244,9101,11298,4929,544,2989,9693,12869,9962"
4922,4922,"4798,10326,12665,8562,6220,8413,217,12857,3950,3428"
4942,4942,"544,10326,11298,6383,9101,4277,9962,1244,7120,6220"
4976,4976,"10326,12665,6220,5303,11298,9942,4798,544,9101,6971"
4993,4993,"544,9101,1863,8562,10429,4798,5495,8188,10326,9942"
4995,4995,"10326,4798,5303,4277,10916,8421,13249,8562,544,8483"
5020,5020,"7679,3464,11298,10326,9101,544,1328,4798,6659,5495"
5040,5040,"8562,5303,12857,10326,8413,3950,10916,12665,6433,8483"
5048,5048,"2140,4798,5303,6433,9101,544,10326,5495,37,12665"
5058,5058,"9693,2343,6795,12665,5532,13315,4798,10326,9532,2537"
5067,5067,"4798,10326,4277,544,10594,8562,217,350,5303,8421"
5087,5087,"4798,8562,5495,6220,3950,10326,13346,6971,544,3428"
5090,5090,"89,12665,5875,9101,4798,7024,544,5495,10326,9942"
5102,5102,"5495,9101,4798,544,10326,13090,12665,5386,2218,9942"
5103,5103,"4798,8562,8413,5303,3950,6220,12665,6971,9942,10326"
5105,5105,"1863,10429,9101,544,4798,5495,10326,9942,12665,9693"
5108,5108,"5495,3950,4798,12470,13346,10326,13408,5303,9101,12665"
5119,5119,"544,6220,4277,8413,5495,8562,5676,9730,5303,2218"
5120,5120,"11298,9730,2989,544,9101,7679,1290,7120,1244,12869"
5124,5124,"9101,4798,544,10326,3421,5495,10437,12665,13193,9942"
5132,5132,"5495,8562,5303,8413,10326,5199,2218,4798,3950,1286"
5138,5138,"11298,2989,12869,9101,544,9295,9730,3222,1779,10389"
5144,5144,"10326,8562,4277,544,2343,13346,6433,217,8421,12857"
5159,5159,"10326,4798,3950,13346,8562,6220,10916,544,8421,6433"
5167,5167,"3950,9942,8562,2218,6220,6659,10326,4798,714,12665"
5175,5175,"10326,4798,12857,10916,275,717,4277,8421,8483,6383"
5176,5176,"7120,1244,1290,11298,9101,4929,544,2989,7679,9730"
5185,5185,"3950,12665,89,4798,10326,6971,8562,5495,13346,9942"
5189,5189,"4798,3950,12665,6326,8562,10326,10916,9455,6659,8413"
5191,5191,"8562,9942,10326,13306,6220,9101,89,3428,12665,13296"
5206,5206,"9942,5303,6220,6659,8562,544,10326,4798,6971,275"
5213,5213,"12665,544,4798,6220,8562,5303,10326,2343,9693,9404"
5224,5224,"4798,8562,4277,717,13346,217,544,6220,12857,5303"
5226,5226,"11298,7120,9101,544,12665,1290,1244,2989,12869,6971"
5241,5241,"7120,1290,4929,11298,1244,9962,9101,9730,3704,10663"
5264,5264,"11298,9101,1290,7120,544,1244,2989,9730,12655,7679"
5268,5268,"5303,4798,10326,544,8562,4277,6971,2140,275,8421"
5270,5270,"4798,8562,10326,6220,8413,12665,5303,6971,13346,9942"
5287,5287,"9942,11969,9693,4798,9101,12156,544,10326,6626,9775"
5314,5314,"6220,4798,8562,10326,9942,544,9101,5303,5495,12665"
5318,5318,"7120,1290,4929,9101,10663,4798,3697,6243,544,5573"
5326,5326,"8562,6220,4798,8981,2218,10326,9101,544,64,5495"
5336,5336,"8413,4277,3950,4895,10950,13346,4798,10326,9101,3428"
5343,5343,"11298,9730,9962,1244,9942,1779,9101,1290,12869,4798"
5347,5347,"9942,8562,9693,6220,3428,2343,12665,3950,544,89"
5354,5354,"4798,8562,5495,3950,10326,13346,9101,12470,544,275"
5356,5356,"4798,10326,3950,6971,8562,10916,12665,6220,8205,5303"
5367,5367,"7120,1290,6220,89,8562,544,9101,4798,9942,8413"
5373,5373,"8562,8413,5303,3950,6220,4798,1746,12665,9101,9942"
5385,5385,"544,6220,6659,4277,10326,350,5495,8562,12470,8590"
5458,5458,"9942,3428,6220,13306,810,8483,3950,13110,4798,3870"
5463,5463,"4798,10326,8562,5303,6220,544,9942,275,4277,6433"
5471,5471,"11298,7679,9101,1244,9730,2989,1779,12869,1290,7120"
5476,5476,"4798,1290,275,6220,10326,12665,5303,9101,9730,7120"
5484,5484,"8562,3950,13346,4798,12665,8413,10916,10326,12857,5303"
5508,5508,"9101,11298,7120,1290,1244,9730,2989,12869,9962,544"
5513,5513,"8413,9942,6220,5303,8562,12665,2218,4798,544,89"
5520,5520,"10326,544,4277,717,4798,8562,5303,217,12857,6433"
5524,5524,"13346,8562,9942,5495,3950,1889,3870,3428,6220,13306"
5539,5539,"5495,8413,9942,5303,8483,12470,6220,4798,8188,12665"
5554,5554,"10326,9340,4798,10916,9101,544,5495,12665,1180,2887"
5564,5564,"4798,10326,5303,12857,8562,4277,544,2140,8421,5495"
5595,5595,"10326,5495,4798,5303,8562,8413,275,13346,9942,2140"
5601,5601,"275,10326,5303,4798,6971,8562,2140,544,9101,12665"
5602,5602,"10326,4798,8562,5303,12857,3950,275,2140,8483,6971"
5618,5618,"7120,1290,9730,11298,12869,1244,9101,2989,10663,3704"
5643,5643,"13408,9693,5199,5495,544,9101,8922,4798,12665,10326"
5644,5644,"4798,5495,10326,9942,544,5199,9101,2905,8483,5461"
5651,5651,"8562,4798,10326,6220,5303,3950,2218,8483,10916,12857"
5655,5655,"5495,8413,12668,8562,12099,5676,5199,10326,4798,9101"
5658,5658,"10326,4798,10916,8562,8421,12857,10594,13249,3596,9101"
5660,5660,"10326,6659,13110,1323,544,11969,8483,2218,3428,350"
5662,5662,"6220,12665,3950,89,9942,5545,3428,12470,5303,8413"
5670,5670,"4798,10326,3950,12857,5303,8562,6326,13249,8421,6433"
5676,5676,"11298,1290,7120,9295,1244,12869,9730,1779,9101,3464"
5680,5680,"4798,6220,12665,13346,8562,9942,3870,89,10326,3950"
5698,5698,"9101,10326,9693,544,9942,6220,12665,11298,2343,5495"
5710,5710,"5495,10326,13315,5199,3950,5532,4798,2343,12665,9693"
5723,5723,"11298,2989,9101,7679,1244,9730,4545,544,4576,1290"
5742,5742,"9693,2343,544,5532,6795,5199,12665,5495,4798,10835"
5748,5748,"4798,6220,8562,12665,3428,9942,13346,10326,13408,5303"
5750,5750,"544,8413,5495,8562,5303,6220,10326,4798,12665,6971"
5787,5787,"3950,4798,9942,10326,2343,13346,9693,5199,11572,544"
5798,5798,"4798,2343,5303,10326,13346,9693,3950,12665,10916,6971"
5799,5799,"4798,9101,9306,544,5946,10326,5495,2291,12665,9942"
5815,5815,"9693,11298,9101,2343,1290,544,7120,1244,9962,12869"
5822,5822,"5303,10326,2218,1286,4798,3950,5495,8413,12665,9072"
5834,5834,"12665,8562,5495,4798,3950,5303,6220,10326,13315,9942"
5846,5846,"4798,10326,544,5303,3950,13346,8483,12857,4277,2218"
5858,5858,"4798,3950,8562,5495,8413,5303,10326,544,9101,2905"
5882,5882,"4798,10326,5303,544,8562,4277,10916,2218,217,13249"
5892,5892,"13346,8562,4798,10326,5303,6971,12665,12857,10916,13249"
5897,5897,"8413,3950,8562,5303,8483,6220,8421,10326,4798,12665"
5898,5898,"3950,8562,8413,4798,10326,12665,9942,6220,5495,11540"
5902,5902,"8413,9101,4798,1847,544,9358,10326,9796,5495,12130"
5919,5919,"10326,7120,12869,1290,544,4277,1244,9101,8562,6433"
5934,5934,"544,8483,9693,9101,4798,10326,11524,6220,5495,4315"
5946,5946,"7120,1290,6971,9295,9101,4929,9730,4798,544,12869"
5965,5965,"2343,9693,5199,8408,5532,1374,9101,4798,544,5495"
5995,5995,"10326,3950,3428,4798,6220,9942,544,13346,4277,2343"
6005,6005,"9101,544,11298,2989,12655,6220,9693,1290,7679,1244"
6006,6006,"9942,6220,3950,8562,5495,8413,89,12665,13346,3428"
6013,6013,"10326,8562,4798,6433,6220,9942,717,3950,217,10916"
6016,6016,"3950,5495,10326,13346,4798,5303,8562,2218,5199,8413"
6023,6023,"7120,9101,1244,544,11298,9730,2989,10326,4798,10663"
6052,6052,"3950,5495,4798,12665,10326,3428,8562,9942,13346,5303"
6056,6056,"544,5495,6971,12665,10326,9693,4798,5199,5303,13346"
6059,6059,"4798,5495,10326,5303,6220,3950,12857,8413,12665,275"
6064,6064,"8562,10326,4798,3950,5199,5303,9942,13346,2343,544"
6091,6091,"3950,2218,5199,6971,9942,12665,5495,8562,4798,6220"
6112,6112,"7120,11298,2989,1244,9101,9730,7679,3464,12869,10663"
6133,6133,"5303,9693,9942,6220,5532,3950,10326,5199,2343,13315"
6150,6150,"4798,5610,9101,10326,5495,544,12665,8483,4843,9942"
6155,6155,"10326,4798,8562,5303,12857,10916,9942,8483,12665,3950"
6157,6157,"10326,4798,5303,10916,12857,8421,8562,3950,2140,217"
6212,6212,"6220,8562,5495,9942,3428,3870,4798,12470,9101,10156"
6218,6218,"10326,3950,8562,4277,13346,10916,5303,4798,8421,6220"
6242,6242,"4798,6220,10326,9942,275,6971,6659,8562,13110,12665"
6243,6243,"10326,4798,544,8562,5303,5495,275,4277,8421,3950"
6260,6260,"4798,10326,810,8421,8483,8562,9101,544,12857,976"
6262,6262,"10326,4798,2140,275,8483,9101,544,5495,9942,13097"
6278,6278,"5303,275,544,5495,2218,6971,12099,4798,10326,6220"
6280,6280,"4798,5303,8562,3950,8483,6220,8413,13249,13346,12665"
6287,6287,"8562,4798,10326,6971,544,2140,12665,5303,9519,31"
6305,6305,"10326,717,5303,4277,4798,544,217,9942,8562,8421"
6320,6320,"7120,1290,5303,6220,9942,9693,2343,6971,10326,4798"
6339,6339,"2343,8413,4798,9693,8562,12665,9942,13346,275,10326"
6360,6360,"544,4798,5303,6220,275,8483,8562,3950,9693,8413"
6370,6370,"10326,8562,3950,8413,4798,6220,5495,5303,3428,13346"
6376,6376,"4798,10326,5303,8562,275,4277,8483,6220,13346,3950"
6378,6378,"1244,9101,11298,7120,2989,9295,9730,544,12869,7679"
6379,6379,"8562,10326,4798,5303,544,3950,6971,6220,12857,217"
6398,6398,"544,2343,9101,6795,1244,2537,2903,7679,12655,6834"
6422,6422,"8413,8562,13346,9942,4798,844,8483,5495,3428,544"
6424,6424,"3950,4798,11561,9990,12857,9942,8483,8413,11784,9101"
6436,6436,"9101,4798,544,5495,10326,2770,12665,9942,8562,9730"
6454,6454,"9693,544,2343,9101,6795,5532,12665,11298,9942,2537"
6464,6464,"4798,10326,5303,8483,8421,2158,9693,10916,9101,544"
6479,6479,"4798,8483,3950,13346,2218,5495,9101,10326,12665,9942"
6485,6485,"1863,8981,9101,8703,4798,7637,544,10326,5495,8562"
6488,6488,"9942,6220,3950,12665,3428,5545,8562,4798,3870,8413"
6490,6490,"9942,13110,8562,4654,4823,3870,9101,4798,544,10326"
6498,6498,"10326,8562,9942,6220,3428,3950,5303,217,4798,12665"
6533,6533,"9101,11298,2989,544,12665,12869,4798,9730,10326,7120"
6577,6577,"10326,9942,4798,3950,4277,6220,13346,217,3428,10916"
6579,6579,"4798,10326,12857,4277,544,5303,8421,717,8483,10594"
6583,6583,"10326,6220,8562,3950,3428,544,4798,5495,9942,13346"
6597,6597,"8562,9942,9693,10326,2343,5303,544,4798,5495,275"
6599,6599,"6220,12665,6971,1290,13408,4798,5303,2218,9942,275"
6607,6607,"9942,8483,5303,8562,3428,8413,3950,6220,4798,5495"
6613,6613,"8562,3950,6220,12665,13346,3428,10326,8681,5495,4798"
6622,6622,"7120,1290,9295,89,11298,9101,9730,12665,8590,5199"
6637,6637,"6220,2343,2218,9693,12665,8562,6971,3950,9942,9101"
6644,6644,"10326,4798,8562,5303,4277,6220,3950,717,10916,13346"
6651,6651,"11298,9101,1290,2989,1244,7120,544,12869,9730,4576"
6674,6674,"10326,12665,3950,8562,13346,5495,3428,4798,8413,9942"
6683,6683,"9693,2343,10326,5199,4798,12665,13346,5303,5532,5495"
6686,6686,"9101,1290,1863,544,9693,7120,9730,11298,4798,6697"
6707,6707,"544,2343,5303,5495,8562,10326,9693,12665,6220,13346"
6724,6724,"10429,1863,9101,4798,544,1244,5875,10326,7024,8235"
6729,6729,"10326,8562,4798,6220,9942,3950,5303,275,12665,6971"
6739,6739,"12665,8562,3950,8333,9942,9101,4798,5461,5495,544"
6756,6756,"5303,3950,4798,10326,8562,275,6220,9072,2140,10594"
6764,6764,"6659,50,5303,8562,9602,5545,1328,544,10326,9101"
6768,6768,"9942,6220,10326,8562,3428,6659,275,12665,4798,5303"
6787,6787,"12665,8562,2218,3950,4798,3055,13315,1286,6971,10326"
6808,6808,"1244,11298,1290,7120,544,2989,9730,12869,9942,7679"
6811,6811,"544,8483,10326,4798,12665,350,275,4277,13110,9101"
6812,6812,"8562,4798,10326,3950,12665,9942,3428,13346,5303,544"
6831,6831,"9942,10326,5303,544,6220,12665,4798,8562,6971,275"
6833,6833,"2343,12665,9693,6220,8413,9101,4798,8562,544,5495"
6840,6840,"4798,5303,10326,2140,9101,6270,544,12665,5495,275"
6842,6842,"7120,1290,1244,11298,9101,9962,9730,4929,12869,544"
6855,6855,"9101,11298,1244,7120,1290,9730,544,2989,12869,7679"
6869,6869,"10326,4798,5303,8562,12857,4277,8421,10916,6433,3950"
6874,6874,"6220,6971,4798,544,12665,1747,1290,9101,8413,9942"
6879,6879,"544,9693,5199,9942,2343,2903,5495,5532,4798,10326"
6885,6885,"13346,5676,3950,4798,9101,5495,10326,544,36,3428"
6886,6886,"9942,13346,12665,6220,2343,4798,9693,3950,6795,3870"
6902,6902,"10326,4798,4277,8562,544,6433,13346,3950,10916,717"
6908,6908,"11298,9101,2989,7120,1290,1244,7679,12869,544,9730"
6911,6911,"3950,6659,9942,11484,10326,50,3428,9101,4798,544"
6912,6912,"12665,3950,6220,9942,810,4798,8562,544,13346,6971"
6919,6919,"544,7120,11298,9101,2989,1244,1290,12869,9295,9730"
6926,6926,"5532,9101,4798,5495,9942,544,10326,12665,7673,8413"
6934,6934,"8562,10326,8483,3950,217,8421,4798,717,13346,5495"
6935,6935,"4798,10326,544,8562,4277,12665,8483,6220,13346,217"
6939,6939,"8413,4798,5303,6220,10326,9942,12665,5461,8562,9101"
7000,7000,"9942,544,6220,2343,9693,5303,89,12665,3950,8562"
7003,7003,"8562,3950,10326,5495,2343,12665,9942,6220,9693,12099"
7005,7005,"10326,4798,544,217,3428,6433,717,3950,8562,8421"
7042,7042,"10326,12665,4798,8562,5303,3950,10916,13346,8421,5495"
7045,7045,"4798,10326,8562,544,6971,8413,2140,13346,3950,652"
7047,7047,"10429,9101,4798,544,8703,10326,5495,9942,1863,12665"
7053,7053,"6220,544,8562,4798,10326,10429,12665,9942,8188,9101"
7063,7063,"10326,8483,717,13249,3950,13346,10916,4798,1328,12857"
7067,7067,"2343,9693,3950,2218,717,544,13346,217,4277,2537"
7071,7071,"10326,4798,4277,12857,717,13346,3950,6433,10916,5303"
7078,7078,"8562,3950,6220,5495,3428,9942,12470,2218,13346,2140"
7109,7109,"10326,1355,8562,6659,6326,6433,4798,12857,2585,9101"
7118,7118,"4798,10326,12857,6433,10594,5303,10916,6270,8562,8421"
7129,7129,"11298,7120,9101,1244,1290,2989,9730,544,4664,12869"
7133,7133,"10326,4798,217,8483,609,5495,350,652,5303,9942"
7139,7139,"769,1355,544,9295,6971,9101,8590,11464,4798,10326"
7142,7142,"12665,3950,4798,10326,5303,6220,4277,8562,544,9602"
7146,7146,"9693,2343,5303,4798,10326,12665,5199,544,5532,6971"
7172,7172,"10326,4798,217,4277,8562,10916,717,8421,12857,350"
7181,7181,"5495,89,12665,64,2343,13346,10326,8483,6971,544"
7195,7195,"4798,10326,8562,4277,544,717,10916,12857,5303,217"
7197,7197,"4798,8562,3428,5303,9942,10326,217,12470,8413,3950"
7203,7203,"7120,11298,1290,1244,9101,2989,4929,9295,544,12869"
7223,7223,"8562,4798,3950,12857,5303,10326,6220,12665,10916,13346"
7235,7235,"12869,544,1290,7120,9101,11298,9730,7679,6971,5303"
7236,7236,"544,10326,12665,7120,4798,9101,5303,1244,4277,2989"
7237,7237,"7120,1290,1244,4929,9101,544,4798,9693,8981,10326"
7255,7255,"7120,1290,4798,9295,544,6971,4929,8590,1244,9101"
7297,7297,"12665,9693,4798,8562,10326,6220,9942,6971,2140,3950"
7320,7320,"8413,3950,4798,10326,5495,11572,5303,9693,8562,544"
7323,7323,"12665,2343,9693,13346,64,3950,9942,6220,275,5495"
7326,7326,"8483,5303,10326,4798,2218,5495,2140,12404,8590,12665"
7343,7343,"10326,4798,4277,6433,717,8562,350,8421,217,5303"
7363,7363,"6220,13346,8562,89,5495,9942,1230,12665,4798,10326"
7364,7364,"6971,4798,13346,10326,8483,2218,5303,12665,12274,9942"
7366,7366,"6220,9942,3428,3950,544,3870,9101,4798,12665,10326"
7372,7372,"8413,5495,4798,5303,6302,13346,8562,8483,3055,9942"
7399,7399,"544,10429,9942,1863,9693,9101,5495,13408,12665,4798"
7402,7402,"12665,5303,8413,8562,5495,2218,6220,4798,3950,9072"
7406,7406,"8562,10326,4798,544,2140,9101,5610,9942,4257,12665"
7421,7421,"544,9942,4798,8413,10326,12665,8562,3950,5676,2343"
7425,7425,"7120,1290,544,10326,6220,9101,8562,4798,1244,9942"
7431,7431,"4798,10326,12857,10916,6971,8421,8562,8483,13346,4277"
7447,7447,"4798,10326,8421,8562,8205,6326,12665,3950,9101,6433"
7451,7451,"8562,6220,1863,10429,4798,544,5495,10326,9101,7707"
7453,7453,"7120,1244,4929,9962,9101,4798,544,789,11298,10326"
7456,7456,"544,1290,9962,9101,275,2989,12665,789,4798,10326"
7484,7484,"7120,1290,11298,9730,4929,1244,9295,6971,9101,4798"
7486,7486,"5495,4798,5303,8413,3950,10326,2218,8562,12857,8483"
7505,7505,"11298,7120,9101,1290,1244,2989,7679,544,9730,4929"
7529,7529,"4798,8562,10326,13346,10916,2140,275,12857,8421,544"
7532,7532,"11298,2989,9101,1244,544,8978,7679,6288,12869,9942"
7548,7548,"10326,6220,8562,12665,13346,4798,5303,3950,9942,8483"
7550,7550,"3950,9404,8562,4798,1323,217,10326,1978,6220,50"
7557,7557,"10326,4798,4277,8421,12857,717,10594,217,10916,350"
7574,7574,"7120,1290,11298,4929,9962,9101,1244,3697,2989,4798"
7586,7586,"1863,9942,544,9101,7637,4798,8703,10326,8562,5495"
7592,7592,"9101,4798,544,10326,12204,5495,12665,9942,516,9730"
7594,7594,"8413,3950,12857,9942,8562,4798,4413,13346,9101,5495"
7600,7600,"9693,2343,10326,5495,8562,9942,4798,13346,9404,4277"
7601,7601,"10326,4798,5303,8562,10916,13346,12857,2140,4277,10594"
7642,7642,"4798,10326,544,5303,9942,6220,12869,11298,1244,9101"
7647,7647,"8413,5303,1862,544,8562,275,2140,4413,7063,10326"
7650,7650,"8413,8562,544,6220,3950,5303,4798,12665,10326,2218"
7660,7660,"11298,9101,544,12869,1290,2989,9730,7120,1244,12665"
7682,7682,"4798,10326,8562,6220,3950,12665,275,5303,4277,6971"
7712,7712,"10326,6220,544,3428,5303,4798,275,12665,8562,3950"
7728,7728,"8562,4798,3950,10916,10594,11000,12857,8483,10326,9101"
7763,7763,"8562,4798,6220,10326,3428,12665,13346,6659,5303,3870"
7764,7764,"10326,544,275,6971,4798,6220,9942,5303,13346,2218"
7765,7765,"11298,2989,9730,9101,7342,4890,8978,12869,3704,544"
7768,7768,"6659,9942,8413,4798,8562,5184,3950,9101,931,4413"
7776,7776,"1290,7120,9962,9101,9730,789,11298,544,4798,1244"
7834,7834,"4798,9101,10326,3968,544,8421,1390,5495,7044,13014"
7850,7850,"4798,4277,544,275,10594,8421,12857,217,8562,2140"
7860,7860,"11298,7120,9101,2989,1244,1290,544,7679,4929,9730"
7879,7879,"4798,10326,5303,6971,5495,2140,8421,8562,12665,10916"
7892,7892,"544,9101,9693,1290,11298,10326,7120,2343,9156,12665"
7895,7895,"4798,6220,8413,5495,5303,8562,275,10326,9942,3950"
7901,7901,"4798,10326,3950,6220,8562,5303,4277,12857,10916,544"
7922,7922,"12665,544,4798,6220,4277,3950,13346,217,9942,8562"
7927,7927,"4798,10326,8562,5303,11969,8413,544,5495,6220,8421"
7931,7931,"9693,2343,5303,544,4798,275,13346,10326,12665,8562"
7938,7938,"12470,3950,9942,3428,5199,13306,10326,8562,1323,2411"
7942,7942,"8562,4277,544,10326,10916,3950,217,6433,350,5495"
7964,7964,"3950,1323,8413,5495,9942,12665,9101,4602,4798,544"
7982,7982,"5495,64,3950,2343,12665,5199,9693,2903,89,9404"
7988,7988,"7120,1290,4929,9101,4798,544,8302,1244,10326,3697"
7992,7992,"4798,8562,10326,13346,5303,4277,6220,10916,12857,8421"
8005,8005,"8413,5303,4798,2343,12665,9693,2218,5199,6971,5532"
8019,8019,"3464,7679,6248,9101,9730,2710,11298,4798,544,10326"
8026,8026,"4798,8562,3950,13346,10326,12665,6220,9942,13249,12857"
8028,8028,"9693,2343,544,9404,6795,5532,5495,5199,13346,10326"
8085,8085,"13346,50,9693,8413,9101,9942,4798,6626,12665,544"
8103,8103,"89,12665,9101,4602,4798,9942,544,8235,5495,10326"
8108,8108,"3950,10326,8562,9072,6220,4277,3428,10594,217,1328"
8137,8137,"9693,2343,12665,9942,5303,89,5495,6971,544,4798"
8138,8138,"10326,8562,13346,5303,6433,12857,217,4277,8483,3950"
8139,8139,"4798,10326,5303,8562,6971,3950,5495,8421,2218,275"
8148,8148,"9942,4798,10326,8562,12665,13346,6220,3950,544,5303"
8150,8150,"10326,4798,8562,275,12665,5303,3950,13346,6220,2140"
8160,8160,"544,9101,7120,2989,11298,1290,12869,1244,10326,12665"
8175,8175,"12665,8483,12470,11639,5495,1328,9101,10916,217,544"
8191,8191,"7120,2989,1290,9101,9730,12869,4929,6591,1244,11298"
8198,8198,"4798,8483,10326,6220,9942,544,6971,8562,3950,275"
8202,8202,"9101,11298,1244,9730,2989,7679,7605,4576,8978,544"
8233,8233,"4798,10326,6971,12665,8483,5303,89,13346,3950,2343"
8251,8251,"4798,5126,12136,13346,544,9101,9693,9942,5495,10326"
8252,8252,"10326,4798,8562,4277,717,12857,10916,6433,3950,217"
8265,8265,"544,10326,4798,5303,8562,6220,275,6971,12665,2218"
8267,8267,"10326,4798,8562,10916,5303,8421,12857,8483,6433,717"
8268,8268,"8562,13346,12665,12857,10326,6326,9942,717,4798,5303"
8294,8294,"9693,2343,544,6971,6795,5303,10326,5199,4798,2140"
8299,8299,"1290,7120,1244,9101,9962,11298,789,12869,544,4798"
8302,8302,"10326,4798,5303,2218,4277,12857,9072,8483,2140,8421"
8303,8303,"1290,4929,1244,9101,11298,544,9295,2989,9730,4798"
8323,8323,"9693,2343,4798,6971,10326,5495,8562,5199,544,13346"
8327,8327,"5303,12665,3950,6971,2218,6220,4798,89,8413,9942"
8331,8331,"3950,6659,9942,5303,4798,6220,3428,13408,9101,5676"
8332,8332,"11298,9101,1290,7120,1244,9730,2989,4576,7679,544"
8334,8334,"3950,6220,8562,5495,4798,8413,12665,11572,9942,11000"
8337,8337,"544,11298,7120,1244,1290,2989,9295,10326,9730,7258"
8341,8341,"13346,3950,8562,4798,6326,10326,9942,5495,8413,9101"
8361,8361,"10326,4798,9942,6971,8562,5303,12665,1747,544,13296"
8369,8369,"9404,3950,2411,9072,2218,12665,9693,10326,5303,6971"
8378,8378,"5303,10326,6971,8421,13249,4798,544,10916,13346,12665"
8407,8407,"7679,11298,2989,3464,8978,9101,12655,1244,544,10389"
8419,8419,"1244,9101,544,11298,7120,1290,2989,4664,4576,9730"
8424,8424,"5303,544,8562,10326,4798,1863,6971,9101,9942,13296"
8425,8425,"4277,5303,8562,10326,6220,4798,10916,13249,10594,10869"
8438,8438,"7120,1290,4929,3697,9101,4798,1244,11298,544,11117"
8447,8447,"10326,4798,4277,12857,10916,5303,8562,217,8421,6433"
8458,8458,"12869,11298,9101,9962,9730,4798,544,7063,1240,10326"
8463,8463,"10326,4798,5303,8562,544,6220,9942,5495,12857,6971"
8471,8471,"4798,12665,6971,10326,3950,8562,5303,13346,2343,2140"
8472,8472,"9101,7679,7120,1290,11298,1244,544,12869,2989,9730"
8477,8477,"5303,4798,6971,10326,8562,544,2343,9693,6220,12665"
8478,8478,"9693,12665,2343,544,5495,6971,5303,6220,5199,12470"
8483,8483,"1290,11298,89,7120,9295,9101,544,9693,1244,5461"
8496,8496,"10326,6971,3950,8562,5303,8205,544,1290,5199,5495"
8497,8497,"8562,10326,4798,12857,217,3950,13346,717,3428,10916"
8501,8501,"4798,10326,8413,8562,13346,3950,9942,9101,544,5999"
8506,8506,"9942,3950,6220,13346,10326,4798,3428,5495,8562,12665"
8520,8520,"10326,4798,8562,12857,5303,10916,544,3950,4277,12665"
8524,8524,"544,12665,10326,9101,11298,6220,4277,7679,9693,11969"
8531,8531,"4798,8413,8562,10326,50,275,3950,13346,6326,10916"
8556,8556,"10326,544,8562,4798,5303,4277,8483,717,350,6220"
8579,8579,"9730,11298,9101,2989,1244,7679,12869,4576,544,10389"
8585,8585,"6220,544,5495,9693,10326,2218,12470,1355,5461,3950"
8591,8591,"10326,6220,12665,3428,4798,9942,6659,5303,13346,8188"
8592,8592,"7120,1290,4929,9101,544,10663,9693,1244,6971,4798"
8596,8596,"9942,3950,8562,4798,6220,3428,8413,13346,717,10326"
8598,8598,"10326,3950,5303,544,3428,4798,9942,8562,12665,6220"
8608,8608,"7120,1290,9101,10663,1244,11298,9730,544,9295,4798"
8610,8610,"7120,1290,1244,11298,9101,4929,9730,12869,9962,9295"
8617,8617,"7120,1290,11298,9295,1244,9101,9730,2989,4929,3697"
8621,8621,"5495,5303,2218,5199,4798,8413,8562,10326,9101,544"
8629,8629,"9093,9101,3420,4798,11013,544,8068,6708,10326,5495"
8649,8649,"12665,5495,8413,9101,4798,544,10326,5532,12470,9693"
8652,8652,"7120,4929,1244,11298,9101,9730,544,4798,2916,10326"
8714,8714,"2989,6220,7120,9101,1290,8590,11660,9942,9730,11298"
8718,8718,"89,12665,9942,5875,64,9101,4798,8235,544,3950"
8733,8733,"9101,11298,12655,544,7679,1290,1244,2989,7120,8978"
8734,8734,"3428,6220,3950,12665,13306,13110,4654,3870,89,9101"
8754,8754,"5495,8562,5303,544,217,2218,3950,12665,12470,10326"
8771,8771,"8413,4798,8562,6220,8205,2218,9942,10326,5303,9101"
8791,8791,"544,10326,4798,2343,9693,13346,8562,6220,4277,5303"
8794,8794,"4798,8562,3950,810,10326,6220,5303,13346,3428,544"
8797,8797,"9453,350,5676,10326,9101,4798,8562,544,8822,5495"
8804,8804,"10326,4798,13346,8562,3950,6220,13249,10916,12857,5303"
8809,8809,"275,12857,10326,13346,4798,6971,5303,50,544,9404"
8823,8823,"7120,11298,1290,9101,4929,2989,9295,9730,7679,12869"
8833,8833,"10916,10326,9404,8562,3950,4277,12665,8421,12857,5364"
8835,8835,"7120,9693,1290,11298,2343,1244,12869,9295,9101,4929"
8840,8840,"4798,6971,2140,8413,5303,9101,8562,9942,544,10326"
8842,8842,"8413,544,5495,9101,4798,10326,4181,12665,844,13408"
8860,8860,"544,11298,12665,6220,9101,89,9942,9730,7679,12869"
8866,8866,"4798,10326,8562,4277,8421,8483,717,544,9101,10916"
8877,8877,"8562,4798,9101,544,6515,10326,1102,11484,5495,13230"
8887,8887,"8413,9190,8562,4798,544,10326,5495,9101,5532,9942"
8895,8895,"10326,9101,4798,350,544,11739,2770,5495,6659,5789"
8907,8907,"1244,7120,1290,11298,9101,9962,9295,9730,4929,3697"
8921,8921,"4277,4798,350,10326,6433,5303,717,12857,4492,10916"
8928,8928,"11298,7679,3464,9101,401,7669,7120,1290,12869,9942"
8936,8936,"10594,13408,217,12857,6491,9101,4798,4685,3013,544"
8965,8965,"9693,2343,4798,10326,544,9942,5303,6220,13346,12665"
8971,8971,"9693,2343,12665,6795,9942,5495,5532,8562,544,6220"
9000,9000,"544,9101,11298,7120,1290,1244,9693,7679,2989,9730"
9023,9023,"12665,544,4277,3950,9693,2343,10077,9942,6220,4798"
9025,9025,"12665,5303,275,10326,6971,89,4798,1290,5199,544"
9031,9031,"3950,8413,4798,10326,9942,6971,2903,8562,9101,5495"
9045,9045,"4798,10326,5303,6659,9942,6220,4277,8483,275,1290"
9053,9053,"12665,8562,6220,3950,10326,13346,4798,6971,3055,544"
9054,9054,"9942,3950,6220,3428,8483,12665,8413,4798,13375,5495"
9060,9060,"8562,10326,5303,6220,4798,544,3950,12665,13346,2343"
9063,9063,"8413,8562,3950,9942,8483,2585,13346,11540,4413,6220"
9071,9071,"8562,9942,6220,3950,3428,12665,8681,2218,13346,5495"
9078,9078,"9693,2343,544,4798,9101,2537,10326,6795,5532,2903"
9101,9101,"4798,10326,8562,6220,9942,3950,13346,1355,544,3428"
9108,9108,"5303,3950,9942,3428,6220,544,5495,2140,4798,275"
9110,9110,"10326,4798,12665,8562,12857,6433,5303,2218,8483,4277"
9114,9114,"11298,2989,544,5495,9101,6220,12665,9730,1244,7342"
9144,9144,"11298,1244,9101,1290,7120,544,10326,12665,2989,9730"
9172,9172,"1290,7120,6220,544,9101,1863,4798,8981,10326,9942"
9185,9185,"544,5495,1863,10429,8562,6220,9101,9942,10326,4798"
9190,9190,"4798,3950,10326,8562,5303,12857,6220,5642,8413,12665"
9193,9193,"3950,10326,4798,8562,12857,6220,9404,10916,13346,13249"
9198,9198,"10326,5303,4798,4277,9340,2140,9101,4908,7138,544"
9200,9200,"7120,544,1290,10326,9942,1244,4798,5303,9101,275"
9201,9201,"7679,11298,7120,1290,12995,3464,9101,2989,4798,544"
9204,9204,"544,10326,4798,5303,5495,275,2343,8483,6659,13346"
9215,9215,"7120,1290,4798,4929,10326,2140,1747,6971,9101,544"
9222,9222,"9730,7120,1290,9101,12869,11298,1244,544,9295,4664"
9233,9233,"4798,4277,5303,12665,6383,544,8562,1328,10916,350"
9235,9235,"9101,1290,544,7120,1244,2989,9942,10326,4798,7679"
9245,9245,"1290,7120,9101,1244,544,789,11298,12869,9942,4798"
9275,9275,"12665,89,9101,5875,5495,4798,7024,544,10326,8235"
9308,9308,"9942,544,8562,3428,6220,8413,3950,5184,5545,9693"
9323,9323,"4277,717,8483,544,217,8421,10326,4798,9340,9072"
9329,9329,"10326,8562,12665,3950,5303,13346,5495,6220,12857,6326"
9355,9355,"8562,4798,8413,3950,6220,5303,2218,10326,12665,6971"
9369,9369,"4798,10326,5303,12857,6433,13249,2140,13346,8483,10594"
9386,9386,"8188,5495,11484,8562,12470,9101,4798,544,3269,6659"
9388,9388,"4798,544,5303,12665,6220,9942,8188,6971,13346,275"
9401,9401,"7120,1290,11298,9730,1244,9962,3697,4929,9101,7679"
9418,9418,"10326,6220,9942,4798,3950,12665,8413,544,2218,2140"
9433,9433,"4798,8562,10326,13346,8483,4277,3950,217,10916,717"
9440,9440,"10326,544,217,4277,8562,4798,717,8421,10916,350"
9446,9446,"3950,13346,10326,2218,8562,9942,13306,4798,3428,5199"
9464,9464,"5495,12470,5676,544,8413,8188,2585,8562,232,257"
9477,9477,"8562,4798,5303,275,5495,3950,10326,12665,6220,544"
9488,9488,"11298,7120,1290,9101,1244,9730,544,12869,6971,12665"
9500,9500,"4798,10326,10916,4277,717,12857,13346,350,6433,8421"
9502,9502,"4798,8562,3950,3428,544,13346,10326,810,13249,12857"
9507,9507,"2343,9693,2903,5199,544,6795,9101,12665,2537,4798"
9528,9528,"7120,11298,9101,2989,7679,4929,12655,9730,12665,12869"
9539,9539,"4798,10326,12857,8562,544,6220,2218,6433,3950,4277"
9566,9566,"544,9693,10326,9101,4798,2343,11298,6971,5303,1244"
9575,9575,"4798,8483,10326,12857,13346,8562,5495,11000,9340,10916"
9583,9583,"5495,4798,10326,13346,5303,12470,3950,9942,8413,8483"
9589,9589,"10326,4798,3950,13346,4277,275,8562,544,64,6971"
9591,9591,"4798,10326,5303,3950,10916,12857,6971,8562,8421,2140"
9617,9617,"5495,4798,1286,9101,10326,544,609,12665,8562,9942"
9620,9620,"8562,12665,9942,13346,10326,3950,6220,5495,2343,12470"
9622,9622,"5495,2905,4798,5109,10326,9101,3950,544,9393,6902"
9631,9631,"9101,12869,9730,3222,11298,544,7679,4798,7605,10326"
9655,9655,"8562,3950,8413,1042,8822,9101,4798,3149,12665,544"
9658,9658,"4798,10326,544,5495,2343,5303,9693,9101,2140,6220"
9660,9660,"9730,9101,7120,1290,11298,4929,9295,2989,1244,544"
9669,9669,"1290,7120,9962,4929,789,9101,5135,4798,544,9730"
9672,9672,"4798,5303,13346,12857,10326,10916,8483,3950,5495,12793"
9684,9684,"9101,4798,544,10326,5495,6659,12665,9942,6952,9730"
9702,9702,"7120,1290,1244,11298,4929,9101,9962,789,3697,9295"
9705,9705,"7120,10326,8562,1290,12857,4798,5303,6971,12665,4929"
9722,9722,"1244,12869,11298,544,7120,12665,9101,1290,4798,9730"
9732,9732,"11298,1244,9101,9730,7120,1290,7679,544,4664,8978"
9781,9781,"12655,844,7679,9101,11298,3148,2989,2874,6002,1224"
9803,9803,"5495,5303,544,5532,12470,9693,12665,2218,2343,2903"
9809,9809,"10326,5495,8562,64,3950,2343,2218,6795,1328,9942"
9814,9814,"10326,12857,10916,8562,4277,8421,5303,2140,10594,6971"
9818,9818,"2218,5303,6971,5495,5199,4798,3950,6220,2343,5532"
9820,9820,"9693,4798,5495,13315,2905,3950,9101,12611,544,10326"
9848,9848,"10326,544,4798,5303,4277,5495,1323,2140,4694,275"
9856,9856,"4798,10326,8562,3950,5303,544,6971,12665,9942,810"
9869,9869,"12665,6220,5303,4798,9101,8235,10326,544,6971,3950"
9889,9889,"10326,5303,8413,2218,4798,12665,2140,6971,5495,8562"
9923,9923,"4798,8483,10326,8562,4277,5303,10916,350,3950,11000"
9929,9929,"8562,3950,13346,12665,4798,9101,10326,5461,544,5495"
9961,9961,"7120,12665,1290,11298,89,1244,9101,4929,4798,7024"
9969,9969,"4798,10326,5303,6971,717,2218,217,8421,544,4277"
9974,9974,"1290,7120,9101,89,9730,11298,2343,6591,9693,12665"
9976,9976,"1244,1862,11298,12869,13315,3222,9101,7679,544,11918"
9989,9989,"9942,5495,8562,4798,12470,3950,6220,5303,10326,8413"
9993,9993,"12665,8562,4798,5303,6971,2343,13375,9942,10916,10326"
10002,10002,"6659,10326,275,544,4798,9101,5303,2989,12665,5495"
10011,10011,"11298,9730,7120,1290,7679,2989,9101,1244,10137,4664"
10016,10016,"4798,10326,5303,8562,9942,544,6220,3950,12665,12857"
10028,10028,"9942,3428,9101,4798,9404,544,6220,5495,10326,11800"
10029,10029,"9942,13346,5495,10326,6220,3428,13249,3950,12665,2218"
10033,10033,"12665,5303,8413,3950,1286,1230,89,1220,8922,3055"
10042,10042,"10326,5303,12857,4798,10916,3950,10594,8562,6971,2140"
10046,10046,"4798,10326,8562,3950,10916,4277,13346,12857,217,13249"
10061,10061,"4798,8562,4277,544,6220,10594,717,3950,12857,6433"
10071,10071,"6220,3950,4277,9942,217,8483,10594,13346,5495,13249"
10084,10084,"4798,13346,8562,10326,6971,12665,8421,2140,12857,8483"
10091,10091,"8562,4798,10326,12665,5495,6220,9101,1323,544,13346"
10102,10102,"1244,11298,544,2989,9730,4929,12665,12869,4576,10326"
10104,10104,"8562,5303,4798,5495,3950,2218,275,10326,8483,12857"
10121,10121,"7120,1290,6971,9101,4929,544,1244,11298,9693,5495"
10131,10131,"13346,3950,4798,9942,6220,3428,8562,8483,12665,12857"
10134,10134,"10326,4798,275,4277,544,12665,5303,2140,9101,4877"
10139,10139,"7120,1290,4929,1244,9101,11298,3697,9295,10663,4798"
10144,10144,"3950,8562,5199,4798,13346,10326,9101,9942,3055,8483"
10155,10155,"2218,4798,8483,3950,8562,5303,10326,8413,9101,11396"
10168,10168,"1863,4798,9101,10326,544,9942,10429,5495,7637,8562"
10178,10178,"544,9101,2989,9942,10326,9693,11298,1290,12665,1244"
10186,10186,"9693,12665,8562,9942,9404,3950,13346,6220,2537,6795"
10190,10190,"10326,4277,10594,350,717,4798,217,8421,11222,10916"
10194,10194,"4798,8562,3950,13346,8413,12857,4277,10916,8483,9455"
10196,10196,"13346,9942,5676,3950,8562,4413,9101,1574,4798,5495"
10215,10215,"10326,4798,5303,4277,8562,6433,12857,8421,6971,544"
10218,10218,"9942,10326,8562,5303,6220,12857,4798,10916,12665,5495"
10251,10251,"8562,6220,8188,12857,3950,13346,10326,4798,12665,5303"
10252,10252,"7120,1290,9295,9101,1244,11298,544,6220,12869,9962"
10262,10262,"5495,12099,2903,5199,9101,12470,4798,544,10326,4266"
10266,10266,"9942,12665,544,6220,3950,4798,8562,2343,6659,5303"
10271,10271,"10326,6220,4798,9942,9693,2343,2140,8562,12665,6971"
10277,10277,"8562,10326,5303,4798,3950,13346,12857,6971,10916,6326"
10282,10282,"10326,12665,5303,4798,1244,544,1290,8483,8421,9101"
10286,10286,"7120,1290,4929,9101,4798,9295,12030,544,1400,10326"
10305,10305,"10326,810,4798,10916,13346,1889,12857,6795,5303,5495"
10309,10309,"9942,12665,6220,8562,4798,3950,2218,10326,5545,13346"
10335,10335,"7120,1290,9730,11298,9101,1244,4929,12869,2989,10663"
10340,10340,"11298,2989,7120,1290,7679,9101,9730,1244,4545,544"
10375,10375,"4798,6220,8413,9942,8562,12665,5495,5303,544,9101"
10388,10388,"4798,10326,5303,6971,275,8562,13346,2140,8205,9101"
10397,10397,"10326,4798,8413,5303,12857,4277,10594,1889,3950,6433"
10402,10402,"3950,12665,9942,4798,5676,8413,13346,8562,3870,6220"
10407,10407,"544,5303,4277,6220,3428,350,810,2343,10326,5885"
10408,10408,"4798,10326,9101,5495,544,9942,8562,12665,13408,9306"
10416,10416,"4798,3950,13346,10326,6220,12665,1220,12857,2343,9942"
10448,10448,"4798,10326,8562,275,3950,544,5303,6220,3428,12665"
10454,10454,"3950,13346,10326,8562,5495,9404,4798,9942,13249,9101"
10499,10499,"4798,10326,717,4277,8421,217,6433,10594,2158,8483"
10503,10503,"3950,12665,8823,10326,9942,9101,5495,8562,11351,4798"
10504,10504,"2989,11298,7679,12869,3464,9730,544,4545,9942,8978"
10508,10508,"10326,4798,5303,544,4277,217,8421,275,717,2140"
10514,10514,"8562,3950,13346,10916,6326,4798,810,6220,4277,12857"
10526,10526,"4798,10326,12857,3950,8562,13346,4277,10594,6433,8421"
10540,10540,"4798,10326,13346,5303,6220,275,9942,3950,4277,10916"
10542,10542,"10326,4277,217,544,717,350,4798,8421,9340,8483"
10551,10551,"4798,10326,544,8562,5303,6220,275,9942,12665,8483"
10554,10554,"544,12665,5303,6220,8562,8413,8483,5199,9942,4798"
10555,10555,"11484,6220,5495,9101,4798,10429,544,10326,12665,8562"
10556,10556,"5610,2140,844,4798,9101,227,3766,5743,544,7547"
10562,10562,"12857,4798,9072,10326,2140,31,8483,13346,6971,3950"
10575,10575,"11298,9730,7120,1290,9101,12869,7679,1244,9295,7669"
10576,10576,"10326,4798,5303,10916,8562,8421,217,12857,350,717"
10582,10582,"10326,12665,3950,4798,544,8562,5303,9942,4277,13408"
10584,10584,"3950,8562,4798,10326,13346,9942,6220,3428,5303,8483"
10606,10606,"4798,10326,9942,3950,544,12665,5303,6220,2411,8562"
10611,10611,"4798,544,717,8483,4277,217,8421,6383,5303,350"
10613,10613,"544,10326,4798,717,12665,217,6383,5303,8421,3950"
10614,10614,"10429,4798,9101,5495,1863,8188,8562,544,9942,12665"
10623,10623,"9101,8235,7024,4798,544,10326,12665,4715,5495,9942"
10647,10647,"12869,11298,7679,9101,4163,2957,7120,1851,544,4798"
10657,10657,"10326,12857,10594,4798,8421,5303,10916,717,275,6433"
10670,10670,"10326,4798,10594,10916,8421,4277,275,12857,10568,9101"
10679,10679,"11298,7120,9730,1290,12869,9295,1244,9101,10389,2989"
10680,10680,"4798,5303,8562,10326,13346,2218,275,8483,6220,3950"
10699,10699,"5495,4798,13346,6971,10326,8562,8413,5303,1230,3950"
10715,10715,"217,717,4277,12857,4798,9105,10326,238,3428,2158"
10720,10720,"3950,4798,8413,13346,12665,8562,5303,10326,8483,5495"
10735,10735,"8562,10326,6220,544,9942,3950,13346,5495,4798,6971"
10742,10742,"12665,10326,8562,6220,5303,544,4798,6971,3950,2218"
10744,10744,"217,4798,8421,2580,9101,4616,7305,544,10326,5495"
10747,10747,"10326,544,3950,10568,13346,12665,5303,9693,4277,8562"
10769,10769,"2343,9693,9455,10453,64,6839,5199,1933,9101,5676"
10795,10795,"4798,5303,10326,8562,275,2218,6971,2140,11000,544"
10817,10817,"11298,1244,1290,7120,9295,9101,9730,2989,10607,9962"
10819,10819,"10326,5303,13346,12665,5461,8483,7679,6971,4798,275"
10828,10828,"10326,6220,544,3428,5303,4798,275,12665,8562,3950"
10860,10860,"8562,5303,4798,3950,12857,13346,10916,3428,8413,12665"
10868,10868,"9693,11298,9101,2343,9730,2989,2537,7679,544,4890"
10895,10895,"4798,13346,10916,12857,8562,10326,6326,13249,6433,9942"
10900,10900,"10326,4798,5303,6971,10916,2140,275,8562,544,12857"
10912,10912,"3464,7679,9101,8315,4798,544,2769,11298,9730,10326"
10934,10934,"7120,1244,11298,1290,10326,544,9101,4798,2989,4929"
10947,10947,"5495,12470,10326,5303,544,5199,4798,6971,2903,9101"
10950,10950,"10326,4798,12857,6433,10916,5126,5303,6971,10594,9101"
10964,10964,"1244,11298,7120,1290,9101,2989,9962,12869,544,3697"
10965,10965,"9942,8413,5495,12136,8681,7715,1681,12099,4798,9101"
10968,10968,"10326,544,5303,217,2218,50,350,4277,4798,13249"
10972,10972,"4798,3950,13346,5303,10916,8562,12857,12665,275,8421"
10975,10975,"10326,4277,4798,544,6433,13375,9101,8510,9306,5495"
11028,11028,"4798,10326,9942,8562,3950,3428,13346,4277,13249,5303"
11030,11030,"9101,11298,544,1290,12665,6220,2989,7120,10326,1244"
11044,11044,"544,10326,2343,6220,9101,89,9693,12665,8681,5303"
11048,11048,"3950,4798,12857,10326,13346,2905,9101,2140,544,5495"
11065,11065,"5303,1290,7120,6971,4798,9295,6220,544,8562,2218"
11085,11085,"1290,1244,7120,9962,11298,9101,5135,789,4798,9405"
11088,11088,"8562,4798,13346,6971,5303,10326,9101,5495,544,275"
11100,11100,"11298,9101,1244,7120,1290,12869,2989,9730,12665,544"
11102,11102,"4798,3950,8562,8483,10326,8413,12857,13346,10916,6220"
11105,11105,"9693,2343,544,6795,1244,5199,2903,9101,5532,4798"
11107,11107,"8562,10326,4798,3950,13346,9942,6220,10916,12665,6659"
11109,11109,"7120,1290,544,9101,1863,4798,10429,10326,6220,9942"
11120,11120,"7120,1290,11298,1244,9101,4929,9295,9730,544,2989"
11121,11121,"8562,3950,4798,10326,13346,12665,6220,5303,13249,10916"
11133,11133,"9101,6659,4798,8911,544,10326,6307,5495,12665,2034"
11149,11149,"10326,12857,9942,4798,9404,5303,13249,8413,6971,2140"
11152,11152,"11298,7120,1290,9730,2989,1244,9101,7679,12869,4664"
11160,11160,"13346,9942,275,3950,4798,5303,3428,8546,64,8483"
11163,11163,"4798,10326,12665,8562,3950,275,13346,544,6220,4277"
11168,11168,"9101,7063,4798,544,10326,5495,12665,9942,9693,7445"
11193,11193,"5303,6220,544,275,4798,5495,12793,11000,9101,1978"
11200,11200,"9942,3428,5495,6220,12470,8562,6659,3950,5184,12665"
11210,11210,"7120,1290,4929,6971,4798,10663,9101,544,10326,3697"
11215,11215,"10326,10594,10916,8421,12857,13259,8562,4798,5199,9942"
11219,11219,"7120,1290,9962,4929,1244,3697,9101,4798,544,10326"
11243,11243,"2140,4798,10326,9101,544,8562,5495,12665,9942,50"
11253,11253,"9101,7120,2989,11298,544,1290,1244,12869,9730,4929"
11261,11261,"6220,5303,3428,8413,9942,3870,12665,10326,5545,12470"
11280,11280,"9693,2343,544,5532,9101,6795,5199,9942,4388,4798"
11285,11285,"1290,1244,7120,11298,9101,12665,6220,9962,9942,544"
11309,11309,"3950,8562,8413,10326,12665,6220,13346,6326,9942,5495"
11312,11312,"9404,3950,5495,9942,6971,12665,8413,12470,9101,8562"
11314,11314,"717,2343,10326,64,350,9693,4277,8421,8483,217"
11325,11325,"4798,10326,544,8562,2343,13346,4277,9693,6433,6220"
11327,11327,"5303,6220,8562,4798,9942,5495,10326,544,9101,7707"
11359,11359,"10326,4798,9942,275,544,12665,13346,6971,89,6220"
11366,11366,"11554,1371,9101,11484,4798,9289,544,9491,12665,8315"
11368,11368,"11298,9101,7120,1290,1244,2989,12869,7679,9295,544"
11371,11371,"5495,10326,13346,6326,5199,89,8562,4798,13112,12665"
11376,11376,"544,217,2218,2989,4798,9693,9101,8562,12665,4277"
11377,11377,"4798,10326,8562,5303,13346,12857,8483,10916,4277,6326"
11383,11383,"4798,5303,10326,275,6971,8413,8562,544,5461,9942"
11416,11416,"1328,10326,4798,9101,6659,544,1221,7480,5495,12665"
11444,11444,"10326,9101,1290,1244,12665,4798,11298,4277,5303,6220"
11445,11445,"4798,8562,10326,544,4277,217,717,10916,6433,3950"
11448,11448,"9693,544,6795,9101,12665,10326,64,2537,1220,13346"
11469,11469,"6971,10326,9101,4798,12451,725,544,6796,5676,5495"
11487,11487,"544,7120,2343,9693,9101,2989,4929,11298,6220,7679"
11492,11492,"5303,5495,4798,6220,8562,9693,12470,2343,275,8413"
11503,11503,"544,6659,6220,5495,10453,10326,5303,4277,4798,1404"
11504,11504,"2903,6270,9101,9275,4798,1943,544,10326,4956,5495"
11515,11515,"10326,4798,9942,3950,8562,6220,13346,4277,217,10916"
11547,11547,"12665,10326,4798,9942,3950,13346,9693,5303,6220,6971"
11552,11552,"10326,4798,2343,12665,3950,544,6220,8562,9693,13346"
11567,11567,"10326,4798,8562,3950,6220,12857,217,9942,13346,717"
11581,11581,"10326,544,4798,9942,5303,275,12857,12665,8562,2140"
11589,11589,"11298,7120,9101,1290,12869,1244,2989,9730,544,9962"
11591,11591,"12665,11298,89,4654,9101,9942,7120,1290,2989,544"
11595,11595,"1290,7120,11298,9295,1244,9962,9101,4798,544,9730"
11604,11604,"544,4798,10326,275,7120,1290,6971,2218,6220,9942"
11608,11608,"10326,8562,12665,4798,6220,3950,5303,13346,544,8483"
11627,11627,"8562,3950,4798,13346,2218,6220,8483,10326,8421,5495"
11646,11646,"5495,8562,12665,8413,3428,3950,6220,4798,8188,12470"
11647,11647,"4798,10326,5303,8483,6220,6971,275,4277,6383,10916"
11675,11675,"5303,10326,13408,2343,2140,3950,9693,4798,5495,6971"
11676,11676,"7120,11298,1290,1244,9101,12869,9295,4929,544,9730"
11696,11696,"5495,10326,4798,544,13408,9101,12470,7063,12665,13214"
11700,11700,"8562,11912,544,9101,10326,4798,7332,7772,5495,12665"
11722,11722,"7120,1290,6971,1244,9295,544,6220,4798,5303,9101"
11754,11754,"7679,12665,3950,5676,13408,544,10326,9942,6220,2989"
11757,11757,"13408,2343,9693,10326,89,1220,13346,9942,5495,931"
11767,11767,"12665,8562,12757,9101,4798,9942,544,10326,5495,8235"
11773,11773,"10326,4798,6220,8562,5303,8421,6383,1328,8483,10916"
11777,11777,"9942,4798,3950,8562,6220,13346,3428,13110,5545,10326"
11778,11778,"9101,7120,1290,11298,12869,1244,7669,9730,7679,544"
11788,11788,"7120,1290,11298,9730,9101,2989,9295,4798,3697,544"
11790,11790,"7120,1290,10326,4929,4798,9101,1244,10663,544,8562"
11811,11811,"7120,1290,1244,9101,11298,4929,9730,9295,2989,10663"
11837,11837,"7120,1244,1290,11298,9101,4664,544,2989,4929,7679"
11859,11859,"13346,8413,4798,8483,12665,10326,3950,8235,9101,544"
11865,11865,"10429,544,9101,5495,6220,4798,8562,10326,9693,9689"
11867,11867,"8562,3950,4798,5495,6220,12470,8483,9404,8413,1328"
11871,11871,"544,5303,11298,7120,2218,1290,13408,9101,9730,11969"
11879,11879,"7120,1244,11298,9101,9730,544,10663,4576,10607,3697"
11880,11880,"4798,10326,4277,8562,8483,717,8421,5303,10594,10916"
11908,11908,"5495,4798,5303,275,2140,10326,6971,9693,12665,2343"
11912,11912,"5303,275,4798,6971,10326,9101,2218,544,8794,12857"
11925,11925,"717,13346,64,10326,4277,4798,2343,3950,9693,8421"
11933,11933,"8413,8562,6220,1862,5676,8188,6659,8681,5545,5495"
11945,11945,"10429,1863,544,9101,4798,10326,5976,5495,12665,9693"
11948,11948,"4798,8562,5461,3950,10326,5495,13249,13346,9101,10916"
11952,11952,"5303,4798,10326,9101,8483,544,5495,4315,8421,12665"
11957,11957,"4798,4469,9101,9190,544,5495,10326,8302,62,12665"
11959,11959,"4798,10326,9942,50,3428,2343,5495,8562,12857,4277"
11967,11967,"8562,2218,6220,8413,12665,3950,1286,8188,4798,8235"
11969,11969,"9101,4798,544,10326,5495,5069,2580,1421,12665,11939"
11970,11970,"6220,8562,544,3428,12470,13306,10326,9942,5642,5495"
11975,11975,"10326,6220,12665,9942,3950,4798,8562,3428,5545,9101"
11995,11995,"8562,3950,12665,6220,9404,9942,1323,4798,5199,13346"
12002,12002,"11298,7120,2989,1290,1244,544,9730,12869,4664,4576"
12022,12022,"7120,1290,12869,9101,11298,1244,9962,9730,7669,4664"
12032,12032,"6659,9101,9375,4798,5495,10326,544,11484,12665,1213"
12036,12036,"9101,1244,7120,1290,544,2989,9730,6288,3148,8978"
12066,12066,"9693,4798,2343,4277,275,12665,9455,544,8483,9093"
12077,12077,"7120,1290,1244,4929,9962,9101,11298,3697,9295,789"
12078,12078,"4798,10326,5303,4277,717,8483,11000,10916,2140,3950"
12084,12084,"4798,5303,8562,10326,6971,12665,275,2140,544,6220"
12089,12089,"8562,4798,5303,3950,8413,10326,6220,6971,13346,8483"
12106,12106,"10326,2989,4798,12869,6220,11298,4277,11969,1244,9942"
12107,12107,"12665,8562,8188,13346,8413,5495,3950,558,9101,4798"
12111,12111,"12665,275,13346,10326,3950,4798,8562,5303,6220,9942"
12131,12131,"4798,10326,5303,8413,8562,275,9942,2140,10916,12857"
12139,12139,"4798,9693,13346,8562,10326,5126,2537,3870,6795,9101"
12141,12141,"6220,5495,8188,6659,544,13346,9693,9101,4798,2218"
12144,12144,"1244,11298,1290,7120,9101,544,12869,9942,9730,5135"
12150,12150,"6220,8562,8413,3950,9942,4798,6659,12665,5303,10326"
12151,12151,"10326,12665,544,4798,6220,4277,217,717,9455,13346"
12162,12162,"3950,4798,5495,9101,9182,544,3525,3980,10326,997"
12170,12170,"1371,9101,11554,9730,4163,4940,401,4798,544,12869"
12182,12182,"544,5303,1290,9693,5495,7120,5199,2903,275,9101"
12185,12185,"10326,4798,5303,6220,8483,5495,8562,13346,13249,3950"
12191,12191,"10326,5303,10594,12857,5495,3950,8562,6220,4798,9942"
12197,12197,"9693,2343,544,6795,9942,5303,1244,5532,9101,4798"
12204,12204,"11298,7120,1290,2989,1244,9730,9101,9295,12869,3464"
12229,12229,"544,9693,2343,6220,4798,8562,10326,12665,9942,3950"
12231,12231,"544,11298,7120,9101,1290,2989,1244,9730,12869,12665"
12234,12234,"6220,1863,10429,544,9101,8562,5976,4798,10326,5495"
12238,12238,"4798,10326,8562,5303,13346,5495,6220,12665,6971,2218"
12242,12242,"4798,8562,217,5303,13346,3950,10326,12857,10916,9942"
12260,12260,"10326,13346,8562,10916,12857,13249,8421,6220,4277,217"
12262,12262,"5495,5199,9693,2343,5532,544,12665,5303,4798,2903"
12281,12281,"10326,5495,5303,6220,8562,4798,8483,12665,275,8188"
12289,12289,"9693,10326,6795,4798,544,64,2537,9942,8562,5495"
12306,12306,"8562,3950,4798,10916,6971,5495,12857,5303,10326,2140"
12326,12326,"4798,10326,9101,5495,544,8483,7824,10506,8022,9942"
12337,12337,"4798,8562,3950,2343,9693,6220,13346,8413,12665,2140"
12355,12355,"544,7120,9101,1244,1290,11298,2989,7679,10326,12869"
12371,12371,"4798,3950,10326,2343,6220,3870,2218,3428,9942,9693"
12372,12372,"12665,5875,9101,8235,4798,544,10326,7024,5495,12662"
12373,12373,"4798,10326,4277,1328,8421,12857,350,8562,6433,2158"
12390,12390,"7120,4929,544,10663,9101,4798,10326,5495,2916,1244"
12405,12405,"9693,2343,544,10326,6795,9101,5495,5532,4798,5199"
12407,12407,"9101,8703,4798,7637,544,10326,5495,12665,9942,7120"
12408,12408,"9942,544,5461,5676,5495,6220,8413,12665,89,3870"
12419,12419,"6659,11484,275,5676,8590,4798,9101,5303,5495,10326"
12423,12423,"8276,5495,9101,4798,544,10326,12665,8483,12111,9942"
12426,12426,"7120,9101,11298,544,1244,9730,12665,2989,12869,4929"
12452,12452,"4798,10326,6659,13346,8562,8421,1328,217,8483,8590"
12480,12480,"9101,544,7679,11298,2989,12869,1244,4576,4664,9730"
12530,12530,"5303,4798,8562,10326,9942,5495,9101,544,12665,8413"
12546,12546,"4798,6971,10326,2343,8562,9693,5303,9101,544,5495"
12556,12556,"7120,1244,1290,9101,9730,2989,4929,544,9295,7679"
12573,12573,"8413,5303,2218,5495,9942,3428,10326,5545,544,4798"
12592,12592,"4798,10326,8562,9693,9942,6220,13346,3950,3428,12665"
12596,12596,"10326,8562,4798,13346,3950,4277,10916,8483,12857,6220"
12599,12599,"7120,11298,1244,1290,544,9101,9295,2989,12869,4929"
12615,12615,"544,9101,11298,1244,2989,7679,11024,12869,9730,3464"
12618,12618,"9942,3950,3428,5676,544,8562,13306,6659,12665,9693"
12624,12624,"4798,12665,10326,8562,13346,3950,6220,4277,275,8483"
12638,12638,"9693,2343,861,9404,6220,5199,8018,10835,9101,796"
12641,12641,"544,9693,5199,5495,10326,4798,2343,2411,3950,5461"
12644,12644,"9101,7120,1290,544,2989,4929,9693,12869,9730,9295"
12649,12649,"4798,1290,10326,7120,9101,8703,6971,544,8562,5495"
12654,12654,"5495,8413,8562,275,4798,2218,12470,50,10326,5303"
12658,12658,"10326,4798,2218,6433,10568,13249,1889,9072,544,8562"
12659,12659,"544,10326,7120,4798,9101,12665,1244,11298,5303,4277"
12666,12666,"9693,4798,8562,13346,10326,3428,6795,717,544,8421"
12669,12669,"12665,5495,9942,9101,4798,10326,544,12507,13401,6659"
12674,12674,"8413,10326,6220,5303,12665,4798,2218,8562,5495,3950"
12688,12688,"9453,9101,4798,10326,5495,544,1377,12665,9942,1328"
12694,12694,"8413,6220,9942,544,5495,3950,2218,3428,13110,5545"
12709,12709,"10326,4798,5303,4277,275,13346,8562,6433,12857,8421"
12712,12712,"5875,12665,9101,7024,4798,12662,8235,544,10326,10023"
12722,12722,"12869,7679,9101,11554,11298,9730,6288,544,1371,4163"
12728,12728,"8188,8562,5495,8981,9101,4798,544,10326,12665,9942"
12732,12732,"2343,5532,9693,5199,9101,4798,544,5495,10326,3909"
12736,12736,"10326,4798,8562,4277,6433,10594,12857,10916,350,5303"
12738,12738,"4798,10326,8562,3950,4277,544,10916,12857,2343,6220"
12741,12741,"10326,9942,3428,3950,12470,5495,8562,2218,217,4798"
12756,12756,"12470,8413,13408,12665,4798,9101,3428,9942,10326,544"
12764,12764,"275,6220,10326,544,5303,2343,12665,4798,3950,6971"
12768,12768,"12665,9693,6971,2343,3950,4798,10326,6220,89,5495"
12773,12773,"4798,8562,10326,12857,275,5303,6326,8413,3950,9942"
12789,12789,"4798,10326,8562,13346,5303,10916,5495,8421,12665,4277"
12790,12790,"1290,11298,9101,4929,13408,9295,1244,544,10663,3697"
12801,12801,"5495,1862,12470,1286,5532,13112,5303,9101,4798,544"
12804,12804,"1290,1244,4929,12869,9101,10663,3697,9962,11298,9295"
12833,12833,"8562,5303,6220,8483,10326,3950,50,13346,5642,4798"
12846,12846,"4798,10326,3950,13346,10916,12857,5495,6433,13249,5676"
12855,12855,"5495,10326,2343,8562,9693,4798,544,9101,9942,217"
12860,12860,"8562,4798,3950,5303,10326,10568,9404,6971,10916,13346"
12874,12874,"4798,10326,8562,10916,3950,13346,6326,12665,6220,5642"
12875,12875,"5495,13346,8562,3950,5461,4798,5199,10326,544,7547"
12877,12877,"6659,2218,6220,5545,8188,9101,1355,4798,544,1118"
12883,12883,"5495,12470,8413,5303,2218,12668,3950,9942,9101,4798"
12890,12890,"4798,8703,9101,7637,10326,544,5495,9668,12665,9942"
12919,12919,"7120,1290,4929,9295,1244,9101,10663,11298,544,4798"
12927,12927,"1290,9101,544,1244,6220,1863,7120,5495,10429,9942"
12955,12955,"5495,12470,6971,10326,8562,4798,8205,3950,2343,8483"
12956,12956,"844,8562,4798,9101,12665,544,10326,5495,7715,1583"
12958,12958,"10326,4798,275,9942,9101,12665,544,9771,7439,13408"
12965,12965,"12470,217,5495,544,12857,3428,10568,1404,6220,8483"
12970,12970,"10326,6220,3950,8562,3428,5303,4798,13249,12665,2218"
12996,12996,"9693,2343,6795,6971,2537,5495,8483,9942,13346,5199"
13000,13000,"8562,3950,6220,9942,4798,13346,8413,3428,12665,2218"
13017,13017,"544,2989,11298,9101,7679,9730,1244,4576,9693,12655"
13019,13019,"10326,8562,8483,4277,5303,12857,10916,3950,6433,13249"
13021,13021,"8562,8413,8188,10916,4798,9101,4413,544,10326,5495"
13022,13022,"10326,4798,8562,4277,2218,6220,544,5303,2140,12665"
13063,13063,"8413,5303,4798,1862,8188,9942,8562,2218,13346,544"
13075,13075,"544,12869,4798,9942,8205,9101,275,10326,6971,11298"
13076,13076,"3950,2343,5495,13315,4798,13346,10326,9693,2218,6220"
13101,13101,"4798,3950,10326,5495,544,13346,9942,2140,9072,5199"
13105,13105,"7120,11298,9730,9101,12869,1290,1244,544,9295,4664"
13115,13115,"10326,12665,544,9942,5303,6971,6220,9101,89,5495"
13117,13117,"6220,4798,1290,5303,7120,544,12665,5495,10326,9101"
13121,13121,"4798,3950,5303,8562,8413,10326,12857,13346,5642,9942"
13123,13123,"544,9101,11298,2343,2989,7120,1290,1244,12665,9942"
13125,13125,"4798,8413,12857,10326,8562,50,6220,3950,12665,9101"
13147,13147,"4798,10326,8483,8562,13346,217,10916,3950,6433,717"
13151,13151,"8562,8413,5303,13375,10326,12470,4798,9942,5495,13346"
13153,13153,"10326,4798,8562,4277,10916,13346,6433,717,5303,13249"
13176,13176,"544,11298,1290,12869,7120,1244,9730,7679,4576,2989"
13180,13180,"8562,9942,6220,3428,10326,3950,4798,5303,544,2218"
13192,13192,"6659,8562,5495,3870,1328,10326,4798,9942,3950,12470"
13194,13194,"3950,12665,4602,9101,9942,4798,8235,5495,4715,544"
13195,13195,"5303,50,8562,10326,4798,4277,217,1978,12665,5495"
13198,13198,"5303,8483,10326,10568,4798,12857,8421,4277,9340,10594"
13231,13231,"8562,3950,4798,9942,6971,12665,13346,10326,5642,8413"
13234,13234,"7120,1290,4929,9962,9295,9101,4798,3697,1244,789"
13240,13240,"544,7120,9101,11298,2989,10326,12869,9730,4798,12665"
13273,13273,"3950,12665,5303,6220,5495,8413,9942,2218,10326,13346"
13276,13276,"3950,13346,8562,6220,9942,3428,5495,8413,1323,1889"
13283,13283,"10326,8421,4798,717,10594,2140,9101,8161,544,12404"
13297,13297,"13346,8483,275,12665,10326,4798,1286,3950,8562,8413"
13301,13301,"8413,4798,5303,13346,8562,5461,6220,10326,1747,12665"
13303,13303,"5495,12665,8483,8562,8413,12857,3950,2218,10869,12470"
13321,13321,"1290,11298,7120,9295,2989,1244,9730,9101,4798,544"
13330,13330,"4798,10326,9101,1863,5495,544,8703,2855,12665,8562"
13338,13338,"11298,7120,1290,9295,1244,9101,9962,9730,12869,3464"
13380,13380,"10326,275,5303,4798,6971,2140,8562,9942,2218,3950"
13389,13389,"7120,1290,1244,4929,10663,11298,9101,4798,544,3697"
13390,13390,"3950,9942,5461,5532,9693,8413,6220,4602,9101,4798"
13391,13391,"11298,12869,10326,4798,9730,544,9101,6971,5303,12665"
13401,13401,"8562,10326,4798,3950,544,4277,13346,12665,50,5495"
13403,13403,"89,10326,4798,9101,9942,544,6220,5495,12665,4482"
13407,13407,"10326,544,4798,7120,350,1290,4277,8205,2140,1404"
13413,13413,"217,10326,2140,4277,10594,4798,9101,544,5495,12665"
13414,13414,"9730,11298,2989,9101,12869,7679,4545,9295,3464,7669"
13446,13446,"4798,10326,8562,5303,4277,8421,13346,12857,717,544"
13472,13472,"7679,11298,1290,7120,9101,544,12655,2989,1244,12869"
13488,13488,"4798,8562,5303,3950,13346,10326,12665,10916,5642,6326"
13502,13502,"11298,9101,544,1290,2343,9730,2989,1244,7120,7679"
13507,13507,"11298,9730,7120,9101,2989,1290,1244,544,12869,3464"
13512,13512,"4798,13346,8562,3950,6659,3870,10326,5676,12857,844"
13543,13543,"4798,12665,10916,5303,8562,4277,544,8483,717,8421"
13572,13572,"10326,4798,8562,544,5303,275,6433,3950,217,717"
13595,13595,"7120,1290,4929,1244,4798,9101,6971,10326,544,9295"
13599,13599,"5495,3428,9942,544,3950,4798,10326,8562,12470,9693"
13608,13608,"9693,10326,5303,12665,6795,64,544,4798,13346,2537"
13609,13609,"350,10326,4798,9101,544,5495,12665,9942,9730,8483"
13630,13630,"4798,3950,12665,9942,10326,275,6220,2218,2140,8562"
13635,13635,"10326,4798,5303,8421,2140,8562,9101,8483,275,544"
13645,13645,"4798,3950,6220,8562,10326,275,5303,8483,8205,9942"
13673,13673,"13346,9693,5199,4798,2343,9101,13315,10326,544,5495"
13683,13683,"9942,4798,5303,10326,6220,544,12665,3950,5495,6971"
13702,13702,"6971,8413,2218,544,844,89,12665,4798,9101,9693"
13716,13716,"4798,10326,8562,3950,12665,5303,6971,6220,2218,2140"
13724,13724,"9730,11298,9101,2989,544,12869,1244,4798,12655,10326"
13746,13746,"4798,10326,5303,12665,2343,6220,9693,8562,3950,544"
13752,13752,"8562,9942,5495,3870,9101,4798,3950,544,10326,12665"
13756,13756,"7120,1290,4929,9962,789,9101,5135,9730,1244,4798"
13763,13763,"7120,1290,1244,11298,9295,9101,9962,9730,544,789"
13774,13774,"10326,8562,544,6220,9942,4798,6971,5303,5545,9101"
13776,13776,"7120,1290,9730,11298,1244,9101,9962,544,4798,12869"
13786,13786,"1290,11298,7120,1244,9101,9962,12869,5135,4798,789"
13788,13788,"4277,350,9453,10326,9101,6643,4798,6305,544,5495"
13791,13791,"11298,2989,1290,7120,6971,1244,9730,9101,10389,11024"
13810,13810,"8562,10326,6220,9942,6326,5303,8483,12665,12857,13346"
13811,13811,"4798,10326,10916,12857,8421,8483,5303,217,717,4277"
13820,13820,"9942,11298,2989,9101,9730,9962,10919,1244,4798,10526"
13826,13826,"5495,9730,8483,3950,714,12665,6220,6433,12470,9942"
13840,13840,"9101,4798,10326,544,5495,2770,12665,8092,9942,8562"
13841,13841,"544,8562,4277,217,717,6220,13249,5495,12665,13346"
13852,13852,"9942,6220,3950,12665,89,12470,5495,3428,5545,9101"
13858,13858,"4798,9101,10326,544,7637,9942,8562,5495,12665,5549"
13865,13865,"9178,6659,1328,6383,10326,544,9101,4798,1210,8483"
13871,13871,"10326,4798,4277,5303,10594,717,544,8562,217,6433"
13877,13877,"5461,4798,10326,2158,6659,8562,9942,9101,275,544"
13905,13905,"10326,4798,12857,8562,10916,4277,8421,12665,544,3950"
13924,13924,"7120,9101,544,11298,9730,4929,12869,2989,9295,7679"
13929,13929,"10326,4798,5303,4277,10916,544,8421,8562,2140,9072"
13935,13935,"8562,8413,3950,9693,3428,10916,5676,5495,4798,5303"
13952,13952,"7120,11298,1290,1244,9101,12869,2989,4929,9730,9295"
13953,13953,"10326,4798,6971,275,1290,9101,6591,7120,9295,544"
13962,13962,"10326,4798,8562,3950,4277,10916,544,717,217,5303"
13965,13965,"5495,8413,6659,9942,89,9101,7983,12665,4798,544"
13966,13966,"10326,10594,8421,12857,4798,13346,9101,544,11754,5495"
13974,13974,"11298,9101,7679,1244,1290,2989,7120,544,12869,4576"
13982,13982,"7120,1290,11298,89,1244,9101,544,4929,6971,1779"
13983,13983,"5461,2903,5199,8413,5495,13315,9693,13112,4798,10326"
13987,13987,"10326,3950,4798,6220,8483,3428,717,9942,12857,5303"
13988,13988,"10326,544,7120,1290,9101,9730,4798,275,9693,9942"
13991,13991,"4798,10326,13346,3950,12857,8483,5303,6326,6220,8413"
13995,13995,"3950,5495,8562,3428,5199,12665,6302,1323,5642,9532"
13998,13998,"10326,4798,5303,2140,6971,12665,5495,275,8562,10916"
14021,14021,"6220,3428,8562,13110,5545,13306,3950,5461,13296,4798"
14028,14028,"9693,2343,544,5199,4277,6383,10326,5461,13315,5532"
14042,14042,"9942,6659,12665,6220,2218,10453,275,544,50,8413"
14049,14049,"9101,8703,4798,7637,544,10326,5495,4205,12665,9942"
14060,14060,"8562,6220,3950,3428,9942,13346,12665,5199,2343,8483"
14061,14061,"8562,3950,8413,9984,9101,544,4798,5495,10326,4559"
14067,14067,"1863,544,10429,9693,6220,9101,4798,5495,10326,8562"
14079,14079,"4798,544,5303,12665,275,9693,1290,7120,6220,6971"
14089,14089,"544,4798,350,217,4277,5495,5303,10326,6220,1404"
14097,14097,"4798,5303,10326,544,275,4277,350,2140,12857,1889"
14105,14105,"7679,3464,7669,12869,9101,11298,9730,4163,11554,544"
14147,14147,"4798,2140,9942,3950,8413,7063,12665,9101,544,5495"
14155,14155,"4798,8562,8413,3950,9942,6220,13346,3870,5495,5303"
14168,14168,"10326,4798,5303,12857,4277,544,217,10916,8421,6433"
14170,14170,"10326,8562,5495,544,2343,6383,5303,9693,5676,64"
14173,14173,"544,2989,9101,3428,9942,3464,11298,13306,7679,4576"
14174,14174,"8562,10326,6220,3950,13346,10916,4798,5676,3870,13249"
14196,14196,"8413,4798,8562,9942,9693,12665,13346,8205,3950,6220"
14197,14197,"9730,8483,4798,9340,9101,10326,544,2218,5250,11298"
14202,14202,"7120,9101,11298,1244,544,4929,12665,12869,9962,9730"
14204,14204,"9101,4798,544,9306,10326,5495,12665,6648,2300,9942"
14215,14215,"4798,2343,544,810,9693,6220,6795,8483,1574,10326"
14242,14242,"10326,4798,8562,717,4277,3950,8421,5303,217,10916"
14244,14244,"10326,4798,12665,8562,9942,6220,275,5303,13346,13249"
14249,14249,"7120,1290,9101,3697,4929,4798,544,9730,1244,10326"
14250,14250,"9101,4798,544,10326,5495,9738,12665,3285,8452,4531"
14256,14256,"10326,4798,5303,4277,717,12857,8562,10916,8421,10594"
14258,14258,"7679,11298,4664,7258,2989,9101,9730,4890,8714,11918"
14280,14280,"5303,4798,8483,8562,6302,10326,5199,5495,12665,544"
14318,14318,"544,7120,11298,9101,1244,2989,6220,6971,10326,89"
14325,14325,"10326,1328,350,6659,8421,6383,8562,9101,544,5495"
14328,14328,"10326,1290,4798,8562,6971,4929,5303,8590,544,4277"
14329,14329,"13346,3870,5495,9942,8562,8333,8681,3950,9101,4798"
14344,14344,"8562,10326,4798,5303,8413,6971,3950,5495,2140,275"
14366,14366,"7120,1290,4929,1244,9101,4798,544,10663,10326,5495"
14421,14421,"7120,1290,11298,3464,9730,9962,1244,7679,9101,9295"
14430,14430,"10326,4798,717,4277,5303,217,8421,544,2140,6433"
14435,14435,"275,8413,4654,9101,4798,8562,544,9942,10326,5495"
14472,14472,"4798,10326,275,2218,544,5495,89,5199,12665,3950"
14501,14501,"12665,4798,6220,8562,12857,6971,10326,2218,9942,5303"
14509,14509,"4798,6971,5303,8483,13346,12665,275,10326,3950,5875"
14516,14516,"8562,4798,2218,8188,6220,5303,10326,544,9101,8981"
14521,14521,"10326,4798,3950,5495,5303,8562,13346,2218,12665,6433"
14553,14553,"5495,5303,4798,8562,544,10326,9101,5149,9942,7637"
14561,14561,"12665,3950,6220,8562,5545,9942,13346,3428,89,10326"
14562,14562,"5495,9942,5303,12665,12470,13346,3950,89,5676,4798"
14567,14567,"5461,2140,4798,9942,5303,10326,1220,9101,544,12589"
14575,14575,"544,1290,7120,4798,9519,9942,9101,11298,9846,10326"
14581,14581,"544,5303,9693,2343,275,5199,13346,8562,9942,5532"
14627,14627,"6971,89,1290,12665,4798,7120,9101,10326,544,9942"
14634,14634,"9942,6220,3428,544,6659,5184,7359,3950,12665,13110"
14651,14651,"5303,4798,10326,5495,275,544,13346,9101,10916,2140"
14659,14659,"2343,4798,5199,13346,9693,10326,9101,8483,8562,5999"
14670,14670,"10326,4798,12665,5495,217,8421,9455,4277,717,10916"
14684,14684,"8562,6220,544,10429,5495,4798,1863,3428,9942,9101"
14691,14691,"4798,9730,275,13346,8483,10326,9101,8562,544,8922"
14695,14695,"12665,1290,5303,7120,4798,8413,6971,2218,9942,544"
14705,14705,"10326,8562,4798,4277,12665,217,12857,1328,717,10916"
14711,14711,"1290,7120,10326,544,4929,4798,9101,4277,13408,5495"
14723,14723,"4798,3950,10326,8483,8562,13346,12857,6971,12035,9101"
14739,14739,"9730,11298,9101,2989,7120,1244,1290,9295,12869,10389"
14740,14740,"10326,4798,8562,5303,275,6971,12857,544,2140,10916"
14743,14743,"5495,4798,5303,12668,12470,5199,5532,10326,544,976"
14747,14747,"10326,544,4798,8562,4277,5303,6220,6383,350,3950"
14748,14748,"9942,8413,89,12665,6220,8681,5676,5495,9101,13249"
14764,14764,"1290,4798,7120,8333,6383,2989,8483,4929,9101,2585"
14771,14771,"544,9942,5495,9693,6220,2989,11298,9101,12665,10429"
14780,14780,"4798,10326,4277,217,717,6220,12857,8421,8562,12665"
14784,14784,"4798,10326,5303,12857,544,350,6433,4277,2140,8562"
14785,14785,"9942,3428,13110,13306,10916,5495,9101,9042,4798,810"
14798,14798,"2343,9693,1323,12665,9532,6839,11603,5495,6795,13346"
14801,14801,"544,9942,10326,4798,12665,6220,2343,5303,9693,4277"
14803,14803,"10326,4798,5303,275,544,9942,4277,6220,13346,3950"
14821,14821,"4798,5303,275,10326,13249,544,4277,12857,6326,10916"
14832,14832,"4798,8562,5495,10326,544,9693,6971,5199,2343,5303"
14833,14833,"3950,4798,9942,10326,13346,6220,3428,8562,5303,12665"
14853,14853,"4798,12665,8562,9942,544,7792,5303,13346,9101,6971"
14854,14854,"8562,13249,6220,10326,8483,4798,13346,5303,3950,2218"
14856,14856,"544,12665,9942,6220,8562,10326,5303,5495,3950,4798"
14858,14858,"10326,3950,9519,4798,5199,5532,12665,2343,275,9101"
14864,14864,"9101,4798,544,6724,10326,5495,12665,9730,9942,8984"
14867,14867,"11298,2989,9101,1244,12665,1290,7120,7679,12655,544"
14880,14880,"7679,11298,544,2989,9101,12665,11918,1244,9730,8978"
14890,14890,"8562,13346,6220,8205,4798,5199,12665,9942,6971,10326"
14892,14892,"10326,9693,4798,544,12665,13346,4277,8562,6220,6795"
14899,14899,"11298,1290,12869,9101,1244,9730,7120,7679,544,9962"
14904,14904,"2343,9693,6795,12665,89,5495,9942,9532,9101,4798"
14906,14906,"11298,1244,7120,9295,1290,12869,9101,7679,3464,2989"
14909,14909,"4277,350,5303,9340,544,6383,4798,10326,8483,9101"
14929,14929,"8562,4798,5303,6220,3950,9942,5495,10326,5545,544"
14931,14931,"6220,1863,9101,4798,544,8562,10429,7707,10326,9942"
14938,14938,"4798,10326,3950,8562,13249,8483,10916,12857,6220,6971"
14955,14955,"10326,12665,4798,3950,5303,6220,13315,544,6971,13346"
14961,14961,"9101,4798,10326,544,6659,8562,5495,3314,12665,9942"
14969,14969,"11298,9730,1290,7120,9101,12869,9962,7679,1244,544"
14970,14970,"10326,4798,717,4277,217,544,6971,8421,10916,5303"
14977,14977,"12665,5495,3950,8562,5676,9942,6220,12470,3428,8681"
14991,14991,"4798,10326,5303,13346,12665,6220,8562,3870,9942,3950"
14993,14993,"4798,10326,9101,544,2291,9306,2140,7445,5495,176"
15009,15009,"4798,12857,3950,8483,13346,717,8562,10326,13249,8421"
15014,15014,"9101,11298,9693,2989,2343,1244,544,9730,8978,10389"
15028,15028,"7120,11298,1244,9101,4929,9730,9295,2989,12869,3464"
15029,15029,"217,717,8483,10326,4798,8562,4277,10916,13249,12857"
15030,15030,"5495,8413,8562,9942,13346,8681,6220,3428,10326,13306"
15033,15033,"4798,10326,2343,13346,9693,6971,8562,10916,12857,544"
15052,15052,"544,4798,5303,8562,717,6433,275,8421,10916,350"
15062,15062,"4798,10326,13346,5303,9942,13249,8562,6220,6326,8421"
15074,15074,"9942,544,6220,9693,5303,8562,10326,5495,1290,12665"
15081,15081,"9693,13346,3950,5495,2343,10326,13110,4798,544,9942"
15082,15082,"9101,4798,544,4029,10326,5495,3563,12665,9942,2436"
15097,15097,"13346,4798,6971,8562,10326,9101,544,5495,12665,9771"
15098,15098,"4798,10326,8562,5303,3950,13346,6220,6971,12665,12857"
15107,15107,"7120,1290,1244,11298,4929,9101,9295,3697,10663,4798"
15113,15113,"10326,4798,8562,6659,275,3950,6220,350,4277,13346"
15120,15120,"10326,4798,8562,3950,6220,5303,13346,217,10916,3428"
15121,15121,"4798,10326,8562,12665,12857,3950,13346,6220,4277,10916"
15122,15122,"4798,10326,8562,5303,12857,3950,13346,10916,6220,8413"
15141,15141,"10326,350,4277,217,4798,6383,8562,275,6659,5676"
15143,15143,"4798,10326,6220,6433,8562,10916,4277,9942,1863,544"
15148,15148,"5495,3950,64,13346,9693,2343,12665,544,9942,5199"
15164,15164,"10326,9942,6220,9693,12665,2343,5303,8562,11969,5495"
15165,15165,"9942,9101,6220,544,8562,12665,1290,3428,89,8413"
15175,15175,"10326,4798,717,8483,275,10916,4277,8421,12857,5303"
15186,15186,"1290,4929,1244,9295,11298,9101,10663,544,9730,4798"
15189,15189,"10326,544,4798,6220,3950,217,5303,4277,8562,12665"
15200,15200,"10326,4798,544,6220,5303,8562,4277,9942,6971,717"
15204,15204,"10326,8562,4277,10916,4798,13346,6220,9942,2140,3950"
15205,15205,"4798,7120,1290,544,6971,2411,6220,8562,13346,12665"
15217,15217,"5199,4798,5303,5495,9101,10326,544,9693,8562,12665"
15240,15240,"2989,12869,1244,7679,9730,9101,11024,6288,8978,3464"
15248,15248,"6220,1863,1290,5495,8562,4798,10429,9101,9693,544"
15253,15253,"4798,10326,8562,10916,4277,2343,5303,544,2140,9101"
15256,15256,"544,4277,10326,4798,13346,350,2140,1978,3950,6433"
15260,15260,"10326,544,4798,5303,8562,2343,3950,9693,8421,13346"
15265,15265,"5495,12470,12092,9101,11540,4798,5199,544,10326,12665"
15274,15274,"9101,4798,544,10326,5495,13130,12665,5251,9942,3314"
15275,15275,"4798,5303,10326,2140,12665,9101,5495,544,8562,9942"
15282,15282,"4798,10326,8562,8483,2140,8205,5495,5303,9101,544"
15294,15294,"2343,9693,6795,5532,12665,4798,2903,5495,10326,5199"
15304,15304,"11298,1244,7120,1290,9101,9730,9295,9962,2989,12869"
15330,15330,"544,10326,9693,9101,2343,6220,275,11298,4798,11969"
15331,15331,"8562,12665,13346,3950,5495,6220,4798,8188,1323,9942"
15332,15332,"1244,11298,7120,7679,9101,10389,4798,544,10326,5495"
15339,15339,"6220,9942,1863,10429,8562,544,9101,4798,5545,5495"
15387,15387,"544,6220,1863,9101,10429,8562,12665,275,10326,5495"
15391,15391,"544,10326,12665,275,4798,6220,4277,8562,3950,89"
15396,15396,"4798,10326,13346,8562,6326,6220,12665,8483,3870,9942"
15397,15397,"6971,2218,5303,1286,5495,8562,13315,9942,9101,13346"
15421,15421,"4798,9101,9693,10326,544,9306,2899,5495,12665,2343"
15427,15427,"7120,1290,7679,9730,9101,11298,544,1244,4929,11969"
15434,15434,"544,2989,11298,1244,1290,7120,9693,10429,9730,4576"
15441,15441,"5495,275,10326,4798,12665,8562,2218,9942,5303,544"
15444,15444,"275,5303,10326,4798,6971,6220,12665,2218,9942,8413"
15457,15457,"4798,8562,3950,6220,8483,5303,10326,13346,9942,10916"
15466,15466,"8562,717,217,3950,13249,11000,4798,5303,10326,4277"
15475,15475,"8413,4798,12857,13249,3950,5676,5495,8483,10326,5303"
15483,15483,"11298,9101,7679,2989,9295,1290,9730,12665,7120,7669"
15487,15487,"12665,8483,4798,9101,89,8235,5875,544,10326,5495"
15500,15500,"275,2140,4798,9101,10326,5495,544,7063,12665,9771"
15511,15511,"6220,9942,2343,4798,9693,10326,9532,1244,9101,12665"
15515,15515,"8562,3950,6220,4798,2218,10326,13346,5495,8681,89"
15519,15519,"4798,12665,8562,6971,13346,5303,9942,275,9101,544"
15534,15534,"9693,2343,8413,5303,2537,9942,9101,5495,6834,544"
15545,15545,"7120,11298,9101,1290,12869,2989,10137,4576,1779,9295"
15553,15553,"9730,9693,7679,2989,2343,544,9101,12869,11298,7342"
15556,15556,"5495,8413,12470,5303,8483,8562,3950,2218,6220,9942"
15564,15564,"4798,13249,12857,13346,6326,3950,6433,10916,10326,544"
15567,15567,"7120,1290,11298,1244,7669,12869,9101,9730,4929,7679"
15582,15582,"4798,12857,6433,8562,6326,5676,217,10916,10326,9602"
15585,15585,"10326,4798,4277,5303,717,12857,8483,8421,8562,6433"
15587,15587,"8562,8413,3950,5303,6220,5495,13346,8483,10916,10326"
15589,15589,"5303,8483,6971,4798,10326,275,2140,8562,5495,11000"
15590,15590,"9693,5495,6795,3428,12665,2537,64,544,12470,5532"
15595,15595,"10326,3055,9101,4798,544,5495,6522,12665,6659,7526"
15611,15611,"11298,1244,9101,9730,9295,3697,12869,2989,9962,544"
15613,15613,"3950,13346,9942,4798,3428,10326,12665,6220,5495,8562"
15632,15632,"10326,8562,13346,5303,12665,8483,544,4277,6220,5495"
15633,15633,"10326,544,5303,4277,350,9072,4798,275,13249,12665"
15639,15639,"4798,5303,6971,8483,10326,3950,5495,8421,6220,10916"
15648,15648,"4798,10326,217,717,4277,544,10916,6971,12857,8562"
15652,15652,"4798,10326,275,8483,350,9340,8205,6383,10916,8421"
15683,15683,"9942,6220,3428,8562,8413,5545,6659,2218,544,8188"
15688,15688,"9942,5495,8562,6220,3428,5676,3950,12665,5303,12470"
15703,15703,"9942,8413,3950,4798,8562,9101,4413,544,5495,8483"
15708,15708,"3950,2218,9101,4798,4213,544,5495,10326,2724,5879"
15714,15714,"4798,10326,8562,544,8483,717,217,12857,10916,3950"
15719,15719,"4798,10326,4277,10916,12857,8562,6433,350,544,13346"
15727,15727,"8413,1230,8562,12665,4798,844,10326,9101,544,5495"
15728,15728,"7120,1290,4929,12030,9101,4798,5573,544,10326,5495"
15735,15735,"4798,10326,8562,275,8483,5303,4277,12665,8421,544"
15736,15736,"5495,8562,3950,31,1328,9942,1355,12665,4798,5676"
15739,15739,"7120,1290,2989,9295,1244,6288,9101,8978,12869,9730"
15742,15742,"9942,4798,3950,6220,8413,10326,12857,8562,89,12665"
15764,15764,"350,50,9178,8562,4798,1978,9234,9101,5676,6659"
15773,15773,"10326,4798,5495,13346,10916,12857,2140,8562,3950,13249"
15774,15774,"7669,11298,7120,1290,9730,6591,12869,9101,9295,2989"
15786,15786,"11298,9101,544,9730,1290,7120,12869,12995,12903,7679"
15789,15789,"12857,4277,10326,217,717,9105,4798,8483,6433,8421"
15796,15796,"9942,9693,2343,10326,6220,3428,12665,9072,544,3950"
15800,15800,"5495,8562,12470,12099,2218,8483,12668,10326,8413,4798"
15802,15802,"9101,7120,1244,11298,1290,9730,544,9295,9693,2343"
15812,15812,"4798,10326,5303,544,8562,4277,350,8421,217,717"
15815,15815,"5303,3870,544,4798,10326,9101,8503,11320,10154,5495"
15828,15828,"8562,10326,6220,12665,13346,13249,9942,544,6659,8483"
15831,15831,"11298,7679,1244,4664,9101,1779,7265,5495,544,4798"
15840,15840,"10326,717,350,4277,275,544,9340,10594,217,4798"
15845,15845,"4798,8562,13346,10326,12857,3950,8413,9942,6326,3870"
15847,15847,"8413,2218,5461,5495,6220,232,9101,4798,544,10326"
15856,15856,"4798,10326,8562,12857,10916,5303,6971,8421,13346,6326"
15861,15861,"12869,11298,9101,4163,1244,9730,2957,1290,9962,544"
15862,15862,"7120,1290,9101,11298,1244,544,9730,7679,12869,9962"
15871,15871,"5495,8413,12470,8562,13315,8188,7707,2218,9101,1355"
15872,15872,"8562,3950,8413,13346,8421,10326,4798,5495,8205,3055"
15883,15883,"7120,11298,1290,9101,9295,1244,2989,544,9730,4929"
15886,15886,"544,1863,2343,8562,10429,6220,9101,5495,4798,10326"
15888,15888,"9942,12665,544,6220,5303,10326,3950,3428,6971,2343"
15898,15898,"4798,10326,4277,6220,8421,8562,13346,3870,10916,8483"
15919,15919,"4798,50,10326,6795,12665,64,6326,5495,4416,8198"
15922,15922,"7120,1290,11298,1244,4929,9101,9295,3697,9730,5135"
15931,15931,"544,9693,7120,9101,1290,4798,5495,5251,11315,10326"
15941,15941,"8562,9942,6220,8188,3950,5495,3428,12665,544,13315"
15943,15943,"4798,12857,10594,10326,10916,8421,5303,9101,13346,544"
15956,15956,"10326,4798,8562,6220,3950,12665,5303,275,6971,13315"
15958,15958,"7120,1290,544,4798,6220,5303,275,89,6971,10326"
15960,15960,"8413,2343,5303,4798,10326,9693,6795,6220,810,50"
15973,15973,"11298,3222,9101,4890,4545,5979,4798,544,7605,12330"
15977,15977,"7120,11298,1290,1244,9101,4929,9962,9295,9730,12869"
15994,15994,"8562,89,13110,7359,3950,4413,9101,5495,12665,10326"
15995,15995,"7120,1290,1244,9730,11298,9101,4929,6971,3697,544"
15996,15996,"6220,3950,13346,9942,10326,8562,5545,4798,5303,9990"
15999,15999,"6220,3950,4798,8562,2140,8483,9101,544,5495,10326"
16060,16060,"4798,1290,7120,10326,12665,6971,544,5303,8562,6220"
16069,16069,"4798,3950,8483,217,13346,717,10326,13249,2218,3428"
16076,16076,"9101,11298,2989,544,9730,7120,1244,1290,12869,7679"
16085,16085,"10326,6383,4798,5495,9101,12191,544,8562,12665,9942"
16089,16089,"8562,4798,9101,10326,544,8703,9668,9693,5495,8922"
16097,16097,"10326,4798,544,8562,4277,5303,10916,13346,10594,217"
16112,16112,"13315,3950,6326,9942,217,544,13110,12857,3428,4798"
16116,16116,"4798,10916,12857,10326,8483,9101,8562,544,717,5495"
16137,16137,"8483,275,4798,5303,4277,10326,350,217,6383,544"
16150,16150,"717,3950,217,1328,8483,8421,8562,7087,10326,6659"
16174,16174,"3428,3950,9942,8413,13110,1325,4413,9101,12665,8562"
16176,16176,"8413,3950,8562,1889,9101,4798,544,4173,5078,5495"
16210,16210,"7120,1290,4929,1244,9101,11298,544,9962,9730,10663"
16212,16212,"4798,10326,8562,3950,12665,13346,5303,12857,8483,217"
16230,16230,"10326,4798,8562,5303,3950,4277,9942,544,6220,9072"
16245,16245,"10326,544,4277,4798,217,1328,8562,6433,350,717"
16293,16293,"8562,3950,4798,13346,6220,10326,13249,5303,12857,8413"
16299,16299,"7120,11298,1290,9295,9730,9101,1244,7679,2989,1779"
16300,16300,"10429,1863,9101,544,4798,10326,5495,7706,8188,9942"
16303,16303,"10916,12857,8562,10326,3950,4798,4277,10869,9101,8205"
16305,16305,"11298,7120,1290,12869,89,9101,6971,2989,12665,275"
16314,16314,"4798,8562,10326,5303,4277,12857,6433,544,13346,13249"
16328,16328,"4798,12857,10326,8562,13346,11540,652,9101,3458,544"
16340,16340,"9101,7120,1290,11298,544,1244,10326,12869,9962,2989"
16351,16351,"10326,9942,544,1328,8483,10869,3428,6659,4277,5495"
16363,16363,"4798,5495,11969,2343,10326,9693,5303,544,6220,9942"
16376,16376,"4798,5303,6971,10326,7063,2140,8413,6433,8483,9101"
16387,16387,"4798,12857,10326,10916,6433,8421,6326,4277,13346,9404"
16395,16395,"4798,10326,8562,6220,544,3428,9942,5303,3950,5545"
16414,16414,"8562,4798,6971,810,10326,6220,12665,5303,544,9101"
16416,16416,"8413,9101,7715,4798,5495,544,10326,12665,9942,9454"
16418,16418,"5303,10326,89,12665,6971,6220,5495,2218,8205,544"
16471,16471,"2989,11298,7120,1290,9101,1244,544,12655,9730,12869"
16489,16489,"4798,8562,10326,8413,12857,3950,5495,6326,12665,6220"
16497,16497,"2343,9693,6795,12665,5199,5532,5303,9101,5495,4798"
16509,16509,"5303,2218,2140,275,544,8562,6971,10326,4798,4277"
16510,16510,"9942,3950,13346,5303,8413,6220,2218,4798,12665,8562"
16521,16521,"11298,1244,9730,7120,1290,9101,2989,4664,7679,10389"
16524,16524,"9101,4798,544,10326,5495,12665,9942,10352,12824,9730"
16582,16582,"5303,13408,544,5495,9101,8483,4798,7136,3275,10326"
16592,16592,"9693,2343,8562,1290,6220,544,10326,7120,4798,5303"
16604,16604,"11298,7120,1290,9101,7679,9730,12655,544,2989,12869"
16605,16605,"9101,11298,7120,1290,544,1244,12665,9942,9730,8978"
16617,16617,"11298,9101,2989,7679,1290,1244,9730,12869,7120,11024"
16622,16622,"11298,9101,2989,1244,12869,7679,9730,4576,7120,9156"
16624,16624,"6220,8562,4798,3428,3950,10869,2140,9942,8413,9101"
16628,16628,"3950,11484,4798,9101,10326,8562,8483,544,11406,5495"
16633,16633,"7120,1290,1244,11298,4929,9101,544,6971,2989,4798"
16646,16646,"8562,10429,544,5495,10326,9101,4798,8981,9942,9083"
16651,16651,"10326,5495,13346,4798,8562,12857,50,13249,13408,9942"
16654,16654,"10326,4798,13346,8483,10916,8562,5495,6971,8421,8413"
16673,16673,"8562,5303,9942,3950,8413,4798,12857,2218,6220,11000"
16675,16675,"10326,4798,8562,6220,13346,9942,3950,4277,8413,12857"
16677,16677,"9693,6971,2343,5303,12665,4798,5199,2218,3950,8562"
16679,16679,"8413,275,13375,4798,5303,8562,1889,11540,9101,5495"
16686,16686,"11298,1290,7120,9730,1244,9101,544,1779,9962,1576"
16695,16695,"4798,10326,3950,5303,4277,8562,12857,10594,8421,10916"
16704,16704,"3428,8562,8413,3950,13346,9942,5676,12153,275,5495"
16709,16709,"9942,12665,13346,6220,5495,3950,1220,12470,4798,8562"
16773,16773,"4798,10326,5303,12857,6433,8483,4277,13346,3950,8562"
16774,16774,"10326,8562,12857,3950,1889,4798,8421,13249,2218,13346"
16797,16797,"3950,9942,3428,6220,8562,13110,12665,8681,13346,13306"
16803,16803,"2140,7063,4798,8562,9101,10326,544,12665,5495,9942"
16804,16804,"4798,10326,10916,4277,13346,12857,5303,6433,3950,8483"
16806,16806,"8562,4798,544,6220,10326,5303,12665,5495,8188,9693"
16810,16810,"3950,9942,8413,3428,13346,12934,6220,8562,4798,9101"
16836,16836,"6433,350,4277,10326,544,6383,9101,4798,2140,717"
16844,16844,"5495,13306,9101,4798,544,10326,12470,12665,13346,4266"
16861,16861,"1244,11298,12869,1290,7120,9101,4163,7679,3464,2957"
16875,16875,"4798,10326,5303,13346,8562,6971,2218,8483,3950,2140"
16936,16936,"4798,10326,13346,3950,12857,8562,10916,5303,4277,717"
16946,16946,"4798,217,10326,12857,5303,13346,3950,8562,717,1328"
16965,16965,"4798,10326,5303,3950,6220,275,8562,13346,12665,2140"
16987,16987,"4798,10326,5303,6971,8562,12857,2140,275,8205,8421"
16988,16988,"6971,12665,4798,2343,5875,89,9101,9693,8922,544"
16989,16989,"8562,4798,10326,3950,6220,12665,5303,9942,8413,13346"
17007,17007,"10326,275,4798,6971,5303,9942,8562,9602,9101,544"
17016,17016,"10326,4798,3950,5461,6220,5495,9942,8562,13346,10916"
17030,17030,"4798,10326,13408,9101,544,5495,12665,8562,9693,275"
17034,17034,"4798,10326,13346,8562,3950,10916,8483,4277,12857,5303"
17054,17054,"5303,12857,13346,4798,10326,10594,2140,8562,10916,544"
17056,17056,"12857,4798,1328,10326,13346,8483,350,9101,6383,6326"
17084,17084,"10326,12665,5495,4798,5303,2218,3950,8413,544,8562"
17098,17098,"544,5495,5303,12470,12665,10326,9101,275,4277,2343"
17102,17102,"4798,10326,5303,6971,3950,275,2140,8205,12665,8590"
17109,17109,"3950,11572,9101,4798,544,1788,5495,10326,12665,9942"
17112,17112,"544,4798,10326,275,7120,1290,6971,6220,2218,9942"
17119,17119,"4798,10326,6971,5303,2343,9942,9101,544,6795,12665"
17124,17124,"5303,6220,10326,9942,8562,8413,2218,12665,5495,3950"
17141,17141,"4798,10326,544,6971,5303,9693,2343,5495,13346,6220"
17160,17160,"8483,7679,4277,7669,12665,217,9101,544,12869,13408"
17179,17179,"8483,8413,8562,3950,4798,13346,2218,6220,9942,3870"
17189,17189,"4277,717,217,6433,8421,544,10326,3950,9105,4798"
17191,17191,"8562,5495,8981,8413,10326,4798,9101,544,9942,12665"
17194,17194,"8562,5495,12857,10326,4798,8421,544,11000,8483,3950"
17195,17195,"5495,5199,5532,2903,9693,544,5461,9101,4798,9942"
17200,17200,"11298,7120,1290,9101,2989,1244,544,12869,7679,4576"
17212,17212,"6220,3428,3950,8413,6659,10326,13306,5303,4798,5184"
17218,17218,"2343,9693,10326,5495,544,5199,12665,6220,6383,9532"
17232,17232,"8562,8413,217,3950,8483,12857,717,50,6326,6659"
17242,17242,"4798,10326,8562,4277,544,12857,717,275,10916,217"
17255,17255,"8413,8562,3950,9942,6220,4798,3428,12665,9101,5495"
17262,17262,"11298,1244,1290,7120,9101,12869,7679,2989,9730,10607"
17275,17275,"8562,6220,12665,3950,4798,5495,13110,9942,5545,8413"
17276,17276,"4277,6220,5303,3950,8562,4798,13346,8483,10326,12857"
17278,17278,"1863,544,9101,10429,4798,9693,10326,5495,12665,4250"
17283,17283,"4798,10326,8562,9942,544,5303,12665,6971,6220,1220"
17284,17284,"11000,8483,5495,10326,3282,13346,8421,4798,717,9101"
17295,17295,"544,10326,6220,4277,9942,217,6433,3428,3950,4798"
17298,17298,"544,2989,9101,11298,1290,1244,7120,12869,7679,9730"
17319,17319,"9942,3428,6220,8562,3950,10326,544,4798,7359,13306"
17320,17320,"544,9101,11298,7679,3148,2989,1244,8978,9730,11918"
17325,17325,"9693,12665,8483,13346,544,6795,4798,10326,89,5303"
17330,17330,"1290,9101,4798,5875,544,10326,7024,7120,5495,1244"
17334,17334,"9101,2989,1244,9730,12869,1290,7679,3704,7120,9962"
17346,17346,"6220,9693,2343,12665,8483,9942,8562,4798,13346,9101"
17352,17352,"10326,5303,6971,3950,4798,2218,9693,12665,9942,10916"
17353,17353,"7120,1290,9962,4929,1244,6220,9101,544,789,4798"
17396,17396,"10326,4798,8562,5303,8205,12857,6433,3950,10916,2140"
17408,17408,"544,10326,4798,4277,5303,3950,12857,8483,13249,810"
17414,17414,"8562,6220,3950,5303,10326,6302,9942,12665,5545,5676"
17422,17422,"7679,9101,217,4798,4163,544,7889,10326,2957,7089"
17424,17424,"10326,4798,4277,6383,8562,3950,8483,8092,8421,2140"
17427,17427,"7120,9962,9101,789,4798,544,1290,10326,5135,4929"
17432,17432,"8562,4798,217,3950,10326,13346,6326,8413,8421,717"
17434,17434,"10326,5303,4798,6971,12857,9404,2343,8562,6220,5495"
17439,17439,"9942,8562,12665,6220,3428,4798,3950,5495,8413,10326"
17442,17442,"544,8562,6220,9942,5495,4798,2343,10326,5303,12665"
17449,17449,"4798,8562,10326,13346,3950,12665,9942,6326,8483,6220"
17472,17472,"9693,5461,5495,12665,5199,544,10326,5532,3950,2343"
17509,17509,"11298,9101,544,1244,1290,7120,2989,9295,9730,12869"
17522,17522,"9942,89,4798,4413,9101,931,544,5495,3055,10326"
17527,17527,"5303,10326,2140,4798,12857,1912,9101,12665,544,7063"
17535,17535,"7120,1290,7679,1244,11298,9295,9730,9101,7342,2989"
17540,17540,"8562,4798,10326,3950,5303,2140,4277,5495,6433,13249"
17541,17541,"11298,9101,1244,2989,1290,9730,4929,7679,9295,4664"
17551,17551,"10326,4798,5303,8562,11000,8421,31,6220,4277,8483"
17564,17564,"10326,4798,8421,12857,8562,717,9101,544,6311,6433"
17565,17565,"350,10326,4798,9101,544,5495,12191,12665,9942,8483"
17581,17581,"10326,8483,12857,8562,4277,10916,13346,4798,3950,2218"
17596,17596,"6220,275,89,6971,4277,3950,10326,8562,5303,4798"
17601,17601,"3950,8562,8413,9942,4413,4798,13346,9101,10326,544"
17611,17611,"13346,9942,275,8562,8413,10326,10916,6220,12665,4798"
17612,17612,"10326,6659,217,1355,9942,8562,3428,4798,3950,350"
17620,17620,"8413,5495,12665,8188,3950,5199,6220,2343,1355,1286"
17627,17627,"9693,2343,6795,5495,13315,13408,5532,64,1220,2537"
17634,17634,"8562,1863,8981,9101,544,4798,9942,10326,5495,9083"
17649,17649,"10326,8562,544,4798,4277,6220,3950,13346,5303,350"
17654,17654,"8562,3950,12665,13346,2343,4798,8092,8483,9101,5495"
17659,17659,"4798,10326,8562,9101,5495,544,12665,9942,8981,8483"
17666,17666,"544,7120,1290,3950,6220,12665,4798,9101,4929,11298"
17674,17674,"11000,8483,5495,4798,10326,9101,851,7916,544,8132"
17684,17684,"544,10326,4798,12665,6383,350,1328,8421,652,217"
17708,17708,"10326,8562,5303,4798,6433,3507,12857,2218,5495,9101"
17709,17709,"8483,6220,10326,3950,8562,3428,13346,5495,4798,12857"
17741,17741,"4798,6971,10326,5303,12665,8562,9101,13346,3950,12857"
17752,17752,"9101,4798,6307,9375,544,5495,10326,12665,6659,9942"
17765,17765,"2343,89,12665,6220,4798,6795,3950,9942,544,10326"
17770,17770,"9101,8703,4798,7637,544,10326,5495,12665,9942,6938"
17814,17814,"6220,2218,544,5676,5495,1220,10326,4798,8562,3950"
17818,17818,"1244,544,350,9942,7120,8189,275,9101,5866,10326"
17822,17822,"1290,7120,8302,9101,4798,2286,544,11117,12030,10326"
17826,17826,"4798,8562,10326,544,4277,275,10916,12857,10594,717"
17827,17827,"11298,1244,7120,1290,2989,9101,7679,9730,10389,544"
17840,17840,"10326,5495,8188,4798,6220,2218,8562,544,9942,9101"
17843,17843,"8413,2218,5495,9942,544,12470,5676,4798,9101,6220"
17864,17864,"4798,8483,5495,9984,5461,3950,6433,10326,6639,9101"
17871,17871,"8188,10429,9101,4798,1863,544,10326,5149,8981,5495"
17881,17881,"12665,544,3950,4277,10326,2218,4798,9693,5303,2343"
17928,17928,"10326,8562,4798,12665,544,6220,8413,8421,5303,6433"
17931,17931,"9101,4798,544,10326,5495,12665,9942,9375,9730,6659"
17933,17933,"8413,3950,5303,2343,8562,2903,6220,544,9942,9101"
17953,17953,"544,5495,10326,5303,4798,12665,8413,6220,2218,3950"
17970,17970,"9942,3950,13346,6220,12665,5545,89,931,64,13306"
17977,17977,"4798,10326,8562,5303,3950,8483,12665,13315,544,6659"
17982,17982,"9101,1290,7120,9962,1244,11298,12869,544,4798,9730"
17995,17995,"1290,6971,7120,4798,9101,544,10326,12665,8302,5495"
18002,18002,"10326,5303,12857,4798,717,10594,10916,8421,4277,6971"
18006,18006,"6659,10429,9101,4798,544,5495,10326,9942,12665,9107"
18023,18023,"10326,5303,275,4277,6220,6971,13346,544,2140,8562"
18024,18024,"4798,10326,9101,7439,544,5747,4877,5495,12665,9771"
18047,18047,"6220,9942,2343,6795,9693,5545,12665,3428,3950,4602"
18050,18050,"9942,4798,275,5303,544,2218,6220,6971,12665,3950"
18078,18078,"10326,4798,8562,13346,5303,10916,8421,6971,4277,8483"
18086,18086,"7120,1290,4798,6971,9101,544,4929,9962,1244,9295"
18093,18093,"7120,11298,1290,1244,9101,4929,9730,12869,3464,4163"
18115,18115,"10326,4798,3950,4277,12857,8421,717,10594,10916,10568"
18122,18122,"1290,8981,7120,9101,4798,544,10429,2218,5495,10326"
18124,18124,"10326,4798,5303,6971,544,2343,1220,1747,8413,9693"
18127,18127,"7120,1290,1244,11298,9101,4929,9295,12869,9730,544"
18133,18133,"8562,10326,3950,13346,12857,3428,6220,4798,10916,4277"
18148,18148,"2218,3950,5199,8562,9942,544,5495,9101,4798,10326"
18155,18155,"9693,13346,2343,275,544,9942,9101,4798,64,12378"
18158,18158,"11298,2989,8978,7679,9101,12655,12995,4576,11918,11024"
18166,18166,"10326,10568,4798,544,3950,4277,9178,5303,2140,64"
18167,18167,"10326,5461,4277,544,6433,9072,9404,2218,9942,275"
18169,18169,"2140,12470,5495,9101,4798,10326,544,13346,9306,10954"
18175,18175,"9693,12665,6971,4798,10326,5303,5495,9101,544,6220"
18178,18178,"8562,3950,4798,10326,8413,13346,12665,6220,5495,11540"
18214,18214,"7120,11298,1290,9730,1244,9101,12869,2989,4929,7679"
18217,18217,"8562,12665,10326,5495,3950,275,5303,4798,13346,544"
18226,18226,"7120,11298,9101,1290,12869,2989,10137,4576,1779,9295"
18229,18229,"5303,6971,4798,2140,8413,9101,5495,8483,544,10326"
18236,18236,"8793,9101,4798,544,10326,4049,2905,9546,5495,7063"
18240,18240,"9942,3950,6220,6659,12665,3428,89,5495,5545,8562"
18262,18262,"9942,6220,544,8562,3950,3428,5303,12665,10326,2411"
18266,18266,"11298,9101,1244,2989,1290,544,8978,9730,7679,12869"
18272,18272,"4798,8562,5303,13346,3950,12665,6220,8413,10326,6326"
18292,18292,"8562,4798,3950,5303,10326,6220,8413,13346,9942,4277"
18299,18299,"544,10326,9942,275,6220,3428,8562,4277,12665,3950"
18321,18321,"9101,4798,544,8265,10326,6525,5495,4860,12665,6952"
18338,18338,"8562,3950,10326,6220,5303,544,13346,9942,2343,4798"
18339,18339,"10326,4798,4277,8483,10916,5303,12857,350,10594,6383"
18341,18341,"8562,4798,13346,10326,5303,8413,9101,8483,2140,544"
18355,18355,"7120,1290,9295,11298,9730,1244,9101,4929,2989,3697"
18364,18364,"544,7120,1290,1244,9101,11298,6971,2903,5199,2989"
18368,18368,"4798,10326,8562,12665,12857,3950,13346,6326,6971,6220"
18393,18393,"4798,10326,2343,9693,5303,6971,13346,8562,2140,12665"
18409,18409,"3950,4277,217,8562,717,275,5676,4798,12665,544"
18434,18434,"10326,4798,12857,5303,6433,10916,544,10594,3950,217"
18440,18440,"9942,13346,4798,8562,8413,3950,6220,12470,5495,5545"
18446,18446,"10326,9693,12665,4798,2343,6220,4277,3950,5303,8562"
18467,18467,"9942,4798,8562,275,1220,2140,13346,10326,3507,2343"
18475,18475,"6220,9295,2218,9942,1290,8188,7120,12665,1355,544"
18487,18487,"10326,4798,6220,8562,3950,5495,13346,4277,544,12665"
18489,18489,"544,10326,4798,9693,4277,350,2343,5303,12665,9101"
18499,18499,"12857,8205,4798,10326,4277,13259,9101,544,8562,5495"
18505,18505,"4798,10326,8562,3950,13346,6220,12857,275,12665,5676"
18525,18525,"10326,4798,8562,8421,4277,12857,5303,10594,10916,6433"
18530,18530,"4798,10326,8421,10594,13346,6971,12857,9101,12665,10916"
18539,18539,"1290,544,9101,7120,1863,4798,10326,5495,10429,9942"
18546,18546,"9693,10326,2343,544,12665,64,6795,89,4798,6220"
18579,18579,"10326,9942,8562,13346,3950,4798,4277,2411,6220,3428"
18585,18585,"2343,9693,5199,5532,6795,64,12665,5495,544,2903"
18595,18595,"544,8562,10326,5303,50,4277,6220,6433,3950,3428"
18648,18648,"6433,4798,11000,3950,717,8483,13346,217,10326,1220"
18679,18679,"8562,3950,8413,12665,13346,6220,9942,3428,5495,6659"
18683,18683,"8562,6220,544,2343,8188,5495,10326,9693,275,9101"
18687,18687,"11298,7120,1290,9101,1244,9730,7679,4929,9295,2989"
18718,18718,"12665,8562,4798,544,6220,10326,5303,9942,275,6971"
18741,18741,"3950,8413,4798,5495,8562,9101,13346,544,10326,8483"
18760,18760,"11298,1290,7120,9101,9295,9730,6971,89,2989,12665"
18771,18771,"8562,6220,3950,12665,13346,4277,4798,3428,10326,275"
18787,18787,"10326,4798,275,4277,10916,8421,5303,2140,8562,6433"
18788,18788,"8413,4798,12857,13346,2218,8562,8483,3950,10326,4323"
18789,18789,"8562,2343,13346,12857,10326,544,9693,275,3127,7484"
18798,18798,"3950,9942,6220,8562,1323,13346,12665,3428,5495,4798"
18800,18800,"10326,9942,544,12665,9101,4798,11287,847,4177,5495"
18805,18805,"8413,3950,8562,9942,5495,4798,9101,8681,8188,544"
18806,18806,"11298,7120,9101,1244,9730,12869,9962,4929,4664,2989"
18812,18812,"8413,12665,6971,6220,5303,4798,9942,10326,8562,544"
18818,18818,"6659,1328,4798,10326,9101,5495,544,2875,8483,12665"
18830,18830,"5303,4798,8562,3950,13346,10326,10916,6971,5495,2140"
18835,18835,"1244,7120,9101,1290,2989,12665,4798,9942,6220,9730"
18839,18839,"5495,1355,12470,9101,4798,544,10326,5549,9942,10410"
18851,18851,"8413,4798,1747,9942,9101,5495,544,8562,10326,560"
18854,18854,"4798,10326,8562,6971,5303,8205,10916,12857,13346,8483"
18864,18864,"10326,4798,3950,4277,217,13346,8562,717,544,10916"
18865,18865,"5495,544,7063,4798,9101,10429,12665,9693,8562,10326"
18874,18874,"544,11298,9101,7120,1290,12869,1244,2989,10326,9730"
18875,18875,"4798,10326,12857,3950,5495,8562,5303,9101,544,10916"
18879,18879,"7669,9101,7679,11554,3464,544,11298,8978,12869,275"
18882,18882,"544,9101,9730,11298,2989,12869,6220,12665,1290,9942"
18895,18895,"3950,12665,6220,13346,9942,13306,2218,5495,4798,8413"
18903,18903,"10326,4798,5303,275,4277,13346,12665,10916,8562,64"
18913,18913,"10326,4798,2343,9693,13346,8562,10916,544,4277,64"
18934,18934,"7120,1290,1244,11298,544,9101,4929,12869,9962,9730"
18935,18935,"1290,6971,7120,9693,5532,8590,2903,5199,10326,9942"
18981,18981,"12665,9942,6220,8562,6971,10916,544,5303,4798,7792"
18985,18985,"13346,4798,9693,10326,6971,8562,275,544,6220,2343"
18987,18987,"9295,9101,4798,544,2916,11298,10326,6243,12030,1244"
18990,18990,"10326,8562,4277,5303,13346,6220,4798,544,12665,10568"
18996,18996,"4798,3950,10326,2218,8562,8413,6326,5303,13097,9101"
19010,19010,"10326,4798,4277,10916,544,5303,6433,8562,8421,217"
19016,19016,"9101,7120,12869,1290,9730,2989,11298,9438,9295,3464"
19018,19018,"8483,13346,4798,1328,6383,9101,9373,544,10326,1010"
19029,19029,"4798,10326,5303,275,8483,8413,8421,8562,2140,12857"
19060,19060,"6220,7679,4654,9101,5545,1355,9693,12665,5676,4798"
19069,19069,"7120,1290,544,1244,11298,5303,4929,9730,2989,12869"
19084,19084,"4798,10326,8562,5303,12857,4277,13346,10916,6433,12665"
19086,19086,"9101,7120,2989,1290,1244,6220,11969,12665,12869,9693"
19105,19105,"7120,1290,9295,4929,9101,3697,3464,544,10663,4798"
19110,19110,"1244,11298,1290,7120,9101,12869,2989,544,9295,9962"
19135,19135,"10326,9101,4798,544,1081,5495,4832,12665,350,8540"
19144,19144,"8562,8413,5303,10326,544,4798,4277,6220,3950,8483"
19154,19154,"13249,5461,5495,4798,9101,220,6982,544,3585,10326"
19168,19168,"8562,10326,4798,3950,12857,4277,6220,10916,12665,5303"
19173,19173,"1290,7120,2218,4929,5495,4798,9101,5303,544,12665"
19187,19187,"1290,7120,9101,4798,1863,10326,544,9942,5495,1487"
19216,19216,"3950,6659,11484,9101,227,8562,4798,5495,544,10326"
19227,19227,"5676,9942,9693,5495,3428,8413,2343,6795,9101,12470"
19231,19231,"4798,10326,8483,3950,5303,10916,13346,9942,12665,8421"
19234,19234,"11298,2989,1244,7679,9101,9730,7120,1290,544,1779"
19255,19255,"10326,4798,5303,3950,6220,9942,6971,12665,2218,2140"
19258,19258,"5495,3950,8413,12470,9942,4798,8205,9101,8483,544"
19266,19266,"1290,7120,5303,6971,4798,10326,4929,9295,544,9942"
19296,19296,"4798,13346,8562,6795,2537,6971,64,12665,10326,9942"
19297,19297,"6659,9101,4798,544,10326,6383,5495,12665,8562,5303"
19308,19308,"3950,844,3055,9101,4798,5495,4602,8562,12665,544"
19323,19323,"10326,4798,1328,9101,544,5495,12665,8562,9942,9730"
19346,19346,"10326,4798,5303,6220,544,6971,4277,12665,8483,2218"
19347,19347,"7120,4798,4929,12665,6220,3950,9942,9101,10326,6971"
19360,19360,"1290,7120,9101,9295,9693,4798,544,9942,9730,10326"
19364,19364,"7669,3464,7679,11298,2989,9101,1244,544,2709,11554"
19378,19378,"4798,3950,12857,13346,8562,10326,8483,10916,5642,275"
19379,19379,"4798,8562,5303,13408,10326,5495,9942,1220,10916,275"
19380,19380,"10326,5303,4277,12857,4798,544,8562,11969,8483,217"
19381,19381,"10326,4798,8562,12857,4277,5303,10916,8421,717,10594"
19384,19384,"8562,10326,10568,8421,3950,6220,4798,12665,4277,544"
19385,19385,"4798,8562,13346,6220,3950,10326,12665,6326,2218,8483"
19388,19388,"7120,1290,11298,2989,9101,12869,1244,9730,9295,4929"
19406,19406,"4798,10326,5303,275,544,12857,4277,8562,6433,13346"
19408,19408,"5495,5199,9693,5532,2343,10326,2903,544,4798,9942"
19415,19415,"544,11298,7120,1244,1290,3148,8978,2989,9730,12655"
19417,19417,"12665,13346,64,4798,3950,6220,6971,10326,9942,8483"
19434,19434,"9693,2343,64,2989,9730,544,2537,11298,7679,9101"
19441,19441,"10326,4798,12857,5303,4277,10916,8562,3950,13346,8421"
19461,19461,"7120,1290,544,1244,4929,9101,11298,9730,10663,4576"
19474,19474,"3950,9942,6220,12665,13346,8562,89,2218,8413,5199"
19477,19477,"7120,1290,350,8483,4798,9101,544,10326,6957,11682"
19484,19484,"2989,11298,9101,1244,8978,7679,544,12869,12655,4664"
19502,19502,"5495,12099,12665,544,12470,8562,5676,7707,6659,275"
19503,19503,"6220,544,5303,10326,3428,4277,6971,4798,275,714"
19512,19512,"3428,50,13346,3950,8562,8483,10326,4798,2411,13110"
19515,19515,"9942,9693,975,9101,4798,8235,544,12665,2255,3016"
19518,19518,"7120,2989,9730,1290,9101,4929,6220,2218,544,9295"
19530,19530,"10326,8562,6220,4798,5303,6971,544,13346,2218,9942"
19559,19559,"9101,7120,11298,12665,9730,1290,12869,1244,6971,544"
19576,19576,"13346,4798,6971,10326,5875,9101,8922,8235,544,1746"
19586,19586,"9693,2343,9942,64,3127,5495,4798,6795,9101,10326"
19594,19594,"12665,1290,544,10326,4798,89,9101,7120,1244,9942"
19605,19605,"10429,9101,544,1863,12665,4798,2327,5495,9570,10326"
19618,19618,"3950,10326,9404,2218,4798,5303,12665,6971,8562,5199"
19620,19620,"4798,8562,5303,8413,10326,6971,844,2140,6220,9101"
19623,19623,"3428,4277,350,13249,8562,9340,10916,3950,11222,4798"
19628,19628,"10326,4798,3950,4277,217,8421,5495,13346,8562,12857"
19631,19631,"7120,1244,9101,12655,11298,4929,544,2989,7679,4664"
19642,19642,"5495,12665,9693,2343,3950,10326,9942,5676,5199,6220"
19644,19644,"4798,2140,7063,9101,2218,10326,544,12665,9306,2291"
19648,19648,"7679,1355,11298,5495,9101,544,7120,4798,2969,1244"
19665,19665,"8562,12665,10594,4798,2777,10326,6433,9101,544,5495"
19683,19683,"11298,1290,9101,7679,544,1244,9730,2989,3464,12869"
19684,19684,"4277,8562,10594,4323,717,9455,217,8421,4798,10326"
19693,19693,"10326,4798,4277,11000,9340,217,13249,544,8483,12857"
19696,19696,"4798,10326,3950,5303,8413,12857,6971,6433,13346,275"
19707,19707,"4798,10326,5303,12857,3950,717,6971,4277,8483,8421"
19715,19715,"9693,2343,64,9942,5495,4798,6220,13346,5532,544"
19716,19716,"7120,1290,1244,4929,9101,11298,3697,544,4798,9730"
19729,19729,"4798,7120,1290,8562,6220,10326,5303,6971,9942,544"
19734,19734,"10326,13346,5303,8562,4798,5495,12857,10594,3950,10916"
19758,19758,"3950,13346,9101,4798,8562,544,10326,5460,5495,9786"
19764,19764,"8562,4798,10326,5303,2343,13346,6220,275,6971,12665"
19773,19773,"11298,1290,9101,544,1244,9730,2989,4929,9962,12869"
19778,19778,"5495,3950,12470,6220,9942,4798,2218,5461,8562,13408"
19780,19780,"8562,6220,3428,9942,5184,2218,6659,12665,5495,13306"
19784,19784,"10326,544,8562,4798,6433,6220,4277,350,50,12665"
19786,19786,"4798,8562,4277,10916,3950,13346,13249,6220,544,6433"
19793,19793,"10326,4798,5303,6220,5495,3950,4277,2218,8562,275"
19798,19798,"10326,5495,13346,4798,12665,544,3428,3950,4277,6220"
19808,19808,"4798,8562,3950,10326,8413,13346,6220,8483,12665,13249"
19812,19812,"7120,1290,1244,2989,12869,7679,9101,4929,3464,9730"
19821,19821,"8562,10326,4798,12857,3950,6433,13346,5303,5495,544"
19830,19830,"9730,12869,11298,1244,9101,9962,7120,2989,544,7679"
19843,19843,"7120,1290,7669,12869,9101,2989,9295,11298,544,7679"
19867,19867,"6220,9693,9101,2343,1863,10429,9942,558,10326,12665"
19889,19889,"8562,3950,6220,4798,13346,12665,9942,10916,10326,8483"
19893,19893,"8562,6220,10326,4798,8188,1863,10429,11969,544,9942"
19898,19898,"7120,11298,1290,9101,9295,12869,4929,1244,2989,11299"
19902,19902,"8562,350,10326,9101,4798,544,5495,12665,9942,9730"
19905,19905,"4798,10326,8562,5303,10916,275,4277,11000,12857,8421"
19910,19910,"3950,8562,10326,4277,4798,8421,217,13346,717,10916"
19929,19929,"10326,8562,4798,8483,12665,544,6220,5303,4277,13346"
19932,19932,"11298,1244,1290,7679,7120,9101,9730,2989,12869,1779"
19952,19952,"10326,8562,4798,9942,13346,6220,3950,6433,5495,8483"
19956,19956,"8483,8421,13110,4798,2814,10326,9101,10568,544,8562"
19987,19987,"4798,8562,10326,13346,8421,10916,3950,8413,6326,4277"
20008,20008,"4798,544,12665,8562,4277,5303,9101,6220,6971,9942"
20018,20018,"4798,8413,8562,3950,9942,12665,13346,10326,8483,6220"
20019,20019,"1290,544,7120,9942,5303,8413,9101,4277,10326,4798"
20020,20020,"7120,1290,4929,10663,9101,4798,9730,544,10326,5495"
20023,20023,"13346,4798,5495,10326,8413,3950,8562,13249,6326,12665"
20031,20031,"8562,6220,544,2218,4798,1863,5495,9942,10429,9693"
20039,20039,"8562,12665,6220,8413,9942,3950,13346,3428,544,8681"
20040,20040,"9942,6220,4798,5495,5303,8483,12665,9101,3950,8562"
20041,20041,"12470,8188,8413,5676,544,8562,1355,13408,6220,769"
20045,20045,"3950,4798,13346,10326,12665,8562,10916,8421,12857,6326"
20056,20056,"4798,12665,6220,1290,89,9101,7120,6971,11298,9730"
20069,20069,"10326,4798,13346,5303,2218,544,4277,6220,3950,2343"
20074,20074,"6659,6220,9942,3428,8562,7359,5184,13110,3870,10326"
20083,20083,"8562,3950,10326,9942,4798,13346,3428,13249,544,6220"
20085,20085,"11298,7679,1290,7120,9730,2989,9101,4664,11918,12869"
20086,20086,"8413,5303,6220,4798,5495,6971,8562,9942,3950,544"
20089,20089,"8562,3950,6220,13346,4798,2218,5642,8681,3870,12665"
20101,20101,"4798,5303,6220,12665,89,9942,13346,3950,275,5495"
20104,20104,"9101,4798,5495,544,8911,5760,10326,2034,449,12665"
20112,20112,"8562,12665,4798,3950,9942,544,6220,10326,5303,5495"
20115,20115,"8562,3950,4798,6220,10326,2903,13346,9942,12665,3428"
20133,20133,"7120,12869,1290,9730,9101,11298,1244,7258,789,544"
20136,20136,"2343,9693,10326,217,4798,4277,544,1220,8562,9404"
20138,20138,"11298,1244,9962,9101,9295,7120,9730,7679,4798,544"
20162,20162,"4798,10326,3950,8421,5303,8562,12857,717,6971,13346"
20176,20176,"4798,10326,275,544,6971,2218,8562,9942,6220,2140"
20200,20200,"10326,4798,275,5303,13346,8562,2140,12665,9942,4277"
20222,20222,"4798,9306,9101,544,10326,5495,12665,9942,13214,8562"
20251,20251,"10326,4798,5303,1290,7120,6971,544,275,8562,2140"
20256,20256,"12470,12099,5303,10326,10594,12668,5199,544,13408,3126"
20264,20264,"10326,4277,5303,8562,6433,4798,10916,810,10594,12665"
20280,20280,"10326,4798,4277,13249,10916,217,8562,6433,8421,10594"
20286,20286,"2989,6220,10429,1863,1244,9101,544,8188,1355,11298"
20323,20323,"7120,1290,11298,4929,9101,9295,9962,9730,10663,789"
20324,20324,"7120,1290,544,4929,9101,5495,4576,1244,4798,1863"
20336,20336,"9693,9101,11298,544,9730,1244,12665,1290,7679,6220"
20339,20339,"9942,8562,3950,8413,4798,6220,13346,6326,3870,3428"
20344,20344,"5495,1290,5303,7120,6971,544,12470,9101,10326,2989"
20356,20356,"10326,8562,9942,12665,3950,4798,6220,13346,3428,544"
20360,20360,"1290,7120,9693,2343,9101,4798,6971,544,10326,4929"
20362,20362,"9693,2343,5199,2537,5495,5532,10326,4798,12665,6834"
20376,20376,"13346,10326,3950,13249,10077,4277,10568,10916,8562,12857"
20381,20381,"4798,10326,12665,5676,5303,2218,6971,9693,13408,6220"
20394,20394,"7120,11298,1244,9101,544,2989,4929,10326,6971,4798"
20397,20397,"8562,1355,12665,544,5495,6220,1779,1863,9101,4798"
20407,20407,"6659,3428,8413,3950,6220,8483,5495,10326,12665,9942"
20413,20413,"11298,7120,1290,9730,2989,1244,9101,12869,9295,544"
20433,20433,"7120,1290,1244,11298,9101,9962,4929,9730,9295,5135"
20448,20448,"544,5303,810,7792,9101,2140,4798,8623,9553,7879"
20492,20492,"4798,10326,89,8562,9693,9942,855,12665,9101,5495"
20505,20505,"11298,7120,1244,1290,9101,2989,9730,12869,544,7679"
20512,20512,"10326,4798,13346,12857,10916,8483,8562,3950,8413,5303"
20514,20514,"9101,13013,4798,544,4181,12453,10326,1706,10537,5495"
20533,20533,"217,4277,8483,350,10326,5109,4798,6433,5303,12857"
20543,20543,"5303,7120,8421,1290,1286,2989,10326,4798,12404,717"
20546,20546,"4798,10326,12857,717,10594,10916,8421,9580,8161,13249"
20557,20557,"4798,8562,10326,9942,3950,5303,3428,544,13346,4277"
20558,20558,"4798,10326,12857,10594,9602,3950,9101,544,2289,3673"
20561,20561,"12665,4798,13346,6220,3950,3428,8483,9942,10326,3870"
20566,20566,"11298,9101,1244,1290,7120,544,9693,9730,12869,10389"
20573,20573,"11298,9101,1244,4798,544,2989,10326,5495,12665,9730"
20623,20623,"7120,1290,4929,4798,9101,544,10326,5495,6971,5303"
20627,20627,"544,10326,9730,4798,1290,12665,4277,6220,5303,7120"
20643,20643,"4798,10326,5303,6971,275,2140,10916,13346,8421,544"
20645,20645,"11298,9101,1244,1290,12869,7120,544,9730,12665,10326"
20652,20652,"717,10326,4277,5495,12470,13346,10916,8421,5303,4798"
20654,20654,"10326,4798,8562,4277,717,10916,3950,217,6433,13346"
20667,20667,"6971,89,5199,9101,2989,2903,4798,544,9693,10326"
20670,20670,"13408,3950,9101,4798,544,10326,5495,10159,12665,11467"
20671,20671,"10326,8562,4798,5303,3950,2218,8413,6971,12665,544"
20676,20676,"9942,5303,8562,3950,13346,10326,2140,6220,5199,4798"
20694,20694,"544,5303,7120,12665,4277,10326,9101,1290,2989,11298"
20709,20709,"5495,10326,12470,4798,5303,8562,8413,544,275,3950"
20716,20716,"4798,5303,8562,10916,6971,10326,5495,8413,8205,9101"
20739,20739,"5303,217,64,12315,1715,3565,13346,275,12470,9693"
20763,20763,"9693,544,2343,10326,5303,5199,12665,6971,2903,9101"
20779,20779,"11298,1244,1290,7120,544,2989,9101,9942,4576,9730"
20781,20781,"4798,3950,9942,12665,8413,8562,2218,6971,6220,10326"
20790,20790,"1290,7120,9295,6971,9101,6126,9730,4798,544,6991"
20792,20792,"4798,10326,12857,10916,5303,8421,717,217,10594,4277"
20797,20797,"4798,10326,5303,8562,8483,8413,13346,5495,9942,544"
20811,20811,"6220,4798,3950,9942,5303,3428,8483,8562,6971,13346"
20821,20821,"7120,1290,1244,11298,9101,9730,12869,4929,544,4545"
20830,20830,"10326,4798,4277,10594,6383,8562,8421,13259,8483,9580"
20861,20861,"9693,2343,6220,6971,5495,6795,5676,544,89,9942"
20878,20878,"9942,11298,2989,9101,7120,6220,1290,12665,1244,6971"
20891,20891,"8562,12665,9101,4798,5875,544,5495,10326,7024,9942"
20895,20895,"8562,3950,6220,5495,8413,4798,13346,9942,2218,3870"
20901,20901,"10326,4798,8562,5303,13346,2343,6220,4277,8483,12665"
20908,20908,"10326,4798,8562,275,4277,544,2343,5303,3950,10916"
20928,20928,"7120,1290,4929,9101,4798,12030,544,10326,5495,12665"
20945,20945,"6659,5303,6220,9942,12665,3428,8562,9072,544,8413"
20971,20971,"4798,10326,8562,4277,6433,13346,12857,10916,13249,275"
20979,20979,"4798,10326,5303,8562,3950,6971,9942,4277,12665,8483"
20982,20982,"5303,10326,4798,8421,6433,8483,10594,9105,12857,4277"
20991,20991,"10326,8562,13346,5303,12665,6220,9942,2140,8483,6326"
20998,20998,"9942,3950,5495,6220,3428,13346,64,8562,12665,12470"
21006,21006,"3950,9404,4798,5199,5495,9693,2343,10326,5532,6220"
21018,21018,"6971,5303,10326,4798,275,2140,8562,6515,9101,8161"
21028,21028,"9942,8188,6659,6220,8562,544,5495,9693,4798,8413"
21041,21041,"8562,10326,3950,6433,9942,5495,10916,4798,13346,8413"
21042,21042,"2343,9693,544,5199,5495,6795,2903,5532,10326,13315"
21064,21064,"7120,1290,11298,9101,4929,544,9962,12869,9730,10326"
21075,21075,"12665,5303,6971,544,2343,5199,9693,89,3950,10326"
21078,21078,"10326,8562,9942,3950,13346,3870,2218,4798,3428,12665"
21081,21081,"12470,5495,5303,2218,6220,1746,4798,8413,12668,5199"
21084,21084,"8562,3950,10326,12857,275,4798,6220,6971,13346,3428"
21089,21089,"10326,4277,4798,10594,10916,8421,217,5303,350,8562"
21112,21112,"7120,1244,9101,1290,2989,544,4929,9730,9295,7679"
21126,21126,"13346,8562,8413,3950,4798,9101,544,10326,5495,9942"
21129,21129,"7120,1290,6971,9101,4929,9730,12869,9295,9438,4798"
21130,21130,"9693,2343,10326,13346,3950,9942,6220,12665,64,4798"
21137,21137,"3950,8562,5303,6220,2411,6971,544,4798,5642,10326"
21149,21149,"5495,8562,4798,8483,12470,2343,13346,10326,9942,3950"
21152,21152,"10326,4798,5303,8562,12665,275,10916,3950,6220,2218"
21177,21177,"8562,4798,10916,3950,350,13346,10326,4277,9101,544"
21191,21191,"7120,4929,10663,9101,4798,6971,544,10326,5495,8922"
21200,21200,"10326,8562,3950,1328,9942,5676,12665,3428,6220,1355"
21204,21204,"4798,10326,717,4277,5303,8562,3950,10916,217,6433"
21221,21221,"5495,12470,5303,6220,8562,2218,6971,8413,9404,3950"
21228,21228,"544,11298,7120,1290,9101,12665,2989,10326,4798,6971"
21249,21249,"5495,10326,13315,544,275,5303,8483,2140,4798,2218"
21256,21256,"3950,4798,844,6220,9101,9942,8562,10326,544,11396"
21261,21261,"8562,4798,8483,13346,3950,8413,10326,6326,10916,12857"
21279,21279,"10326,544,12665,4798,6220,2343,9693,9942,275,6383"
21282,21282,"7120,11298,1244,1290,9101,9730,544,2343,9295,9693"
21305,21305,"10326,717,4277,4798,10916,6433,10594,8562,8421,544"
21307,21307,"217,10594,13110,5734,9101,1323,544,4798,5040,12152"
21315,21315,"5642,810,1574,11094,10100,9101,10152,4365,4798,544"
21342,21342,"544,7120,9101,2989,11298,1244,12869,6971,12665,4929"
21347,21347,"10326,4798,13346,3950,5303,6220,12665,8562,4277,9942"
21357,21357,"9101,544,10429,8562,6220,1863,1244,4798,10326,5495"
21358,21358,"10326,5495,2903,5199,5532,9693,544,4798,9404,6971"
21368,21368,"9101,1290,11298,9962,544,4798,1244,10326,5495,7120"
21372,21372,"9730,11298,9101,7120,1290,2989,1244,544,9295,10389"
21373,21373,"9942,3950,3428,4277,5495,12665,2218,13306,9404,12470"
21383,21383,"9101,7120,544,1244,11298,9693,4929,89,2989,7679"
21393,21393,"9942,8562,6220,3950,8413,5303,6659,13346,3428,5676"
21415,21415,"7120,1290,9295,6971,4929,11298,9101,1244,3697,544"
21421,21421,"1290,9942,8562,9101,6220,4929,9730,4798,12665,10326"
21433,21433,"4798,275,10326,5303,6971,12665,544,2140,5676,31"
21449,21449,"544,10326,4798,4277,3950,5303,2343,217,12665,13346"
21483,21483,"10326,9942,8562,4798,6220,3950,13346,5303,4277,3428"
21488,21488,"8562,10326,4798,3950,13346,12857,10916,5303,8483,8421"
21518,21518,"1244,2989,3428,9101,544,9942,7679,8978,6659,12869"
21528,21528,"12470,8562,6220,5303,13346,2218,1355,8188,12665,3428"
21536,21536,"7120,11298,1244,1290,9730,9101,2989,544,4929,7679"
21585,21585,"4798,8562,9942,6220,5495,5303,12665,8413,3870,10326"
21598,21598,"11298,9101,9730,2989,7120,1290,9295,275,3464,544"
21602,21602,"12665,8562,3950,5303,13346,4798,9942,6220,8413,9101"
21604,21604,"4798,5495,5303,13408,9101,3159,10326,544,8413,8562"
21626,21626,"12665,544,11298,8205,9101,9119,5495,4798,1286,8598"
21636,21636,"12665,3950,13315,9942,2343,89,64,13346,9693,544"
21649,21649,"7120,4929,10663,3697,9101,5573,12030,4798,544,4387"
21650,21650,"1025,9101,4798,544,12859,10326,5495,76,12665,2650"
21655,21655,"9101,7120,1290,11298,1244,12869,9730,544,2989,7679"
21662,21662,"11298,9101,1244,12869,544,9295,7679,7120,6288,1290"
21681,21681,"7120,1290,11298,1244,9101,9730,12869,2989,544,4929"
21686,21686,"350,2411,2140,544,10326,4798,7063,9101,9340,1328"
21699,21699,"3950,8562,5303,13346,4798,12665,6220,8413,8483,9942"
21702,21702,"11298,1244,7120,1290,9101,9730,544,2989,9295,12869"
21709,21709,"4798,10326,13346,8562,12857,3950,5303,8421,6971,10916"
21718,21718,"4798,10326,5303,3950,8562,12857,4277,13346,10916,717"
21719,21719,"10326,4798,4277,5303,8421,717,10916,10594,12857,8483"
21724,21724,"8562,3428,3950,4798,6220,10326,10916,9942,13249,13306"
21741,21741,"9101,11298,7679,1244,2989,544,1290,7120,12869,9730"
21746,21746,"11298,9101,1290,7120,1244,12869,7679,544,3464,9730"
21751,21751,"8413,6302,3950,9942,5495,9101,4798,12665,544,10326"
21754,21754,"10326,4798,4277,12857,717,6433,8562,13346,8421,13249"
21768,21768,"4798,3950,12665,10326,13346,6971,6220,275,5303,9942"
21775,21775,"5495,5199,544,9942,9101,6220,10429,4798,10326,6659"
21781,21781,"11298,9730,2989,9101,1244,12869,12995,4664,7679,1290"
21789,21789,"7120,11298,1244,9101,544,2989,9730,4929,12665,6971"
21795,21795,"3950,4798,5495,8413,8922,5303,10326,9101,2218,12665"
21812,21812,"8562,3950,8413,1286,12665,13346,4798,9101,3055,8188"
21814,21814,"10326,4798,5303,8562,13346,12857,6971,6433,10916,2140"
21820,21820,"10326,3950,13346,4798,8562,12665,12857,5303,5642,5495"
21827,21827,"10326,4798,9942,5303,717,12665,6220,4277,8562,275"
21838,21838,"8562,10326,1355,8188,6220,4798,10429,13346,3428,7265"
21855,21855,"2343,9693,6795,64,5495,5532,13346,544,5199,9942"
21881,21881,"4798,13346,275,12857,8413,64,10326,3950,31,9942"
21884,21884,"8562,4798,12665,10326,6220,9942,13346,5303,8483,6971"
21889,21889,"7120,544,1290,10326,4798,1244,9101,4929,6971,6220"
21896,21896,"10326,4798,8562,5303,544,12665,6220,4277,13346,1323"
21902,21902,"4798,10326,10916,8421,12857,4277,3950,8483,10594,6433"
21916,21916,"10326,4798,544,4277,5303,10916,6971,8483,8562,8421"
21927,21927,"11298,1290,7120,9962,9101,9730,4798,5135,544,3697"
21938,21938,"10326,12857,4798,4277,717,8421,13249,6433,217,5303"
21948,21948,"4277,6433,9245,810,13346,4798,10326,5610,8562,9101"
21952,21952,"7120,1290,9295,4929,3697,9101,4798,12030,544,10326"
21954,21954,"2343,6795,9693,5199,5495,5532,4798,2903,544,10326"
21955,21955,"3950,9942,6659,5303,10326,8562,6220,544,11484,275"
21978,21978,"8188,6220,12665,4798,8981,9101,544,5495,10326,10429"
21983,21983,"9101,11298,9693,2343,7120,544,1290,9730,6220,10326"
22004,22004,"10326,5303,4798,2343,1290,7120,5495,9693,6971,5199"
22007,22007,"7120,11298,1290,9730,3464,12869,7679,4929,2989,9101"
22014,22014,"3950,6220,9942,3428,8413,5495,12665,8562,5545,12470"
22020,22020,"10326,4798,12665,6220,8562,5303,13346,8413,8483,10916"
22052,22052,"4798,10326,8421,8483,10594,5303,12857,717,11000,9101"
22056,22056,"8562,5495,12665,1323,9942,3950,6302,2218,10326,13315"
22064,22064,"8562,10326,4798,544,9693,9101,8681,5495,12665,3950"
22072,22072,"10326,4798,8562,8483,10916,13249,4277,13346,12857,6433"
22074,22074,"8562,4798,10326,4277,12665,10916,8421,13346,13249,8483"
22102,22102,"3428,9942,3950,6220,13346,544,1889,1374,4798,13306"
22110,22110,"4798,10326,8562,13346,3428,3950,6220,9942,13249,217"
22111,22111,"544,10326,4798,5303,8483,4277,717,217,8421,6220"
22119,22119,"6220,12665,5495,8562,8413,10326,6971,544,7792,9942"
22125,22125,"8413,3950,4798,8562,9101,544,5495,10326,12665,8483"
22150,22150,"10326,4798,5303,544,6971,5199,5495,609,12665,8922"
22151,22151,"7120,1290,9295,1244,4929,10326,544,6971,11298,4277"
22154,22154,"7120,1290,1244,4929,11298,9101,544,4798,8703,9730"
22213,22213,"9942,6220,6659,12470,3950,5495,3870,3428,2218,5545"
22256,22256,"544,2343,11298,9101,13346,6795,1290,6220,2537,9295"
22258,22258,"5303,4798,5495,8562,275,4277,13346,10916,10326,9101"
22265,22265,"8562,5495,12665,10326,4798,6220,3950,8413,13346,2218"
22279,22279,"2343,6220,9693,9942,89,13346,3950,5461,8562,1230"
22280,22280,"10326,4798,8562,9942,5495,6659,10869,544,12470,5303"
22283,22283,"2343,9693,9101,544,4798,8981,10326,5495,12665,9942"
22286,22286,"6220,3950,8681,3428,8413,8562,3870,12665,5545,5676"
22288,22288,"10326,13346,2343,8562,5303,5199,12665,9693,544,4277"
22321,22321,"11298,9730,7120,1244,2989,1290,9101,7679,12869,4576"
22336,22336,"4798,10326,8562,5303,12665,3950,6220,13346,10916,12857"
22344,22344,"4798,3950,5303,10326,8483,6971,9101,5495,544,2905"
22353,22353,"9453,6659,12665,9101,10326,4798,544,5495,9942,7862"
22356,22356,"4929,1244,9295,9101,3697,11298,544,4798,12030,10326"
22387,22387,"10326,4798,5303,6433,10916,544,13346,275,6971,8562"
22427,22427,"6971,9101,4798,9942,12665,544,844,8562,10326,5495"
22428,22428,"9693,9101,2343,1290,11298,7120,9730,9295,544,12869"
22449,22449,"11298,9101,7679,12655,1244,2989,9730,4664,12869,4576"
22452,22452,"544,9101,5495,9942,10429,8188,1863,6220,12470,4798"
22460,22460,"7679,1371,7669,9101,4163,12869,11298,2957,1558,544"
22467,22467,"7120,10326,1290,4798,544,4929,1244,6971,9101,11298"
22480,22480,"544,7120,1244,9101,1290,9962,9693,11298,4798,4929"
22481,22481,"4798,10326,275,5303,8562,9942,6971,2140,13346,12665"
22484,22484,"5303,3950,9942,4798,8483,10916,11572,10326,5495,10594"
22489,22489,"9693,2343,2537,9942,5532,9101,64,6834,544,5495"
22502,22502,"9101,1244,11298,7679,3464,4576,9730,1290,7120,544"
22510,22510,"11298,2989,1290,12869,7120,9101,9730,1244,544,4545"
22511,22511,"1290,1863,7120,10429,9101,544,4798,1244,9942,5495"
22514,22514,"4798,10326,8483,9693,5303,8562,6971,2343,8421,12665"
22520,22520,"7120,1290,9101,4929,4798,544,6133,10326,5495,5573"
22546,22546,"4798,6971,5495,10326,12857,9101,8205,544,12665,8562"
22551,22551,"8562,8413,3950,9942,12665,6220,2218,4798,3428,4413"
22582,22582,"11298,7120,1290,3464,9730,1244,2989,9101,9295,7679"
22595,22595,"9942,6220,9693,12665,3950,2343,2218,3870,10326,4798"
22597,22597,"4798,10326,8562,13249,13346,8483,9101,10916,9942,544"
22605,22605,"3428,3950,12470,4277,9768,217,8562,9942,5495,9101"
22618,22618,"4798,544,9101,7120,9942,9693,1290,12869,2343,11969"
22641,22641,"544,10326,717,4277,4798,8421,10077,350,10916,8562"
22645,22645,"10326,4277,350,9178,8562,217,4798,9340,652,6383"
22660,22660,"4798,10326,8562,3950,8483,6220,13346,5303,13249,12857"
22666,22666,"3950,4798,8562,2411,8483,9942,10326,6220,8413,2140"
22674,22674,"7120,9101,1244,4929,9730,2989,11298,9693,544,4576"
22678,22678,"7120,11298,544,1290,1244,9101,9730,12665,2989,9693"
22697,22697,"11298,1290,7120,9730,1244,9101,544,4798,12665,10326"
22698,22698,"3950,5495,13315,5303,6220,2218,3428,13346,5199,10326"
22705,22705,"4798,544,10326,1290,6220,5303,6971,7120,8562,9101"
22710,22710,"5676,9693,2343,544,5495,4277,4798,8562,10326,3127"
22714,22714,"3950,2218,13306,8562,8413,8483,5495,3055,9101,4798"
22715,22715,"4798,3950,5303,6220,5199,10326,810,10916,8562,3055"
22720,22720,"10326,5495,544,8562,4277,4798,717,5303,8421,6220"
22734,22734,"4798,10326,5303,544,8562,2218,6971,5495,8483,8413"
22735,22735,"4798,5303,10326,6971,8483,2218,2140,8421,8562,10916"
22736,22736,"4798,10326,5303,8562,6971,13346,2218,12665,6220,2140"
22747,22747,"544,8562,10326,9693,2343,9101,4798,10429,5495,12665"
22748,22748,"4798,10326,6971,2140,9101,544,8562,5495,12665,9942"
22759,22759,"9693,2343,13346,12665,3950,10326,4798,544,13306,6220"
22761,22761,"4798,10326,5199,5303,3950,544,2218,5495,12665,9693"
22774,22774,"10326,4798,5303,9942,8562,5495,6971,6220,12665,8188"
22783,22783,"8562,6659,10326,6220,3950,9942,7707,8590,3055,9101"
22830,22830,"5495,9693,544,12470,5676,5303,6795,10326,6220,4798"
22831,22831,"7120,11298,1244,4929,9101,3697,9730,10663,544,12869"
22846,22846,"544,10326,8562,4798,275,2343,6220,5303,6971,9693"
22850,22850,"1290,7120,9101,1244,11298,9962,4798,544,3737,10147"
22883,22883,"8562,5495,12665,2218,9942,4798,12470,8483,10326,9101"
22887,22887,"4798,10326,9693,13346,544,12665,3950,4277,6220,5303"
22893,22893,"8562,9942,5303,12665,4798,12857,6220,2218,3870,3428"
22905,22905,"6220,4798,8562,2343,13315,8681,9693,3950,13346,2585"
22923,22923,"4798,6220,5303,10326,2218,8562,3950,9942,12857,8483"
22956,22956,"10326,4798,217,717,12857,3950,10916,8562,12665,13346"
22964,22964,"6220,1863,544,4798,8562,9101,5495,10326,12665,9942"
22972,22972,"11298,9101,1244,7679,1290,9730,12869,7120,2989,544"
22985,22985,"4798,6971,9101,5495,12665,10326,544,9942,8413,8562"
23011,23011,"10326,4798,544,4277,350,717,217,8421,8562,9693"
23027,23027,"11298,2989,9101,7679,544,9730,1244,11024,1863,4664"
23036,23036,"9942,10326,4798,6220,8562,3950,13346,12665,6971,3428"
23038,23038,"13346,8562,5495,6220,9942,3428,3950,5303,4798,10326"
23046,23046,"10326,4798,9101,5303,11298,12665,1244,2989,1290,6971"
23051,23051,"8413,5303,12857,2218,4798,5495,6220,4277,5199,3950"
23057,23057,"9101,4798,544,10326,5495,12665,9942,9730,9693,2770"
23062,23062,"7679,11298,1244,12869,9101,8978,4163,12655,9730,544"
23069,23069,"8562,4798,5495,5303,10326,3950,13346,12665,12470,6220"
23078,23078,"5303,12665,5495,6220,8562,2343,89,9942,9693,544"
23113,23113,"8562,4798,8413,6220,2218,5495,10326,13346,3950,9942"
23121,23121,"1290,9101,4798,1863,544,11298,1244,7120,10326,5495"
23123,23123,"4798,8562,10326,3950,5303,4277,8483,544,13249,13346"
23136,23136,"4798,13346,5495,10326,8562,8413,6971,6326,9942,12857"
23138,23138,"4798,3950,10326,8562,10916,13346,6220,9942,5303,4277"
23140,23140,"10326,12665,5303,4798,8562,544,9942,6220,89,6971"
23170,23170,"4798,10326,3950,4277,13346,12857,5303,10916,717,8421"
23173,23173,"7120,1290,11298,9101,1244,544,10326,5303,2989,275"
23179,23179,"544,10326,6220,2343,810,5303,9693,4798,6971,3428"
23196,23196,"4798,8562,10326,13346,3950,6220,5495,12665,5303,4277"
23199,23199,"3950,2218,6641,5495,9942,4798,9101,544,6659,13099"
23216,23216,"4798,10326,5303,6971,8562,844,275,717,9101,544"
23226,23226,"13346,5495,8562,3950,12470,5610,8092,4798,9101,10326"
23233,23233,"10326,5303,4798,8562,2218,6659,8590,8421,5495,9101"
23253,23253,"9693,2343,12665,6971,6220,3950,4798,5199,1220,10326"
23281,23281,"7120,9730,1290,11298,544,9101,9295,1244,4798,10326"
