ID,user_id,item_id
12,12,"4798,5303,10326,8483,10916,8562,4277,12857,2140,275"
14,14,"6220,4798,1863,9942,10326,9101,7637,8562,9668,10429"
17,17,"1328,10326,7480,1221,4798,6659,9101,4072,8092,1261"
21,21,"10326,4798,544,10916,8421,6220,8562,275,4277,2140"
44,44,"11298,1244,9101,7120,1290,9295,9962,9730,12869,7679"
55,55,"10326,4798,8562,10916,10594,2218,13346,6326,3950,12470"
56,56,"89,5495,6971,12665,9693,4798,2343,8922,5199,8413"
58,58,"4798,10326,8562,5303,6971,275,544,10916,6433,13346"
59,59,"4798,10326,3950,13346,6220,12857,10916,9942,275,8421"
79,79,"10326,4798,13346,10916,6220,4277,8562,5303,544,3428"
81,81,"9101,7120,11298,544,1290,1244,2989,12869,9295,4929"
85,85,"4798,10326,5303,8562,12857,275,8413,5495,2140,8053"
92,92,"11298,12869,7120,1290,9295,9101,1244,1779,9730,10389"
97,97,"3950,12665,4798,5495,9942,13346,4602,10326,844,8483"
100,100,"4798,10916,10326,8562,13346,8421,6433,2140,12857,3950"
112,112,"4798,3950,6971,12857,5610,8413,6383,6220,10326,8562"
122,122,"10326,4798,8562,8483,3950,217,717,4277,10568,6220"
133,133,"9693,8483,2343,6659,544,9942,1323,6795,9532,4798"
141,141,"1863,6220,8562,8981,9101,5149,8703,4798,2058,10326"
144,144,"9295,13330,9101,7188,12449,816,1166,6954,4798,9730"
149,149,"7120,1290,11298,7679,4929,9730,9101,1244,7669,10674"
153,153,"4798,10326,3950,8562,12857,5303,6220,13346,8421,2218"
166,166,"9101,11484,5001,9375,8235,6971,4798,544,10326,7679"
220,220,"4798,8562,8413,6220,13346,9942,8483,12665,5676,6326"
231,231,"9693,3950,2343,9404,3507,12665,5199,13346,8562,5532"
262,262,"10326,4798,7120,1290,6971,12857,5303,8205,4929,1244"
274,274,"6220,544,4798,6971,10326,2218,12665,89,2140,844"
277,277,"544,12470,2343,12665,89,4277,10326,5495,13346,275"
281,281,"7120,1290,9295,4929,11298,3697,6971,9101,1244,544"
291,291,"217,3428,717,4798,8421,5303,7802,8792,1735,10326"
300,300,"10326,8562,4798,5303,6220,275,6971,9942,544,10916"
310,310,"4798,5303,10326,8562,10916,31,544,11000,8421,6433"
332,332,"5495,12470,609,13306,8188,5155,3357,1642,10236,3545"
344,344,"10326,4798,10916,8562,6433,4277,12857,217,10594,8421"
359,359,"544,7120,6220,9101,1290,89,11298,1244,9693,2989"
380,380,"5495,5199,2903,9693,4117,10835,9101,4798,13315,10326"
386,386,"9942,8562,6220,12665,4798,3950,3428,13346,4277,3870"
426,426,"3950,13346,8413,12665,8483,8562,89,6220,3055,5495"
436,436,"4798,10326,8562,12857,4277,10916,544,8421,6433,13346"
453,453,"4798,89,6220,6971,544,10326,8562,5303,13346,3950"
461,461,"7120,544,9101,10326,1244,2989,4929,11298,9730,4798"
464,464,"4798,10326,2140,7138,2291,9101,9306,6588,544,9730"
473,473,"5495,12665,8224,6378,896,9101,4798,11019,10326,1862"
481,481,"10326,4798,6383,217,6220,717,8421,10916,350,12665"
490,490,"275,8483,4277,350,4798,10326,9340,10568,2411,3428"
494,494,"4798,8562,10326,6220,5303,8413,12665,6971,3950,9942"
497,497,"2989,9730,7679,7120,12869,1290,7669,11298,12655,9101"
510,510,"2343,544,3950,9942,13346,6220,13315,6795,12665,3428"
511,511,"10326,4798,8562,12857,8421,6220,717,5303,8483,10594"
512,512,"9693,2343,544,1290,1244,9101,7120,5532,11298,9730"
524,524,"7120,1290,12869,1244,11298,9962,9295,9730,9101,789"
525,525,"10326,4798,544,5303,3950,4277,12665,6433,10916,8562"
545,545,"10326,4798,8421,10594,8483,10916,12857,717,7833,12856"
560,560,"10326,8562,4798,3950,13346,10916,6220,6433,544,3428"
564,564,"9693,2343,6795,275,2537,10326,6834,9101,544,8562"
566,566,"13346,2343,275,4798,9693,5303,12665,9942,8483,11540"
568,568,"217,10326,3428,4798,5495,8483,4277,8413,6220,717"
570,570,"8562,8681,10429,544,6220,10326,4798,7706,8413,9101"
573,573,"4798,10326,10916,13346,3950,4277,6433,8562,5303,217"
594,594,"8562,3950,6220,4798,5303,10326,13346,10916,4277,12665"
601,601,"4798,10326,5303,275,12665,8562,544,2218,3950,8483"
605,605,"5495,2905,12611,3950,4798,5999,10326,9101,11357,406"
641,641,"4798,6220,9942,10326,5495,3950,3428,9693,13346,2343"
650,650,"9942,3950,6220,217,5303,3428,2218,9072,8562,544"
675,675,"9942,6220,12665,8562,3870,4798,6971,2411,8483,3950"
677,677,"7120,1290,4929,3697,10663,12030,9962,9101,1244,4798"
679,679,"10326,544,5303,4798,9942,8562,6971,6220,5676,6383"
683,683,"3950,5610,9245,13346,4469,8562,4798,4113,8746,8572"
687,687,"10326,4798,544,8562,10916,13346,12665,5303,6220,8421"
705,705,"275,5303,4798,10326,544,717,12404,7063,1912,9101"
708,708,"7120,544,1290,9101,1244,11298,9730,2989,6971,5303"
712,712,"5495,9942,8562,3950,6220,12665,13306,4798,10326,13346"
715,715,"4798,5303,8483,275,2140,10326,11000,5495,7578,13346"
728,728,"7120,9101,11298,1290,1244,9730,9962,7679,544,2989"
743,743,"9693,12665,2343,10326,544,2903,89,6659,5199,2218"
753,753,"6220,544,8413,8562,5495,9942,8333,8208,1355,3870"
757,757,"4798,10326,5303,8483,10916,9942,8421,13346,5495,12857"
768,768,"5495,8413,3950,12470,10326,8483,5303,8562,13346,5199"
797,797,"2343,6795,5532,2537,5495,10835,6834,544,64,9404"
813,813,"12665,4205,9101,7637,8703,10332,4798,544,10326,13228"
832,832,"7120,1290,11298,9101,4929,9730,9295,1244,6971,12869"
833,833,"10326,4798,9942,8562,5303,275,6220,13346,3950,12665"
844,844,"12665,2343,13346,8413,10326,9942,9404,5495,64,4798"
858,858,"10326,544,4277,50,3950,8562,4798,9101,275,6220"
874,874,"11298,12869,9730,9101,7864,6220,12665,544,7679,4890"
875,875,"10326,12470,5303,8562,4798,544,4277,8421,6433,5199"
892,892,"4798,8562,5303,6220,8981,10326,8413,2140,4698,9101"
897,897,"3950,3428,12665,13346,4602,5524,931,4798,9942,9101"
912,912,"4798,7120,1290,9295,10326,5303,9101,4929,8590,6971"
924,924,"13346,6220,8562,9942,4798,5485,10429,12665,5545,2327"
926,926,"6220,544,12665,10326,10429,9942,8562,5545,1290,4798"
933,933,"5303,10326,5495,8413,4277,544,2140,9178,6220,8562"
944,944,"8562,6220,9942,3950,89,2343,3870,9693,3428,5642"
951,951,"5495,4798,5303,8413,12470,8562,6971,2218,10326,6220"
974,974,"8562,544,6220,4798,9942,3428,3950,13346,12665,10326"
1010,1010,"9306,5946,4798,383,13214,9101,12871,10326,165,544"
1013,1013,"89,12665,7024,4798,9101,12662,10326,8483,7983,13191"
1016,1016,"4798,8562,9942,1290,7120,5303,6220,2218,3870,10326"
1023,1023,"7120,6220,89,1290,1244,12665,11298,6971,9942,4798"
1035,1035,"544,12665,5303,10326,9101,89,275,6971,217,4277"
1046,1046,"544,9101,10326,7120,5303,11298,1244,1290,4798,2989"
1051,1051,"1290,7120,9942,544,2989,5495,9101,8562,10326,11615"
1057,1057,"5303,10326,8421,8483,4798,10916,12857,10594,7138,1912"
1064,1064,"4798,7120,10326,1290,6971,4929,5303,9295,8590,2140"
1080,1080,"7589,12104,10566,9998,4798,7688,10434,9101,11552,10326"
1089,1089,"10326,4798,8562,544,4277,10916,717,5303,217,6433"
1090,1090,"13346,8562,10326,10916,3950,4798,4277,8421,11000,12857"
1103,1103,"10916,8562,4798,10326,13346,6433,1681,217,8483,3950"
1123,1123,"7120,1290,6971,4929,12030,9101,4798,10663,2286,544"
1134,1134,"10326,4798,5303,8562,8421,10916,8483,13346,12857,4277"
1136,1136,"8562,4798,3950,10326,9942,12665,8413,8483,13346,5303"
1139,1139,"6220,5495,9942,1863,544,9693,12470,13296,10429,10326"
1154,1154,"12665,3428,6220,10326,544,9942,12470,4798,4277,64"
1169,1169,"9101,11298,1244,1290,544,9730,6220,4929,2989,12665"
1173,1173,"8562,8188,10429,4798,8981,6220,1863,5495,7707,10326"
1178,1178,"5875,8235,7024,13191,7289,9101,11403,4798,10326,12669"
1190,1190,"8562,4798,3950,5303,10326,13346,6971,8413,275,5495"
1205,1205,"8562,4798,8413,6220,5303,3950,10326,9942,13346,3870"
1217,1217,"11298,9730,2989,7679,7120,9101,1244,12869,1290,8978"
1218,1218,"9693,544,9101,2343,9942,6220,89,6795,12665,5199"
1230,1230,"6220,10326,4798,8562,12665,5303,544,3950,9693,13346"
1250,1250,"10326,4798,8562,6433,5303,10594,4277,12857,2140,10916"
1252,1252,"3950,4798,12665,5303,5199,2343,10326,9693,544,8562"
1276,1276,"9693,2343,5199,5532,9942,6795,5999,5495,4117,11357"
1279,1279,"7120,1290,11298,9962,1244,9101,789,4929,5135,544"
1281,1281,"10326,217,4798,5303,12857,8421,275,4277,8590,8562"
1288,1288,"8562,3950,3428,5303,5495,12470,275,6220,4277,8413"
1305,1305,"11298,9730,1244,7679,9962,9101,4036,5135,4664,10607"
1320,1320,"4798,8562,8413,10916,3950,6326,10326,12857,8483,13249"
1321,1321,"5495,3950,10326,5199,12470,9404,5303,13346,4798,8483"
1328,1328,"9942,6659,6220,3870,8562,5303,13110,4798,2218,10326"
1343,1343,"4798,10326,8562,4277,10916,12857,8421,717,5303,544"
1345,1345,"544,7120,2989,11298,9101,1290,4798,10326,4277,9730"
1374,1374,"11298,7679,1244,7120,12869,9101,9730,6288,4664,1851"
1410,1410,"7120,1290,4929,10326,1863,9101,4798,9730,544,12665"
1414,1414,"12857,6433,8483,10594,10326,2636,10916,7910,10339,4798"
1420,1420,"8562,9942,4798,6220,8413,8188,5303,5676,13346,10326"
1440,1440,"9693,11660,8562,9101,10429,10326,9730,2343,544,4798"
1441,1441,"10429,7679,2989,1863,9101,3487,2327,544,9942,7619"
1443,1443,"9101,11298,1244,1019,7679,9693,9730,544,2989,1863"
1458,1458,"7120,1290,11298,9101,1244,10326,544,9295,9730,12869"
1492,1492,"4798,6220,9942,13346,3950,3870,10326,5545,4413,12665"
1496,1496,"10326,4798,5303,8562,275,6971,544,8421,12665,12857"
1499,1499,"12665,13315,3950,4798,10326,5303,5199,3055,5495,8483"
1504,1504,"9101,11298,7120,544,7679,9730,12869,1290,1244,2989"
1516,1516,"8562,13346,6220,9942,2343,8483,3950,13249,10326,4277"
1523,1523,"9455,4798,217,2767,8363,11014,9178,11042,638,12390"
1534,1534,"9101,4798,10326,11758,544,8483,9730,8540,5495,7679"
1539,1539,"544,7120,11298,6220,9942,1290,7679,12665,9101,9730"
1559,1559,"7120,9101,2989,9730,1290,1244,6971,12869,4664,9295"
1572,1572,"12665,6220,9942,3950,8562,10326,3428,4798,544,8413"
1573,1573,"10326,717,12857,4798,5303,8421,4277,10916,10594,8483"
1601,1601,"544,6220,9942,9101,1290,10429,4798,1863,2530,7120"
1603,1603,"4798,8562,3950,8483,5610,10916,1383,10326,8746,13126"
1604,1604,"217,544,717,4798,350,6383,4277,13346,10326,8421"
1613,1613,"11298,7679,2989,9101,9730,1244,544,1290,7120,4664"
1634,1634,"4798,10326,6659,4277,9404,1328,8562,3950,2411,275"
1642,1642,"3950,4798,8562,13346,8413,10916,11572,6220,13249,9942"
1643,1643,"7120,1290,1244,2989,11298,9101,6220,544,4929,6971"
1654,1654,"8562,4798,6220,3950,9942,10326,9693,544,8681,6971"
1657,1657,"11298,7679,12655,2989,544,9101,9730,1244,4545,8978"
1674,1674,"89,9693,4798,10326,2343,544,6971,5199,6302,9942"
1702,1702,"10326,8562,6220,3870,13110,6326,13346,12665,9942,3950"
1719,1719,"6659,3950,6220,3428,9942,4256,9101,4798,1832,10326"
1725,1725,"8562,4798,10326,3950,12857,13346,6220,10916,5303,8421"
1726,1726,"4798,6971,1290,7120,4929,10326,275,238,8562,9101"
1728,1728,"544,9693,2343,9101,10326,11969,6971,2989,12665,8590"
1735,1735,"89,5875,12757,7024,8235,13191,4715,9101,12662,12665"
1739,1739,"7120,1290,4929,3697,9101,4798,9730,10663,10326,12133"
1774,1774,"4798,10326,3950,10916,8562,3428,5303,4277,12857,13346"
1780,1780,"4798,10326,544,9101,4277,1323,2411,275,11969,350"
1799,1799,"217,2771,6270,4892,8092,2963,8459,2880,9101,1854"
1813,1813,"4798,10326,8562,3950,9942,5303,13346,275,9072,10916"
1834,1834,"8562,12857,10916,13346,3950,4798,10326,6326,8483,4482"
1835,1835,"12470,5495,6659,8562,8911,6082,8483,9101,11484,4798"
1841,1841,"11298,1244,1290,12869,9730,9101,9962,9295,5135,789"
1863,1863,"3428,3950,8562,6220,12665,9942,275,10326,5545,13249"
1878,1878,"8562,8413,13346,9942,3950,3428,12857,4469,5642,6220"
1879,1879,"2343,4798,10326,6795,6971,8562,13346,5303,5532,2537"
1910,1910,"7120,1290,4798,9101,10326,6591,10663,275,6971,5303"
1911,1911,"8562,4798,10326,5303,13249,8421,9340,350,544,9101"
1919,1919,"13346,9693,2343,9942,6220,3870,6795,5545,9562,12264"
1925,1925,"7679,12869,9730,4163,9101,11298,2957,1558,4216,83"
1926,1926,"11298,9101,9730,1244,9962,7679,9102,4642,1829,11020"
1931,1931,"7275,2940,10107,10326,9850,9101,4798,11771,8483,6952"
1940,1940,"4798,10326,5303,8562,275,13346,6971,8483,6220,12857"
1968,1968,"4798,8483,5303,10326,1328,10916,13249,217,717,9340"
1981,1981,"4798,8413,3950,12857,10916,13346,10326,5303,6971,275"
1992,1992,"7120,1290,11298,1244,9101,10663,9730,3697,2916,9295"
1998,1998,"11298,9295,9101,9730,1779,11024,4664,4036,1244,544"
2000,2000,"7120,1290,4929,9962,9101,11298,1244,9295,3697,5135"
2017,2017,"4798,8562,3950,13346,10326,12857,4277,6971,5303,8483"
2036,2036,"5875,8235,9101,8570,4798,10326,544,9730,3814,5495"
2044,2044,"9693,544,2343,11572,4798,5461,10326,11969,8562,3428"
2047,2047,"11298,9101,1244,1290,7120,9730,6591,12869,1779,9962"
2052,2052,"5303,10326,350,1328,9101,4798,544,669,9730,7461"
2055,2055,"5495,3545,5760,9101,6060,4798,6659,11542,5249,10326"
2069,2069,"8413,8562,6220,9942,2218,3428,3950,5545,544,2140"
2075,2075,"9693,4798,2343,5303,3950,10326,6220,9942,13346,12665"
2089,2089,"10326,717,4277,4798,8421,10916,10594,8562,6433,10077"
2093,2093,"4798,12665,5303,8562,275,6220,3950,9942,10326,6326"
2127,2127,"10326,4798,2140,7063,1295,8205,5610,2291,9101,544"
2135,2135,"12665,9942,6220,3428,3870,3950,8413,8562,5545,5495"
2137,2137,"12665,89,3950,6220,13346,8562,8235,7024,5875,4798"
2141,2141,"8413,8562,6220,9942,544,2218,8188,10429,5495,1863"
2147,2147,"544,1290,9101,7669,8562,7120,11298,12869,9942,4664"
2150,2150,"10326,8562,12857,717,4277,350,4798,6433,8421,544"
2153,2153,"4798,10326,12857,5303,8562,10916,6220,6326,13249,8421"
2158,2158,"9101,11298,544,2989,1244,7679,7120,12869,1290,9730"
2178,2178,"8562,5495,4798,13346,5199,13249,2343,10326,10835,9942"
2180,2180,"8562,6220,6383,13346,3950,8483,12665,1323,3428,6659"
2181,2181,"2989,11298,3464,7679,544,9730,7120,1779,1244,4545"
2193,2193,"8413,3950,6220,4413,9942,4798,2789,5495,9101,4602"
2216,2216,"10326,8562,4798,10916,4277,6433,8421,10594,13346,544"
2224,2224,"8562,5495,12470,8413,10326,5303,3950,5199,2343,12665"
2231,2231,"2343,5199,89,6971,9693,5532,2903,544,9101,12665"
2242,2242,"5495,3950,4277,13306,6220,8681,12470,217,3428,5610"
2243,2243,"5495,9693,2343,2903,544,5199,5676,10326,3127,12470"
2247,2247,"9730,4443,2411,13043,4266,5495,8579,6459,9101,7240"
2262,2262,"544,11298,9101,1244,7679,1290,4664,7120,2989,4576"
2271,2271,"8562,10326,4798,5303,3950,544,4277,5495,12470,275"
2284,2284,"3950,13346,8413,6971,4798,5495,8562,10916,609,6220"
2287,2287,"8188,13306,8562,5495,10213,7003,9101,10250,4798,7442"
2291,2291,"5303,275,10326,4798,2140,5199,3950,544,2218,10916"
2293,2293,"4798,5303,9730,544,9101,7120,11298,10326,2218,6971"
2294,2294,"4798,10326,8562,12857,6433,5303,10594,6326,8421,10916"
2301,2301,"4798,6659,6971,5303,8421,6220,10326,13249,2140,2218"
2310,2310,"9942,544,12665,6220,10326,6659,9101,8562,3428,3950"
2341,2341,"4798,8562,10326,13346,3950,6971,12857,9404,5303,8483"
2345,2345,"9101,11298,7679,12655,9730,7669,4545,12869,8978,2989"
2348,2348,"11298,7120,9101,9730,1290,1244,544,7679,2989,4929"
2349,2349,"4798,10916,10326,5303,6971,13346,544,5199,8562,9693"
2350,2350,"10326,4798,544,5303,4277,6220,6971,7120,9942,1290"
2355,2355,"10326,4798,10916,4277,12857,8421,6433,8562,350,717"
2383,2383,"10326,4798,8562,12857,13346,717,6326,10916,4277,9580"
2393,2393,"4798,10326,2291,10462,9306,9101,5946,13214,8402,544"
2399,2399,"7120,1244,10326,4929,4798,544,9101,1863,10663,5303"
2421,2421,"2343,544,10326,6795,4798,5495,2537,12665,5303,5532"
2435,2435,"9532,12483,9693,9942,7897,9101,12665,4798,10299,10326"
2448,2448,"5495,1230,5875,8413,5199,4798,7289,8188,9101,8235"
2452,2452,"7120,1290,4929,9248,9295,9101,6568,11929,12497,3086"
2464,2464,"8562,6220,9942,3870,3950,10326,4798,5545,4413,13110"
2470,2470,"12857,3950,5642,10594,8562,217,10326,9453,2742,2063"
2478,2478,"6971,5303,89,5199,12665,4798,10326,2218,5495,9101"
2506,2506,"6220,3428,4798,3950,10594,7359,5495,8562,10326,652"
2523,2523,"8235,4798,5875,10326,7289,9101,12662,7824,544,12665"
2527,2527,"7120,1290,4929,10322,5573,12030,10663,4387,9101,4798"
2528,2528,"4798,3950,12857,8562,6326,4469,10326,10594,5303,6220"
2530,2530,"3950,13346,8562,2218,5199,10326,5303,13408,4798,5495"
2533,2533,"9942,8413,6220,3950,13310,8188,3870,7792,8562,6659"
2540,2540,"8483,8562,13346,10916,4798,10326,3950,217,8413,4277"
2558,2558,"8562,3950,8413,13346,10326,12665,8235,89,9942,4798"
2559,2559,"6659,8188,6220,12665,3950,9942,5545,10429,10326,13110"
2592,2592,"4798,10326,275,13346,544,6220,6971,5303,12665,8590"
2599,2599,"10326,4798,5303,8562,4277,275,544,3950,31,2140"
2608,2608,"9942,6220,8562,12665,3428,3950,3870,5545,12470,5495"
2613,2613,"11298,9730,2989,7120,12869,9295,1290,9101,1244,11024"
2616,2616,"8413,4181,5495,4798,7715,10673,10986,9101,1527,9203"
2617,2617,"1863,544,10429,4798,589,5495,9101,10761,8956,10326"
2619,2619,"3950,9942,8413,89,5199,931,6220,9101,10326,4798"
2622,2622,"7120,1290,11298,1244,9295,9101,3697,5135,544,9730"
2629,2629,"1244,9101,11298,544,1290,7120,9730,7679,2989,9295"
2648,2648,"1244,9101,544,7679,1290,7120,2989,10326,12869,9730"
2654,2654,"4798,10326,6220,5303,8562,12665,3950,544,5495,6971"
2668,2668,"10429,5976,8188,9101,544,4798,2327,10326,8562,9730"
2703,2703,"5495,3565,5199,4118,1681,4264,590,801,9101,9693"
2710,2710,"8483,13346,10326,4798,10916,4277,6383,3950,8562,12857"
2713,2713,"4798,10326,5303,13346,8562,6971,3950,275,6326,8483"
2722,2722,"7120,9101,1244,2989,11298,9730,4929,544,3697,12869"
2724,2724,"7120,1290,4929,1244,9295,3697,10663,9101,4798,9730"
2727,2727,"10326,5303,6220,4798,8562,6971,9072,2218,9942,8413"
2755,2755,"7669,9101,11298,7679,12869,544,2989,9730,11554,8978"
2769,2769,"13346,275,4277,4798,8562,12404,9455,8483,10326,8681"
2776,2776,"10326,5303,2218,5199,544,11357,9942,12665,4117,5495"
2781,2781,"7120,1290,4929,1244,9101,9295,10663,544,3697,6971"
2782,2782,"7120,11298,7679,1290,1244,4929,9730,9101,3697,10663"
2789,2789,"9693,2343,5199,4798,5532,13315,10326,5676,5495,3950"
2794,2794,"9942,2903,12665,3950,5622,9693,4798,8562,6918,5495"
2804,2804,"5303,3950,6220,64,8562,9693,9942,2218,5545,12665"
2819,2819,"12665,544,5495,8562,10326,5303,3950,6220,4798,275"
2846,2846,"5303,9942,8562,6971,544,4798,1863,275,10326,13408"
2851,2851,"7669,12869,2989,11298,7679,9101,9730,544,1244,4163"
2861,2861,"9404,10326,9072,5495,5199,4277,8562,4798,217,544"
2862,2862,"12665,9942,6220,9101,89,7679,9693,1863,2343,8562"
2867,2867,"13346,10326,10916,9178,350,10594,5495,9598,4798,6588"
2873,2873,"9693,5495,13408,544,2343,12470,5532,10326,4416,11856"
2880,2880,"6220,8562,9942,1863,10429,544,7707,5495,4798,9101"
2881,2881,"10326,4798,12857,10916,10594,8421,8562,13249,8483,8205"
2886,2886,"4798,5303,12665,4277,50,8205,8483,10326,275,9340"
2891,2891,"9693,2343,4798,10326,6795,13346,5532,12665,3909,9942"
2908,2908,"544,10326,4798,5303,275,7120,2140,4277,350,1290"
2910,2910,"544,9693,5303,6220,2343,4798,8562,9101,6971,10326"
2915,2915,"10326,4798,9942,5495,3950,5303,8562,9404,8421,3577"
2935,2935,"5303,544,5199,10326,6971,5495,12665,9693,6220,4798"
2946,2946,"544,9101,1290,11298,2989,1244,9730,12869,9295,7679"
2948,2948,"544,9101,2989,7679,11298,6220,7120,1290,1244,1863"
2969,2969,"3950,9942,4798,2140,7442,8235,2218,8964,9101,6217"
2979,2979,"11298,12869,7679,1244,7120,9101,9730,10389,2989,1290"
3036,3036,"3464,7679,11298,7120,6248,8315,2769,7220,9101,10009"
3050,3050,"10326,3950,4798,13346,8562,2343,9942,9693,8205,8421"
3056,3056,"6659,8092,4798,10326,4803,9101,4080,1328,2356,8483"
3061,3061,"4798,10326,4277,10916,5303,8421,717,12857,8562,217"
3066,3066,"8562,6659,6220,4798,10326,5495,9942,8188,5545,544"
3069,3069,"10326,12857,4798,13346,6326,217,13249,5303,8421,717"
3094,3094,"10326,4277,5303,4798,10916,217,8562,350,12857,717"
3106,3106,"12665,6659,6220,8188,8562,3950,10326,9942,4798,2218"
3110,3110,"7120,1290,4929,10663,3697,9101,1747,544,2916,4798"
3115,3115,"2343,5199,9693,12665,2903,5532,10326,5495,9404,544"
3136,3136,"9101,8562,544,5303,10326,6971,6220,12665,2218,1290"
3159,3159,"6659,1328,10326,4798,9404,3950,8562,8590,8483,6383"
3166,3166,"10326,5495,544,5303,4798,275,12665,4277,6220,2343"
3172,3172,"2343,9693,11298,9101,544,89,1290,9730,1244,5532"
3200,3200,"13346,3950,10326,2411,4798,5676,4056,5199,8562,6383"
3217,3217,"10326,13346,4798,3950,2218,10568,4323,8562,11540,5199"
3218,3218,"1244,7120,11298,1290,9101,10429,544,4664,7679,9730"
3229,3229,"4798,10326,13346,275,4277,5303,9340,10916,12793,8483"
3230,3230,"544,10326,4798,7120,275,9101,5303,1290,2989,6971"
3274,3274,"4798,5303,6971,7063,10326,2140,6433,2291,9306,9101"
3285,3285,"10326,5303,12857,4277,4798,8562,544,8421,10916,275"
3316,3316,"9942,8562,6220,3428,13346,3870,13110,12665,1286,2411"
3319,3319,"8562,4798,4277,10326,8483,10916,350,8421,3950,717"
3323,3323,"10326,4798,8562,5303,3950,8483,4277,12665,13346,2411"
3346,3346,"4798,5303,12665,6971,9730,2989,2140,10326,11298,8413"
3354,3354,"10326,8562,13346,9942,4798,3565,11969,12857,1328,1889"
3368,3368,"4798,10326,3950,8562,217,10916,4277,12857,717,6220"
3374,3374,"9942,3428,3870,1290,12665,8562,5545,7120,13110,1598"
3391,3391,"10326,8562,12857,10916,3950,4277,4798,217,8421,717"
3397,3397,"8562,10326,2343,9693,89,6220,13346,4798,8483,12665"
3404,3404,"10429,8562,5495,8981,4798,544,7707,1355,10326,10447"
3408,3408,"8562,4798,5303,12665,6971,8413,9942,2140,12793,10326"
3416,3416,"9693,2343,6795,544,9101,2989,3909,5532,4388,8608"
3422,3422,"4798,10326,544,5303,8421,1290,6971,7120,8562,6220"
3423,3423,"544,5303,8562,1019,6220,8413,8681,2585,10326,12665"
3426,3426,"9942,6220,3870,6659,4798,12665,5545,3950,2411,8562"
3436,3436,"10326,8562,4798,544,12665,6220,13346,5495,6971,275"
3448,3448,"12857,10869,10594,6433,11345,4798,717,8562,5393,10326"
3464,3464,"9942,12665,8562,3950,5642,13346,6659,3428,13306,5545"
3472,3472,"7120,1290,11298,1244,6971,89,9101,6220,544,8562"
3477,3477,"9942,544,5303,8562,6220,10326,5495,3950,6659,3428"
3488,3488,"3950,5303,12857,8483,4798,13346,10326,10916,8562,4277"
3497,3497,"13346,4798,8413,10916,12665,3950,8562,5199,5303,10326"
3504,3504,"1863,7637,2020,9101,8981,8703,4798,10326,5149,1244"
3517,3517,"5303,8562,13346,4798,8413,3950,12857,10326,8483,10916"
3538,3538,"5495,5303,10326,12668,9072,217,4798,1287,435,11115"
3544,3544,"3950,4798,12665,10326,6220,9942,64,5495,5461,1788"
3547,3547,"717,4798,217,8483,10326,4277,13249,6220,6383,8421"
3569,3569,"10326,275,12665,5303,4798,8483,8421,5199,2140,5495"
3570,3570,"170,7902,7616,478,8705,9101,4798,10326,6306,3481"
3575,3575,"10326,275,4798,4277,1543,9178,5303,10043,12857,5495"
3579,3579,"717,217,4798,544,10326,13346,6433,4277,2343,3950"
3588,3588,"6220,1290,7120,544,1863,89,4798,10326,9101,3487"
3592,3592,"2989,12869,7679,9101,544,1371,11298,9730,9942,2874"
3617,3617,"10326,4798,8562,5303,8421,10916,6220,717,5495,4277"
3632,3632,"8413,3950,4602,9942,3870,8235,12665,11403,9101,8333"
3650,3650,"4798,7063,275,10326,544,13214,2140,9101,5946,7383"
3654,3654,"10326,12857,5303,1328,350,4798,275,9072,9178,8483"
3656,3656,"5303,4798,10326,2199,7637,6395,5124,4101,4947,9101"
3678,3678,"544,7120,6220,1290,9693,6971,9942,4798,12665,89"
3681,3681,"9101,8540,4798,8112,13130,10326,544,9730,5495,8483"
3683,3683,"4798,10326,5303,10594,10916,8421,10869,8483,717,9340"
3685,3685,"10326,4798,5303,544,3950,4277,8483,10594,2218,2140"
3699,3699,"7120,11298,3464,1244,1290,7679,2989,9101,9730,544"
3707,3707,"8413,10429,11047,12644,5495,616,8562,8188,1863,1935"
3731,3731,"7120,1244,1290,9101,2989,544,4929,9730,7679,10663"
3737,3737,"4798,8483,5303,6433,10326,8562,12857,1978,3950,2218"
3739,3739,"8562,8413,6659,8188,4798,10326,544,13346,5495,9101"
3744,3744,"3950,12665,13346,9942,6220,8562,4798,3428,8483,8413"
3753,3753,"10326,4798,10916,5303,6971,13346,8421,12857,3950,9178"
3778,3778,"5303,4798,8562,3950,8413,6220,9942,5495,2218,10326"
3786,3786,"8562,3950,6220,8413,9942,3870,13346,5303,2140,609"
3790,3790,"8562,13346,3950,4798,5495,3870,5303,9942,5610,1889"
3804,3804,"4277,717,217,8421,6383,10077,350,544,10568,13259"
3805,3805,"3950,8562,5303,4798,10326,10916,5199,12857,13315,3428"
3819,3819,"10326,544,4798,5303,6220,8562,3950,5495,2218,9942"
3827,3827,"2459,516,11337,7910,10536,5947,9101,5760,9375,4798"
3829,3829,"10326,4798,8562,5303,12857,10916,13346,8421,8205,6971"
3841,3841,"10326,6971,5303,275,544,8562,2140,2343,13346,12665"
3849,3849,"11298,9730,7120,1290,9101,9962,1244,12869,789,5135"
3928,3928,"7120,1290,1244,9101,11298,9295,4929,9730,12869,544"
3988,3988,"11298,6288,7679,8978,7342,4163,9732,9101,2957,11401"
3994,3994,"9101,11298,2989,7120,1244,1290,544,7679,6220,6288"
3998,3998,"13346,9942,2411,10326,3950,275,3428,5461,12665,9072"
4012,4012,"3950,13346,4798,8413,11540,10340,9101,10326,5999,544"
4021,4021,"5303,4798,10326,2140,8205,2343,544,9693,6971,10916"
4022,4022,"4798,8562,4277,12665,5303,6220,10916,6971,275,13346"
4047,4047,"9942,8188,6659,8981,544,10429,3428,5495,4798,9101"
4073,4073,"544,9101,2989,1244,11298,1290,4929,9730,7679,6971"
4099,4099,"5495,544,12470,5303,6220,7120,9730,1290,275,12665"
4100,4100,"5495,9101,4798,8703,10326,8413,544,9730,8562,8483"
4120,4120,"12470,13408,12099,8413,12668,1323,609,5199,1355,3126"
4126,4126,"7120,544,11298,9101,1290,10326,4929,4798,9730,2989"
4136,4136,"8413,4798,12857,8562,844,5303,10326,5495,5642,6326"
4160,4160,"7669,7679,12869,4163,11298,9101,2957,1558,8033,6288"
4173,4173,"7120,1290,6971,1244,9730,544,89,9101,4798,11298"
4177,4177,"9730,7120,11298,544,9101,1290,7679,2989,1244,12869"
4183,4183,"10326,4798,4277,5303,8483,10916,717,8421,544,8562"
4191,4191,"7120,1290,4929,1244,10663,4387,9101,5573,4798,6243"
4195,4195,"8562,4798,10326,4277,12857,10916,5303,13346,6433,13249"
4213,4213,"544,5495,6220,2343,9693,6971,9942,12470,10326,13306"
4226,4226,"5495,9942,217,13249,5109,3428,13346,3950,12665,1990"
4227,4227,"7120,9101,9295,275,1290,9730,11298,11299,1244,544"
4232,4232,"4798,13346,10326,3950,8483,8562,11540,13249,854,9786"
4255,4255,"10326,4798,13346,4277,10916,8421,717,5303,350,8562"
4258,4258,"9295,544,4545,12869,9101,6569,7706,10429,2113,3560"
4274,4274,"5303,8483,8421,1328,10326,350,10916,1912,4798,6383"
4289,4289,"1290,89,2218,9942,10326,6220,544,7120,8590,9229"
4295,4295,"10326,8562,4798,4277,6220,13249,544,3950,13346,12665"
4300,4300,"3950,3428,13346,8562,6220,8483,4798,9942,275,12665"
4334,4334,"12857,8205,10326,4798,10594,13346,8562,7657,217,10916"
4361,4361,"4798,8562,10326,3950,5303,275,13346,5199,8235,7578"
4377,4377,"4798,3950,5610,8562,10326,13346,8483,8413,12702,6270"
4412,4412,"7120,9730,1290,11298,1244,9295,9101,4929,7679,2989"
4415,4415,"8413,12857,13346,7919,1042,5348,6483,10326,1065,4798"
4424,4424,"4798,8981,13346,10326,9101,12104,8562,544,5549,8703"
4425,4425,"10326,10594,4277,350,8421,4798,12857,717,217,9340"
4430,4430,"4798,10326,8562,5303,13346,3950,12857,10916,4277,6220"
4433,4433,"4798,8413,10326,5303,8562,10916,12857,10594,8421,5495"
4436,4436,"5495,4798,10326,12470,9306,544,7383,7063,9101,9738"
4458,4458,"10326,4798,5303,10916,3950,13346,8483,13249,8562,10594"
4461,4461,"10429,1863,5495,5976,5841,9101,8981,3487,4798,544"
4488,4488,"3950,12665,9942,13346,6220,89,5676,9404,4602,4798"
4497,4497,"7120,1290,1244,4929,11298,9101,9295,544,10326,10663"
4498,4498,"10326,5303,4277,350,4798,9072,544,8483,10594,2140"
4504,4504,"5495,8413,9942,4398,1530,5067,3696,4798,9101,12309"
4510,4510,"9942,12665,6220,5303,3950,4798,6971,10326,9730,8483"
4512,4512,"11395,3960,9101,4798,10326,5027,544,5901,10660,9730"
4513,4513,"10326,5303,6220,544,4798,5495,3428,2218,8413,217"
4516,4516,"11298,7120,9730,9101,1290,1244,12869,2989,7679,9962"
4526,4526,"4798,8562,544,6220,9942,12665,3428,6659,3950,4277"
4528,4528,"8562,4798,13346,10326,10916,8483,8413,12665,5303,12857"
4542,4542,"4798,3950,8562,12857,13346,12665,5303,6433,8421,544"
4559,4559,"7120,11298,9730,9295,1290,11299,3697,1779,2989,9101"
4572,4572,"8562,8413,3950,13346,8235,11540,4798,12800,9101,10326"
4575,4575,"8562,5303,4798,3950,12665,6220,10326,275,4277,9942"
4583,4583,"217,4798,12857,4277,8562,10326,1323,13346,8421,10916"
4602,4602,"8562,275,4798,6220,1355,6971,3870,5545,1018,5495"
4608,4608,"11298,7679,1244,9101,7120,2989,1290,4664,9730,10389"
4609,4609,"13346,9072,5495,11000,10326,3950,1325,8562,8413,5199"
4626,4626,"13346,8562,3950,64,2343,8413,275,9693,12665,10326"
4642,4642,"5495,8562,3950,2343,3428,6220,13346,8413,13315,7707"
4653,4653,"8562,2343,9693,12665,6971,9942,6220,8681,8413,544"
4664,4664,"11298,7120,1244,1290,9101,9295,9730,7679,4929,11024"
4665,4665,"7120,1290,4929,10663,5573,12030,3697,9101,6243,4798"
4672,4672,"11298,9101,7120,1244,1290,2989,544,9730,11024,4664"
4680,4680,"4798,10326,3950,12857,4277,10916,6433,217,1328,350"
4705,4705,"10326,4798,8562,5495,12665,3950,5303,5199,5532,10916"
4707,4707,"8483,1912,8373,12857,6515,5270,5996,8145,7829,8562"
4711,4711,"5495,8562,8413,12470,5199,3950,544,10326,12665,13112"
4732,4732,"12665,3950,5461,544,5199,5495,9101,1323,10326,13315"
4734,4734,"7120,1290,4929,12665,6220,89,9101,6971,9942,4798"
4735,4735,"7120,1290,4929,7637,9101,9083,1487,10429,1863,8703"
4749,4749,"544,6220,9942,9693,1863,10429,2343,9101,12665,5976"
4751,4751,"10326,4798,6971,5303,13346,12665,9942,8562,544,89"
4762,4762,"4798,6971,8562,5875,3055,8413,2789,13346,8922,12665"
4767,4767,"10429,10326,4798,1863,8188,8562,544,987,9101,7637"
4771,4771,"4798,10326,8562,5303,6220,544,3950,6433,13346,8421"
4773,4773,"8413,12665,10326,5495,5303,4798,2218,275,2140,544"
4776,4776,"8562,12665,10429,10802,3578,9101,4798,7637,544,5976"
4783,4783,"9942,6220,3428,6659,13306,8562,3950,5545,5184,810"
4788,4788,"12857,4798,10594,10916,10326,8421,8562,2199,11396,10340"
4808,4808,"3950,4798,350,1328,8483,13346,10326,4210,1978,220"
4810,4810,"4798,3950,10326,8562,5303,13346,8413,8483,9942,6971"
4818,4818,"4798,8562,217,13346,10916,5303,10326,3950,717,5642"
4823,4823,"8483,544,3428,64,9693,8562,1355,4798,11603,6220"
4829,4829,"8562,9693,3950,4798,5545,11622,11639,9101,5673,6982"
4842,4842,"8562,6220,10916,10326,4798,8413,9942,8421,544,13346"
4859,4859,"3950,5495,6220,8413,64,9942,5199,12665,4798,13346"
4866,4866,"544,6220,1863,8590,7120,8562,9083,4798,7491,10429"
4881,4881,"10326,4798,3950,12857,6433,10916,4277,13346,8483,717"
4908,4908,"1863,4798,12871,9101,544,383,13214,10326,7383,11609"
4910,4910,"1290,1244,9101,4929,11298,544,3697,9962,9693,9295"
4922,4922,"4798,10326,12665,8562,8413,6220,217,12857,3428,3950"
4942,4942,"544,10326,11298,6383,9101,9962,4277,9730,1244,5303"
4976,4976,"10326,12665,5303,6220,11298,4798,544,9942,9101,275"
4993,4993,"1863,544,10429,9101,8562,7706,8188,4798,7491,10326"
4995,4995,"10326,4798,5303,4277,10916,8421,13249,8483,350,8562"
5020,5020,"7679,3464,11298,10326,1328,9101,544,6659,4798,9730"
5040,5040,"8562,5303,12857,8413,10326,10916,3950,6433,8483,5642"
5048,5048,"2140,5303,6433,37,4798,7383,647,9101,1018,9306"
5058,5058,"9693,2343,6795,13315,5532,12665,2537,4798,5199,10326"
5067,5067,"4798,10326,4277,10594,544,8562,350,8421,10916,217"
5087,5087,"4798,8562,5495,6220,10326,3950,13346,6971,3428,544"
5090,5090,"89,5875,7024,12665,7289,9101,4798,4715,13191,8483"
5102,5102,"13090,5495,5386,9101,4798,7341,7682,10326,108,12322"
5103,5103,"4798,8413,8562,5303,3950,6220,12665,6971,10326,9942"
5105,5105,"1863,10429,9101,1487,544,4798,10326,5149,5976,5495"
5108,5108,"5495,3950,4798,12470,13346,10326,2789,5303,4602,13408"
5119,5119,"544,6220,4277,8413,5495,9730,8562,5676,5303,8188"
5120,5120,"11298,9730,7679,2989,9101,544,7120,1244,1290,12869"
5124,5124,"3421,10437,13193,9101,2308,4798,10326,7063,8421,544"
5132,5132,"5495,8562,8413,5303,5199,10326,1286,4798,2218,9072"
5138,5138,"11298,12869,2989,9101,9295,544,9730,3222,1779,10389"
5144,5144,"10326,8562,4277,544,2343,13346,6433,8421,217,10916"
5159,5159,"10326,4798,13346,3950,10916,8562,6220,8421,6433,544"
5167,5167,"3950,9942,8562,2218,6220,6659,10326,714,4798,8188"
5175,5175,"10326,4798,10916,12857,275,717,8421,4277,8483,6383"
5176,5176,"7120,1244,11298,1290,4929,9101,7679,544,2989,9730"
5185,5185,"3950,12665,89,10326,4798,6971,8562,8235,7024,5875"
5189,5189,"4798,3950,12665,10916,6326,9455,10326,8562,8413,6659"
5191,5191,"8562,10326,9942,13306,6220,89,9101,3428,13296,6441"
5206,5206,"9942,5303,6220,6659,8562,544,10326,275,4798,6971"
5213,5213,"12665,544,4798,6220,8562,5303,10326,9404,9693,2343"
5224,5224,"4798,8562,4277,717,13346,217,544,6433,275,12857"
5226,5226,"11298,7120,9101,544,12665,1290,1244,2989,12869,89"
5241,5241,"7120,1290,4929,11298,9962,9730,1244,10663,9101,789"
5264,5264,"11298,9101,7120,9730,1244,544,2989,1290,7679,12655"
5268,5268,"5303,4798,10326,544,4277,8562,6971,10916,8421,2140"
5270,5270,"4798,8562,10326,8413,6220,5303,12665,6971,13346,10916"
5287,5287,"9942,11969,12156,9693,6626,9775,13063,9573,4798,9101"
5314,5314,"6220,4798,8562,10326,8703,5303,9101,544,7637,9942"
5318,5318,"7120,1290,4929,6243,3697,10663,5573,9101,10322,4798"
5326,5326,"8981,6220,8562,4798,5149,10326,6166,2218,8413,64"
5336,5336,"8413,4277,3950,10950,4895,13346,883,4798,7087,10326"
5343,5343,"11298,9730,9962,1244,1779,9942,5135,9101,789,12869"
5347,5347,"9942,9693,8562,6220,3428,2343,12665,3950,544,89"
5354,5354,"4798,8562,5495,3950,10326,13346,275,12470,9101,8483"
5356,5356,"4798,10326,3950,10916,6971,8562,12665,8205,6220,5303"
5367,5367,"7120,1290,6220,89,8562,9101,544,8413,4798,9942"
5373,5373,"8562,8413,5303,3950,1746,4798,6220,12665,1355,11622"
5385,5385,"544,6659,6220,350,10326,4277,5495,1863,8590,12470"
5458,5458,"9942,3428,6220,13306,810,8483,13110,6641,3950,3870"
5463,5463,"4798,10326,5303,8562,6220,275,6433,544,4277,9942"
5471,5471,"11298,7679,9101,9730,1244,1779,2989,12869,9962,7120"
5476,5476,"4798,275,6220,10326,1290,12665,5303,9730,6037,609"
5484,5484,"8562,3950,13346,8413,4798,12665,10916,10326,5303,12857"
5508,5508,"9101,11298,7120,1244,1290,9730,12869,9962,2989,9295"
5513,5513,"8413,9942,5303,6220,8562,12665,2218,4798,5545,89"
5520,5520,"10326,544,4277,717,5303,4798,8562,6433,217,12857"
5524,5524,"13346,8562,3870,1889,9942,5495,3950,13306,3428,6220"
5539,5539,"5495,8413,9942,5303,8483,12470,4798,6220,8188,4413"
5554,5554,"10326,9340,10916,4798,1180,2887,5829,9101,5431,544"
5564,5564,"4798,10326,5303,12857,8562,4277,544,8421,2140,5495"
5595,5595,"10326,5495,4798,5303,8413,8562,275,13346,9942,2140"
5601,5601,"275,10326,5303,4798,6971,2140,8562,10462,2291,1912"
5602,5602,"10326,4798,8562,5303,12857,275,3950,8483,2140,6515"
5618,5618,"7120,1290,9730,11298,12869,1244,9101,10663,2989,3697"
5643,5643,"13408,5199,9693,8922,8235,5875,5495,9101,544,4798"
5644,5644,"4798,5495,10326,5199,9942,544,6123,2905,8413,8483"
5651,5651,"8562,4798,10326,5303,6220,3950,8483,2218,10916,12857"
5655,5655,"5495,8413,12668,8562,12099,5199,7490,5676,10326,8205"
5658,5658,"10326,4798,10916,8421,8562,12857,10594,3596,13249,6433"
5660,5660,"10326,6659,13110,1323,544,1286,11969,8483,12029,350"
5662,5662,"6220,12665,89,3950,5545,3428,9942,8413,3870,12470"
5670,5670,"4798,10326,3950,12857,5303,8562,8421,6326,6433,13249"
5676,5676,"11298,7120,1290,9295,1244,9730,12869,1779,4036,7679"
5680,5680,"4798,6220,3870,13346,12665,8562,9942,89,10326,8413"
5698,5698,"9101,10326,9693,544,6220,12665,11298,9942,2343,5495"
5710,5710,"5495,13315,10326,5199,5532,3950,4798,2343,9693,5999"
5723,5723,"11298,2989,7679,9101,9730,1244,4545,544,4576,1779"
5742,5742,"9693,2343,5532,6795,544,5199,10835,5999,2822,6834"
5748,5748,"4798,6220,8562,12665,3428,9942,13346,10326,13408,8413"
5750,5750,"8413,544,5495,8562,5303,6220,10326,4798,12665,6971"
5787,5787,"3950,4798,10326,9942,2343,13346,9693,5199,11572,5999"
5798,5798,"4798,2343,5303,10326,13346,9693,3950,10916,12665,6971"
5799,5799,"9306,5946,2291,4798,9101,383,8402,165,10326,544"
5815,5815,"9693,11298,9101,2343,1290,9962,544,7120,1244,12869"
5822,5822,"5303,10326,1286,9072,8413,2218,4798,3950,5199,5495"
5834,5834,"12665,8562,5495,4798,5303,3950,13315,10326,6220,1286"
5846,5846,"4798,10326,544,5303,13346,3950,8483,12857,4277,275"
5858,5858,"4798,3950,8413,8562,5495,5303,4436,2905,10326,11726"
5882,5882,"4798,10326,5303,544,10916,8562,9072,4277,6433,2218"
5892,5892,"13346,4798,8562,10326,5303,10916,2567,12857,6971,8483"
5897,5897,"8413,3950,5303,8562,8483,8421,6220,10916,10326,4323"
5898,5898,"3950,8413,8562,4798,10326,12665,6220,9942,11540,5495"
5902,5902,"8413,1847,9358,9796,12130,9101,8076,5002,1631,4798"
5919,5919,"10326,7120,12869,544,1290,4277,1244,9101,8562,6433"
5934,5934,"544,8483,11524,9693,4315,4384,10326,9101,4798,12485"
5946,5946,"7120,1290,6971,9295,4929,9730,9101,10963,3697,3737"
5965,5965,"2343,9693,5199,1374,8408,5532,9101,4798,12132,4117"
5995,5995,"10326,3950,3428,4798,6220,13346,9942,544,4277,2343"
6005,6005,"9101,544,11298,2989,12655,9693,6220,7679,1244,12665"
6006,6006,"9942,6220,3950,8562,8413,5495,89,4413,12665,13346"
6013,6013,"10326,8562,4798,6433,10916,717,6220,217,3950,9942"
6016,6016,"3950,5495,10326,13346,5199,5303,4798,8413,8562,2218"
6023,6023,"7120,9101,1244,544,11298,9730,10663,2989,10326,4798"
6052,6052,"3950,5495,4798,10326,12665,3428,8562,5303,13346,9942"
6056,6056,"544,5495,6971,10326,12665,5199,9693,4798,5303,13346"
6059,6059,"4798,5495,5303,10326,6220,3950,8413,12857,275,12665"
6064,6064,"8562,10326,4798,5199,3950,5303,10916,5999,9942,4117"
6091,6091,"3950,5199,2218,6971,9942,12665,5495,8413,4798,3055"
6112,6112,"7120,11298,1244,2989,7679,9730,9101,3464,12869,10663"
6133,6133,"5303,9693,6220,9942,5532,13315,5199,3950,10326,2343"
6150,6150,"4798,5610,10326,4843,9101,7167,8483,5495,544,5813"
6155,6155,"10326,4798,5303,8562,12857,10916,8483,9942,3950,3870"
6157,6157,"10326,4798,5303,10916,8421,12857,8562,3950,8483,2140"
6212,6212,"6220,8562,3870,10156,5495,3428,6442,13310,12470,4798"
6218,6218,"10326,3950,10916,13346,5303,4277,8562,4798,8421,8483"
6242,6242,"4798,6220,10326,9942,275,13110,6659,6971,8562,5545"
6243,6243,"10326,4798,544,8562,5303,275,5495,8421,4277,9072"
6260,6260,"4798,10326,810,8421,8483,976,9018,8562,9101,544"
6262,6262,"10326,4798,2140,275,8483,13097,9101,11930,6433,544"
6278,6278,"5303,275,544,12099,5495,6971,2218,4798,10326,2140"
6280,6280,"4798,5303,8483,3950,8562,6220,8413,13249,13346,12665"
6287,6287,"4798,8562,10326,6971,544,2140,5303,12665,9519,31"
6305,6305,"10326,717,5303,4277,4798,217,544,8421,10916,9942"
6320,6320,"7120,5303,6220,1290,9942,9693,2343,10326,6971,4798"
6339,6339,"2343,8413,4798,9693,8562,275,13346,5010,12665,9942"
6360,6360,"4798,544,5303,275,8483,6220,8413,8562,3950,9693"
6370,6370,"10326,8562,3950,8413,4798,6220,5303,5495,3428,13346"
6376,6376,"4798,10326,5303,275,8562,8483,4277,13346,10916,6220"
6378,6378,"1244,9101,11298,7120,2989,9295,9730,544,7679,12869"
6379,6379,"8562,10326,4798,5303,544,3950,8413,6971,6220,12857"
6398,6398,"544,2343,6795,9101,2537,1244,7679,2903,6834,12655"
6422,6422,"8413,8562,13346,4798,9942,844,8483,8183,3428,12321"
6424,6424,"3950,11561,9990,4798,11784,8413,8483,12857,9941,11707"
6436,6436,"2770,9101,4798,9453,10326,544,5495,9730,8483,6952"
6454,6454,"9693,544,2343,9101,6795,5532,2537,8608,5199,11298"
6464,6464,"4798,10326,8421,8483,5303,2158,10916,9693,717,10138"
6479,6479,"8483,4798,3950,13346,9072,8413,5495,4602,2218,10326"
6485,6485,"1863,8981,8703,7637,9101,5149,4798,6040,10326,10429"
6488,6488,"9942,6220,3950,12665,5545,3428,3870,8562,8413,4798"
6490,6490,"13110,9942,4654,8562,4823,3870,3147,13097,9101,4798"
6498,6498,"10326,8562,9942,6220,3428,3950,5303,217,4798,6433"
6533,6533,"9101,11298,2989,544,12665,9730,7679,12869,4798,10326"
6577,6577,"10326,9942,4798,3950,10916,4277,6220,13346,5303,3428"
6579,6579,"4798,10326,12857,4277,544,5303,8421,8483,717,10594"
6583,6583,"10326,6220,3428,8562,3950,4798,544,5495,13346,9942"
6597,6597,"8562,9693,9942,10326,2343,5303,275,4798,544,5495"
6599,6599,"6220,12665,6971,13408,4798,1290,5303,275,2218,9942"
6607,6607,"9942,8483,8413,5303,8562,3428,3950,6220,4798,275"
6613,6613,"8562,3950,6220,12665,13346,3428,8681,10326,5545,5495"
6622,6622,"7120,9295,1290,89,11298,9730,9101,5199,8590,3697"
6637,6637,"6220,2343,2218,9693,12665,8562,6971,7303,3950,5165"
6644,6644,"10326,4798,5303,8562,4277,717,6220,3950,10916,8483"
6651,6651,"11298,9101,1244,2989,7120,9730,1290,544,12869,7669"
6674,6674,"10326,12665,3950,8562,13346,3428,5495,8413,10916,4798"
6683,6683,"9693,2343,10326,5199,4798,13346,5303,12665,5532,5495"
6686,6686,"9101,1863,1290,6697,9730,9693,11117,544,11103,7120"
6707,6707,"544,5303,2343,5495,8562,10326,9693,6220,12665,13346"
6724,6724,"10429,1863,5875,7024,8235,9101,5976,11403,4798,1244"
6729,6729,"10326,8562,4798,6220,5303,9942,3950,275,12665,6971"
6739,6739,"12665,3950,8562,8333,438,6982,298,11622,9942,9101"
6756,6756,"5303,3950,275,10326,4798,8562,9072,2140,10594,6433"
6764,6764,"6659,50,5303,8562,9602,5545,1328,10326,13110,6433"
6768,6768,"9942,6220,10326,8562,3428,6659,275,12665,5303,4798"
6787,6787,"12665,8562,3950,2218,4798,1286,3055,13315,6302,9550"
6808,6808,"1244,11298,7120,544,1290,2989,9730,12869,7679,10137"
6811,6811,"544,8483,10326,4798,350,12665,275,4277,13110,6383"
6812,6812,"8562,4798,10326,3950,12665,9942,3428,13346,5303,275"
6831,6831,"9942,10326,5303,544,6220,4798,275,12665,6971,8562"
6833,6833,"2343,12665,9693,6220,8413,13191,7024,8235,11403,9101"
6840,6840,"4798,5303,10326,2140,6270,9101,7824,8483,275,10506"
6842,6842,"7120,1290,1244,11298,9962,9101,4929,9730,6811,3697"
6855,6855,"9101,11298,9730,1244,7120,1290,544,2989,7679,12869"
6869,6869,"10326,4798,5303,12857,8562,10916,8421,6433,4277,3950"
6874,6874,"6220,6971,4798,544,1747,12665,8413,1863,9101,10429"
6879,6879,"544,5199,9693,2903,5532,2343,9942,5495,4798,10326"
6885,6885,"13346,5676,3950,36,4798,5547,760,9101,10326,5673"
6886,6886,"9942,13346,12665,6220,2343,4798,9693,3950,3870,6795"
6902,6902,"10326,4798,4277,8562,544,10916,6433,13346,717,3950"
6908,6908,"11298,9101,7120,2989,7679,1290,1244,12869,544,9730"
6911,6911,"3950,6659,11484,9942,50,10326,11547,2789,3428,10453"
6912,6912,"12665,3950,6220,810,9942,4798,8562,544,13346,5545"
6919,6919,"544,7120,11298,9101,2989,1244,1290,9295,9730,12869"
6926,6926,"5532,7673,8413,5999,9101,4798,4137,5495,10326,544"
6934,6934,"8562,10326,8483,8421,3950,217,10916,13259,717,4798"
6935,6935,"4798,10326,544,8562,8483,4277,12665,6220,13346,217"
6939,6939,"8413,5303,4798,6220,10326,9942,8188,844,12665,9101"
7000,7000,"9942,544,6220,2343,9693,5303,89,12665,3950,8562"
7003,7003,"8562,3950,10326,5495,2343,12665,6220,9942,12099,9693"
7005,7005,"10326,4798,544,217,3428,6433,717,10916,8421,2411"
7042,7042,"10326,4798,12665,5303,8562,10916,3950,8421,13346,5495"
7045,7045,"4798,10326,8562,8413,544,6971,652,2140,13346,3950"
7047,7047,"10429,8703,1863,9101,5966,5976,8981,13377,5149,4798"
7053,7053,"6220,544,8562,10429,10326,4798,1863,8188,12665,1355"
7063,7063,"10326,8483,717,13249,10916,3950,13346,1328,8421,4798"
7067,7067,"2343,9693,3950,717,2218,544,13346,2537,217,4277"
7071,7071,"10326,4798,4277,12857,717,10916,13346,6433,8421,3950"
7078,7078,"8562,3950,6220,5495,3428,9942,12470,13346,2218,2140"
7109,7109,"10326,1355,6659,8562,6326,6433,2585,4798,12857,10262"
7118,7118,"4798,10326,12857,6433,10594,10916,5303,6270,8421,8562"
7129,7129,"11298,7120,9101,1244,1290,9730,2989,4664,544,12869"
7133,7133,"10326,4798,217,8483,609,350,652,5495,5303,8421"
7139,7139,"769,1355,9295,544,11464,6971,8590,9101,13185,10464"
7142,7142,"12665,3950,4798,5303,10326,6220,4277,8562,544,9602"
7146,7146,"9693,5303,2343,4798,10326,5199,12665,5532,544,6971"
7172,7172,"10326,4798,217,10916,4277,8562,8421,717,350,12857"
7181,7181,"5495,89,64,12665,13346,10326,2343,8483,12099,6971"
7195,7195,"4798,10326,8562,4277,10916,717,544,5303,12857,217"
7197,7197,"4798,8562,5303,3428,10326,217,9942,8413,12470,3950"
7203,7203,"7120,11298,1244,1290,9101,4929,2989,9295,9730,12869"
7223,7223,"8562,4798,3950,12857,5303,10916,10326,6220,12665,8483"
7235,7235,"12869,544,7120,9101,1290,11298,7679,9730,6971,5303"
7236,7236,"10326,544,12665,7120,4798,5303,9101,1244,4277,275"
7237,7237,"7120,1290,1244,4929,8981,9101,7637,544,8703,9083"
7255,7255,"7120,1290,9295,4798,544,4929,6971,8590,3697,1244"
7297,7297,"12665,9693,4798,10326,8562,6220,9942,2140,6971,5303"
7320,7320,"8413,3950,4798,10326,11572,5495,5303,9693,5199,1788"
7323,7323,"12665,2343,9693,13346,64,3950,275,9942,6220,5495"
7326,7326,"8483,5303,10326,4798,2218,2140,5495,12404,8590,275"
7343,7343,"10326,4798,6433,4277,717,350,8421,8562,217,10916"
7363,7363,"6220,13346,1230,89,8562,5495,9942,10326,4798,12665"
7364,7364,"6971,4798,8483,13346,10326,5303,12274,2218,12665,844"
7366,7366,"6220,9942,3428,3950,3870,544,3799,12417,9101,1598"
7372,7372,"8413,6302,5303,4798,5495,13346,8483,3055,5610,8562"
7399,7399,"10429,1863,544,9693,9942,9101,13408,4095,1355,7679"
7402,7402,"5303,8413,12665,8562,5495,6220,2218,9072,4798,3950"
7406,7406,"8562,10326,4798,2140,5610,544,4257,10185,11540,1478"
7421,7421,"544,9942,8413,4798,10326,12665,8562,3950,5676,2343"
7425,7425,"7120,544,10326,6220,1290,9101,8562,4798,1244,9942"
7431,7431,"4798,10326,10916,12857,8421,6971,8562,8483,13346,4277"
7447,7447,"4798,10326,8421,8562,8205,10916,6326,6433,3950,9101"
7451,7451,"8562,6220,1863,10429,4798,544,8188,7707,10326,1355"
7453,7453,"7120,4929,1244,9962,789,9101,5135,3697,4798,11298"
7456,7456,"544,9962,275,1290,9101,789,9295,12665,2989,4798"
7484,7484,"7120,11298,1290,9730,4929,1244,9295,6971,10663,9101"
7486,7486,"5495,8413,5303,4798,3950,10326,8562,2218,8483,12857"
7505,7505,"11298,7120,9101,1244,1290,7679,2989,9730,544,4929"
7529,7529,"4798,8562,10326,13346,10916,2140,275,8421,12857,4608"
7532,7532,"11298,2989,9101,7679,1244,8978,6288,544,12869,10389"
7548,7548,"10326,6220,13346,8562,12665,4798,5303,3950,1286,8483"
7550,7550,"3950,9404,8562,1323,4798,217,10326,1978,50,6220"
7557,7557,"10326,4798,8421,4277,10916,717,10594,12857,217,8483"
7574,7574,"7120,1290,11298,4929,9962,3697,9101,1244,5135,7679"
7586,7586,"1863,7637,8703,8981,9942,544,9101,4798,10326,2020"
7592,7592,"12204,9101,516,3960,4798,1219,10326,873,544,9730"
7594,7594,"8413,3950,12857,8562,9942,4413,4798,13346,11540,844"
7600,7600,"9693,2343,10326,5495,8562,9404,9942,4798,13346,4277"
7601,7601,"10326,4798,5303,10916,8562,13346,12857,2140,10594,4277"
7642,7642,"10326,4798,544,5303,6220,9942,12869,11298,1244,9101"
7647,7647,"8413,5303,1862,8562,544,275,2140,7063,4413,11326"
7650,7650,"8413,8562,544,3950,5303,6220,4798,12665,10326,10916"
7660,7660,"11298,9101,12869,544,9730,2989,7120,1244,1290,7679"
7682,7682,"4798,10326,8562,6220,275,3950,5303,12665,4277,6971"
7712,7712,"10326,6220,3428,5303,544,275,4798,12665,8562,3950"
7728,7728,"8562,10916,4798,3950,10594,11000,12857,8483,4469,10326"
7763,7763,"8562,4798,6220,10326,3428,13346,6659,12665,5303,3870"
7764,7764,"10326,544,275,4798,6971,6220,5303,13346,9942,2218"
7765,7765,"11298,2989,9730,9101,4890,8978,7342,12869,7679,3704"
7768,7768,"6659,9942,8413,4798,8562,4413,5184,931,3950,13381"
7776,7776,"7120,1290,9962,9101,789,9730,5135,13309,11298,4798"
7834,7834,"3968,1390,8421,4798,7044,13014,10326,5239,222,9101"
7850,7850,"4798,4277,8421,275,10594,544,12857,217,10916,2140"
7860,7860,"11298,7120,9101,1244,2989,1290,7679,544,4929,9730"
7879,7879,"4798,10326,5303,6971,8421,10916,2140,5495,275,8562"
7892,7892,"544,9101,9693,11298,9156,1290,10326,7120,1244,2343"
7895,7895,"4798,6220,8413,5303,5495,275,8562,10326,2140,11540"
7901,7901,"4798,10326,10916,3950,5303,6220,12857,8562,4277,544"
7922,7922,"12665,544,4798,6220,4277,3950,13346,9455,217,6383"
7927,7927,"10326,4798,8562,5303,8413,11969,544,5495,8421,6220"
7931,7931,"9693,2343,5303,275,544,4798,13346,10326,5199,6795"
7938,7938,"12470,3950,9942,3428,5199,2411,13306,1323,10326,9404"
7942,7942,"8562,10916,4277,544,10326,3950,217,6433,350,8421"
7964,7964,"8413,1323,3950,4602,5495,11560,9942,12665,4413,3340"
7982,7982,"5495,64,3950,2343,5199,12665,2903,9693,9404,89"
7988,7988,"7120,1290,4929,8302,9101,2784,3697,4798,11117,11923"
7992,7992,"4798,8562,10326,13346,5303,10916,4277,6220,12857,8421"
8005,8005,"8413,5303,4798,5199,2343,9693,12665,5532,10326,2218"
8019,8019,"3464,7679,6248,2710,9101,9730,11298,4798,10326,544"
8026,8026,"4798,8562,13346,3950,10326,12665,6220,9942,10916,13249"
8028,8028,"9693,2343,9404,544,6795,5532,5199,5495,10326,13346"
8085,8085,"13346,50,8413,6626,12378,11635,9693,275,2205,9101"
8103,8103,"89,12665,4602,8235,7024,5875,9101,2567,4798,10326"
8108,8108,"10326,9072,3950,8562,6220,4277,10594,3428,217,1328"
8137,8137,"9693,2343,12665,5303,89,9942,5495,6971,544,4798"
8138,8138,"10326,8562,5303,13346,6433,12857,217,8483,10916,4277"
8139,8139,"4798,10326,5303,8562,6971,3950,8421,5495,275,2905"
8148,8148,"4798,9942,10326,8562,12665,13346,6220,3950,5303,3428"
8150,8150,"10326,4798,275,8562,12665,5303,3950,13346,6220,2140"
8160,8160,"544,9101,7120,2989,11298,1290,12869,1244,10326,9295"
8175,8175,"12665,8483,11639,12470,1328,10916,5495,9101,2411,432"
8191,8191,"7120,9730,9101,2989,1290,12869,6591,4929,11298,1244"
8198,8198,"4798,8483,10326,6220,9942,544,6971,275,8562,9072"
8202,8202,"9101,11298,7679,9730,1244,7605,2989,4576,8978,12995"
8233,8233,"4798,10326,6971,8483,12665,5303,89,13346,10916,3950"
8251,8251,"4798,5126,12136,13346,5999,5100,4827,1031,2260,544"
8252,8252,"10326,4798,8562,4277,10916,717,12857,6433,8421,217"
8265,8265,"544,10326,4798,5303,8562,275,6220,6971,12665,2218"
8267,8267,"10326,4798,10916,8562,8421,5303,8483,6433,12857,717"
8268,8268,"8562,13346,12665,12857,10326,6326,717,5303,4798,1323"
8294,8294,"9693,2343,544,6971,6795,5303,10326,5199,2140,5532"
8299,8299,"1290,7120,9962,1244,11298,9101,789,9295,3290,3697"
8302,8302,"10326,4798,5303,9072,2218,12857,4277,8483,2140,8421"
8303,8303,"1290,4929,1244,9101,11298,9295,9730,544,3697,789"
8323,8323,"9693,4798,2343,10326,6971,5199,5495,8562,544,13346"
8327,8327,"5303,12665,3950,6971,6220,2218,4798,8413,89,275"
8331,8331,"3950,6659,5303,4798,9942,6220,3428,13408,7063,8483"
8332,8332,"11298,9101,1244,1290,7120,9730,7679,789,2989,4576"
8334,8334,"3950,6220,8562,8413,4798,5495,11572,12665,11000,8483"
8337,8337,"11298,544,7120,1244,2989,9295,1290,10326,9730,7258"
8341,8341,"13346,3950,8562,4798,6326,10326,8413,4853,5495,9942"
8361,8361,"10326,4798,6971,9942,8562,5303,1747,12665,544,13296"
8369,8369,"9404,2411,9072,3950,2218,9693,12665,10326,5303,6971"
8378,8378,"5303,10326,6971,8421,10916,13249,4798,13346,544,8161"
8407,8407,"7679,11298,2989,3464,8978,9101,12655,10389,1244,544"
8419,8419,"1244,9101,11298,544,7120,2989,1290,4664,9730,4576"
8424,8424,"5303,544,10326,8562,4798,1863,10429,6971,13296,9101"
8425,8425,"5303,4277,8562,10326,10916,6220,4798,10869,2411,9072"
8438,8438,"7120,1290,3697,4929,11117,9405,9101,5135,9962,11298"
8447,8447,"10326,4798,12857,4277,10916,5303,8562,8421,6433,717"
8458,8458,"12869,11298,7063,1240,9962,2291,9730,9101,5946,10542"
8463,8463,"10326,4798,5303,8562,544,6220,10916,8421,12857,9942"
8471,8471,"4798,12665,6971,10326,3950,8562,5303,10916,13346,2140"
8472,8472,"9101,7679,7120,11298,1290,1244,544,12869,9730,2989"
8477,8477,"5303,4798,6971,10326,8562,544,2343,9693,5199,6220"
8478,8478,"9693,12665,2343,544,5495,5303,6971,5199,12470,6220"
8483,8483,"11298,1290,89,9295,7120,9101,544,9693,8302,2784"
8496,8496,"10326,6971,3950,5303,8562,8205,5199,544,9404,10916"
8497,8497,"8562,10326,12857,4798,217,10916,3950,717,13346,3428"
8501,8501,"10326,4798,8413,13346,8562,5999,3950,8483,5199,9101"
8506,8506,"9942,3950,6220,13346,10326,4798,3428,5495,12470,8562"
8520,8520,"10326,4798,10916,12857,8562,5303,544,3950,4277,6433"
8524,8524,"544,12665,10326,11298,9101,7679,6220,4277,9693,11969"
8531,8531,"4798,8413,8562,50,275,10326,13346,3950,10916,6326"
8556,8556,"10326,544,8562,4798,5303,4277,8483,350,717,1355"
8579,8579,"9730,11298,9101,7679,1244,2989,12869,4576,10389,544"
8585,8585,"6220,544,5495,9693,10326,12470,2218,1355,3950,11230"
8591,8591,"10326,6220,12665,3428,4798,6659,5303,9942,13346,8188"
8592,8592,"7120,1290,4929,9101,10663,9693,544,1244,9295,9730"
8596,8596,"3950,9942,8562,4798,6220,8413,3428,717,13346,8421"
8598,8598,"10326,5303,3950,3428,4798,544,275,9942,8562,6220"
8608,8608,"7120,1290,9101,10663,9730,11298,1244,9295,6243,3697"
8610,8610,"7120,11298,1244,1290,4929,9101,9730,9962,9295,12869"
8617,8617,"7120,11298,1290,9295,1244,9101,9730,3697,4929,4036"
8621,8621,"5303,5495,5199,8413,4798,2218,1912,10326,5123,1746"
8629,8629,"9093,3420,11013,8068,6708,10917,5766,9101,5310,4798"
8649,8649,"12665,8413,5495,9101,9105,4798,5819,5532,10326,7715"
8652,8652,"7120,4929,1244,11298,9101,9730,2916,6243,3697,5573"
8714,8714,"2989,6220,7120,9101,11660,8590,9730,284,1290,9295"
8718,8718,"5875,89,8235,12665,5524,64,7024,11403,9942,12662"
8733,8733,"9101,11298,12655,7679,544,1244,1290,2989,8978,7120"
8734,8734,"3428,6220,3950,13306,12665,4654,3870,13110,11736,7485"
8754,8754,"5495,8562,5303,544,217,2218,3950,12470,9072,8413"
8771,8771,"8413,4798,8562,8205,6220,10326,5303,2218,9942,12857"
8791,8791,"544,10326,4798,2343,9693,13346,8562,6220,4277,5303"
8794,8794,"4798,8562,810,3950,5303,10326,6220,3428,13346,544"
8797,8797,"9453,350,10326,5676,4560,11758,9101,4798,8822,788"
8804,8804,"10326,4798,13346,8562,3950,6220,10916,13249,8483,8421"
8809,8809,"275,12857,10326,13346,4798,6971,5303,50,10916,9404"
8823,8823,"11298,7120,1290,9101,4929,2989,9295,7679,9730,10663"
8833,8833,"10916,9404,10326,8562,3950,4277,12665,8421,5364,12857"
8835,8835,"7120,9693,1290,11298,2343,1244,9295,12869,4929,9101"
8840,8840,"4798,8413,2140,6971,5303,7063,4877,9101,10326,9771"
8842,8842,"8413,4181,2230,844,5819,544,9101,5495,4798,10326"
8860,8860,"544,11298,12665,6220,7679,89,9730,9101,12869,9942"
8866,8866,"10326,4798,8421,8562,4277,8483,717,10916,666,5999"
8877,8877,"8562,1102,6515,13230,4798,1866,11484,9101,5980,11201"
8887,8887,"8413,9190,8562,9264,4798,10326,5532,5731,544,9101"
8895,8895,"11739,2770,5789,350,9854,10326,3243,9101,4798,12621"
8907,8907,"1244,7120,1290,11298,9101,9962,9295,3697,4929,789"
8921,8921,"4277,350,4798,10326,6433,5303,717,10916,4492,11912"
8928,8928,"7679,11298,3464,9101,401,7669,7120,1371,12869,9730"
8936,8936,"10594,13408,6491,4685,3013,12857,4351,4939,217,8155"
8965,8965,"9693,10326,2343,4798,544,5303,9942,13346,6220,6971"
8971,8971,"9693,2343,12665,6795,5532,9942,5495,8562,10326,6220"
9000,9000,"544,9101,11298,7120,1244,1290,7679,9730,9693,2989"
9023,9023,"12665,544,4277,3950,9693,2343,10077,6220,9942,844"
9025,9025,"275,5303,12665,10326,89,6971,5199,4798,9693,544"
9031,9031,"3950,8413,4798,10326,2903,5999,6971,9942,8235,9101"
9045,9045,"4798,10326,5303,6659,6220,8483,9942,4277,275,544"
9053,9053,"12665,6220,8562,3950,10326,13346,4798,3055,8413,6971"
9054,9054,"9942,3950,8483,6220,3428,8413,12665,4798,1286,13375"
9060,9060,"8562,10326,5303,6220,4798,544,3950,10916,12665,13346"
9063,9063,"8413,8562,3950,8483,2585,9942,11540,4413,13346,3870"
9071,9071,"8562,9942,6220,3428,3950,12665,8681,8413,2218,1286"
9078,9078,"9693,2343,544,4798,9101,2537,6795,4388,10326,13315"
9101,9101,"4798,10326,8562,6220,1355,13346,3950,9942,3428,544"
9108,9108,"5303,3950,3428,6220,9942,2140,544,5495,275,4798"
9110,9110,"10326,4798,12665,6433,12857,8562,5303,8483,9072,1328"
9114,9114,"11298,2989,544,5495,9101,6220,9730,7679,12665,1244"
9144,9144,"11298,1244,9101,7120,544,1290,10326,12665,9730,7679"
9172,9172,"7120,1290,6220,1863,544,9101,8981,10429,4798,9083"
9185,9185,"10429,1863,544,5495,8562,6220,9101,10326,5976,4798"
9190,9190,"4798,3950,10326,5303,8562,12857,8413,5642,6220,10916"
9193,9193,"3950,10326,4798,8562,12857,10916,6220,9404,13346,13249"
9198,9198,"10326,5303,4798,4277,9340,4908,2140,7138,2147,9101"
9200,9200,"7120,10326,544,1290,275,5303,1244,4798,9942,9101"
9201,9201,"7679,11298,7120,1290,12995,3464,9101,2769,3845,4798"
9204,9204,"544,10326,5303,4798,5495,275,8483,6659,13346,2343"
9215,9215,"7120,1290,4798,4929,2140,10326,1747,6971,9101,10663"
9222,9222,"9730,7120,9101,12869,1290,11298,1244,9295,544,4664"
9233,9233,"4798,5303,4277,6383,10916,12665,2411,8421,350,1328"
9235,9235,"9101,1290,544,1244,7120,7679,2989,10326,7637,9942"
9245,9245,"7120,1290,9101,1244,789,13309,9866,544,11298,5008"
9275,9275,"89,12665,5875,7024,8235,9101,8483,5375,5495,4798"
9308,9308,"9942,544,8562,3428,6220,8413,5184,3950,5545,8188"
9323,9323,"8483,717,4277,8421,217,544,9072,10326,9340,4798"
9329,9329,"10326,8562,12665,3950,5303,13346,5495,6220,12857,10916"
9355,9355,"8562,4798,8413,3950,6220,5303,10326,2218,12665,6971"
9369,9369,"4798,10326,5303,12857,6433,13249,2140,8483,13346,10594"
9386,9386,"8188,11484,5495,3269,12470,12226,11745,3987,8562,9101"
9388,9388,"4798,544,5303,12665,6220,9942,8188,275,13346,6971"
9401,9401,"7120,1290,11298,9730,1244,3697,9962,4929,7679,9101"
9418,9418,"10326,6220,9942,4798,3950,8413,12665,544,5610,2140"
9433,9433,"4798,10326,8562,13346,8483,4277,10916,217,3950,8421"
9440,9440,"10326,544,217,4277,4798,8562,717,10916,8421,350"
9446,9446,"3950,13346,10326,13306,8562,2218,9942,3428,5199,4798"
9464,9464,"5495,12470,5676,8413,544,8188,2585,232,12086,8562"
9477,9477,"8562,4798,5303,275,5495,10326,3950,12665,8483,652"
9488,9488,"11298,7120,1290,9101,1244,9730,544,12869,6971,12665"
9500,9500,"10326,4798,10916,717,4277,12857,350,8421,6433,13346"
9502,9502,"4798,8562,3950,3428,13346,544,10326,810,13249,13110"
9507,9507,"2343,9693,2903,5199,6795,2537,13375,544,9101,8413"
9528,9528,"7120,11298,7679,9101,2989,4929,9730,12655,12869,12665"
9539,9539,"4798,10326,12857,6433,8562,544,6220,2218,3950,13346"
9566,9566,"544,9693,10326,9101,4798,2343,11298,6971,5303,1244"
9575,9575,"8483,4798,10326,12857,13346,10916,11000,9340,5495,8562"
9583,9583,"5495,4798,10326,13346,5303,12470,3950,8413,9942,8483"
9589,9589,"10326,4798,13346,3950,275,4277,8562,544,64,10594"
9591,9591,"10326,4798,5303,10916,3950,12857,6971,8562,8421,8483"
9617,9617,"5495,1286,4798,10326,609,9101,544,5610,3515,9730"
9620,9620,"8562,12665,9942,13346,10326,3950,6220,5495,2343,12470"
9622,9622,"5495,2905,5109,4798,10326,9393,6902,5999,5557,4463"
9631,9631,"9101,12869,9730,7679,11298,3222,4142,1803,7864,7605"
9655,9655,"8562,8413,3950,1042,3149,11910,8822,12130,10984,8283"
9658,9658,"4798,10326,544,5495,2343,5303,2140,9693,9101,8413"
9660,9660,"9730,9101,7120,1290,11298,4929,9295,1244,2989,3697"
9669,9669,"7120,1290,4929,9962,789,5135,12030,4387,9101,9730"
9672,9672,"4798,5303,10916,13346,12857,8483,10326,3950,12793,5495"
9684,9684,"9101,6952,4798,10326,8540,10352,544,6659,9730,8599"
9702,9702,"7120,1290,1244,11298,4929,9962,9101,3697,789,9295"
9705,9705,"7120,10326,8562,12857,1290,4798,5303,6971,4929,12665"
9722,9722,"1244,12869,11298,544,7120,9101,12665,7679,9306,5946"
9732,9732,"11298,1244,9730,9101,7120,7679,1290,4664,544,9962"
9781,9781,"12655,844,7679,9101,11298,6002,3148,1224,3238,2874"
9803,9803,"5495,5303,544,5532,12470,9693,2903,12665,2218,2343"
9809,9809,"10326,5495,64,8562,3950,2343,2218,6795,1328,5199"
9814,9814,"10326,10916,12857,8421,8562,5303,4277,2140,10594,6971"
9818,9818,"5303,2218,6971,5199,5495,4798,3950,5532,6220,2343"
9820,9820,"9693,4798,13315,2905,12611,5495,3950,9101,10326,8483"
9848,9848,"10326,5303,544,4798,4277,1323,2140,4694,5495,275"
9856,9856,"4798,10326,8562,5303,3950,544,6971,12665,810,3428"
9869,9869,"12665,6220,5303,8235,4798,7024,4715,10326,9101,8483"
9889,9889,"10326,5303,8413,2218,4798,2140,12665,6971,275,8205"
9923,9923,"4798,8483,10326,8562,4277,5303,10916,350,11000,8421"
9929,9929,"8562,3950,13346,12665,4798,8333,454,8483,9455,9101"
9961,9961,"7120,12665,1290,11298,89,1244,4929,7024,9101,8235"
9969,9969,"4798,10326,5303,717,8421,6971,217,2218,4277,544"
9974,9974,"7120,89,1290,9101,9730,6591,11298,2343,9693,7679"
9976,9976,"1244,1862,11298,12869,13315,7679,3222,9101,13371,544"
9989,9989,"5495,9942,8562,4798,12470,3950,6220,5303,10326,8413"
9993,9993,"12665,5303,4798,8562,6971,2343,13375,10916,50,9942"
10002,10002,"6659,10326,275,544,4798,9101,5303,8483,9730,12665"
10011,10011,"9730,11298,7679,7120,1290,9101,1244,2989,10137,4664"
10016,10016,"10326,4798,5303,8562,9942,544,6220,275,12857,3950"
10028,10028,"3428,9942,11800,9404,9101,1254,4798,5077,57,10326"
10029,10029,"9942,13346,10326,5495,6220,3428,13249,3950,10916,12665"
10033,10033,"12665,5303,8413,1286,1230,3950,8922,89,1220,3055"
10042,10042,"10326,5303,10916,12857,4798,10594,3950,8562,10869,6971"
10046,10046,"4798,10326,10916,8562,3950,13346,4277,12857,217,6433"
10061,10061,"4798,8562,4277,544,10594,6220,717,8421,6433,10916"
10071,10071,"3950,6220,4277,9942,217,8483,10594,10869,13346,13249"
10084,10084,"4798,13346,8562,10326,6971,8421,12665,2140,8483,12857"
10091,10091,"8562,4798,10326,5495,12665,1323,6220,9470,9101,4482"
10102,10102,"1244,11298,544,4929,9730,2989,12665,12869,10326,4576"
10104,10104,"8562,5303,4798,5495,3950,275,2218,8483,10326,12857"
10121,10121,"7120,1290,6971,4929,9101,544,1244,11298,9693,8922"
10131,10131,"13346,3950,4798,9942,3428,6220,8483,8562,12857,8413"
10134,10134,"10326,275,4798,4277,544,5303,12665,2140,4877,7439"
10139,10139,"7120,1290,4929,11298,1244,9101,3697,9295,10663,12030"
10144,10144,"3950,5199,8562,13346,4798,10326,8483,3055,5999,9101"
10155,10155,"2218,8483,4798,3950,5303,8562,8413,11396,10326,10916"
10168,10168,"1863,10429,7637,4798,9101,10326,9564,8703,544,9730"
10178,10178,"544,9101,10326,2989,9942,9693,11298,12665,13408,1244"
10186,10186,"9693,12665,8562,9942,9404,13346,3950,2537,6220,6795"
10190,10190,"10326,4277,10594,350,717,11222,8421,4798,10916,217"
10194,10194,"4798,8562,3950,13346,8413,10916,12857,4277,8483,9455"
10196,10196,"13346,9942,5676,3950,4413,8562,1574,329,8413,9101"
10215,10215,"10326,4798,5303,4277,8562,8421,6433,12857,10916,6971"
10218,10218,"10326,9942,5303,8562,6220,10916,12857,4798,3870,12665"
10251,10251,"8562,8188,6220,12857,3950,13346,10326,5303,4798,3870"
10252,10252,"7120,1290,9295,9101,1244,11298,544,6220,9962,3697"
10262,10262,"5495,12099,2903,5199,4266,12470,9101,1619,8235,4798"
10266,10266,"9942,12665,6220,544,3950,4798,8562,2343,6659,5303"
10271,10271,"10326,6220,4798,9693,9942,2140,2343,8562,12665,6971"
10277,10277,"8562,10326,5303,4798,3950,13346,12857,10916,6971,6433"
10282,10282,"10326,12665,5303,4798,1244,8483,8421,544,1290,9101"
10286,10286,"7120,1290,4929,12030,1400,9295,3697,9101,2286,12651"
10305,10305,"10326,810,4798,10916,13346,1889,12857,6795,5303,4053"
10309,10309,"9942,12665,6220,8562,4798,3950,10326,2218,5545,8413"
10335,10335,"7120,9730,11298,1290,9101,1244,4929,12869,3697,10663"
10340,10340,"11298,7679,7120,2989,9101,1290,9730,4545,1244,4664"
10375,10375,"4798,8413,6220,9942,8562,12665,5495,5303,4181,4430"
10388,10388,"4798,10326,5303,6971,275,13346,8562,2140,8205,8413"
10397,10397,"10326,8413,4798,5303,12857,10594,1889,4277,11540,6433"
10402,10402,"3950,12665,8413,4798,5676,9942,3870,13346,89,8562"
10407,10407,"544,5303,4277,350,6220,3428,810,10326,2343,5885"
10408,10408,"10326,9306,4798,9101,3064,8413,7439,5495,4877,5946"
10416,10416,"4798,3950,13346,10326,6220,1220,12857,12665,2343,9942"
10448,10448,"10326,4798,8562,275,5303,3950,544,6220,3428,13346"
10454,10454,"3950,13346,10326,8562,5495,9404,4798,13249,9942,5610"
10499,10499,"4798,10326,717,4277,8421,217,6433,2158,10594,8483"
10503,10503,"3950,8823,11351,4988,8296,12665,10326,5538,3762,6788"
10504,10504,"11298,2989,7679,9730,12869,3464,4545,544,9942,8978"
10508,10508,"10326,4798,5303,544,4277,8421,275,717,217,2140"
10514,10514,"8562,3950,13346,10916,810,6326,4798,6220,8483,12857"
10526,10526,"4798,10326,12857,3950,8562,13346,6433,10594,4277,8421"
10540,10540,"4798,10326,13346,5303,275,6220,3950,9942,10916,4277"
10542,10542,"10326,4277,217,717,544,350,8421,4798,9340,8483"
10551,10551,"4798,10326,544,8562,5303,275,6220,8483,9942,12665"
10554,10554,"544,5303,12665,8413,6220,8483,8562,5199,89,4798"
10555,10555,"11484,6220,10429,5495,1607,9101,4798,11744,1875,10326"
10556,10556,"5610,844,2140,3766,5743,4798,227,7547,7745,12856"
10562,10562,"12857,9072,4798,10326,31,2140,8483,2905,13346,8413"
10575,10575,"11298,9730,7120,9101,7679,1290,12869,9295,7669,1244"
10576,10576,"10326,4798,10916,5303,8421,8562,217,350,717,12857"
10582,10582,"10326,12665,3950,5303,4798,544,8562,9942,4277,9072"
10584,10584,"3950,8562,4798,10326,13346,9942,6220,5303,3428,8483"
10606,10606,"10326,4798,9942,3950,544,12665,5303,2411,6220,8562"
10611,10611,"4798,544,717,8483,4277,217,8421,6383,5303,350"
10613,10613,"544,10326,4798,717,217,12665,8421,6383,5303,10916"
10614,10614,"10429,1863,7725,8188,7706,4798,9101,5976,5495,8562"
10623,10623,"8235,7024,4715,12662,9101,8413,4798,7289,10326,544"
10647,10647,"12869,11298,7679,4163,9101,2957,1851,83,1558,4216"
10657,10657,"10326,12857,10594,8421,4798,10916,5303,717,275,6433"
10670,10670,"10326,4798,10594,10916,8421,275,4277,6433,4322,2291"
10679,10679,"11298,9730,9295,7120,12869,1244,1290,9101,10389,7679"
10680,10680,"4798,5303,8562,10326,13346,275,8483,2218,6220,3950"
10699,10699,"5495,4798,13346,6971,8413,10326,8562,5303,1230,4499"
10715,10715,"217,717,9105,4277,2158,12857,238,4798,10326,8483"
10720,10720,"3950,8413,4798,13346,12665,5303,8562,10326,8483,10916"
10735,10735,"8562,10326,6220,544,3950,9942,13346,4798,5495,6971"
10742,10742,"10326,12665,5303,8562,6220,544,4798,1286,6971,3950"
10744,10744,"8421,217,4798,4616,2580,7305,7166,7243,3659,837"
10747,10747,"10326,544,3950,10568,13346,12665,5303,10916,9693,4277"
10769,10769,"2343,9455,9693,10453,64,6839,1933,5199,4246,8891"
10795,10795,"4798,5303,275,10326,8562,2140,2218,6971,11000,10916"
10817,10817,"11298,1244,7120,1290,9295,9730,9101,10607,9962,789"
10819,10819,"10326,5303,13346,12665,8483,7679,5461,6971,4798,275"
10828,10828,"10326,6220,3428,5303,544,275,4798,12665,8562,3950"
10860,10860,"5303,8562,4798,3950,10916,12857,13346,8413,3428,2789"
10868,10868,"9693,11298,9101,2343,9730,7679,2537,2989,544,4890"
10895,10895,"4798,13346,10916,12857,8562,10326,6433,6326,13249,8413"
10900,10900,"10326,4798,5303,6971,10916,2140,275,8421,12857,8562"
10912,10912,"3464,7679,8315,2769,9101,9730,10009,11298,4798,12458"
10934,10934,"7120,1244,11298,10326,544,1290,9101,4798,2989,4929"
10947,10947,"5495,12470,10326,5303,5199,544,4798,6971,2903,5999"
10950,10950,"10326,4798,6433,12857,10916,5126,5303,10594,6971,8421"
10964,10964,"1244,11298,7120,1290,9101,9962,2989,12869,3697,10607"
10965,10965,"8413,9942,5495,12136,8681,1681,7715,12099,9203,11772"
10968,10968,"10326,544,5303,217,50,2218,350,13249,4277,4798"
10972,10972,"4798,10916,13346,3950,5303,12857,8562,8421,275,12665"
10975,10975,"10326,4277,4798,6433,13375,544,8510,9306,10093,7464"
11028,11028,"4798,10326,9942,8562,3950,3428,13346,13249,4277,5303"
11030,11030,"11298,9101,544,6220,12665,2989,1290,2411,7120,10326"
11044,11044,"10326,544,2343,6220,89,9101,9693,8681,12665,5303"
11048,11048,"3950,4798,2905,12857,10326,13346,10916,2140,9101,11572"
11065,11065,"5303,9295,7120,1290,6971,4798,6220,544,8562,1747"
11085,11085,"1244,9962,1290,7120,11298,5135,789,9405,3697,9101"
11088,11088,"8562,4798,13346,5303,6971,10326,8981,4698,9937,5149"
11100,11100,"11298,9101,1244,7120,1290,9730,12869,2989,12665,544"
11102,11102,"4798,8483,3950,8562,8413,10326,12857,13346,10916,2411"
11105,11105,"9693,2343,6795,5199,2903,1244,544,5532,9101,10835"
11107,11107,"8562,10326,4798,3950,13346,10916,6220,9942,8421,12665"
11109,11109,"7120,1290,544,1863,9101,10429,4798,10326,1487,6220"
11120,11120,"7120,11298,1244,1290,9101,4929,9295,9730,544,3697"
11121,11121,"8562,3950,4798,10326,13346,5303,10916,6220,12665,13249"
11133,11133,"8911,6307,6659,2034,9101,4798,10326,10974,544,8483"
11149,11149,"10326,12857,9942,4798,9404,8413,5303,13249,6433,2140"
11152,11152,"11298,7120,9730,1290,1244,2989,7679,9101,4664,12869"
11160,11160,"13346,9942,275,3950,4798,5303,8546,3428,8483,64"
11163,11163,"10326,4798,12665,275,8562,3950,13346,544,6220,8483"
11168,11168,"7063,7445,9101,5970,4798,2291,8675,10326,3769,544"
11193,11193,"5303,6220,275,544,12793,11000,4798,9863,4976,1978"
11200,11200,"9942,3428,5495,12470,6220,8562,6659,3950,13110,5184"
11210,11210,"7120,1290,4929,6971,10663,4798,3697,9101,12030,6243"
11215,11215,"10326,10916,10594,8421,13259,12857,5199,4798,8562,13249"
11219,11219,"7120,1290,9962,4929,3697,1244,9101,9405,5135,4798"
11243,11243,"2140,4798,10326,4877,9101,2291,50,544,6588,9865"
11253,11253,"9101,7120,11298,2989,544,1244,1290,12869,9730,4929"
11261,11261,"6220,5303,8413,3870,3428,9942,5545,1286,10326,12470"
11280,11280,"9693,2343,5532,544,6795,4388,5199,9101,3909,12398"
11285,11285,"1290,1244,7120,11298,9101,11117,9962,8302,789,12665"
11309,11309,"3950,8562,8413,10326,12665,13346,6220,6326,9942,5495"
11312,11312,"9404,3950,5495,6971,9942,8413,12665,12470,1746,11431"
11314,11314,"717,2343,10326,64,350,8421,9693,10916,8483,4277"
11325,11325,"4798,10326,544,8562,2343,6433,13346,4277,9693,275"
11327,11327,"5303,6220,8562,4798,10326,5495,8981,9942,544,7707"
11359,11359,"10326,4798,275,9942,544,13346,12665,6971,89,5303"
11366,11366,"11554,1371,9289,9491,11484,8315,6377,9101,9730,5494"
11368,11368,"11298,9101,7120,1244,1290,7679,2989,9295,12869,9730"
11371,11371,"5495,10326,13346,5199,6326,89,13112,4798,8562,7539"
11376,11376,"544,217,2218,2989,4798,9693,9101,8562,8421,4277"
11377,11377,"4798,10326,8562,5303,13346,10916,8483,12857,6433,6326"
11383,11383,"4798,5303,10326,275,8413,6971,8562,544,5461,12857"
11416,11416,"1328,10326,7480,1221,4798,6659,9101,4072,8092,1261"
11444,11444,"10326,9101,1244,1290,4798,11298,12665,5303,4277,4929"
11445,11445,"4798,10326,8562,544,10916,217,4277,717,6433,350"
11448,11448,"9693,544,6795,9101,2537,10326,12665,64,1220,13346"
11469,11469,"6971,725,12451,6796,4308,10326,273,13097,6373,13162"
11487,11487,"544,7120,2343,9693,4929,9101,7679,2989,11298,6220"
11492,11492,"5303,5495,4798,6220,12470,275,9693,8413,8562,2343"
11503,11503,"544,6659,10453,6220,10326,5495,5303,4277,4798,1404"
11504,11504,"2903,6270,9275,1943,4956,2127,36,9351,11772,9101"
11515,11515,"10326,4798,9942,3950,13346,8562,6220,4277,217,10916"
11547,11547,"10326,12665,4798,13346,3950,9942,5303,9693,6220,5199"
11552,11552,"10326,4798,2343,12665,3950,544,6220,13346,9693,8562"
11567,11567,"10326,4798,8562,3950,6220,12857,217,13346,717,9942"
11581,11581,"10326,544,4798,5303,9942,275,12857,12665,10916,8562"
11589,11589,"11298,7120,9101,1290,12869,1244,9730,2989,9962,544"
11591,11591,"12665,11298,89,4654,9101,9942,10137,7120,576,544"
11595,11595,"7120,11298,1290,9295,1244,9962,9101,5135,9730,4798"
11604,11604,"544,4798,10326,275,7120,6971,1290,9072,6220,2218"
11608,11608,"10326,8562,12665,4798,6220,5303,3950,13346,8483,544"
11627,11627,"8562,3950,13346,4798,2218,8483,6220,10326,8421,5303"
11646,11646,"5495,8562,8413,12665,3428,3950,6220,4798,8188,1286"
11647,11647,"4798,10326,5303,8483,6220,275,6971,10916,6383,4277"
11675,11675,"5303,10326,13408,2140,2343,3950,9693,4798,5495,6971"
11676,11676,"7120,11298,1244,1290,9101,12869,9295,4929,9962,9730"
11696,11696,"10326,5495,4798,13408,544,7063,13214,7383,12871,12470"
11700,11700,"8562,11912,7332,7772,10868,10326,10337,12424,9101,544"
11722,11722,"7120,1290,6971,1244,9295,544,6220,5303,4798,9101"
11754,11754,"7679,12665,3950,13408,5676,544,10326,6220,9942,13254"
11757,11757,"13408,2343,9693,10326,89,1220,13346,9942,931,5495"
11767,11767,"12665,12757,8562,8235,5875,7024,9101,4798,9458,10326"
11773,11773,"10326,4798,6220,8562,8421,5303,6383,8483,10916,1328"
11777,11777,"9942,4798,3950,8562,6220,13346,13110,3428,5545,10326"
11778,11778,"9101,7120,11298,1290,12869,1244,7669,9730,7679,4163"
11788,11788,"7120,1290,11298,9730,9101,9295,3697,2989,4798,9962"
11790,11790,"7120,1290,10326,4929,4798,10663,9101,4955,1244,544"
11811,11811,"7120,1244,1290,11298,9101,4929,9295,9730,10663,3697"
11837,11837,"7120,1244,11298,1290,9101,4664,7679,4929,544,3697"
11859,11859,"13346,8413,8483,8235,4798,10326,3950,6302,12665,9101"
11865,11865,"10429,544,9689,9083,7725,9101,4798,10326,6220,5495"
11867,11867,"8562,3950,4798,5495,6220,8483,12470,8413,9404,5642"
11871,11871,"544,5303,11298,7120,2218,1290,9730,13408,9101,11969"
11879,11879,"7120,1244,11298,9101,9730,544,10663,3697,10607,7679"
11880,11880,"10326,4798,4277,8483,717,8421,8562,10916,5303,10594"
11908,11908,"5495,4798,5303,275,2140,10326,8922,5199,9693,6971"
11912,11912,"5303,275,4798,10326,6971,8794,9101,11194,8235,8205"
11925,11925,"717,13346,64,10326,4277,8421,4798,2343,9693,3950"
11933,11933,"8413,1862,8562,6220,5676,8188,6659,8681,5545,10429"
11945,11945,"10429,1863,5976,544,9101,8981,10802,589,4798,10326"
11948,11948,"4798,8562,5461,3950,10326,5495,13249,10916,13346,8333"
11952,11952,"5303,10326,4798,8483,4315,8421,9101,10608,5497,9338"
11957,11957,"4469,9190,4798,8302,62,9101,4514,10326,11515,544"
11959,11959,"4798,10326,9942,50,3428,12857,2343,5495,8562,4277"
11967,11967,"8562,2218,8413,6220,1286,3950,8235,12665,8188,4798"
11969,11969,"9101,5069,1421,11939,2580,414,4798,7851,10326,6363"
11970,11970,"6220,8562,3428,12470,544,13306,10326,5642,4277,9942"
11975,11975,"10326,6220,12665,9942,3950,4798,3428,8562,5545,8413"
11995,11995,"8562,3950,12665,9404,6220,1323,5199,9942,4798,13346"
12002,12002,"11298,7120,2989,1244,1290,544,9730,12869,7679,4664"
12022,12022,"7120,1290,12869,9101,11298,9962,1244,789,7669,9730"
12032,12032,"6659,9375,1213,8911,11484,9101,6307,10326,4798,5495"
12036,12036,"9101,1244,7120,1290,544,9730,2989,7679,6288,3148"
12066,12066,"9693,4798,2343,275,4277,9455,12665,9093,8483,544"
12077,12077,"7120,1290,4929,9962,1244,3697,9101,11298,789,9295"
12078,12078,"4798,10326,5303,4277,8483,717,10916,11000,8421,31"
12084,12084,"4798,5303,8562,10326,6971,275,12665,2140,13346,8413"
12089,12089,"8562,8413,5303,4798,10326,3950,6220,8483,6971,13346"
12106,12106,"10326,2989,4798,12869,6220,11298,11969,4277,5303,1244"
12107,12107,"12665,8562,8188,8413,13346,558,5495,3950,8483,2759"
12111,12111,"275,12665,13346,10326,3950,4798,5303,8562,6220,9942"
12131,12131,"4798,10326,5303,8413,275,8562,10916,2140,9942,8483"
12139,12139,"4798,9693,13346,8562,10326,5126,2537,3870,10916,6795"
12141,12141,"6220,5495,8188,6659,13346,722,13437,544,9693,8358"
12144,12144,"1244,11298,7120,1290,9101,544,5135,12869,9730,13309"
12150,12150,"8413,6220,8562,3950,4798,9942,6659,5303,3870,12665"
12151,12151,"10326,12665,544,4798,6220,4277,217,9455,717,8483"
12162,12162,"3950,9182,3525,3980,997,5992,4798,5495,13315,9101"
12170,12170,"1371,4163,9730,4940,401,9101,11554,7349,2709,7679"
12182,12182,"544,5303,9693,5495,1290,7120,5199,2903,275,13408"
12185,12185,"10326,4798,5303,8483,6220,5495,8562,13346,13249,10916"
12191,12191,"10326,5303,10594,12857,5495,6433,3950,8562,4798,6220"
12197,12197,"9693,2343,544,6795,5999,5303,5532,11357,5199,2903"
12204,12204,"11298,7120,2989,1290,9730,9295,1244,9101,12869,3464"
12229,12229,"9693,544,2343,6220,4798,8562,10326,5303,12665,3950"
12231,12231,"544,11298,7120,9101,1290,9730,1244,2989,7679,12869"
12234,12234,"10429,1863,5976,6220,544,9101,8562,10326,4798,5495"
12238,12238,"4798,10326,8562,5303,13346,5495,6220,12665,6971,2218"
12242,12242,"4798,8562,217,5303,13346,3950,10326,10916,12857,8413"
12260,12260,"10326,10916,13346,8562,12857,8421,13249,6220,217,8483"
12262,12262,"5495,5199,9693,5532,2343,5303,2903,4117,8413,544"
12281,12281,"10326,5303,5495,6220,8562,8483,4798,275,12665,8188"
12289,12289,"9693,6795,10326,4798,64,544,2537,9942,8562,5495"
12306,12306,"8562,3950,4798,10916,6971,12857,5495,5303,10326,2140"
12326,12326,"4798,10326,7824,8022,10506,8483,3506,9101,9738,12138"
12337,12337,"4798,8562,3950,9693,2343,8413,13346,6220,2140,12665"
12355,12355,"544,7120,9101,1244,11298,7679,1290,2989,10326,12869"
12371,12371,"4798,3950,10326,2343,6220,3870,3428,2218,5545,9942"
12372,12372,"12665,5875,8235,7024,12662,4715,9101,4798,12628,2145"
12373,12373,"4798,10326,1328,4277,8421,350,12857,8562,2158,6433"
12390,12390,"7120,4929,10663,544,9101,4798,6243,7637,2916,10326"
12405,12405,"9693,2343,10326,544,6795,9101,5495,5532,4388,4798"
12407,12407,"8703,7637,9101,4798,10326,544,9730,6043,5495,2020"
12408,12408,"9942,544,5676,5461,5495,8413,6220,3870,89,12665"
12419,12419,"6659,11484,275,8590,5676,4798,5303,9101,10326,9730"
12423,12423,"8276,5495,12111,9101,4798,8483,10326,12321,544,2273"
12426,12426,"7120,9101,11298,544,1244,9730,4929,12869,12665,2989"
12452,12452,"4798,10326,6659,13346,8421,8562,1328,8483,8590,217"
12480,12480,"9101,7679,544,11298,12869,2989,1244,4664,9730,10137"
12530,12530,"5303,4798,10326,8562,9942,8981,8413,5495,7637,9101"
12546,12546,"4798,10326,6971,2343,8562,9693,5303,8703,9101,7637"
12556,12556,"7120,1244,9101,9730,1290,2989,4929,9295,544,7679"
12573,12573,"8413,5303,2218,5495,3428,9942,10326,5545,4181,4798"
12592,12592,"10326,4798,8562,9693,13346,9942,6220,3950,3428,6433"
12596,12596,"10326,8562,13346,4798,3950,4277,10916,8483,12857,6220"
12599,12599,"7120,11298,1244,1290,9295,9101,544,2989,4929,12869"
12615,12615,"544,9101,11298,1244,2989,7679,4163,9730,3570,11024"
12618,12618,"9942,3428,3950,5676,544,8562,13306,6659,10453,13110"
12624,12624,"4798,10326,12665,8562,13346,3950,6220,4277,275,8483"
12638,12638,"9693,2343,861,9404,5199,10835,8018,782,796,6220"
12641,12641,"544,5199,9693,5495,2411,10326,4798,2343,5532,3950"
12644,12644,"9101,7120,1290,544,4929,2989,9693,9295,9730,12869"
12649,12649,"4798,8703,10326,7637,1290,9101,7120,7713,6971,5549"
12654,12654,"8413,5495,8562,275,4798,50,12470,2218,10326,5303"
12658,12658,"10326,4798,6433,10568,2218,9072,1889,13249,544,217"
12659,12659,"544,10326,7120,4798,9101,12665,1244,11298,5303,89"
12666,12666,"9693,4798,8562,13346,10326,3428,6795,717,8421,2537"
12669,12669,"12665,12507,13401,6588,4609,9101,10326,5495,4798,11542"
12674,12674,"8413,10326,6220,5303,4798,12665,2218,3870,5495,8562"
12688,12688,"9453,1377,10326,9101,4798,8483,5495,544,8149,9730"
12694,12694,"8413,6220,9942,544,3950,5495,13110,2218,3428,5545"
12709,12709,"10326,4798,5303,4277,275,13346,6433,10916,8421,8562"
12712,12712,"5875,7024,8235,12662,10023,8570,12253,9101,12665,4798"
12722,12722,"7679,12869,9101,11554,11298,4163,1371,9730,6288,6299"
12728,12728,"8188,8562,8981,5495,9101,4798,10326,8413,6892,544"
12732,12732,"5532,2343,9693,5199,3909,2443,9101,9132,4798,10326"
12736,12736,"10326,4798,8562,4277,6433,10916,10594,12857,350,8421"
12738,12738,"4798,10326,8562,3950,10916,4277,12857,544,2343,6220"
12741,12741,"10326,9942,3428,12470,3950,5495,8562,8421,2218,217"
12756,12756,"12470,8413,13408,12099,3428,4798,9101,12665,10326,3545"
12764,12764,"275,10326,6220,5303,544,2343,12665,4798,3950,3428"
12768,12768,"12665,9693,6971,3950,2343,4798,10326,89,275,6220"
12773,12773,"4798,8562,10326,12857,275,5303,8413,6326,844,3950"
12789,12789,"4798,10326,10916,5303,13346,8562,8421,5495,12665,4277"
12790,12790,"11298,1290,9101,4929,9295,13408,3697,10663,10326,1244"
12801,12801,"5495,1862,1286,12470,5532,13112,5303,7922,9519,8279"
12804,12804,"1290,4929,1244,12869,10663,3697,9101,9962,9295,6243"
12833,12833,"8483,5303,8562,10326,6220,3950,50,5642,13346,4798"
12846,12846,"4798,10326,3950,10916,13346,12857,5495,6433,13249,5676"
12855,12855,"10326,5495,2343,8562,9693,4798,11774,544,6914,9101"
12860,12860,"8562,4798,5303,3950,10326,10568,10916,9404,6971,2140"
12874,12874,"10326,4798,8562,10916,3950,13346,6326,8421,5642,12665"
12875,12875,"13346,5495,8562,3950,5199,5461,7547,4798,5999,2411"
12877,12877,"6659,2218,6220,5545,1118,8188,1286,9899,1355,9101"
12883,12883,"5495,12470,8413,5303,12668,2218,3950,1037,9942,3545"
12890,12890,"8703,7637,4798,9668,10332,9101,9954,10326,13228,2847"
12919,12919,"7120,1290,4929,9295,1244,10663,9101,12030,11298,3697"
12927,12927,"1290,9101,1863,544,1244,6220,10429,7120,5495,9942"
12955,12955,"5495,12470,6971,10326,8205,4798,8562,3950,2343,8483"
12956,12956,"844,7715,1583,8562,4568,4798,9101,8929,8053,10326"
12958,12958,"10326,9771,275,4798,7439,5747,9101,2291,9942,544"
12965,12965,"12470,217,5495,12857,3428,544,8483,9340,10568,1404"
12970,12970,"10326,6220,3950,8562,3428,5303,13249,4798,12665,2218"
12996,12996,"9693,2343,6795,2537,6971,8483,5199,6834,5495,13346"
13000,13000,"8562,3950,6220,9942,4798,8413,13346,3428,3870,12665"
13017,13017,"544,2989,11298,9101,7679,9730,1244,9693,4576,12655"
13019,13019,"10326,8562,10916,8483,5303,4277,12857,3950,6433,13249"
13021,13021,"8562,8413,10916,8188,4413,4798,9101,12606,10326,7707"
13022,13022,"10326,4798,8562,4277,2218,6220,544,5303,2140,6433"
13063,13063,"8413,5303,4798,1862,8188,8562,9942,1286,2218,13346"
13075,13075,"544,12869,4798,8205,275,2602,2291,9101,9942,10326"
13076,13076,"3950,2343,13315,5495,10326,13346,4798,9693,9404,2218"
13101,13101,"4798,10326,3950,5495,9072,13346,2140,5199,544,9942"
13105,13105,"11298,7120,9730,9101,12869,1290,1244,544,9295,4664"
13115,13115,"10326,12665,544,9942,5303,6971,6220,9101,275,89"
13117,13117,"6220,5303,4798,1290,7120,544,9519,12665,8681,10326"
13121,13121,"4798,3950,5303,8413,8562,10326,12857,5642,13346,10916"
13123,13123,"544,9101,11298,2343,7120,2989,1244,1290,12665,9730"
13125,13125,"4798,8413,12857,10326,8562,50,2199,6220,6395,4323"
13147,13147,"4798,10326,8483,13346,8562,10916,217,6433,717,3950"
13151,13151,"8562,8413,13375,5303,10326,12470,6302,4798,9072,13346"
13153,13153,"10326,4798,8562,4277,10916,6433,717,13346,5303,8483"
13176,13176,"544,11298,12869,1290,7120,9730,1244,7679,4163,10137"
13180,13180,"8562,6220,9942,3428,10326,3950,5303,4798,13110,8413"
13192,13192,"6659,3870,1328,8562,5495,10326,4798,8413,9942,12470"
13194,13194,"3950,4602,12665,4715,8235,5875,931,7024,9101,4798"
13195,13195,"5303,50,8562,10326,4798,1978,217,4277,11000,275"
13198,13198,"5303,8483,10326,10568,4798,8421,12857,9340,10594,4277"
13231,13231,"8562,3950,4798,9942,6971,13346,12665,5642,8413,10326"
13234,13234,"7120,1290,4929,9962,9295,3697,13309,789,9101,12030"
13240,13240,"544,7120,9101,11298,10326,2989,9730,12869,4798,9072"
13273,13273,"3950,5303,12665,8413,6220,5495,10326,9942,2218,13346"
13276,13276,"3950,13346,8562,6220,9942,3428,8413,1323,5495,4602"
13283,13283,"10326,8421,717,4798,10594,2140,1912,8161,1180,12404"
13297,13297,"13346,8483,275,1286,10326,4798,12665,8413,3950,8562"
13301,13301,"8413,4798,5303,13346,8562,5461,6220,10326,1747,8483"
13303,13303,"5495,8483,12665,8413,8562,12857,10869,3950,12470,2218"
13321,13321,"11298,1290,7120,9295,9730,2989,1244,9101,3697,4798"
13330,13330,"1863,4798,8703,10326,2855,7637,5966,9101,5631,5149"
13338,13338,"11298,7120,9295,1290,1244,9962,9730,9101,12869,3464"
13380,13380,"10326,275,5303,4798,6971,2140,8562,9942,2218,3950"
13389,13389,"7120,1290,4929,1244,10663,11298,3697,9101,2916,12030"
13390,13390,"3950,9942,5532,8413,9693,4602,5461,12225,11439,13315"
13391,13391,"11298,12869,10326,9730,4798,544,9101,5303,6971,9072"
13401,13401,"8562,10326,4798,3950,544,13346,4277,50,12665,5495"
13403,13403,"89,10326,4482,9470,4798,9101,8221,8636,10550,6220"
13407,13407,"10326,544,4798,350,7120,8205,1290,4277,2140,9730"
13413,13413,"217,2140,10326,10594,4277,4798,7063,9598,9101,2861"
13414,13414,"9730,11298,2989,9101,7679,12869,4545,9295,3464,7669"
13446,13446,"4798,10326,5303,8562,8421,4277,13346,717,12857,10916"
13472,13472,"7679,11298,1290,7120,9101,544,12655,2989,1244,7047"
13488,13488,"4798,8562,5303,13346,3950,10326,10916,12665,5642,6326"
13502,13502,"11298,9101,544,2343,1290,9730,7679,1244,7120,2989"
13507,13507,"9730,11298,7120,9101,2989,1290,1244,544,12869,3464"
13512,13512,"4798,13346,8562,6659,3870,3950,10326,5676,844,12857"
13543,13543,"4798,10916,12665,5303,4277,8562,8483,8421,717,544"
13572,13572,"10326,4798,8562,544,5303,275,6433,717,3950,217"
13595,13595,"7120,1290,4929,1244,4798,8922,9295,9101,10326,6971"
13599,13599,"5495,3428,544,9942,3950,4798,10326,8562,12470,5199"
13608,13608,"9693,10326,5303,6795,12665,64,2537,4798,544,13346"
13609,13609,"350,10326,4798,9101,9999,7480,544,8483,9848,478"
13630,13630,"4798,3950,12665,10326,9942,275,2140,6220,13346,2218"
13635,13635,"10326,4798,5303,8421,2140,8562,8483,275,9340,7803"
13645,13645,"4798,3950,6220,8562,10326,275,8483,5303,8205,9942"
13673,13673,"5199,13346,9693,4798,13315,2343,8421,10326,9101,5495"
13683,13683,"9942,4798,5303,10326,6220,544,12665,3950,5495,9072"
13702,13702,"8413,6971,844,7715,89,2903,8235,11403,544,2218"
13716,13716,"4798,10326,8562,3950,12665,5303,6971,6220,2140,5199"
13724,13724,"9730,11298,9101,2989,544,12869,1244,4929,12655,4798"
13746,13746,"4798,10326,5303,12665,2343,6220,9693,8562,3950,544"
13752,13752,"8562,3870,5495,9942,10434,4413,9101,4798,3950,10566"
13756,13756,"7120,1290,4929,9962,789,5135,3697,13309,9101,9730"
13763,13763,"7120,1290,11298,1244,9295,9101,9962,9730,789,5135"
13774,13774,"10326,8562,544,6220,9942,5303,4798,6971,5545,8413"
13776,13776,"7120,9730,11298,1290,1244,9962,9101,3697,4929,5135"
13786,13786,"11298,1290,7120,1244,9962,9101,5135,789,3697,12869"
13788,13788,"4277,350,9453,6643,6305,10326,10707,8092,4072,9101"
13791,13791,"11298,7120,2989,1290,6971,1244,9730,9101,10389,12995"
13810,13810,"8562,10326,6220,9942,6326,5303,8483,12665,12857,9455"
13811,13811,"4798,10326,10916,8421,12857,8483,5303,217,9580,717"
13820,13820,"9942,11298,2989,10919,10526,9730,9962,9101,6554,13370"
13826,13826,"8483,9730,5495,714,3950,6433,12665,12470,6220,3428"
13840,13840,"2770,8092,9101,10326,4798,9453,10352,544,8483,9730"
13841,13841,"544,8562,217,4277,717,6220,13249,10916,13346,5303"
13852,13852,"9942,6220,3950,12665,89,12470,5495,5545,3428,3509"
13858,13858,"4798,7637,5549,10326,8981,4698,9101,5149,8413,544"
13865,13865,"9178,6659,1328,6383,10326,1210,8483,9375,2459,544"
13871,13871,"10326,4798,4277,5303,10594,717,544,6433,10916,217"
13877,13877,"4798,5461,2158,10326,6659,8562,275,5292,9101,9306"
13905,13905,"10326,4798,12857,10916,8562,8421,4277,12665,717,6433"
13924,13924,"7120,9101,11298,544,9730,4929,12869,9295,7679,2989"
13929,13929,"10326,4798,5303,10916,4277,8421,9072,2140,544,8562"
13935,13935,"8562,8413,10916,3950,9693,3428,5676,5495,5303,10326"
13952,13952,"11298,7120,1244,1290,9101,12869,4929,2989,9730,9295"
13953,13953,"10326,275,6591,4798,6971,9101,1290,7120,9295,7578"
13962,13962,"10326,4798,8562,10916,3950,4277,717,544,8421,5303"
13965,13965,"8413,5495,6659,89,7983,9942,8235,9101,4798,12665"
13966,13966,"10326,10594,8421,12857,4798,11754,13346,10916,9101,4957"
13974,13974,"11298,9101,7679,1244,7120,2989,1290,544,12869,9730"
13982,13982,"7120,1290,11298,89,1244,9101,4929,544,6971,9730"
13983,13983,"5461,2903,5199,8413,13315,13112,4117,5495,5999,11357"
13987,13987,"10326,3950,8483,4798,6220,3428,717,8421,12857,5303"
13988,13988,"10326,544,7120,9101,1290,9730,275,4798,9693,7679"
13991,13991,"4798,10326,13346,3950,8483,12857,5303,10916,8413,6326"
13995,13995,"3950,5495,3428,8562,5199,6302,12665,1323,5642,4602"
13998,13998,"10326,4798,5303,2140,10916,275,6971,5495,12665,8562"
14021,14021,"6220,3428,8562,13110,5545,13306,13296,3950,4798,5461"
14028,14028,"9693,2343,544,5199,6383,10326,4277,13315,5461,2903"
14042,14042,"9942,6659,12665,6220,10453,275,2218,8413,50,3870"
14049,14049,"8703,7637,4205,9101,4798,10332,10326,9954,544,13228"
14060,14060,"8562,6220,3950,3428,13346,5199,9942,12665,8483,3870"
14061,14061,"8562,8413,3950,9984,4559,9107,9101,4798,544,10326"
14067,14067,"1863,10429,544,9693,6220,9101,5976,779,8188,4798"
14079,14079,"4798,5303,544,275,12665,9693,7120,6220,1290,6971"
14089,14089,"544,350,4798,217,4277,5495,5303,10326,275,6220"
14097,14097,"4798,5303,10326,275,544,4277,350,2140,1889,12857"
14105,14105,"7679,3464,7669,11298,12869,9101,4163,9730,4216,2957"
14147,14147,"4798,2140,9942,8413,7063,3950,8483,10506,3064,13315"
14155,14155,"4798,8562,8413,3950,9942,6220,13346,3870,5303,5495"
14168,14168,"10326,4798,5303,12857,10916,4277,8421,217,544,6433"
14170,14170,"10326,8562,5495,544,2343,6383,5303,9693,5676,11118"
14173,14173,"544,2989,9101,3428,7679,9942,11298,13306,3464,4576"
14174,14174,"8562,10326,6220,3950,13346,10916,3870,4798,11540,5676"
14196,14196,"8413,4798,8562,9693,9942,13346,8205,12665,13375,5303"
14197,14197,"9730,8483,9340,5250,10326,4798,9101,3495,3772,5303"
14202,14202,"7120,9101,11298,1244,4929,544,9962,12869,12665,9730"
14204,14204,"9306,6648,2300,9101,4798,8703,10326,13214,10776,383"
14215,14215,"4798,2343,810,544,9693,6795,6220,8483,1574,10326"
14242,14242,"10326,4798,717,8562,4277,8421,3950,10916,5303,217"
14244,14244,"10326,4798,8562,12665,9942,275,6220,5303,13249,13346"
14249,14249,"7120,1290,3697,4929,9101,1750,9730,4798,11117,9295"
14250,14250,"9738,3285,8452,4531,9101,4798,11199,12998,10326,5939"
14256,14256,"10326,4798,5303,4277,717,10916,8421,12857,8483,10594"
14258,14258,"7679,11298,4664,7258,9730,8714,4890,9101,7375,4536"
14280,14280,"5303,4798,8483,6302,5199,10326,8562,8413,5495,8205"
14318,14318,"544,7120,11298,1244,9101,2989,6220,10326,6971,89"
14325,14325,"10326,1328,350,6659,8421,6383,10891,8092,9453,8562"
14328,14328,"10326,4798,1290,4929,6971,8562,5303,8590,8483,544"
14329,14329,"13346,3870,5495,8333,9942,8562,8681,4457,5474,3775"
14344,14344,"8562,10326,5303,4798,8413,3950,6971,5495,2140,275"
14366,14366,"7120,1290,4929,12030,1244,10663,9101,3697,4798,11651"
14421,14421,"7120,11298,1290,3464,9730,9962,7679,1244,5135,3697"
14430,14430,"10326,4798,717,4277,5303,8421,217,2140,544,6433"
14435,14435,"275,4654,8413,4413,10171,9101,6925,4490,4798,10326"
14472,14472,"4798,10326,275,544,2218,5199,89,5495,2903,12665"
14501,14501,"4798,12665,6220,8562,12857,10326,6971,5303,2218,8413"
14509,14509,"4798,8483,5303,6971,13346,275,12665,10326,5875,3950"
14516,14516,"8562,4798,8188,2218,6220,8981,5303,10326,275,8681"
14521,14521,"10326,4798,5303,3950,5495,8562,6433,5199,13346,2218"
14553,14553,"5495,5303,4798,5149,8562,7637,10326,544,9101,1487"
14561,14561,"12665,3950,6220,8562,5545,13346,3428,9942,4413,3870"
14562,14562,"5495,5303,9942,12470,12665,13346,89,5676,3950,4798"
14567,14567,"5461,2140,4798,5303,9942,10326,1220,12589,3143,13090"
14575,14575,"544,7120,1290,9519,4798,9846,11298,2899,12511,9490"
14581,14581,"544,5303,9693,275,2343,5199,13346,5532,8562,10326"
14627,14627,"6971,89,1290,12665,8235,8922,4798,7120,9101,10326"
14634,14634,"6220,9942,3428,544,7359,6659,5184,13110,3950,8188"
14651,14651,"5303,4798,10326,275,5495,10916,8922,13346,544,2140"
14659,14659,"5199,2343,4798,5999,13346,8483,9693,10326,11357,13058"
14670,14670,"10326,4798,12665,217,8421,5495,9455,10916,717,8483"
14684,14684,"6220,8562,544,10429,1863,5495,4798,3428,12723,9101"
14691,14691,"4798,9730,275,13346,8483,8922,10326,8413,9101,8562"
14695,14695,"12665,5303,1290,8413,7120,4798,6971,2218,9942,89"
14705,14705,"10326,8562,4798,4277,10916,717,1328,12857,217,12665"
14711,14711,"1290,7120,10326,4929,544,4798,9101,7491,13408,4277"
14723,14723,"4798,3950,10326,8483,8562,13346,12035,12857,8413,11639"
14739,14739,"9730,11298,9101,2989,7120,1244,9295,12869,10389,1290"
14740,14740,"10326,4798,5303,275,8562,6971,12857,544,10916,2140"
14743,14743,"5495,5303,4798,12668,5199,12470,5532,10326,976,8483"
14747,14747,"10326,544,4798,8562,4277,5303,6383,350,8421,717"
14748,14748,"9942,8413,89,12665,6220,8681,5676,4602,844,13249"
14764,14764,"1290,8333,6383,4798,7120,8483,4929,2585,7184,12113"
14771,14771,"544,5495,9693,9942,6220,2989,10429,11298,9101,4664"
14780,14780,"4798,10326,4277,217,717,8421,6220,12857,9340,8562"
14784,14784,"4798,10326,5303,12857,350,544,6433,8421,2140,4277"
14785,14785,"9942,13110,3428,10916,13306,9042,9917,1496,6742,9800"
14798,14798,"2343,9693,1323,6839,9532,12665,11603,6795,10835,13315"
14801,14801,"544,10326,9942,4798,12665,5303,6220,2343,9693,4277"
14803,14803,"10326,4798,5303,275,544,9942,4277,6220,13346,2411"
14821,14821,"4798,5303,275,10326,13249,544,10916,12857,4277,9072"
14832,14832,"4798,10326,5495,8562,544,9693,5199,5303,6971,2343"
14833,14833,"3950,4798,9942,10326,13346,3428,6220,5303,8562,9404"
14853,14853,"4798,12665,8562,7792,9942,544,5303,13346,9101,1775"
14854,14854,"13249,8562,6220,8483,10326,4798,5303,13346,3950,12857"
14856,14856,"544,12665,9942,6220,8562,10326,5303,5495,3950,4798"
14858,14858,"10326,9519,3950,5199,4798,5532,275,12665,11357,2343"
14864,14864,"6724,9101,8984,4798,9306,3064,10326,3084,1784,9730"
14867,14867,"11298,9101,2989,1244,12665,7679,7120,1290,12655,10389"
14880,14880,"7679,11298,544,9101,2989,9730,12665,11918,1244,8978"
14890,14890,"8562,13346,6220,8205,5199,4798,12665,9942,10326,6971"
14892,14892,"10326,9693,4798,544,13346,12665,4277,6795,8562,6220"
14899,14899,"11298,12869,9101,1290,9730,1244,7679,7120,9962,4664"
14904,14904,"2343,9693,6795,89,12665,5495,9942,8413,2903,8235"
14906,14906,"11298,9295,1244,7120,12869,7679,9101,1290,3464,9730"
14909,14909,"4277,350,5303,9340,6383,8483,50,717,544,10326"
14929,14929,"8562,4798,5303,6220,3950,5545,4698,10326,5495,9942"
14931,14931,"6220,1863,10429,7707,4798,9101,544,2058,13296,10326"
14938,14938,"4798,10326,3950,8483,13249,8562,10916,12857,6220,5303"
14955,14955,"10326,4798,12665,3950,5303,13315,6220,2140,13346,544"
14961,14961,"3314,10326,9101,2936,5645,6659,4798,9212,544,8483"
14969,14969,"11298,9730,7120,1290,9101,7679,12869,9962,1244,5135"
14970,14970,"10326,4798,717,217,4277,10916,8421,6433,544,5303"
14977,14977,"12665,5495,3950,8562,5676,6220,9942,12470,3870,8681"
14991,14991,"4798,10326,5303,13346,12665,6220,3870,8562,275,3950"
14993,14993,"4798,2291,9306,7445,176,10326,9101,10462,2140,4262"
15009,15009,"4798,12857,8483,717,3950,13346,8562,10326,13249,8421"
15014,15014,"11298,9101,9693,2989,2343,1244,544,9730,7679,8978"
15028,15028,"7120,11298,1244,9101,4929,9730,9295,12869,3697,3464"
15029,15029,"717,8483,217,10326,10916,4798,8562,4277,13249,8421"
15030,15030,"5495,8413,8562,13346,9942,8681,4323,3428,13306,6220"
15033,15033,"4798,10326,2343,13346,10916,9693,6971,8562,12857,5303"
15052,15052,"544,4798,5303,717,8562,6433,10916,275,8421,350"
15062,15062,"4798,10326,13346,5303,10916,8421,13249,6326,9942,8562"
15074,15074,"9942,544,6220,9693,5303,8562,10326,5495,12665,2343"
15081,15081,"9693,13346,3950,5495,13110,10326,2343,4798,544,3428"
15082,15082,"4029,3563,9101,2436,4798,9994,10326,13209,5425,544"
15097,15097,"13346,4798,6971,10326,8562,9771,4877,9101,10916,2291"
15098,15098,"4798,10326,8562,5303,3950,13346,6220,275,12857,6971"
15107,15107,"7120,1290,1244,11298,4929,3697,9101,9295,10663,12030"
15113,15113,"10326,4798,8562,6659,275,350,3950,50,6220,13346"
15120,15120,"10326,4798,8562,3950,5303,6220,13346,10916,8483,6659"
15121,15121,"4798,10326,8562,12857,12665,3950,13346,10916,4277,6220"
15122,15122,"4798,10326,8562,5303,12857,3950,10916,13346,8413,6220"
15141,15141,"350,10326,4277,217,6383,4798,275,6659,8562,7275"
15143,15143,"4798,10326,6433,6220,10916,8562,4277,1863,8421,13346"
15148,15148,"5495,3950,64,13346,9693,2343,12665,5199,544,9942"
15164,15164,"10326,9942,6220,9693,12665,2343,5303,8562,11969,5495"
15165,15165,"9942,9101,6220,544,8562,8413,12665,3428,89,10326"
15175,15175,"10326,4798,10916,717,8483,275,8421,4277,5303,12857"
15186,15186,"1290,4929,9295,1244,11298,10663,9101,9730,5135,12030"
15189,15189,"10326,544,4798,6220,3950,217,5303,10916,4277,8562"
15200,15200,"10326,4798,544,5303,6220,4277,8562,9942,6971,10916"
15204,15204,"10326,8562,10916,4277,4798,13346,6220,2140,5610,9942"
15205,15205,"4798,7120,1290,544,2411,6971,13346,6220,8562,275"
15217,15217,"5199,4798,5303,8922,4266,8235,9101,5495,10326,8590"
15240,15240,"2989,12869,7679,1244,9730,9101,6288,11024,8978,7101"
15248,15248,"1863,6220,10429,5495,4798,8562,1290,9693,9101,7637"
15253,15253,"4798,10326,10916,8562,4277,5303,2343,2140,544,6433"
15256,15256,"544,4277,10326,4798,350,13346,2140,2158,1978,7138"
15260,15260,"10326,5303,4798,544,8562,8421,2343,3950,9693,13346"
15265,15265,"5495,12470,12092,11540,5199,1374,9101,4376,4798,8413"
15274,15274,"13130,5251,9101,3314,10326,4798,10233,4029,544,9730"
15275,15275,"4798,5303,2140,10326,7063,12665,9101,11609,13214,5495"
15282,15282,"4798,10326,8562,8483,2140,8205,5303,5495,9580,10916"
15294,15294,"2343,9693,6795,5532,2903,12665,5199,4798,4388,10326"
15304,15304,"11298,1244,7120,1290,9101,9730,9295,9962,2989,789"
15330,15330,"544,10326,9693,9101,2343,6220,275,11298,4798,11969"
15331,15331,"8562,12665,13346,3950,5495,6220,8188,1355,1323,3055"
15332,15332,"1244,11298,7679,7120,10389,9101,4798,10326,544,9730"
15339,15339,"6220,1863,10429,9942,8562,544,5976,9101,5545,4798"
15387,15387,"544,6220,1863,10429,9101,275,10326,8562,12665,5495"
15391,15391,"544,10326,275,12665,4798,6220,4277,8562,89,3950"
15396,15396,"4798,10326,13346,8562,6326,6220,12665,3870,8483,10916"
15397,15397,"6971,1286,5303,2218,13315,7715,3870,8413,5495,8562"
15421,15421,"4798,9306,2899,9693,9101,10326,383,6648,7383,10776"
15427,15427,"7120,7679,9730,1290,11298,9101,544,4929,1244,9295"
15434,15434,"544,11298,2989,1244,7120,1290,10429,1863,9693,9730"
15441,15441,"5495,275,10326,4798,12665,8562,2218,9942,1355,3870"
15444,15444,"275,5303,10326,4798,6971,6220,8413,12665,2218,9942"
15457,15457,"4798,8562,8483,3950,5303,6220,10326,13346,10916,8421"
15466,15466,"8562,717,217,13249,3950,11000,4798,5303,10326,10916"
15475,15475,"8413,12857,4798,13249,3950,5676,8483,10326,5495,275"
15483,15483,"11298,7679,9101,9295,9730,2989,7669,1290,12665,7120"
15487,15487,"8483,12665,8235,5875,89,7024,4798,9101,10326,12662"
15500,15500,"275,2140,7063,9771,4798,4877,10326,9101,7439,5495"
15511,15511,"6220,9942,2343,4798,9693,10326,12339,9532,2822,698"
15515,15515,"8562,3950,6220,4798,2218,10326,13346,8681,5545,89"
15519,15519,"4798,12665,8562,13346,6971,5303,275,844,8235,9942"
15534,15534,"9693,2343,8413,5303,2537,6834,4605,9101,9942,5495"
15545,15545,"11298,7120,9101,1290,12869,10137,2989,4576,1779,9295"
15553,15553,"9730,9693,7679,2343,544,2989,9101,12869,11298,4890"
15556,15556,"5495,8413,12470,8483,5303,8562,3950,2218,12099,6220"
15564,15564,"4798,13249,12857,10916,6433,13346,6326,3950,10326,7063"
15567,15567,"7120,1290,11298,7669,1244,12869,9101,9730,7679,4929"
15582,15582,"4798,12857,6433,8562,6326,10916,5676,217,10326,9602"
15585,15585,"10326,4798,5303,4277,717,8483,8421,12857,6433,8562"
15587,15587,"8562,8413,5303,3950,6220,5495,10916,13346,8483,10326"
15589,15589,"5303,8483,6971,4798,10326,275,2140,11000,8562,5495"
15590,15590,"9693,6795,5495,3428,2537,12665,64,13315,6834,5532"
15595,15595,"10326,3055,6522,11691,7526,6232,9101,10002,4798,7832"
15611,15611,"11298,1244,9101,9730,9295,3697,2916,12869,9962,7679"
15613,15613,"3950,13346,4798,9942,3428,10326,6220,12665,5495,8562"
15632,15632,"10326,8562,13346,5303,8483,12665,544,275,4277,6220"
15633,15633,"10326,544,5303,9072,350,4277,275,4798,13249,12665"
15639,15639,"4798,5303,8483,6971,10326,8421,3950,5495,10916,8413"
15648,15648,"10326,4798,717,217,10916,4277,544,8483,12857,6971"
15652,15652,"4798,10326,275,8483,9340,350,10916,6383,8205,8421"
15683,15683,"9942,6220,3428,8413,5545,8562,6659,8188,544,2218"
15688,15688,"9942,5495,8562,6220,3428,5676,3950,7359,5303,844"
15703,15703,"8413,9942,3950,4413,4798,8483,9101,8562,10340,10326"
15708,15708,"3950,2218,4213,2724,5879,6111,141,9101,2385,7395"
15714,15714,"4798,10326,8562,8483,10916,717,544,217,12857,3950"
15719,15719,"4798,10326,10916,4277,12857,6433,350,8562,10594,13346"
15727,15727,"8413,1230,844,8562,10326,12665,4798,9101,2199,8922"
15728,15728,"7120,1290,4929,12030,5573,4387,9101,4798,10663,10326"
15735,15735,"10326,4798,275,8562,8483,5303,4277,8421,12665,8590"
15736,15736,"5495,8562,31,3950,1328,1355,9942,4798,12665,5676"
15739,15739,"7120,1290,9295,6288,1244,2989,8978,9101,12869,9730"
15742,15742,"9942,4798,3950,8413,6220,10326,12857,89,8562,5303"
15764,15764,"350,50,9178,1978,8562,9234,4798,12226,6659,9101"
15773,15773,"10326,4798,5495,10916,13346,12857,2140,13249,8562,8413"
15774,15774,"7669,11298,7120,6591,9730,1290,12869,9295,9101,7287"
15786,15786,"11298,9101,9730,544,7120,1290,12903,7679,12869,12995"
15789,15789,"12857,4277,10326,9105,717,217,8421,8483,6433,350"
15796,15796,"9942,9693,2343,10326,6220,9072,3428,12665,544,3950"
15800,15800,"5495,8562,12470,12099,2218,8483,8413,12668,10326,9404"
15802,15802,"9101,7120,11298,1244,9730,1290,544,9295,9693,7679"
15812,15812,"10326,4798,5303,544,8562,4277,350,8421,10916,717"
15815,15815,"5303,3870,8503,11320,10154,10326,4798,544,12636,9101"
15828,15828,"8562,10326,6220,12665,13346,13249,8483,6433,6659,9942"
15831,15831,"11298,7679,1244,4664,7265,1779,9101,5495,10326,4798"
15840,15840,"10326,717,350,4277,275,9340,544,10594,217,2158"
15845,15845,"4798,8562,13346,10326,12857,3950,8413,10916,3870,9942"
15847,15847,"8413,2218,5495,5461,232,6220,10799,7485,9101,3361"
15856,15856,"4798,10326,8562,10916,12857,5303,8421,6971,13346,6326"
15861,15861,"12869,11298,4163,2957,9101,1558,9730,9962,4688,4216"
15862,15862,"7120,9101,11298,1290,1244,7679,9730,544,9962,12869"
15871,15871,"5495,8413,12470,8562,13315,8188,7707,1355,9101,2218"
15872,15872,"8562,3950,8413,8421,13346,10326,4798,5495,8205,3055"
15883,15883,"7120,11298,9295,1290,9101,1244,9730,2989,544,4929"
15886,15886,"1863,544,10429,2343,8562,5976,6220,9101,2327,5495"
15888,15888,"9942,12665,5303,544,6220,10326,3950,3428,6971,9072"
15898,15898,"4798,10326,4277,6220,8421,10916,8562,3870,13346,8483"
15919,15919,"4798,50,6795,10326,4416,64,8198,6326,12665,5495"
15922,15922,"7120,1290,11298,4929,3697,9295,1244,5135,9101,9730"
15931,15931,"544,9693,7120,5251,11315,10743,9101,10233,589,375"
15941,15941,"8562,6220,9942,8188,3950,5495,3428,10429,13315,1863"
15943,15943,"4798,10594,12857,10916,10326,8421,220,5303,8022,8161"
15956,15956,"10326,4798,8562,6220,3950,5303,275,12665,6971,13315"
15958,15958,"7120,544,1290,275,5303,4798,6220,89,10326,6971"
15960,15960,"8413,2343,5303,4798,10326,6795,9693,8483,810,50"
15973,15973,"11298,3222,9101,4890,4545,5979,12330,7605,6601,4798"
15977,15977,"7120,11298,1290,1244,9101,4929,9962,9295,9730,3697"
15994,15994,"8562,89,13110,7359,3950,4413,861,7723,10326,9101"
15995,15995,"7120,1290,1244,9730,11298,4929,9101,3697,9962,6971"
15996,15996,"6220,3950,13346,9942,10326,5545,9990,8562,4798,5303"
15999,15999,"6220,3950,4798,8483,2140,8562,220,11572,10006,237"
16060,16060,"4798,10326,7120,1290,5303,12665,6971,544,6220,8562"
16069,16069,"4798,3950,8483,217,717,13346,10326,13249,8413,2218"
16076,16076,"9101,11298,2989,544,9730,7120,1244,12869,1290,7679"
16085,16085,"12191,6383,10326,4798,5495,9101,7480,8483,544,8562"
16089,16089,"8562,4798,8703,9668,8922,10326,9101,7637,544,4698"
16097,16097,"10326,4798,544,4277,8562,10916,5303,10594,8421,13346"
16112,16112,"13315,6326,3950,13110,217,9942,544,12152,12857,3428"
16116,16116,"4798,10916,12857,8483,10326,717,9953,9101,8562,275"
16137,16137,"8483,275,4798,5303,10326,350,4277,6383,217,10916"
16150,16150,"717,3950,217,1328,8421,8483,7087,6528,6659,10326"
16174,16174,"3428,3950,8413,13110,9942,1325,4413,12575,9101,7723"
16176,16176,"8413,3950,1889,8562,5078,4173,11910,9101,11262,2903"
16210,16210,"7120,1290,4929,1244,11298,9962,9101,544,9730,10663"
16212,16212,"4798,10326,8562,3950,12665,13346,10916,5303,8483,12857"
16230,16230,"10326,4798,8562,5303,3950,9072,4277,6220,544,9942"
16245,16245,"10326,544,4277,4798,217,1328,6433,350,717,8562"
16293,16293,"8562,3950,4798,13346,6220,10326,13249,5303,12857,8413"
16299,16299,"7120,11298,1290,9295,9730,9101,7679,1244,3697,1779"
16300,16300,"10429,1863,7706,589,9101,11233,544,3542,4798,8188"
16303,16303,"10916,12857,8562,10326,3950,10869,2448,4798,10594,8205"
16305,16305,"11298,7120,89,12869,9101,1290,6971,275,2989,12665"
16314,16314,"4798,8562,10326,5303,4277,12857,6433,544,13346,13249"
16328,16328,"4798,12857,10326,8562,11540,652,3458,13346,2140,9101"
16340,16340,"9101,7120,11298,1290,544,1244,10326,9962,12869,2989"
16351,16351,"10326,9942,8483,1328,10869,544,3428,6659,717,5184"
16363,16363,"4798,5495,11969,10326,2343,9693,5303,6220,544,13346"
16376,16376,"4798,5303,6971,10326,7063,8413,2140,6433,8483,37"
16387,16387,"10916,4798,12857,6433,10326,8421,6326,9404,4277,13346"
16395,16395,"4798,10326,8562,6220,544,3428,5303,5545,3950,9942"
16414,16414,"8562,4798,810,6971,10326,6220,8413,5303,12665,3870"
16416,16416,"8413,7715,9454,9101,10506,8452,4798,5495,10326,3506"
16418,16418,"5303,10326,89,12665,6971,6220,9072,1286,5495,8205"
16471,16471,"11298,2989,7120,9101,1244,1290,544,9730,12655,12869"
16489,16489,"4798,8562,10326,8413,12857,3950,10916,6326,4413,5495"
16497,16497,"2343,9693,6795,5199,12665,5532,5303,9101,12470,10326"
16509,16509,"5303,2140,275,2218,544,8421,10326,810,7063,8562"
16510,16510,"9942,3950,13346,5303,8413,6220,2218,4798,12665,5545"
16521,16521,"11298,1244,9730,7120,9101,1290,2989,4664,7679,10389"
16524,16524,"9101,10352,12824,4798,10326,8540,544,840,8092,8483"
16582,16582,"5303,13408,7136,8483,3275,1926,544,5495,8413,9101"
16592,16592,"9693,2343,8562,6220,544,1290,10326,1863,8413,5303"
16604,16604,"11298,7120,7679,9101,9730,1290,12655,544,12869,2989"
16605,16605,"9101,11298,7120,1290,544,1244,12665,9730,9942,8978"
16617,16617,"11298,9101,7679,2989,9730,1244,12869,1290,7120,11024"
16622,16622,"11298,9101,2989,1244,7679,12869,9730,9156,4576,7120"
16624,16624,"6220,8562,3428,4798,10869,3950,8413,2140,7238,9101"
16628,16628,"3950,11484,8483,11406,6646,13380,4798,10326,2903,9101"
16633,16633,"7120,1290,1244,4929,11298,9101,544,6971,2989,4798"
16646,16646,"10429,8562,8981,544,5495,10326,9083,13269,9101,4798"
16651,16651,"10326,5495,13346,4798,8562,12857,50,13249,13408,6433"
16654,16654,"10326,4798,13346,8483,10916,8562,8421,5495,8413,6971"
16673,16673,"8562,5303,8413,9942,3950,4798,11000,12857,9072,8483"
16675,16675,"10326,4798,8562,13346,6220,9942,3950,8413,4277,12857"
16677,16677,"9693,6971,5303,2343,5199,4798,13315,12665,3950,5532"
16679,16679,"8413,275,13375,4798,5303,1889,11540,8562,1267,3738"
16686,16686,"11298,7120,9730,1290,1244,9101,9962,1779,544,1576"
16695,16695,"4798,10326,5303,3950,4277,12857,8562,8421,10594,10916"
16704,16704,"3428,8413,8562,3950,12153,13346,5676,275,9942,5495"
16709,16709,"12665,9942,13346,6220,5495,3950,1220,12470,5545,9693"
16773,16773,"4798,10326,8483,6433,5303,12857,4277,13346,6326,717"
16774,16774,"10326,8562,12857,1889,8421,3950,4798,13249,8483,11540"
16797,16797,"3950,3428,9942,6220,8562,13110,12665,8681,13306,13346"
16803,16803,"2140,7063,4798,6751,9101,8562,10326,4014,544,11871"
16804,16804,"4798,10326,10916,4277,13346,12857,5303,6433,3950,8483"
16806,16806,"8562,4798,544,6220,10326,5303,5495,12665,8188,2140"
16810,16810,"3950,9942,8413,3428,13346,12934,220,6220,8483,8562"
16836,16836,"6433,350,4277,10326,8793,6383,544,581,9423,717"
16844,16844,"5495,13306,4266,9101,8246,4798,10326,12470,11774,13271"
16861,16861,"1244,11298,12869,7120,1290,4163,9101,2957,7679,1558"
16875,16875,"4798,10326,5303,13346,8562,6971,8483,2218,2140,3950"
16936,16936,"4798,10326,13346,12857,3950,8562,10916,5303,8413,717"
16946,16946,"4798,217,10326,12857,5303,13346,717,3950,8562,10916"
16965,16965,"4798,10326,5303,3950,6220,275,13346,8562,2140,8421"
16987,16987,"4798,10326,5303,6971,8562,2140,275,12857,8421,8205"
16988,16988,"5875,6971,8922,12665,89,4798,7024,6529,2343,9101"
16989,16989,"8562,10326,4798,3950,6220,12665,5303,9942,8413,13346"
17007,17007,"10326,275,4798,6971,5303,9942,9602,8413,9668,8562"
17016,17016,"10326,4798,3950,6220,5461,10916,5495,8562,13346,9942"
17030,17030,"4798,10326,13408,6624,9101,2291,9744,2370,8483,6370"
17034,17034,"4798,10326,13346,8562,10916,3950,8483,4277,5303,12857"
17054,17054,"5303,12857,13346,4798,10326,10594,2140,10916,3458,5610"
17056,17056,"12857,4798,1328,10326,13346,8483,350,6383,9101,6326"
17084,17084,"10326,12665,5495,4798,5303,8413,2218,3950,544,8562"
17098,17098,"544,5495,5303,12470,275,10326,9101,12665,4277,2411"
17102,17102,"4798,10326,5303,6971,275,3950,2140,8205,8421,8590"
17109,17109,"3950,11572,1788,782,9101,9908,4798,10326,544,5495"
17112,17112,"544,4798,10326,275,7120,6971,6220,9072,2218,1290"
17119,17119,"4798,10326,6971,5303,2343,9942,9072,9101,6795,11000"
17124,17124,"5303,6220,10326,9942,8562,8413,2218,12665,5495,3950"
17141,17141,"4798,10326,544,6971,5303,9693,2343,5495,13346,5999"
17160,17160,"8483,7679,7669,4277,217,12665,9101,544,13408,12869"
17179,17179,"8483,8413,4798,3950,8562,13346,3870,2218,6220,12857"
17189,17189,"717,4277,217,6433,8421,9105,10326,544,3950,350"
17191,17191,"8562,8981,5495,8413,10326,5149,4798,9101,544,9730"
17194,17194,"8562,12857,5495,10326,8421,4798,11000,8483,544,9072"
17195,17195,"5199,5495,5532,2903,5999,9693,11357,4053,544,7547"
17200,17200,"11298,7120,9101,1290,2989,1244,544,7679,12869,10389"
17212,17212,"6220,3428,8413,3950,6659,10326,13306,5303,9404,13110"
17218,17218,"9693,2343,10326,5495,5199,544,6383,9404,12665,6220"
17232,17232,"8562,8413,217,3950,8483,50,717,12857,6326,6659"
17242,17242,"4798,10326,8562,10916,4277,12857,544,717,275,8483"
17255,17255,"8413,3950,8562,9942,6220,3428,4798,4413,9101,12665"
17262,17262,"11298,1244,7120,1290,9101,12869,7679,9730,2989,10607"
17275,17275,"8562,6220,12665,3950,13110,4798,5545,8413,5495,9942"
17276,17276,"4277,5303,6220,3950,8562,8483,13346,8421,4798,9234"
17278,17278,"1863,10429,9101,544,4250,7706,4798,9693,9083,589"
17283,17283,"10326,4798,8562,5303,544,9942,12665,6971,1220,6220"
17284,17284,"11000,8483,3282,10326,5495,8421,13346,5999,717,1978"
17295,17295,"544,10326,6220,4277,9942,6433,217,3428,2411,8421"
17298,17298,"544,11298,9101,2989,1244,1290,7120,7679,9730,12869"
17319,17319,"9942,3428,6220,8562,3950,10326,544,7359,4798,13306"
17320,17320,"9101,544,11298,7679,3148,1244,2989,8978,9730,10137"
17325,17325,"9693,12665,8483,13346,6795,544,10326,89,5303,4798"
17330,17330,"5875,7024,8235,9101,4798,10326,10963,13191,7856,1290"
17334,17334,"9101,2989,9730,7679,1244,12869,3704,9962,1290,7120"
17346,17346,"6220,9693,2343,8483,12665,9942,8562,4798,2237,13346"
17352,17352,"10326,5303,6971,3950,4798,10916,2218,9693,12665,9404"
17353,17353,"7120,1290,9962,4929,789,5135,1863,1244,6220,9101"
17396,17396,"10326,4798,8562,5303,8205,12857,6433,10916,8413,2140"
17408,17408,"544,10326,4798,5303,4277,8483,3950,12857,8421,810"
17414,17414,"8562,6220,3950,5303,6302,10326,5545,12665,9942,275"
17422,17422,"7679,4163,7889,7089,2957,10981,217,9101,12022,12262"
17424,17424,"10326,4798,4277,6383,8483,8092,8562,3950,8421,275"
17427,17427,"7120,9962,789,5135,2339,4929,9101,13027,13309,4798"
17432,17432,"8562,4798,217,10326,3950,13346,10916,8413,8421,6326"
17434,17434,"10326,5303,4798,6971,12857,1286,9404,1912,8483,2140"
17439,17439,"9942,8562,6220,12665,3428,4798,3950,8413,5495,10326"
17442,17442,"544,8562,6220,9942,5303,5495,10326,4798,2343,9693"
17449,17449,"4798,8562,10326,13346,3950,12665,9942,6326,8483,8413"
17472,17472,"9693,5461,5199,5495,12665,5532,544,10326,2905,12611"
17509,17509,"11298,9101,544,1244,7120,1290,2989,9295,9730,10389"
17522,17522,"9942,4413,89,931,8235,1742,4602,4798,3055,434"
17527,17527,"5303,10326,2140,4798,12857,1912,7063,2291,12369,12733"
17535,17535,"7120,7679,1290,11298,1244,9295,9730,9101,7342,2989"
17540,17540,"8562,4798,10326,3950,5303,2140,8421,7063,6433,4277"
17541,17541,"11298,9101,9730,1244,2989,1290,4929,7679,9295,4664"
17551,17551,"10326,5303,4798,11000,8562,31,8421,10916,8483,6220"
17564,17564,"10326,8421,4798,12857,8562,6311,717,6899,2815,9101"
17565,17565,"350,10326,12191,4798,9101,544,8483,5495,9730,6306"
17581,17581,"10326,8483,12857,10916,8562,4277,13346,4798,3950,8413"
17596,17596,"6220,275,89,6971,4277,10326,3950,5303,11000,8562"
17601,17601,"8413,3950,8562,4413,9942,4798,7723,9799,3870,3106"
17611,17611,"13346,275,9942,8562,8413,10916,10326,6220,5303,12665"
17612,17612,"10326,6659,217,1355,3428,8562,9942,4798,350,8421"
17620,17620,"8413,5495,8188,12665,1286,5199,3950,1355,6220,2343"
17627,17627,"9693,2343,6795,5495,13315,2537,5532,13408,6834,64"
17634,17634,"1863,8981,8562,9083,13269,10429,9101,5149,7706,4798"
17649,17649,"10326,8562,544,4798,4277,6220,350,3950,5303,13346"
17654,17654,"8562,3950,12665,13346,8092,2343,8483,4798,9105,8413"
17659,17659,"4798,10326,8562,8981,9668,9101,1863,7637,8483,5495"
17666,17666,"544,7120,1290,3950,6220,4929,12665,4798,9101,11298"
17674,17674,"11000,8483,4798,5495,851,7916,8132,11843,10326,5006"
17684,17684,"544,10326,4798,6383,350,12665,8421,1328,652,717"
17708,17708,"10326,8562,5303,3507,6433,4798,12857,1681,2218,8575"
17709,17709,"8483,10326,6220,3950,3428,8562,13346,5495,4654,4798"
17741,17741,"4798,6971,10326,5303,12665,8562,11622,8413,8483,13346"
17752,17752,"6307,9375,9101,1213,4798,6060,10326,8911,544,8483"
17765,17765,"2343,89,12665,6220,6795,4798,2537,3950,9942,10326"
17770,17770,"8703,7637,9101,4798,6938,5342,10326,544,9730,5495"
17814,17814,"6220,5676,2218,544,5495,1220,10326,4798,3950,8562"
17818,17818,"1244,350,544,8189,9942,7120,275,10987,13267,5866"
17822,17822,"7120,1290,8302,2286,11117,12030,2784,9101,2339,4798"
17826,17826,"4798,10326,8562,544,10916,275,4277,12857,8421,10594"
17827,17827,"11298,1244,7120,2989,1290,9101,7679,9730,10389,4664"
17840,17840,"10326,8188,5495,4798,6220,10429,8981,2218,8562,1856"
17843,17843,"8413,2218,5495,12470,544,9942,13310,5676,3870,4798"
17864,17864,"4798,8483,9984,6433,6639,12785,5495,10916,5461,3950"
17871,17871,"8188,10429,1863,8981,5149,9101,4798,1487,10326,8703"
17881,17881,"12665,544,3950,4277,10326,2218,4798,717,5303,9693"
17928,17928,"10326,8562,4798,12665,544,6220,8413,8421,5303,6433"
17931,17931,"9375,9101,4798,10326,544,9730,5495,5494,7220,8483"
17933,17933,"8413,3950,5303,2343,2903,8562,6220,6872,544,9203"
17953,17953,"544,5495,10326,5303,4798,8413,12665,6220,5199,3950"
17970,17970,"9942,3950,13346,6220,5545,12665,931,89,4413,13306"
17977,17977,"4798,10326,8562,5303,3950,8483,13315,12665,10916,6659"
17982,17982,"9101,9962,7120,11298,1244,1290,12869,544,9730,7817"
17995,17995,"1290,6971,7120,8302,12030,4798,9101,2286,10326,2339"
18002,18002,"10326,5303,12857,4798,10916,717,8421,10594,9072,9340"
18006,18006,"6659,10429,9107,1863,9101,2869,4798,10326,544,10378"
18023,18023,"10326,275,5303,4277,13346,6220,6971,544,2140,6433"
18024,18024,"4798,7439,5747,4877,10326,9771,9101,544,2291,9730"
18047,18047,"6220,2343,9942,6795,9693,5545,4602,3428,12665,3950"
18050,18050,"9942,275,4798,5303,544,2218,6220,6971,12665,10326"
18078,18078,"10326,4798,10916,5303,13346,8421,8562,6971,8483,4277"
18086,18086,"7120,1290,4798,6971,9101,544,4929,9962,9295,1244"
18093,18093,"7120,11298,1290,1244,9101,4929,9730,4163,12869,2957"
18115,18115,"10326,4798,3950,4277,12857,8421,10916,717,10594,10568"
18122,18122,"8981,10429,7120,1290,5149,11615,12723,9101,4798,1856"
18124,18124,"10326,4798,5303,6971,544,1747,2343,1220,8413,2140"
18127,18127,"7120,1290,1244,11298,9101,4929,9295,9730,12869,7679"
18133,18133,"10326,8562,3950,13346,12857,3428,10916,6220,4798,4277"
18148,18148,"2218,5199,3950,8562,544,9942,4199,5495,9101,10326"
18155,18155,"9693,13346,2343,275,12378,2867,544,6503,9101,4798"
18158,18158,"11298,7679,2989,8978,9101,12655,12995,11918,9730,4576"
18166,18166,"10326,10568,4798,3950,544,9178,5303,2140,9072,4277"
18167,18167,"10326,5461,4277,9072,6433,9404,544,275,2218,5303"
18169,18169,"2140,12470,10954,9306,6724,9101,8984,5495,4798,10326"
18175,18175,"9693,12665,6971,10326,5303,4798,7024,5495,5532,8483"
18178,18178,"8562,3950,8413,4798,10326,13346,12665,6220,5495,11540"
18214,18214,"11298,7120,9730,1290,1244,9101,4929,7679,12869,2989"
18217,18217,"8562,12665,275,10326,5303,3950,5495,4798,13346,544"
18226,18226,"11298,7120,9101,1290,12869,10137,2989,4576,1779,9295"
18229,18229,"5303,6971,4798,8413,2140,8483,4915,9101,6418,5495"
18236,18236,"8793,4049,9546,9119,7063,6341,2905,8999,9101,4798"
18240,18240,"9942,3950,6220,6659,3428,12665,89,5545,13110,5495"
18262,18262,"9942,6220,544,8562,3950,3428,5303,10326,12665,2411"
18266,18266,"11298,9101,1244,544,2989,1290,7679,9730,8978,12869"
18272,18272,"4798,8562,5303,13346,3950,8413,12665,6220,10326,8421"
18292,18292,"8562,4798,5303,10326,3950,8413,6220,13346,9942,50"
18299,18299,"544,10326,275,9942,3428,6220,8562,4277,12665,6659"
18321,18321,"6525,8265,4860,6952,9101,4798,12424,4560,10326,2193"
18338,18338,"8562,3950,10326,5303,6220,13346,544,4798,9942,2343"
18339,18339,"10326,4798,10916,4277,8483,5303,350,12857,10594,6383"
18341,18341,"8562,4798,13346,8413,10326,5303,8483,10916,2140,9101"
18355,18355,"7120,9295,1290,11298,9730,4929,1244,9101,3697,2989"
18364,18364,"544,7120,1244,11298,9101,1290,6971,2903,5199,5303"
18368,18368,"4798,10326,8562,12665,12857,13346,6326,3950,10916,6971"
18393,18393,"4798,10326,2343,5303,9693,6971,13346,8562,2140,1220"
18409,18409,"3950,4277,217,717,275,8562,5676,4798,12665,8885"
18434,18434,"10326,4798,12857,5303,10916,6433,10594,544,717,3950"
18440,18440,"9942,13346,4798,8413,8562,3950,6220,12470,5545,5495"
18446,18446,"10326,9693,4798,12665,2343,6220,4277,3950,5303,9404"
18467,18467,"9942,4798,8562,275,1220,2140,3507,13346,10326,5303"
18475,18475,"6220,9295,2218,9942,1290,8188,1355,7120,9730,12665"
18487,18487,"10326,4798,6220,8562,13346,3950,4277,5495,8421,544"
18489,18489,"544,10326,4798,9693,4277,350,2343,5303,9101,12665"
18499,18499,"12857,8205,13259,4798,10326,4949,3296,4277,6335,9101"
18505,18505,"4798,10326,8562,3950,13346,275,6220,12857,5676,717"
18525,18525,"10326,4798,8421,8562,4277,12857,10916,5303,10594,6433"
18530,18530,"10326,4798,8421,10594,10916,13346,12857,6971,851,9101"
18539,18539,"1863,10429,544,9101,7120,1290,4798,589,8981,10326"
18546,18546,"9693,10326,2343,544,12665,6795,64,89,4798,6220"
18579,18579,"10326,9942,8562,13346,3950,4798,4277,2411,3428,6220"
18585,18585,"2343,9693,5199,6795,5532,64,12665,2903,5495,5999"
18595,18595,"544,10326,8562,5303,50,4277,6433,10916,6220,3428"
18648,18648,"6433,11000,4798,717,8483,3950,13346,217,9072,10326"
18679,18679,"8562,8413,3950,12665,13346,6220,3428,9942,6659,5875"
18683,18683,"8562,6220,8188,544,2343,5495,10326,275,9693,9101"
18687,18687,"11298,7120,9101,9730,1290,1244,7679,4929,9295,12869"
18718,18718,"8562,12665,4798,544,6220,10326,5303,275,6433,3950"
18741,18741,"3950,8413,4798,5495,11622,8562,6982,8483,9101,13346"
18760,18760,"11298,7120,1290,9295,9730,9101,89,6971,12665,12903"
18771,18771,"8562,6220,3950,12665,13346,4277,4798,3428,275,10326"
18787,18787,"10326,4798,275,4277,10916,8421,5303,6433,2140,8562"
18788,18788,"8413,4798,12857,13346,8483,2218,8562,3950,4323,10326"
18789,18789,"8562,2343,13346,12857,10326,544,9693,275,7484,3127"
18798,18798,"3950,9942,6220,8562,1323,13346,3428,12665,4798,5495"
18800,18800,"10326,9942,11287,544,4177,847,12665,9101,11660,9641"
18805,18805,"8413,3950,8562,11772,9942,4413,8681,8188,5495,11622"
18806,18806,"11298,7120,9101,1244,9730,12869,9962,4929,7679,789"
18812,18812,"8413,12665,5303,6971,6220,4798,9942,10326,8562,544"
18818,18818,"6659,1328,2875,10326,8483,4798,9101,5495,5822,6528"
18830,18830,"5303,4798,10916,8562,3950,13346,10326,6971,8413,2140"
18835,18835,"1244,7120,9101,1290,2989,12665,4798,9730,6220,6971"
18839,18839,"5495,1355,12470,5549,10410,3885,662,8413,10326,5836"
18851,18851,"8413,1747,4798,560,7444,9101,3105,1007,10326,9942"
18854,18854,"4798,10326,8562,5303,6971,10916,8205,8483,12857,13346"
18864,18864,"10326,4798,3950,4277,217,13346,717,8562,10916,544"
18865,18865,"7063,10429,5495,8981,1863,544,4798,9101,8703,9693"
18874,18874,"544,11298,9101,7120,12869,1290,1244,2989,9730,10326"
18875,18875,"4798,10326,12857,3950,10916,5495,5303,8562,8483,9101"
18879,18879,"7669,9101,7679,275,11554,3464,11298,8978,6288,544"
18882,18882,"544,9730,9101,11298,2989,12869,6220,12665,4664,1863"
18895,18895,"3950,12665,6220,13306,13346,9942,8413,2218,8235,4798"
18903,18903,"10326,4798,5303,275,10916,4277,13346,12665,6433,64"
18913,18913,"10326,4798,9693,2343,13346,10916,8562,544,4277,64"
18934,18934,"7120,1290,1244,11298,544,9101,4929,9962,9730,12869"
18935,18935,"6971,1290,7120,9693,2903,5532,8590,5199,10326,10835"
18981,18981,"12665,9942,6220,10916,8562,6971,5303,7792,544,4798"
18985,18985,"13346,4798,9693,10326,6971,8562,275,8421,544,10916"
18987,18987,"9295,12030,2916,6243,9101,9730,4798,13101,11298,8567"
18990,18990,"10326,5303,8562,4277,13346,10916,9072,6220,4798,10568"
18996,18996,"4798,3950,10326,8562,2218,8413,6326,5303,13097,8483"
19010,19010,"10326,4798,10916,4277,544,5303,8421,6433,8483,717"
19016,19016,"9101,7120,12869,9730,1290,2989,11298,9438,9295,4929"
19018,19018,"8483,13346,9373,1328,4798,6383,1010,473,11193,9101"
19029,19029,"4798,10326,5303,275,8483,8413,8421,2140,8562,12857"
19060,19060,"7679,4654,6220,5545,9101,1355,9693,12665,5676,9730"
19069,19069,"7120,1290,11298,1244,544,5303,4929,9730,9295,12869"
19084,19084,"4798,10326,8562,5303,12857,4277,10916,13346,6433,12665"
19086,19086,"9101,7120,2989,1244,1290,6220,11969,12869,12665,9693"
19105,19105,"7120,1290,9295,4929,3697,9101,10663,3464,9730,6591"
19110,19110,"1244,11298,7120,1290,9101,12869,9295,2989,7679,9962"
19135,19135,"10326,1081,4832,8540,9101,4798,8054,350,544,10352"
19144,19144,"8413,8562,5303,10326,544,4798,4277,6220,8483,3950"
19154,19154,"13249,5461,5495,220,6982,3585,4798,9800,2910,11622"
19168,19168,"8562,10326,4798,3950,12857,4277,10916,6220,5303,12665"
19173,19173,"7120,1290,4929,2218,5495,4798,8188,5303,5573,4387"
19187,19187,"7120,1290,1863,9101,4798,1487,7637,10326,2058,2020"
19216,19216,"3950,6659,11484,227,13159,9101,4798,8562,12539,10326"
19227,19227,"5676,9693,8413,9942,3428,5495,6795,2343,12470,9101"
19231,19231,"4798,10326,8483,3950,5303,10916,13346,9942,8421,12665"
19234,19234,"11298,7679,1244,2989,9101,9730,7120,1779,544,1290"
19255,19255,"10326,4798,5303,3950,6220,6971,9942,2140,12665,2218"
19258,19258,"5495,3950,8413,12470,8205,4798,8483,2580,9942,9101"
19266,19266,"7120,1290,5303,6971,4798,4929,10326,9295,544,12030"
19296,19296,"13346,4798,6795,8562,2537,64,6971,10326,6834,12665"
19297,19297,"6659,6383,9101,4798,10326,544,5303,9730,5495,8483"
19308,19308,"3950,844,4602,3055,8235,5414,9101,4798,10326,8483"
19323,19323,"10326,1328,4798,9101,6391,544,5495,8483,9730,7480"
19346,19346,"10326,4798,5303,6220,544,6971,4277,12665,8483,8421"
19347,19347,"7120,4929,4798,12665,6220,3950,10326,9101,9942,9730"
19360,19360,"1290,7120,9295,9101,8554,8302,9730,12133,9693,4798"
19364,19364,"7669,3464,7679,11298,2709,2989,9101,4163,4940,1244"
19378,19378,"4798,3950,12857,13346,8562,10916,8483,10326,5642,275"
19379,19379,"4798,8562,5303,13408,10326,5495,10916,1220,275,9942"
19380,19380,"10326,5303,4277,12857,4798,8483,544,8562,11969,10916"
19381,19381,"10326,4798,8562,10916,12857,4277,5303,8421,6433,717"
19384,19384,"8562,10326,10568,8421,3950,6220,4798,717,12665,9072"
19385,19385,"4798,8562,13346,3950,6220,10326,6326,8483,12665,8413"
19388,19388,"7120,11298,1290,2989,9101,12869,1244,9730,9295,4929"
19406,19406,"10326,4798,5303,275,544,12857,6433,10916,4277,8562"
19408,19408,"5199,5495,9693,5532,2903,4053,2343,5999,10326,11357"
19415,19415,"11298,544,7120,1244,1290,3148,8978,9730,2989,12655"
19417,19417,"13346,12665,64,4798,3950,6220,10326,6971,8483,9942"
19434,19434,"9693,2343,64,2989,9730,2537,7679,11298,544,9101"
19441,19441,"10326,4798,10916,5303,12857,4277,8562,8421,3950,717"
19461,19461,"7120,1290,1244,544,4929,9101,11298,9730,7679,10663"
19474,19474,"3950,9942,6220,12665,13346,8562,89,8413,5199,2218"
19477,19477,"7120,1290,350,8483,6957,11682,5409,2907,4798,9938"
19484,19484,"11298,2989,9101,1244,7679,8978,544,12869,12655,4664"
19502,19502,"5495,12099,12665,544,7707,12470,275,6659,5676,8562"
19503,19503,"6220,544,5303,10326,3428,4277,6971,4798,275,714"
19512,19512,"3428,50,13346,3950,8483,8562,10326,4798,2411,13110"
19515,19515,"975,9942,9693,8235,3016,5875,7024,2255,9637,9247"
19518,19518,"7120,9730,2989,1290,9101,4929,1747,9295,6220,9438"
19530,19530,"10326,8562,4798,6220,5303,6971,13346,544,9072,2218"
19559,19559,"9101,11298,7120,9730,12665,12869,1290,1244,7679,6971"
19576,19576,"13346,4798,5875,8235,8922,7024,10326,1746,6971,9101"
19586,19586,"9693,2343,9942,64,3127,5495,6795,13315,13235,10326"
19594,19594,"12665,10326,544,1290,4798,89,9101,8379,7120,8235"
19605,19605,"10429,1863,2327,9570,5976,9101,544,4798,12606,12665"
19618,19618,"3950,10326,9404,2218,5303,5199,4798,6971,12665,8562"
19620,19620,"4798,8413,8562,5303,10326,844,6971,2140,2199,3515"
19623,19623,"3428,4277,350,13249,10916,9340,11222,8562,3950,10326"
19628,19628,"10326,4798,3950,4277,217,8421,5495,13346,8562,5199"
19631,19631,"7120,1244,4929,11298,9101,12655,544,7679,2989,4664"
19642,19642,"5495,12665,9693,2343,3950,10326,5199,9942,5676,6220"
19644,19644,"7063,2140,4798,2291,9306,10697,8402,9101,10326,4877"
19648,19648,"7679,1355,11298,5495,2969,3742,9101,337,12750,12804"
19665,19665,"8562,10594,12665,4798,2777,6433,1319,10326,10916,11639"
19683,19683,"11298,7679,9101,9730,1290,544,1244,2989,3464,4929"
19684,19684,"4277,4323,10594,8562,8421,717,9455,3568,11788,217"
19693,19693,"10326,4798,4277,11000,9340,217,13249,8483,8421,12857"
19696,19696,"4798,10326,8413,5303,3950,12857,6971,6433,13346,275"
19707,19707,"4798,10326,5303,12857,10916,8421,717,8483,3950,4277"
19715,19715,"9693,2343,64,4798,5495,6220,9942,5532,13346,5199"
19716,19716,"7120,1290,4929,1244,9101,11298,3697,13309,9730,10336"
19729,19729,"4798,7120,8562,1290,5303,10326,6220,6971,9942,2140"
19734,19734,"10326,5303,13346,8562,4798,12857,5495,10916,10594,3950"
19758,19758,"5460,13346,3950,9786,12632,9101,1233,7053,4798,10326"
19764,19764,"8562,4798,10326,5303,2343,275,6433,13346,6220,6971"
19773,19773,"11298,9101,544,1244,1290,9730,4929,2989,9962,7679"
19778,19778,"5495,3950,12470,6220,9942,4798,2218,5461,8562,10326"
19780,19780,"8562,6220,3428,9942,5184,6659,13306,2218,12665,5495"
19784,19784,"10326,6433,4798,544,8562,350,4277,6220,50,1323"
19786,19786,"4798,8562,10916,4277,3950,13346,13249,6220,8421,6433"
19793,19793,"10326,5303,4798,6220,3950,5495,4277,2218,275,8562"
19798,19798,"10326,5495,13346,4798,3428,544,12665,8413,3950,4277"
19808,19808,"4798,8562,8413,3950,10326,13346,8483,6220,13249,12665"
19812,19812,"7120,1290,1244,7679,12869,2989,4929,9101,9730,3464"
19821,19821,"10326,8562,4798,12857,6433,3950,13346,5303,8981,5495"
19830,19830,"9730,12869,11298,1244,9101,9962,7120,7679,789,5135"
19843,19843,"7120,7669,12869,1290,9101,2989,9295,11298,7679,4163"
19867,19867,"6220,9693,1863,10429,9101,2343,558,10326,285,9942"
19889,19889,"8562,3950,6220,4798,13346,10916,12665,9942,3870,8483"
19893,19893,"8562,6220,10326,4798,8188,10429,1863,11969,3870,8981"
19898,19898,"7120,11298,1290,9101,9295,4929,12869,1244,2989,11299"
19902,19902,"350,8562,10326,9101,4798,544,1129,9730,5495,2140"
19905,19905,"4798,10326,8562,5303,10916,275,8421,11000,8483,12857"
19910,19910,"3950,10326,8562,4277,4798,8421,217,13346,10916,717"
19929,19929,"10326,8483,8562,4798,12665,6220,544,5303,4277,13346"
19932,19932,"11298,1244,7679,7120,9730,1290,9101,2989,1779,12869"
19952,19952,"10326,8562,4798,6433,13346,6220,3950,8483,9942,5495"
19956,19956,"8483,8421,13110,2814,4798,10326,10568,9101,5497,810"
19987,19987,"4798,8562,10326,8421,13346,10916,8413,3950,6326,5303"
20008,20008,"4798,544,12665,5303,8562,4277,9101,10916,8421,6433"
20018,20018,"4798,8413,3950,8562,9942,10326,13346,12665,8483,11622"
20019,20019,"544,1290,7120,5303,9942,8413,9101,10326,4277,5731"
20020,20020,"7120,1290,4929,10663,9730,4083,9101,4798,6243,1132"
20023,20023,"13346,4798,8413,5495,10326,3950,8562,13249,6326,10916"
20031,20031,"8562,6220,544,2218,1863,10429,4798,5495,9693,9942"
20039,20039,"8562,8413,12665,6220,9942,13346,3950,3428,8681,544"
20040,20040,"9942,6220,4798,5303,5495,8483,3571,10869,12665,8413"
20041,20041,"12470,8188,8413,5676,544,8562,1355,10429,769,12099"
20045,20045,"3950,13346,4798,10916,10326,8562,12665,8421,12857,8483"
20056,20056,"4798,12665,6220,89,1290,9101,7120,11298,6971,9730"
20069,20069,"10326,4798,13346,5303,2218,4277,544,6220,8483,9072"
20074,20074,"6659,6220,3428,9942,8562,7359,13110,3870,5184,10326"
20083,20083,"8562,3950,10326,9942,4798,13346,3428,13249,6302,5545"
20085,20085,"11298,7679,9730,7120,1290,9101,4664,2989,11918,12869"
20086,20086,"8413,5303,6220,4798,5495,6971,8562,9942,3950,7715"
20089,20089,"8562,3950,6220,13346,4798,3870,2218,5642,8681,9693"
20101,20101,"5303,4798,89,6220,12665,9942,275,13346,3950,8922"
20104,20104,"8911,5760,449,2034,9101,4798,6402,1377,10326,5495"
20112,20112,"8562,12665,4798,3950,10326,544,6220,9942,5303,5495"
20115,20115,"8562,3950,4798,6220,10326,2903,13346,8421,3055,3428"
20133,20133,"7120,12869,9730,1290,11298,9101,1244,789,7258,5135"
20136,20136,"10326,9693,2343,217,4798,4277,544,1220,8562,9404"
20138,20138,"11298,1244,9962,9295,7679,9101,9730,7120,789,5135"
20162,20162,"4798,10326,3950,8421,5303,8562,717,12857,10916,6971"
20176,20176,"4798,275,10326,544,6971,2218,8562,2140,6220,9942"
20200,20200,"10326,4798,275,5303,13346,8562,2140,12665,4277,9942"
20222,20222,"9306,4798,13214,9101,5946,10326,383,544,165,9730"
20251,20251,"10326,4798,5303,7120,1290,6971,275,544,2140,8562"
20256,20256,"12470,12099,5303,10326,12668,10594,5199,3126,609,13408"
20264,20264,"10326,5303,6433,10916,4277,8562,4798,810,10594,350"
20280,20280,"10326,4798,10916,4277,13249,217,8421,8562,6433,10594"
20286,20286,"10429,1863,6220,2989,1244,9101,8188,1355,544,1487"
20323,20323,"7120,1290,11298,4929,9295,9962,9101,9730,789,10663"
20324,20324,"7120,1290,544,4929,9101,1863,5495,4576,1244,4798"
20336,20336,"9693,9101,11298,9730,544,1244,12665,7679,1290,6220"
20339,20339,"8562,9942,3950,8413,4798,6220,13346,3870,6326,3428"
20344,20344,"5495,5303,7120,1290,6971,12470,10326,544,9101,4798"
20356,20356,"10326,8562,9942,12665,3950,4798,6220,13346,3428,544"
20360,20360,"1290,7120,9693,12474,2343,4929,9101,4798,4019,6971"
20362,20362,"9693,2343,5199,2537,5532,5495,10326,6834,4798,10835"
20376,20376,"13346,10326,3950,13249,10077,10916,4277,10568,8562,12857"
20381,20381,"4798,10326,12665,5676,5303,2218,6971,9693,13408,6220"
20394,20394,"7120,11298,1244,9101,544,2989,4929,10326,9730,6971"
20397,20397,"8562,1355,1863,12665,544,5495,1779,6220,6810,10429"
20407,20407,"6659,3428,8413,3950,8483,6220,5495,10326,13346,12665"
20413,20413,"11298,7120,9730,1290,1244,2989,9101,12869,9295,9962"
20433,20433,"7120,1290,1244,11298,9101,9962,4929,5135,9295,9730"
20448,20448,"544,5303,810,7792,9101,2140,9553,8623,7879,11454"
20492,20492,"4798,10326,89,8562,855,9693,1412,9942,479,8205"
20505,20505,"11298,7120,1244,1290,9101,9730,2989,7679,12869,544"
20512,20512,"10326,4798,10916,8483,13346,12857,8413,8562,3950,5303"
20514,20514,"13013,12453,4181,1706,10537,3524,8285,9101,4798,2548"
20533,20533,"217,8483,350,4277,10326,5109,6433,4798,5303,2411"
20543,20543,"5303,7120,8421,1286,1290,10326,12404,717,4798,2989"
20546,20546,"4798,10326,717,12857,10594,10916,9580,8421,8161,8483"
20557,20557,"4798,10326,8562,3950,9942,5303,3428,13346,544,4277"
20558,20558,"4798,10326,12857,10594,9602,2289,3673,76,3950,6804"
20561,20561,"12665,4798,13346,6220,3950,8483,3428,3870,9942,10326"
20566,20566,"11298,9101,1244,7120,1290,544,9693,9730,10389,12869"
20573,20573,"11298,9101,1244,4798,10326,9730,544,9671,11117,5495"
20623,20623,"7120,1290,4929,4798,8981,9101,8703,4698,5149,8922"
20627,20627,"544,10326,9730,4798,5303,4277,6220,12665,7120,1290"
20643,20643,"4798,10326,5303,6971,275,2140,10916,8421,8161,13346"
20645,20645,"11298,9101,1244,12869,7120,544,1290,9730,10326,12665"
20652,20652,"717,10326,10916,12470,8421,4277,5495,13346,5303,8483"
20654,20654,"10326,4798,8562,4277,10916,717,6433,8421,3950,8483"
20667,20667,"6971,89,5199,2903,9101,8235,4798,7578,9730,6522"
20670,20670,"13408,10159,3950,11467,3802,9101,5124,3444,4798,12070"
20671,20671,"10326,8562,4798,5303,3950,2218,8413,6971,10916,12665"
20676,20676,"9942,5303,8562,3950,13346,2140,10326,5199,6220,9404"
20694,20694,"544,5303,7120,10326,4277,12665,9101,9404,350,11298"
20709,20709,"5495,10326,12470,4798,5303,8413,8562,275,544,3950"
20716,20716,"5303,4798,10916,8413,8562,8483,10326,8205,6971,5495"
20739,20739,"5303,217,1715,64,12315,3565,275,5541,13346,12470"
20763,20763,"9693,544,2343,10326,5303,5199,2903,12665,6971,9101"
20779,20779,"11298,1244,1290,7120,544,9101,2989,9942,9730,9295"
20781,20781,"8413,4798,3950,12665,9942,8562,6971,2218,6220,10326"
20790,20790,"7120,1290,9295,6126,6991,5944,9730,9101,6971,12512"
20792,20792,"4798,10326,12857,10916,8421,5303,717,10594,217,4277"
20797,20797,"4798,10326,5303,8562,8483,8413,13346,5495,9942,544"
20811,20811,"4798,6220,3950,5303,9942,3428,8483,13346,8562,6971"
20821,20821,"7120,1244,11298,9101,9730,1290,4929,12869,7679,4545"
20830,20830,"10326,4798,10594,4277,6383,8421,13259,8562,9580,8483"
20861,20861,"9693,2343,6220,6795,6971,5495,5676,89,5199,544"
20878,20878,"9942,11298,2989,9101,7120,6220,12665,1244,1290,6971"
20891,20891,"5875,8562,7024,8413,9101,4798,12665,4715,10326,12662"
20895,20895,"8562,3950,6220,5495,8413,4798,13346,9942,3870,2218"
20901,20901,"10326,4798,5303,8562,13346,8483,2343,6220,9072,4277"
20908,20908,"10326,4798,8562,275,4277,5303,2343,544,10916,3950"
20928,20928,"7120,1290,4929,12030,9101,4798,544,8302,10326,8703"
20945,20945,"6659,5303,6220,12665,9942,3428,9072,8562,8413,275"
20971,20971,"4798,10326,8562,6433,4277,10916,13346,12857,13249,8421"
20979,20979,"4798,10326,5303,8562,3950,6971,4277,8483,9942,12665"
20982,20982,"5303,10326,8421,6433,4798,9105,8483,10594,12857,1017"
20991,20991,"10326,8562,13346,5303,12665,6220,2140,8483,8413,9942"
20998,20998,"9942,3950,5495,6220,3428,13346,64,8562,12665,12470"
21006,21006,"3950,9404,5199,4798,9693,5495,10326,5532,2343,13315"
21018,21018,"6971,5303,10326,275,2140,6515,4798,8562,8043,7578"
21028,21028,"9942,8188,6659,6220,8562,544,5495,8413,513,9693"
21041,21041,"8562,10326,3950,6433,10916,8413,9942,5495,4798,13346"
21042,21042,"5199,2343,9693,544,5495,6795,2903,5532,13315,10326"
21064,21064,"7120,11298,1290,9101,4929,9962,544,3697,9730,12869"
21075,21075,"5303,12665,5199,6971,544,2343,9693,89,3950,10326"
21078,21078,"10326,8562,3950,9942,13346,3870,2218,4798,3428,4413"
21081,21081,"12470,5495,5303,2218,8413,1746,6220,5199,12668,4798"
21084,21084,"8562,3950,10326,12857,275,4798,6220,6971,10916,13346"
21089,21089,"10326,4277,4798,10594,10916,8421,350,5303,217,8483"
21112,21112,"7120,1244,9101,1290,2989,544,4929,9730,9295,7679"
21126,21126,"8413,13346,8562,3950,4798,9101,10326,8636,8483,544"
21129,21129,"7120,1290,4929,6971,9730,9101,9295,12869,9438,5303"
21130,21130,"9693,2343,10326,13346,3950,9942,6220,64,4798,12665"
21137,21137,"3950,8562,5303,2411,6220,5642,6971,6433,4798,544"
21149,21149,"5495,8562,4798,8483,12470,2343,13346,10326,6302,3950"
21152,21152,"10326,5303,4798,8562,275,12665,10916,13346,3950,6220"
21177,21177,"8562,10916,4798,3950,350,13346,10326,4277,9101,331"
21191,21191,"7120,4929,10663,9101,8922,12030,4798,6243,12497,6971"
21200,21200,"10326,8562,3950,1328,5676,9942,12665,1355,3428,6220"
21204,21204,"10326,4798,717,5303,4277,10916,8562,3950,217,6433"
21221,21221,"5495,12470,5303,6220,8562,2218,6971,8413,9404,3950"
21228,21228,"544,11298,7120,1290,9101,10326,12665,2989,4798,4929"
21249,21249,"5495,10326,13315,275,5303,544,8483,2140,4798,350"
21256,21256,"3950,4798,844,11396,8413,2199,6220,2789,5124,4947"
21261,21261,"8483,4798,8562,13346,8413,3950,10916,10326,6326,12857"
21279,21279,"10326,544,12665,4798,6220,2343,9693,9942,275,6383"
21282,21282,"11298,7120,1244,9101,1290,9730,9295,544,2343,9693"
21305,21305,"10326,717,4277,10916,4798,6433,10594,8421,8562,350"
21307,21307,"10594,217,13110,5734,5040,12152,10748,13315,1323,3678"
21315,21315,"5642,810,1574,11094,10100,10152,4365,10063,8505,2797"
21342,21342,"544,7120,9101,2989,11298,1244,12869,6971,4929,12665"
21347,21347,"10326,4798,13346,5303,3950,6220,12665,8562,10916,8413"
21357,21357,"9101,10429,544,1863,8562,6220,2327,1244,10326,4798"
21358,21358,"10326,2903,5199,5495,5532,9693,9404,544,4798,4266"
21368,21368,"9962,9101,11298,2784,11117,4798,8525,544,8302,10326"
21372,21372,"9730,11298,9101,7120,1290,2989,1244,9295,544,7679"
21373,21373,"9942,3950,3428,4277,5495,12665,9404,13306,12153,275"
21383,21383,"9101,7120,1244,544,11298,9693,4929,89,7679,2989"
21393,21393,"9942,6220,8562,8413,3950,5303,6659,13346,3428,5676"
21415,21415,"7120,1290,9295,6971,4929,3697,11298,11117,9101,1244"
21421,21421,"8562,9942,1290,9101,4929,6220,9730,4798,9190,12665"
21433,21433,"4798,275,10326,5303,6971,31,12665,2140,544,5676"
21449,21449,"544,10326,4798,4277,5303,3950,2343,217,350,13346"
21483,21483,"10326,9942,8562,4798,6220,13346,5303,3950,4277,3428"
21488,21488,"8562,10326,4798,3950,10916,13346,12857,8421,8483,5303"
21518,21518,"1244,3428,9101,2989,544,7679,9942,8978,6659,12869"
21528,21528,"12470,8562,6220,5303,13346,1355,8188,2218,3428,8483"
21536,21536,"7120,11298,1244,9730,1290,9101,2989,4929,544,7679"
21585,21585,"4798,8562,6220,9942,5303,8413,5495,12665,3870,10326"
21598,21598,"11298,9730,9101,2989,7120,1290,9295,275,3464,4664"
21602,21602,"12665,8562,3950,5303,13346,8413,3055,4798,8922,8350"
21604,21604,"4798,5495,3159,5303,8413,13408,12793,2291,9101,8183"
21626,21626,"12665,544,9119,1286,11298,8205,8598,8215,11643,9101"
21636,21636,"12665,13315,3950,9942,2343,89,64,13346,9693,9637"
21649,21649,"7120,4929,10663,3697,12030,5573,4387,6243,9101,8567"
21650,21650,"1025,12859,76,2650,10182,4512,9101,4798,6409,10326"
21655,21655,"9101,7120,11298,1290,1244,9730,12869,544,7679,2989"
21662,21662,"11298,9101,1244,12869,544,9295,7679,6288,7120,10389"
21681,21681,"7120,11298,1290,9730,1244,9101,12869,4929,7679,2989"
21686,21686,"2411,350,2140,7063,10326,544,4798,9340,7484,5109"
21699,21699,"3950,5303,8562,13346,4798,12665,8413,8483,6220,1286"
21702,21702,"11298,1244,7120,1290,9101,9730,544,9295,12869,4929"
21709,21709,"4798,10326,13346,8562,12857,3950,5303,8421,10916,6971"
21718,21718,"4798,10326,5303,3950,12857,8562,10916,4277,717,13346"
21719,21719,"10326,4798,4277,5303,8421,10916,717,10594,8483,12857"
21724,21724,"8562,3428,3950,10916,4798,10326,6220,13306,13249,9942"
21741,21741,"9101,7679,11298,1244,2989,544,7120,9730,12869,1290"
21746,21746,"11298,9101,1290,7120,1244,12869,7679,544,9730,10137"
21751,21751,"8413,6302,11622,6982,3950,5495,9101,12632,11751,4798"
21754,21754,"10326,4798,4277,12857,6433,717,10916,8421,13346,13249"
21768,21768,"4798,3950,12665,10326,13346,10916,275,6971,6220,5303"
21775,21775,"5199,10429,5495,544,4444,5703,8238,9942,9101,6220"
21781,21781,"9730,11298,9101,2989,1244,12869,7679,4664,12995,8978"
21789,21789,"7120,11298,1244,9101,9730,4929,544,2989,6971,12665"
21795,21795,"3950,4798,5495,8413,8922,8235,5303,3870,10006,10326"
21812,21812,"8562,3950,8413,1286,12665,13346,3055,8188,2199,4798"
21814,21814,"10326,4798,5303,12857,13346,8562,6971,6433,10916,2140"
21820,21820,"10326,3950,13346,4798,8562,12665,5303,12857,5642,5495"
21827,21827,"10326,4798,9942,5303,717,275,12665,6220,4277,8562"
21838,21838,"8562,10326,1355,8188,6220,4798,10429,7265,13346,3428"
21855,21855,"9693,2343,6795,64,5495,5532,13346,5199,4798,544"
21881,21881,"4798,13346,275,12857,8413,64,31,10326,717,3950"
21884,21884,"8562,4798,10326,12665,6220,13346,9942,5303,8483,275"
21889,21889,"7120,544,10326,1290,4798,1244,4929,9101,6971,275"
21896,21896,"10326,4798,5303,8562,544,6220,12665,4277,13346,10916"
21902,21902,"10326,4798,10916,8421,12857,4277,8483,3950,6433,10594"
21916,21916,"10326,4798,10916,544,4277,5303,8483,8421,6971,350"
21927,21927,"11298,1290,7120,9962,5135,3697,9101,9730,789,11117"
21938,21938,"10326,12857,4798,4277,8421,717,6433,13249,5303,217"
21948,21948,"6433,4277,9245,810,13346,4798,5610,10916,10326,8798"
21952,21952,"7120,1290,4929,9295,3697,12030,9101,4387,5573,4798"
21954,21954,"2343,6795,5199,9693,5532,5495,2903,4798,10326,5999"
21955,21955,"3950,6659,9942,5303,10326,8562,6220,11484,544,275"
21978,21978,"8188,8981,10429,6220,1863,4798,12665,5149,9101,10326"
21983,21983,"11298,9101,9693,7120,2343,544,9730,1290,10326,6220"
22004,22004,"10326,5303,4798,2343,7120,5495,1290,5199,9693,2411"
22007,22007,"7120,11298,9730,1290,3464,12869,7679,4929,12903,11299"
22014,22014,"3950,6220,8413,9942,3428,5495,12665,5545,8562,12470"
22020,22020,"10326,4798,12665,6220,8562,5303,10916,8413,13346,8483"
22052,22052,"4798,10326,8421,8483,10594,11000,5303,717,12857,10916"
22056,22056,"8562,5495,1323,12665,6302,9942,3950,13315,2218,10326"
22064,22064,"10326,8562,4798,544,9693,8681,10429,1863,9101,5495"
22072,22072,"10326,4798,8562,8483,10916,13249,4277,13346,12857,6433"
22074,22074,"4798,8562,10326,4277,10916,8421,12665,13346,13249,8483"
22102,22102,"3428,9942,3950,6220,13346,1374,1889,544,13306,4798"
22110,22110,"4798,10326,8562,13346,3428,3950,6220,9942,13249,8421"
22111,22111,"544,10326,8483,5303,4798,717,4277,217,8421,11000"
22119,22119,"6220,8413,5495,12665,8562,10326,7792,6971,544,844"
22125,22125,"8413,3950,4798,8562,6982,11622,9101,2910,8483,10326"
22150,22150,"10326,4798,5303,544,5199,6971,5495,609,8922,275"
22151,22151,"7120,1290,9295,4929,1244,10326,3697,11298,6971,544"
22154,22154,"7120,1290,4929,1244,11298,8703,9101,2020,9730,4205"
22213,22213,"9942,6220,6659,12470,3870,3950,3428,5495,5545,2218"
22256,22256,"544,2343,11298,6795,13346,9101,1290,2537,9295,9730"
22258,22258,"5303,4798,5495,8562,275,10916,13346,4277,10326,10462"
22265,22265,"8562,5495,8413,12665,10326,4798,6220,3950,13346,8483"
22279,22279,"2343,6220,9693,89,13346,9942,1230,3950,5461,8562"
22280,22280,"10326,4798,8562,9942,10869,6659,5495,12470,544,275"
22283,22283,"2343,9693,8981,9101,4798,544,8703,10326,9730,7637"
22286,22286,"6220,8681,3950,8413,3428,3870,8562,5545,5676,12665"
22288,22288,"10326,13346,2343,8562,5303,5199,9693,12665,9072,544"
22321,22321,"11298,9730,7120,1244,2989,9101,7679,1290,12869,9295"
22336,22336,"4798,10326,8562,5303,12665,10916,3950,13346,6220,12857"
22344,22344,"4798,3950,5303,8483,10326,2789,6971,2905,5999,9101"
22353,22353,"9453,6659,7862,12665,10326,6402,9101,10352,12024,4798"
22356,22356,"4929,1244,9295,3697,9101,11298,12030,6243,12497,9730"
22387,22387,"10326,4798,5303,10916,6433,544,13346,275,6971,8562"
22427,22427,"6971,844,7330,9799,4413,3562,4798,9101,8235,10326"
22428,22428,"9693,9101,2343,11298,7120,1290,9730,9295,12869,544"
22449,22449,"11298,7679,9101,12655,9730,1244,4664,2989,12869,8978"
22452,22452,"10429,544,9101,1863,5495,8188,9942,6220,7619,12470"
22460,22460,"7679,1371,7669,4163,9101,12869,2957,1558,11298,10674"
22467,22467,"7120,10326,4798,1290,544,4929,1244,6971,350,11298"
22480,22480,"544,7120,1244,9101,1290,9962,11298,9693,789,4929"
22481,22481,"4798,10326,275,5303,8562,9942,6971,2140,13346,8421"
22484,22484,"5303,3950,9942,8483,4798,10916,11572,10326,10594,5495"
22489,22489,"9693,2343,2537,9942,5532,6834,64,9101,5782,544"
22502,22502,"9101,7679,1244,11298,3464,9730,4576,10674,7120,4940"
22510,22510,"11298,2989,12869,7120,9101,1290,9730,1244,4545,544"
22511,22511,"1863,10429,1290,7120,9101,544,589,4798,7637,1244"
22514,22514,"10326,4798,8483,5303,9693,8562,6971,8421,2343,12665"
22520,22520,"7120,1290,4929,6133,10322,5573,4387,9101,12474,4798"
22546,22546,"4798,6971,5495,10326,12857,8205,9101,2304,8022,9193"
22551,22551,"8413,8562,3950,9942,12665,6220,2218,1286,4413,3428"
22582,22582,"11298,7120,3464,1290,9730,7679,9295,1244,9101,2989"
22595,22595,"9942,6220,9693,12665,3870,3950,2343,2218,10326,3428"
22597,22597,"4798,10326,8562,13249,13346,10916,8483,9101,1634,9580"
22605,22605,"3428,3950,12470,9768,4277,217,4271,8562,4901,13249"
22618,22618,"4798,544,9101,7120,9693,9942,1290,12869,2343,11969"
22641,22641,"544,717,10326,4277,4798,8421,10077,10916,350,8483"
22645,22645,"10326,4277,350,9178,652,8562,9340,217,4798,10916"
22660,22660,"4798,10326,8562,8483,3950,5303,13346,6220,13249,10916"
22666,22666,"3950,4798,8562,2411,8483,8413,10326,2140,6220,9942"
22674,22674,"7120,9101,1244,4929,9730,11298,2989,7679,9693,2916"
22678,22678,"7120,11298,544,1290,1244,9730,9101,12665,9693,2343"
22697,22697,"11298,9730,7120,1290,1244,9101,544,7679,4798,10326"
22698,22698,"3950,5495,13315,5303,5199,6220,3428,2218,13346,10326"
22705,22705,"4798,10326,544,5303,6220,1290,6971,7120,8562,9101"
22710,22710,"5676,9693,2343,544,4277,5495,4798,10326,3127,8562"
22714,22714,"3950,2218,13306,8562,8413,8483,3992,3055,8235,5564"
22715,22715,"4798,3950,5303,5199,10916,6220,810,10326,3055,8562"
22720,22720,"10326,5495,544,8562,4277,4798,717,5303,8421,8483"
22734,22734,"4798,10326,5303,544,8562,2218,6971,8413,8483,5495"
22735,22735,"4798,5303,10326,6971,8483,8421,10916,2140,2218,8562"
22736,22736,"4798,10326,5303,8562,13346,6971,10916,8483,2140,2218"
22747,22747,"544,8562,10326,9693,2343,10429,10916,9101,4798,1355"
22748,22748,"4798,10326,6971,2140,9668,7637,9101,9937,4698,544"
22759,22759,"9693,2343,13346,12665,10326,3950,13306,4798,544,6220"
22761,22761,"4798,10326,5199,5303,3950,2905,5999,544,9693,5495"
22774,22774,"10326,4798,5303,9942,5495,8562,6971,6220,12665,8188"
22783,22783,"8562,6659,10326,6220,3950,9942,7707,3055,8590,9101"
22830,22830,"5495,9693,544,12470,5676,5303,6795,10326,6220,2537"
22831,22831,"7120,11298,1244,4929,3697,9730,9101,10663,2916,9962"
22846,22846,"544,10326,8562,4798,275,2343,6220,5303,6971,9693"
22850,22850,"1290,7120,9101,1244,11298,9962,3737,10147,7856,12762"
22883,22883,"8562,5495,2218,12665,8483,4798,9942,12470,8413,12632"
22887,22887,"10326,4798,9693,13346,544,12665,3950,10916,5303,4277"
22893,22893,"8562,5303,9942,12665,4798,12857,6220,3870,10916,2218"
22905,22905,"6220,4798,8562,2343,13315,8681,2585,9693,13346,3950"
22923,22923,"4798,6220,5303,10326,2218,8562,3950,12857,9942,8483"
22956,22956,"10326,4798,217,717,10916,12857,3950,8562,13346,12665"
22964,22964,"6220,1863,544,4798,9101,10326,8562,5495,5976,7706"
22972,22972,"11298,9101,1244,7679,9730,12869,7120,1290,2989,4664"
22985,22985,"4798,8413,6971,9101,7637,8703,10326,8053,5495,11630"
23011,23011,"10326,4798,544,4277,350,717,8421,217,8562,8483"
23027,23027,"11298,2989,9101,7679,9730,544,1244,1863,11024,10429"
23036,23036,"10326,9942,4798,6220,8562,3950,13346,89,3428,6971"
23038,23038,"13346,8562,5495,6220,9942,3428,3950,5303,9072,4798"
23046,23046,"10326,4798,5303,9101,11298,12665,1244,6971,2989,7120"
23051,23051,"8413,5303,12857,2218,4798,5495,6220,5199,4277,8483"
23057,23057,"9101,4798,2770,10326,3960,544,10221,9730,5495,2877"
23062,23062,"7679,11298,1244,12869,9101,4163,8978,2957,1558,9730"
23069,23069,"8562,4798,5495,5303,10326,13346,3950,12665,12470,8413"
23078,23078,"5303,5495,12665,6220,8562,89,2343,9693,9942,544"
23113,23113,"8562,8413,4798,6220,2218,10326,5495,13346,3950,9942"
23121,23121,"1863,9101,1290,4798,11298,9730,10326,544,1244,7120"
23123,23123,"4798,8562,10326,5303,3950,4277,8483,5610,10916,13249"
23136,23136,"4798,13346,5495,10326,8413,8562,10916,6971,6326,8483"
23138,23138,"4798,3950,10326,10916,8562,13346,5303,6220,4277,9942"
23140,23140,"10326,12665,5303,4798,8562,544,89,6220,9942,6971"
23170,23170,"4798,10326,3950,4277,13346,10916,12857,5303,8421,717"
23173,23173,"7120,11298,1290,9101,1244,544,10326,5303,275,7679"
23179,23179,"544,10326,6220,2343,810,5303,9693,8421,4798,6971"
23196,23196,"4798,10326,8562,13346,3950,6220,5495,5303,12665,10916"
23199,23199,"6641,3950,2218,13099,11784,652,5495,6659,4798,9653"
23216,23216,"4798,10326,5303,844,6971,8562,275,10916,717,7578"
23226,23226,"13346,5495,8562,8092,5610,12470,3950,12898,4798,10326"
23233,23233,"10326,5303,4798,8562,6659,8421,2218,8590,50,5495"
23253,23253,"9693,2343,12665,6971,6220,3950,5199,4798,1220,861"
23281,23281,"9730,7120,11298,1290,544,9295,9101,1244,12184,5969"
