ID,user_id,item_id
12,12,"4798,10326,5303,8483,8562,10916,12857,4277,275,2140"
14,14,"6220,4798,9942,10326,9101,8562,544,5495,9730,1863"
17,17,"1328,10326,4798,9101,6659,544,9730,8483,5495,12665"
21,21,"10326,4798,544,10916,8562,6220,8421,275,8483,4277"
44,44,"11298,9101,1244,7120,1290,9295,9730,7679,12869,544"
55,55,"10326,4798,8562,10916,10594,13346,8483,5495,12470,3950"
56,56,"5495,89,12665,9693,4798,6971,2343,8413,544,9101"
58,58,"4798,10326,8562,544,5303,275,10916,6433,13346,6971"
59,59,"4798,10326,3950,13346,6220,12857,9942,10916,8413,275"
79,79,"10326,4798,13346,10916,8562,6220,544,4277,5303,5495"
81,81,"9101,7120,11298,544,1244,2989,12869,1290,9295,7679"
85,85,"4798,10326,8562,5303,275,12857,5495,8413,544,9101"
92,92,"11298,12869,7120,1290,9101,9295,1244,9730,2989,7679"
97,97,"12665,3950,4798,5495,9942,13346,10326,8483,9101,8413"
100,100,"4798,10326,10916,8562,13346,8421,6433,12857,8483,3950"
112,112,"4798,3950,6971,12857,8413,10326,6383,8562,5495,6220"
122,122,"10326,4798,8562,8483,3950,217,717,4277,10568,8413"
133,133,"9693,8483,2343,6659,544,9942,1323,6795,4798,12665"
141,141,"8562,1863,9101,6220,4798,10326,544,9730,5495,8483"
144,144,"9295,9101,4798,9730,10326,544,5495,8483,13330,12665"
149,149,"7120,1290,11298,7679,9730,9101,4929,1244,7669,4798"
153,153,"4798,10326,3950,8562,12857,5303,6220,13346,8421,717"
166,166,"9101,4798,544,10326,8483,7679,12665,9730,6659,5495"
220,220,"4798,8562,8413,6220,13346,9942,8483,12665,5676,9101"
231,231,"9693,3950,2343,9404,12665,3507,5199,5495,8562,13346"
262,262,"10326,4798,7120,1290,12857,6971,5303,8205,544,1244"
274,274,"544,4798,6220,10326,6971,12665,2218,89,844,8413"
277,277,"544,12470,2343,12665,10326,5495,89,13346,4277,275"
281,281,"7120,1290,9295,11298,9101,4929,1244,544,9730,6971"
291,291,"217,3428,717,4798,8421,10326,9101,5303,5495,544"
300,300,"10326,4798,8562,5303,275,6220,544,9942,6971,12665"
310,310,"4798,5303,10326,8562,544,10916,31,5495,8413,11000"
332,332,"5495,12470,609,13306,8188,9101,4798,10326,544,9730"
344,344,"10326,4798,8562,10916,6433,4277,12857,217,10594,717"
359,359,"544,7120,6220,9101,89,1290,11298,9693,1244,2989"
380,380,"5495,5199,9693,2903,9101,4798,10326,544,12665,9730"
386,386,"9942,8562,4798,12665,6220,3428,3950,13346,4277,8483"
426,426,"3950,13346,8413,12665,8483,8562,5495,4798,9101,6220"
436,436,"4798,10326,8562,12857,4277,544,10916,13346,8483,6433"
453,453,"4798,89,544,6220,10326,8562,6971,13346,5303,9942"
461,461,"544,7120,9101,10326,1244,2989,11298,4798,9730,4929"
464,464,"4798,10326,2140,9101,544,9730,5495,8483,12665,9693"
473,473,"5495,12665,9101,4798,10326,544,9730,8562,8483,1862"
481,481,"10326,4798,6383,217,717,6220,12665,10916,8421,350"
490,490,"275,8483,4277,4798,350,10326,10568,9340,544,2411"
494,494,"4798,8562,10326,6220,5303,8413,12665,3950,6971,9942"
497,497,"2989,9730,7679,7120,12869,11298,1290,7669,9101,12655"
510,510,"544,2343,9942,3950,13346,12665,13315,4798,6220,3428"
511,511,"10326,4798,8562,12857,8421,6220,717,8483,5303,9101"
512,512,"9693,544,2343,1244,9101,1290,7120,11298,9730,5532"
524,524,"7120,1290,12869,11298,1244,9730,9295,9101,9962,544"
525,525,"10326,4798,544,5303,12665,3950,4277,8562,10916,6433"
545,545,"10326,4798,8421,8483,10594,10916,12857,9101,717,8562"
560,560,"10326,8562,4798,3950,13346,10916,6220,544,6433,3428"
564,564,"9693,2343,6795,275,10326,9101,2537,544,8562,4798"
566,566,"13346,2343,4798,275,9693,12665,9942,8483,5303,8562"
568,568,"10326,217,4798,3428,5495,8483,8413,717,4277,544"
570,570,"8562,8681,544,10429,10326,4798,6220,9101,8413,5495"
573,573,"4798,10326,10916,13346,3950,4277,8562,6433,217,5303"
594,594,"8562,4798,3950,10326,6220,5303,13346,12665,10916,4277"
601,601,"4798,10326,5303,275,12665,8562,544,8483,3950,2218"
605,605,"5495,4798,3950,2905,10326,9101,12611,544,9730,8483"
641,641,"4798,9942,10326,6220,5495,9693,3428,3950,13346,544"
650,650,"9942,3950,217,6220,5303,3428,544,4798,8562,2218"
675,675,"9942,6220,12665,8562,4798,8483,3870,2411,6971,8413"
677,677,"7120,1290,4929,9101,3697,4798,1244,9730,10326,544"
679,679,"10326,544,4798,9942,5303,8562,5676,6383,6220,6971"
683,683,"3950,9245,13346,5610,4798,8562,4469,8483,9101,10326"
687,687,"10326,4798,544,8562,10916,13346,12665,5303,6220,8421"
705,705,"275,4798,5303,10326,544,9101,717,9730,5495,8483"
708,708,"544,7120,9101,1244,11298,1290,9730,4798,12665,2989"
712,712,"5495,9942,8562,3950,6220,12665,4798,10326,13346,12470"
715,715,"4798,8483,5303,275,10326,5495,9101,8562,13346,544"
728,728,"9101,7120,11298,1244,1290,9730,544,7679,2989,12869"
743,743,"9693,12665,2343,10326,544,6659,89,4798,2903,5199"
753,753,"544,6220,8413,8562,5495,9942,9101,1355,12665,4798"
757,757,"4798,10326,5303,8483,9942,10916,5495,13346,8421,12857"
768,768,"5495,8413,3950,12470,10326,8483,8562,13346,5303,4798"
797,797,"2343,6795,5495,5532,544,2537,9101,4798,10326,9404"
813,813,"12665,9101,4798,544,10326,9730,5495,11298,9693,8483"
832,832,"7120,11298,1290,9101,9730,4929,1244,9295,12869,544"
833,833,"10326,4798,9942,8562,5303,275,6220,12665,13346,3950"
844,844,"12665,13346,2343,8413,10326,5495,9942,4798,9404,12470"
858,858,"10326,544,4277,50,4798,9101,8562,3950,275,6220"
874,874,"11298,9730,12869,9101,12665,544,6220,7679,7864,4798"
875,875,"10326,12470,8562,5303,4798,544,6433,4277,8421,9404"
892,892,"4798,8562,5303,6220,10326,9101,8413,544,9730,8483"
897,897,"3950,3428,12665,13346,4798,9101,9942,10326,9693,8413"
912,912,"4798,7120,1290,10326,9101,9295,5303,544,4929,6971"
924,924,"13346,8562,9942,6220,4798,12665,9101,544,5485,10429"
926,926,"6220,544,12665,10326,9942,8562,4798,9101,5495,8413"
933,933,"5303,10326,5495,8413,544,4277,8562,4798,2140,6220"
944,944,"8562,6220,9942,3950,89,2343,9693,3428,12665,8413"
951,951,"5495,4798,5303,8413,12470,8562,10326,6220,6971,544"
974,974,"8562,544,4798,9942,6220,3428,3950,13346,12665,10326"
1010,1010,"4798,9101,10326,544,9730,5495,8483,12665,9306,9693"
1013,1013,"12665,89,4798,9101,10326,8483,544,5495,9730,8562"
1016,1016,"4798,8562,9942,7120,1290,5303,6220,10326,2218,12665"
1023,1023,"7120,6220,89,1244,1290,12665,11298,4798,9942,9730"
1035,1035,"544,12665,5303,10326,9101,275,217,89,4277,6971"
1046,1046,"544,9101,10326,7120,11298,5303,1244,4798,1290,2989"
1051,1051,"7120,1290,9942,544,5495,9101,10326,2989,8562,4798"
1057,1057,"10326,5303,8483,4798,8421,10916,12857,10594,275,9101"
1064,1064,"4798,7120,10326,1290,6971,4929,5303,9295,8562,275"
1080,1080,"4798,9101,10326,7589,544,5495,9730,8483,10916,12665"
1089,1089,"10326,4798,8562,544,4277,10916,717,217,5303,12857"
1090,1090,"8562,13346,10326,10916,4798,3950,4277,8421,12857,12665"
1103,1103,"10916,4798,8562,10326,13346,6433,8483,217,1681,3950"
1123,1123,"7120,1290,6971,4929,9101,4798,544,10326,9730,5495"
1134,1134,"10326,4798,5303,8562,8483,10916,13346,8421,12857,8413"
1136,1136,"4798,8562,10326,3950,9942,12665,8413,8483,13346,5303"
1139,1139,"5495,6220,9942,544,9693,12470,1863,9101,10326,4798"
1154,1154,"12665,3428,10326,544,6220,9942,12470,4798,6659,8562"
1169,1169,"9101,11298,1244,544,9730,1290,6220,12665,4929,2989"
1173,1173,"8562,8188,4798,10429,5495,6220,10326,9101,8981,544"
1178,1178,"9101,4798,10326,544,8483,9730,12665,5495,8413,5875"
1190,1190,"4798,8562,3950,5303,10326,13346,8413,5495,12665,6971"
1205,1205,"4798,8562,8413,6220,10326,5303,3950,9942,13346,9101"
1217,1217,"11298,9730,7679,2989,9101,7120,1244,12869,1290,8978"
1218,1218,"9693,544,9101,2343,9942,6220,89,6795,12665,5495"
1230,1230,"10326,4798,6220,8562,12665,544,5303,3950,9693,13346"
1250,1250,"10326,4798,8562,6433,5303,10594,4277,12857,10916,50"
1252,1252,"3950,4798,12665,5303,10326,5199,2343,544,9693,8562"
1276,1276,"9693,2343,9942,5199,5495,4798,544,9101,6795,10326"
1279,1279,"7120,1290,11298,9101,1244,9962,544,4798,4929,9730"
1281,1281,"10326,217,4798,5303,275,12857,8421,8562,544,9942"
1288,1288,"8562,3950,3428,5495,12470,5303,275,8413,10326,6220"
1305,1305,"11298,9730,1244,7679,9101,4798,10326,9962,544,12869"
1320,1320,"4798,8562,8413,10916,3950,10326,6326,8483,12857,5495"
1321,1321,"5495,10326,3950,12470,9404,4798,5303,8483,13346,5199"
1328,1328,"9942,6659,6220,8562,3870,5303,4798,10326,9101,544"
1343,1343,"4798,10326,8562,10916,12857,4277,717,544,5303,8421"
1345,1345,"544,7120,2989,9101,11298,4798,10326,1290,9730,4277"
1374,1374,"11298,7679,1244,7120,12869,9101,9730,6288,544,4664"
1410,1410,"7120,1290,10326,4929,9101,4798,544,9730,1863,12665"
1414,1414,"12857,8483,6433,10326,10594,9101,4798,10916,544,9730"
1420,1420,"8562,4798,9942,8413,6220,8188,10326,5676,5303,13346"
1440,1440,"9693,9101,8562,10326,9730,544,4798,5495,11660,2343"
1441,1441,"7679,9101,10429,2989,544,9942,4798,5495,9693,9730"
1443,1443,"9101,11298,1244,7679,9730,9693,544,1019,2989,1863"
1458,1458,"7120,11298,9101,1290,10326,1244,544,9295,9730,12869"
1492,1492,"4798,9942,6220,13346,3950,10326,3870,12665,8562,8483"
1496,1496,"10326,4798,5303,8562,275,544,6971,12665,8421,12857"
1499,1499,"12665,4798,13315,10326,3950,5303,5495,8483,5199,544"
1504,1504,"9101,11298,544,7120,7679,9730,12869,1244,2989,1290"
1516,1516,"8562,13346,9942,6220,8483,2343,10326,4798,3950,13408"
1523,1523,"4798,9455,217,9101,10326,544,9730,2767,5495,9178"
1534,1534,"9101,4798,10326,544,8483,9730,5495,12665,7679,9693"
1539,1539,"544,7120,11298,6220,9942,7679,12665,1290,9101,9730"
1559,1559,"7120,9101,9730,2989,1244,1290,12869,544,7679,6971"
1572,1572,"12665,9942,6220,8562,3950,10326,4798,544,3428,8413"
1573,1573,"10326,717,12857,4798,5303,8483,10916,544,8421,4277"
1601,1601,"544,6220,9101,9942,4798,1290,10326,7120,10429,9693"
1603,1603,"4798,8562,3950,8483,10916,10326,5610,9101,544,50"
1604,1604,"217,544,4798,717,6383,350,10326,13346,4277,8421"
1613,1613,"11298,7679,9101,2989,9730,544,1244,7120,1290,4664"
1634,1634,"4798,10326,6659,9404,4277,8562,1328,3950,2411,275"
1642,1642,"3950,4798,8562,8413,13346,10916,10326,9942,8483,6220"
1643,1643,"7120,1244,1290,2989,9101,11298,544,6220,4929,6971"
1654,1654,"8562,4798,6220,3950,10326,9693,9942,544,12665,8483"
1657,1657,"11298,7679,544,9101,2989,12655,9730,1244,4545,8978"
1674,1674,"4798,9693,89,10326,544,12665,9942,2343,9101,6971"
1702,1702,"10326,8562,6220,12665,13346,3870,13110,9942,6326,3950"
1719,1719,"6659,3950,9942,9101,4798,3428,10326,6220,544,9730"
1725,1725,"8562,4798,10326,3950,13346,12857,10916,6220,5303,12665"
1726,1726,"4798,1290,6971,7120,10326,4929,275,9101,8562,544"
1728,1728,"544,9693,9101,10326,2343,11969,2989,12665,9942,6971"
1735,1735,"89,9101,4798,12665,10326,544,9730,5875,5495,12757"
1739,1739,"7120,1290,4929,9101,3697,4798,10326,9730,544,5495"
1774,1774,"4798,10326,8562,3950,10916,3428,5303,13346,12857,4277"
1780,1780,"4798,10326,544,9101,4277,1323,2411,275,7679,217"
1799,1799,"217,9101,4798,10326,544,8092,5495,9730,6270,8483"
1813,1813,"4798,10326,8562,3950,9942,5303,13346,5495,275,8483"
1834,1834,"8562,12857,13346,10916,4798,3950,10326,6326,8483,9101"
1835,1835,"12470,5495,6659,8562,9101,8483,4798,10326,544,9730"
1841,1841,"11298,1244,1290,12869,9730,9101,9295,9962,7679,6288"
1863,1863,"3428,3950,8562,12665,9942,6220,275,10326,4798,8483"
1878,1878,"8562,8413,9942,13346,3950,3428,12857,4798,8483,4469"
1879,1879,"4798,2343,10326,8562,6795,13346,6971,5303,544,12665"
1910,1910,"7120,1290,4798,9101,10326,275,6591,5303,6971,544"
1911,1911,"4798,8562,10326,5303,13249,544,9101,8421,5495,9730"
1919,1919,"13346,9693,2343,9942,6220,6795,3870,12665,544,9101"
1925,1925,"7679,12869,9730,9101,11298,4163,4798,544,10326,7669"
1926,1926,"11298,9101,9730,1244,4798,7679,10326,544,5495,8978"
1931,1931,"10326,9101,4798,8483,544,9730,7275,5495,12665,9693"
1940,1940,"4798,10326,5303,8562,275,13346,8483,6971,6220,12857"
1968,1968,"4798,8483,10326,5303,1328,10916,13249,217,717,12857"
1981,1981,"4798,8413,3950,10326,12857,13346,10916,5303,275,12665"
1992,1992,"7120,11298,1290,1244,9101,9730,4798,10326,10663,9295"
1998,1998,"11298,9101,9295,9730,1244,1779,544,4798,4664,10326"
2000,2000,"7120,1290,9101,4929,11298,1244,9962,9295,9730,4798"
2017,2017,"4798,8562,13346,3950,10326,12857,4277,8483,5303,6971"
2036,2036,"9101,4798,10326,544,9730,5495,12665,8483,5875,9693"
2044,2044,"9693,544,2343,4798,10326,5461,8562,9101,5495,11572"
2047,2047,"11298,9101,1244,9730,1290,7120,12869,6591,4798,544"
2052,2052,"5303,10326,9101,4798,544,9730,5495,8483,350,1328"
2055,2055,"5495,9101,4798,10326,544,6659,8483,9730,13408,12665"
2069,2069,"8413,8562,6220,9942,2218,3428,3950,544,5495,12665"
2075,2075,"9693,4798,2343,10326,5303,3950,9942,6220,13346,12665"
2089,2089,"10326,4798,717,4277,10916,8421,8562,10594,8483,9101"
2093,2093,"4798,12665,5303,8562,275,9942,3950,6220,10326,544"
2127,2127,"10326,4798,9101,2140,544,8483,9730,5495,8205,5303"
2135,2135,"12665,9942,6220,3428,8413,3950,3870,8562,5495,8483"
2137,2137,"12665,3950,89,13346,8562,6220,4798,9101,10326,5495"
2141,2141,"8413,8562,6220,9942,544,5495,8188,2218,9101,3428"
2147,2147,"544,9101,7669,1290,8562,7120,11298,9942,12869,4798"
2150,2150,"10326,8562,12857,717,4798,4277,350,544,6433,8421"
2153,2153,"4798,10326,12857,5303,8562,10916,6220,6326,13249,9101"
2158,2158,"9101,11298,544,2989,1244,7679,7120,12869,9730,1290"
2178,2178,"8562,5495,4798,13346,13249,5199,10326,2343,9942,9101"
2180,2180,"8562,6383,13346,6220,3950,8483,12665,6659,5676,3428"
2181,2181,"2989,11298,544,7679,3464,9730,7120,1244,9101,9693"
2193,2193,"8413,3950,4798,9942,9101,6220,5495,10326,544,12665"
2216,2216,"10326,4798,8562,10916,4277,6433,544,13346,8421,10594"
2224,2224,"5495,8562,12470,8413,10326,5303,3950,12665,2343,5199"
2231,2231,"2343,9693,89,5199,9101,544,6971,12665,4798,10326"
2242,2242,"5495,3950,4277,12470,6220,13306,8681,10326,217,3428"
2243,2243,"5495,9693,2343,544,2903,10326,5676,9101,4798,12470"
2247,2247,"9730,5495,2411,9101,4443,4798,9693,10326,544,8483"
2262,2262,"544,11298,9101,1244,7679,1290,7120,2989,10326,12655"
2271,2271,"10326,8562,4798,5303,544,3950,5495,4277,12470,275"
2284,2284,"3950,8413,13346,4798,6971,5495,8562,10916,12665,9101"
2287,2287,"8188,8562,13306,5495,9101,4798,10326,544,12470,9730"
2291,2291,"5303,10326,275,4798,2140,544,3950,5199,5495,8483"
2293,2293,"4798,5303,9730,9101,544,11298,7120,10326,2343,9693"
2294,2294,"4798,10326,8562,12857,6433,5303,10594,6326,544,10916"
2301,2301,"4798,6659,5303,10326,6971,6220,8421,13249,9693,275"
2310,2310,"9942,544,12665,10326,6220,6659,9101,8562,3428,3950"
2341,2341,"4798,8562,10326,13346,3950,12857,9404,5303,6971,8483"
2345,2345,"9101,11298,7679,9730,12655,7669,544,2989,12869,8978"
2348,2348,"11298,7120,9101,9730,1244,1290,544,7679,2989,7669"
2349,2349,"4798,10326,10916,544,5303,13346,6971,8562,9693,9101"
2350,2350,"10326,4798,544,5303,4277,6220,9942,7120,12665,6971"
2355,2355,"10326,4798,10916,4277,12857,8562,6433,8421,217,717"
2383,2383,"10326,4798,8562,12857,13346,717,10916,6326,9101,4277"
2393,2393,"4798,10326,9101,544,5495,9730,8483,12665,9942,9693"
2399,2399,"7120,10326,1244,4798,544,9101,4929,5495,5303,9730"
2421,2421,"544,2343,10326,4798,5495,6795,12665,5303,2537,9101"
2435,2435,"9693,9101,9942,4798,9532,10326,12665,544,9730,5495"
2448,2448,"5495,8413,4798,9101,10326,544,9730,275,12470,1230"
2452,2452,"7120,1290,4929,9101,4798,544,10326,9730,9295,9693"
2464,2464,"8562,6220,9942,10326,4798,3870,3950,3428,9101,13346"
2470,2470,"12857,3950,8562,5642,10594,10326,217,9101,4798,9404"
2478,2478,"5303,6971,12665,89,4798,10326,9101,5495,5199,544"
2506,2506,"4798,6220,3428,3950,5495,10326,8562,10594,7359,8483"
2523,2523,"4798,10326,9101,544,12665,9730,5495,8483,9693,8235"
2527,2527,"7120,1290,4929,9101,4798,10326,544,9730,5495,8483"
2528,2528,"4798,3950,12857,8562,6326,10326,4469,5303,9101,10594"
2530,2530,"3950,8562,13346,10326,2218,5303,4798,5199,5495,13408"
2533,2533,"9942,8413,6220,3950,9101,8188,8562,4798,6659,10326"
2540,2540,"8483,8562,13346,4798,10326,10916,3950,217,8413,9101"
2558,2558,"8562,3950,10326,8413,13346,12665,4798,9942,9101,89"
2559,2559,"6659,8188,12665,6220,9942,3950,10326,5545,8562,9101"
2592,2592,"4798,10326,275,13346,544,6220,6971,5303,12665,9693"
2599,2599,"10326,4798,8562,5303,275,4277,544,3950,8483,10916"
2608,2608,"9942,6220,8562,12665,3428,3950,12470,5495,9693,10326"
2613,2613,"11298,9730,2989,7120,9101,12869,9295,1290,1244,7679"
2616,2616,"8413,5495,4798,9101,10326,544,9730,8483,9942,8562"
2617,2617,"544,4798,1863,9101,5495,10326,9730,10429,8562,8483"
2619,2619,"3950,9942,8413,89,9101,4798,10326,544,8562,6220"
2622,2622,"7120,1290,11298,1244,9101,544,9295,9730,4798,10326"
2629,2629,"9101,1244,11298,544,9730,7120,1290,7679,2989,10326"
2648,2648,"9101,1244,544,7679,7120,1290,2989,10326,9730,12869"
2654,2654,"4798,10326,6220,8562,5303,12665,544,5495,3950,275"
2668,2668,"10429,9101,544,4798,8188,10326,9730,5495,8562,8483"
2703,2703,"5495,3565,9101,9693,4798,5199,10326,544,9730,9942"
2710,2710,"10326,8483,4798,13346,10916,6383,8562,3950,4277,12857"
2713,2713,"4798,10326,5303,13346,8562,6971,3950,275,8483,12857"
2722,2722,"7120,9101,9730,11298,1244,2989,4929,544,12869,7679"
2724,2724,"7120,1290,4929,1244,9101,4798,9730,9295,544,10326"
2727,2727,"10326,5303,4798,6220,8562,9942,9072,6971,8413,2218"
2755,2755,"7669,9101,11298,7679,544,12869,2989,9730,8978,1244"
2769,2769,"13346,275,4798,4277,8562,10326,8483,544,12404,8681"
2776,2776,"10326,5303,544,12665,9942,5495,9101,4798,2218,8562"
2781,2781,"7120,1290,4929,1244,9101,544,9295,4798,11298,10326"
2782,2782,"7120,11298,7679,1290,1244,4929,9101,9730,4798,544"
2789,2789,"9693,2343,4798,5199,10326,5495,544,13315,5676,9101"
2794,2794,"9942,12665,2903,3950,4798,9693,9101,5495,8562,10326"
2804,2804,"5303,3950,6220,8562,9693,9942,64,12665,2218,544"
2819,2819,"12665,544,5495,10326,8562,5303,4798,3950,6220,275"
2846,2846,"9942,8562,5303,4798,544,10326,6971,275,13408,9101"
2851,2851,"7669,12869,2989,11298,9101,7679,9730,544,1244,4798"
2861,2861,"10326,9404,9072,5495,8562,4798,544,4277,217,275"
2862,2862,"12665,9942,6220,9101,7679,89,9693,8562,11298,9730"
2867,2867,"13346,10326,10916,4798,5495,8483,9101,9178,10594,350"
2873,2873,"9693,5495,13408,544,2343,12470,10326,5532,4798,9101"
2880,2880,"6220,8562,9942,544,1863,10429,4798,5495,9101,10326"
2881,2881,"10326,4798,12857,10916,10594,8562,8483,8421,13249,717"
2886,2886,"4798,12665,5303,4277,8483,10326,50,8205,275,544"
2891,2891,"9693,2343,4798,10326,13346,6795,12665,5495,9942,5532"
2908,2908,"544,10326,4798,275,5303,7120,4277,9101,2140,350"
2910,2910,"544,9693,5303,6220,2343,4798,9101,8562,10326,9942"
2915,2915,"10326,4798,5495,9942,3950,8562,5303,9404,12665,10916"
2935,2935,"5303,544,10326,5495,5199,12665,9693,4798,6971,6220"
2946,2946,"544,9101,11298,1290,9730,1244,2989,12869,7679,9295"
2948,2948,"544,9101,2989,7679,11298,6220,7120,9730,1244,1290"
2969,2969,"9942,4798,3950,9101,10326,544,5495,9730,8413,8483"
2979,2979,"11298,12869,7679,1244,7120,9101,9730,2989,1290,10389"
3036,3036,"7679,3464,11298,7120,9101,4798,6248,10326,544,2989"
3050,3050,"10326,4798,3950,13346,8562,2343,9942,9693,9404,544"
3056,3056,"6659,4798,10326,9101,8483,544,8092,9730,5495,12665"
3061,3061,"4798,10326,4277,10916,5303,8562,717,12857,8421,8483"
3066,3066,"8562,6659,6220,4798,10326,5495,9942,544,8188,12665"
3069,3069,"10326,4798,12857,13346,217,8483,13249,5303,6326,9101"
3094,3094,"10326,4798,4277,5303,10916,8562,217,12857,350,544"
3106,3106,"12665,6659,6220,8562,8188,3950,10326,9942,4798,544"
3110,3110,"7120,1290,4929,9101,544,4798,10326,9730,10663,5495"
3115,3115,"2343,9693,5199,12665,10326,5495,544,9404,2903,4798"
3136,3136,"9101,544,8562,10326,5303,6220,6971,12665,9730,1290"
3159,3159,"10326,4798,6659,9404,1328,3950,8562,8483,9101,6383"
3166,3166,"10326,5495,544,4798,5303,12665,275,4277,6220,2343"
3172,3172,"9693,11298,2343,9101,544,89,9730,1290,1244,7679"
3200,3200,"13346,3950,10326,4798,2411,5676,8562,9101,5495,544"
3217,3217,"10326,4798,13346,3950,10568,2218,8562,12665,9942,8413"
3218,3218,"1244,7120,11298,1290,9101,544,7679,9730,10429,10326"
3229,3229,"4798,10326,13346,275,4277,5303,8483,10916,544,9340"
3230,3230,"544,10326,4798,9101,7120,275,5303,2989,1290,6220"
3274,3274,"4798,5303,6971,10326,9101,6433,5495,8483,12665,544"
3285,3285,"10326,5303,12857,4798,4277,8562,544,275,10916,3950"
3316,3316,"9942,8562,3428,6220,13346,12665,3870,13110,2411,4798"
3319,3319,"8562,4798,10326,4277,8483,10916,350,3950,8421,717"
3323,3323,"10326,4798,8562,5303,3950,8483,12665,13346,4277,544"
3346,3346,"4798,12665,5303,9730,6971,10326,2989,11298,8413,9101"
3354,3354,"10326,8562,13346,9942,4798,12857,11969,3565,12665,1328"
3368,3368,"4798,10326,8562,3950,217,10916,12857,4277,717,13346"
3374,3374,"9942,3428,12665,1290,8562,3870,7120,4798,5545,9101"
3391,3391,"10326,8562,12857,10916,3950,4798,217,4277,717,8421"
3397,3397,"8562,10326,9693,2343,89,4798,13346,8483,12665,6220"
3404,3404,"8562,5495,10429,4798,544,10326,9101,1355,8981,9730"
3408,3408,"8562,4798,5303,12665,8413,9942,6971,10326,13346,3950"
3416,3416,"9693,2343,6795,544,9101,2989,4798,10326,11298,9730"
3422,3422,"4798,10326,544,5303,8421,1290,7120,8562,9101,6971"
3423,3423,"544,5303,8562,1019,10326,8413,12665,6220,5495,8681"
3426,3426,"9942,6220,4798,6659,12665,3870,3950,8562,2411,10326"
3436,3436,"10326,8562,4798,544,12665,13346,6220,5495,275,6971"
3448,3448,"12857,10869,4798,10594,6433,8562,10326,717,9101,544"
3464,3464,"9942,12665,8562,3950,13346,6659,3428,5642,13306,4798"
3472,3472,"7120,11298,1290,1244,6971,9101,89,544,6220,8562"
3477,3477,"9942,544,10326,8562,5495,5303,6220,3950,6659,12470"
3488,3488,"3950,5303,4798,8483,12857,10326,13346,8562,10916,3428"
3497,3497,"4798,13346,8413,12665,10916,8562,10326,3950,9942,5303"
3504,3504,"9101,1863,4798,10326,544,9730,1244,5495,11298,8483"
3517,3517,"4798,5303,8562,13346,8413,3950,12857,10326,8483,10916"
3538,3538,"5495,5303,10326,4798,12668,217,9072,9101,544,275"
3544,3544,"4798,3950,12665,10326,9942,6220,5495,5461,64,9101"
3547,3547,"4798,717,10326,8483,217,4277,6383,13249,6220,8421"
3569,3569,"10326,275,12665,4798,5303,8483,5495,544,8421,717"
3570,3570,"9101,4798,10326,544,9730,5495,8483,170,12665,9693"
3575,3575,"10326,4798,275,4277,5495,544,8483,9101,5303,13346"
3579,3579,"4798,717,544,217,10326,13346,6433,4277,2343,3950"
3588,3588,"6220,544,7120,1290,4798,9101,10326,1863,9693,89"
3592,3592,"2989,12869,7679,9101,544,11298,9730,9942,1371,12665"
3617,3617,"10326,4798,8562,5303,10916,5495,717,6220,8421,4277"
3632,3632,"8413,3950,9942,9101,12665,4798,10326,13408,544,9730"
3650,3650,"4798,10326,544,275,9101,9730,5495,7063,11298,8483"
3654,3654,"10326,12857,5303,1328,4798,350,275,8483,9072,9178"
3656,3656,"5303,4798,10326,9101,544,9942,9730,5495,8483,2199"
3678,3678,"544,7120,6220,1290,9693,4798,9942,6971,12665,89"
3681,3681,"9101,4798,10326,544,9730,5495,8483,12665,9693,9942"
3683,3683,"4798,10326,5303,10916,10594,8483,8421,9101,544,10869"
3685,3685,"10326,4798,5303,544,3950,8483,4277,10594,3428,2218"
3699,3699,"7120,11298,3464,1244,1290,7679,2989,9101,9730,544"
3707,3707,"8413,5495,8562,9101,4798,10429,10326,544,9942,8188"
3731,3731,"7120,1244,9101,1290,544,2989,9730,4929,7679,4798"
3737,3737,"4798,8483,5303,10326,8562,6433,12857,3950,9101,8413"
3739,3739,"8562,8413,6659,4798,10326,8188,544,13346,9101,5495"
3744,3744,"3950,12665,9942,13346,6220,8562,4798,3428,8483,8413"
3753,3753,"10326,4798,10916,5303,13346,6971,12857,8421,3950,8483"
3778,3778,"4798,5303,8562,8413,9942,3950,6220,5495,10326,2218"
3786,3786,"8562,3950,6220,8413,9942,13346,3870,5303,4798,10326"
3790,3790,"8562,13346,3950,4798,5495,9942,8483,10326,5303,3870"
3804,3804,"717,217,4277,6383,8421,544,10077,350,10326,10568"
3805,3805,"8562,3950,4798,10326,5303,10916,12857,544,13315,5199"
3819,3819,"10326,544,4798,5303,8562,6220,3950,5495,9942,12665"
3827,3827,"9101,4798,10326,544,9730,5495,8483,12665,2459,9693"
3829,3829,"10326,4798,8562,5303,12857,10916,13346,8421,3950,8205"
3841,3841,"10326,275,5303,544,6971,8562,12665,13346,2343,9693"
3849,3849,"11298,9730,7120,9101,1290,1244,12869,9962,4798,10326"
3928,3928,"7120,9101,1244,11298,1290,9730,9295,4929,544,12869"
3988,3988,"11298,6288,7679,8978,9101,7342,4798,10326,9730,544"
3994,3994,"9101,11298,2989,7120,1244,544,1290,7679,9730,6220"
3998,3998,"13346,9942,2411,10326,3950,275,3428,5461,12665,4798"
4012,4012,"3950,13346,4798,8413,9101,10326,544,5495,8483,9730"
4021,4021,"5303,4798,10326,544,2343,9693,8205,2140,5495,9101"
4022,4022,"4798,8562,12665,5303,4277,6220,10916,275,13346,6971"
4047,4047,"9942,544,6659,5495,4798,8188,9101,3428,10326,8483"
4073,4073,"544,9101,2989,11298,1244,1290,9730,4929,4798,7679"
4099,4099,"5495,544,12470,9730,5303,6220,7120,275,12665,9101"
4100,4100,"5495,9101,4798,10326,544,9730,8413,8483,8562,12665"
4120,4120,"12470,13408,12099,8413,10326,1355,1323,12668,609,5199"
4126,4126,"544,7120,9101,11298,1290,10326,4798,4929,9730,2989"
4136,4136,"4798,8413,8562,12857,844,10326,5495,8483,9101,5303"
4160,4160,"7669,7679,11298,9101,12869,9730,4163,4798,544,6288"
4173,4173,"7120,1290,9730,1244,9101,544,6971,4798,89,11298"
4177,4177,"9730,11298,7120,544,9101,7679,1290,2989,1244,12869"
4183,4183,"10326,4798,5303,4277,8483,10916,717,544,8421,8562"
4191,4191,"7120,1290,4929,1244,9101,4798,10326,544,9730,5495"
4195,4195,"4798,8562,10326,4277,12857,10916,5303,13346,6433,275"
4213,4213,"544,5495,6220,2343,9693,6971,9942,10326,12470,9101"
4226,4226,"5495,9942,217,13249,3428,12665,13346,3950,5109,8483"
4227,4227,"7120,9101,275,9295,9730,1290,11298,1244,544,11299"
4232,4232,"4798,10326,13346,3950,8483,8562,13249,9101,12665,544"
4255,4255,"4798,10326,13346,4277,10916,717,5303,8421,8562,544"
4258,4258,"9101,544,12869,9295,4798,9730,4545,10326,11298,1244"
4274,4274,"8483,5303,10326,8421,1328,10916,4798,350,6383,9101"
4289,4289,"1290,10326,9942,544,89,9101,6220,2218,7120,5495"
4295,4295,"10326,8562,4798,4277,6220,13249,544,13346,12665,3950"
4300,4300,"8562,3950,3428,13346,4798,8483,6220,9942,12665,275"
4334,4334,"12857,4798,10326,8205,8562,9101,13346,8483,217,10594"
4361,4361,"4798,8562,10326,3950,275,5303,13346,9101,5495,12665"
4377,4377,"4798,3950,10326,8562,8483,8413,13346,5610,9101,3428"
4412,4412,"7120,9730,11298,1290,1244,9101,9295,7679,2989,4929"
4415,4415,"8413,12857,13346,7919,10326,4798,9101,1042,8483,544"
4424,4424,"4798,13346,10326,9101,544,8981,8562,9730,5495,8483"
4425,4425,"10326,10594,4277,4798,350,8483,12857,717,217,8421"
4430,4430,"4798,10326,8562,5303,13346,3950,12857,10916,4277,8483"
4433,4433,"4798,8413,10326,8562,5303,10916,5495,12857,10594,8421"
4436,4436,"5495,4798,10326,12470,544,9101,12665,8562,9730,275"
4458,4458,"10326,4798,5303,10916,3950,8483,13346,8562,13249,12665"
4461,4461,"10429,1863,5495,9101,4798,544,10326,8562,9730,8483"
4488,4488,"3950,12665,9942,13346,6220,5676,89,9404,4798,10326"
4497,4497,"7120,1290,1244,9101,11298,4929,9295,544,10326,4798"
4498,4498,"10326,5303,4798,4277,544,350,8483,9072,5495,10594"
4504,4504,"5495,8413,9942,4798,9101,10326,544,9404,8483,9730"
4510,4510,"9942,12665,6220,5303,3950,4798,10326,9730,8483,3428"
4512,4512,"9101,4798,10326,544,9730,5495,8483,12665,9693,9942"
4513,4513,"10326,544,4798,5303,6220,5495,3428,8413,12665,217"
4516,4516,"11298,9730,7120,9101,1244,1290,12869,2989,7679,544"
4526,4526,"4798,8562,544,6220,9942,12665,3428,6659,3950,4277"
4528,4528,"8562,4798,13346,10326,8483,10916,8413,12665,5303,12857"
4542,4542,"4798,3950,8562,12857,13346,12665,544,5303,6433,9942"
4559,4559,"7120,11298,9730,9295,1290,11299,9101,2989,3697,4798"
4572,4572,"8562,8413,13346,3950,4798,9101,10326,12665,5495,544"
4575,4575,"8562,4798,5303,12665,3950,6220,10326,275,9942,4277"
4583,4583,"217,4798,12857,10326,8562,4277,13346,1323,8421,10916"
4602,4602,"8562,4798,275,6220,1355,5495,6971,9101,12665,5303"
4608,4608,"11298,7679,1244,9101,7120,2989,9730,1290,4664,544"
4609,4609,"13346,5495,10326,9072,3950,11000,8562,8413,8483,4798"
4626,4626,"13346,8562,3950,64,8413,275,2343,9693,12665,10326"
4642,4642,"5495,8562,3950,3428,2343,13346,6220,8413,13315,12665"
4653,4653,"8562,9693,2343,12665,9942,6220,8681,6971,544,8413"
4664,4664,"11298,7120,1244,1290,9101,9730,9295,7679,4929,2989"
4665,4665,"7120,1290,4929,9101,4798,10326,9730,544,1244,5495"
4672,4672,"11298,9101,1244,7120,544,2989,1290,9730,12655,12869"
4680,4680,"4798,10326,3950,12857,10916,4277,217,6433,1328,350"
4705,4705,"10326,4798,8562,5495,12665,3950,5303,9942,8413,9101"
4707,4707,"8483,12857,9101,4798,1912,8562,10326,5495,544,8373"
4711,4711,"5495,8562,8413,12470,5199,3950,544,10326,12665,9942"
4732,4732,"12665,3950,5461,544,5495,5199,9101,10326,1323,13315"
4734,4734,"7120,1290,12665,9101,4929,9942,4798,6220,89,6971"
4735,4735,"7120,1290,4929,9101,4798,544,10326,9730,5495,8483"
4749,4749,"544,6220,9942,9693,9101,1863,2343,12665,10429,9730"
4751,4751,"10326,4798,5303,6971,13346,12665,9942,544,8562,275"
4762,4762,"4798,8562,8413,6971,13346,9101,10326,12665,8483,544"
4767,4767,"10326,4798,8562,544,10429,9101,8188,1863,5495,9730"
4771,4771,"4798,10326,8562,5303,544,6220,3950,6433,13346,9942"
4773,4773,"8413,12665,10326,5495,4798,5303,275,544,2218,9942"
4776,4776,"8562,12665,9101,10429,4798,544,10326,9730,5495,8483"
4783,4783,"9942,3428,6659,6220,8562,13306,3950,5184,10326,810"
4788,4788,"4798,12857,10594,10326,10916,8562,8421,9101,544,3950"
4808,4808,"3950,4798,350,8483,1328,13346,10326,9101,544,5495"
4810,4810,"4798,10326,3950,8562,8413,8483,13346,5303,9942,12857"
4818,4818,"4798,8562,217,10326,13346,10916,5303,717,3950,5642"
4823,4823,"8483,544,3428,9693,64,4798,8562,10326,1355,9101"
4829,4829,"8562,9693,4798,9101,10326,3950,544,5495,9730,8483"
4842,4842,"8562,10326,4798,10916,6220,8413,9942,544,8421,5495"
4859,4859,"5495,3950,8413,6220,9942,4798,12665,64,10326,5199"
4866,4866,"544,6220,7120,4798,9101,8562,1863,10326,8590,9730"
4881,4881,"10326,4798,12857,3950,6433,13346,10916,8483,4277,717"
4908,4908,"4798,1863,9101,544,10326,9730,5495,8483,12665,9693"
4910,4910,"9101,1244,1290,11298,544,4929,9693,10326,2989,12869"
4922,4922,"4798,10326,12665,8562,8413,6220,217,12857,3428,3950"
4942,4942,"544,10326,11298,6383,9101,4277,9730,9962,1244,7120"
4976,4976,"10326,12665,11298,4798,5303,9101,544,6220,9942,275"
4993,4993,"544,9101,1863,8562,10429,4798,10326,5495,9730,9693"
4995,4995,"10326,4798,5303,10916,4277,8483,8421,13249,544,8562"
5020,5020,"7679,3464,10326,11298,9101,544,4798,6659,9730,1328"
5040,5040,"8562,5303,12857,8413,10326,10916,3950,8483,12665,6433"
5048,5048,"4798,9101,5303,10326,6433,544,2140,9730,5495,8483"
5058,5058,"9693,2343,6795,13315,12665,4798,10326,5532,544,2537"
5067,5067,"4798,10326,4277,544,8562,10594,217,10916,350,5303"
5087,5087,"4798,8562,5495,10326,3950,6220,13346,544,3428,12665"
5090,5090,"89,12665,9101,4798,10326,8483,544,5495,9730,5875"
5102,5102,"5495,9101,4798,10326,544,9730,8483,12665,12470,9693"
5103,5103,"4798,8562,8413,5303,3950,12665,6220,6971,10326,9942"
5105,5105,"1863,9101,10429,544,4798,10326,5495,9730,9693,8483"
5108,5108,"5495,3950,4798,12470,10326,13346,8483,9101,13408,5303"
5119,5119,"544,6220,8413,4277,5495,9730,8562,5676,5303,9101"
5120,5120,"11298,9730,9101,544,7679,2989,7120,1244,1290,10326"
5124,5124,"9101,4798,10326,544,8483,9730,5495,12665,9693,9942"
5132,5132,"5495,8562,8413,5303,10326,4798,5199,1286,3950,2218"
5138,5138,"11298,12869,9101,2989,544,9730,9295,10326,4798,12665"
5144,5144,"10326,8562,544,4277,2343,13346,6433,217,10916,8421"
5159,5159,"10326,4798,13346,3950,8562,10916,544,6220,8421,6433"
5167,5167,"3950,9942,8562,10326,6659,6220,2218,4798,12665,8483"
5175,5175,"10326,4798,10916,12857,275,717,8483,6383,8421,4277"
5176,5176,"7120,1244,11298,1290,9101,7679,544,4929,9730,2989"
5185,5185,"3950,12665,4798,89,10326,8562,5495,9101,6971,13346"
5189,5189,"4798,3950,12665,10916,10326,8562,6326,8413,9455,6659"
5191,5191,"8562,10326,9942,13306,9101,6220,3428,89,12665,4798"
5206,5206,"9942,5303,6659,8562,6220,544,10326,4798,275,6971"
5213,5213,"12665,544,4798,8562,10326,6220,9693,5303,9404,2343"
5224,5224,"4798,8562,717,4277,13346,544,217,275,12857,6433"
5226,5226,"11298,9101,7120,544,12665,1244,1290,2989,12869,89"
5241,5241,"7120,1290,11298,4929,9730,9101,1244,4798,9962,10326"
5264,5264,"11298,9101,9730,544,7120,1244,2989,1290,7679,12655"
5268,5268,"5303,4798,10326,544,8562,4277,6971,10916,275,8421"
5270,5270,"4798,10326,8562,8413,12665,6220,5303,13346,6971,9942"
5287,5287,"9942,11969,9693,4798,9101,10326,544,9730,8483,5495"
5314,5314,"6220,4798,10326,8562,9101,544,9942,8483,9730,5303"
5318,5318,"7120,1290,4929,9101,4798,10326,544,9730,5495,8483"
5326,5326,"4798,8562,10326,6220,9101,8981,544,8413,5495,9730"
5336,5336,"8413,3950,4277,4798,10326,13346,9101,4895,8483,10950"
5343,5343,"11298,9730,1244,9101,9942,9962,4798,10326,544,7679"
5347,5347,"9942,9693,8562,6220,3428,12665,2343,544,3950,8413"
5354,5354,"4798,8562,5495,3950,10326,13346,9101,12470,275,8483"
5356,5356,"4798,10326,3950,10916,8562,6971,12665,8483,6220,5303"
5367,5367,"7120,1290,6220,89,9101,544,8562,4798,8413,9942"
5373,5373,"8562,8413,5303,3950,4798,12665,9101,10326,6220,1746"
5385,5385,"544,6659,6220,10326,5495,350,12470,9101,4277,4798"
5458,5458,"9942,3428,6220,8483,810,13306,3950,4798,9101,13110"
5463,5463,"4798,10326,8562,5303,6220,275,544,9942,6433,4277"
5471,5471,"11298,7679,9101,9730,1244,2989,12869,544,1779,4798"
5476,5476,"4798,275,10326,12665,6220,9730,1290,9101,5303,544"
5484,5484,"8562,3950,13346,8413,4798,12665,10916,10326,8483,9101"
5508,5508,"9101,11298,7120,1244,1290,9730,12869,2989,544,9962"
5513,5513,"8413,9942,5303,8562,12665,6220,4798,2218,544,9693"
5520,5520,"10326,544,717,4277,4798,8562,5303,6433,217,12857"
5524,5524,"13346,8562,9942,5495,3428,3950,3870,1889,13306,6220"
5539,5539,"5495,8413,9942,8483,5303,12470,4798,6220,8188,12665"
5554,5554,"10326,9340,10916,4798,9101,544,8483,9730,5495,12665"
5564,5564,"4798,10326,5303,12857,8562,544,4277,5495,8483,8421"
5595,5595,"10326,5495,4798,8413,5303,8562,275,13346,9942,544"
5601,5601,"275,10326,4798,5303,8562,6971,2140,9101,544,12665"
5602,5602,"10326,4798,8562,5303,12857,275,3950,8483,8413,544"
5618,5618,"7120,1290,9730,11298,9101,12869,1244,2989,4798,10326"
5643,5643,"13408,9693,9101,5495,4798,544,5199,10326,9730,12665"
5644,5644,"4798,5495,10326,544,9942,8483,9101,8413,5199,9730"
5651,5651,"4798,8562,10326,5303,8483,3950,6220,10916,2218,12857"
5655,5655,"5495,8413,8562,12668,12099,10326,5676,4798,9101,544"
5658,5658,"10326,4798,10916,8562,8421,12857,10594,9101,8483,13249"
5660,5660,"10326,6659,13110,1323,544,8483,4798,9101,1286,3428"
5662,5662,"6220,12665,3950,89,9942,8413,12470,3428,4798,5545"
5670,5670,"4798,10326,3950,12857,5303,8562,6433,8421,13249,6326"
5676,5676,"11298,7120,1290,9295,1244,9730,12869,9101,7679,1779"
5680,5680,"4798,12665,6220,13346,8562,9942,3870,10326,8413,89"
5698,5698,"9101,10326,9693,544,12665,9942,11298,6220,2343,5495"
5710,5710,"5495,10326,13315,4798,3950,5199,9693,9101,12665,544"
5723,5723,"11298,7679,2989,9101,9730,1244,4545,544,7120,4798"
5742,5742,"9693,2343,544,6795,5532,10326,4798,9101,5495,12665"
5748,5748,"4798,8562,12665,6220,3428,9942,10326,13346,13408,8483"
5750,5750,"8413,544,5495,8562,5303,10326,4798,6220,12665,6971"
5787,5787,"3950,4798,10326,9942,2343,9693,13346,544,9101,9404"
5798,5798,"4798,10326,2343,5303,13346,9693,3950,10916,12665,8562"
5799,5799,"4798,9101,10326,544,9730,5495,8483,9306,12665,9693"
5815,5815,"9693,11298,9101,2343,544,1290,7120,1244,9730,12869"
5822,5822,"10326,5303,4798,1286,8413,9072,5495,12665,3950,2218"
5834,5834,"12665,8562,5495,4798,5303,3950,10326,13315,6220,1286"
5846,5846,"4798,10326,544,5303,13346,3950,8483,12857,275,12665"
5858,5858,"4798,3950,8413,5495,8562,10326,5303,9101,544,8483"
5882,5882,"4798,10326,5303,544,8562,10916,4277,9072,217,6433"
5892,5892,"13346,4798,8562,10326,5303,10916,8483,12665,12857,9101"
5897,5897,"8413,3950,8483,8562,5303,10326,4798,8421,10916,6220"
5898,5898,"8413,3950,4798,8562,10326,12665,9942,6220,5495,9101"
5902,5902,"8413,9101,4798,10326,544,9730,5495,8483,12665,1847"
5919,5919,"10326,7120,12869,544,1290,9101,1244,4277,8562,6433"
5934,5934,"544,8483,9101,10326,9693,4798,9730,5495,12665,11524"
5946,5946,"7120,1290,6971,9101,9730,9295,4798,4929,10326,544"
5965,5965,"9693,2343,5199,1374,9101,4798,8408,10326,544,5532"
5995,5995,"10326,4798,3950,3428,544,6220,9942,13346,4277,2343"
6005,6005,"9101,544,11298,2989,12655,9693,7679,6220,1244,12665"
6006,6006,"9942,6220,3950,8562,5495,8413,89,12665,13346,3428"
6013,6013,"10326,8562,4798,10916,6433,717,9942,217,6220,3950"
6016,6016,"5495,3950,10326,13346,4798,8413,5303,8562,5199,10916"
6023,6023,"7120,9101,1244,544,11298,9730,10326,4798,2989,7679"
6052,6052,"5495,3950,4798,10326,12665,3428,8562,9942,13346,5303"
6056,6056,"544,5495,10326,12665,6971,4798,9693,5303,13346,5199"
6059,6059,"4798,5495,10326,5303,6220,3950,8413,12857,275,12665"
6064,6064,"10326,8562,4798,3950,5199,5303,9942,10916,9101,13346"
6091,6091,"3950,5199,9942,12665,5495,2218,6971,4798,10326,8413"
6112,6112,"7120,11298,1244,2989,7679,9730,9101,12869,3464,9295"
6133,6133,"5303,9693,9942,6220,10326,13315,3950,5199,5532,4798"
6150,6150,"4798,5610,10326,9101,8483,5495,544,9730,12665,9693"
6155,6155,"10326,4798,8562,5303,12857,10916,8483,9942,12665,544"
6157,6157,"10326,4798,5303,10916,12857,8562,8421,8483,3950,217"
6212,6212,"8562,6220,5495,4798,12470,9101,9942,3428,3870,10326"
6218,6218,"10326,3950,10916,8562,13346,5303,4798,4277,8421,8483"
6242,6242,"4798,6220,10326,9942,275,6659,8562,13110,8483,6971"
6243,6243,"10326,4798,544,8562,5495,5303,275,8421,4277,3950"
6260,6260,"4798,10326,810,8421,8483,9101,544,8562,9730,5495"
6262,6262,"10326,4798,8483,275,9101,2140,544,5495,9730,9942"
6278,6278,"5303,275,544,5495,12099,6971,4798,2218,10326,8483"
6280,6280,"4798,8483,5303,8562,3950,8413,6220,13249,13346,12665"
6287,6287,"4798,8562,10326,544,6971,12665,5303,2140,9519,31"
6305,6305,"10326,717,5303,4798,544,4277,217,9942,8483,8562"
6320,6320,"7120,5303,9942,6220,9693,10326,1290,4798,2343,6971"
6339,6339,"2343,8413,4798,9693,8562,12665,275,10326,13346,9942"
6360,6360,"4798,544,8483,275,5303,6220,8413,8562,9693,3950"
6370,6370,"10326,8562,8413,3950,4798,5495,6220,8483,5303,3428"
6376,6376,"4798,10326,5303,8562,275,8483,4277,13346,10916,6220"
6378,6378,"9101,1244,11298,7120,2989,9295,9730,544,7679,12869"
6379,6379,"8562,10326,4798,5303,544,8413,3950,12857,217,6220"
6398,6398,"544,2343,9101,6795,1244,7679,2537,2903,10326,12655"
6422,6422,"8413,8562,13346,4798,9942,8483,844,5495,10326,9101"
6424,6424,"3950,4798,11561,8483,9990,8413,12857,9101,275,10326"
6436,6436,"9101,4798,10326,544,5495,9730,8483,12665,9693,8562"
6454,6454,"9693,544,2343,9101,6795,11298,10326,12665,4798,9942"
6464,6464,"4798,10326,8483,5303,8421,10916,2158,9693,9101,544"
6479,6479,"8483,4798,3950,13346,5495,10326,9101,8413,12665,544"
6485,6485,"1863,9101,4798,10326,8981,544,9730,5495,8483,8562"
6488,6488,"9942,6220,3950,12665,3428,4798,8562,8413,5545,3870"
6490,6490,"9942,13110,4654,8562,9101,4798,10326,4823,3870,544"
6498,6498,"10326,8562,9942,3428,6220,3950,4798,5303,217,12665"
6533,6533,"9101,11298,544,12665,2989,9730,4798,7679,10326,12869"
6577,6577,"10326,9942,4798,3950,10916,13346,4277,217,3428,6220"
6579,6579,"4798,10326,12857,544,4277,8483,5303,717,8421,10594"
6583,6583,"10326,6220,8562,3428,3950,4798,544,5495,9942,13346"
6597,6597,"8562,9693,10326,9942,2343,4798,5303,544,275,5495"
6599,6599,"12665,6220,13408,4798,6971,275,5303,1290,9942,9101"
6607,6607,"9942,8483,8413,5303,8562,3428,3950,4798,6220,5495"
6613,6613,"8562,3950,6220,12665,13346,3428,10326,8681,5495,4798"
6622,6622,"7120,9295,1290,11298,9730,89,9101,12665,4798,1244"
6637,6637,"6220,2343,9693,12665,2218,8562,9101,4798,10326,544"
6644,6644,"10326,4798,8562,5303,4277,717,6220,3950,10916,8483"
6651,6651,"11298,9101,1244,9730,2989,544,7120,12869,1290,7669"
6674,6674,"10326,12665,3950,8562,13346,5495,3428,8413,4798,10916"
6683,6683,"9693,2343,10326,4798,12665,5199,13346,5303,5495,9101"
6686,6686,"9101,1863,9730,9693,544,1290,4798,11298,10326,7120"
6707,6707,"544,5495,5303,2343,10326,8562,9693,12665,4798,13346"
6724,6724,"10429,1863,9101,4798,10326,544,9730,1244,5495,12665"
6729,6729,"10326,8562,4798,9942,6220,5303,275,3950,12665,8483"
6739,6739,"12665,8562,3950,8333,9101,9942,4798,10326,5495,544"
6756,6756,"5303,10326,4798,3950,275,8562,9072,6433,6220,10916"
6764,6764,"6659,50,5303,8562,9602,10326,9101,4798,544,5545"
6768,6768,"9942,10326,6220,8562,3428,6659,275,12665,4798,5303"
6787,6787,"12665,8562,3950,4798,2218,13315,1286,10326,8483,9101"
6808,6808,"1244,11298,544,7120,1290,2989,9730,7679,12869,9942"
6811,6811,"544,8483,10326,4798,12665,275,350,4277,9101,6383"
6812,6812,"8562,4798,10326,3950,12665,9942,3428,13346,275,544"
6831,6831,"9942,10326,544,5303,6220,4798,12665,275,8562,8413"
6833,6833,"2343,12665,9693,8413,6220,9101,4798,10326,544,8562"
6840,6840,"4798,5303,10326,9101,8483,544,2140,275,9730,12665"
6842,6842,"7120,1244,11298,1290,9101,9730,544,4929,9962,12869"
6855,6855,"9101,11298,9730,1244,7120,544,7679,2989,1290,12869"
6869,6869,"10326,4798,5303,8562,12857,10916,8421,6433,4277,3950"
6874,6874,"6220,4798,6971,544,12665,9101,8413,10326,1747,9730"
6879,6879,"544,9693,5199,9942,5495,4798,10326,2343,9101,2903"
6885,6885,"13346,5676,3950,4798,9101,10326,5495,544,8413,9730"
6886,6886,"9942,13346,12665,6220,4798,2343,9693,3950,13408,6795"
6902,6902,"10326,4798,4277,8562,544,10916,6433,13346,717,3950"
6908,6908,"11298,9101,7120,2989,7679,1244,1290,544,12869,9730"
6911,6911,"3950,6659,9942,10326,11484,50,9101,4798,3428,544"
6912,6912,"12665,3950,6220,9942,810,4798,544,8562,10326,13346"
6919,6919,"544,11298,9101,7120,2989,1244,1290,9730,9295,12869"
6926,6926,"9101,4798,8413,5495,10326,544,5532,9730,9942,12665"
6934,6934,"8562,10326,8483,217,3950,8421,4798,10916,717,9101"
6935,6935,"4798,10326,544,8562,8483,12665,4277,6220,13346,217"
6939,6939,"8413,4798,5303,6220,10326,9942,9101,12665,8562,275"
7000,7000,"9942,544,9693,6220,2343,5303,12665,89,8562,3950"
7003,7003,"8562,10326,3950,5495,12665,2343,9942,9693,4798,6220"
7005,7005,"10326,4798,544,217,3428,6433,717,10916,8562,3950"
7042,7042,"10326,4798,12665,8562,5303,10916,3950,13346,5495,8421"
7045,7045,"4798,10326,8562,544,8413,13346,6971,5495,3950,652"
7047,7047,"10429,9101,4798,10326,544,9730,5495,8483,12665,9693"
7053,7053,"544,6220,8562,10326,4798,12665,10429,9101,9942,8188"
7063,7063,"10326,8483,717,10916,13249,3950,4798,13346,1328,12857"
7067,7067,"2343,9693,3950,717,544,2218,13346,217,2537,4798"
7071,7071,"10326,4798,12857,4277,717,10916,13346,6433,3950,5303"
7078,7078,"8562,3950,6220,5495,3428,9942,12470,13346,275,2218"
7109,7109,"10326,1355,6659,8562,6433,4798,6326,12857,9101,2585"
7118,7118,"4798,10326,12857,6433,10916,10594,5303,8562,6270,5495"
7129,7129,"11298,9101,7120,1244,9730,1290,2989,544,7679,12869"
7133,7133,"10326,4798,8483,217,609,5495,350,5303,652,544"
7139,7139,"1355,544,9295,769,9101,4798,10326,6971,11464,8590"
7142,7142,"12665,4798,3950,10326,5303,8562,544,6220,4277,275"
7146,7146,"9693,4798,5303,2343,10326,12665,544,5199,8483,5495"
7172,7172,"10326,4798,217,8562,10916,4277,717,8421,12857,350"
7181,7181,"5495,12665,89,64,10326,13346,8483,2343,544,12470"
7195,7195,"4798,10326,8562,10916,4277,544,717,5303,12857,217"
7197,7197,"4798,8562,10326,3428,5303,9942,217,8413,12470,3950"
7203,7203,"7120,11298,9101,1244,1290,2989,4929,9730,9295,544"
7223,7223,"8562,4798,3950,12857,10326,5303,10916,12665,6220,8483"
7235,7235,"544,12869,9101,7120,11298,9730,7679,1290,5303,6971"
7236,7236,"10326,544,12665,7120,4798,9101,5303,1244,4277,275"
7237,7237,"7120,1290,1244,9101,544,4798,4929,10326,9693,9730"
7255,7255,"7120,1290,4798,544,9295,4929,9101,9730,6971,1244"
7297,7297,"12665,9693,4798,10326,8562,6220,9942,544,5303,275"
7320,7320,"8413,3950,4798,10326,5495,9693,5303,11572,544,8562"
7323,7323,"12665,9693,2343,13346,64,3950,9942,275,5495,6220"
7326,7326,"8483,10326,4798,5303,5495,2218,9101,275,2140,12665"
7343,7343,"10326,4798,6433,4277,717,8562,350,8421,217,10916"
7363,7363,"6220,13346,5495,8562,89,10326,4798,9942,12665,1230"
7364,7364,"4798,8483,10326,6971,13346,5303,12665,12274,844,2218"
7366,7366,"6220,9942,3428,3950,544,9101,4798,10326,3870,12665"
7372,7372,"8413,4798,5495,5303,13346,6302,8483,8562,12665,9942"
7399,7399,"544,9693,10429,9942,1863,9101,4798,13408,5495,10326"
7402,7402,"12665,8413,5303,8562,5495,6220,4798,2218,8483,9072"
7406,7406,"10326,8562,4798,544,9101,2140,9730,5610,5495,8483"
7421,7421,"544,9942,4798,8413,10326,12665,8562,9101,5676,3950"
7425,7425,"7120,544,10326,9101,6220,1290,8562,4798,1244,9942"
7431,7431,"4798,10326,10916,12857,8562,8421,6971,8483,13346,4277"
7447,7447,"4798,10326,8421,8562,10916,9101,8205,12665,5495,544"
7451,7451,"8562,6220,4798,1863,10429,544,10326,9101,5495,8188"
7453,7453,"7120,1244,4929,9101,4798,544,10326,9730,11298,9962"
7456,7456,"544,9101,275,9962,1290,4798,12665,10326,2989,9730"
7484,7484,"7120,11298,1290,9730,4929,1244,9101,9295,4798,10326"
7486,7486,"5495,8413,4798,5303,10326,3950,8562,8483,2218,12857"
7505,7505,"11298,7120,9101,1244,7679,1290,2989,9730,544,4929"
7529,7529,"4798,8562,10326,13346,10916,275,2140,12857,9101,8483"
7532,7532,"11298,2989,9101,7679,544,1244,8978,6288,12869,9942"
7548,7548,"10326,8562,4798,12665,6220,13346,5303,8483,9942,3950"
7550,7550,"3950,9404,8562,4798,10326,217,1323,9101,50,8483"
7557,7557,"10326,4798,4277,8421,10916,717,12857,217,8483,10594"
7574,7574,"7120,1290,11298,4929,9101,1244,9730,7679,4798,10326"
7586,7586,"1863,9101,544,4798,9942,10326,5495,8562,9730,9693"
7592,7592,"9101,4798,10326,544,9730,5495,8483,12665,9693,9942"
7594,7594,"8413,3950,12857,4798,8562,9942,9101,10326,13346,5495"
7600,7600,"9693,10326,2343,5495,8562,4798,9942,9404,13346,12665"
7601,7601,"10326,4798,5303,10916,8562,13346,12857,8483,10594,275"
7642,7642,"10326,4798,544,5303,9942,6220,11298,12869,9101,1244"
7647,7647,"8413,5303,1862,544,8562,275,8483,10326,9101,4798"
7650,7650,"8413,8562,544,3950,5303,4798,6220,12665,10326,8483"
7660,7660,"11298,9101,544,9730,12869,2989,7120,1244,7679,12665"
7682,7682,"4798,10326,8562,6220,275,3950,12665,5303,13346,544"
7712,7712,"10326,544,3428,6220,5303,4798,275,12665,8562,3950"
7728,7728,"8562,4798,10916,3950,10594,8483,11000,12857,10326,9101"
7763,7763,"8562,4798,10326,6220,3428,12665,13346,6659,5303,8413"
7764,7764,"10326,544,275,4798,9942,5303,13346,6220,6971,3950"
7765,7765,"11298,2989,9730,9101,7679,8978,12869,544,4890,1244"
7768,7768,"6659,9942,8413,4798,8562,9101,10326,8483,3950,544"
7776,7776,"7120,1290,9101,9730,9962,11298,4798,544,10326,1244"
7834,7834,"4798,10326,9101,8483,544,9730,5495,8421,12665,9693"
7850,7850,"4798,4277,544,275,8421,10594,12857,217,8483,10916"
7860,7860,"11298,9101,7120,1244,2989,7679,544,1290,9730,4929"
7879,7879,"4798,10326,5303,6971,10916,5495,8421,275,8562,544"
7892,7892,"544,9101,9693,11298,10326,9156,1290,12665,1244,7120"
7895,7895,"4798,6220,8413,5495,5303,8562,275,10326,9942,9101"
7901,7901,"4798,10326,10916,3950,8562,5303,544,6220,12857,4277"
7922,7922,"12665,544,4798,6220,4277,3950,13346,217,8562,9942"
7927,7927,"10326,4798,8562,5303,8413,544,5495,11969,6220,8421"
7931,7931,"9693,275,4798,544,2343,5303,13346,10326,12665,8413"
7938,7938,"12470,3950,9942,3428,10326,2411,8562,5199,1323,9404"
7942,7942,"8562,10916,544,10326,4277,217,3950,6433,5495,350"
7964,7964,"8413,3950,1323,5495,9942,9101,12665,4798,8483,10326"
7982,7982,"5495,64,3950,2343,12665,9693,5199,9404,2903,89"
7988,7988,"7120,1290,9101,4798,4929,544,10326,9730,1244,5495"
7992,7992,"4798,8562,10326,13346,5303,10916,4277,12857,6220,8421"
8005,8005,"8413,4798,5303,12665,9693,10326,2343,544,5199,9101"
8019,8019,"3464,7679,9101,9730,4798,11298,10326,544,6248,5495"
8026,8026,"4798,8562,10326,13346,12665,3950,9942,6220,10916,8413"
8028,8028,"9693,2343,544,9404,6795,5495,10326,5532,4798,13346"
8085,8085,"13346,50,8413,9101,9693,4798,10326,8483,275,544"
8103,8103,"89,12665,9101,4798,10326,9730,544,9693,9942,5495"
8108,8108,"10326,8562,3950,9072,6220,4277,3428,217,10594,4798"
8137,8137,"9693,12665,2343,9942,5495,5303,544,89,4798,6971"
8138,8138,"10326,8562,13346,5303,6433,12857,8483,217,10916,4277"
8139,8139,"4798,10326,5303,8562,5495,3950,275,6971,8421,544"
8148,8148,"4798,9942,10326,8562,12665,13346,544,6220,8483,3950"
8150,8150,"10326,4798,8562,275,12665,5303,3950,13346,6220,544"
8160,8160,"544,9101,7120,11298,2989,1290,12869,10326,1244,12665"
8175,8175,"12665,8483,12470,5495,9101,10916,11639,1328,10326,544"
8191,8191,"7120,9730,9101,2989,12869,1290,6591,4929,11298,1244"
8198,8198,"4798,8483,10326,9942,6220,544,8562,275,3950,6971"
8202,8202,"9101,11298,9730,7679,1244,2989,7605,544,8978,12655"
8233,8233,"4798,10326,8483,12665,6971,5303,13346,89,10916,3950"
8251,8251,"4798,5126,13346,9101,544,10326,12136,9693,5495,9730"
8252,8252,"10326,4798,8562,4277,717,10916,12857,6433,8483,217"
8265,8265,"544,10326,4798,5303,8562,275,6220,12665,6971,8413"
8267,8267,"10326,4798,10916,8562,8483,5303,8421,12857,6433,717"
8268,8268,"8562,13346,12665,10326,12857,4798,717,9942,5303,6326"
8294,8294,"9693,544,2343,6795,10326,6971,5303,4798,5495,9101"
8299,8299,"7120,1290,9101,11298,1244,9962,9730,4798,544,10326"
8302,8302,"10326,4798,5303,8483,9072,12857,4277,2218,2140,10916"
8303,8303,"1290,9101,1244,4929,11298,9730,544,9295,4798,2989"
8323,8323,"9693,4798,10326,2343,5495,8562,6971,544,5199,13346"
8327,8327,"5303,12665,3950,4798,8413,6220,6971,89,2218,9942"
8331,8331,"3950,6659,4798,5303,9942,13408,3428,8483,6220,9101"
8332,8332,"11298,9101,1244,7120,1290,9730,7679,544,2989,4798"
8334,8334,"3950,8562,6220,4798,8413,5495,12665,11572,8483,9942"
8337,8337,"544,11298,7120,1244,2989,9295,1290,10326,9730,7679"
8341,8341,"13346,3950,8562,4798,10326,6326,8413,5495,9942,9101"
8361,8361,"10326,4798,9942,8562,5303,6971,12665,544,1747,8483"
8369,8369,"9404,2411,9072,3950,9693,12665,10326,2218,544,5303"
8378,8378,"10326,5303,6971,8421,10916,4798,544,13249,13346,9101"
8407,8407,"7679,11298,2989,3464,9101,8978,544,9730,12655,1244"
8419,8419,"1244,9101,544,11298,7120,2989,1290,9730,4664,10326"
8424,8424,"5303,544,10326,8562,4798,9101,1863,5495,9942,9730"
8425,8425,"5303,8562,10326,4277,4798,10916,6220,8483,2411,10869"
8438,8438,"7120,1290,9101,4929,3697,4798,11298,9730,10326,544"
8447,8447,"10326,4798,12857,10916,4277,5303,8562,717,6433,217"
8458,8458,"12869,11298,9730,9101,4798,10326,544,5495,9962,8483"
8463,8463,"10326,4798,5303,544,8562,6220,9942,5495,10916,12857"
8471,8471,"4798,12665,10326,6971,8562,3950,5303,13346,10916,8483"
8472,8472,"9101,7679,7120,11298,1244,544,1290,12869,9730,2989"
8477,8477,"4798,5303,10326,544,6971,8562,9693,2343,12665,6220"
8478,8478,"9693,12665,544,5495,2343,5303,12470,6971,4798,5199"
8483,8483,"11298,1290,89,9295,7120,9101,544,9693,9730,4798"
8496,8496,"10326,8562,3950,5303,6971,544,8205,9404,5495,10916"
8497,8497,"10326,8562,4798,12857,217,10916,13346,3950,717,3428"
8501,8501,"10326,4798,8413,8562,13346,8483,9101,3950,544,9942"
8506,8506,"9942,3950,10326,4798,13346,6220,5495,3428,12470,8562"
8520,8520,"10326,4798,8562,10916,12857,5303,544,3950,12665,4277"
8524,8524,"544,12665,10326,9101,11298,7679,6220,9693,4277,217"
8531,8531,"4798,8413,8562,10326,275,50,13346,3950,10916,8483"
8556,8556,"10326,544,8562,4798,5303,8483,4277,717,350,1355"
8579,8579,"9730,11298,9101,7679,1244,2989,544,12869,12665,10326"
8585,8585,"6220,544,5495,9693,10326,12470,1355,2218,9101,4798"
8591,8591,"10326,12665,6220,3428,4798,6659,9942,5303,13346,8188"
8592,8592,"7120,1290,9101,4929,544,9693,9730,1244,4798,10326"
8596,8596,"9942,3950,4798,8562,8413,6220,3428,13346,717,10326"
8598,8598,"10326,5303,3950,4798,544,3428,9942,275,8562,12665"
8608,8608,"7120,1290,9101,9730,11298,1244,4798,10663,544,10326"
8610,8610,"7120,11298,1244,1290,9101,9730,4929,9295,544,12869"
8617,8617,"7120,11298,1290,9295,1244,9101,9730,4798,10326,544"
8621,8621,"5495,5303,8413,4798,5199,2218,10326,9101,8483,8562"
8629,8629,"9101,4798,10326,9730,544,9093,5495,8483,12665,3420"
8649,8649,"12665,5495,8413,9101,4798,10326,544,9730,12470,8483"
8652,8652,"7120,4929,1244,11298,9101,9730,4798,544,10326,5495"
8714,8714,"2989,7120,6220,9101,9730,11660,11298,9942,8590,1290"
8718,8718,"12665,9101,89,4798,9942,10326,544,9693,9730,8413"
8733,8733,"9101,11298,544,12655,7679,1244,2989,9730,1290,7120"
8734,8734,"3428,6220,12665,3950,13306,4654,9101,4798,13110,3870"
8754,8754,"5495,8562,544,5303,217,3950,2218,10326,12470,12665"
8771,8771,"8413,4798,8562,6220,8205,10326,9942,5303,9101,544"
8791,8791,"544,10326,4798,9693,13346,2343,8562,6220,275,5303"
8794,8794,"4798,8562,10326,3950,810,5303,6220,13346,3428,544"
8797,8797,"9453,10326,9101,4798,5676,350,544,8562,9730,5495"
8804,8804,"10326,4798,13346,8562,3950,6220,10916,8483,13249,12857"
8809,8809,"275,10326,12857,4798,13346,6971,5303,50,10916,544"
8823,8823,"11298,7120,1290,9101,4929,2989,9730,7679,9295,544"
8833,8833,"10916,10326,9404,8562,12665,3950,4277,4798,8421,12857"
8835,8835,"9693,7120,11298,1290,2343,1244,12869,9295,9101,9730"
8840,8840,"4798,8413,2140,6971,9101,5303,10326,544,8562,5495"
8842,8842,"8413,9101,544,4798,5495,10326,9730,844,13408,12665"
8860,8860,"544,11298,12665,9101,7679,9730,6220,89,9942,12869"
8866,8866,"10326,4798,8562,8483,8421,4277,717,10916,9101,544"
8877,8877,"8562,4798,9101,10326,544,8483,9730,5495,11484,12665"
8887,8887,"8413,9190,8562,4798,10326,9101,544,5495,9730,9942"
8895,8895,"10326,9101,4798,544,9730,6659,8483,5495,350,12665"
8907,8907,"1244,7120,11298,1290,9101,9295,9730,9962,4798,544"
8921,8921,"4277,4798,10326,350,6433,717,5303,10916,12857,275"
8928,8928,"7679,11298,9101,3464,401,7669,9730,7120,544,12869"
8936,8936,"10594,13408,9101,4798,217,12857,10326,544,6491,9730"
8965,8965,"9693,10326,4798,2343,544,9942,5303,13346,12665,6220"
8971,8971,"9693,2343,12665,6795,5495,9942,10326,8562,544,4798"
9000,9000,"544,9101,11298,7120,1244,1290,7679,9730,9693,2989"
9023,9023,"12665,544,9693,4277,3950,2343,4798,9942,8483,9101"
9025,9025,"275,12665,10326,5303,4798,89,9693,544,6971,5199"
9031,9031,"8413,3950,4798,10326,9101,9942,8562,5495,544,2903"
9045,9045,"4798,10326,6659,5303,8483,9942,6220,275,4277,544"
9053,9053,"12665,8562,6220,10326,3950,4798,13346,8413,9693,544"
9054,9054,"9942,8483,3950,3428,8413,6220,12665,4798,5495,13375"
9060,9060,"10326,8562,4798,5303,6220,544,12665,3950,10916,13346"
9063,9063,"8413,8562,3950,8483,9942,2585,13346,4798,9101,10326"
9071,9071,"8562,9942,12665,3428,6220,3950,8681,8413,275,5495"
9078,9078,"9693,544,2343,4798,9101,10326,6795,13315,2537,5495"
9101,9101,"4798,10326,8562,6220,9942,13346,1355,3950,544,3428"
9108,9108,"5303,3950,3428,9942,6220,544,5495,4798,8483,275"
9110,9110,"10326,4798,12665,8562,12857,6433,8483,5303,9072,5495"
9114,9114,"11298,2989,544,5495,9101,6220,9730,12665,7679,1244"
9144,9144,"11298,9101,1244,544,7120,1290,10326,9730,12665,7679"
9172,9172,"7120,9101,544,6220,1290,4798,1863,10326,5495,8981"
9185,9185,"544,5495,1863,8562,10429,9101,10326,6220,4798,9693"
9190,9190,"4798,3950,10326,8562,5303,12857,8413,5642,10916,6220"
9193,9193,"10326,3950,4798,8562,12857,10916,9404,6220,8483,13346"
9198,9198,"10326,4798,5303,4277,9101,544,9340,9730,8483,5495"
9200,9200,"7120,10326,544,1290,4798,9101,275,1244,9942,5303"
9201,9201,"7679,11298,7120,1290,9101,4798,3464,10326,9730,544"
9204,9204,"544,10326,4798,5303,5495,8483,275,6659,13346,9693"
9215,9215,"7120,4798,1290,10326,4929,2140,9101,1747,544,5495"
9222,9222,"9730,7120,9101,12869,11298,1290,1244,544,9295,4798"
9233,9233,"4798,5303,4277,6383,12665,10916,544,2411,8562,8483"
9235,9235,"9101,544,1290,1244,7120,10326,7679,4798,2989,9730"
9245,9245,"7120,9101,1290,1244,544,11298,4798,10326,9730,12869"
9275,9275,"12665,89,9101,8483,4798,5495,10326,544,9730,5875"
9308,9308,"544,9942,8562,3428,6220,8413,3950,9693,10326,5184"
9323,9323,"8483,717,544,4277,10326,217,8421,4798,9072,9101"
9329,9329,"10326,8562,12665,3950,5303,13346,5495,6220,12857,10916"
9355,9355,"4798,8562,8413,3950,10326,6220,5303,2218,12665,6971"
9369,9369,"4798,10326,5303,12857,6433,8483,13249,13346,275,717"
9386,9386,"8188,5495,11484,12470,9101,8562,4798,10326,544,9730"
9388,9388,"4798,544,5303,12665,6220,9942,275,8188,13346,5495"
9401,9401,"7120,11298,1290,9730,1244,9101,7679,3697,9962,4929"
9418,9418,"10326,9942,6220,4798,8413,3950,12665,544,8483,5495"
9433,9433,"4798,10326,8562,8483,13346,4277,10916,217,3950,717"
9440,9440,"10326,544,217,4798,8562,4277,717,10916,8421,5303"
9446,9446,"3950,13346,10326,8562,9942,4798,13306,3428,2218,13408"
9464,9464,"5495,12470,5676,8413,544,8188,2585,8562,9101,4798"
9477,9477,"8562,4798,275,5303,5495,10326,12665,3950,8483,544"
9488,9488,"11298,7120,9101,9730,1290,1244,544,12869,12665,7679"
9500,9500,"10326,4798,10916,717,4277,12857,13346,6433,350,8562"
9502,9502,"4798,8562,3428,3950,544,10326,13346,810,13249,10916"
9507,9507,"9693,2343,2903,544,9101,5199,4798,6795,10326,8413"
9528,9528,"7120,11298,9101,7679,2989,9730,4929,12655,12665,12869"
9539,9539,"4798,10326,12857,544,8562,6433,6220,13346,3950,717"
9566,9566,"544,10326,9693,9101,4798,2343,11298,5303,6971,1244"
9575,9575,"8483,4798,10326,12857,13346,5495,10916,8562,11000,9340"
9583,9583,"5495,4798,10326,13346,12470,5303,3950,8413,8483,9942"
9589,9589,"10326,4798,13346,3950,275,4277,544,8562,10916,64"
9591,9591,"10326,4798,5303,10916,3950,12857,8562,6971,8483,8421"
9617,9617,"5495,4798,1286,10326,9101,544,9730,8483,8413,12665"
9620,9620,"8562,12665,9942,10326,13346,5495,3950,6220,2343,12470"
9622,9622,"5495,4798,10326,2905,9101,5109,544,9730,8483,3950"
9631,9631,"9101,9730,12869,7679,11298,4798,544,10326,5495,8483"
9655,9655,"8562,8413,3950,1042,9101,4798,10326,544,12665,9730"
9658,9658,"4798,10326,544,5495,2343,5303,9101,9693,8413,2140"
9660,9660,"9730,9101,7120,11298,1290,9295,4929,1244,2989,544"
9669,9669,"7120,1290,4929,9101,9730,9962,4798,10326,544,5495"
9672,9672,"4798,5303,8483,10916,10326,13346,12857,3950,5495,9404"
9684,9684,"9101,4798,10326,544,9730,5495,6659,8483,12665,9693"
9702,9702,"7120,1290,1244,11298,9101,4929,9962,4798,9730,544"
9705,9705,"10326,7120,8562,4798,12857,1290,5303,12665,6971,6659"
9722,9722,"1244,12869,11298,544,9101,12665,7120,7679,9730,4798"
9732,9732,"11298,9730,1244,9101,7679,7120,1290,544,8978,4664"
9781,9781,"12655,7679,844,9101,11298,6002,3148,544,2989,9730"
9803,9803,"5495,5303,544,12470,9693,12665,5532,9101,2343,10326"
9809,9809,"10326,5495,8562,64,3950,2343,6795,2218,1328,4798"
9814,9814,"10326,10916,12857,8562,5303,8421,4277,8483,10594,6433"
9818,9818,"5303,5495,4798,2218,6971,5199,3950,9693,10326,2343"
9820,9820,"9693,4798,13315,5495,9101,10326,8483,544,3950,9730"
9848,9848,"10326,4798,544,5303,4277,5495,1323,275,10916,350"
9856,9856,"4798,10326,8562,5303,3950,544,12665,9942,6971,3428"
9869,9869,"12665,6220,5303,4798,9101,10326,8483,544,8413,9730"
9889,9889,"10326,8413,5303,4798,2218,12665,5495,275,8562,2140"
9923,9923,"4798,8483,10326,8562,5303,4277,10916,350,275,3950"
9929,9929,"8562,3950,13346,12665,4798,9101,8483,10326,544,5495"
9961,9961,"7120,12665,11298,1290,89,1244,9101,4798,9730,10326"
9969,9969,"4798,10326,5303,717,544,217,8421,6971,12665,4277"
9974,9974,"9101,7120,89,1290,9730,11298,6591,2343,9693,12665"
9976,9976,"1244,11298,1862,12869,13315,7679,9101,544,4798,3222"
9989,9989,"5495,9942,4798,8562,12470,3950,6220,5303,10326,8413"
9993,9993,"12665,4798,8562,5303,2343,6971,10916,13375,10326,9942"
10002,10002,"6659,10326,275,4798,9101,544,9730,8483,5303,5495"
10011,10011,"9730,11298,7679,7120,9101,1290,1244,2989,7258,10137"
10016,10016,"4798,10326,5303,8562,9942,544,6220,275,12665,12857"
10028,10028,"9942,3428,9101,4798,9404,10326,544,5495,9730,8483"
10029,10029,"9942,10326,13346,5495,3428,6220,13249,3950,12665,10916"
10033,10033,"12665,5303,8413,1286,3950,1230,89,4798,9101,1220"
10042,10042,"10326,5303,4798,10916,12857,3950,10594,8562,10869,6971"
10046,10046,"4798,10326,8562,10916,3950,13346,12857,4277,217,6433"
10061,10061,"4798,8562,544,4277,717,10594,6220,6433,10916,12857"
10071,10071,"3950,6220,4277,9942,8483,217,13346,10594,5495,10326"
10084,10084,"4798,13346,8562,10326,12665,6971,8421,8483,12857,2140"
10091,10091,"8562,4798,10326,5495,12665,9101,544,9730,6220,1323"
10102,10102,"11298,1244,544,9730,2989,4929,12665,10326,12869,9693"
10104,10104,"8562,5303,4798,5495,275,3950,8483,10326,2218,12857"
10121,10121,"7120,1290,9101,6971,544,4929,1244,11298,9693,4798"
10131,10131,"13346,4798,3950,9942,3428,6220,8483,8562,8413,12665"
10134,10134,"10326,4798,275,544,12665,4277,5303,9101,8483,2140"
10139,10139,"7120,1290,4929,9101,11298,1244,9295,4798,9730,3697"
10144,10144,"3950,8562,4798,13346,5199,10326,8483,9101,544,5495"
10155,10155,"8483,4798,2218,3950,8562,5303,10326,8413,9101,10916"
10168,10168,"1863,9101,4798,10326,544,9730,5495,9942,10429,8483"
10178,10178,"544,9101,10326,9942,9693,2989,11298,12665,13408,1244"
10186,10186,"9693,12665,8562,9942,9404,13346,3950,4798,6220,6795"
10190,10190,"10326,4277,10594,350,717,4798,10916,217,11222,8421"
10194,10194,"4798,8562,13346,3950,8413,8483,10916,12857,4277,9455"
10196,10196,"13346,9942,5676,3950,8562,9101,4798,10326,8413,5495"
10215,10215,"10326,4798,5303,8562,4277,6433,12857,8421,544,10916"
10218,10218,"10326,9942,8562,5303,6220,10916,4798,12857,12665,5495"
10251,10251,"8562,8188,6220,12857,3950,13346,10326,4798,8483,12665"
10252,10252,"7120,1290,9101,9295,1244,11298,544,9730,6220,4798"
10262,10262,"5495,12099,2903,5199,9101,12470,4798,10326,544,9730"
10266,10266,"9942,12665,544,6220,4798,8562,3950,6659,2343,275"
10271,10271,"10326,4798,6220,9693,9942,8562,2343,12665,2140,9101"
10277,10277,"8562,10326,5303,4798,13346,3950,12857,10916,6433,6971"
10282,10282,"10326,12665,4798,5303,544,8483,1244,9101,8421,1290"
10286,10286,"7120,1290,4929,9101,4798,10326,544,9730,9295,5495"
10305,10305,"10326,810,4798,10916,13346,1889,12857,9101,5495,544"
10309,10309,"9942,12665,6220,8562,4798,10326,3950,8413,13346,2218"
10335,10335,"7120,9730,11298,9101,1290,1244,4929,12869,2989,544"
10340,10340,"11298,7679,7120,2989,9101,9730,1290,544,1244,4545"
10375,10375,"4798,8413,6220,9942,8562,12665,5495,5303,544,8483"
10388,10388,"4798,10326,5303,275,6971,8562,13346,9101,8413,8483"
10397,10397,"10326,4798,8413,5303,12857,10594,4277,6433,8483,1889"
10402,10402,"3950,12665,4798,8413,9942,5676,13346,8562,3870,10326"
10407,10407,"544,5303,4277,3428,6220,350,10326,810,2343,10916"
10408,10408,"10326,4798,9101,544,5495,8413,9730,13408,8483,8562"
10416,10416,"4798,3950,13346,10326,6220,12665,12857,1220,2343,9942"
10448,10448,"10326,4798,8562,275,544,5303,3950,6220,3428,12665"
10454,10454,"3950,13346,10326,8562,5495,9404,4798,9942,13249,9101"
10499,10499,"4798,10326,717,4277,8421,217,8483,6433,10594,10916"
10503,10503,"3950,12665,10326,9101,4798,5495,544,8562,9942,8823"
10504,10504,"11298,2989,7679,9730,12869,3464,544,4545,9101,9942"
10508,10508,"10326,4798,5303,544,4277,275,717,217,8421,8562"
10514,10514,"8562,13346,3950,10916,4798,810,8483,6326,10326,6220"
10526,10526,"4798,10326,12857,8562,3950,13346,6433,10594,4277,8421"
10540,10540,"4798,10326,13346,5303,275,6220,9942,3950,10916,4277"
10542,10542,"10326,544,217,4277,717,4798,350,8421,8483,9340"
10551,10551,"4798,10326,544,8562,5303,275,6220,8483,9942,12665"
10554,10554,"544,12665,5303,8413,8483,8562,6220,4798,5199,10326"
10555,10555,"11484,6220,9101,5495,4798,10326,544,10429,9730,8483"
10556,10556,"5610,844,4798,9101,2140,10326,8483,544,9730,5495"
10562,10562,"12857,4798,9072,10326,8483,31,2140,8413,13346,9101"
10575,10575,"11298,9730,7120,9101,7679,12869,1290,7669,1244,9295"
10576,10576,"10326,4798,10916,5303,8562,8421,217,717,544,12857"
10582,10582,"10326,12665,4798,544,3950,8562,5303,9942,13408,4277"
10584,10584,"3950,4798,8562,10326,13346,9942,8483,6220,3428,5303"
10606,10606,"4798,10326,9942,544,3950,12665,5303,2411,6220,8562"
10611,10611,"4798,544,717,8483,217,4277,8421,6383,5303,10916"
10613,10613,"544,10326,4798,717,12665,217,6383,5303,10916,8421"
10614,10614,"4798,9101,10429,5495,544,10326,8188,8562,1863,12470"
10623,10623,"9101,4798,10326,544,8413,9730,5495,8483,12665,8235"
10647,10647,"12869,11298,7679,9101,4163,4798,10326,544,7120,5495"
10657,10657,"10326,12857,4798,10594,10916,8421,5303,717,275,6433"
10670,10670,"10326,4798,10916,10594,275,8421,9101,6433,12857,8483"
10679,10679,"11298,9730,7120,9295,1244,12869,9101,1290,7679,10389"
10680,10680,"4798,5303,8562,10326,8483,13346,275,3950,6220,10916"
10699,10699,"5495,4798,10326,13346,8413,8562,6971,5303,9101,8483"
10715,10715,"217,717,4798,10326,4277,8483,12857,9105,9101,9404"
10720,10720,"3950,8413,4798,13346,12665,10326,8562,8483,5303,5495"
10735,10735,"8562,10326,544,6220,9942,3950,4798,5495,13346,275"
10742,10742,"10326,12665,8562,5303,544,4798,6220,3950,1286,5495"
10744,10744,"4798,217,8421,9101,10326,8483,544,9730,5495,2580"
10747,10747,"10326,544,3950,13346,10568,12665,5303,9693,10916,4798"
10769,10769,"2343,9693,10453,9455,64,9101,5199,4798,6839,10326"
10795,10795,"4798,5303,10326,275,8562,2218,8483,544,2140,6971"
10817,10817,"11298,1244,7120,1290,9295,9730,9101,2989,4798,544"
10819,10819,"10326,5303,13346,12665,8483,7679,5461,4798,275,6971"
10828,10828,"10326,544,6220,3428,5303,4798,275,12665,8562,3950"
10860,10860,"4798,8562,5303,3950,10916,12857,13346,8413,3428,8483"
10868,10868,"9693,11298,9101,9730,2343,7679,2989,544,2537,4890"
10895,10895,"4798,13346,10916,12857,10326,8562,8413,6433,8483,13249"
10900,10900,"10326,4798,5303,10916,6971,275,2140,9101,544,8562"
10912,10912,"7679,3464,9101,9730,4798,11298,10326,544,5495,8315"
10934,10934,"7120,1244,11298,10326,544,9101,4798,1290,2989,4929"
10947,10947,"5495,12470,10326,5303,544,5199,4798,9101,6971,9693"
10950,10950,"10326,4798,6433,12857,10916,5126,5303,8483,9101,10594"
10964,10964,"11298,1244,7120,9101,1290,2989,12869,544,9730,9962"
10965,10965,"8413,9942,5495,8681,12136,9101,4798,1681,12099,10326"
10968,10968,"10326,544,5303,217,50,4798,2218,350,275,13249"
10972,10972,"4798,10916,13346,3950,5303,8562,12857,275,12665,8421"
10975,10975,"10326,4798,544,4277,6433,9101,13375,9730,8483,5495"
11028,11028,"4798,10326,9942,8562,3950,3428,13346,5303,13249,12665"
11030,11030,"9101,11298,544,12665,2989,6220,10326,1290,2411,7120"
11044,11044,"10326,544,2343,9101,9693,6220,89,12665,5303,8681"
11048,11048,"4798,3950,10326,12857,13346,9101,2905,10916,8483,544"
11065,11065,"5303,4798,7120,9295,544,1290,6971,8562,6220,10326"
11085,11085,"1244,7120,11298,1290,9962,9101,9730,4798,10326,544"
11088,11088,"8562,4798,13346,10326,5303,9101,6971,8413,8483,5495"
11100,11100,"11298,9101,1244,7120,9730,1290,12869,544,12665,2989"
11102,11102,"4798,8483,8562,3950,8413,10326,12857,13346,10916,12665"
11105,11105,"9693,2343,544,1244,9101,6795,5199,4798,2903,9730"
11107,11107,"8562,10326,4798,3950,13346,10916,9942,6220,12665,8483"
11109,11109,"7120,1290,544,9101,4798,1863,10326,10429,5495,11298"
11120,11120,"7120,11298,1244,9101,1290,9730,4929,9295,544,2989"
11121,11121,"8562,3950,4798,10326,13346,12665,5303,10916,6220,13249"
11133,11133,"9101,6659,4798,10326,544,8483,9730,5495,12665,8911"
11149,11149,"10326,12857,9942,4798,8413,9404,5303,8483,13249,6433"
11152,11152,"11298,7120,9730,1244,1290,2989,7679,9101,12665,12869"
11160,11160,"13346,9942,275,4798,3950,5303,3428,8483,8546,10326"
11163,11163,"10326,4798,12665,8562,275,3950,13346,544,6220,8483"
11168,11168,"9101,4798,10326,544,9730,5495,8483,9693,7063,12665"
11193,11193,"5303,544,6220,275,4798,8483,9101,5495,10326,11000"
11200,11200,"9942,3428,5495,12470,8562,6220,6659,3950,10326,12665"
11210,11210,"7120,1290,4929,6971,4798,9101,10326,544,9730,10663"
11215,11215,"10326,10916,10594,8421,4798,12857,13259,8562,9942,5199"
11219,11219,"7120,1290,9962,9101,4929,4798,1244,10326,9730,544"
11243,11243,"4798,2140,10326,9101,544,9730,8483,5495,8562,12665"
11253,11253,"9101,11298,7120,2989,544,1244,9730,12869,1290,7679"
11261,11261,"6220,5303,8413,3428,9942,10326,3870,12665,12470,544"
11280,11280,"9693,2343,544,9101,6795,10326,4798,5532,9942,5199"
11285,11285,"1244,1290,7120,11298,9101,12665,9730,544,4798,10326"
11309,11309,"3950,8562,8413,10326,12665,13346,5495,9942,6220,4798"
11312,11312,"9404,5495,3950,9942,8413,12665,6971,12470,9101,4798"
11314,11314,"717,10326,2343,64,350,9693,8483,10916,8421,4798"
11325,11325,"4798,10326,544,8562,2343,13346,9693,6433,4277,8483"
11327,11327,"5303,8562,6220,4798,10326,5495,9942,544,9101,8413"
11359,11359,"10326,4798,9942,275,544,12665,13346,5303,89,9693"
11366,11366,"11554,9101,9730,4798,1371,10326,544,11484,5495,12665"
11368,11368,"11298,9101,7120,1244,7679,2989,1290,12869,9295,9730"
11371,11371,"5495,10326,13346,4798,5199,89,8562,6326,12665,9693"
11376,11376,"544,217,4798,2218,2989,9693,9101,8562,12665,9730"
11377,11377,"4798,10326,8562,5303,13346,8483,10916,12857,6433,13249"
11383,11383,"4798,10326,5303,275,8413,8562,544,6971,5461,9942"
11416,11416,"1328,10326,4798,9101,6659,544,9730,8483,5495,12665"
11444,11444,"10326,9101,1244,4798,12665,11298,1290,5303,4277,9730"
11445,11445,"4798,10326,8562,544,10916,217,717,4277,6433,3950"
11448,11448,"9693,544,6795,9101,10326,12665,64,2537,13346,4798"
11469,11469,"6971,10326,9101,4798,544,5495,9730,5676,8483,12451"
11487,11487,"544,7120,9693,2343,9101,7679,11298,2989,4929,9730"
11492,11492,"5303,5495,4798,12470,9693,275,8562,8413,6220,2343"
11503,11503,"544,6659,10326,5495,10453,6220,4798,5303,4277,350"
11504,11504,"2903,9101,4798,10326,8413,544,6270,9730,5495,8483"
11515,11515,"10326,4798,9942,8562,3950,13346,6220,217,4277,10916"
11547,11547,"10326,12665,4798,9942,9693,13346,3950,5303,544,6220"
11552,11552,"10326,4798,2343,12665,544,3950,9693,8562,13346,9942"
11567,11567,"10326,4798,8562,3950,6220,12857,13346,217,9942,717"
11581,11581,"10326,544,4798,9942,5303,275,12857,12665,8562,10916"
11589,11589,"11298,9101,7120,1244,12869,9730,1290,2989,544,4798"
11591,11591,"12665,11298,89,4654,9101,9942,544,7120,5495,4798"
11595,11595,"7120,11298,1290,9295,1244,9101,9962,9730,4798,10326"
11604,11604,"544,4798,10326,275,7120,9942,6220,1290,6971,9072"
11608,11608,"10326,8562,12665,4798,6220,5303,3950,13346,8483,544"
11627,11627,"8562,4798,3950,13346,8483,10326,6220,2218,8421,5495"
11646,11646,"5495,8562,8413,12665,3428,3950,4798,6220,8188,12470"
11647,11647,"4798,10326,8483,5303,6220,275,10916,6383,6971,3428"
11675,11675,"5303,10326,13408,4798,2343,9693,3950,2140,5495,8483"
11676,11676,"11298,7120,1244,1290,9101,12869,9730,9295,544,4929"
11696,11696,"10326,5495,4798,544,13408,9101,12470,12665,9730,8483"
11700,11700,"8562,10326,9101,11912,4798,544,9730,5495,8483,9693"
11722,11722,"7120,1290,1244,6971,544,9295,4798,6220,5303,9101"
11754,11754,"7679,12665,3950,13408,544,5676,10326,9942,6220,8483"
11757,11757,"13408,2343,9693,10326,13346,89,1220,5495,9942,9101"
11767,11767,"12665,8562,9101,4798,10326,544,9730,5495,9942,8483"
11773,11773,"10326,4798,8562,6220,5303,8483,8421,6383,10916,1328"
11777,11777,"9942,4798,8562,3950,6220,13346,3428,10326,13110,9101"
11778,11778,"9101,7120,11298,12869,1244,1290,7669,9730,7679,544"
11788,11788,"7120,11298,1290,9730,9101,4798,9295,10326,2989,544"
11790,11790,"7120,10326,1290,4929,4798,9101,544,1244,8562,9730"
11811,11811,"7120,9101,11298,1244,1290,4929,9730,9295,2989,12869"
11837,11837,"7120,1244,11298,1290,9101,7679,544,9730,10326,4664"
11859,11859,"13346,8413,8483,4798,10326,9101,12665,3950,544,9730"
11865,11865,"10429,544,9101,4798,10326,5495,8562,9693,9730,6220"
11867,11867,"8562,4798,5495,3950,8483,12470,8413,6220,9404,6659"
11871,11871,"544,5303,11298,7120,2218,9730,9101,13408,1290,5495"
11879,11879,"7120,11298,1244,9101,9730,544,7679,4798,10326,12665"
11880,11880,"10326,4798,8483,4277,8562,717,10916,8421,5303,10594"
11908,11908,"4798,5495,5303,275,10326,2140,9693,9101,12665,12470"
11912,11912,"5303,275,4798,10326,9101,8483,544,6971,9730,5495"
11925,11925,"717,13346,10326,64,4798,9693,4277,8421,3950,2343"
11933,11933,"8413,8562,1862,5676,6220,8188,6659,5495,8681,9942"
11945,11945,"10429,1863,9101,544,4798,10326,9730,5495,9693,8483"
11948,11948,"4798,8562,5461,10326,3950,5495,13249,13346,10916,9101"
11952,11952,"5303,10326,4798,8483,9101,544,9730,5495,12665,8421"
11957,11957,"4798,4469,9101,9190,10326,544,5495,9730,8483,12665"
11959,11959,"4798,10326,9942,50,3428,5495,8562,12857,2343,544"
11967,11967,"8562,8413,2218,6220,12665,1286,3950,4798,8188,9101"
11969,11969,"9101,4798,10326,544,9730,5495,8483,12665,9693,8562"
11970,11970,"8562,6220,544,12470,3428,10326,5495,13306,9942,12665"
11975,11975,"10326,12665,6220,9942,3950,4798,8562,3428,8413,9101"
11995,11995,"8562,3950,12665,9404,6220,4798,9942,1323,10326,13346"
12002,12002,"11298,7120,2989,1244,544,1290,9730,12869,7679,6288"
12022,12022,"7120,1290,9101,12869,11298,1244,9730,9962,7669,544"
12032,12032,"6659,9101,4798,10326,5495,544,8483,9730,12665,11484"
12036,12036,"9101,1244,7120,544,9730,1290,2989,7679,6288,8978"
12066,12066,"9693,4798,2343,275,4277,12665,544,8483,9455,10326"
12077,12077,"7120,1290,1244,9101,4929,11298,9962,9730,9295,3697"
12078,12078,"4798,10326,5303,4277,8483,717,10916,11000,544,8421"
12084,12084,"4798,5303,8562,10326,275,12665,6971,544,8413,13346"
12089,12089,"8562,4798,8413,10326,5303,3950,8483,6220,13346,6971"
12106,12106,"10326,4798,2989,12869,11298,6220,1244,5303,9730,9942"
12107,12107,"12665,8562,8188,8413,13346,5495,8483,9101,4798,3950"
12111,12111,"12665,275,10326,13346,4798,3950,8562,5303,9942,6220"
12131,12131,"4798,10326,5303,8413,8562,275,10916,9942,8483,2140"
12139,12139,"4798,9693,13346,8562,10326,5126,3870,10916,9101,2537"
12141,12141,"6220,5495,8188,6659,544,13346,9693,9101,4798,8413"
12144,12144,"1244,11298,9101,7120,1290,544,9730,12869,4798,10326"
12150,12150,"8413,8562,6220,4798,3950,9942,6659,12665,10326,5303"
12151,12151,"10326,12665,544,4798,6220,4277,217,717,8483,9455"
12162,12162,"3950,4798,9101,5495,10326,544,13315,9730,8483,9182"
12170,12170,"9730,9101,1371,7679,4798,401,10326,544,5495,4163"
12182,12182,"544,5303,9693,5495,7120,1290,5199,275,9101,2903"
12185,12185,"10326,4798,8483,5303,5495,8562,6220,13346,13249,10916"
12191,12191,"10326,5303,5495,10594,12857,4798,8562,6433,3950,9942"
12197,12197,"9693,2343,544,6795,9101,5303,9942,1244,4798,10326"
12204,12204,"11298,7120,2989,9730,9101,1244,1290,9295,12869,3464"
12229,12229,"544,9693,2343,4798,6220,8562,10326,12665,9942,5303"
12231,12231,"544,11298,9101,7120,9730,1290,1244,2989,7679,12665"
12234,12234,"544,9101,10429,1863,6220,4798,10326,8562,5495,9730"
12238,12238,"4798,10326,8562,5303,13346,5495,12665,6220,544,6971"
12242,12242,"4798,8562,217,5303,13346,10326,3950,10916,12857,8413"
12260,12260,"10326,10916,13346,8562,12857,13249,8421,8483,6220,217"
12262,12262,"5495,5199,9693,544,8413,4798,12665,5303,2343,9101"
12281,12281,"10326,5495,5303,8483,8562,4798,6220,12665,275,8188"
12289,12289,"9693,10326,6795,4798,544,64,2537,9942,5495,8562"
12306,12306,"8562,4798,3950,10916,5495,10326,6971,12857,5303,9404"
12326,12326,"4798,10326,8483,9101,5495,544,9730,12665,9942,9693"
12337,12337,"4798,8562,3950,9693,8413,2343,13346,6220,12665,10326"
12355,12355,"544,9101,7120,1244,11298,7679,2989,1290,10326,12869"
12371,12371,"4798,3950,10326,2343,6220,3428,3870,9942,9693,6659"
12372,12372,"12665,9101,4798,10326,544,5875,9730,5495,8483,9693"
12373,12373,"4798,10326,4277,1328,8421,12857,8562,350,6433,2158"
12390,12390,"7120,4929,544,9101,4798,10326,9730,10663,5495,9693"
12405,12405,"9693,10326,544,2343,9101,6795,5495,4798,5532,9942"
12407,12407,"9101,4798,10326,544,9730,5495,8483,12665,8703,7637"
12408,12408,"9942,544,5495,5461,5676,8413,6220,12665,3870,89"
12419,12419,"6659,275,11484,4798,5676,9101,10326,9730,5495,5303"
12423,12423,"5495,9101,4798,8276,10326,8483,544,9730,8413,12665"
12426,12426,"7120,9101,11298,544,9730,1244,12665,12869,2989,4929"
12452,12452,"4798,10326,6659,13346,8562,8421,8483,1328,9101,217"
12480,12480,"9101,544,7679,11298,12869,2989,9730,1244,4664,10137"
12530,12530,"4798,5303,10326,8562,9942,9101,5495,8413,544,8483"
12546,12546,"4798,10326,2343,8562,6971,9693,5303,9101,544,9730"
12556,12556,"7120,1244,9101,9730,1290,2989,4929,544,7679,9295"
12573,12573,"8413,5303,5495,2218,3428,9942,10326,4798,544,9101"
12592,12592,"10326,4798,8562,9693,9942,13346,6220,3950,3428,544"
12596,12596,"10326,8562,4798,13346,3950,10916,8483,4277,12857,12665"
12599,12599,"7120,11298,1244,1290,9101,544,9295,2989,10326,9730"
12615,12615,"544,9101,11298,1244,7679,2989,9730,12869,4798,10326"
12618,12618,"9942,3428,3950,5676,544,8562,6659,12665,9693,10326"
12624,12624,"4798,10326,12665,8562,13346,3950,8483,275,6220,4277"
12638,12638,"9693,2343,9404,861,9101,4798,6220,5199,10326,5495"
12641,12641,"544,9693,5495,10326,5199,4798,2411,2343,9101,12665"
12644,12644,"9101,7120,544,1290,2989,9693,9730,4929,12869,9295"
12649,12649,"4798,10326,9101,544,7120,9730,5495,8562,1290,8483"
12654,12654,"5495,8413,8562,275,4798,10326,12470,8483,50,9101"
12658,12658,"10326,4798,6433,10568,2218,9072,544,13249,1889,9101"
12659,12659,"544,10326,4798,7120,9101,12665,1244,11298,5303,89"
12666,12666,"9693,4798,8562,10326,13346,3428,717,6795,544,8421"
12669,12669,"12665,9101,4798,10326,5495,544,9942,6659,9730,8483"
12674,12674,"8413,10326,4798,6220,5303,12665,5495,8562,2218,3870"
12688,12688,"10326,9101,4798,9453,544,5495,8483,9730,12665,9693"
12694,12694,"8413,9942,6220,544,5495,3950,3428,13110,2218,8562"
12709,12709,"10326,4798,5303,275,4277,13346,8562,10916,6433,12857"
12712,12712,"9101,4798,12665,10326,544,9730,5875,5495,11298,8483"
12722,12722,"7679,12869,9101,11298,9730,544,6288,11554,1371,4798"
12728,12728,"8188,8562,5495,9101,4798,10326,8981,544,9730,8413"
12732,12732,"9693,2343,5532,9101,4798,10326,544,5199,9730,5495"
12736,12736,"10326,4798,8562,4277,6433,10916,12857,10594,350,8483"
12738,12738,"4798,10326,8562,3950,10916,544,12857,4277,9693,3428"
12741,12741,"10326,9942,3428,12470,5495,3950,8562,8483,4798,217"
12756,12756,"12470,8413,13408,4798,9101,10326,12665,544,3428,9942"
12764,12764,"275,10326,544,6220,5303,12665,2343,4798,9693,3950"
12768,12768,"12665,9693,4798,10326,3950,2343,5495,275,6971,13408"
12773,12773,"4798,8562,10326,12857,275,5303,8413,9942,544,6326"
12789,12789,"4798,10326,10916,8562,13346,5303,5495,12665,8421,8483"
12790,12790,"11298,9101,1290,4929,13408,9295,10326,544,1244,4798"
12801,12801,"5495,1862,12470,1286,9101,4798,5303,10326,5532,544"
12804,12804,"1290,1244,4929,12869,9101,11298,9730,4798,544,3697"
12833,12833,"8483,10326,8562,5303,6220,3950,50,13346,4798,5642"
12846,12846,"4798,10326,3950,10916,13346,12857,5495,6433,13249,5676"
12855,12855,"10326,5495,2343,8562,4798,9693,544,9101,12470,9730"
12860,12860,"4798,8562,10326,5303,3950,10568,9404,10916,9101,8483"
12874,12874,"10326,4798,8562,10916,3950,13346,12665,6326,8421,6220"
12875,12875,"5495,13346,8562,3950,4798,5461,10326,544,9101,5199"
12877,12877,"6659,2218,6220,9101,8188,4798,1355,10326,544,9730"
12883,12883,"5495,12470,8413,5303,12668,2218,3950,9942,9101,4798"
12890,12890,"4798,9101,10326,544,9730,5495,8483,8703,12665,7637"
12919,12919,"7120,1290,4929,9295,9101,1244,11298,9730,4798,544"
12927,12927,"9101,544,1290,1244,6220,1863,7120,5495,10429,9942"
12955,12955,"5495,12470,10326,6971,4798,8562,8205,8483,3950,2343"
12956,12956,"844,4798,9101,8562,10326,544,12665,5495,9730,8483"
12958,12958,"10326,4798,275,9101,544,9942,12665,13408,9730,5495"
12965,12965,"12470,217,5495,544,8483,12857,3428,10326,4798,10568"
12970,12970,"10326,6220,3950,8562,3428,5303,4798,12665,13249,2218"
12996,12996,"9693,2343,6795,8483,5495,2537,9101,13346,4798,9942"
13000,13000,"8562,3950,6220,9942,4798,8413,13346,3428,12665,3870"
13017,13017,"544,11298,9101,2989,7679,9730,1244,9693,12655,4576"
13019,13019,"10326,8562,8483,10916,5303,12857,4277,3950,6433,13249"
13021,13021,"8562,8413,10916,8188,4798,9101,10326,544,5495,9730"
13022,13022,"10326,4798,8562,4277,544,6220,2218,5303,12665,6433"
13063,13063,"8413,5303,4798,1862,8188,8562,9942,13346,544,10326"
13075,13075,"544,12869,4798,9101,275,9942,10326,8205,11298,9730"
13076,13076,"3950,2343,5495,13315,10326,4798,9693,13346,9404,9942"
13101,13101,"4798,10326,3950,5495,544,9072,13346,9942,12665,275"
13105,13105,"11298,9730,7120,9101,12869,1244,1290,544,9295,7679"
13115,13115,"10326,12665,544,9942,5303,9101,6971,275,5495,6220"
13117,13117,"6220,4798,5303,544,7120,10326,12665,9101,1290,5495"
13121,13121,"4798,3950,5303,8413,8562,10326,12857,13346,9101,10916"
13123,13123,"544,9101,11298,2343,7120,2989,1244,12665,9730,1290"
13125,13125,"4798,8413,10326,12857,8562,50,9101,12665,6220,544"
13147,13147,"4798,10326,8483,8562,13346,10916,217,717,6433,3950"
13151,13151,"8562,8413,5303,10326,13375,12470,4798,5495,9942,13346"
13153,13153,"10326,4798,8562,10916,4277,8483,717,6433,13346,5303"
13176,13176,"544,11298,12869,9730,1290,7120,1244,7679,10326,4798"
13180,13180,"8562,9942,6220,3428,10326,4798,3950,5303,544,8413"
13192,13192,"6659,8562,5495,3870,10326,4798,1328,8413,9942,12470"
13194,13194,"3950,12665,9101,4798,10326,5495,544,9942,9730,4602"
13195,13195,"5303,50,8562,10326,4798,217,275,12665,5495,717"
13198,13198,"5303,8483,10326,4798,10568,12857,8421,4277,10594,9340"
13231,13231,"8562,4798,3950,9942,12665,13346,6971,10326,8413,5642"
13234,13234,"7120,1290,4929,9101,9295,4798,9962,10326,544,9730"
13240,13240,"544,9101,7120,11298,10326,9730,2989,4798,12869,12665"
13273,13273,"3950,12665,5303,8413,5495,10326,6220,9942,13346,4798"
13276,13276,"3950,13346,8562,6220,9942,3428,8413,5495,1323,4798"
13283,13283,"10326,8421,4798,717,10594,9101,544,9730,2140,5495"
13297,13297,"13346,8483,275,10326,4798,1286,12665,8413,8562,3950"
13301,13301,"8413,4798,5303,13346,8562,5461,10326,8483,6220,9101"
13303,13303,"5495,8483,12665,8413,8562,12857,10869,3950,12470,4798"
13321,13321,"11298,7120,1290,9295,9730,9101,2989,1244,4798,10326"
13330,13330,"4798,10326,9101,544,5495,9730,1863,8483,9693,12665"
13338,13338,"11298,7120,9295,1244,1290,9101,9730,12869,9962,7679"
13380,13380,"10326,275,4798,5303,6971,8562,2140,9942,9101,12665"
13389,13389,"7120,1290,1244,4929,11298,9101,4798,10326,544,9730"
13390,13390,"3950,9942,8413,9693,5461,9101,4798,5532,13315,9730"
13391,13391,"11298,10326,9730,12869,4798,544,9101,5303,12665,9072"
13401,13401,"10326,8562,4798,544,3950,13346,12665,5495,4277,50"
13403,13403,"10326,4798,89,9101,544,9730,9942,5495,8483,12665"
13407,13407,"10326,544,4798,7120,350,9730,8205,1290,4277,9101"
13413,13413,"217,10326,4798,9101,4277,10594,2140,544,8483,9730"
13414,13414,"9730,11298,9101,2989,7679,12869,4545,9295,3464,7669"
13446,13446,"4798,10326,8562,5303,4277,8421,13346,717,12857,544"
13472,13472,"7679,11298,9101,7120,544,1290,12655,2989,1244,10326"
13488,13488,"4798,8562,5303,13346,10326,3950,12665,10916,5642,8483"
13502,13502,"11298,9101,544,9730,2343,7679,1290,10326,1244,7120"
13507,13507,"9730,11298,9101,7120,2989,1290,1244,544,12869,3464"
13512,13512,"4798,13346,8562,6659,10326,3950,5676,3870,844,12857"
13543,13543,"4798,12665,10916,5303,8562,8483,4277,544,717,8421"
13572,13572,"10326,4798,8562,544,5303,275,6433,717,3950,217"
13595,13595,"7120,1290,4929,1244,4798,9101,10326,544,9730,5495"
13599,13599,"5495,544,3428,4798,9942,10326,3950,8562,12470,9693"
13608,13608,"9693,10326,5303,12665,6795,4798,544,64,13346,2537"
13609,13609,"10326,350,4798,9101,544,8483,9730,5495,12665,9693"
13630,13630,"4798,12665,3950,10326,9942,275,8562,13346,6220,544"
13635,13635,"10326,4798,5303,8421,8562,8483,2140,9101,275,544"
13645,13645,"4798,3950,6220,8562,10326,8483,275,5303,9942,8205"
13673,13673,"13346,9693,4798,5199,13315,10326,9101,544,5495,8483"
13683,13683,"9942,4798,10326,5303,544,6220,12665,5495,3950,8562"
13702,13702,"8413,6971,544,9101,4798,844,9693,10326,12665,89"
13716,13716,"4798,10326,8562,3950,12665,5303,6220,6971,8483,8413"
13724,13724,"9730,11298,9101,544,2989,12869,1244,4798,10326,12655"
13746,13746,"4798,10326,5303,12665,9693,2343,8562,544,6220,3950"
13752,13752,"8562,5495,9942,9101,4798,3870,10326,544,9730,8483"
13756,13756,"7120,1290,4929,9962,9101,9730,4798,10326,11298,544"
13763,13763,"7120,11298,1244,1290,9101,9295,9730,9962,544,4798"
13774,13774,"10326,544,8562,6220,9942,4798,5303,9101,8413,6971"
13776,13776,"7120,9730,11298,1290,1244,9101,544,9962,4798,10326"
13786,13786,"11298,1244,7120,1290,9101,4798,9730,12869,10326,544"
13788,13788,"4277,350,10326,9453,9101,4798,544,8483,9730,5495"
13791,13791,"11298,7120,2989,9730,1290,1244,9101,6971,544,10389"
13810,13810,"8562,10326,6220,8483,9942,5303,6326,12665,9101,12857"
13811,13811,"4798,10326,10916,12857,8483,8421,5303,217,717,9101"
13820,13820,"9942,11298,2989,9730,9101,4798,10326,544,1244,5495"
13826,13826,"8483,9730,5495,3950,12665,714,12470,6433,9942,3428"
13840,13840,"9101,10326,4798,544,8483,9730,8092,5495,12665,9693"
13841,13841,"544,8562,217,4277,717,5495,6220,10916,12665,13249"
13852,13852,"9942,6220,3950,12665,89,12470,5495,3428,9101,544"
13858,13858,"4798,10326,9101,544,8413,9730,5495,9942,8562,8483"
13865,13865,"6659,9178,1328,6383,10326,8483,9101,544,4798,8562"
13871,13871,"10326,4798,4277,5303,717,544,10594,8562,6433,10916"
13877,13877,"4798,5461,10326,6659,2158,8562,9101,275,9942,544"
13905,13905,"10326,4798,12857,8562,10916,8421,12665,4277,544,717"
13924,13924,"7120,9101,544,11298,9730,4929,12869,7679,2989,9295"
13929,13929,"10326,4798,5303,10916,4277,544,9072,8421,8562,9404"
13935,13935,"8562,8413,10916,9693,3950,3428,5676,5495,10326,4798"
13952,13952,"11298,7120,1244,1290,9101,12869,9730,2989,4929,9295"
13953,13953,"10326,4798,275,9101,6591,6971,7120,9295,1290,544"
13962,13962,"10326,4798,8562,10916,3950,544,4277,717,5303,217"
13965,13965,"8413,5495,6659,9101,9942,89,4798,10326,12665,544"
13966,13966,"10326,10594,8421,12857,4798,9101,13346,544,10916,9730"
13974,13974,"11298,9101,7679,1244,7120,2989,1290,544,9730,12869"
13982,13982,"7120,11298,1290,1244,89,9101,544,4929,9730,4798"
13983,13983,"5461,2903,8413,5199,13315,5495,10326,9693,4798,9101"
13987,13987,"10326,4798,3950,8483,6220,3428,717,9942,12857,5303"
13988,13988,"10326,544,7120,9101,9730,1290,4798,275,9693,7679"
13991,13991,"4798,10326,13346,8483,3950,12857,5303,8413,10916,6220"
13995,13995,"3950,5495,8562,3428,12665,5199,6302,1323,10326,4798"
13998,13998,"10326,4798,5303,275,10916,5495,12665,2140,8562,6971"
14021,14021,"3428,6220,8562,13110,4798,13306,9101,5545,544,5461"
14028,14028,"9693,544,2343,10326,6383,5199,5461,13315,4277,9101"
14042,14042,"9942,6659,12665,6220,275,10453,8413,544,8483,50"
14049,14049,"9101,4798,10326,544,9730,5495,8483,8703,12665,9693"
14060,14060,"8562,6220,3428,3950,13346,9942,12665,8483,5199,5495"
14061,14061,"8562,8413,3950,9101,4798,544,10326,9984,5495,9730"
14067,14067,"544,1863,10429,9693,9101,4798,10326,5495,9730,6220"
14079,14079,"4798,544,275,5303,12665,9693,7120,6220,1290,6971"
14089,14089,"544,4798,350,217,5495,10326,4277,5303,275,8483"
14097,14097,"4798,10326,5303,275,544,4277,8483,350,12857,1889"
14105,14105,"7679,3464,7669,9101,11298,12869,9730,544,4798,10326"
14147,14147,"4798,9942,2140,8413,8483,9101,10326,544,3950,12665"
14155,14155,"4798,8562,8413,3950,9942,13346,6220,5495,10326,5303"
14168,14168,"10326,4798,5303,12857,10916,544,4277,217,8421,6433"
14170,14170,"10326,8562,5495,544,2343,6383,9693,5303,5676,9101"
14173,14173,"544,2989,9101,3428,9942,7679,11298,3464,13306,6220"
14174,14174,"8562,10326,6220,13346,3950,10916,4798,5676,3870,9101"
14196,14196,"8413,4798,8562,9693,9942,12665,13346,10326,8205,5303"
14197,14197,"9730,8483,10326,4798,9101,544,11298,9340,5495,5303"
14202,14202,"7120,9101,11298,1244,544,4929,12665,9730,12869,9962"
14204,14204,"9101,4798,10326,544,9730,5495,8483,12665,9693,9306"
14215,14215,"4798,2343,544,810,9693,6795,6220,8483,10326,1574"
14242,14242,"10326,4798,8562,717,4277,3950,10916,5303,8421,217"
14244,14244,"10326,4798,12665,8562,9942,275,5303,6220,13346,13249"
14249,14249,"7120,1290,9101,9730,4798,3697,4929,10326,544,11298"
14250,14250,"9101,4798,10326,544,9730,5495,8483,12665,9693,9942"
14256,14256,"10326,4798,5303,717,4277,10916,8483,12857,8562,8421"
14258,14258,"7679,11298,7258,4664,9730,9101,2989,4890,4798,10326"
14280,14280,"5303,4798,8483,10326,8562,6302,5495,9101,8413,5199"
14318,14318,"544,11298,7120,9101,1244,2989,10326,6220,9730,89"
14325,14325,"10326,1328,350,6659,6383,9101,8483,8562,8421,544"
14328,14328,"10326,4798,1290,8562,4929,6971,5303,8483,544,8590"
14329,14329,"13346,5495,3870,9942,8562,8333,8681,9101,4798,8483"
14344,14344,"8562,10326,4798,5303,8413,5495,3950,275,6971,12857"
14366,14366,"7120,1290,4929,9101,4798,1244,10326,544,9730,5495"
14421,14421,"7120,11298,1290,3464,9730,7679,1244,9962,9101,4798"
14430,14430,"10326,4798,717,4277,5303,217,8421,544,275,6433"
14435,14435,"275,8413,4654,9101,4798,10326,544,8562,9730,5495"
14472,14472,"4798,10326,275,544,5495,89,2218,12665,5199,3950"
14501,14501,"4798,12665,8562,6220,10326,12857,544,8413,5303,9942"
14509,14509,"4798,8483,5303,13346,6971,12665,275,10326,3950,9101"
14516,14516,"8562,4798,8188,2218,6220,10326,9101,544,5303,275"
14521,14521,"10326,4798,5495,5303,3950,8562,13346,8483,12665,6433"
14553,14553,"5495,4798,5303,10326,8562,544,9101,9730,8483,9942"
14561,14561,"12665,3950,6220,8562,13346,9942,3428,10326,5545,8413"
14562,14562,"5495,9942,5303,12470,12665,13346,4798,5676,3950,89"
14567,14567,"5461,4798,2140,9942,10326,5303,9101,544,1220,8483"
14575,14575,"544,7120,1290,4798,9519,9101,11298,10326,9942,9730"
14581,14581,"544,5303,9693,275,2343,13346,10326,5199,8562,9942"
14627,14627,"89,6971,1290,12665,4798,9101,10326,544,7120,9730"
14634,14634,"9942,6220,3428,544,6659,7359,12665,3950,5184,13110"
14651,14651,"4798,5303,10326,5495,275,10916,544,9101,13346,12470"
14659,14659,"4798,8483,10326,9693,13346,2343,9101,5199,5495,544"
14670,14670,"10326,4798,12665,5495,217,8421,10916,8483,9455,717"
14684,14684,"8562,6220,544,4798,10429,5495,1863,9101,10326,3428"
14691,14691,"4798,9730,275,13346,8483,10326,9101,8413,544,8562"
14695,14695,"12665,5303,8413,7120,4798,1290,9942,544,275,9101"
14705,14705,"10326,8562,4798,4277,12665,717,10916,217,12857,1328"
14711,14711,"10326,1290,7120,544,4929,4798,9101,13408,5495,9730"
14723,14723,"4798,3950,10326,8483,8562,13346,8413,9101,12857,10916"
14739,14739,"9730,11298,9101,2989,1244,7120,9295,12869,7679,1290"
14740,14740,"10326,4798,8562,5303,275,544,6971,12857,10916,8421"
14743,14743,"5495,4798,5303,12470,10326,12668,5199,8483,544,9101"
14747,14747,"10326,544,4798,8562,4277,6383,5303,717,350,8483"
14748,14748,"9942,8413,12665,89,6220,5676,8681,9101,4798,5495"
14764,14764,"4798,1290,6383,8483,7120,8333,9101,2989,10326,4929"
14771,14771,"544,5495,9693,9942,6220,2989,11298,9101,12470,12665"
14780,14780,"4798,10326,4277,217,717,12857,6220,8421,8562,8483"
14784,14784,"4798,10326,5303,544,12857,350,6433,8562,8421,275"
14785,14785,"9942,3428,13110,10916,9101,4798,13306,5495,10326,12470"
14798,14798,"9693,2343,1323,12665,5495,9101,4798,10326,6795,13346"
14801,14801,"544,10326,9942,4798,12665,9693,5303,6220,2343,4277"
14803,14803,"10326,4798,275,5303,544,9942,6220,4277,13346,2411"
14821,14821,"4798,275,5303,10326,544,13249,12857,10916,4277,8483"
14832,14832,"4798,10326,5495,544,8562,9693,5303,5199,2343,6971"
14833,14833,"4798,3950,9942,10326,13346,3428,8562,5303,6220,9404"
14853,14853,"4798,12665,8562,544,9942,9101,5303,13346,7792,844"
14854,14854,"8562,13249,8483,10326,6220,4798,13346,5303,3950,5495"
14856,14856,"544,12665,9942,8562,6220,10326,5495,5303,4798,3950"
14858,14858,"10326,3950,4798,9519,5199,12665,8483,275,9101,9693"
14864,14864,"9101,4798,10326,544,9730,5495,8483,12665,9693,12470"
14867,14867,"11298,9101,2989,1244,12665,7679,7120,1290,12655,9730"
14880,14880,"7679,11298,544,9101,2989,9730,12665,9693,1244,10326"
14890,14890,"8562,13346,6220,4798,8205,12665,10326,9942,5199,544"
14892,14892,"10326,9693,4798,544,12665,13346,8562,4277,6795,6220"
14899,14899,"11298,12869,9101,9730,1244,1290,7679,7120,544,9962"
14904,14904,"2343,9693,6795,12665,89,5495,9942,9101,8413,4798"
14906,14906,"11298,1244,9295,7120,9101,7679,12869,9730,1290,3464"
14909,14909,"4277,350,5303,8483,544,9340,10326,6383,4798,9101"
14929,14929,"8562,4798,5303,6220,3950,10326,5495,9101,9942,544"
14931,14931,"6220,9101,1863,4798,544,10326,8562,10429,9942,9730"
14938,14938,"4798,10326,8483,3950,8562,13249,10916,12857,6220,5303"
14955,14955,"10326,4798,12665,3950,13315,5303,544,13346,5495,8562"
14961,14961,"9101,10326,4798,6659,544,8483,9730,5495,8562,12665"
14969,14969,"9730,11298,7120,9101,1290,7679,12869,1244,9962,544"
14970,14970,"10326,4798,717,217,4277,10916,544,275,6433,8483"
14977,14977,"12665,5495,8562,3950,5676,9942,6220,12470,3428,8681"
14991,14991,"4798,10326,5303,13346,12665,6220,8562,3870,275,9942"
14993,14993,"4798,10326,9101,544,9730,5495,8483,12665,9693,9942"
15009,15009,"4798,12857,8483,717,13346,3950,10326,8562,13249,8413"
15014,15014,"9101,11298,9693,2989,1244,544,2343,9730,7679,8978"
15028,15028,"7120,11298,1244,9101,9730,4929,9295,7679,12869,2989"
15029,15029,"8483,10326,717,217,4798,10916,8562,4277,13249,12857"
15030,15030,"5495,8413,8562,9942,13346,8681,10326,4798,3428,9101"
15033,15033,"4798,10326,9693,13346,2343,10916,8562,6971,12857,544"
15052,15052,"544,4798,5303,8562,717,275,6433,10916,9101,8421"
15062,15062,"4798,10326,13346,5303,10916,9942,8562,13249,8421,6220"
15074,15074,"544,9942,6220,9693,5303,10326,8562,5495,12665,2343"
15081,15081,"9693,13346,3950,5495,10326,2343,4798,13110,544,9942"
15082,15082,"9101,4798,10326,544,9730,5495,8483,12665,9693,9942"
15097,15097,"13346,4798,6971,10326,8562,9101,8483,544,9730,275"
15098,15098,"4798,10326,8562,5303,3950,13346,275,6220,12665,12857"
15107,15107,"7120,1290,11298,1244,4929,9101,9730,9295,4798,10326"
15113,15113,"10326,4798,8562,6659,275,3950,13346,350,50,6220"
15120,15120,"10326,4798,8562,3950,5303,6220,13346,10916,8483,6659"
15121,15121,"4798,10326,8562,12665,12857,3950,13346,10916,8483,6220"
15122,15122,"4798,10326,8562,5303,12857,3950,10916,13346,8413,8483"
15141,15141,"10326,350,217,4798,4277,6383,275,6659,8562,5676"
15143,15143,"4798,10326,6433,6220,8562,10916,4277,544,9942,1863"
15148,15148,"5495,3950,13346,64,9693,12665,544,2343,8483,9942"
15164,15164,"10326,9942,9693,6220,12665,2343,5303,8562,5495,4798"
15165,15165,"9942,9101,544,6220,8562,8413,12665,10326,3428,89"
15175,15175,"10326,4798,8483,10916,717,275,8421,4277,5303,12857"
15186,15186,"1290,1244,4929,9295,11298,9101,9730,544,4798,10326"
15189,15189,"10326,544,4798,6220,3950,217,5303,10916,4277,8562"
15200,15200,"10326,4798,544,5303,6220,8562,9942,4277,275,717"
15204,15204,"10326,8562,10916,4798,4277,13346,6220,9942,8483,2140"
15205,15205,"4798,7120,544,1290,2411,6971,10326,8562,9101,9730"
15217,15217,"5199,4798,9101,10326,5495,5303,9693,544,9730,8562"
15240,15240,"2989,7679,1244,12869,9730,9101,6288,11024,4798,8978"
15248,15248,"1863,6220,5495,4798,9101,8562,9693,10429,544,10326"
15253,15253,"4798,10326,8562,10916,4277,5303,544,2343,9101,9693"
15256,15256,"544,10326,4798,4277,13346,350,9101,717,6433,3950"
15260,15260,"10326,4798,544,5303,8562,9693,2343,3950,8421,13346"
15265,15265,"5495,12470,9101,4798,10326,544,8413,12092,9730,1374"
15274,15274,"9101,4798,10326,544,9730,5495,8483,12665,9693,9942"
15275,15275,"4798,10326,5303,9101,12665,5495,544,2140,8483,9730"
15282,15282,"4798,10326,8562,8483,5495,8205,9101,2140,5303,544"
15294,15294,"2343,9693,6795,12665,4798,10326,9101,5495,5532,2903"
15304,15304,"11298,1244,7120,1290,9101,9730,9295,9962,2989,544"
15330,15330,"544,10326,9693,9101,2343,275,6220,11298,4798,5495"
15331,15331,"8562,12665,13346,3950,5495,6220,4798,1355,8188,9101"
15332,15332,"1244,11298,7679,7120,9101,4798,10326,544,9730,5495"
15339,15339,"6220,9942,1863,544,10429,9101,8562,4798,10326,5495"
15387,15387,"544,6220,9101,1863,10326,275,10429,8562,12665,5495"
15391,15391,"544,10326,275,4798,12665,6220,8562,4277,8483,89"
15396,15396,"4798,10326,13346,8562,6326,6220,12665,8483,3870,10916"
15397,15397,"6971,5303,13315,1286,8413,5495,9101,8562,2218,4798"
15421,15421,"4798,9101,10326,9693,544,9730,8483,5495,12665,13408"
15427,15427,"7120,7679,9730,9101,11298,1290,544,1244,10326,4929"
15434,15434,"544,11298,2989,1244,7120,1290,9693,9730,10429,4798"
15441,15441,"5495,10326,275,4798,12665,8562,9942,544,1355,5303"
15444,15444,"275,5303,10326,4798,12665,8413,6220,6971,9942,2218"
15457,15457,"4798,8562,8483,3950,5303,10326,6220,13346,10916,9942"
15466,15466,"8562,717,217,13249,3950,11000,4798,10326,5303,10916"
15475,15475,"8413,4798,12857,13249,3950,8483,5676,10326,5495,275"
15483,15483,"11298,7679,9101,9730,9295,2989,12665,7669,7120,1290"
15487,15487,"8483,12665,4798,9101,10326,544,89,9730,5495,8235"
15500,15500,"275,4798,2140,10326,9101,5495,544,8483,9730,12665"
15511,15511,"6220,9942,2343,4798,10326,9693,9101,1244,5495,544"
15515,15515,"8562,3950,4798,6220,10326,2218,13346,5495,8681,89"
15519,15519,"4798,12665,8562,13346,6971,275,5303,9101,9942,544"
15534,15534,"9693,2343,8413,5303,9101,5495,9942,2537,4798,544"
15545,15545,"11298,9101,7120,1290,12869,2989,10137,7679,9295,544"
15553,15553,"9730,9693,7679,544,9101,2989,2343,11298,12869,7342"
15556,15556,"5495,8413,12470,8483,5303,8562,3950,2218,9942,12099"
15564,15564,"4798,13249,12857,10916,13346,6433,3950,6326,10326,544"
15567,15567,"7120,1290,11298,7669,9101,1244,9730,12869,7679,4929"
15582,15582,"4798,12857,6433,8562,10916,10326,5676,6326,217,9101"
15585,15585,"10326,4798,5303,4277,717,8483,12857,8562,8421,6433"
15587,15587,"8562,8413,5303,3950,5495,6220,8483,10916,13346,10326"
15589,15589,"5303,8483,4798,10326,6971,275,8562,5495,2140,11000"
15590,15590,"9693,5495,6795,3428,12665,2537,13315,10326,12470,544"
15595,15595,"10326,9101,4798,544,5495,9730,6659,3055,8483,12665"
15611,15611,"11298,1244,9101,9730,9295,12869,3697,7679,544,4798"
15613,15613,"3950,13346,4798,9942,3428,10326,5495,12665,8562,8413"
15632,15632,"10326,8562,13346,8483,5303,12665,544,275,5495,6220"
15633,15633,"10326,544,5303,9072,350,4798,4277,275,12665,13249"
15639,15639,"4798,5303,8483,10326,6971,5495,3950,8421,10916,8413"
15648,15648,"10326,4798,717,217,10916,544,4277,8483,12857,8562"
15652,15652,"4798,10326,8483,275,10916,6383,350,9340,8205,13346"
15683,15683,"9942,6220,3428,8413,8562,6659,544,8188,5545,9101"
15688,15688,"9942,5495,8562,6220,5676,3428,12665,3950,12470,5303"
15703,15703,"8413,9942,3950,4798,9101,8483,10326,8562,544,5495"
15708,15708,"3950,2218,9101,4798,10326,544,5495,9730,8483,8413"
15714,15714,"4798,10326,8562,8483,544,10916,717,217,12857,3950"
15719,15719,"4798,10326,10916,4277,12857,8562,6433,544,350,13346"
15727,15727,"8413,1230,8562,10326,4798,12665,9101,844,544,9730"
15728,15728,"7120,1290,4929,9101,4798,10326,544,9730,5495,8483"
15735,15735,"10326,4798,8562,275,8483,5303,4277,12665,8421,544"
15736,15736,"5495,8562,3950,31,9942,1355,1328,4798,12665,10326"
15739,15739,"7120,1290,9295,1244,6288,9101,2989,9730,8978,12869"
15742,15742,"9942,4798,3950,8413,6220,10326,12857,8562,89,12665"
15764,15764,"350,50,4798,8562,9178,9101,10326,6659,544,5676"
15773,15773,"10326,4798,5495,10916,13346,12857,8562,9101,8413,8483"
15774,15774,"7669,11298,9730,7120,6591,9101,12869,1290,9295,7679"
15786,15786,"11298,9101,9730,544,7120,1290,7679,12869,12903,12995"
15789,15789,"10326,12857,4277,717,217,8483,4798,9105,6433,8421"
15796,15796,"9942,9693,10326,2343,6220,3428,12665,9072,544,4798"
15800,15800,"5495,8562,12470,12099,8483,2218,8413,10326,4798,9404"
15802,15802,"9101,7120,11298,9730,1244,544,1290,9295,9693,7679"
15812,15812,"10326,4798,5303,544,8562,4277,350,10916,8421,717"
15815,15815,"5303,10326,4798,544,9101,3870,9730,8483,5495,12665"
15828,15828,"10326,8562,12665,6220,13346,8483,544,9942,6659,13249"
15831,15831,"11298,7679,1244,9101,4664,10326,5495,4798,544,9730"
15840,15840,"10326,717,350,4277,275,544,9340,10594,4798,217"
15845,15845,"4798,8562,13346,10326,12857,8413,3950,9942,10916,8483"
15847,15847,"8413,5495,5461,2218,9101,4798,6220,10326,544,232"
15856,15856,"4798,10326,8562,10916,12857,5303,13346,8421,6971,275"
15861,15861,"12869,11298,9101,9730,4798,4163,1244,10326,544,5495"
15862,15862,"7120,9101,11298,1290,1244,9730,7679,544,12869,9962"
15871,15871,"5495,8413,12470,8562,13315,8188,9101,4798,1355,10326"
15872,15872,"8562,3950,8413,13346,10326,4798,8421,5495,9101,8205"
15883,15883,"7120,11298,9101,9295,1290,1244,9730,2989,544,10326"
15886,15886,"544,1863,2343,9101,8562,10429,5495,4798,10326,6220"
15888,15888,"9942,12665,544,5303,10326,6220,3950,3428,4798,8562"
15898,15898,"4798,10326,4277,6220,8421,8562,10916,13346,8483,3870"
15919,15919,"4798,50,10326,6795,12665,5495,64,9101,8562,6326"
15922,15922,"7120,1290,11298,9101,1244,9730,9295,4929,3697,4798"
15931,15931,"544,9693,7120,9101,4798,10326,5495,9730,8483,1244"
15941,15941,"8562,9942,6220,8188,5495,3950,3428,12665,544,13315"
15943,15943,"4798,12857,10594,10916,10326,9101,8421,5303,8483,13346"
15956,15956,"10326,4798,8562,6220,12665,275,3950,5303,13315,5495"
15958,15958,"7120,544,4798,275,5303,1290,10326,6220,89,6971"
15960,15960,"8413,2343,5303,4798,10326,9693,8483,6795,50,810"
15973,15973,"11298,9101,4890,3222,4798,4545,10326,9730,544,5495"
15977,15977,"7120,11298,1244,1290,9101,9730,4929,9295,7679,9962"
15994,15994,"8562,89,13110,7359,3950,10326,9101,4798,5495,12665"
15995,15995,"7120,1290,1244,9730,11298,9101,4929,4798,544,10326"
15996,15996,"6220,13346,3950,10326,9942,4798,8562,5545,5303,9990"
15999,15999,"6220,3950,4798,8483,8562,9101,10326,544,5495,9730"
16060,16060,"4798,10326,7120,1290,544,12665,5303,6971,8562,6220"
16069,16069,"4798,8483,3950,217,10326,13346,717,8413,13249,3428"
16076,16076,"9101,11298,544,2989,9730,7120,1244,12869,1290,7679"
16085,16085,"10326,4798,6383,9101,5495,8483,544,9730,12191,8562"
16089,16089,"8562,4798,9101,10326,544,9693,9730,5495,8483,12665"
16097,16097,"10326,4798,544,8562,10916,4277,5303,13346,717,217"
16112,16112,"13315,544,3950,217,9942,10326,4798,9101,6326,12857"
16116,16116,"4798,10916,12857,8483,10326,9101,8562,544,717,275"
16137,16137,"8483,275,4798,10326,5303,4277,350,6383,217,544"
16150,16150,"717,3950,217,8483,10326,1328,6659,9101,8562,8421"
16174,16174,"3428,8413,3950,9942,13110,9101,1325,4798,10326,12665"
16176,16176,"8413,3950,8562,9101,4798,1889,10326,544,5495,9730"
16210,16210,"7120,1290,4929,9101,1244,11298,544,9730,4798,9962"
16212,16212,"4798,10326,8562,12665,3950,13346,8483,10916,5303,12857"
16230,16230,"10326,4798,8562,5303,3950,9072,544,9942,5495,13346"
16245,16245,"10326,544,4798,4277,217,8562,6433,717,1328,350"
16293,16293,"8562,4798,3950,13346,10326,6220,13249,5303,8413,8483"
16299,16299,"7120,11298,1290,9730,9295,9101,7679,1244,544,2989"
16300,16300,"10429,1863,9101,544,4798,10326,9730,5495,8188,8483"
16303,16303,"10916,12857,10326,8562,3950,4798,10869,9101,717,544"
16305,16305,"11298,7120,9101,12869,89,1290,12665,6971,275,2989"
16314,16314,"4798,10326,8562,5303,12857,4277,6433,544,13346,13249"
16328,16328,"4798,10326,12857,8562,9101,13346,544,8483,652,5495"
16340,16340,"9101,7120,11298,1290,544,1244,10326,12869,4798,9962"
16351,16351,"10326,9942,8483,544,1328,10869,6659,3428,5495,717"
16363,16363,"4798,5495,10326,2343,11969,9693,544,5303,9942,6220"
16376,16376,"4798,5303,10326,6971,8413,8483,9101,6433,7063,544"
16387,16387,"4798,10916,10326,12857,6433,8421,6326,9404,9101,13346"
16395,16395,"4798,10326,8562,6220,544,3428,5303,9942,8483,3950"
16414,16414,"8562,4798,10326,810,12665,8413,6971,9101,6220,544"
16416,16416,"8413,9101,4798,10326,5495,544,8483,9730,7715,12665"
16418,16418,"10326,5303,12665,89,6220,5495,6971,9072,544,12470"
16471,16471,"11298,2989,7120,9101,1244,1290,544,9730,12655,12869"
16489,16489,"4798,8562,10326,8413,12857,3950,5495,12665,10916,9101"
16497,16497,"9693,2343,6795,12665,5303,9101,5199,10326,4798,5495"
16509,16509,"5303,275,544,10326,2140,2218,4798,8562,9101,9942"
16510,16510,"9942,3950,13346,8413,5303,6220,4798,12665,10326,8562"
16521,16521,"11298,1244,9730,9101,7120,2989,1290,7679,4664,10389"
16524,16524,"9101,4798,10326,544,9730,8483,5495,12665,9693,9942"
16582,16582,"5303,13408,8483,544,9101,5495,4798,8413,10326,9730"
16592,16592,"9693,8562,2343,544,6220,10326,4798,8413,1290,9101"
16604,16604,"11298,7120,7679,9101,9730,544,12655,1290,12869,2989"
16605,16605,"9101,11298,7120,544,9730,12665,1244,1290,9942,8978"
16617,16617,"11298,9101,7679,2989,9730,1244,12869,7120,1290,544"
16622,16622,"11298,9101,2989,1244,7679,12869,9730,9156,7120,12655"
16624,16624,"6220,8562,4798,3428,3950,8413,10869,9101,10326,9942"
16628,16628,"3950,11484,8483,4798,10326,9101,544,8562,9730,5495"
16633,16633,"7120,1290,1244,11298,9101,544,4929,4798,10326,2989"
16646,16646,"8562,544,10326,5495,10429,9101,4798,9730,9693,8981"
16651,16651,"10326,5495,13346,4798,8562,12857,50,13408,13249,6433"
16654,16654,"10326,4798,8483,13346,10916,5495,8562,8413,8421,5303"
16673,16673,"8562,5303,8413,9942,4798,3950,8483,12857,11000,13346"
16675,16675,"10326,4798,8562,13346,9942,6220,3950,8413,5495,12857"
16677,16677,"9693,6971,4798,5303,2343,12665,13315,8562,5199,3950"
16679,16679,"8413,275,13375,4798,5303,8562,1889,9101,10326,5495"
16686,16686,"11298,7120,9730,1290,1244,9101,544,4798,9962,9295"
16695,16695,"4798,10326,3950,5303,4277,8562,12857,10594,10916,8421"
16704,16704,"3428,8413,8562,13346,3950,9942,5676,275,5495,12153"
16709,16709,"12665,9942,13346,5495,6220,3950,12470,4798,1220,9693"
16773,16773,"4798,10326,8483,5303,6433,12857,4277,13346,8562,717"
16774,16774,"10326,8562,12857,4798,3950,1889,8421,8483,13249,5495"
16797,16797,"9942,3950,3428,6220,8562,13110,12665,13346,8413,8681"
16803,16803,"2140,4798,9101,10326,8562,544,7063,9730,8483,5495"
16804,16804,"4798,10326,10916,13346,12857,4277,5303,6433,8483,3950"
16806,16806,"8562,4798,544,10326,6220,5303,5495,12665,8188,9693"
16810,16810,"3950,9942,8413,3428,13346,8483,9101,4798,8562,10326"
16836,16836,"6433,350,10326,4277,544,9101,6383,4798,717,9730"
16844,16844,"5495,9101,4798,10326,544,13306,12470,9730,8483,9693"
16861,16861,"1244,11298,12869,7120,9101,1290,7679,9730,4798,544"
16875,16875,"4798,10326,5303,13346,8562,8483,6971,2218,3950,2140"
16936,16936,"4798,10326,13346,12857,3950,8562,10916,5303,8413,8483"
16946,16946,"4798,10326,217,12857,5303,13346,717,8562,3950,10916"
16965,16965,"4798,10326,5303,3950,6220,275,13346,8562,12665,12857"
16987,16987,"4798,10326,5303,8562,6971,275,12857,8421,2140,544"
16988,16988,"4798,12665,9101,10326,8483,9693,544,6971,89,9730"
16989,16989,"8562,10326,4798,3950,12665,6220,5303,9942,8413,13346"
17007,17007,"10326,275,4798,6971,5303,9942,9101,8413,8562,544"
17016,17016,"10326,4798,3950,5461,6220,10916,5495,8562,9942,13346"
17030,17030,"4798,10326,13408,9101,8483,544,9730,5495,275,9693"
17034,17034,"4798,10326,13346,8562,10916,8483,3950,5303,12857,4277"
17054,17054,"5303,12857,13346,4798,10326,10916,10594,2140,8562,8483"
17056,17056,"12857,4798,1328,10326,8483,13346,9101,6383,350,544"
17084,17084,"10326,12665,5495,4798,5303,8413,544,3950,2218,8562"
17098,17098,"544,5495,5303,12470,10326,9101,12665,275,4277,2411"
17102,17102,"4798,10326,5303,6971,275,3950,8483,12665,544,8205"
17109,17109,"3950,9101,11572,4798,10326,544,5495,9730,8483,12665"
17112,17112,"544,4798,10326,275,7120,6220,9942,6971,9072,2218"
17119,17119,"4798,10326,5303,6971,9101,2343,9942,544,9072,6795"
17124,17124,"5303,10326,6220,9942,8562,8413,12665,5495,4798,13346"
17141,17141,"4798,10326,544,9693,5303,6971,5495,2343,13346,9101"
17160,17160,"8483,7679,7669,9101,12665,217,544,4277,13408,12869"
17179,17179,"8483,8413,4798,8562,3950,13346,9942,3870,6220,12857"
17189,17189,"717,217,4277,6433,10326,544,8421,4798,3950,9105"
17191,17191,"8562,5495,8413,10326,8981,4798,9101,544,9730,8483"
17194,17194,"8562,5495,10326,12857,4798,8483,8421,544,11000,12665"
17195,17195,"5495,5199,9693,544,9101,4798,10326,2903,5532,9942"
17200,17200,"11298,7120,9101,1244,1290,2989,544,7679,12869,10389"
17212,17212,"6220,3428,8413,6659,10326,3950,4798,5303,9404,13306"
17218,17218,"9693,10326,2343,5495,544,5199,12665,6383,9404,4798"
17232,17232,"8562,8413,217,8483,3950,717,12857,50,6659,4798"
17242,17242,"4798,10326,8562,544,10916,12857,717,275,4277,8483"
17255,17255,"8413,8562,9942,3950,4798,6220,3428,9101,10326,12665"
17262,17262,"11298,1244,7120,9101,1290,7679,12869,9730,2989,544"
17275,17275,"8562,6220,12665,4798,3950,5495,8413,9942,13110,12470"
17276,17276,"4277,5303,8562,6220,3950,8483,4798,13346,10326,12857"
17278,17278,"9101,544,1863,4798,10326,9693,10429,9730,5495,8483"
17283,17283,"10326,4798,8562,544,9942,5303,12665,9693,6971,6220"
17284,17284,"11000,8483,10326,5495,4798,13346,9101,3282,717,8421"
17295,17295,"544,10326,6220,4277,9942,6433,217,3428,4798,2411"
17298,17298,"544,9101,11298,2989,1244,7120,1290,7679,9730,12869"
17319,17319,"9942,3428,8562,6220,3950,10326,544,4798,7359,12665"
17320,17320,"9101,544,11298,7679,3148,1244,2989,9730,8978,9693"
17325,17325,"9693,12665,8483,13346,544,10326,4798,6795,5303,89"
17330,17330,"9101,4798,10326,544,9730,5495,8483,11298,9693,12665"
17334,17334,"9101,9730,2989,7679,1244,12869,7120,1290,3704,6288"
17346,17346,"9693,6220,8483,2343,12665,9942,4798,8562,13346,9101"
17352,17352,"10326,5303,4798,3950,6971,10916,9693,12665,9101,9942"
17353,17353,"7120,1290,4929,9101,9962,1244,544,4798,6220,10326"
17396,17396,"10326,4798,8562,5303,8205,12857,10916,6433,8413,3950"
17408,17408,"544,10326,4798,5303,4277,8483,3950,12857,8562,217"
17414,17414,"8562,3950,6220,5303,10326,12665,9942,6302,8413,275"
17422,17422,"7679,9101,4798,10326,544,217,9730,5495,8483,11298"
17424,17424,"10326,4798,4277,6383,8483,8562,3950,8092,275,8421"
17427,17427,"7120,9101,4798,10326,544,9730,9962,5495,8483,12665"
17432,17432,"8562,4798,217,10326,3950,13346,8413,10916,8483,717"
17434,17434,"10326,5303,4798,6971,12857,9404,8483,5495,1286,8562"
17439,17439,"9942,8562,12665,4798,3428,6220,3950,8413,5495,10326"
17442,17442,"544,8562,6220,9942,4798,10326,5495,9693,5303,12665"
17449,17449,"4798,8562,10326,13346,12665,3950,9942,6326,8483,8413"
17472,17472,"9693,5461,5495,12665,544,10326,5199,9101,3950,4798"
17509,17509,"11298,9101,544,1244,7120,2989,1290,9295,9730,12869"
17522,17522,"9942,4798,9101,89,10326,544,5495,9730,8413,8483"
17527,17527,"5303,10326,4798,12857,2140,9101,1912,544,12665,5495"
17535,17535,"7120,7679,1290,11298,9730,1244,9295,9101,2989,7342"
17540,17540,"8562,4798,10326,3950,5303,8483,5495,6433,9101,2140"
17541,17541,"11298,9101,9730,1244,2989,1290,7679,4929,544,9295"
17551,17551,"10326,4798,5303,8562,11000,8421,31,8483,10916,717"
17564,17564,"10326,4798,8421,12857,8562,9101,717,544,9730,5495"
17565,17565,"350,10326,4798,9101,544,5495,8483,9730,12665,9693"
17581,17581,"10326,8483,12857,10916,8562,4277,13346,4798,3950,8413"
17596,17596,"6220,275,89,10326,6971,3950,4277,4798,8562,5303"
17601,17601,"8413,8562,3950,9942,4798,9101,8483,10326,4413,13346"
17611,17611,"13346,275,9942,8562,8413,10326,10916,6220,4798,12665"
17612,17612,"10326,6659,217,1355,8562,9942,4798,3428,3950,350"
17620,17620,"8413,5495,12665,8188,3950,1355,1286,5199,12470,6220"
17627,17627,"9693,2343,5495,6795,13315,13408,4798,9101,2537,64"
17634,17634,"8562,1863,9101,4798,544,10326,8981,9730,5495,9942"
17649,17649,"10326,8562,544,4798,4277,6220,3950,13346,5303,3428"
17654,17654,"8562,3950,12665,13346,8092,8483,4798,2343,9101,8413"
17659,17659,"4798,10326,8562,9101,8483,5495,544,9730,12665,275"
17666,17666,"544,7120,3950,1290,6220,12665,4798,9101,11298,4929"
17674,17674,"8483,11000,4798,5495,10326,9101,544,9730,851,12665"
17684,17684,"544,10326,4798,12665,6383,350,8421,1328,652,8483"
17708,17708,"10326,8562,5303,4798,6433,3507,12857,9101,5495,544"
17709,17709,"8483,10326,6220,3950,8562,3428,13346,5495,4798,4654"
17741,17741,"4798,10326,6971,5303,12665,8562,8483,8413,9101,13346"
17752,17752,"9101,4798,10326,544,9730,8483,5495,6659,12665,6307"
17765,17765,"2343,12665,89,4798,6220,6795,10326,544,9942,3950"
17770,17770,"9101,4798,10326,544,9730,5495,8483,8703,12665,7637"
17814,17814,"544,5676,6220,5495,2218,10326,4798,1220,8562,3950"
17818,17818,"1244,544,350,9942,7120,275,9101,10326,4798,8189"
17822,17822,"7120,1290,9101,4798,10326,9730,544,8302,5495,8483"
17826,17826,"4798,10326,8562,544,275,10916,4277,12857,717,6433"
17827,17827,"11298,1244,7120,9101,2989,1290,7679,9730,544,12869"
17840,17840,"10326,5495,8188,4798,8562,6220,9101,544,2218,10429"
17843,17843,"8413,5495,2218,544,12470,9942,4798,9101,5676,10326"
17864,17864,"4798,8483,5495,10326,6433,5461,9984,9101,10916,3950"
17871,17871,"8188,9101,4798,10429,10326,544,9730,5495,1863,8483"
17881,17881,"12665,544,3950,10326,4277,4798,9693,2218,717,5303"
17928,17928,"10326,8562,4798,12665,544,8413,6220,8421,5303,6433"
17931,17931,"9101,4798,10326,544,9730,5495,8483,7679,12665,6659"
17933,17933,"8413,3950,5303,8562,2343,544,9101,2903,5495,6220"
17953,17953,"544,5495,10326,5303,4798,8413,12665,9101,6220,3950"
17970,17970,"9942,3950,13346,6220,12665,9101,4798,89,10326,5545"
17977,17977,"4798,10326,8562,5303,3950,8483,13315,12665,10916,6659"
17982,17982,"9101,7120,11298,1244,9962,12869,544,1290,9730,4798"
17995,17995,"1290,7120,4798,9101,6971,10326,544,9730,5495,12665"
18002,18002,"10326,5303,4798,12857,10916,717,10594,8421,9072,9404"
18006,18006,"6659,9101,10429,4798,10326,544,9730,5495,8483,12665"
18023,18023,"10326,275,5303,13346,544,6220,4277,6971,8562,10916"
18024,18024,"4798,10326,9101,544,9730,5495,8483,7439,12665,9693"
18047,18047,"6220,9942,2343,6795,9693,12665,3428,5545,8413,3950"
18050,18050,"9942,4798,275,5303,544,12665,6220,2218,10326,6971"
18078,18078,"10326,4798,10916,13346,8562,5303,8483,8421,6971,4277"
18086,18086,"7120,4798,1290,9101,544,6971,10326,1244,4929,11298"
18093,18093,"7120,11298,1290,9101,1244,9730,4929,12869,4798,10326"
18115,18115,"10326,4798,3950,4277,12857,717,10916,8421,10594,10568"
18122,18122,"9101,4798,7120,8981,544,10326,1290,5495,9730,10429"
18124,18124,"10326,4798,5303,544,6971,2343,8413,1747,1220,9693"
18127,18127,"7120,1290,1244,11298,9101,9295,4929,9730,12869,7679"
18133,18133,"10326,8562,3950,13346,4798,3428,12857,10916,6220,8483"
18148,18148,"2218,3950,5199,8562,544,9942,9101,10326,5495,4798"
18155,18155,"9693,13346,2343,275,544,9101,4798,10326,9942,9730"
18158,18158,"11298,7679,2989,9101,8978,12655,9730,1244,544,12995"
18166,18166,"10326,10568,4798,544,3950,5303,9178,9072,4277,2140"
18167,18167,"10326,5461,4277,544,9072,9404,6433,275,9942,5303"
18169,18169,"12470,9101,4798,10326,5495,544,2140,9730,8483,13346"
18175,18175,"9693,12665,10326,4798,5303,5495,9101,8483,544,6971"
18178,18178,"8562,4798,8413,3950,10326,13346,12665,5495,6220,8483"
18214,18214,"11298,7120,9730,9101,1244,1290,7679,12869,4929,2989"
18217,18217,"8562,12665,10326,275,5495,4798,5303,3950,13346,544"
18226,18226,"11298,9101,7120,1290,12869,2989,10137,7679,9295,544"
18229,18229,"5303,4798,6971,8413,2140,8483,9101,10326,5495,544"
18236,18236,"9101,4798,10326,544,8793,9730,5495,8483,12665,9693"
18240,18240,"9942,3950,6220,6659,12665,3428,89,5495,9404,8562"
18262,18262,"9942,544,8562,6220,3950,3428,10326,5303,12665,2411"
18266,18266,"11298,9101,1244,544,2989,1290,9730,7679,8978,12869"
18272,18272,"4798,8562,5303,13346,3950,8413,12665,10326,6220,8483"
18292,18292,"8562,4798,10326,5303,8413,3950,6220,13346,9942,8483"
18299,18299,"544,10326,275,9942,3428,6220,8562,12665,6659,4277"
18321,18321,"9101,4798,10326,544,9730,5495,8483,8265,12665,6659"
18338,18338,"8562,10326,3950,5303,6220,544,13346,4798,9942,9693"
18339,18339,"10326,4798,8483,10916,4277,5303,12857,350,6383,10594"
18341,18341,"8562,4798,13346,10326,8413,8483,5303,9101,544,10916"
18355,18355,"7120,9730,9295,11298,1290,9101,1244,4929,3697,2989"
18364,18364,"544,7120,1244,9101,11298,1290,6971,2903,5495,7679"
18368,18368,"4798,10326,8562,12665,12857,13346,3950,6326,10916,8483"
18393,18393,"4798,10326,9693,2343,5303,13346,8562,6971,12665,275"
18409,18409,"3950,4277,217,275,8562,717,4798,5676,12665,544"
18434,18434,"10326,4798,12857,5303,10916,6433,544,10594,717,3950"
18440,18440,"9942,4798,13346,8413,8562,3950,12470,6220,5495,10326"
18446,18446,"10326,9693,4798,12665,2343,6220,3950,5303,4277,9404"
18467,18467,"9942,4798,8562,275,1220,13346,10326,2140,3507,9101"
18475,18475,"6220,9295,9942,2218,1290,8188,9730,7120,1355,12665"
18487,18487,"10326,4798,8562,6220,5495,13346,3950,544,4277,12665"
18489,18489,"544,10326,4798,9693,4277,350,2343,5303,9101,12665"
18499,18499,"12857,8205,4798,10326,9101,544,13259,8483,9730,8562"
18505,18505,"4798,10326,8562,13346,3950,275,12857,6220,5676,12665"
18525,18525,"10326,4798,8562,8421,12857,4277,10916,5303,6433,10594"
18530,18530,"10326,4798,8421,10594,13346,10916,9101,12857,5495,544"
18539,18539,"544,9101,4798,10326,7120,1863,5495,9730,10429,1290"
18546,18546,"9693,10326,2343,544,12665,6795,64,4798,89,9101"
18579,18579,"10326,9942,8562,13346,4798,3950,4277,2411,544,3428"
18585,18585,"2343,9693,5199,6795,64,12665,5532,5495,10326,9101"
18595,18595,"544,10326,8562,5303,50,4277,6433,10916,6220,3428"
18648,18648,"4798,6433,8483,717,11000,3950,13346,10326,217,10916"
18679,18679,"8562,8413,3950,12665,13346,6220,9942,5495,3428,6659"
18683,18683,"8562,6220,544,8188,2343,5495,10326,9693,275,9101"
18687,18687,"11298,7120,9101,9730,1244,7679,1290,9295,4929,2989"
18718,18718,"12665,8562,4798,544,10326,6220,5303,275,6433,9942"
18741,18741,"3950,8413,4798,5495,8562,9101,8483,10326,544,13346"
18760,18760,"11298,7120,1290,9730,9101,9295,544,12665,89,2989"
18771,18771,"8562,3950,6220,12665,13346,4798,10326,4277,275,3428"
18787,18787,"10326,4798,275,10916,4277,5303,8421,8562,6433,544"
18788,18788,"8413,4798,12857,13346,8483,8562,2218,10326,3950,4323"
18789,18789,"8562,13346,2343,10326,12857,544,9693,275,9101,5495"
18798,18798,"9942,3950,8562,6220,1323,13346,12665,3428,4798,5495"
18800,18800,"10326,9942,544,12665,9101,4798,5495,9730,11287,275"
18805,18805,"8413,3950,8562,9942,4798,5495,9101,8483,10326,8188"
18806,18806,"11298,7120,9101,1244,9730,12869,7679,9962,4929,544"
18812,18812,"8413,12665,4798,5303,6220,6971,10326,9942,544,8562"
18818,18818,"6659,1328,10326,4798,9101,8483,5495,544,9730,12665"
18830,18830,"5303,4798,8562,10916,10326,13346,3950,8413,6971,5495"
18835,18835,"1244,7120,9101,1290,2989,12665,4798,9730,9942,544"
18839,18839,"5495,1355,12470,10326,9101,4798,8413,544,8483,9730"
18851,18851,"8413,4798,9101,10326,9942,544,5495,9730,1747,8562"
18854,18854,"4798,10326,8562,5303,10916,6971,8483,8205,12857,13346"
18864,18864,"10326,4798,3950,13346,217,8562,4277,717,10916,544"
18865,18865,"5495,9101,4798,544,10326,9693,12665,10429,9730,8562"
18874,18874,"544,11298,9101,7120,12869,1244,1290,2989,9730,10326"
18875,18875,"4798,10326,12857,5495,3950,10916,9101,8562,8483,5303"
18879,18879,"9101,7669,7679,11298,275,544,9730,3464,12869,6288"
18882,18882,"544,9730,9101,11298,2989,12869,6220,12665,9942,7679"
18895,18895,"3950,12665,13346,9942,6220,8413,13306,4798,5495,8483"
18903,18903,"10326,4798,5303,275,10916,13346,12665,4277,8562,6433"
18913,18913,"10326,4798,9693,13346,2343,8562,10916,544,4277,64"
18934,18934,"7120,1244,1290,11298,544,9101,9730,4929,12869,12665"
18935,18935,"7120,6971,1290,9693,10326,9101,2903,5199,9942,5532"
18981,18981,"12665,9942,6220,10916,8562,544,4798,6971,5303,8413"
18985,18985,"13346,4798,10326,9693,8562,6971,275,544,9101,10916"
18987,18987,"9295,9101,4798,9730,10326,11298,544,5495,1244,8483"
18990,18990,"10326,8562,5303,4798,13346,10916,4277,544,6220,9072"
18996,18996,"4798,10326,3950,8562,2218,8413,5303,8483,9101,6326"
19010,19010,"10326,4798,10916,4277,544,5303,8483,6433,8562,8421"
19016,19016,"9101,7120,9730,12869,11298,2989,1290,9438,9295,3464"
19018,19018,"8483,13346,4798,6383,9101,10326,1328,544,9373,9730"
19029,19029,"4798,10326,5303,275,8483,8413,8562,8421,12857,2140"
19060,19060,"7679,6220,4654,9101,1355,9693,5545,12665,9730,4798"
19069,19069,"7120,544,11298,1244,1290,5303,9730,9101,4929,4798"
19084,19084,"4798,10326,8562,5303,12857,4277,13346,10916,6433,12665"
19086,19086,"9101,7120,2989,1244,1290,6220,12665,9693,12869,11969"
19105,19105,"7120,9295,1290,4929,9101,9730,3697,4798,544,10326"
19110,19110,"11298,1244,7120,1290,9101,12869,2989,7679,9730,544"
19135,19135,"10326,9101,4798,544,9730,5495,8483,12665,6659,9693"
19144,19144,"8413,8562,5303,10326,544,4798,8483,3950,6220,4277"
19154,19154,"13249,5495,4798,5461,9101,10326,544,9730,8483,12665"
19168,19168,"10326,8562,4798,3950,12857,4277,10916,6220,12665,717"
19173,19173,"7120,1290,5495,4929,4798,9101,2218,10326,544,5303"
19187,19187,"7120,1290,9101,4798,10326,544,9730,1863,5495,9942"
19216,19216,"6659,3950,9101,4798,10326,8562,5495,8483,544,11484"
19227,19227,"5676,9693,9942,8413,5495,3428,9101,6795,12470,2343"
19231,19231,"4798,10326,8483,3950,5303,10916,13346,9942,12665,8421"
19234,19234,"11298,7679,1244,2989,9101,9730,7120,544,12655,1290"
19255,19255,"10326,4798,5303,3950,6220,9942,6971,12665,8562,9693"
19258,19258,"5495,8413,3950,12470,4798,8483,9101,9942,10326,544"
19266,19266,"7120,1290,5303,4798,10326,544,6971,9295,4929,9942"
19296,19296,"4798,13346,8562,6795,10326,2537,12665,64,8483,544"
19297,19297,"6659,9101,4798,10326,544,6383,9730,5495,8483,12665"
19308,19308,"3950,844,9101,4798,10326,8483,5495,544,12665,8562"
19323,19323,"10326,4798,9101,544,9730,5495,1328,8483,12665,8562"
19346,19346,"10326,4798,5303,544,6220,12665,8483,6971,4277,10916"
19347,19347,"7120,4798,4929,12665,6220,10326,9101,3950,9942,9730"
19360,19360,"7120,1290,9101,9730,9295,4798,9693,10326,544,5495"
19364,19364,"7669,3464,7679,11298,9101,2989,4798,544,9730,1244"
19378,19378,"4798,3950,12857,13346,8562,8483,10326,10916,8413,275"
19379,19379,"4798,8562,5303,13408,10326,5495,10916,9942,275,9693"
19380,19380,"10326,5303,4798,4277,544,12857,8483,8562,10916,11969"
19381,19381,"10326,4798,8562,10916,12857,5303,4277,8421,8483,717"
19384,19384,"8562,10326,10568,8421,3950,6220,4798,12665,717,544"
19385,19385,"4798,8562,13346,10326,3950,6220,8483,12665,8413,6326"
19388,19388,"7120,11298,9101,2989,1290,9730,1244,12869,9295,4929"
19406,19406,"4798,10326,5303,275,544,12857,6433,8562,10916,13346"
19408,19408,"5495,5199,9693,10326,4798,544,9101,2343,9942,5532"
19415,19415,"11298,544,7120,1244,1290,3148,9730,8978,2989,12655"
19417,19417,"12665,13346,4798,64,3950,10326,6220,8483,9942,6971"
19434,19434,"9693,2343,64,2989,9730,7679,544,11298,2537,9101"
19441,19441,"10326,4798,10916,12857,5303,4277,8562,8483,3950,717"
19461,19461,"7120,544,1244,1290,9101,4929,11298,9730,7679,10326"
19474,19474,"3950,9942,12665,6220,13346,8562,8413,89,5495,4798"
19477,19477,"7120,8483,4798,1290,9101,10326,350,544,9730,5495"
19484,19484,"11298,2989,9101,1244,7679,8978,544,12869,9730,12655"
19502,19502,"5495,12099,12665,544,12470,275,6659,5676,8562,9101"
19503,19503,"544,6220,10326,5303,3428,4798,4277,6971,275,9101"
19512,19512,"3428,50,13346,8483,3950,8562,10326,4798,2411,9942"
19515,19515,"9942,9693,9101,975,4798,10326,544,9730,12665,5495"
19518,19518,"7120,9730,2989,1290,9101,4929,544,6220,9295,11298"
19530,19530,"10326,8562,4798,6220,5303,544,13346,6971,9942,9072"
19559,19559,"9101,9730,11298,7120,12665,12869,1244,1290,7679,544"
19576,19576,"13346,4798,10326,9101,8483,544,5495,9730,12665,9693"
19586,19586,"9693,2343,9942,5495,64,10326,4798,9101,13315,544"
19594,19594,"12665,10326,544,4798,9101,1290,89,7120,9693,1244"
19605,19605,"10429,9101,544,4798,10326,12665,1863,5495,9730,8483"
19618,19618,"3950,10326,9404,4798,5303,12665,2218,8562,5199,6971"
19620,19620,"4798,8413,8562,5303,10326,844,9101,6971,544,8483"
19623,19623,"3428,4277,350,13249,10916,8562,9340,10326,11222,4798"
19628,19628,"10326,4798,3950,4277,217,5495,8421,13346,8562,8483"
19631,19631,"7120,1244,9101,11298,12655,4929,544,7679,2989,9730"
19642,19642,"5495,12665,9693,10326,2343,3950,9942,5676,544,5199"
19644,19644,"4798,9101,10326,544,8483,7063,9730,2140,12665,5495"
19648,19648,"7679,1355,11298,5495,9101,544,4798,10326,7120,9730"
19665,19665,"8562,12665,4798,10594,10326,9101,6433,10916,544,5495"
19683,19683,"11298,7679,9101,9730,544,1244,1290,2989,3464,12869"
19684,19684,"8562,4277,10594,717,4323,10326,4798,9101,217,8421"
19693,19693,"10326,4798,4277,11000,9340,8483,217,544,13249,9101"
19696,19696,"4798,10326,8413,5303,3950,12857,6433,6971,13346,275"
19707,19707,"4798,10326,5303,12857,8483,10916,717,3950,8421,275"
19715,19715,"9693,2343,64,4798,5495,9942,8483,6220,13346,544"
19716,19716,"7120,1290,9101,1244,4929,11298,9730,4798,544,10326"
19729,19729,"4798,7120,8562,10326,1290,5303,6220,6971,9942,544"
19734,19734,"10326,13346,5303,8562,4798,5495,12857,10916,10594,3950"
19758,19758,"9101,13346,4798,10326,3950,544,8562,9730,5495,8483"
19764,19764,"8562,4798,10326,5303,275,2343,13346,6433,12665,6220"
19773,19773,"11298,9101,544,1244,9730,1290,2989,4929,7679,12869"
19778,19778,"5495,3950,12470,4798,9942,6220,10326,8562,5461,13408"
19780,19780,"8562,6220,3428,9942,6659,5495,12665,5184,13306,2218"
19784,19784,"10326,4798,544,8562,6433,6220,50,4277,350,9101"
19786,19786,"4798,8562,10916,3950,13346,4277,13249,544,6220,6433"
19793,19793,"10326,4798,5303,5495,3950,6220,275,8562,4277,8483"
19798,19798,"10326,5495,13346,4798,544,12665,3428,8413,12470,3950"
19808,19808,"4798,8562,10326,8413,3950,13346,8483,6220,12665,10916"
19812,19812,"7120,1290,1244,7679,12869,2989,9101,4929,9730,3464"
19821,19821,"10326,8562,4798,12857,3950,6433,13346,5303,5495,9101"
19830,19830,"9730,12869,11298,9101,1244,7679,9962,7120,544,4798"
19843,19843,"7120,7669,12869,9101,1290,2989,11298,7679,9295,544"
19867,19867,"6220,9693,9101,1863,2343,10429,10326,9942,4798,12665"
19889,19889,"8562,3950,4798,6220,13346,10916,12665,9942,10326,8483"
19893,19893,"8562,6220,10326,4798,8188,544,1863,10429,9101,9942"
19898,19898,"7120,11298,9101,1290,9295,12869,4929,1244,2989,544"
19902,19902,"10326,8562,9101,350,4798,544,9730,5495,8483,12665"
19905,19905,"4798,10326,8562,5303,10916,275,8483,717,11000,12857"
19910,19910,"3950,10326,8562,4798,4277,8421,217,13346,717,10916"
19929,19929,"10326,8483,4798,8562,544,12665,6220,5303,13346,4277"
19932,19932,"11298,1244,7679,9730,7120,9101,1290,2989,12869,1779"
19952,19952,"10326,8562,4798,8483,13346,9942,5495,6433,3950,6220"
19956,19956,"8483,8421,13110,4798,10326,9101,2814,544,10568,9730"
19987,19987,"4798,8562,10326,13346,10916,8421,8413,3950,5303,12665"
20008,20008,"4798,544,12665,9101,8562,5303,4277,10916,6433,9942"
20018,20018,"4798,8413,8562,3950,9942,10326,12665,13346,8483,9101"
20019,20019,"544,7120,9942,1290,5303,8413,9101,10326,4798,1355"
20020,20020,"7120,1290,4929,9730,9101,4798,10326,544,10663,11298"
20023,20023,"4798,13346,5495,8413,10326,8562,3950,13249,10916,12665"
20031,20031,"8562,6220,544,4798,2218,5495,9693,1863,9101,9942"
20039,20039,"8562,8413,12665,6220,9942,13346,3950,3428,544,4798"
20040,20040,"9942,4798,6220,5495,8483,5303,12665,9101,10326,8413"
20041,20041,"12470,8413,8188,544,5676,8562,1355,13408,12099,13346"
20045,20045,"3950,4798,13346,10326,10916,12665,8562,8421,12857,8483"
20056,20056,"4798,12665,6220,9101,11298,89,7120,9730,1290,544"
20069,20069,"10326,4798,13346,5303,544,8483,6220,2218,4277,3950"
20074,20074,"6659,9942,6220,3428,8562,7359,10326,13110,3870,5184"
20083,20083,"8562,10326,3950,9942,4798,13346,3428,544,13249,5676"
20085,20085,"11298,7679,9730,7120,9101,1290,2989,12869,4664,11918"
20086,20086,"8413,5303,6220,4798,5495,8562,9942,6971,3950,8483"
20089,20089,"8562,3950,6220,13346,4798,8681,3870,2218,5642,10326"
20101,20101,"4798,5303,12665,9942,6220,89,275,13346,3950,10326"
20104,20104,"9101,4798,10326,5495,544,9730,8483,6659,12665,9693"
20112,20112,"8562,4798,12665,10326,544,9942,3950,6220,5303,5495"
20115,20115,"8562,4798,3950,6220,10326,13346,2903,8483,9942,12665"
20133,20133,"7120,12869,9730,9101,11298,1290,1244,544,4798,7258"
20136,20136,"10326,9693,4798,2343,217,544,4277,8562,1220,9404"
20138,20138,"11298,1244,9101,9730,9962,7679,9295,7120,4798,10326"
20162,20162,"4798,10326,3950,5303,8421,8562,717,12857,10916,5495"
20176,20176,"4798,10326,275,544,6971,8562,2218,9942,6220,12665"
20200,20200,"10326,4798,275,5303,13346,8562,12665,9942,544,2140"
20222,20222,"4798,9101,10326,544,9730,5495,9306,8483,12665,9693"
20251,20251,"10326,4798,5303,7120,544,275,1290,6971,8562,9101"
20256,20256,"12470,12099,10326,5303,10594,12668,5199,544,13408,9404"
20264,20264,"10326,5303,4798,8562,10916,6433,4277,810,10594,12665"
20280,20280,"10326,4798,10916,4277,13249,217,8562,6433,8421,10594"
20286,20286,"2989,9101,6220,10429,1244,544,1863,1355,8188,11298"
20323,20323,"7120,11298,1290,4929,9101,9295,9730,9962,4798,544"
20324,20324,"7120,1290,544,9101,4929,4798,5495,10326,9730,1244"
20336,20336,"9693,9101,11298,9730,544,1244,12665,7679,6220,1290"
20339,20339,"8562,9942,8413,3950,4798,6220,13346,3870,10326,3428"
20344,20344,"5495,5303,7120,1290,10326,544,9101,12470,4798,6971"
20356,20356,"10326,8562,9942,12665,4798,3950,6220,13346,3428,544"
20360,20360,"7120,1290,9693,9101,4798,10326,9730,544,2343,5495"
20362,20362,"9693,2343,5199,5495,10326,2537,4798,5532,9101,544"
20376,20376,"13346,10326,3950,13249,10916,10077,4277,10568,8562,8483"
20381,20381,"4798,10326,12665,5676,5303,2218,9693,13408,8562,6971"
20394,20394,"7120,11298,1244,9101,544,2989,10326,4929,9730,4798"
20397,20397,"8562,1355,12665,544,5495,9101,1863,4798,10326,8413"
20407,20407,"6659,3428,8413,8483,3950,6220,5495,10326,4798,12665"
20413,20413,"11298,7120,9730,1290,9101,1244,2989,12869,9295,544"
20433,20433,"7120,1290,1244,11298,9101,9730,9962,4929,9295,544"
20448,20448,"544,5303,810,9101,7792,4798,10326,9730,2140,7679"
20492,20492,"4798,10326,8562,89,9693,9942,9101,12665,5495,855"
20505,20505,"11298,7120,1244,9101,1290,9730,2989,7679,544,12869"
20512,20512,"10326,4798,10916,8483,13346,12857,8562,8413,3950,5303"
20514,20514,"9101,4798,10326,544,9730,5495,8483,12665,13013,4181"
20533,20533,"217,8483,10326,4277,350,4798,5109,6433,5303,2411"
20543,20543,"5303,7120,8421,1286,10326,4798,717,8483,1290,2989"
20546,20546,"4798,10326,717,12857,10594,10916,8483,9101,544,275"
20557,20557,"4798,10326,8562,9942,3950,5303,3428,544,13346,5495"
20558,20558,"4798,10326,12857,10594,9602,9101,3950,544,9730,5495"
20561,20561,"12665,4798,13346,8483,3950,6220,3428,10326,9942,8562"
20566,20566,"11298,9101,1244,544,7120,9693,9730,1290,12869,9942"
20573,20573,"11298,9101,4798,1244,10326,9730,544,5495,8483,12665"
20623,20623,"7120,1290,4929,4798,9101,10326,544,9730,5495,8483"
20627,20627,"544,10326,9730,4798,12665,5303,7120,6220,4277,1290"
20643,20643,"4798,10326,5303,275,6971,10916,544,2140,13346,9101"
20645,20645,"11298,9101,1244,544,12869,7120,9730,1290,10326,12665"
20652,20652,"717,10326,12470,5495,10916,8483,4798,13346,4277,5303"
20654,20654,"10326,4798,8562,4277,10916,717,8483,6433,3950,13346"
20667,20667,"6971,89,9101,4798,10326,9730,5199,9693,544,5495"
20670,20670,"13408,9101,4798,10326,3950,544,9730,5495,8483,12665"
20671,20671,"10326,8562,4798,5303,3950,8413,2218,544,12665,6971"
20676,20676,"9942,5303,8562,3950,13346,10326,4798,2140,9404,9693"
20694,20694,"544,5303,10326,7120,12665,9101,4277,11298,9404,2989"
20709,20709,"5495,10326,12470,4798,5303,8413,8562,544,275,3950"
20716,20716,"4798,5303,10916,8562,8413,10326,8483,5495,9101,544"
20739,20739,"5303,217,64,275,1715,12315,12470,9693,10326,13346"
20763,20763,"9693,544,2343,10326,5303,5199,12665,9101,2903,5495"
20779,20779,"11298,1244,7120,1290,544,9101,2989,9942,9730,7679"
20781,20781,"4798,8413,12665,9942,3950,8562,6220,6971,10326,2218"
20790,20790,"7120,1290,9295,9101,9730,4798,10326,11298,544,5495"
20792,20792,"4798,10326,12857,10916,5303,717,8421,217,10594,8562"
20797,20797,"4798,10326,5303,8562,8483,8413,5495,13346,9942,544"
20811,20811,"4798,9942,3950,6220,5303,3428,8483,8562,13346,10326"
20821,20821,"7120,1244,11298,9101,9730,1290,12869,4929,544,7679"
20830,20830,"10326,4798,10594,6383,4277,8562,8483,8421,9101,13259"
20861,20861,"9693,2343,6220,5495,544,6795,5676,6971,89,9942"
20878,20878,"9942,11298,9101,2989,7120,12665,6220,1244,544,9730"
20891,20891,"8562,9101,4798,8413,12665,10326,544,5495,9730,8483"
20895,20895,"8562,5495,3950,8413,6220,4798,13346,9942,8483,12665"
20901,20901,"10326,4798,8562,5303,13346,8483,2343,544,6220,12665"
20908,20908,"10326,4798,8562,275,544,4277,5303,2343,10916,3950"
20928,20928,"7120,1290,4929,9101,4798,544,10326,9730,5495,8483"
20945,20945,"6659,5303,12665,9942,6220,3428,8562,9072,8413,544"
20971,20971,"4798,10326,8562,6433,10916,4277,13346,12857,13249,275"
20979,20979,"4798,10326,5303,8562,8483,3950,9942,12665,6971,4277"
20982,20982,"5303,10326,4798,6433,8421,8483,9105,12857,9101,10594"
20991,20991,"10326,8562,13346,5303,12665,8483,6220,9942,8413,2140"
20998,20998,"9942,3950,5495,6220,3428,13346,8562,12665,12470,64"
21006,21006,"3950,9404,4798,9693,5495,10326,5199,2343,8562,13315"
21018,21018,"6971,5303,10326,275,4798,8562,9101,2140,8483,544"
21028,21028,"9942,8188,6659,544,8562,6220,5495,8413,4798,9693"
21041,21041,"8562,10326,3950,10916,6433,5495,4798,9942,8413,13346"
21042,21042,"9693,544,2343,5495,5199,10326,6795,13315,2903,9101"
21064,21064,"7120,11298,1290,9101,544,4929,9962,9730,10326,4798"
21075,21075,"12665,544,5303,9693,5199,2343,6971,89,10326,3950"
21078,21078,"10326,8562,9942,3950,13346,3870,4798,3428,2218,8483"
21081,21081,"12470,5495,5303,8413,2218,4798,6220,10326,1746,12665"
21084,21084,"8562,10326,3950,12857,275,4798,6220,13346,10916,6971"
21089,21089,"10326,4798,4277,10916,10594,8483,5303,8421,217,350"
21112,21112,"7120,9101,1244,2989,1290,544,9730,4929,7679,9295"
21126,21126,"8413,13346,8562,3950,4798,9101,10326,544,8483,9730"
21129,21129,"7120,1290,9101,9730,4929,6971,12869,9295,4798,11298"
21130,21130,"9693,10326,2343,13346,3950,9942,4798,12665,6220,544"
21137,21137,"3950,8562,5303,2411,4798,544,10326,6220,5495,9101"
21149,21149,"5495,8562,4798,8483,12470,10326,13346,2343,9942,9693"
21152,21152,"10326,4798,5303,8562,12665,275,10916,13346,3950,544"
21177,21177,"8562,10916,4798,3950,13346,350,10326,9101,544,9730"
21191,21191,"7120,4929,9101,4798,10326,544,9730,10663,5495,8483"
21200,21200,"10326,8562,3950,9942,5676,1328,12665,3428,1355,6220"
21204,21204,"4798,10326,717,5303,10916,4277,8562,3950,217,8483"
21221,21221,"5495,12470,5303,8562,6220,8413,2218,6971,9404,4798"
21228,21228,"544,11298,7120,9101,10326,1290,12665,4798,2989,8413"
21249,21249,"5495,10326,13315,275,544,8483,5303,4798,2140,9101"
21256,21256,"3950,4798,844,9101,8413,10326,544,9942,8562,8483"
21261,21261,"8483,4798,8562,13346,8413,3950,10326,10916,6326,5676"
21279,21279,"10326,544,4798,12665,9693,6220,2343,9942,275,6383"
21282,21282,"11298,7120,9101,1244,1290,9730,544,9295,9693,2343"
21305,21305,"10326,717,10916,4798,4277,6433,10594,8562,8421,544"
21307,21307,"217,10594,9101,13110,4798,13315,10326,544,1323,9730"
21315,21315,"810,5642,1574,11094,9101,4798,10326,10100,544,13315"
21342,21342,"544,9101,7120,11298,2989,1244,12869,12665,6971,4798"
21347,21347,"10326,4798,13346,5303,3950,12665,8562,6220,8483,8413"
21357,21357,"9101,544,10429,8562,10326,4798,1244,1863,5495,6220"
21358,21358,"10326,5495,2903,9693,5199,544,4798,9404,5532,9101"
21368,21368,"9101,11298,4798,544,10326,9730,5495,1244,8483,9962"
21372,21372,"9730,11298,9101,7120,1244,2989,1290,544,9295,7679"
21373,21373,"9942,3950,3428,5495,12665,4277,9404,12470,275,9101"
21383,21383,"9101,7120,544,1244,11298,9693,7679,4929,89,9730"
21393,21393,"9942,8562,6220,8413,3950,5303,6659,13346,3428,5676"
21415,21415,"7120,1290,9295,6971,4929,11298,9101,1244,4798,544"
21421,21421,"8562,9942,1290,9101,9730,4798,6220,4929,12665,10326"
21433,21433,"4798,275,10326,5303,12665,6971,544,5676,31,8562"
21449,21449,"544,10326,4798,5303,3950,4277,217,2343,12665,13346"
21483,21483,"10326,9942,8562,4798,13346,6220,5303,3950,3428,4277"
21488,21488,"8562,10326,4798,3950,10916,8483,13346,12857,5303,8421"
21518,21518,"9101,1244,3428,2989,544,7679,9942,6659,8978,12869"
21528,21528,"12470,8562,6220,5303,13346,1355,8483,8188,12665,3428"
21536,21536,"7120,11298,1244,9730,9101,1290,544,2989,7679,4929"
21585,21585,"4798,8562,9942,6220,5495,8413,5303,12665,10326,3870"
21598,21598,"11298,9730,9101,2989,7120,1290,275,9295,3464,544"
21602,21602,"12665,8562,3950,5303,13346,8413,4798,9101,10326,9942"
21604,21604,"4798,5495,13408,8413,9101,5303,10326,544,8483,9730"
21626,21626,"12665,544,11298,9101,4798,5495,10326,1286,9730,9693"
21636,21636,"12665,13315,9942,3950,2343,9693,89,13346,544,64"
21649,21649,"7120,4929,9101,4798,10326,544,9730,10663,3697,5495"
21650,21650,"9101,4798,10326,544,9730,5495,1025,8483,12665,9693"
21655,21655,"9101,7120,11298,1290,9730,1244,544,12869,7679,2989"
21662,21662,"11298,9101,1244,12869,544,7679,9295,7120,6288,9730"
21681,21681,"7120,11298,9730,9101,1244,1290,12869,544,7679,2989"
21686,21686,"2411,350,10326,544,4798,2140,9101,8483,9730,5303"
21699,21699,"8562,3950,5303,4798,13346,12665,8483,8413,6220,9942"
21702,21702,"11298,1244,7120,9101,9730,1290,544,9295,9693,12869"
21709,21709,"4798,10326,13346,8562,12857,3950,5303,10916,8421,8483"
21718,21718,"4798,10326,5303,8562,3950,12857,10916,4277,13346,717"
21719,21719,"10326,4798,4277,5303,10916,8421,8483,717,12857,10594"
21724,21724,"8562,3428,4798,3950,10326,10916,6220,9942,13346,13249"
21741,21741,"9101,7679,11298,1244,2989,544,9730,7120,12869,1290"
21746,21746,"11298,9101,7120,1244,1290,7679,12869,544,9730,4798"
21751,21751,"8413,9101,4798,5495,6302,10326,9942,544,3950,12665"
21754,21754,"10326,4798,12857,4277,717,6433,10916,8562,13346,8421"
21768,21768,"4798,3950,12665,10326,13346,275,10916,5303,6220,6971"
21775,21775,"5495,544,9101,9942,4798,5199,10326,10429,6659,9730"
21781,21781,"9730,11298,9101,2989,1244,7679,12869,8978,4664,12995"
21789,21789,"7120,11298,1244,9101,9730,544,2989,4929,12665,9693"
21795,21795,"4798,3950,5495,8413,10326,9101,8483,5303,544,12665"
21812,21812,"8562,8413,3950,1286,12665,4798,13346,9101,10326,8188"
21814,21814,"10326,4798,5303,8562,13346,12857,10916,6971,6433,8483"
21820,21820,"10326,3950,4798,13346,12665,8562,5303,12857,5495,5642"
21827,21827,"10326,4798,9942,5303,717,12665,275,8562,6220,4277"
21838,21838,"8562,10326,1355,8188,4798,6220,10429,13346,9101,544"
21855,21855,"9693,2343,5495,6795,64,13346,4798,544,9101,5532"
21881,21881,"4798,13346,275,12857,8413,10326,64,717,31,9942"
21884,21884,"8562,4798,10326,12665,6220,9942,13346,8483,5303,275"
21889,21889,"7120,544,10326,1290,4798,1244,9101,4929,275,6971"
21896,21896,"10326,4798,8562,5303,544,12665,6220,4277,13346,8483"
21902,21902,"4798,10326,10916,8421,12857,8483,4277,3950,6433,13346"
21916,21916,"10326,4798,544,10916,5303,4277,8483,8562,8421,12857"
21927,21927,"11298,7120,1290,9101,9730,9962,4798,10326,544,5495"
21938,21938,"10326,12857,4798,717,4277,8421,6433,13249,217,5303"
21948,21948,"6433,4277,9245,810,4798,13346,10326,8483,10916,9101"
21952,21952,"7120,1290,9295,4929,9101,4798,9730,10326,3697,544"
21954,21954,"2343,6795,9693,5495,5199,4798,10326,5532,544,9101"
21955,21955,"6659,3950,9942,5303,10326,8562,544,6220,11484,8483"
21978,21978,"8188,4798,9101,12665,6220,10326,544,5495,8981,9730"
21983,21983,"9101,11298,9693,544,7120,2343,9730,10326,1290,6220"
22004,22004,"10326,4798,5303,2343,5495,7120,9693,1290,5199,2411"
22007,22007,"11298,7120,9730,1290,3464,7679,12869,4929,9101,2989"
22014,22014,"3950,9942,8413,6220,3428,5495,12665,8562,12470,10453"
22020,22020,"10326,4798,12665,6220,8562,5303,8413,8483,13346,10916"
22052,22052,"4798,10326,8421,8483,10594,717,5303,12857,11000,9101"
22056,22056,"8562,5495,12665,1323,9942,3950,6302,10326,13315,4798"
22064,22064,"10326,4798,8562,544,9693,9101,5495,8681,9730,8483"
22072,22072,"10326,4798,8562,8483,10916,13249,13346,12857,6433,4277"
22074,22074,"4798,8562,10326,10916,4277,12665,8421,8483,13346,13249"
22102,22102,"3428,9942,3950,13346,6220,544,1374,4798,1889,13306"
22110,22110,"4798,10326,8562,13346,3428,3950,6220,9942,5495,8483"
22111,22111,"544,10326,8483,4798,5303,717,4277,217,8421,8562"
22119,22119,"5495,8413,12665,6220,10326,8562,544,9942,6971,7792"
22125,22125,"8413,4798,3950,9101,8562,10326,8483,544,5495,9730"
22150,22150,"10326,4798,5303,544,5495,6971,5199,275,9101,12665"
22151,22151,"7120,1290,9295,1244,10326,4929,544,11298,4798,9101"
22154,22154,"7120,1290,1244,4929,11298,9101,9730,4798,544,10326"
22213,22213,"9942,6659,6220,12470,5495,3950,3428,3870,2218,8413"
22256,22256,"544,2343,11298,9101,13346,6795,9730,1290,9295,12665"
22258,22258,"5303,4798,5495,8562,275,10916,13346,10326,4277,8483"
22265,22265,"8562,5495,10326,12665,4798,8413,13346,6220,3950,8483"
22279,22279,"2343,6220,9693,9942,89,13346,3950,8562,5461,1230"
22280,22280,"10326,4798,8562,9942,6659,5495,10869,544,12470,275"
22283,22283,"2343,9693,9101,4798,544,10326,9730,5495,8483,8981"
22286,22286,"6220,8413,3950,3428,8681,8562,3870,12665,5676,4798"
22288,22288,"10326,13346,2343,8562,5303,5199,9693,12665,544,4798"
22321,22321,"11298,9730,7120,1244,9101,2989,7679,1290,12869,9295"
22336,22336,"4798,10326,8562,5303,12665,10916,3950,13346,12857,6220"
22344,22344,"4798,3950,8483,10326,5303,9101,5495,544,9730,12665"
22353,22353,"6659,9453,10326,9101,12665,4798,544,8483,5495,9730"
22356,22356,"4929,1244,9101,9295,11298,4798,9730,3697,544,10326"
22387,22387,"10326,4798,5303,10916,6433,544,13346,275,8562,8483"
22427,22427,"6971,9101,4798,10326,544,844,12665,9730,9942,5495"
22428,22428,"9693,9101,2343,11298,7120,9730,1290,9295,544,12869"
22449,22449,"11298,9101,7679,9730,12655,1244,2989,12869,544,4664"
22452,22452,"544,9101,5495,9942,10429,8188,1863,12470,9730,4798"
22460,22460,"7679,7669,1371,9101,12869,11298,4163,4798,9730,544"
22467,22467,"7120,10326,4798,1290,544,1244,4929,9101,11298,6971"
22480,22480,"544,7120,9101,1244,1290,11298,9693,9962,4798,10326"
22481,22481,"4798,10326,275,5303,8562,9942,6971,13346,12665,2140"
22484,22484,"5303,9942,3950,8483,4798,10916,10326,5495,11572,8562"
22489,22489,"9693,2343,9942,2537,9101,544,5495,4798,5532,64"
22502,22502,"9101,7679,1244,11298,9730,3464,544,7120,4798,10326"
22510,22510,"11298,9101,2989,12869,7120,9730,1290,1244,544,4545"
22511,22511,"9101,1863,544,10429,7120,4798,1290,10326,5495,1244"
22514,22514,"10326,4798,8483,9693,5303,8562,6971,2343,8421,12665"
22520,22520,"7120,1290,9101,4798,10326,544,9730,4929,5495,8483"
22546,22546,"4798,5495,10326,9101,6971,12857,544,9730,12665,8205"
22551,22551,"8413,8562,3950,9942,12665,6220,4798,2218,1286,9101"
22582,22582,"11298,7120,9730,3464,1290,7679,9101,1244,9295,2989"
22595,22595,"9942,9693,6220,12665,3950,10326,2343,3870,4798,2218"
22597,22597,"4798,10326,8562,13249,13346,8483,10916,9101,544,9730"
22605,22605,"3428,12470,3950,4277,217,9768,8562,9101,5495,4798"
22618,22618,"4798,544,9101,7120,9693,9942,12869,1290,10326,2343"
22641,22641,"544,10326,717,4798,4277,8421,10077,10916,8483,350"
22645,22645,"10326,4277,350,8562,9178,4798,217,652,6383,9340"
22660,22660,"4798,10326,8562,8483,3950,13346,5303,6220,10916,13249"
22666,22666,"3950,4798,8562,2411,8483,10326,8413,9942,6220,9101"
22674,22674,"7120,9101,1244,9730,4929,11298,2989,7679,9693,544"
22678,22678,"7120,11298,544,1244,1290,9101,9730,12665,9693,2989"
22697,22697,"11298,9730,7120,1290,9101,1244,4798,544,10326,7679"
22698,22698,"3950,5495,13315,5303,10326,3428,13346,6220,5199,8562"
22705,22705,"4798,10326,544,5303,6220,1290,7120,8562,6971,9101"
22710,22710,"5676,9693,2343,544,5495,4798,10326,4277,8562,9101"
22714,22714,"3950,2218,8562,13306,8413,8483,9101,4798,5495,10326"
22715,22715,"4798,3950,5303,10326,10916,5199,6220,810,8562,8483"
22720,22720,"10326,5495,544,8562,4798,717,4277,5303,8483,8421"
22734,22734,"4798,10326,5303,544,8562,2218,8483,5495,8413,6971"
22735,22735,"4798,5303,10326,8483,6971,10916,8421,8562,2140,2218"
22736,22736,"4798,10326,5303,8562,13346,10916,8483,6971,12665,8413"
22747,22747,"544,8562,10326,9693,2343,9101,4798,5495,10916,10429"
22748,22748,"4798,10326,6971,9101,2140,544,9730,5495,8483,8562"
22759,22759,"9693,13346,2343,12665,10326,4798,3950,544,13306,6220"
22761,22761,"4798,10326,5199,5303,544,5495,9693,3950,12665,9101"
22774,22774,"10326,4798,5303,9942,5495,8562,6971,12665,6220,8413"
22783,22783,"8562,6659,10326,6220,3950,9942,9101,4798,5495,544"
22830,22830,"5495,9693,544,12470,5676,10326,5303,6795,6220,4798"
22831,22831,"7120,11298,1244,4929,9730,9101,3697,4798,544,10326"
22846,22846,"544,10326,8562,4798,275,2343,5303,6220,9693,6971"
22850,22850,"7120,9101,1290,1244,11298,4798,544,10326,9730,5495"
22883,22883,"8562,5495,12665,4798,8483,9942,12470,10326,8413,2218"
22887,22887,"10326,4798,9693,544,13346,12665,3950,10916,5303,4277"
22893,22893,"8562,9942,5303,12665,4798,12857,6220,10916,3870,3428"
22905,22905,"4798,6220,8562,2343,13315,9693,8681,13346,2585,3950"
22923,22923,"4798,10326,6220,5303,8562,3950,8483,9942,12857,2218"
22956,22956,"10326,4798,217,717,10916,12857,3950,8562,12665,13346"
22964,22964,"6220,544,4798,1863,9101,10326,5495,8562,12665,9693"
22972,22972,"11298,9101,1244,7679,9730,12869,7120,1290,2989,544"
22985,22985,"4798,9101,10326,8413,5495,544,12665,9730,8483,9942"
23011,23011,"10326,4798,544,4277,717,350,217,8562,8421,8483"
23027,23027,"11298,2989,9101,7679,9730,544,1244,1863,11024,4798"
23036,23036,"10326,9942,4798,8562,6220,3950,13346,12665,3428,89"
23038,23038,"13346,8562,5495,9942,6220,3428,4798,3950,5303,10326"
23046,23046,"10326,4798,9101,5303,11298,12665,1244,9693,2989,7120"
23051,23051,"8413,5303,12857,4798,5495,2218,6220,8483,5199,4277"
23057,23057,"9101,4798,10326,544,9730,5495,8483,12665,9693,9942"
23062,23062,"7679,11298,1244,9101,12869,9730,8978,544,4163,12655"
23069,23069,"4798,8562,5495,10326,5303,13346,3950,12665,12470,8483"
23078,23078,"5303,5495,12665,8562,6220,89,2343,9693,9942,544"
23113,23113,"8562,8413,4798,10326,5495,6220,13346,2218,9942,8483"
23121,23121,"9101,4798,9730,10326,11298,544,1290,1863,1244,5495"
23123,23123,"4798,8562,10326,5303,3950,8483,4277,544,10916,13346"
23136,23136,"4798,13346,10326,5495,8413,8562,10916,8483,5303,12857"
23138,23138,"4798,3950,10326,10916,8562,13346,5303,9942,6220,12665"
23140,23140,"10326,12665,4798,5303,8562,544,9942,89,6220,6971"
23170,23170,"4798,10326,3950,13346,4277,10916,12857,5303,717,8421"
23173,23173,"7120,11298,9101,1244,544,1290,10326,275,5303,7679"
23179,23179,"544,10326,6220,2343,5303,810,9693,4798,3428,50"
23196,23196,"4798,10326,8562,13346,3950,5495,6220,12665,5303,10916"
23199,23199,"3950,6641,2218,5495,4798,9101,6659,9942,10326,544"
23216,23216,"4798,10326,5303,8562,844,275,717,10916,6971,9101"
23226,23226,"13346,5495,8562,12470,8092,3950,4798,10326,9101,5610"
23233,23233,"10326,4798,5303,8562,6659,8421,2218,9101,5495,544"
23253,23253,"9693,2343,12665,3950,6220,4798,10326,6971,9404,5199"
23281,23281,"9730,7120,11298,544,1290,9101,9295,1244,4798,10326"
