ID,user_id,item_id
12,12,"4798,5303,10326,4277,8562,8483,12857,10916,2140,275"
14,14,"6220,9942,4798,1863,8562,9101,7637,10326,9668,544"
17,17,"1328,10326,1221,7480,4798,6659,9101,4072,544,1261"
21,21,"10326,4798,544,6220,8421,10916,8562,4277,2140,275"
44,44,"11298,1244,1290,9101,7120,9295,9962,12869,4664,9730"
55,55,"10326,8562,4798,10916,10594,2218,6326,13346,3950,4277"
56,56,"89,6971,5495,12665,9693,2343,4798,8922,5199,5875"
58,58,"4798,10326,8562,6971,5303,544,275,6433,13346,10916"
59,59,"4798,10326,3950,6220,13346,12857,9942,10916,8421,4277"
79,79,"10326,4798,13346,6220,4277,8562,10916,5303,544,3428"
81,81,"9101,7120,1290,11298,2989,544,1244,12869,9295,4929"
85,85,"4798,10326,8562,5303,12857,275,5495,2140,8413,8053"
92,92,"11298,1290,12869,7120,9295,1244,9101,1779,10389,2989"
97,97,"3950,12665,4798,9942,5495,13346,4602,10326,931,844"
100,100,"4798,10326,10916,8562,13346,8421,2140,6433,3950,12857"
112,112,"4798,3950,6971,12857,6220,5610,2140,8562,8413,6383"
122,122,"10326,8562,4798,3950,217,8483,4277,717,10568,6220"
133,133,"9693,2343,8483,6659,544,9942,1323,6795,9532,12665"
141,141,"1863,6220,8562,1290,8981,9101,5149,8703,4798,544"
144,144,"9295,13330,9101,7188,12449,6954,816,1166,4798,5238"
149,149,"7120,1290,11298,4929,7679,9730,9101,1244,7669,10674"
153,153,"4798,10326,3950,8562,12857,5303,6220,2218,13346,8421"
166,166,"6971,9101,5001,11484,9375,8235,544,3464,4798,12665"
220,220,"4798,8562,8413,6220,13346,9942,12665,6326,5676,8483"
231,231,"9693,3950,2343,9404,12665,3507,5199,9532,13346,5532"
262,262,"10326,4798,1290,7120,6971,12857,5303,8205,4929,1244"
274,274,"6220,544,4798,6971,10326,2218,12665,2140,89,844"
277,277,"544,2343,12470,12665,89,4277,5495,10326,13346,275"
281,281,"7120,1290,9295,4929,11298,6971,3697,1244,9101,544"
291,291,"217,3428,717,4798,8421,5303,7802,8792,1735,9101"
300,300,"10326,8562,4798,5303,6220,275,6971,9942,544,4277"
310,310,"4798,5303,10326,8562,544,31,10916,11000,2140,8421"
332,332,"5495,12470,13306,609,8188,5155,3357,1642,10236,3565"
344,344,"10326,4798,4277,8562,6433,12857,217,10594,10916,8421"
359,359,"544,7120,6220,1290,9101,89,2989,1244,11298,9693"
380,380,"5495,5199,2903,9693,4117,10835,5532,9101,4798,2343"
386,386,"9942,8562,6220,12665,4798,3950,3428,4277,13346,6971"
426,426,"3950,13346,12665,6220,8562,3055,8413,89,5495,8483"
436,436,"4798,10326,8562,4277,12857,544,13346,8421,6433,10916"
453,453,"89,4798,6220,6971,544,8562,10326,5303,13346,3950"
461,461,"7120,544,9101,10326,2989,1244,4929,6971,11298,4798"
464,464,"4798,2140,10326,7138,2291,9101,9306,544,6588,12857"
473,473,"5495,12665,8224,6378,896,9101,4798,544,11019,527"
481,481,"10326,4798,217,6220,6383,717,8421,12665,350,10916"
490,490,"275,4277,8483,350,4798,10326,9340,10568,3428,12857"
494,494,"4798,8562,10326,6220,5303,6971,12665,3950,8413,9942"
497,497,"2989,7120,9730,12869,7679,1290,7669,11298,12655,9101"
510,510,"2343,544,3950,9942,6220,13346,12665,6795,3428,64"
511,511,"10326,4798,8562,12857,8421,6220,717,5303,10594,2140"
512,512,"9693,2343,544,1290,1244,7120,9101,5532,11298,6834"
524,524,"7120,1290,12869,1244,9962,11298,9295,9730,789,9101"
525,525,"10326,4798,544,5303,4277,3950,12665,8562,6971,6433"
545,545,"10326,4798,8421,10594,12857,8483,717,10916,7833,12856"
560,560,"10326,8562,3950,4798,13346,6220,10916,6433,544,3428"
564,564,"9693,2343,6795,275,2537,10326,6834,544,8562,9101"
566,566,"13346,2343,4798,275,9942,9693,5303,12665,11540,8483"
568,568,"217,10326,3428,4798,4277,5495,6220,8483,717,8413"
570,570,"8562,8681,10429,6220,544,4798,7707,10326,7706,9101"
573,573,"4798,10326,3950,13346,4277,10916,8562,6433,217,5303"
594,594,"8562,3950,6220,4798,5303,10326,13346,4277,12665,10916"
601,601,"4798,10326,5303,12665,275,8562,2218,544,3950,2140"
605,605,"5495,2905,3950,12611,4798,5999,9101,10326,11357,406"
641,641,"4798,6220,9942,3950,5495,3428,10326,9693,13346,2343"
650,650,"9942,3950,6220,217,2218,5303,3428,8562,544,4798"
675,675,"9942,6220,12665,8562,6971,3870,4798,2411,8483,3950"
677,677,"7120,1290,4929,3697,10663,9962,12030,1244,9101,2916"
679,679,"10326,544,5303,9942,4798,6971,8562,6220,5676,4277"
683,683,"3950,5610,9245,13346,4469,8562,4798,8746,4113,8572"
687,687,"10326,4798,544,8562,10916,13346,12665,5303,6220,8421"
705,705,"275,5303,4798,544,10326,12404,717,7063,1912,4277"
708,708,"7120,544,1290,9101,1244,11298,2989,6971,9730,12665"
712,712,"5495,9942,8562,3950,6220,12665,13306,4798,10326,13346"
715,715,"4798,5303,8483,2140,275,10326,5495,11000,8562,7578"
728,728,"7120,1290,9101,11298,1244,9730,9962,2989,544,12869"
743,743,"12665,9693,2343,544,10326,2903,2218,89,5199,6659"
753,753,"6220,544,8562,9942,5495,8413,8333,8208,5184,7707"
757,757,"4798,10326,5303,9942,8483,8421,13346,10916,5495,6971"
768,768,"5495,8413,3950,12470,10326,8562,5303,13346,8483,5199"
797,797,"2343,6795,5532,2537,5495,10835,6834,64,544,9101"
813,813,"12665,4205,9101,7637,8703,544,10332,4798,13228,10326"
832,832,"7120,1290,11298,9101,4929,9730,9295,6971,1244,12869"
833,833,"4798,10326,9942,8562,5303,6220,275,3950,13346,12665"
844,844,"12665,2343,13346,8413,9942,5495,10326,64,9404,6220"
858,858,"10326,544,4277,50,3950,8562,4798,9101,275,6220"
874,874,"11298,12869,9730,9101,6220,12665,7864,544,4576,4890"
875,875,"10326,12470,5303,8562,4798,544,4277,5199,8421,6433"
892,892,"4798,8562,5303,6220,2140,10326,8981,4698,9101,9937"
897,897,"3950,3428,12665,13346,4602,5524,931,9942,64,4798"
912,912,"4798,7120,1290,9295,5303,10326,9101,8590,6971,4929"
924,924,"13346,6220,8562,9942,4798,5485,12665,5545,10429,2327"
926,926,"6220,544,12665,1290,9942,10326,5545,8562,10429,4798"
933,933,"5303,10326,5495,4277,544,2140,8413,6220,9178,8562"
944,944,"8562,6220,9942,3950,89,2343,3870,3428,9693,5642"
951,951,"5495,4798,5303,6971,12470,2218,8562,8413,6220,10326"
974,974,"8562,544,6220,9942,4798,3428,3950,13346,12665,5545"
1010,1010,"9306,5946,4798,383,13214,9101,12871,544,10326,165"
1013,1013,"89,12665,7024,4798,6971,7983,9101,12662,13191,544"
1016,1016,"4798,1290,8562,9942,7120,2218,6220,5303,6971,3870"
1023,1023,"7120,1290,6220,89,1244,12665,6971,11298,9942,4798"
1035,1035,"544,12665,5303,10326,9101,6971,4277,89,217,275"
1046,1046,"544,9101,7120,10326,5303,11298,1290,1244,2989,4798"
1051,1051,"1290,7120,9942,2989,544,5495,8562,9101,11615,10326"
1057,1057,"5303,10326,8421,8483,4798,12857,10594,10916,7138,1912"
1064,1064,"4798,7120,1290,10326,6971,4929,8590,5303,9295,2140"
1080,1080,"7589,12104,10566,9998,4798,7688,10434,9101,11552,3573"
1089,1089,"10326,4798,8562,544,4277,717,217,5303,10916,12857"
1090,1090,"8562,13346,10326,10916,3950,4277,4798,8421,6971,11000"
1103,1103,"8562,10916,4798,10326,13346,6433,1681,217,3950,5303"
1123,1123,"7120,1290,6971,4929,12030,9101,10663,4798,544,2286"
1134,1134,"10326,4798,5303,8562,8421,13346,4277,12857,10916,8483"
1136,1136,"8562,3950,4798,10326,9942,12665,13346,8413,8483,4277"
1139,1139,"6220,5495,9942,544,1863,9693,13296,12470,10429,8562"
1154,1154,"12665,6220,3428,544,10326,9942,12470,4798,4277,64"
1169,1169,"1290,9101,1244,11298,544,6220,9730,4929,2989,12665"
1173,1173,"8562,8188,10429,6220,4798,8981,1863,5495,7707,3950"
1178,1178,"5875,8235,7024,13191,7289,11403,9101,4798,12665,544"
1190,1190,"8562,4798,3950,5303,10326,13346,6971,12665,5495,8413"
1205,1205,"8562,4798,6220,8413,5303,3950,10326,9942,13346,6971"
1217,1217,"11298,2989,9730,7120,7679,1290,9101,1244,12869,4576"
1218,1218,"9693,544,9101,2343,9942,6220,89,6795,5532,12665"
1230,1230,"6220,10326,8562,4798,12665,5303,544,3950,9693,2218"
1250,1250,"10326,4798,8562,6433,5303,10594,4277,2140,12857,12385"
1252,1252,"3950,12665,4798,5303,5199,2343,5532,8562,10326,544"
1276,1276,"9693,2343,5199,5532,9942,6795,5495,5999,4117,544"
1279,1279,"7120,1290,9962,11298,1244,9101,789,5135,4929,6971"
1281,1281,"10326,217,4798,5303,12857,8421,275,4277,8590,8562"
1288,1288,"8562,3950,3428,5495,5303,6220,12470,4277,275,8413"
1305,1305,"11298,9730,1244,9962,7679,9101,4664,4036,5135,10607"
1320,1320,"4798,8562,8413,10916,3950,6326,10326,12857,13249,8483"
1321,1321,"5495,3950,10326,5199,12470,5303,9404,13346,4798,8483"
1328,1328,"9942,6659,6220,3870,8562,5303,2218,13110,4798,13296"
1343,1343,"4798,10326,8562,4277,12857,10916,5303,8421,717,544"
1345,1345,"544,2989,1290,7120,9101,11298,4798,4277,10326,9730"
1374,1374,"11298,1244,7120,12869,7679,9101,9730,4664,6288,1851"
1410,1410,"7120,1290,4929,10326,1863,9101,4798,544,12665,9730"
1414,1414,"12857,6433,8483,10594,10326,2636,7910,10339,4798,9101"
1420,1420,"8562,9942,4798,6220,8413,8188,5676,5303,3950,13346"
1440,1440,"9693,8562,11660,9101,2343,10429,10326,544,8590,9730"
1441,1441,"10429,2989,1863,7679,9101,9942,544,2327,3487,5495"
1443,1443,"9101,11298,1244,9693,1019,544,7679,2989,4576,9730"
1458,1458,"7120,1290,11298,9101,1244,10326,544,9295,12869,4277"
1492,1492,"6220,4798,9942,13346,3950,3870,10326,5545,6971,4413"
1496,1496,"10326,4798,5303,8562,6971,275,544,12665,8421,1290"
1499,1499,"12665,3950,13315,4798,5303,10326,5199,3055,5495,13346"
1504,1504,"9101,11298,7120,1290,544,12869,7679,2989,9730,1244"
1516,1516,"8562,13346,6220,9942,2343,3950,4277,13249,8483,10326"
1523,1523,"9455,4798,217,2767,8363,11014,9178,11042,638,12390"
1534,1534,"9101,4798,544,11758,10326,8540,5495,12665,9942,9730"
1539,1539,"544,7120,6220,1290,11298,9942,12665,7679,9101,9730"
1559,1559,"7120,1290,2989,9101,9730,1244,6971,12869,4664,4576"
1572,1572,"12665,6220,9942,3950,8562,3428,544,10326,4798,2218"
1573,1573,"10326,12857,717,4798,4277,5303,8421,10594,544,10916"
1601,1601,"544,6220,1290,9942,9101,4798,10429,1863,7120,7707"
1603,1603,"4798,8562,3950,8483,5610,1383,10916,8746,10326,13126"
1604,1604,"217,544,4798,350,717,4277,6383,13346,1978,10326"
1613,1613,"11298,2989,7679,9101,1290,9730,1244,544,7120,4664"
1634,1634,"4798,10326,6659,4277,9404,1328,8562,3950,6220,2411"
1642,1642,"3950,8562,4798,13346,8413,6220,11572,9942,10916,13249"
1643,1643,"7120,1290,1244,2989,11298,9101,6220,6971,544,4929"
1654,1654,"8562,4798,6220,3950,9942,9693,544,10326,6971,8681"
1657,1657,"11298,7679,2989,12655,544,9101,1244,7342,9730,4545"
1674,1674,"89,9693,4798,6971,2343,1290,544,9942,10326,12665"
1702,1702,"10326,8562,6220,13110,3870,6326,13346,12665,9942,3950"
1719,1719,"6659,3950,6220,9942,3428,4256,9101,1328,4798,1832"
1725,1725,"8562,4798,10326,3950,6220,12857,13346,10916,5303,6326"
1726,1726,"1290,4798,6971,7120,4929,10326,238,275,8562,9101"
1728,1728,"544,9693,2343,11969,9101,10326,6971,2989,1290,4576"
1735,1735,"89,5875,12757,7024,8235,13191,12665,9101,4715,12662"
1739,1739,"7120,1290,4929,3697,9101,10663,4798,544,12133,10326"
1774,1774,"4798,10326,3950,8562,10916,3428,5303,4277,12857,13346"
1780,1780,"4798,10326,544,9101,4277,1323,11969,2411,275,350"
1799,1799,"217,6270,2771,4892,2963,8459,2880,9101,1854,8092"
1813,1813,"4798,8562,10326,3950,9942,5303,13346,2218,6220,5495"
1834,1834,"8562,12857,13346,3950,10916,4798,10326,6326,4482,9101"
1835,1835,"12470,5495,6659,8562,8911,6082,9101,11484,4798,544"
1841,1841,"11298,1244,1290,12869,9101,9730,9962,9295,5135,789"
1863,1863,"3950,3428,6220,8562,12665,9942,275,10326,5545,4277"
1878,1878,"8562,9942,13346,3950,8413,3428,12857,6220,6326,4469"
1879,1879,"2343,4798,6971,6795,10326,8562,5532,13346,5303,5199"
1910,1910,"7120,1290,4798,9101,6971,10663,10326,6591,275,5303"
1911,1911,"8562,4798,10326,5303,13249,8421,544,9340,350,9101"
1919,1919,"13346,9693,2343,9942,6220,3870,6795,5545,9562,12665"
1925,1925,"12869,7679,9730,4163,9101,11298,2957,1558,4216,83"
1926,1926,"11298,9101,9962,1244,8978,9102,4642,1829,11020,9730"
1931,1931,"7275,2940,10107,10326,9850,9101,11771,4798,544,6952"
1940,1940,"4798,10326,5303,8562,275,13346,6971,6220,2218,4277"
1968,1968,"4798,8483,5303,10326,1328,13249,217,9340,10916,717"
1981,1981,"4798,8413,3950,12857,13346,6971,10326,5303,10916,275"
1992,1992,"7120,1290,11298,1244,10663,9101,2916,3697,9730,9295"
1998,1998,"11298,9295,9101,11024,1779,9730,4664,1290,1244,4036"
2000,2000,"7120,1290,4929,9962,9101,11298,1244,9295,5135,3697"
2017,2017,"4798,8562,3950,13346,10326,4277,12857,6971,5303,6433"
2036,2036,"5875,8235,9101,8570,4798,544,12665,10326,5495,3814"
2044,2044,"9693,2343,544,11572,5461,11969,4798,8562,10326,5495"
2047,2047,"11298,9101,1244,1290,7120,6591,9730,12869,1779,9962"
2052,2052,"5303,10326,1328,350,9101,544,4798,669,5495,7461"
2055,2055,"5495,3545,5760,9101,6060,4798,11542,6659,544,5249"
2069,2069,"8413,8562,6220,9942,2218,3428,3950,5545,2140,544"
2075,2075,"9693,2343,4798,3950,5303,6220,10326,9942,13346,12665"
2089,2089,"4277,10326,717,4798,8421,10916,10594,8562,10077,6433"
2093,2093,"12665,4798,5303,8562,6220,3950,9942,275,6326,10326"
2127,2127,"10326,4798,2140,7063,1295,8205,2291,9101,544,5610"
2135,2135,"12665,9942,6220,3950,3428,3870,8562,5545,8413,5495"
2137,2137,"12665,3950,89,6220,13346,8562,8235,7024,5875,4798"
2141,2141,"8413,8562,6220,9942,2218,544,5495,8188,5545,10429"
2147,2147,"544,1290,9101,7669,8562,7120,12869,9942,6220,4664"
2150,2150,"10326,8562,12857,4277,717,350,4798,6433,8421,544"
2153,2153,"4798,12857,10326,5303,8562,6220,10916,6326,13249,5642"
2158,2158,"9101,11298,544,2989,1244,1290,7120,12869,7679,8978"
2178,2178,"8562,5495,4798,13346,5199,13249,2343,9942,10835,10326"
2180,2180,"8562,6220,13346,6383,3950,12665,3428,1323,5676,8483"
2181,2181,"2989,11298,3464,544,7679,1779,7120,1244,9730,1290"
2193,2193,"8413,3950,6220,9942,4413,2789,4798,5495,9101,2567"
2216,2216,"10326,8562,4798,4277,10916,6433,8421,10594,13346,544"
2224,2224,"8562,5495,12470,8413,10326,3950,5303,5199,2343,12665"
2231,2231,"2343,5199,6971,89,5532,9693,2903,544,12665,9101"
2242,2242,"5495,3950,4277,6220,13306,8681,217,12470,3428,4895"
2243,2243,"5495,9693,2343,2903,544,5199,3127,5676,10326,5532"
2247,2247,"9730,4443,13043,4266,2411,5495,8579,6459,9101,7240"
2262,2262,"544,11298,9101,1244,1290,7679,4576,2989,4664,7120"
2271,2271,"8562,10326,4798,5303,3950,544,4277,2218,5495,12470"
2284,2284,"3950,13346,8413,6971,4798,5495,8562,6220,12665,609"
2287,2287,"8188,13306,8562,5495,10213,7003,9101,10250,4798,7442"
2291,2291,"5303,275,10326,2140,4798,5199,2218,3950,544,6971"
2293,2293,"4798,5303,9730,544,9101,7120,11298,2218,6971,2343"
2294,2294,"4798,10326,8562,12857,6433,5303,10594,6326,8421,4277"
2301,2301,"4798,6971,6659,5303,6220,8421,10326,13249,2218,2140"
2310,2310,"9942,12665,544,6220,10326,6659,9101,8562,3950,3428"
2341,2341,"4798,8562,10326,13346,6971,3950,12857,5303,9404,6220"
2345,2345,"9101,11298,7679,12655,9730,2989,11918,7669,12869,8978"
2348,2348,"11298,7120,1290,9101,9730,1244,544,2989,4929,7679"
2349,2349,"4798,10326,6971,10916,5303,13346,544,8562,5199,5532"
2350,2350,"10326,4798,544,4277,5303,6220,6971,1290,7120,9942"
2355,2355,"10326,4798,4277,10916,12857,8562,8421,6433,217,3950"
2383,2383,"10326,4798,8562,12857,6326,13346,4277,717,10916,3950"
2393,2393,"4798,10326,2291,10462,9306,9101,5946,13214,8402,544"
2399,2399,"7120,1244,4929,10326,4798,544,9101,10663,5303,1863"
2421,2421,"2343,544,10326,6795,4798,5495,12665,2537,5532,5303"
2435,2435,"9532,9942,12483,9693,7897,12665,9101,2989,4798,10299"
2448,2448,"5495,5875,1230,5199,8413,4798,9101,7289,10835,8235"
2452,2452,"7120,1290,4929,9248,9295,9101,6568,12497,11929,3086"
2464,2464,"8562,6220,9942,3870,3950,4798,5545,10326,4413,13110"
2470,2470,"12857,3950,5642,10594,8562,217,10326,9453,2063,2742"
2478,2478,"6971,5303,89,5199,12665,2218,4798,8590,10326,5495"
2506,2506,"6220,3428,3950,4798,10594,5495,8562,7359,10326,12857"
2523,2523,"8235,5875,4798,7289,10326,9101,12662,12665,7824,544"
2527,2527,"7120,1290,4929,10322,5573,10663,12030,4387,9101,4798"
2528,2528,"3950,4798,12857,8562,6326,4469,6220,10326,10594,5303"
2530,2530,"3950,8562,13346,2218,5199,10326,5303,13408,5495,4798"
2533,2533,"9942,6220,8413,3950,13310,8188,7792,8562,3870,5482"
2540,2540,"8483,8562,13346,3950,4798,10326,217,10916,4277,12665"
2558,2558,"8562,3950,13346,12665,10326,8413,8235,89,9942,2343"
2559,2559,"6659,6220,8188,12665,3950,9942,5545,10429,8562,13110"
2592,2592,"4798,10326,13346,275,6220,6971,544,5303,12665,8590"
2599,2599,"10326,4798,5303,8562,4277,275,544,3950,2140,6220"
2608,2608,"9942,6220,8562,12665,3428,3950,5545,3870,12470,5495"
2613,2613,"11298,9730,2989,1290,7120,12869,9295,9101,11024,1244"
2616,2616,"8413,5495,4181,4798,7715,10673,10986,6270,9101,9203"
2617,2617,"1863,544,4798,10429,5495,589,9101,10761,8956,5962"
2619,2619,"3950,9942,8413,89,6220,5199,931,9101,4798,2789"
2622,2622,"1290,7120,11298,1244,9295,9101,3697,5135,544,789"
2629,2629,"1244,9101,11298,544,1290,7120,9730,2989,7679,4576"
2648,2648,"1244,9101,1290,544,7120,2989,7679,12869,10326,10389"
2654,2654,"4798,10326,6220,8562,5303,12665,3950,6971,544,5495"
2668,2668,"10429,5976,8188,544,9101,4798,2327,8562,10326,5495"
2703,2703,"5495,3565,5199,4118,4264,590,1681,801,9101,9693"
2710,2710,"13346,4798,10326,8483,4277,3950,10916,8562,6383,12857"
2713,2713,"4798,10326,5303,13346,8562,6971,3950,6326,275,12857"
2722,2722,"7120,9101,2989,1244,11298,9730,4929,544,12869,10663"
2724,2724,"7120,1290,4929,1244,9295,10663,3697,6971,9101,4798"
2727,2727,"10326,6220,5303,4798,8562,6971,2218,9942,9072,2140"
2755,2755,"7669,9101,11298,7679,12869,2989,544,11554,8978,9730"
2769,2769,"13346,4277,275,4798,8562,12404,9455,10326,8681,8483"
2776,2776,"10326,5303,2218,5199,544,9942,12665,11357,5495,2903"
2781,2781,"7120,1290,4929,1244,9101,9295,10663,6971,544,3697"
2782,2782,"7120,1290,11298,7679,1244,4929,9101,9730,10663,3697"
2789,2789,"9693,2343,5199,4798,5532,5495,5676,3950,10326,544"
2794,2794,"9942,2903,12665,3950,8562,5622,9693,4798,5545,5495"
2804,2804,"5303,6220,3950,64,8562,9942,9693,2218,5545,12665"
2819,2819,"12665,544,5495,8562,3950,6220,10326,5303,4798,275"
2846,2846,"9942,6971,5303,8562,544,4798,1863,10326,275,13408"
2851,2851,"7669,12869,2989,11298,9101,7679,544,1244,9730,4163"
2861,2861,"9404,10326,9072,4277,5495,8562,5199,217,4798,544"
2862,2862,"12665,9942,6220,9101,89,7679,9693,2343,1863,8590"
2867,2867,"13346,10326,9178,10594,350,10916,5495,9598,4798,6588"
2873,2873,"9693,5495,13408,544,2343,5532,12470,4416,3127,10326"
2880,2880,"6220,8562,9942,1863,10429,544,7707,5495,13296,4798"
2881,2881,"10326,4798,12857,10916,10594,8562,8421,13249,8205,8483"
2886,2886,"4798,5303,4277,12665,50,8205,10326,8483,9340,275"
2891,2891,"9693,2343,4798,10326,6795,13346,5532,12665,6971,9942"
2908,2908,"544,10326,4798,5303,7120,275,2140,4277,1290,350"
2910,2910,"544,9693,6220,5303,2343,6971,4798,8562,9101,9942"
2915,2915,"10326,4798,9942,3950,5495,5303,8562,9404,8421,3577"
2935,2935,"5303,544,5199,6971,10326,5495,12665,6220,9693,2218"
2946,2946,"1290,544,9101,11298,2989,1244,12869,9730,9295,7679"
2948,2948,"544,2989,9101,6220,1290,11298,7120,7679,1244,1863"
2969,2969,"3950,9942,2218,2140,4798,6971,7442,8235,8964,9101"
2979,2979,"11298,12869,7679,1244,7120,1290,9101,2989,10389,9730"
3036,3036,"3464,11298,7679,7120,6248,8315,2769,7220,9101,10009"
3050,3050,"10326,3950,4798,13346,2343,8562,9942,9693,8205,8421"
3056,3056,"6659,4798,1328,4803,10326,9101,4080,8092,2356,12824"
3061,3061,"4798,10326,4277,5303,8421,12857,8562,717,10916,217"
3066,3066,"6220,8562,6659,4798,10326,5495,9942,8188,5545,7707"
3069,3069,"10326,12857,4798,13346,6326,13249,217,5303,2218,8421"
3094,3094,"10326,4277,5303,4798,8562,217,10916,350,12857,717"
3106,3106,"12665,6220,6659,3950,8562,8188,10326,9942,2218,544"
3110,3110,"7120,1290,4929,10663,1747,3697,544,9101,2916,4798"
3115,3115,"2343,5199,9693,5532,12665,2903,5495,10326,544,9404"
3136,3136,"9101,8562,544,6971,5303,6220,10326,1290,2218,12665"
3159,3159,"1328,6659,4798,10326,9404,3950,8562,8590,8483,13346"
3166,3166,"10326,5495,544,5303,4798,12665,275,4277,6220,2343"
3172,3172,"2343,9693,11298,1290,544,9101,89,1244,9730,5532"
3200,3200,"13346,3950,10326,2411,4798,5676,8562,5199,4056,2343"
3217,3217,"10326,13346,3950,4798,2218,10568,8562,4323,11540,5199"
3218,3218,"1244,7120,1290,11298,9101,544,4664,10429,7679,4798"
3229,3229,"4798,10326,13346,275,4277,5303,9340,12793,12404,10916"
3230,3230,"544,10326,7120,4798,9101,275,1290,5303,2989,6971"
3274,3274,"4798,6971,5303,7063,2140,10326,6433,2291,9306,5495"
3285,3285,"10326,5303,4277,12857,4798,8562,544,3950,8421,350"
3316,3316,"9942,8562,6220,3428,13346,3870,13110,12665,1286,2411"
3319,3319,"8562,4277,4798,10326,8483,350,10916,8421,3950,717"
3323,3323,"10326,4798,8562,3950,5303,4277,12665,13346,8483,6220"
3346,3346,"4798,6971,5303,12665,2989,2140,9730,10326,11298,1747"
3354,3354,"10326,8562,13346,9942,4798,11969,3565,12857,1328,1889"
3368,3368,"4798,3950,10326,8562,217,4277,6220,12857,10916,3428"
3374,3374,"9942,1290,3428,12665,3870,8562,5545,7120,13110,1598"
3391,3391,"10326,8562,12857,3950,4277,10916,217,4798,8421,6220"
3397,3397,"8562,10326,2343,9693,89,6220,13346,4798,12665,6326"
3404,3404,"10429,8562,5495,7707,8981,4798,544,10447,5149,1355"
3408,3408,"8562,4798,5303,12665,6971,9942,8413,2140,2218,8205"
3416,3416,"9693,2343,6795,544,9101,2989,5532,3909,4388,8608"
3422,3422,"4798,10326,544,5303,1290,8421,6971,7120,6220,4277"
3423,3423,"544,5303,8562,6220,1019,8681,12665,2585,5495,10326"
3426,3426,"9942,6220,3870,4798,6659,12665,5545,3950,8562,4413"
3436,3436,"10326,8562,4798,12665,544,6220,13346,6971,5495,275"
3448,3448,"12857,10869,10594,6433,11345,4798,8562,717,5393,10326"
3464,3464,"9942,12665,8562,3950,5642,13346,3428,6659,13306,5545"
3472,3472,"7120,1290,11298,6971,1244,89,9101,6220,544,8562"
3477,3477,"9942,544,6220,8562,5303,5495,10326,3950,3428,6659"
3488,3488,"3950,5303,12857,4798,13346,8483,10326,8562,4277,6220"
3497,3497,"13346,4798,8413,12665,3950,8562,5199,5303,12857,9942"
3504,3504,"1863,7637,2020,9101,8703,4798,1244,544,8981,5149"
3517,3517,"5303,8562,13346,4798,3950,12857,8413,10326,8483,275"
3538,3538,"5495,5303,10326,12668,217,4798,9072,1287,11115,1037"
3544,3544,"3950,4798,12665,6220,9942,10326,64,5461,2343,5495"
3547,3547,"717,4798,217,4277,10326,6220,8483,13249,8421,6383"
3569,3569,"10326,275,12665,5303,4798,2140,6971,8483,5199,8421"
3570,3570,"7902,170,7616,478,8705,9101,4798,10326,6306,544"
3575,3575,"10326,4277,4798,1543,275,9178,5303,10043,12857,5495"
3579,3579,"717,217,4798,544,4277,13346,10326,6433,2343,3950"
3588,3588,"6220,1290,7120,544,1863,89,4798,9101,10326,9942"
3592,3592,"2989,12869,7679,9101,544,1371,2874,11298,1290,9942"
3617,3617,"10326,4798,8562,5303,6220,8421,4277,717,2140,5495"
3632,3632,"3950,8413,9942,4602,12665,8235,3870,11403,9101,12193"
3650,3650,"4798,7063,544,10326,275,2140,13214,9101,5946,7383"
3654,3654,"10326,12857,1328,5303,350,4798,275,9178,4277,9072"
3656,3656,"5303,4798,10326,2199,7637,9942,6395,5124,4101,4947"
3678,3678,"544,1290,7120,6220,6971,9693,9942,4798,12665,89"
3681,3681,"9101,8540,8112,4798,13130,544,10326,5495,12665,10475"
3683,3683,"4798,10326,5303,10594,8421,10916,10869,717,8483,9340"
3685,3685,"10326,4798,5303,3950,544,4277,10594,8483,2218,2140"
3699,3699,"7120,3464,1290,11298,1244,2989,7679,9101,9730,544"
3707,3707,"8413,10429,11047,8562,5495,12644,616,1935,8188,9942"
3731,3731,"7120,1290,1244,2989,9101,544,4929,9730,7679,4576"
3737,3737,"4798,5303,8483,8562,6433,10326,12857,1978,3950,2218"
3739,3739,"8562,8413,6659,8188,4798,544,10326,13346,5495,9101"
3744,3744,"3950,12665,9942,13346,6220,8562,4798,3428,89,8483"
3753,3753,"10326,4798,5303,6971,10916,13346,12857,8421,3950,9178"
3778,3778,"5303,4798,6220,3950,8562,9942,2218,8413,5495,10326"
3786,3786,"8562,3950,6220,9942,8413,3870,13346,5303,2140,609"
3790,3790,"8562,13346,3950,5495,4798,3870,9942,5303,6220,2218"
3804,3804,"4277,217,717,8421,10077,6383,350,544,10568,3950"
3805,3805,"3950,8562,5303,4798,10326,10916,5199,12857,6220,3428"
3819,3819,"10326,544,4798,5303,6220,8562,3950,5495,2218,9942"
3827,3827,"2459,516,11337,7910,10536,5947,9101,5760,9375,4798"
3829,3829,"4798,10326,8562,12857,5303,10916,13346,6971,8421,8205"
3841,3841,"10326,6971,5303,275,544,2343,2140,8562,13346,12665"
3849,3849,"11298,9730,7120,1290,9962,9101,1244,12869,789,5135"
3928,3928,"7120,1290,1244,9101,11298,9295,4929,12869,9730,544"
3988,3988,"11298,6288,7679,8978,7342,4163,9732,2957,9101,11401"
3994,3994,"9101,2989,11298,7120,1290,1244,544,6220,6288,7679"
3998,3998,"13346,9942,2411,3950,10326,275,5461,3428,12665,3799"
4012,4012,"3950,13346,4798,8413,11540,10340,9101,544,10326,5495"
4021,4021,"5303,4798,2140,10326,2343,8205,544,6971,9693,8161"
4022,4022,"4798,8562,4277,12665,6220,5303,6971,3950,13346,275"
4047,4047,"9942,544,8188,6659,5495,3428,8981,6220,4798,10429"
4073,4073,"1290,544,2989,9101,1244,11298,4929,9730,6971,4576"
4099,4099,"5495,544,12470,6220,5303,1290,7120,9730,6971,275"
4100,4100,"5495,9101,4798,8703,544,10326,9942,8562,12665,8413"
4120,4120,"12470,13408,12099,12668,1323,8413,5199,609,1355,3126"
4126,4126,"7120,544,1290,11298,9101,10326,4929,4798,2989,789"
4136,4136,"4798,8413,12857,8562,844,6326,5495,5303,5642,10326"
4160,4160,"7669,7679,12869,4163,11298,9101,2957,1558,8033,4216"
4173,4173,"7120,1290,6971,1244,544,89,9101,9730,4576,4798"
4177,4177,"9730,7120,11298,544,1290,9101,2989,7679,1244,12655"
4183,4183,"10326,4798,4277,5303,717,8483,8421,10916,544,8562"
4191,4191,"7120,1290,4929,1244,10663,4387,9101,5573,6243,4798"
4195,4195,"8562,4798,10326,4277,12857,5303,13346,10916,2140,6433"
4213,4213,"544,5495,6220,2343,6971,9693,9942,12470,10326,13306"
4226,4226,"5495,9942,217,13249,3428,5109,3950,13346,12665,4277"
4227,4227,"7120,1290,9101,9295,275,11298,9730,11299,1244,1779"
4232,4232,"4798,13346,10326,3950,8562,13249,8483,11540,854,9786"
4255,4255,"4798,10326,13346,4277,8421,717,5303,10916,350,8562"
4258,4258,"12869,544,4545,9295,6569,9101,7706,2113,1856,3560"
4274,4274,"5303,8483,1328,8421,350,10326,10916,1912,4798,6383"
4289,4289,"1290,2218,9942,89,6220,10326,8590,544,9229,7120"
4295,4295,"10326,8562,4798,4277,6220,13249,3950,544,13346,12665"
4300,4300,"3950,3428,13346,8562,6220,9942,4798,12665,8483,275"
4334,4334,"12857,8205,4798,10326,10594,13346,8822,8562,217,7657"
4361,4361,"4798,8562,10326,3950,5303,13346,275,5199,6326,8235"
4377,4377,"4798,3950,8562,5610,10326,13346,6270,12702,8483,13249"
4412,4412,"7120,1290,9730,11298,1244,9295,2989,9101,4929,3464"
4415,4415,"8413,12857,13346,7919,1042,5348,6483,1065,10326,4798"
4424,4424,"4798,13346,8981,10326,9101,8562,544,12104,5549,8703"
4425,4425,"10326,4277,10594,350,12857,4798,8421,217,9340,717"
4430,4430,"8562,4798,10326,5303,13346,3950,12857,10916,4277,6220"
4433,4433,"4798,8413,8562,10326,5303,10916,12857,10594,5495,8421"
4436,4436,"5495,4798,10326,12470,9306,544,7383,7063,12665,9101"
4458,4458,"10326,4798,3950,5303,10916,13346,8562,13249,8483,10594"
4461,4461,"10429,1863,5495,5976,5841,9101,3487,544,8562,4798"
4488,4488,"3950,12665,9942,13346,6220,89,5676,9404,4602,4798"
4497,4497,"7120,1290,1244,4929,9101,11298,9295,544,10326,10663"
4498,4498,"10326,5303,4277,350,4798,544,9072,2140,10594,3950"
4504,4504,"5495,9942,8413,4398,1530,3696,5067,4798,9101,12309"
4510,4510,"9942,12665,6220,3950,5303,6971,4798,1290,3428,10326"
4512,4512,"11395,3960,9101,4798,544,5027,10326,5901,10660,5495"
4513,4513,"10326,6220,5303,544,4798,5495,2218,3428,217,12665"
4516,4516,"11298,7120,1290,9730,9101,12869,1244,2989,1779,9962"
4526,4526,"4798,8562,6220,544,9942,12665,3428,6659,3950,4277"
4528,4528,"8562,4798,13346,10326,8483,10916,12665,8413,5303,12857"
4542,4542,"3950,4798,8562,12857,13346,12665,6971,5303,544,4277"
4559,4559,"7120,1290,11298,9730,9295,11299,3697,1779,2989,12903"
4572,4572,"8562,8413,3950,13346,8235,11540,4798,12800,12665,9101"
4575,4575,"8562,5303,4798,3950,6220,12665,4277,10326,9942,275"
4583,4583,"217,4277,12857,4798,8562,1323,10326,13346,8421,6326"
4602,4602,"8562,4798,275,6220,6971,1355,5545,3870,1018,7707"
4608,4608,"11298,1244,7679,9101,7120,1290,2989,4664,10389,9730"
4609,4609,"13346,5495,9072,3950,11000,10326,8562,1325,5199,8413"
4626,4626,"13346,8562,3950,64,2343,275,8413,12665,9693,9942"
4642,4642,"5495,8562,3950,2343,3428,6220,13346,8413,7707,13315"
4653,4653,"8562,2343,9693,12665,6971,6220,9942,8681,5545,544"
4664,4664,"11298,7120,1290,1244,9101,9295,9730,11024,7679,4929"
4665,4665,"7120,1290,4929,10663,5573,12030,3697,9101,6243,4798"
4672,4672,"11298,1290,9101,7120,1244,2989,544,9730,11024,10389"
4680,4680,"4798,3950,10326,4277,12857,10916,217,1328,6433,350"
4705,4705,"10326,4798,8562,5495,12665,3950,5303,5532,5199,9942"
4707,4707,"8483,1912,8373,12857,6515,5996,5270,8562,8145,7829"
4711,4711,"5495,8562,12470,8413,5199,3950,544,12665,13112,9942"
4732,4732,"12665,3950,5461,544,5199,5495,9101,1323,64,10326"
4734,4734,"7120,1290,4929,12665,6220,6971,9942,89,9101,4798"
4735,4735,"7120,1290,4929,7637,9101,9083,1487,544,8703,4798"
4749,4749,"544,6220,9942,9693,1863,2343,9101,10429,12665,5976"
4751,4751,"10326,4798,6971,5303,13346,12665,9942,8562,1220,544"
4762,4762,"4798,6971,8562,3055,5875,2789,13346,8922,8413,12665"
4767,4767,"10326,4798,10429,1863,8562,8188,544,987,9101,5495"
4771,4771,"4798,10326,8562,5303,6220,544,3950,6433,13346,9942"
4773,4773,"12665,8413,10326,5495,5303,2218,4798,275,2140,3950"
4776,4776,"8562,12665,10429,10802,3578,9101,544,4798,7637,5976"
4783,4783,"9942,6220,3428,6659,13306,3950,8562,5184,5545,810"
4788,4788,"12857,4798,10594,8562,10326,10916,8421,2199,3950,11396"
4808,4808,"3950,4798,350,1328,8483,13346,1978,10326,4210,5642"
4810,4810,"4798,3950,10326,8562,13346,5303,9942,6971,8413,8483"
4818,4818,"4798,8562,217,13346,3950,5303,10326,717,10916,5642"
4823,4823,"8483,544,3428,64,9693,8562,6220,11603,4798,1355"
4829,4829,"8562,3950,5545,9693,4798,11622,11639,9101,5673,6982"
4842,4842,"8562,6220,10326,4798,10916,9942,8413,8421,544,13346"
4859,4859,"3950,5495,6220,64,9942,12665,8413,5199,4798,2343"
4866,4866,"544,6220,8590,1863,7120,1290,8562,9083,4798,7491"
4881,4881,"10326,4798,3950,12857,4277,6433,13346,10916,717,8483"
4908,4908,"1863,4798,12871,544,9101,383,13214,7383,10326,11609"
4910,4910,"1290,1244,9101,4929,11298,544,9962,2989,3697,12869"
4922,4922,"4798,10326,12665,8562,6220,8413,217,12857,3950,3428"
4942,4942,"544,10326,11298,6383,9101,4277,9962,1244,7120,6220"
4976,4976,"10326,12665,6220,5303,11298,9942,4798,544,9101,6971"
4993,4993,"544,1863,9101,10429,8562,7706,8188,4798,7491,1290"
4995,4995,"10326,4798,5303,4277,10916,8421,13249,350,8562,8483"
5020,5020,"7679,3464,11298,1328,10326,9101,544,6659,4798,5495"
5040,5040,"8562,5303,12857,3950,8413,10326,10916,6433,12665,5642"
5048,5048,"2140,5303,6433,37,4798,1018,7383,647,9101,9306"
5058,5058,"9693,2343,6795,5532,12665,13315,2537,9532,4798,5199"
5067,5067,"4798,10326,4277,10594,544,8562,350,217,8421,5303"
5087,5087,"4798,8562,5495,6220,3950,10326,13346,6971,3428,4277"
5090,5090,"89,5875,12665,7024,7289,9101,4798,13191,5524,4715"
5102,5102,"5495,13090,5386,9101,4798,7341,7682,2218,108,544"
5103,5103,"4798,8562,8413,5303,3950,6220,6971,12665,9942,10326"
5105,5105,"1863,10429,9101,1487,544,4798,5495,5149,5976,10326"
5108,5108,"5495,3950,4798,12470,13346,10326,2789,5303,4602,13408"
5119,5119,"544,6220,4277,8413,5495,8562,5676,2218,5303,9730"
5120,5120,"11298,9730,2989,544,9101,1290,7679,7120,1244,11024"
5124,5124,"3421,10437,13193,9101,2308,4798,544,10326,7063,9774"
5132,5132,"5495,8562,5303,8413,5199,10326,2218,4798,1286,3950"
5138,5138,"11298,2989,12869,9101,9295,544,3222,1779,10389,4576"
5144,5144,"10326,8562,4277,544,2343,13346,6433,8421,217,12857"
5159,5159,"10326,4798,3950,13346,8562,6220,10916,8421,544,6433"
5167,5167,"3950,9942,2218,8562,6220,6659,10326,714,4798,12665"
5175,5175,"10326,4798,12857,10916,717,275,4277,8421,2140,1328"
5176,5176,"7120,1290,1244,11298,4929,9101,2989,544,7679,9730"
5185,5185,"3950,12665,89,6971,4798,10326,8562,8235,7024,5875"
5189,5189,"4798,3950,12665,6326,9455,10916,8562,10326,6659,8413"
5191,5191,"8562,9942,10326,13306,6220,89,13296,9101,3428,6441"
5206,5206,"9942,5303,6220,6659,8562,544,6971,10326,275,4798"
5213,5213,"12665,544,4798,6220,8562,5303,2343,10326,9693,9404"
5224,5224,"4798,4277,8562,717,13346,217,544,6220,12857,5303"
5226,5226,"11298,7120,9101,1290,544,12665,1244,2989,12869,6971"
5241,5241,"7120,1290,4929,11298,9962,1244,10663,3704,9730,789"
5264,5264,"11298,9101,1290,7120,1244,2989,544,9730,4576,12655"
5268,5268,"5303,4798,10326,544,4277,6971,8562,2140,8421,275"
5270,5270,"4798,8562,10326,6220,8413,12665,5303,6971,13346,2218"
5287,5287,"9942,11969,12156,9693,6626,9775,13063,9573,4798,9101"
5314,5314,"6220,4798,8562,9942,10326,544,8703,5303,9101,7637"
5318,5318,"7120,1290,4929,10663,6243,3697,5573,9101,10322,4798"
5326,5326,"6220,8562,8981,4798,2218,5149,64,6166,10326,544"
5336,5336,"8413,4277,3950,4895,10950,13346,7087,883,4798,10326"
5343,5343,"11298,9962,9730,1244,1779,9942,5135,789,9101,1290"
5347,5347,"9942,6220,8562,9693,3428,2343,12665,3950,544,89"
5354,5354,"4798,8562,5495,3950,13346,10326,12470,9101,275,2140"
5356,5356,"4798,10326,3950,6971,8562,10916,6220,12665,8205,5303"
5367,5367,"7120,1290,6220,89,8562,544,9101,4798,9942,8413"
5373,5373,"8562,8413,5303,3950,1746,6220,4798,12665,5676,11622"
5385,5385,"6220,544,6659,4277,350,10326,8590,5495,8562,12470"
5458,5458,"9942,3428,6220,13306,810,3950,13110,8483,6641,3870"
5463,5463,"4798,10326,5303,8562,6220,4277,275,544,9942,6433"
5471,5471,"11298,7679,9101,1779,1244,9730,2989,12869,1290,9962"
5476,5476,"4798,1290,275,6220,10326,12665,5303,6037,609,9101"
5484,5484,"8562,3950,13346,12665,4798,8413,10916,10326,2218,12857"
5508,5508,"9101,11298,7120,1290,1244,12869,2989,9730,9962,544"
5513,5513,"8413,9942,6220,5303,8562,12665,2218,5545,4798,89"
5520,5520,"10326,544,4277,717,5303,8562,4798,217,6433,12857"
5524,5524,"13346,8562,9942,1889,3870,3950,5495,13306,6971,3428"
5539,5539,"5495,8413,9942,5303,8483,12470,6220,4798,8188,12665"
5554,5554,"10326,9340,10916,4798,1180,2887,5829,9101,544,5431"
5564,5564,"4798,10326,5303,12857,8562,4277,544,2140,8421,5495"
5595,5595,"10326,5495,4798,5303,8562,8413,275,13346,9942,2140"
5601,5601,"275,10326,5303,4798,6971,2140,8562,10462,2291,1912"
5602,5602,"10326,4798,8562,5303,12857,3950,275,2140,6515,8483"
5618,5618,"7120,1290,9730,11298,12869,1244,9101,2989,10663,2916"
5643,5643,"13408,5199,9693,8922,8235,5875,5495,544,9101,2903"
5644,5644,"4798,5495,10326,5199,9942,544,2905,6123,5999,9101"
5651,5651,"8562,4798,10326,6220,5303,3950,2218,8483,10916,12857"
5655,5655,"5495,8413,12668,8562,12099,5199,5676,7490,8205,10326"
5658,5658,"10326,4798,10916,8421,8562,12857,10594,3596,13249,6433"
5660,5660,"10326,6659,13110,1323,544,11969,12029,2218,1286,350"
5662,5662,"6220,3950,12665,89,5545,9942,3428,3870,12470,5303"
5670,5670,"4798,10326,3950,12857,5303,6326,8562,8421,13249,6433"
5676,5676,"11298,1290,7120,9295,1244,12869,1779,9730,10607,4036"
5680,5680,"4798,6220,12665,13346,3870,8562,9942,89,3950,10326"
5698,5698,"9101,10326,9693,544,6220,9942,12665,2343,11298,5495"
5710,5710,"5495,5199,10326,5532,13315,3950,2343,4798,12665,9693"
5723,5723,"11298,2989,9101,7679,1244,4545,9730,4576,11918,12995"
5742,5742,"9693,2343,5532,6795,544,5199,10835,5999,2822,12665"
5748,5748,"4798,6220,8562,12665,3428,9942,13346,10326,13408,3870"
5750,5750,"8413,544,8562,5495,5303,6220,10326,6971,4798,12665"
5787,5787,"3950,9942,4798,10326,2343,13346,9693,5199,11572,5999"
5798,5798,"4798,2343,5303,10326,13346,9693,3950,12665,6971,10916"
5799,5799,"9306,5946,2291,4798,9101,383,8402,165,544,10326"
5815,5815,"9693,11298,9101,2343,1290,9962,7120,544,1244,12869"
5822,5822,"5303,10326,2218,1286,3950,4798,9072,8413,5495,5199"
5834,5834,"12665,8562,5495,4798,3950,5303,6220,10326,13315,1286"
5846,5846,"4798,10326,544,5303,3950,13346,8483,12857,4277,2218"
5858,5858,"4798,3950,8562,5495,8413,5303,4436,2905,11726,2140"
5882,5882,"4798,10326,5303,544,8562,4277,10916,2218,9072,13249"
5892,5892,"13346,8562,4798,10326,5303,6971,12857,2567,12665,9449"
5897,5897,"8413,3950,5303,8562,8483,6220,8421,10326,11540,4323"
5898,5898,"3950,8562,8413,4798,10326,12665,6220,9942,11540,5495"
5902,5902,"8413,1847,9358,9796,12130,9101,8076,5002,1631,4798"
5919,5919,"10326,7120,12869,1290,544,4277,1244,9101,8562,6433"
5934,5934,"544,8483,11524,9693,4315,4384,9101,4798,10326,12485"
5946,5946,"7120,1290,6971,9295,4929,9101,9730,10963,3697,3737"
5965,5965,"2343,9693,5199,8408,5532,1374,9101,4798,544,12132"
5995,5995,"10326,3950,3428,6220,4798,9942,13346,4277,544,2343"
6005,6005,"9101,544,11298,2989,12655,6220,9693,1290,7679,1244"
6006,6006,"9942,6220,3950,8562,5495,89,8413,12665,4413,13346"
6013,6013,"10326,8562,4798,6433,6220,717,3950,217,9942,10916"
6016,6016,"3950,5495,13346,10326,5199,2218,5303,4798,8562,8413"
6023,6023,"7120,1244,9101,544,11298,9730,2989,10663,10326,4798"
6052,6052,"3950,5495,4798,12665,10326,3428,8562,9942,13346,5303"
6056,6056,"544,5495,6971,12665,10326,5199,9693,4798,5303,2343"
6059,6059,"4798,5495,5303,10326,6220,3950,12857,8413,6971,12665"
6064,6064,"8562,10326,4798,5199,3950,5303,9942,5999,4117,2343"
6091,6091,"3950,5199,2218,6971,9942,12665,5495,3055,6220,8562"
6112,6112,"7120,11298,2989,1244,7679,9101,9730,3464,12869,10663"
6133,6133,"5303,9693,6220,9942,5532,3950,5199,2343,13315,2140"
6150,6150,"4798,5610,4843,9101,10326,7167,5495,544,10594,5813"
6155,6155,"10326,4798,5303,8562,12857,10916,9942,8483,3950,12665"
6157,6157,"10326,4798,5303,10916,12857,8421,8562,3950,2140,10594"
6212,6212,"6220,8562,3870,10156,5495,9942,3428,6442,13310,12470"
6218,6218,"10326,3950,4277,10916,13346,8562,5303,4798,8421,6220"
6242,6242,"4798,6220,10326,9942,6971,275,13110,6659,8562,5545"
6243,6243,"10326,4798,544,8562,5303,5495,275,4277,8421,2140"
6260,6260,"4798,810,10326,8421,8483,976,8562,9018,9101,544"
6262,6262,"10326,2140,4798,275,8483,13097,9101,544,9942,11930"
6278,6278,"5303,275,544,2218,6971,5495,12099,4798,10326,2140"
6280,6280,"4798,5303,3950,8562,6220,8483,8413,13249,13346,6326"
6287,6287,"8562,4798,10326,6971,2140,544,5303,12665,9519,31"
6305,6305,"10326,717,5303,4277,4798,217,544,9942,8421,8562"
6320,6320,"7120,1290,5303,6220,9942,2343,6971,9693,10326,4798"
6339,6339,"2343,8413,4798,9693,8562,12665,13346,9942,275,5303"
6360,6360,"544,4798,5303,6220,275,8483,3950,8562,9693,8413"
6370,6370,"8562,10326,3950,8413,6220,4798,5495,5303,3428,13346"
6376,6376,"4798,10326,5303,8562,4277,275,6220,8483,13346,3950"
6378,6378,"1244,9101,11298,7120,2989,9295,9730,544,12869,7679"
6379,6379,"8562,10326,4798,5303,544,3950,6971,6220,12857,217"
6398,6398,"544,2343,6795,9101,1244,2537,2903,7679,6834,12655"
6422,6422,"8413,8562,13346,9942,4798,844,8483,8183,3428,4413"
6424,6424,"3950,11561,4798,9990,11784,12857,9941,11707,8413,10340"
6436,6436,"2770,9101,4798,544,9453,5495,10326,6952,12665,9942"
6454,6454,"9693,544,2343,6795,9101,5532,2537,5199,8608,12665"
6464,6464,"4798,10326,8421,5303,8483,2158,10916,10138,9693,12857"
6479,6479,"4798,3950,8483,13346,2218,5495,4602,220,3428,12665"
6485,6485,"1863,8981,8703,7637,9101,5149,4798,6040,544,10326"
6488,6488,"9942,6220,3950,12665,5545,3428,8562,3870,4798,4413"
6490,6490,"13110,9942,4654,8562,4823,3870,3147,13097,9101,4798"
6498,6498,"10326,8562,9942,6220,3428,3950,5303,217,4798,12665"
6533,6533,"9101,11298,2989,544,12665,12869,9730,4798,7120,7679"
6577,6577,"10326,9942,4798,3950,4277,6220,13346,217,10916,3428"
6579,6579,"4798,10326,12857,4277,544,5303,8421,10594,717,350"
6583,6583,"10326,6220,3950,3428,8562,544,4798,9942,5495,13346"
6597,6597,"8562,9942,9693,10326,2343,5303,544,4798,5495,275"
6599,6599,"6220,6971,12665,1290,13408,4798,2218,5303,275,9942"
6607,6607,"9942,5303,8483,8562,3428,8413,3950,6220,4798,5495"
6613,6613,"8562,3950,6220,12665,13346,3428,8681,10326,5545,5495"
6622,6622,"7120,1290,9295,89,11298,9730,9101,8590,5199,12665"
6637,6637,"6220,2218,2343,9693,12665,6971,8562,3950,9532,7303"
6644,6644,"10326,4798,8562,5303,4277,6220,3950,717,10916,13346"
6651,6651,"11298,9101,1290,2989,1244,7120,544,12869,9730,4576"
6674,6674,"10326,12665,3950,8562,13346,3428,5495,8413,4798,10916"
6683,6683,"9693,2343,10326,5199,5532,4798,13346,12665,5303,5495"
6686,6686,"9101,1290,1863,6697,9693,11117,7120,544,11103,13115"
6707,6707,"544,2343,5303,5495,8562,10326,6220,9693,12665,13346"
6724,6724,"10429,1863,5875,7024,8235,9101,5976,11403,1244,4798"
6729,6729,"10326,8562,4798,6220,9942,3950,5303,275,6971,12665"
6739,6739,"12665,3950,8562,8333,438,9942,6982,298,11622,5461"
6756,6756,"5303,3950,275,4798,10326,8562,2140,9072,6220,10594"
6764,6764,"6659,50,5303,8562,9602,5545,1328,13110,10326,544"
6768,6768,"9942,6220,8562,10326,3428,6659,275,12665,5303,4798"
6787,6787,"12665,8562,2218,3950,4798,3055,1286,6971,13315,6302"
6808,6808,"1244,11298,1290,7120,544,2989,9730,12869,4576,9942"
6811,6811,"544,8483,10326,4798,350,12665,4277,275,13110,9101"
6812,6812,"8562,4798,3950,10326,12665,9942,3428,13346,5545,5303"
6831,6831,"9942,10326,5303,6220,544,12665,4798,6971,275,8562"
6833,6833,"2343,12665,6220,9693,8413,13191,7024,8235,11403,9101"
6840,6840,"4798,5303,2140,10326,6270,9101,7824,544,12665,10506"
6842,6842,"7120,1290,1244,11298,9962,9101,4929,9730,6811,3697"
6855,6855,"9101,11298,1244,1290,7120,9730,2989,544,12869,7679"
6869,6869,"10326,4798,5303,12857,8562,8421,4277,10916,6433,3950"
6874,6874,"6220,6971,4798,544,1747,12665,1290,9101,1863,8413"
6879,6879,"544,5199,9693,2903,5532,2343,9942,5495,4798,10326"
6885,6885,"13346,5676,3950,36,4798,5547,760,9101,5495,5673"
6886,6886,"9942,13346,6220,12665,2343,4798,9693,3950,6795,5545"
6902,6902,"10326,4798,4277,8562,544,6433,10916,13346,3950,6971"
6908,6908,"11298,2989,7120,9101,1290,1244,7679,12869,544,4664"
6911,6911,"3950,6659,11484,9942,50,10326,3428,11547,2789,2567"
6912,6912,"12665,3950,6220,810,9942,8562,4798,544,6971,5545"
6919,6919,"544,7120,11298,9101,2989,1290,1244,9295,12869,9730"
6926,6926,"5532,7673,5999,9101,5495,4798,4137,9942,544,10326"
6934,6934,"8562,10326,8483,3950,8421,217,13259,717,13346,4798"
6935,6935,"4798,10326,8562,544,4277,12665,8483,6220,13346,217"
6939,6939,"8413,5303,4798,6220,10326,9942,12665,5461,8188,8562"
7000,7000,"9942,544,6220,2343,9693,5303,89,12665,3950,8562"
7003,7003,"8562,3950,10326,5495,2343,12665,6220,9942,12099,9693"
7005,7005,"10326,4798,544,217,3428,6433,717,3950,8421,8562"
7042,7042,"10326,12665,4798,5303,8562,3950,10916,13346,8421,5495"
7045,7045,"4798,10326,8562,544,6971,2140,8413,652,3950,13346"
7047,7047,"10429,8703,1863,9101,5966,5976,13377,5149,4798,544"
7053,7053,"6220,544,8562,10429,4798,10326,12665,1863,8188,9942"
7063,7063,"10326,717,8483,13249,3950,10916,13346,1328,4798,8421"
7067,7067,"2343,9693,3950,2218,717,544,13346,217,2537,4277"
7071,7071,"10326,4798,4277,12857,717,13346,3950,6433,10916,8421"
7078,7078,"8562,3950,6220,5495,3428,9942,2218,12470,13346,2140"
7109,7109,"10326,1355,8562,6326,6659,6433,2585,4798,12857,10262"
7118,7118,"4798,10326,12857,6433,10594,5303,10916,6270,8421,8562"
7129,7129,"11298,7120,1244,9101,1290,2989,9730,4664,544,12869"
7133,7133,"10326,4798,217,8483,609,350,652,5495,5303,3416"
7139,7139,"769,1355,9295,6971,544,8590,11464,9101,10464,13185"
7142,7142,"12665,3950,4798,5303,10326,4277,6220,8562,544,9602"
7146,7146,"2343,9693,5303,4798,10326,12665,5199,5532,544,6971"
7172,7172,"10326,4798,217,4277,8562,10916,8421,717,12857,350"
7181,7181,"5495,89,64,12665,2343,13346,10326,6971,12099,8483"
7195,7195,"4798,10326,8562,4277,717,10916,544,12857,5303,217"
7197,7197,"4798,8562,3428,5303,9942,217,10326,12470,8413,3950"
7203,7203,"7120,11298,1290,1244,9101,2989,4929,9295,12869,544"
7223,7223,"8562,4798,3950,12857,5303,6220,10916,10326,12665,13346"
7235,7235,"12869,544,1290,7120,9101,11298,6971,7679,9730,5303"
7236,7236,"544,10326,12665,7120,4798,5303,9101,4277,1244,6971"
7237,7237,"7120,1290,1244,4929,8981,9101,544,7637,8703,9083"
7255,7255,"7120,1290,9295,4798,544,6971,4929,8590,3697,1244"
7297,7297,"12665,9693,4798,8562,10326,6220,9942,6971,2140,3950"
7320,7320,"8413,3950,4798,10326,11572,5495,5303,5199,9693,2218"
7323,7323,"12665,2343,9693,13346,64,3950,9942,6220,275,5495"
7326,7326,"8483,5303,10326,4798,2218,2140,12404,5495,8590,8421"
7343,7343,"10326,4798,4277,6433,717,350,8562,8421,217,5303"
7363,7363,"6220,13346,89,1230,8562,5495,9942,2218,12665,3950"
7364,7364,"6971,4798,13346,2218,8483,10326,5303,12274,12665,844"
7366,7366,"6220,9942,3428,3950,3870,544,3799,12417,1598,4277"
7372,7372,"8413,6302,5303,5495,4798,13346,3055,8562,8483,5610"
7399,7399,"10429,1863,544,9942,9693,9101,13408,5495,4095,12665"
7402,7402,"12665,5303,8413,2218,8562,6220,5495,4798,3950,9072"
7406,7406,"8562,10326,4798,2140,544,5610,10185,4257,11540,4413"
7421,7421,"544,9942,4798,8413,10326,12665,8562,3950,2343,5676"
7425,7425,"7120,1290,544,6220,10326,9101,8562,1244,4798,9942"
7431,7431,"4798,10326,12857,10916,6971,8421,8562,4277,8483,13346"
7447,7447,"4798,10326,8421,8562,8205,6326,3950,12665,6433,10916"
7451,7451,"8562,6220,1863,10429,4798,7707,544,13296,8188,5545"
7453,7453,"7120,1244,4929,9962,789,5135,9101,3697,4798,544"
7456,7456,"544,1290,9962,275,9101,789,2989,12665,9295,4798"
7484,7484,"7120,1290,11298,9730,4929,1244,9295,6971,10663,9101"
7486,7486,"5495,5303,4798,8413,3950,10326,2218,8562,12857,8205"
7505,7505,"7120,11298,1290,9101,1244,2989,7679,544,9730,4929"
7529,7529,"4798,8562,13346,10326,10916,2140,275,12857,8421,6326"
7532,7532,"11298,2989,9101,1244,8978,7679,544,6288,12869,10389"
7548,7548,"10326,6220,8562,13346,12665,4798,5303,3950,9942,1286"
7550,7550,"3950,9404,8562,1323,217,4798,1978,10326,6220,50"
7557,7557,"10326,4798,4277,8421,10594,12857,717,217,10916,350"
7574,7574,"7120,1290,11298,4929,9962,3697,1244,9101,5135,6811"
7586,7586,"1863,7637,8703,9942,544,9101,8981,4798,2020,8562"
7592,7592,"12204,9101,516,3960,4798,1219,544,873,10326,5495"
7594,7594,"8413,3950,12857,9942,8562,4413,4798,13346,11540,5676"
7600,7600,"9693,2343,10326,5495,8562,9942,13346,4798,4277,9404"
7601,7601,"10326,4798,5303,10916,8562,12857,13346,2140,4277,10594"
7642,7642,"4798,10326,544,5303,6220,9942,12869,11298,4277,1244"
7647,7647,"8413,5303,1862,8562,544,2140,4413,7063,275,11326"
7650,7650,"8413,8562,544,6220,3950,5303,4798,12665,2218,10326"
7660,7660,"11298,9101,12869,544,1290,2989,9730,7120,1244,12665"
7682,7682,"4798,10326,6220,8562,3950,275,5303,12665,4277,6971"
7712,7712,"10326,6220,3428,544,5303,275,4798,12665,3950,8562"
7728,7728,"8562,3950,4798,10916,10594,11000,12857,8483,4469,217"
7763,7763,"8562,4798,6220,3428,10326,13346,12665,6659,5303,3870"
7764,7764,"10326,544,275,6971,6220,2218,9942,4798,5303,13346"
7765,7765,"11298,2989,9730,9101,4890,7342,8978,3704,12869,3222"
7768,7768,"6659,9942,8413,4798,8562,5184,931,4413,3950,6220"
7776,7776,"1290,7120,9962,9101,789,5135,9730,13309,11298,1244"
7834,7834,"3968,1390,4798,7044,8421,13014,5239,222,9101,10326"
7850,7850,"4798,4277,8421,10594,544,275,12857,217,2140,8562"
7860,7860,"11298,7120,9101,2989,1290,1244,544,7679,4929,9730"
7879,7879,"4798,5303,10326,6971,2140,8421,5495,10916,8562,8205"
7892,7892,"544,9101,9693,1290,11298,9156,2343,10326,7120,1244"
7895,7895,"4798,6220,8413,5495,5303,8562,275,10326,2140,3950"
7901,7901,"4798,10326,3950,6220,5303,4277,8562,10916,12857,544"
7922,7922,"12665,544,4798,6220,4277,3950,13346,9455,217,9942"
7927,7927,"4798,10326,8562,5303,11969,8413,544,5495,6220,8421"
7931,7931,"9693,2343,5303,275,544,4798,13346,10326,5199,2140"
7938,7938,"12470,3950,9942,3428,5199,13306,1323,2411,8562,10326"
7942,7942,"8562,4277,544,10916,10326,3950,217,6433,350,5495"
7964,7964,"3950,1323,8413,5495,4602,9942,12665,11560,4413,3340"
7982,7982,"5495,64,3950,2343,5199,12665,2903,9693,89,9404"
7988,7988,"7120,1290,4929,8302,9101,2784,4798,3697,11117,544"
7992,7992,"4798,8562,10326,13346,5303,4277,6220,10916,12857,8421"
8005,8005,"8413,5303,2343,4798,5199,2218,5532,12665,6971,9693"
8019,8019,"3464,6248,7679,2710,9101,9730,11298,4798,544,13071"
8026,8026,"4798,8562,3950,13346,10326,12665,6220,9942,13249,6326"
8028,8028,"9693,2343,544,9404,6795,5532,5199,5495,13346,10326"
8085,8085,"13346,50,6626,12378,8413,11635,9693,2205,9942,9101"
8103,8103,"89,12665,4602,8235,7024,5875,9101,2567,9942,4798"
8108,8108,"3950,10326,8562,9072,4277,6220,10594,3428,217,1328"
8137,8137,"2343,9693,12665,9942,5303,89,6971,5495,544,3950"
8138,8138,"10326,8562,13346,5303,6433,12857,217,4277,3950,8483"
8139,8139,"4798,10326,5303,8562,6971,3950,8421,5495,2218,275"
8148,8148,"9942,4798,10326,8562,12665,6220,13346,3950,5303,544"
8150,8150,"10326,4798,8562,275,12665,5303,3950,13346,6220,2140"
8160,8160,"544,9101,7120,2989,11298,1290,12869,1244,10326,12665"
8175,8175,"12665,11639,8483,1328,12470,5495,9101,10916,217,2777"
8191,8191,"7120,1290,2989,9730,9101,12869,4929,6591,1244,11298"
8198,8198,"4798,8483,6220,10326,9942,6971,544,8562,3950,275"
8202,8202,"9101,11298,1244,7605,2989,7679,9730,4576,12995,8978"
8233,8233,"4798,10326,6971,12665,8483,5303,89,13346,3950,8235"
8251,8251,"4798,5126,12136,13346,5100,5999,6971,544,4827,1031"
8252,8252,"10326,4798,4277,8562,717,12857,10916,6433,8421,3950"
8265,8265,"544,10326,4798,5303,8562,6220,275,6971,2218,12665"
8267,8267,"10326,4798,10916,8562,8421,5303,12857,6433,8483,717"
8268,8268,"8562,13346,12665,12857,6326,10326,717,5303,9942,4798"
8294,8294,"9693,2343,544,6971,6795,5303,2140,5199,5532,10326"
8299,8299,"1290,7120,9962,1244,11298,9101,789,12869,3290,9295"
8302,8302,"10326,4798,5303,2218,4277,12857,9072,2140,8483,8421"
8303,8303,"1290,4929,1244,9101,11298,9295,544,2989,789,9730"
8323,8323,"9693,2343,6971,4798,5199,10326,8562,5495,8590,544"
8327,8327,"5303,3950,12665,6971,2218,6220,4798,89,8413,9942"
8331,8331,"3950,6659,5303,9942,4798,6220,3428,13408,7063,3055"
8332,8332,"11298,9101,1290,7120,1244,9730,4576,2989,4664,789"
8334,8334,"3950,6220,8562,5495,4798,8413,11572,12665,9942,11000"
8337,8337,"544,11298,7120,1244,1290,2989,9295,10326,7258,9730"
8341,8341,"13346,3950,8562,4798,6326,10326,9942,5495,8413,4853"
8361,8361,"10326,4798,6971,9942,8562,5303,1747,12665,544,13296"
8369,8369,"9404,3950,2411,9072,2218,12665,9693,6971,5303,10326"
8378,8378,"5303,10326,6971,8421,13249,10916,4798,544,13346,8161"
8407,8407,"7679,11298,2989,3464,8978,10389,12655,4576,11024,9101"
8419,8419,"1244,9101,544,11298,7120,1290,2989,4664,4576,9730"
8424,8424,"5303,544,8562,10326,4798,1863,6971,13296,10429,9101"
8425,8425,"4277,5303,8562,10326,6220,4798,10916,13249,10594,10869"
8438,8438,"7120,1290,3697,4929,11117,9405,9962,5135,9101,1244"
8447,8447,"10326,4798,4277,12857,10916,5303,8562,8421,217,6433"
8458,8458,"12869,9962,1240,11298,7063,2291,9101,5946,9730,10542"
8463,8463,"10326,4798,5303,8562,544,6220,9942,6971,12857,8421"
8471,8471,"4798,6971,12665,3950,10326,8562,5303,13346,2140,2343"
8472,8472,"9101,7679,7120,1290,11298,1244,544,12869,2989,9730"
8477,8477,"5303,6971,4798,10326,8562,544,2343,9693,6220,5199"
8478,8478,"9693,2343,12665,544,5495,6971,5303,5199,6220,12470"
8483,8483,"1290,11298,89,9295,7120,9101,544,789,9693,1244"
8496,8496,"10326,6971,3950,8562,5303,8205,1290,544,5199,9404"
8497,8497,"8562,10326,12857,217,4798,3950,13346,717,10916,3428"
8501,8501,"10326,4798,8413,8562,13346,3950,5999,9942,5199,9101"
8506,8506,"9942,3950,6220,13346,10326,4798,3428,5495,8562,12665"
8520,8520,"10326,4798,12857,8562,5303,10916,3950,544,4277,6971"
8524,8524,"544,12665,10326,6220,9101,4277,11298,7679,11969,9693"
8531,8531,"4798,8413,8562,50,275,3950,13346,10326,6326,10916"
8556,8556,"10326,544,8562,4798,5303,4277,350,8483,717,6220"
8579,8579,"9730,11298,9101,2989,1244,7679,4576,12869,10389,544"
8585,8585,"6220,544,5495,9693,2218,10326,12470,1355,3950,5461"
8591,8591,"10326,6220,12665,3428,4798,9942,6659,5303,13346,8188"
8592,8592,"7120,1290,4929,9101,10663,544,6971,9693,1244,6243"
8596,8596,"3950,9942,8562,6220,4798,3428,8413,13346,717,8421"
8598,8598,"10326,3950,5303,3428,544,9942,4798,6220,8562,12665"
8608,8608,"7120,1290,10663,9101,1244,11298,6243,12497,9295,9730"
8610,8610,"7120,1290,1244,11298,4929,9101,9730,9962,9295,12869"
8617,8617,"7120,1290,11298,9295,1244,9101,9730,3697,2989,4929"
8621,8621,"5303,5495,5199,2218,8413,4798,1912,1746,8562,5123"
8629,8629,"9093,3420,11013,8068,6708,5766,10917,9101,5310,4798"
8649,8649,"12665,5495,8413,5532,9101,4798,5819,9105,544,7715"
8652,8652,"7120,4929,1244,11298,9101,9730,2916,6243,9962,3697"
8714,8714,"2989,6220,7120,1290,8590,9101,11660,284,9942,9295"
8718,8718,"5875,89,8235,12665,64,5524,9942,7024,11403,12662"
8733,8733,"9101,11298,12655,544,7679,1290,1244,2989,8978,7120"
8734,8734,"3428,6220,3950,13306,12665,13110,4654,3870,11736,5545"
8754,8754,"5495,8562,5303,544,217,2218,3950,12470,12665,3428"
8771,8771,"8413,4798,8562,6220,8205,2218,9942,5303,10326,12857"
8791,8791,"544,10326,4798,2343,13346,9693,6220,8562,4277,5303"
8794,8794,"4798,8562,810,3950,6220,5303,10326,3428,13346,544"
8797,8797,"9453,350,5676,8822,4560,11758,10326,9101,8562,4798"
8804,8804,"10326,4798,13346,8562,3950,6220,13249,10916,12857,5303"
8809,8809,"12857,275,10326,13346,6971,4798,5303,50,2140,9404"
8823,8823,"7120,11298,1290,9101,4929,2989,9295,10663,4664,7679"
8833,8833,"10916,10326,9404,8562,4277,3950,12665,8421,5364,12857"
8835,8835,"7120,9693,1290,11298,2343,1244,12869,9295,4929,9101"
8840,8840,"4798,2140,6971,8413,5303,7063,4877,9101,8562,9942"
8842,8842,"8413,4181,544,5495,2230,5819,9101,844,4798,7715"
8860,8860,"544,11298,12665,6220,89,9101,12869,7679,9942,9730"
8866,8866,"4798,10326,4277,8421,8562,717,8483,666,5999,544"
8877,8877,"8562,1102,6515,13230,4798,1866,11484,9101,5980,11201"
8887,8887,"8413,9190,8562,5532,9264,5731,4798,544,10326,5495"
8895,8895,"11739,2770,5789,350,9854,3243,10326,9101,4798,12621"
8907,8907,"1244,7120,1290,11298,9101,9962,9295,789,3697,4929"
8921,8921,"4277,350,4798,10326,6433,5303,717,4492,12857,11912"
8928,8928,"11298,7679,3464,9101,401,7669,1290,11554,7120,12869"
8936,8936,"10594,13408,4685,6491,3013,12857,217,4351,4939,8155"
8965,8965,"9693,2343,4798,10326,544,9942,5303,6220,6971,13346"
8971,8971,"9693,2343,12665,6795,5532,9942,5495,6220,8562,544"
9000,9000,"544,9101,1290,11298,7120,1244,7679,9693,2989,9730"
9023,9023,"12665,544,4277,3950,2343,9693,10077,6220,2218,9942"
9025,9025,"5303,12665,275,10326,6971,89,5199,4798,1290,9693"
9031,9031,"3950,8413,6971,2903,4798,10326,9942,5999,8235,8562"
9045,9045,"4798,10326,5303,6659,6220,9942,4277,8483,2218,275"
9053,9053,"12665,6220,8562,3950,13346,10326,3055,4798,6971,9693"
9054,9054,"9942,6220,3950,3428,8483,12665,8413,4798,13375,1286"
9060,9060,"8562,10326,5303,6220,4798,544,3950,12665,13346,2140"
9063,9063,"8413,8562,3950,8483,9942,2585,11540,4413,13346,3870"
9071,9071,"8562,9942,6220,3950,3428,12665,8681,2218,13110,13346"
9078,9078,"9693,2343,544,4798,9101,2537,6795,4388,5532,2903"
9101,9101,"4798,8562,10326,6220,3950,13346,9942,1355,3428,544"
9108,9108,"5303,3950,3428,6220,9942,2140,544,5495,4798,6270"
9110,9110,"10326,4798,12665,12857,8562,6433,5303,2218,1328,4277"
9114,9114,"11298,2989,544,5495,6220,9101,12665,7342,9730,1244"
9144,9144,"11298,1244,9101,1290,7120,544,10326,12665,2989,9730"
9172,9172,"1290,7120,6220,544,1863,9101,8981,4798,10429,9083"
9185,9185,"1863,10429,544,5495,6220,8562,9101,5976,9942,10326"
9190,9190,"4798,3950,10326,8562,5303,12857,5642,6220,8413,10916"
9193,9193,"3950,10326,4798,8562,12857,6220,10916,9404,13249,13346"
9198,9198,"10326,5303,4277,4798,9340,2140,4908,7138,2147,9101"
9200,9200,"7120,1290,544,10326,1244,9942,5303,6971,275,4798"
9201,9201,"7679,11298,7120,1290,12995,3464,9101,2769,2989,3845"
9204,9204,"544,10326,5303,4798,5495,275,2343,6659,13346,8483"
9215,9215,"7120,1290,4798,4929,2140,1747,10326,6971,10663,9101"
9222,9222,"7120,9730,1290,12869,9101,11298,1244,9295,544,4664"
9233,9233,"4798,4277,5303,6383,12665,1328,10916,350,8421,544"
9235,9235,"9101,1290,544,7120,1244,2989,9942,4576,10326,6220"
9245,9245,"1290,7120,9101,1244,789,544,13309,9866,5008,12869"
9275,9275,"89,12665,5875,7024,8235,9101,5495,5375,4798,12253"
9308,9308,"9942,544,8562,3428,6220,8413,5184,3950,5545,8188"
9323,9323,"4277,717,8483,8421,217,544,9340,10326,9072,4798"
9329,9329,"10326,8562,12665,3950,5303,13346,5495,6220,12857,6326"
9355,9355,"8562,4798,8413,3950,6220,5303,2218,10326,6971,12665"
9369,9369,"4798,10326,5303,12857,6433,13249,2140,13346,10594,8483"
9386,9386,"8188,11484,5495,3269,12226,8562,11745,12470,3987,9101"
9388,9388,"4798,544,5303,12665,6220,9942,8188,6971,13346,275"
9401,9401,"7120,1290,11298,9730,1244,9962,3697,4929,5135,4664"
9418,9418,"10326,6220,9942,4798,3950,12665,8413,544,2218,2140"
9433,9433,"4798,8562,10326,13346,4277,8483,3950,217,10916,8421"
9440,9440,"10326,544,217,4277,8562,4798,717,8421,350,10916"
9446,9446,"3950,13346,2218,13306,10326,8562,9942,3428,5199,4798"
9464,9464,"5495,12470,5676,544,8413,8188,2585,232,8562,12086"
9477,9477,"8562,4798,5303,275,5495,3950,10326,12665,6220,544"
9488,9488,"11298,7120,1290,1244,9101,9730,544,12869,6971,12665"
9500,9500,"4798,10326,10916,4277,717,12857,350,8421,13346,6433"
9502,9502,"4798,8562,3950,3428,13346,544,10326,810,13249,13110"
9507,9507,"2343,9693,2903,5199,6795,544,2537,13375,9101,8235"
9528,9528,"7120,11298,2989,9101,7679,4929,12655,9730,12869,12665"
9539,9539,"4798,10326,12857,2218,8562,6220,544,6433,3950,4277"
9566,9566,"544,9693,10326,9101,4798,2343,11298,6971,5303,1244"
9575,9575,"4798,8483,10326,12857,13346,11000,9340,8562,5495,10916"
9583,9583,"5495,4798,10326,13346,5303,3950,12470,9942,8413,8483"
9589,9589,"10326,4798,3950,13346,4277,275,8562,544,64,6971"
9591,9591,"4798,10326,5303,3950,10916,6971,12857,8562,8421,2140"
9617,9617,"5495,1286,4798,10326,9101,609,544,3515,11384,12665"
9620,9620,"8562,9942,12665,13346,10326,3950,6220,5495,2343,12470"
9622,9622,"5495,2905,5109,4798,10326,9393,5999,6902,3950,5557"
9631,9631,"9101,12869,3222,9730,11298,4142,7605,1803,7679,544"
9655,9655,"8562,3950,8413,1042,8822,3149,11910,12130,10984,8283"
9658,9658,"4798,10326,544,2343,5495,5303,2140,9693,9101,6220"
9660,9660,"9730,9101,7120,1290,11298,4929,9295,2989,1244,3697"
9669,9669,"1290,7120,9962,4929,789,5135,12030,4387,9101,9295"
9672,9672,"4798,5303,13346,12857,10916,10326,3950,8483,12793,5495"
9684,9684,"9101,6952,4798,544,8540,10352,10326,5495,6659,8599"
9702,9702,"7120,1290,1244,4929,11298,9962,9101,789,3697,9295"
9705,9705,"7120,10326,1290,8562,12857,4798,5303,6971,4929,12665"
9722,9722,"1244,12869,11298,544,7120,12665,9101,1290,9306,5946"
9732,9732,"11298,1244,9730,9101,7120,1290,7679,4664,544,9962"
9781,9781,"12655,844,7679,9101,11298,3148,2874,6002,1224,3238"
9803,9803,"5495,5303,544,5532,2218,12470,9693,12665,2903,2343"
9809,9809,"10326,5495,64,8562,3950,2343,2218,6795,1328,5532"
9814,9814,"10326,12857,10916,8421,8562,4277,5303,2140,6971,10594"
9818,9818,"2218,5303,6971,5199,5495,5532,3950,4798,6220,2343"
9820,9820,"9693,4798,2905,13315,5495,12611,3950,5532,9101,544"
9848,9848,"10326,5303,544,4277,4798,2140,1323,4694,5495,350"
9856,9856,"4798,10326,8562,3950,5303,544,6971,12665,810,9942"
9869,9869,"12665,6220,5303,8235,4798,7024,6971,4715,3950,9101"
9889,9889,"10326,5303,8413,2218,4798,2140,6971,12665,8205,5495"
9923,9923,"4798,8483,10326,8562,4277,5303,10916,350,11000,3950"
9929,9929,"8562,3950,13346,12665,4798,8333,454,9101,9455,11622"
9961,9961,"7120,1290,12665,89,11298,1244,4929,7024,9101,8235"
9969,9969,"4798,10326,5303,6971,717,2218,8421,217,4277,544"
9974,9974,"1290,7120,89,9101,9730,6591,2343,11298,9693,12665"
9976,9976,"1244,1862,12869,11298,13315,3222,9101,7679,11918,12995"
9989,9989,"9942,5495,8562,4798,12470,3950,6220,5303,10326,8413"
9993,9993,"12665,8562,5303,4798,6971,2343,13375,9942,10916,5545"
10002,10002,"6659,10326,275,544,4798,9101,5303,2989,12665,1328"
10011,10011,"11298,9730,7120,1290,7679,2989,1244,9101,10137,4664"
10016,10016,"4798,10326,5303,8562,9942,544,6220,3950,12857,275"
10028,10028,"9942,3428,11800,9101,9404,6220,1254,4798,57,5077"
10029,10029,"9942,13346,5495,10326,6220,3428,13249,3950,2218,12665"
10033,10033,"12665,5303,1286,8413,3950,1230,8922,1220,89,3055"
10042,10042,"10326,5303,12857,4798,10916,3950,10594,6971,8562,2140"
10046,10046,"4798,10326,8562,3950,10916,4277,13346,12857,217,13249"
10061,10061,"4798,8562,4277,544,6220,10594,717,8421,6433,12857"
10071,10071,"6220,3950,4277,9942,217,10594,8483,13346,13249,10869"
10084,10084,"4798,13346,8562,10326,6971,8421,12665,2140,12857,6220"
10091,10091,"8562,4798,10326,12665,6220,5495,1323,9470,4482,9101"
10102,10102,"1244,11298,544,2989,4929,9730,4576,12665,12869,4664"
10104,10104,"8562,5303,4798,5495,3950,2218,275,10326,8483,4277"
10121,10121,"7120,1290,6971,4929,9101,544,1244,11298,9693,8922"
10131,10131,"13346,3950,4798,6220,9942,3428,8562,8483,12857,12665"
10134,10134,"10326,4798,275,4277,544,12665,2140,5303,4877,7439"
10139,10139,"7120,1290,4929,1244,9101,11298,3697,10663,9295,12030"
10144,10144,"3950,5199,8562,13346,4798,3055,10326,5999,6220,9942"
10155,10155,"2218,4798,8483,3950,8562,5303,11396,10326,2199,8413"
10168,10168,"1863,7637,4798,10429,9101,9564,10326,8703,9942,544"
10178,10178,"544,9101,2989,9942,10326,9693,11298,1290,12665,1244"
10186,10186,"9693,12665,8562,9942,9404,3950,13346,6220,2537,5545"
10190,10190,"4277,10326,10594,350,717,4798,8421,11222,217,10916"
10194,10194,"4798,8562,3950,13346,8413,4277,12857,9455,10916,8483"
10196,10196,"13346,9942,5676,3950,4413,8562,1574,329,9101,4798"
10215,10215,"10326,4798,5303,4277,8562,8421,6433,12857,6971,544"
10218,10218,"9942,10326,8562,5303,6220,12857,10916,4798,12665,3870"
10251,10251,"8562,6220,8188,12857,3950,13346,10326,5545,5303,12665"
10252,10252,"1290,7120,9295,9101,1244,11298,544,6220,9962,3697"
10262,10262,"5495,12099,2903,5199,4266,12470,9101,1619,8235,4798"
10266,10266,"9942,6220,12665,544,3950,2343,4798,8562,6659,5303"
10271,10271,"10326,6220,4798,9942,9693,2140,2343,8562,12665,6971"
10277,10277,"8562,10326,5303,4798,3950,13346,12857,6971,6326,10916"
10282,10282,"10326,12665,5303,4798,1290,1244,544,8421,8483,9101"
10286,10286,"1290,7120,4929,12030,1400,3697,9295,9101,2286,12651"
10305,10305,"10326,810,4798,10916,13346,1889,12857,6795,5303,4053"
10309,10309,"9942,12665,6220,8562,4798,3950,2218,5545,10326,89"
10335,10335,"7120,1290,9730,11298,1244,9101,4929,12869,10663,2989"
10340,10340,"11298,2989,1290,7120,7679,9101,9730,4576,4545,12995"
10375,10375,"4798,6220,8413,9942,8562,12665,5495,5303,4430,4181"
10388,10388,"4798,10326,5303,6971,275,13346,8562,2140,8205,2218"
10397,10397,"10326,4798,8413,5303,12857,4277,10594,1889,11540,6433"
10402,10402,"3950,12665,9942,5676,4798,8413,3870,13346,6220,8562"
10407,10407,"544,5303,4277,6220,350,3428,810,2343,10326,5885"
10408,10408,"9306,4798,10326,9101,3064,7439,5495,544,4877,5946"
10416,10416,"4798,3950,13346,6220,10326,1220,12665,12857,2343,9942"
10448,10448,"4798,10326,8562,275,3950,5303,6220,544,3428,13346"
10454,10454,"3950,13346,10326,8562,5495,9404,13249,4798,9942,3799"
10499,10499,"4798,10326,717,4277,8421,217,6433,10594,2158,8483"
10503,10503,"3950,8823,12665,11351,4988,8296,10326,2140,3762,9942"
10504,10504,"2989,11298,7679,3464,12869,9730,4545,544,9942,8978"
10508,10508,"10326,4798,5303,544,4277,8421,217,717,275,2140"
10514,10514,"8562,3950,13346,10916,6326,810,4798,6220,4277,12857"
10526,10526,"4798,12857,10326,3950,8562,13346,4277,10594,6433,8421"
10540,10540,"4798,10326,13346,5303,6220,275,3950,9942,4277,10916"
10542,10542,"4277,10326,217,717,544,350,8421,9340,4798,8483"
10551,10551,"4798,10326,544,8562,5303,6220,275,9942,12665,8483"
10554,10554,"544,12665,5303,6220,8562,8413,5199,8483,89,9942"
10555,10555,"11484,6220,10429,5495,1607,9101,4798,11744,544,1875"
10556,10556,"5610,2140,844,227,3766,4798,5743,7547,7745,12856"
10562,10562,"12857,4798,9072,10326,2140,31,2905,6971,8483,13346"
10575,10575,"11298,9730,7120,1290,9101,12869,7679,9295,1244,7669"
10576,10576,"10326,4798,5303,10916,8421,8562,217,350,12857,717"
10582,10582,"10326,12665,3950,5303,4798,544,8562,9942,4277,6971"
10584,10584,"3950,8562,4798,10326,13346,9942,6220,5303,3428,8483"
10606,10606,"4798,10326,9942,3950,544,12665,5303,6220,2411,4277"
10611,10611,"4798,544,717,4277,8483,217,8421,6383,5303,350"
10613,10613,"544,10326,4798,717,217,12665,8421,5303,6383,3950"
10614,10614,"10429,1863,7725,8188,5495,7706,4798,9101,8562,5976"
10623,10623,"8235,7024,4715,12662,9101,4798,7289,544,10326,12665"
10647,10647,"12869,11298,7679,4163,9101,2957,1851,83,7120,1558"
10657,10657,"10326,12857,10594,8421,4798,5303,10916,717,2140,275"
10670,10670,"10326,4798,10594,10916,8421,4277,275,12857,10568,4322"
10679,10679,"11298,7120,9730,1290,9295,12869,1244,9101,10389,2989"
10680,10680,"4798,5303,8562,13346,2218,10326,275,6220,8483,3950"
10699,10699,"5495,4798,6971,13346,8562,10326,8413,5303,1230,6326"
10715,10715,"217,717,4277,9105,12857,238,2158,4798,10326,3428"
10720,10720,"3950,4798,8413,13346,12665,8562,5303,10326,8483,6326"
10735,10735,"8562,6220,10326,544,3950,9942,13346,5495,4798,6971"
10742,10742,"12665,10326,8562,6220,5303,544,6971,4798,3950,2218"
10744,10744,"217,8421,2580,4798,4616,7305,7166,7243,3659,837"
10747,10747,"10326,3950,544,10568,13346,12665,5303,4277,9693,5199"
10769,10769,"2343,9693,9455,10453,64,6839,1933,5199,4246,8891"
10795,10795,"4798,5303,10326,275,8562,2218,2140,6971,11000,12793"
10817,10817,"11298,1244,1290,7120,9295,9101,9730,10607,9962,2989"
10819,10819,"5303,10326,13346,12665,5461,8483,6971,7679,4798,275"
10828,10828,"6220,10326,3428,5303,544,275,4798,12665,3950,8562"
10860,10860,"5303,8562,3950,4798,12857,13346,10916,3428,8413,2789"
10868,10868,"9693,11298,2343,9101,9730,2989,2537,7679,544,4890"
10895,10895,"4798,13346,10916,12857,8562,10326,6326,13249,6433,9942"
10900,10900,"10326,4798,5303,6971,10916,2140,275,8421,12857,8562"
10912,10912,"3464,8315,2769,7679,9101,10009,11298,4798,12458,9730"
10934,10934,"7120,1244,1290,11298,10326,544,9101,2989,4798,4929"
10947,10947,"5495,12470,10326,5303,5199,544,6971,4798,2903,2140"
10950,10950,"10326,4798,12857,6433,5126,10916,5303,6971,10594,2140"
10964,10964,"1244,11298,7120,1290,9101,9962,2989,12869,3697,10607"
10965,10965,"9942,8413,5495,12136,8681,7715,1681,12099,9203,11772"
10968,10968,"10326,544,5303,217,2218,50,350,4277,13249,4798"
10972,10972,"4798,3950,13346,5303,10916,12857,8562,8421,6971,275"
10975,10975,"10326,4277,4798,13375,6433,544,8510,9306,10093,7464"
11028,11028,"4798,10326,9942,8562,3950,3428,13346,4277,13249,5303"
11030,11030,"11298,9101,544,1290,6220,2989,12665,7120,2411,10326"
11044,11044,"544,10326,2343,6220,89,9101,9693,12665,8681,5303"
11048,11048,"3950,4798,2905,12857,13346,10326,2140,9101,2330,11572"
11065,11065,"5303,1290,6971,7120,9295,4798,6220,2218,544,8562"
11085,11085,"1290,1244,9962,7120,5135,11298,789,9405,3697,9101"
11088,11088,"8562,4798,13346,6971,5303,10326,4698,9937,8981,5149"
11100,11100,"11298,9101,1244,1290,7120,12869,2989,9730,12665,544"
11102,11102,"4798,3950,8562,8483,12857,8413,10326,13346,10916,6220"
11105,11105,"9693,2343,6795,5199,2903,1244,544,5532,9101,10835"
11107,11107,"8562,10326,3950,4798,13346,6220,9942,10916,12665,8421"
11109,11109,"7120,1290,544,1863,9101,10429,6220,4798,10326,1487"
11120,11120,"7120,1290,11298,1244,9101,4929,9295,9730,544,2989"
11121,11121,"8562,3950,4798,10326,13346,6220,5303,12665,13249,10916"
11133,11133,"8911,6307,6659,2034,9101,4798,544,10974,10326,5495"
11149,11149,"10326,12857,9942,4798,9404,5303,13249,2140,8413,6971"
11152,11152,"11298,7120,1290,9730,2989,1244,7679,9101,4664,1779"
11160,11160,"13346,9942,3950,275,4798,5303,3428,8546,64,4413"
11163,11163,"4798,10326,12665,3950,8562,275,13346,6220,544,4277"
11168,11168,"7063,7445,9101,5970,4798,2291,8675,544,3769,10326"
11193,11193,"5303,6220,544,275,12793,1978,11000,4798,9863,4976"
11200,11200,"9942,3428,5495,6220,12470,8562,6659,3950,5184,13110"
11210,11210,"7120,1290,4929,6971,10663,4798,3697,9101,6243,12030"
11215,11215,"10326,10594,10916,8421,13259,12857,5199,8562,13249,4798"
11219,11219,"7120,1290,9962,4929,3697,1244,5135,9101,9405,4798"
11243,11243,"2140,4798,10326,4877,9101,2291,544,6588,8562,50"
11253,11253,"9101,7120,2989,11298,544,1290,1244,12869,9730,10389"
11261,11261,"6220,5303,3870,3428,8413,9942,5545,12665,10326,12470"
11280,11280,"9693,2343,5532,544,6795,4388,5199,9101,3909,12398"
11285,11285,"1290,1244,7120,11298,9101,9962,11117,8302,789,6220"
11309,11309,"3950,8562,8413,10326,12665,6220,6326,13346,9942,2140"
11312,11312,"9404,3950,5495,6971,9942,12665,8413,12470,1746,8562"
11314,11314,"717,2343,64,10326,350,8421,4277,9693,8483,217"
11325,11325,"4798,10326,544,8562,2343,4277,13346,6433,9693,6220"
11327,11327,"5303,6220,8562,4798,9942,5495,7707,10326,544,8981"
11359,11359,"10326,4798,9942,275,544,12665,13346,6971,89,6220"
11366,11366,"11554,1371,9289,9491,11484,8315,6377,9101,5494,4798"
11368,11368,"11298,9101,7120,1290,1244,2989,12869,9295,7679,9730"
11371,11371,"5495,10326,13346,5199,6326,89,13112,8562,8590,4798"
11376,11376,"544,217,2218,2989,4798,9693,9101,8562,4277,12665"
11377,11377,"4798,10326,8562,5303,13346,12857,10916,8483,4277,6326"
11383,11383,"4798,5303,10326,275,6971,8413,8562,5461,544,6220"
11416,11416,"1328,10326,1221,7480,4798,6659,9101,4072,544,1261"
11444,11444,"10326,9101,1290,1244,12665,4798,11298,4277,5303,6220"
11445,11445,"4798,8562,10326,544,4277,217,717,10916,6433,3950"
11448,11448,"9693,544,6795,9101,2537,12665,64,10326,1220,6220"
11469,11469,"6971,725,12451,6796,4308,9229,10326,273,13097,6373"
11487,11487,"544,7120,2343,9693,4929,2989,9101,11298,6220,6971"
11492,11492,"5303,5495,6220,4798,8562,2343,12470,9693,275,8413"
11503,11503,"544,6659,6220,10453,5495,10326,4277,5303,1404,4798"
11504,11504,"2903,6270,9275,1943,4956,2127,9351,11772,36,9101"
11515,11515,"10326,4798,9942,3950,6220,8562,13346,4277,217,10916"
11547,11547,"12665,10326,4798,3950,9942,13346,5303,9693,6220,6971"
11552,11552,"10326,4798,2343,3950,12665,544,6220,8562,13346,9693"
11567,11567,"10326,4798,8562,3950,6220,12857,217,13346,9942,4277"
11581,11581,"10326,544,4798,9942,5303,275,12857,12665,8562,2140"
11589,11589,"11298,7120,1290,9101,12869,1244,2989,9730,9962,544"
11591,11591,"12665,11298,89,4654,9101,9942,10137,1290,7120,2989"
11595,11595,"1290,7120,11298,9295,1244,9962,9101,5135,4798,9730"
11604,11604,"544,4798,10326,275,7120,1290,6971,2218,6220,9942"
11608,11608,"10326,8562,12665,6220,4798,5303,3950,13346,544,3428"
11627,11627,"3950,8562,13346,4798,2218,6220,8483,10326,8421,5303"
11646,11646,"5495,8562,12665,8413,3428,6220,3950,4798,8188,5545"
11647,11647,"4798,10326,5303,8483,6220,6971,275,4277,6383,10916"
11675,11675,"5303,2140,2343,13408,10326,3950,6971,9693,4798,5495"
11676,11676,"7120,11298,1290,1244,9101,12869,9295,4929,9962,6971"
11696,11696,"5495,10326,4798,544,13408,7063,13214,7383,12871,12470"
11700,11700,"8562,11912,7332,7772,10868,544,10337,12424,9101,10326"
11722,11722,"1290,7120,6971,1244,9295,6220,544,5303,4798,9101"
11754,11754,"7679,12665,3950,5676,13408,544,6220,9942,10326,2989"
11757,11757,"13408,2343,9693,1220,89,10326,13346,9942,931,5495"
11767,11767,"12665,8562,12757,8235,5875,7024,9101,4798,9942,544"
11773,11773,"10326,4798,6220,8562,8421,5303,6383,1328,8483,10916"
11777,11777,"9942,4798,3950,8562,6220,13346,13110,3428,5545,10326"
11778,11778,"9101,7120,1290,12869,11298,1244,7669,9730,7679,4163"
11788,11788,"7120,1290,11298,9730,9101,2989,9295,3697,9962,4798"
11790,11790,"7120,1290,10326,4929,10663,4798,1244,9101,4955,8590"
11811,11811,"7120,1290,1244,9101,11298,4929,9295,9730,10663,2989"
11837,11837,"7120,1244,1290,11298,9101,4664,4929,544,2989,3697"
11859,11859,"13346,8413,8235,4798,8483,3950,12665,10326,6302,9101"
11865,11865,"10429,544,6220,9689,9083,9101,7725,13296,5495,8562"
11867,11867,"8562,3950,4798,5495,6220,12470,1328,8483,5642,9404"
11871,11871,"544,5303,2218,7120,11298,1290,13408,11969,6971,9101"
11879,11879,"7120,1244,11298,9101,9730,10663,544,10607,4576,3697"
11880,11880,"4798,10326,4277,8562,8483,717,8421,5303,10594,10916"
11908,11908,"5495,4798,5303,2140,275,10326,6971,8922,5199,9693"
11912,11912,"5303,275,4798,6971,10326,8794,2218,8205,9101,11194"
11925,11925,"717,13346,64,4277,10326,2343,8421,3950,4798,9693"
11933,11933,"8413,6220,8562,1862,5676,8188,6659,5545,8681,10429"
11945,11945,"10429,1863,5976,544,9101,10802,589,4798,8981,10090"
11948,11948,"4798,8562,5461,3950,10326,5495,13249,13346,10916,6302"
11952,11952,"5303,4798,10326,4315,8483,9101,8421,10608,5497,9338"
11957,11957,"4469,4798,8302,9190,62,9101,544,5495,11515,10326"
11959,11959,"4798,10326,9942,50,3428,2343,12857,8562,5495,4277"
11967,11967,"2218,8562,6220,8413,1286,3950,12665,8235,8188,4798"
11969,11969,"9101,5069,1421,2580,11939,414,4798,544,7851,6363"
11970,11970,"6220,8562,3428,544,12470,13306,5642,4277,10326,2218"
11975,11975,"10326,6220,12665,9942,3950,4798,8562,3428,5545,13346"
11995,11995,"8562,3950,12665,6220,9404,1323,9942,5199,4798,13346"
12002,12002,"11298,7120,2989,1290,1244,544,12869,9730,4664,4576"
12022,12022,"7120,1290,12869,9101,11298,9962,1244,789,4664,7669"
12032,12032,"6659,9375,1213,8911,11484,9101,6307,4798,5495,10326"
12036,12036,"9101,1244,7120,1290,544,2989,9730,6288,3148,8978"
12066,12066,"9693,4798,2343,4277,275,9455,12665,9093,544,5731"
12077,12077,"7120,1290,4929,9962,1244,3697,9101,789,11298,9295"
12078,12078,"4798,10326,5303,4277,717,8483,11000,2140,10916,8421"
12084,12084,"4798,5303,8562,6971,10326,12665,275,2140,6220,13346"
12089,12089,"8562,5303,4798,3950,8413,10326,6220,6971,2140,5545"
12106,12106,"10326,2989,12869,4798,6220,11969,4277,11298,1244,5303"
12107,12107,"12665,8562,8188,13346,8413,3950,558,5495,4413,2759"
12111,12111,"12665,275,13346,3950,10326,4798,5303,8562,6220,9942"
12131,12131,"4798,10326,5303,8413,8562,275,2140,9942,10916,12857"
12139,12139,"4798,9693,13346,8562,10326,2537,5126,3870,6795,6834"
12141,12141,"6220,5495,8188,6659,13346,544,13437,2218,722,9693"
12144,12144,"1244,11298,1290,7120,9101,544,12869,5135,13309,4664"
12150,12150,"6220,8562,3950,8413,9942,4798,6659,5303,12665,3870"
12151,12151,"10326,12665,544,4798,6220,4277,217,9455,717,13346"
12162,12162,"3950,9182,3525,3980,997,5992,4798,5495,9101,2029"
12170,12170,"1371,11554,4163,4940,9101,9730,401,2709,7349,7971"
12182,12182,"544,5303,1290,9693,7120,5495,5199,2903,275,5532"
12185,12185,"10326,4798,5303,6220,8483,5495,8562,13346,13249,3950"
12191,12191,"10326,10594,5303,12857,5495,3950,6220,6433,8562,4798"
12197,12197,"9693,2343,544,6795,5532,5999,5303,1244,9942,2903"
12204,12204,"11298,7120,1290,2989,1244,9295,9730,9101,12869,3464"
12229,12229,"544,9693,2343,6220,4798,8562,10326,12665,5303,9942"
12231,12231,"544,11298,7120,9101,1290,2989,1244,9730,12869,12665"
12234,12234,"1863,10429,6220,5976,544,8562,9101,4798,10326,5495"
12238,12238,"4798,10326,8562,5303,13346,6220,6971,5495,12665,2218"
12242,12242,"4798,8562,217,5303,13346,3950,10326,12857,10916,717"
12260,12260,"10326,13346,10916,8562,12857,13249,8421,6220,4277,217"
12262,12262,"5495,5199,9693,5532,2343,2903,5303,4117,544,12665"
12281,12281,"10326,5495,5303,6220,8562,4798,8483,12665,275,8188"
12289,12289,"9693,6795,10326,4798,64,544,2537,9942,8562,5495"
12306,12306,"8562,3950,4798,6971,10916,12857,5495,5303,10326,2140"
12326,12326,"4798,10326,7824,8022,10506,3506,9101,9738,12138,5495"
12337,12337,"8562,4798,3950,2343,9693,6220,13346,8413,2140,12665"
12355,12355,"544,7120,9101,1290,1244,11298,2989,7679,10326,12869"
12371,12371,"4798,3950,2343,6220,10326,3870,2218,3428,5545,9942"
12372,12372,"12665,5875,8235,7024,12662,4715,9101,4798,12628,544"
12373,12373,"4798,10326,4277,1328,8421,350,12857,8562,6433,2158"
12390,12390,"7120,4929,10663,544,9101,4798,6243,2916,7637,10326"
12405,12405,"9693,2343,544,10326,6795,9101,5495,5532,4388,4798"
12407,12407,"8703,7637,9101,4798,544,10326,5495,6043,7120,2020"
12408,12408,"9942,544,5461,5676,5495,6220,8413,3870,89,12665"
12419,12419,"6659,11484,275,8590,5676,4798,5303,9101,6971,5495"
12423,12423,"8276,5495,12111,9101,4798,544,12321,2273,10326,10719"
12426,12426,"7120,9101,11298,544,1244,9730,2989,12665,12869,4929"
12452,12452,"4798,10326,6659,13346,8421,8562,1328,8590,217,8483"
12480,12480,"9101,544,7679,11298,2989,12869,4576,4664,1244,10137"
12530,12530,"5303,4798,8562,10326,9942,5495,8981,7637,9101,544"
12546,12546,"4798,6971,2343,10326,8562,9693,5303,8703,9101,7637"
12556,12556,"7120,1244,1290,9101,9730,2989,4929,9295,544,7679"
12573,12573,"8413,5303,2218,5495,3428,9942,5545,10326,4181,6220"
12592,12592,"10326,4798,8562,9693,6220,9942,13346,3950,3428,12665"
12596,12596,"10326,8562,13346,4798,3950,4277,10916,12857,8483,6220"
12599,12599,"7120,11298,1290,1244,544,9295,9101,2989,4929,12869"
12615,12615,"544,9101,11298,1244,2989,7679,11024,4163,12869,3570"
12618,12618,"9942,3950,3428,5676,8562,544,13306,6659,12665,10453"
12624,12624,"4798,12665,10326,8562,13346,3950,6220,4277,275,8483"
12638,12638,"9693,2343,861,9404,5199,10835,6220,8018,796,782"
12641,12641,"544,5199,9693,5495,2343,2411,10326,4798,5532,3950"
12644,12644,"7120,9101,1290,544,2989,4929,9693,12869,9295,9730"
12649,12649,"4798,1290,8703,10326,6971,7637,7120,9101,7713,544"
12654,12654,"5495,8413,8562,275,4798,2218,50,12470,5303,10326"
12658,12658,"10326,4798,2218,6433,10568,1889,13249,9072,217,544"
12659,12659,"544,10326,7120,4798,9101,12665,1244,11298,5303,4277"
12666,12666,"9693,4798,8562,13346,3428,10326,6795,717,8421,4277"
12669,12669,"12665,12507,13401,6588,9942,5495,4609,9101,4798,11542"
12674,12674,"8413,10326,6220,5303,2218,12665,4798,3870,3950,8562"
12688,12688,"9453,1377,9101,4798,10326,5495,544,1328,8149,12665"
12694,12694,"8413,6220,9942,544,2218,3950,5495,13110,3428,5545"
12709,12709,"10326,4798,5303,4277,275,13346,6433,8562,8421,12857"
12712,12712,"5875,7024,8235,12662,10023,12665,8570,12253,9101,4798"
12722,12722,"12869,7679,11554,9101,4163,11298,1371,6288,6299,9730"
12728,12728,"8188,8562,5495,8981,9101,4798,544,10326,6892,5149"
12732,12732,"5532,2343,9693,5199,3909,2443,9101,9132,4798,544"
12736,12736,"10326,4798,8562,4277,6433,10594,12857,350,10916,8421"
12738,12738,"4798,10326,8562,3950,4277,10916,544,12857,2343,6220"
12741,12741,"10326,9942,3428,3950,12470,5495,8562,2218,217,8421"
12756,12756,"12470,8413,13408,3428,12099,12665,4798,2218,9942,9101"
12764,12764,"6220,275,10326,5303,544,2343,12665,3950,6971,4798"
12768,12768,"12665,9693,6971,2343,3950,6220,4798,89,10326,5495"
12773,12773,"4798,8562,10326,12857,275,5303,6326,8413,3950,2218"
12789,12789,"4798,10326,5303,13346,8562,10916,8421,5495,4277,12665"
12790,12790,"1290,11298,9101,4929,13408,9295,10663,3697,1244,544"
12801,12801,"5495,1862,1286,12470,5532,13112,5303,8279,7922,12668"
12804,12804,"1290,1244,4929,12869,10663,3697,9101,9962,6243,9295"
12833,12833,"5303,6220,8562,3950,8483,10326,50,5642,13346,4798"
12846,12846,"4798,10326,3950,13346,10916,12857,5495,6433,13249,5676"
12855,12855,"5495,2343,10326,8562,9693,4798,544,11774,6914,9101"
12860,12860,"8562,4798,3950,5303,10326,10568,6971,9404,10916,2140"
12874,12874,"4798,10326,8562,10916,3950,6326,13346,6220,8421,5642"
12875,12875,"13346,5495,8562,3950,5461,5199,7547,4798,2905,5999"
12877,12877,"6659,2218,6220,5545,1118,8188,9899,1355,1286,9101"
12883,12883,"5495,12470,8413,5303,2218,12668,3950,9942,1037,3545"
12890,12890,"8703,7637,4798,9668,10332,9101,9954,13228,10326,544"
12919,12919,"7120,1290,4929,9295,1244,10663,9101,12030,12497,11298"
12927,12927,"1290,9101,6220,544,1244,1863,7120,10429,5495,9942"
12955,12955,"5495,6971,12470,10326,8205,8562,4798,3950,2343,8483"
12956,12956,"844,8562,7715,1583,4568,4798,9101,12665,8929,8053"
12958,12958,"10326,9771,4798,7439,275,9942,5747,12665,9101,544"
12965,12965,"12470,217,5495,12857,544,3428,1404,10568,9340,6220"
12970,12970,"6220,10326,3950,8562,3428,5303,13249,2218,12665,4798"
12996,12996,"9693,2343,6795,2537,6971,6834,5199,5495,13346,8483"
13000,13000,"8562,3950,6220,9942,4798,13346,8413,3428,2218,3870"
13017,13017,"544,2989,11298,9101,7679,9730,1244,4576,9693,12655"
13019,13019,"10326,8562,4277,5303,8483,12857,10916,3950,6433,13249"
13021,13021,"8562,8413,8188,10916,4413,4798,7707,12606,9101,544"
13022,13022,"10326,4798,8562,4277,2218,6220,544,5303,2140,12665"
13063,13063,"8413,5303,4798,1862,8188,2218,8562,9942,13346,1286"
13075,13075,"544,12869,8205,4798,9942,2602,2291,275,9101,6971"
13076,13076,"3950,2343,5495,13315,13346,4798,10326,2218,9693,6220"
13101,13101,"4798,3950,10326,5495,2140,13346,9072,544,5199,9942"
13105,13105,"7120,11298,9730,12869,9101,1290,1244,544,9295,4664"
13115,13115,"10326,12665,544,9942,5303,6971,6220,9101,89,275"
13117,13117,"6220,1290,5303,4798,7120,544,12665,9519,8681,5495"
13121,13121,"3950,4798,5303,8413,8562,12857,10326,5642,13346,9942"
13123,13123,"544,9101,11298,2343,2989,1290,7120,1244,12665,9942"
13125,13125,"4798,8413,12857,10326,8562,50,6220,2199,3950,6395"
13147,13147,"4798,10326,8483,13346,8562,10916,217,6433,3950,717"
13151,13151,"8562,8413,13375,5303,10326,12470,6302,9942,4798,5495"
13153,13153,"10326,4798,8562,4277,10916,6433,13346,717,5303,13249"
13176,13176,"544,11298,1290,12869,7120,1244,9730,7679,4576,10137"
13180,13180,"8562,6220,9942,3428,10326,3950,5303,4798,2218,13110"
13192,13192,"6659,3870,1328,8562,5495,10326,4798,9942,3950,12470"
13194,13194,"3950,12665,4602,8235,4715,5875,931,7024,9942,9101"
13195,13195,"5303,50,8562,10326,4277,1978,4798,217,5642,11000"
13198,13198,"5303,8483,10568,10326,4798,8421,12857,4277,9340,10594"
13231,13231,"3950,8562,4798,9942,6971,13346,12665,5642,10326,12857"
13234,13234,"7120,1290,4929,9962,9295,3697,789,13309,9101,5135"
13240,13240,"544,7120,9101,11298,2989,10326,12869,9730,4798,12665"
13273,13273,"3950,12665,5303,6220,5495,2218,8413,9942,10326,13346"
13276,13276,"3950,13346,8562,6220,9942,3428,1323,8413,5495,4602"
13283,13283,"10326,8421,4798,717,10594,2140,8161,1912,12404,1180"
13297,13297,"13346,275,8483,1286,12665,10326,4798,3950,8562,8413"
13301,13301,"8413,4798,5303,13346,8562,5461,6220,1747,10326,8483"
13303,13303,"5495,12665,8483,8562,8413,12857,3950,10869,2218,12470"
13321,13321,"1290,11298,7120,9295,2989,1244,9730,9101,3697,4798"
13330,13330,"1863,4798,8703,2855,10326,7637,5966,9101,5495,544"
13338,13338,"11298,7120,1290,9295,1244,9962,9101,3464,12869,9730"
13380,13380,"10326,275,5303,6971,4798,2140,8562,2218,9942,3950"
13389,13389,"7120,1290,4929,1244,10663,11298,3697,9101,2916,12030"
13390,13390,"3950,9942,5532,5461,9693,4602,8413,12225,11439,6220"
13391,13391,"11298,12869,10326,4798,9730,544,6971,9101,5303,12665"
13401,13401,"8562,10326,4798,3950,544,4277,13346,12665,50,5495"
13403,13403,"89,10326,4482,9470,4798,9101,6220,8221,9942,8636"
13407,13407,"10326,544,4798,350,7120,1290,8205,4277,2140,1404"
13413,13413,"217,2140,4277,10326,10594,4798,9598,7063,9101,2861"
13414,13414,"9730,11298,2989,9101,12869,7679,4545,9295,3464,11024"
13446,13446,"4798,10326,8562,5303,4277,8421,13346,12857,717,544"
13472,13472,"7679,1290,11298,7120,9101,12655,544,2989,1244,7047"
13488,13488,"4798,8562,5303,3950,13346,10326,12665,10916,5642,6326"
13502,13502,"11298,9101,1290,544,2343,9730,2989,1244,7120,7679"
13507,13507,"11298,9730,7120,9101,2989,1290,1244,544,3464,12869"
13512,13512,"4798,13346,8562,3950,6659,3870,5676,10326,12857,844"
13543,13543,"4798,12665,10916,5303,4277,8562,544,8421,717,8483"
13572,13572,"10326,4798,8562,544,5303,275,6433,3950,217,6971"
13595,13595,"7120,1290,4929,1244,6971,4798,8922,9295,9101,10663"
13599,13599,"5495,3428,9942,3950,544,4798,10326,8562,12470,5199"
13608,13608,"9693,10326,5303,6795,12665,64,544,2537,4798,13346"
13609,13609,"350,10326,4798,9101,544,9999,7480,9848,478,5495"
13630,13630,"4798,3950,12665,9942,10326,2140,6220,2218,275,2343"
13635,13635,"10326,4798,5303,2140,8421,8562,9340,7803,275,8483"
13645,13645,"4798,3950,6220,8562,10326,275,5303,8205,8483,9942"
13673,13673,"13346,5199,9693,4798,2343,13315,8421,9101,3055,5532"
13683,13683,"9942,4798,5303,6220,10326,544,12665,3950,6971,5495"
13702,13702,"6971,8413,2218,844,7715,89,2903,544,11403,8235"
13716,13716,"4798,10326,3950,8562,12665,5303,6971,6220,2140,2218"
13724,13724,"9730,11298,9101,2989,544,12869,1244,12655,4929,4798"
13746,13746,"4798,5303,10326,12665,2343,6220,9693,8562,3950,544"
13752,13752,"8562,3870,9942,5495,10434,4413,3950,9101,4798,10566"
13756,13756,"1290,7120,9962,4929,789,5135,13309,3697,9101,9730"
13763,13763,"7120,1290,1244,11298,9295,9101,9962,789,5135,9730"
13774,13774,"10326,8562,544,6220,9942,6971,5303,4798,5545,13296"
13776,13776,"7120,1290,9730,11298,1244,9962,9101,3697,5135,4929"
13786,13786,"1290,11298,7120,1244,9962,9101,5135,789,12869,3697"
13788,13788,"4277,350,9453,6643,6305,10326,10707,4072,9101,4029"
13791,13791,"11298,1290,2989,7120,6971,1244,9730,10389,11024,9101"
13810,13810,"8562,10326,6220,6326,9942,5303,8483,12665,12857,9455"
13811,13811,"4798,10326,10916,12857,8421,5303,8483,217,9580,4277"
13820,13820,"9942,11298,2989,10919,10526,9962,11024,9101,6554,9730"
13826,13826,"5495,8483,9730,714,3950,12665,6220,6433,12470,217"
13840,13840,"2770,9101,4798,10326,8092,10352,544,9453,1328,5495"
13841,13841,"544,8562,4277,217,717,6220,13249,13346,6326,5495"
13852,13852,"9942,6220,3950,12665,89,12470,5495,5545,3428,3509"
13858,13858,"4798,7637,5549,4698,9101,10326,5149,8981,544,9942"
13865,13865,"9178,1328,6659,6383,10326,1210,9375,544,2459,9101"
13871,13871,"10326,4798,4277,5303,10594,717,544,6433,217,8562"
13877,13877,"5461,4798,2158,10326,6659,8562,9942,5292,275,9101"
13905,13905,"10326,4798,12857,8562,10916,4277,8421,12665,6326,717"
13924,13924,"7120,9101,544,11298,4929,9730,12869,2989,9295,7679"
13929,13929,"10326,4798,5303,4277,10916,8421,2140,544,9072,8562"
13935,13935,"8562,8413,3950,9693,10916,3428,5676,5495,5303,4798"
13952,13952,"7120,11298,1290,1244,9101,12869,2989,4929,9295,9962"
13953,13953,"10326,6971,1290,4798,275,6591,9101,7120,9295,7578"
13962,13962,"10326,4798,8562,3950,4277,10916,717,544,8421,5303"
13965,13965,"5495,8413,6659,89,7983,9942,8235,9101,12665,4798"
13966,13966,"10326,10594,8421,12857,4798,13346,11754,9101,4957,9953"
13974,13974,"11298,9101,7679,1290,1244,7120,2989,4576,12869,544"
13982,13982,"7120,1290,11298,89,1244,9101,544,4929,6971,1779"
13983,13983,"5461,2903,5199,13112,8413,13315,5495,4117,5999,11357"
13987,13987,"3950,10326,6220,4798,8483,3428,717,12857,9942,8421"
13988,13988,"10326,544,7120,1290,9101,9730,4798,6971,275,9693"
13991,13991,"4798,10326,13346,3950,12857,8483,5303,6326,6220,10916"
13995,13995,"3950,5495,3428,8562,5199,6302,12665,1323,5642,9532"
13998,13998,"10326,4798,5303,2140,6971,275,12665,5495,10916,8562"
14021,14021,"6220,3428,8562,13110,5545,13306,13296,3950,5461,4798"
14028,14028,"9693,2343,544,5199,4277,6383,5461,10326,13315,5532"
14042,14042,"9942,6659,12665,6220,2218,10453,275,50,544,3870"
14049,14049,"8703,7637,4205,9101,4798,10332,9954,544,10326,13228"
14060,14060,"8562,6220,3950,3428,13346,9942,5199,12665,2343,3870"
14061,14061,"8562,3950,8413,9984,4559,9107,9101,13296,544,4798"
14067,14067,"1863,10429,544,6220,9693,9101,5976,779,4798,5495"
14079,14079,"4798,5303,544,12665,275,1290,9693,7120,6220,6971"
14089,14089,"544,350,217,4798,4277,5495,5303,10326,1404,6220"
14097,14097,"4798,5303,10326,275,544,4277,2140,350,1889,12857"
14105,14105,"7679,3464,7669,12869,9101,11298,4163,11554,4216,9730"
14147,14147,"4798,2140,9942,7063,3950,8413,10506,3064,5996,5731"
14155,14155,"4798,8562,8413,3950,6220,9942,13346,3870,2218,5303"
14168,14168,"10326,4798,5303,12857,4277,8421,217,10916,544,2140"
14170,14170,"10326,8562,5495,544,2343,5303,6383,5676,9693,64"
14173,14173,"544,2989,9101,3428,9942,3464,13306,4576,11298,7679"
14174,14174,"8562,10326,6220,3950,13346,10916,3870,4798,5676,11540"
14196,14196,"8413,4798,8562,9942,9693,13346,8205,12665,3950,6220"
14197,14197,"9730,9340,5250,8483,2218,4798,10326,9101,3495,5303"
14202,14202,"7120,9101,11298,1244,4929,544,9962,12869,12665,4576"
14204,14204,"9306,6648,2300,9101,4798,8703,544,13214,10326,10776"
14215,14215,"2343,4798,810,544,9693,6795,6220,1574,8483,10326"
14242,14242,"10326,4798,8562,4277,717,3950,8421,5303,217,10916"
14244,14244,"10326,4798,8562,12665,9942,6220,275,5303,13249,13346"
14249,14249,"7120,1290,3697,4929,9101,1750,4798,11117,12030,9295"
14250,14250,"9738,3285,8452,4531,9101,4798,11199,12998,544,5939"
14256,14256,"10326,4798,5303,4277,717,8421,12857,10916,10594,8562"
14258,14258,"7679,4664,7258,11298,2989,8714,4890,11918,9101,7375"
14280,14280,"5303,4798,8483,6302,5199,8562,10326,8205,5495,6646"
14318,14318,"544,7120,11298,1244,9101,2989,6220,6971,89,10326"
14325,14325,"10326,1328,350,6659,8421,6383,10891,8562,9453,9101"
14328,14328,"10326,1290,4798,6971,8562,4929,8590,5303,2140,4277"
14329,14329,"13346,3870,5495,9942,8333,8562,8681,4457,5474,3950"
14344,14344,"8562,10326,5303,4798,6971,3950,8413,2140,5495,5199"
14366,14366,"7120,1290,4929,10663,1244,12030,9101,3697,4798,11651"
14421,14421,"7120,1290,11298,3464,9962,9730,1244,7679,5135,3697"
14430,14430,"10326,4798,717,4277,5303,8421,217,2140,544,6433"
14435,14435,"275,4654,8413,4413,10171,6925,9101,8562,4490,4798"
14472,14472,"4798,10326,275,2218,544,89,5495,5199,3950,12665"
14501,14501,"12665,4798,6220,8562,12857,6971,2218,10326,5303,9942"
14509,14509,"4798,6971,5303,8483,13346,12665,275,10326,3950,5875"
14516,14516,"8562,4798,2218,8188,6220,8981,5303,8681,10326,544"
14521,14521,"10326,4798,3950,5303,5495,8562,2218,5199,13346,6433"
14553,14553,"5495,5303,4798,8562,5149,7637,544,10326,9101,1487"
14561,14561,"12665,3950,6220,8562,5545,13346,9942,3428,4413,89"
14562,14562,"5495,5303,9942,12665,12470,13346,3950,89,5676,4798"
14567,14567,"5461,2140,4798,9942,5303,1220,10326,12589,13090,9668"
14575,14575,"544,1290,7120,9519,4798,9846,2899,4453,11298,12511"
14581,14581,"544,5303,2343,9693,275,5199,13346,5532,8562,9942"
14627,14627,"6971,89,1290,12665,8235,7120,8922,4798,9101,3055"
14634,14634,"6220,9942,3428,544,5184,7359,6659,13110,3950,12665"
14651,14651,"5303,4798,10326,5495,275,2140,8922,544,13346,10916"
14659,14659,"2343,5199,4798,5999,13346,9693,11357,13058,10326,4117"
14670,14670,"10326,4798,12665,217,5495,8421,9455,4277,10916,717"
14684,14684,"6220,8562,544,10429,1863,5495,4798,3428,9942,12723"
14691,14691,"4798,9730,275,13346,8922,8483,10326,9101,8562,8413"
14695,14695,"12665,1290,5303,7120,6971,2218,8413,4798,9942,89"
14705,14705,"10326,8562,4798,4277,1328,12857,217,12665,717,10916"
14711,14711,"1290,7120,10326,544,4929,4277,4798,9101,7491,13408"
14723,14723,"4798,3950,10326,8483,8562,13346,12035,12857,6971,11639"
14739,14739,"9730,11298,9101,2989,7120,1244,1290,9295,12869,10389"
14740,14740,"10326,4798,5303,8562,275,6971,12857,544,2140,8421"
14743,14743,"5495,5303,4798,12668,5199,5532,12470,10326,976,11406"
14747,14747,"10326,544,4798,8562,4277,5303,350,6220,8421,6383"
14748,14748,"9942,89,8413,6220,12665,8681,5676,5545,13249,4602"
14764,14764,"1290,8333,7120,4798,6383,2989,4929,8483,7184,12113"
14771,14771,"544,6220,9942,5495,9693,2989,11298,10429,9101,4664"
14780,14780,"4798,10326,4277,217,717,6220,8421,12857,8562,9340"
14784,14784,"4798,10326,5303,12857,544,350,6433,2140,4277,8421"
14785,14785,"9942,13110,3428,13306,9042,10916,9917,1496,6742,9800"
14798,14798,"2343,9693,1323,9532,6839,12665,11603,10835,6795,5532"
14801,14801,"544,9942,10326,4798,12665,6220,2343,5303,9693,4277"
14803,14803,"10326,4798,5303,275,544,9942,4277,6220,13346,2140"
14821,14821,"4798,5303,275,10326,13249,4277,544,12857,6326,10916"
14832,14832,"4798,8562,5495,10326,544,5199,9693,6971,2343,5303"
14833,14833,"3950,9942,4798,10326,13346,6220,3428,8562,5303,12665"
14853,14853,"4798,12665,8562,9942,7792,544,5303,13346,6971,9101"
14854,14854,"13249,8562,6220,10326,8483,4798,13346,5303,3950,2218"
14856,14856,"544,12665,6220,9942,8562,5303,10326,5495,3950,3428"
14858,14858,"10326,3950,9519,5199,5532,4798,2343,12665,11357,275"
14864,14864,"6724,9101,8984,4798,9306,544,3064,3084,1784,10326"
14867,14867,"11298,2989,9101,1244,12665,1290,7120,7679,12655,10389"
14880,14880,"7679,11298,544,2989,9101,11918,12665,8978,1244,4576"
14890,14890,"8562,13346,6220,8205,5199,4798,12665,9942,6971,6326"
14892,14892,"10326,9693,4798,544,13346,4277,12665,6220,8562,6795"
14899,14899,"11298,1290,12869,9101,1244,9730,7120,9962,7679,4664"
14904,14904,"2343,9693,6795,89,12665,5495,9942,9532,3055,2903"
14906,14906,"11298,1244,9295,7120,1290,12869,9101,3464,7679,2989"
14909,14909,"4277,350,5303,9340,6383,544,4694,50,10594,717"
14929,14929,"8562,4798,5303,6220,3950,5545,4698,9942,5495,10326"
14931,14931,"6220,1863,7707,10429,13296,4798,9101,544,8562,2058"
14938,14938,"4798,10326,3950,13249,8562,8483,10916,12857,6220,6971"
14955,14955,"10326,12665,4798,3950,5303,6220,13315,2140,6971,13346"
14961,14961,"3314,9101,2936,5645,10326,4798,9212,6659,544,8562"
14969,14969,"11298,9730,1290,7120,9101,12869,9962,7679,1244,5135"
14970,14970,"10326,4798,717,4277,217,8421,6971,544,10916,6433"
14977,14977,"12665,5495,3950,8562,5676,6220,9942,12470,8681,3870"
14991,14991,"4798,10326,5303,13346,6220,12665,8562,3870,3950,9942"
14993,14993,"4798,2291,9306,7445,176,2140,10326,9101,10462,4262"
15009,15009,"4798,12857,3950,717,13346,8483,8562,13249,10326,8421"
15014,15014,"9101,11298,9693,2989,2343,1244,544,9730,10389,8978"
15028,15028,"7120,11298,1244,9101,4929,9295,9730,2989,3464,12869"
15029,15029,"217,717,8483,10326,4277,4798,8562,10916,13249,8421"
15030,15030,"5495,8413,8562,9942,13346,8681,6220,13306,3428,6326"
15033,15033,"4798,10326,2343,13346,6971,9693,8562,10916,12857,544"
15052,15052,"544,4798,5303,8562,717,6433,275,8421,350,10916"
15062,15062,"4798,10326,13346,5303,8421,13249,6326,9942,6220,8562"
15074,15074,"9942,544,6220,9693,5303,8562,10326,1290,5495,12665"
15081,15081,"9693,13346,3950,5495,2343,13110,10326,4798,544,9942"
15082,15082,"4029,3563,2436,9101,4798,9994,544,13209,5425,10326"
15097,15097,"13346,6971,4798,8562,10326,9771,4877,9101,2140,2291"
15098,15098,"4798,10326,8562,5303,3950,13346,6220,6971,12857,275"
15107,15107,"7120,1290,1244,4929,11298,3697,9101,10663,9295,9962"
15113,15113,"10326,4798,8562,6659,275,3950,350,6220,4277,50"
15120,15120,"10326,4798,8562,3950,6220,5303,13346,10916,217,3428"
15121,15121,"4798,10326,8562,12857,12665,3950,13346,4277,6220,10916"
15122,15122,"4798,10326,8562,5303,12857,3950,13346,10916,6220,2140"
15141,15141,"350,10326,4277,217,6383,4798,275,8562,6659,7275"
15143,15143,"4798,10326,6433,6220,8562,4277,10916,1863,8421,9942"
15148,15148,"5495,3950,64,13346,2343,9693,12665,5199,544,9942"
15164,15164,"10326,9942,6220,9693,2343,12665,5303,11969,8562,5495"
15165,15165,"9942,6220,9101,544,8562,1290,12665,89,3428,8413"
15175,15175,"10326,4798,717,10916,8483,275,4277,8421,12857,5303"
15186,15186,"1290,4929,1244,9295,10663,11298,9101,5135,12030,544"
15189,15189,"10326,544,4798,6220,3950,217,4277,5303,8562,10916"
15200,15200,"10326,4798,544,6220,5303,4277,8562,9942,6971,717"
15204,15204,"10326,8562,4277,10916,4798,13346,6220,2140,9942,5610"
15205,15205,"4798,7120,1290,544,6971,2411,6220,8562,13346,12665"
15217,15217,"5199,4798,5303,8922,4266,8590,5495,8235,9101,10326"
15240,15240,"2989,12869,1244,7679,9730,11024,9101,6288,8978,7101"
15248,15248,"1863,6220,1290,10429,5495,8562,4798,9693,9101,9942"
15253,15253,"4798,10326,8562,10916,4277,2343,2140,5303,544,6433"
15256,15256,"4277,544,10326,4798,2140,350,1978,13346,7138,3950"
15260,15260,"10326,544,5303,4798,8562,2343,8421,3950,9693,13346"
15265,15265,"5495,12470,12092,11540,5199,9101,4376,4798,544,1374"
15274,15274,"13130,5251,9101,3314,4798,10233,4029,10326,544,5495"
15275,15275,"4798,5303,2140,10326,12665,7063,9101,5495,11609,13214"
15282,15282,"4798,10326,8562,2140,8483,8205,5303,5495,9580,8472"
15294,15294,"2343,9693,6795,5532,12665,2903,5199,64,4798,4388"
15304,15304,"11298,1244,1290,7120,9101,9962,9295,9730,2989,789"
15330,15330,"544,9693,10326,9101,2343,6220,275,11298,11969,4798"
15331,15331,"8562,12665,13346,3950,5495,6220,3055,8188,1323,5199"
15332,15332,"1244,11298,7120,10389,7679,9101,544,4798,2291,10326"
15339,15339,"6220,1863,10429,9942,8562,544,5976,5545,9101,4798"
15387,15387,"544,6220,1863,10429,9101,8562,275,12665,10326,5495"
15391,15391,"544,10326,275,12665,4798,6220,4277,8562,89,3950"
15396,15396,"4798,13346,10326,8562,6326,6220,12665,3870,8483,5303"
15397,15397,"6971,2218,5303,1286,7715,13315,3870,8562,5495,9942"
15421,15421,"4798,9306,2899,9693,9101,383,6648,10326,544,7383"
15427,15427,"7120,1290,7679,9730,9101,11298,544,1244,4929,11969"
15434,15434,"544,2989,11298,1244,1290,7120,10429,9693,4576,1863"
15441,15441,"5495,275,10326,4798,12665,8562,2218,9942,5303,1747"
15444,15444,"275,5303,6971,10326,6220,4798,12665,2218,9942,8413"
15457,15457,"4798,8562,3950,6220,5303,8483,10326,13346,9942,8421"
15466,15466,"8562,717,13249,217,3950,11000,4798,5303,10326,4277"
15475,15475,"8413,12857,4798,13249,3950,5676,5495,8483,5303,10326"
15483,15483,"11298,9101,7679,9295,1290,2989,9730,12665,7120,7669"
15487,15487,"12665,8483,8235,5875,89,7024,4798,9101,12662,544"
15500,15500,"2140,275,7063,9771,4798,4877,9101,10326,5495,7439"
15511,15511,"6220,9942,2343,9532,4798,9693,10326,12339,1244,2822"
15515,15515,"8562,3950,6220,4798,2218,10326,13346,5545,8681,89"
15519,15519,"4798,12665,8562,6971,13346,5303,9942,275,844,8235"
15534,15534,"9693,2343,8413,5303,2537,6834,9942,4605,5495,9101"
15545,15545,"7120,11298,9101,1290,12869,10137,2989,4576,1779,9295"
15553,15553,"9730,9693,7679,2343,2989,544,12869,9101,11298,7342"
15556,15556,"5495,8413,12470,5303,8483,8562,3950,2218,6220,12099"
15564,15564,"4798,13249,12857,6326,13346,6433,3950,10916,10326,7063"
15567,15567,"7120,1290,11298,7669,1244,12869,9101,9730,4929,7679"
15582,15582,"12857,4798,6433,8562,6326,5676,10916,217,9602,10326"
15585,15585,"10326,4798,4277,5303,717,12857,8421,8483,8562,6433"
15587,15587,"8562,8413,3950,5303,6220,5495,13346,10916,8483,2218"
15589,15589,"5303,8483,6971,4798,10326,2140,275,11000,8562,5495"
15590,15590,"9693,5495,6795,3428,12665,2537,64,5532,6834,13315"
15595,15595,"3055,10326,6522,7526,6232,11691,9101,10002,4798,7832"
15611,15611,"11298,1244,9101,9730,9295,3697,12869,9962,2916,2989"
15613,15613,"3950,13346,9942,4798,3428,10326,6220,12665,8562,5495"
15632,15632,"10326,8562,13346,5303,12665,8483,544,4277,6220,275"
15633,15633,"10326,544,5303,4277,350,9072,13249,4798,275,12665"
15639,15639,"4798,5303,6971,8483,10326,3950,8421,5495,6220,2905"
15648,15648,"10326,4798,217,717,4277,10916,544,6971,12857,8562"
15652,15652,"4798,10326,275,8483,9340,350,8205,6383,10916,8421"
15683,15683,"9942,6220,3428,5545,8562,8413,6659,2218,8188,544"
15688,15688,"9942,5495,8562,6220,3428,5676,3950,12665,5303,7359"
15703,15703,"8413,9942,3950,4413,4798,8562,9101,10340,5495,544"
15708,15708,"3950,2218,4213,2724,5879,6111,141,6971,9101,2385"
15714,15714,"4798,10326,8562,544,8483,717,217,12857,10916,3950"
15719,15719,"4798,4277,10326,10916,12857,6433,8562,350,10594,13346"
15727,15727,"8413,1230,8562,844,12665,4798,10326,9101,2199,8922"
15728,15728,"7120,1290,4929,12030,5573,4387,10663,9101,4798,544"
15735,15735,"4798,10326,8562,275,8483,5303,4277,8421,12665,8590"
15736,15736,"5495,8562,3950,31,1328,9942,1355,12665,4798,5676"
15739,15739,"7120,1290,9295,2989,1244,6288,8978,9101,12869,3464"
15742,15742,"9942,3950,4798,6220,8413,12857,10326,89,8562,5303"
15764,15764,"350,50,9178,1978,8562,9234,12226,4798,4277,9101"
15773,15773,"10326,4798,5495,10916,13346,12857,2140,8562,13249,3950"
15774,15774,"7669,11298,7120,1290,6591,9730,12869,9295,9101,2989"
15786,15786,"11298,9101,1290,544,9730,7120,12995,12903,12869,10137"
15789,15789,"12857,4277,10326,9105,217,717,8421,350,6433,8483"
15796,15796,"9942,9693,2343,6220,10326,3428,12665,9072,544,3950"
15800,15800,"5495,8562,12470,2218,12099,12668,8483,8413,10326,4798"
15802,15802,"9101,7120,1290,1244,11298,9730,544,9295,9693,2343"
15812,15812,"10326,4798,5303,544,8562,4277,350,8421,2140,217"
15815,15815,"5303,3870,8503,11320,10154,544,4798,10326,12636,9101"
15828,15828,"8562,10326,6220,12665,13346,13249,9942,6659,6433,544"
15831,15831,"11298,7679,1244,4664,1779,7265,9101,5495,544,4798"
15840,15840,"10326,717,350,4277,275,544,9340,10594,217,12404"
15845,15845,"4798,8562,13346,10326,12857,3950,8413,9942,6326,3870"
15847,15847,"8413,2218,5461,5495,6220,232,10799,7485,9101,3361"
15856,15856,"4798,10326,8562,12857,10916,6971,5303,8421,13346,6326"
15861,15861,"12869,11298,4163,2957,9101,1558,9962,1244,4688,1290"
15862,15862,"7120,1290,9101,11298,1244,544,9730,7679,9962,12869"
15871,15871,"5495,8413,12470,8562,13315,8188,7707,2218,1355,5184"
15872,15872,"8562,3950,8413,13346,8421,10326,4798,5495,3055,8205"
15883,15883,"7120,1290,11298,9295,9101,1244,2989,9730,544,4929"
15886,15886,"544,1863,2343,10429,8562,6220,5976,9101,5495,2327"
15888,15888,"9942,12665,6220,5303,544,10326,3950,3428,6971,2343"
15898,15898,"4798,4277,10326,6220,8421,8562,13346,3870,10916,3950"
15919,15919,"4798,50,6795,10326,64,6326,4416,12665,8198,5495"
15922,15922,"7120,1290,11298,4929,3697,1244,9295,5135,9101,13309"
15931,15931,"544,9693,7120,5251,11315,10743,1290,9101,10233,589"
15941,15941,"8562,6220,9942,8188,3950,5495,3428,10429,12665,1863"
15943,15943,"4798,10594,12857,10916,10326,8421,220,8161,5303,8022"
15956,15956,"10326,4798,6220,8562,3950,12665,5303,275,6971,13315"
15958,15958,"7120,1290,544,6220,5303,275,4798,89,6971,10326"
15960,15960,"8413,2343,5303,4798,10326,6795,9693,2140,810,6220"
15973,15973,"3222,11298,4890,9101,5979,4545,12330,7605,6601,8790"
15977,15977,"7120,1290,11298,1244,9101,4929,9962,9295,3697,9730"
15994,15994,"8562,89,13110,7359,3950,4413,861,7723,5495,12665"
15995,15995,"7120,1290,1244,9730,11298,4929,9101,3697,6971,9962"
15996,15996,"6220,3950,13346,9942,5545,10326,8562,4798,5303,9990"
15999,15999,"6220,3950,4798,2140,8562,220,8483,11572,10006,237"
16060,16060,"4798,1290,7120,10326,6971,12665,5303,544,6220,8562"
16069,16069,"4798,3950,8483,217,13346,717,10326,13249,2218,1978"
16076,16076,"9101,11298,2989,544,9730,7120,1290,1244,12869,7679"
16085,16085,"12191,6383,10326,5495,4798,9101,7480,544,8562,6306"
16089,16089,"8562,4798,8703,9668,8922,9101,7637,10326,544,2140"
16097,16097,"10326,4798,544,4277,8562,5303,10916,10594,13346,217"
16112,16112,"13315,6326,3950,217,13110,9942,544,12857,12152,3428"
16116,16116,"4798,10916,12857,10326,8483,8562,9953,9101,717,544"
16137,16137,"275,8483,4798,5303,4277,350,10326,217,6383,717"
16150,16150,"717,3950,217,1328,7087,8421,6528,8483,8562,6659"
16174,16174,"3428,3950,9942,8413,13110,1325,4413,12575,12665,9101"
16176,16176,"8413,3950,1889,8562,4173,5078,11910,2903,9101,11262"
16210,16210,"7120,1290,4929,1244,9962,11298,9101,544,10663,789"
16212,16212,"4798,10326,8562,3950,12665,13346,5303,12857,10916,217"
16230,16230,"10326,4798,8562,5303,3950,4277,9072,6220,9942,2218"
16245,16245,"10326,4277,544,4798,217,1328,8562,350,6433,717"
16293,16293,"8562,3950,4798,13346,6220,13249,10326,5303,12857,11000"
16299,16299,"7120,11298,1290,9295,9730,9101,1244,1779,7679,3697"
16300,16300,"10429,1863,7706,589,9101,544,3542,11233,4798,8188"
16303,16303,"10916,12857,8562,3950,10326,10869,2448,4798,4277,8205"
16305,16305,"11298,7120,1290,89,12869,9101,6971,2989,12665,4576"
16314,16314,"4798,8562,10326,4277,5303,12857,6433,544,13346,13249"
16328,16328,"4798,12857,8562,10326,11540,652,3458,13346,2140,9101"
16340,16340,"9101,1290,7120,11298,544,1244,9962,12869,10326,2989"
16351,16351,"10326,9942,1328,544,8483,10869,3428,6659,5184,4277"
16363,16363,"4798,5495,11969,2343,10326,9693,5303,6220,544,9942"
16376,16376,"4798,5303,6971,10326,7063,2140,6433,8413,8483,37"
16387,16387,"12857,4798,10916,6433,10326,8421,6326,4277,13346,9404"
16395,16395,"4798,10326,8562,6220,544,3428,5545,5303,3950,9942"
16414,16414,"8562,4798,6971,810,6220,10326,12665,5303,7707,3870"
16416,16416,"8413,7715,9454,9101,10506,8452,4798,5495,544,3506"
16418,16418,"5303,10326,89,6971,12665,6220,2218,8205,5495,9072"
16471,16471,"2989,11298,7120,1290,9101,1244,544,12655,9730,12869"
16489,16489,"8562,4798,10326,8413,12857,3950,6326,5495,4413,12665"
16497,16497,"2343,9693,6795,5199,5532,12665,5303,9101,10835,5495"
16509,16509,"5303,2140,2218,275,544,6971,4277,8562,810,8421"
16510,16510,"9942,3950,13346,5303,8413,6220,2218,4798,12665,5545"
16521,16521,"11298,1244,9730,1290,7120,9101,2989,4664,10389,11024"
16524,16524,"9101,10352,12824,4798,544,8540,10326,840,5495,12665"
16582,16582,"5303,13408,7136,3275,544,1926,5495,8483,9101,12253"
16592,16592,"9693,2343,1290,8562,6220,544,10326,1863,7120,5303"
16604,16604,"11298,7120,1290,7679,9101,9730,12655,2989,544,12869"
16605,16605,"9101,11298,7120,1290,544,1244,12665,9942,8978,9730"
16617,16617,"11298,9101,2989,7679,1290,1244,11024,12869,9730,7120"
16622,16622,"11298,9101,2989,1244,12869,7679,4576,9730,9156,11918"
16624,16624,"6220,8562,3428,4798,3950,10869,2140,7238,9942,8413"
16628,16628,"3950,11484,11406,6646,2903,13380,4798,9101,8483,8562"
16633,16633,"7120,1290,1244,4929,11298,9101,544,6971,2989,4798"
16646,16646,"10429,8562,544,5495,8981,10326,9083,13269,7707,9101"
16651,16651,"10326,5495,13346,4798,8562,12857,13249,50,13408,6433"
16654,16654,"10326,4798,13346,8483,10916,8562,6971,5495,8421,6326"
16673,16673,"8562,5303,9942,3950,8413,4798,2218,12857,11000,6220"
16675,16675,"10326,4798,8562,6220,13346,9942,3950,4277,6326,8413"
16677,16677,"6971,9693,2343,5303,5199,12665,4798,2218,3950,5532"
16679,16679,"8413,275,13375,4798,5303,1889,11540,8562,1267,3416"
16686,16686,"11298,1290,7120,9730,1244,9101,1779,9962,544,1576"
16695,16695,"4798,10326,3950,5303,4277,8562,12857,10594,8421,2140"
16704,16704,"3428,8562,8413,3950,13346,12153,9942,5676,275,5495"
16709,16709,"9942,12665,13346,6220,5495,3950,1220,12470,5545,8562"
16773,16773,"4798,10326,5303,6433,12857,8483,4277,6326,13346,3950"
16774,16774,"10326,8562,12857,1889,3950,8421,13249,4798,2218,13346"
16797,16797,"3950,9942,6220,3428,8562,13110,12665,8681,13306,13346"
16803,16803,"2140,7063,4798,8562,6751,9101,10326,4014,544,11871"
16804,16804,"4798,10326,10916,4277,12857,13346,5303,6433,3950,8483"
16806,16806,"8562,4798,6220,544,10326,5303,12665,5495,8188,2140"
16810,16810,"3950,9942,8413,3428,13346,12934,6220,220,8562,11506"
16836,16836,"6433,350,4277,10326,544,581,8793,2140,6383,9423"
16844,16844,"5495,13306,4266,8246,9101,4798,544,11774,10326,13271"
16861,16861,"1244,11298,1290,12869,7120,4163,9101,2957,1558,9962"
16875,16875,"4798,10326,5303,13346,6971,8562,2218,8483,2140,3950"
16936,16936,"4798,10326,13346,3950,12857,8562,10916,5303,4277,717"
16946,16946,"4798,217,12857,10326,5303,13346,3950,8562,717,1328"
16965,16965,"4798,10326,5303,3950,6220,275,13346,8562,2140,12857"
16987,16987,"4798,10326,5303,6971,8562,2140,12857,275,8421,8205"
16988,16988,"6971,5875,8922,12665,2343,89,6529,4798,7024,9101"
16989,16989,"8562,4798,10326,3950,6220,12665,5303,9942,8413,13346"
17007,17007,"10326,275,6971,4798,5303,9942,9602,8562,9668,4101"
17016,17016,"10326,4798,3950,6220,5461,8562,5495,9942,10916,13346"
17030,17030,"4798,13408,10326,6624,9101,2291,9744,2370,544,6370"
17034,17034,"4798,10326,13346,8562,3950,10916,8483,4277,12857,5303"
17054,17054,"5303,12857,13346,2140,10594,4798,10326,10916,3458,8562"
17056,17056,"12857,1328,4798,10326,13346,350,8483,6326,6383,9101"
17084,17084,"10326,12665,5495,4798,5303,2218,3950,8413,544,8562"
17098,17098,"544,5495,5303,12470,12665,4277,10326,9101,275,2343"
17102,17102,"4798,10326,5303,6971,3950,275,2140,8205,8590,8421"
17109,17109,"3950,11572,1788,782,9101,9908,4798,544,5495,10326"
17112,17112,"544,4798,10326,275,7120,1290,6971,2218,6220,9942"
17119,17119,"4798,10326,6971,5303,2343,9942,9101,6795,11000,544"
17124,17124,"5303,6220,10326,9942,8562,2218,8413,12665,5495,3950"
17141,17141,"4798,10326,544,6971,5303,9693,2343,5495,13346,6220"
17160,17160,"8483,7679,4277,7669,217,12665,9101,544,12869,13408"
17179,17179,"8483,8413,3950,8562,4798,2218,13346,3870,6220,9942"
17189,17189,"4277,717,217,6433,8421,3950,9105,544,10326,350"
17191,17191,"8562,5495,8981,8413,10326,5149,4798,9101,544,9942"
17194,17194,"8562,12857,5495,10326,8421,4798,11000,544,3950,8483"
17195,17195,"5199,5495,5532,2903,5999,9693,11357,544,2343,5461"
17200,17200,"11298,7120,1290,9101,2989,1244,544,12869,4576,10389"
17212,17212,"6220,3428,3950,8413,6659,10326,13306,5184,5303,5545"
17218,17218,"2343,9693,10326,5495,544,5199,9532,6220,12665,6383"
17232,17232,"8562,8413,217,3950,12857,8483,50,717,6326,6270"
17242,17242,"4798,10326,8562,4277,12857,544,717,10916,275,217"
17255,17255,"8413,3950,8562,9942,6220,3428,4798,4413,12665,9101"
17262,17262,"11298,1244,1290,7120,9101,12869,7679,2989,9730,10607"
17275,17275,"8562,6220,12665,3950,13110,4798,5545,5495,9942,3428"
17276,17276,"4277,6220,5303,3950,8562,13346,8483,4798,9234,2140"
17278,17278,"1863,10429,544,9101,4250,7706,4798,9083,9693,589"
17283,17283,"4798,10326,8562,9942,5303,544,6971,12665,1220,6220"
17284,17284,"11000,8483,3282,5495,10326,8421,1978,13346,5999,717"
17295,17295,"544,10326,6220,4277,9942,6433,217,3428,3950,8421"
17298,17298,"544,2989,11298,9101,1290,1244,7120,12869,7679,9730"
17319,17319,"9942,3428,6220,8562,3950,10326,544,7359,13306,4798"
17320,17320,"544,9101,11298,7679,3148,2989,1244,8978,11918,10137"
17325,17325,"9693,12665,8483,13346,6795,544,89,5303,4798,10326"
17330,17330,"1290,5875,7024,8235,9101,4798,544,10963,13191,7120"
17334,17334,"2989,9101,1244,12869,9730,1290,3704,7679,9962,7120"
17346,17346,"6220,9693,2343,12665,8483,9942,8562,4798,13346,12058"
17352,17352,"10326,6971,5303,3950,2218,4798,9693,12665,10916,9942"
17353,17353,"7120,1290,9962,4929,6220,789,1244,5135,1863,9101"
17396,17396,"10326,4798,8562,5303,8205,12857,6433,2140,3950,10916"
17408,17408,"544,10326,4277,4798,5303,3950,12857,8483,8421,810"
17414,17414,"8562,6220,3950,5303,6302,10326,5545,9942,12665,5676"
17422,17422,"4163,7679,7889,7089,2957,217,10981,9101,12022,12262"
17424,17424,"10326,4798,4277,6383,3950,8562,8483,8092,2140,8421"
17427,17427,"7120,9962,789,5135,2339,4929,13027,9101,1290,13309"
17432,17432,"8562,217,4798,3950,10326,13346,6326,8421,8413,717"
17434,17434,"10326,5303,6971,4798,12857,9404,2140,2343,1286,1912"
17439,17439,"9942,8562,6220,12665,3428,3950,4798,5495,8413,13249"
17442,17442,"8562,544,6220,9942,2343,5495,5303,4798,10326,12665"
17449,17449,"4798,8562,10326,13346,3950,12665,9942,6326,8483,11540"
17472,17472,"9693,5461,5199,5495,12665,5532,544,10326,3950,2905"
17509,17509,"11298,9101,544,1244,1290,7120,2989,9295,10389,4664"
17522,17522,"9942,4413,89,931,8235,3055,1742,4602,4798,434"
17527,17527,"5303,2140,10326,12857,4798,1912,7063,2291,12369,12733"
17535,17535,"7120,1290,7679,1244,11298,9295,9730,7342,9101,2989"
17540,17540,"8562,4798,10326,3950,2140,5303,4277,7063,8421,13249"
17541,17541,"11298,9101,1244,1290,2989,9730,4929,7679,4664,9295"
17551,17551,"10326,5303,4798,8562,11000,31,8421,6220,4277,717"
17564,17564,"10326,8421,4798,12857,8562,6311,717,6899,2815,9101"
17565,17565,"350,10326,4798,12191,9101,544,5495,6306,12665,9942"
17581,17581,"10326,8483,12857,4277,8562,10916,13346,4798,3950,2218"
17596,17596,"6220,275,6971,89,4277,3950,10326,5303,8562,11000"
17601,17601,"3950,8562,8413,9942,4413,4798,7723,9799,13346,3106"
17611,17611,"13346,275,9942,8562,8413,10326,10916,6220,12665,5303"
17612,17612,"10326,6659,217,1355,9942,8562,3428,3950,4798,350"
17620,17620,"8413,5495,12665,8188,3950,5199,6220,1286,2343,1355"
17627,17627,"9693,2343,6795,5495,13315,5532,2537,1220,64,6834"
17634,17634,"1863,8562,8981,9083,13269,9101,5149,544,7706,4798"
17649,17649,"10326,8562,544,4798,4277,6220,3950,350,5303,13346"
17654,17654,"8562,3950,12665,13346,2343,8092,4798,2218,9105,8483"
17659,17659,"4798,10326,8562,9668,8981,9101,5495,7637,544,8703"
17666,17666,"7120,544,1290,3950,6220,12665,4929,4798,9101,89"
17674,17674,"11000,8483,5495,4798,851,7916,8132,11843,5006,9711"
17684,17684,"544,10326,4798,12665,350,6383,1328,8421,652,217"
17708,17708,"10326,8562,5303,3507,6433,4798,2218,12857,1681,13346"
17709,17709,"8483,6220,10326,3950,8562,3428,13346,5495,4798,4654"
17741,17741,"4798,6971,10326,5303,12665,8562,11622,2218,13346,3950"
17752,17752,"6307,9375,9101,1213,4798,6060,544,8911,5495,10326"
17765,17765,"2343,89,12665,6220,6795,4798,3950,2537,9942,1220"
17770,17770,"8703,7637,9101,4798,6938,5342,544,10326,5495,12665"
17814,17814,"6220,2218,5676,544,5495,1220,3950,10326,8562,4798"
17818,17818,"1244,350,544,9942,7120,8189,5866,10987,146,275"
17822,17822,"1290,7120,8302,2286,11117,12030,2784,9101,2339,4798"
17826,17826,"4798,8562,10326,544,4277,275,10916,12857,10594,8421"
17827,17827,"11298,1244,7120,1290,2989,9101,7679,9730,10389,4576"
17840,17840,"10326,8188,5495,6220,2218,4798,8562,10429,8981,1856"
17843,17843,"8413,2218,5495,9942,544,12470,5676,13310,3870,4798"
17864,17864,"4798,9984,8483,5461,6639,5495,6433,3950,12785,6461"
17871,17871,"8188,10429,1863,5149,8981,9101,4798,1487,544,8703"
17881,17881,"12665,544,3950,4277,2218,10326,4798,5303,9693,2343"
17928,17928,"10326,8562,4798,12665,544,6220,8421,8413,5303,6433"
17931,17931,"9375,9101,4798,544,10326,5495,5494,7220,7721,6307"
17933,17933,"8413,3950,5303,2343,2903,8562,6220,2218,544,9942"
17953,17953,"544,5495,10326,5303,4798,12665,8413,6220,2218,5199"
17970,17970,"9942,3950,13346,6220,5545,12665,931,89,4413,64"
17977,17977,"4798,10326,8562,5303,3950,8483,12665,13315,6659,13249"
17982,17982,"9962,9101,1290,7120,1244,11298,12869,544,7817,10644"
17995,17995,"1290,6971,7120,8302,12030,4798,9101,2286,544,2339"
18002,18002,"10326,5303,12857,4798,717,10594,8421,10916,9340,6971"
18006,18006,"6659,10429,9107,9101,2869,4798,1863,544,10378,5495"
18023,18023,"10326,5303,275,4277,6971,6220,13346,2140,544,6433"
18024,18024,"4798,7439,5747,4877,10326,9771,9101,544,2291,5495"
18047,18047,"6220,2343,9942,6795,5545,9693,4602,3428,3950,12665"
18050,18050,"9942,275,4798,5303,2218,544,6971,6220,12665,3950"
18078,18078,"10326,4798,13346,5303,8562,8421,10916,6971,4277,8483"
18086,18086,"7120,1290,4798,6971,544,9101,9962,4929,1244,9295"
18093,18093,"7120,11298,1290,1244,9101,4929,4163,9730,12869,3464"
18115,18115,"10326,4798,3950,4277,12857,8421,717,10594,10916,10568"
18122,18122,"1290,8981,7120,10429,5149,2218,12723,11615,9101,4798"
18124,18124,"10326,4798,5303,6971,2343,544,1747,1220,2140,8413"
18127,18127,"7120,1290,1244,11298,9101,4929,9295,12869,9730,9962"
18133,18133,"8562,10326,3950,13346,12857,6220,3428,4798,10916,4277"
18148,18148,"2218,3950,5199,8562,9942,544,5495,4199,2905,8505"
18155,18155,"9693,13346,2343,275,12378,2867,544,64,9942,6503"
18158,18158,"11298,2989,8978,7679,12655,9101,12995,4576,11918,11024"
18166,18166,"10326,10568,4798,3950,544,9178,2140,4277,5303,64"
18167,18167,"10326,5461,4277,9072,6433,544,2218,9404,275,9942"
18169,18169,"2140,12470,9306,10954,6724,5495,9101,8984,4798,10326"
18175,18175,"9693,12665,6971,5303,4798,7024,10326,5532,9532,5495"
18178,18178,"8562,3950,4798,8413,10326,13346,12665,6220,5495,11540"
18214,18214,"7120,11298,1290,9730,1244,9101,4929,12869,2989,7679"
18217,18217,"8562,12665,3950,275,10326,5303,5495,4798,13346,544"
18226,18226,"7120,11298,9101,1290,12869,10137,2989,4576,1779,9295"
18229,18229,"6971,5303,4798,2140,8413,4915,5495,9101,6418,8483"
18236,18236,"8793,4049,9546,2905,7063,6341,8999,9119,9101,4798"
18240,18240,"9942,3950,6220,6659,12665,3428,89,5545,5495,13110"
18262,18262,"9942,6220,544,8562,3950,3428,5303,12665,10326,2411"
18266,18266,"11298,1290,1244,9101,2989,544,8978,9730,7679,12869"
18272,18272,"4798,8562,5303,13346,3950,12665,6220,8413,10326,6326"
18292,18292,"8562,4798,3950,5303,6220,10326,8413,13346,9942,4277"
18299,18299,"544,10326,9942,275,6220,3428,8562,4277,12665,3950"
18321,18321,"6525,8265,4860,6952,9101,4798,12424,7707,4560,544"
18338,18338,"8562,3950,6220,5303,10326,13346,544,9942,2343,4798"
18339,18339,"10326,4798,4277,10916,8483,5303,350,12857,10594,6383"
18341,18341,"8562,4798,13346,5303,10326,8413,2140,8483,9101,544"
18355,18355,"7120,1290,9295,11298,9730,1244,4929,9101,3697,2989"
18364,18364,"544,7120,1290,1244,9101,11298,6971,2903,5199,2989"
18368,18368,"4798,10326,8562,12665,12857,6326,3950,13346,6971,6220"
18393,18393,"4798,10326,2343,5303,9693,6971,13346,8562,2140,1220"
18409,18409,"3950,4277,217,8562,717,275,5676,4798,12665,8885"
18434,18434,"10326,4798,12857,5303,6433,10916,10594,544,3950,717"
18440,18440,"9942,13346,4798,8562,8413,3950,6220,5545,12470,5495"
18446,18446,"10326,9693,12665,4798,2343,6220,4277,3950,5303,11969"
18467,18467,"9942,4798,8562,275,1220,2140,13346,3507,2343,10326"
18475,18475,"6220,9295,2218,1290,9942,8188,7120,1355,12665,13310"
18487,18487,"10326,4798,6220,8562,3950,4277,13346,5495,8421,544"
18489,18489,"544,10326,4798,9693,4277,350,2343,5303,12665,9101"
18499,18499,"12857,8205,13259,4277,4798,4949,10326,3296,6335,9101"
18505,18505,"4798,10326,8562,3950,13346,6220,12857,275,5676,12665"
18525,18525,"10326,4798,8421,8562,4277,12857,5303,10594,10916,6433"
18530,18530,"10326,4798,8421,10594,6971,13346,12857,10916,851,9101"
18539,18539,"1290,1863,544,9101,7120,10429,4798,589,7637,9668"
18546,18546,"9693,10326,2343,544,12665,64,6795,89,6220,4798"
18579,18579,"10326,9942,8562,13346,3950,4277,4798,2411,6220,13249"
18585,18585,"2343,9693,5199,5532,6795,64,12665,2903,5495,10835"
18595,18595,"544,8562,10326,5303,50,4277,6220,6433,3950,10916"
18648,18648,"6433,11000,4798,3950,717,8483,13346,217,1220,10326"
18679,18679,"8562,3950,8413,12665,13346,6220,9942,3428,5495,5875"
18683,18683,"8562,6220,2343,8188,544,5495,10326,9693,275,9101"
18687,18687,"7120,11298,1290,9101,1244,9730,7679,4929,9295,2989"
18718,18718,"8562,12665,4798,544,6220,10326,5303,6971,275,6433"
18741,18741,"3950,8413,4798,5495,8562,11622,6982,9101,13346,544"
18760,18760,"11298,1290,7120,9295,6971,9101,89,9730,2989,12665"
18771,18771,"8562,6220,3950,12665,4277,13346,4798,3428,10326,13110"
18787,18787,"10326,4798,275,4277,10916,8421,5303,2140,6433,6971"
18788,18788,"8413,4798,12857,13346,2218,8562,8483,3950,4323,10326"
18789,18789,"8562,2343,13346,12857,10326,544,9693,3127,7484,275"
18798,18798,"3950,9942,6220,8562,1323,13346,3428,12665,5495,4798"
18800,18800,"10326,9942,544,11287,847,12665,4177,9101,9641,4798"
18805,18805,"8413,3950,8562,9942,11772,4413,8681,5495,8188,11622"
18806,18806,"11298,7120,9101,1244,9730,12869,9962,4929,789,4664"
18812,18812,"8413,6971,6220,12665,5303,4798,9942,10326,8562,2218"
18818,18818,"6659,1328,2875,10326,4798,9101,5495,6528,544,8483"
18830,18830,"5303,4798,3950,8562,13346,10916,10326,6971,2140,4413"
18835,18835,"1244,7120,9101,1290,2989,12665,4798,6971,6220,9942"
18839,18839,"5495,1355,12470,5549,10410,3885,662,5836,9101,544"
18851,18851,"8413,1747,4798,560,7444,9942,9101,3105,6220,1007"
18854,18854,"4798,10326,6971,8562,5303,8205,10916,12857,13346,8483"
18864,18864,"10326,4798,3950,4277,217,13346,8562,717,10916,544"
18865,18865,"7063,10429,5495,544,8981,4798,9101,1863,12665,8703"
18874,18874,"544,11298,9101,1290,7120,12869,1244,2989,4664,9730"
18875,18875,"4798,10326,12857,3950,5495,8562,5303,10916,2903,2905"
18879,18879,"7669,9101,7679,11554,3464,8978,12869,11298,275,544"
18882,18882,"544,9730,9101,11298,2989,12869,6220,1290,12665,4664"
18895,18895,"3950,12665,6220,13306,13346,2218,9942,8235,3055,8413"
18903,18903,"10326,4798,5303,275,4277,13346,12665,10916,64,6433"
18913,18913,"10326,4798,2343,9693,13346,8562,10916,4277,544,64"
18934,18934,"7120,1290,1244,11298,544,9101,4929,9962,12869,9730"
18935,18935,"1290,6971,7120,8590,5532,2903,9693,5199,10326,9942"
18981,18981,"12665,9942,6220,8562,6971,10916,7792,5303,544,4798"
18985,18985,"13346,4798,9693,6971,10326,8562,275,544,6220,8421"
18987,18987,"9295,2916,12030,6243,9101,4798,13101,8567,544,12497"
18990,18990,"10326,4277,5303,8562,13346,6220,4798,10568,10916,9072"
18996,18996,"4798,3950,10326,2218,8562,6326,8413,5303,13097,9733"
19010,19010,"10326,4798,4277,10916,544,5303,8421,6433,8562,217"
19016,19016,"9101,7120,12869,1290,9730,2989,11298,9438,9295,3464"
19018,19018,"8483,13346,1328,4798,9373,6383,1010,473,11193,9101"
19029,19029,"4798,10326,5303,275,8483,8421,8413,2140,8562,12857"
19060,19060,"6220,7679,4654,5545,9101,1355,9693,12665,5676,8823"
19069,19069,"7120,1290,1244,544,11298,5303,4929,9730,2989,12869"
19084,19084,"4798,10326,8562,5303,4277,12857,13346,10916,6433,12665"
19086,19086,"7120,9101,2989,1290,1244,6220,11969,12869,12665,9693"
19105,19105,"7120,1290,9295,4929,3697,9101,3464,10663,2916,6591"
19110,19110,"1244,11298,1290,7120,9101,12869,2989,9295,9962,544"
19135,19135,"10326,1081,4832,8540,9101,544,4798,8054,350,10352"
19144,19144,"8413,8562,5303,10326,544,4277,6220,3950,4798,8483"
19154,19154,"13249,5461,5495,220,6982,3585,4798,9800,2910,11622"
19168,19168,"8562,10326,4798,3950,4277,12857,6220,10916,12665,5303"
19173,19173,"1290,7120,2218,4929,5495,4798,5303,5573,4387,9101"
19187,19187,"1290,7120,9101,1863,4798,1487,7637,10326,2058,544"
19216,19216,"3950,6659,227,11484,13159,8562,9101,4798,12539,5495"
19227,19227,"5676,9942,9693,3428,5495,8413,2343,6795,12470,12665"
19231,19231,"4798,10326,3950,8483,5303,10916,13346,9942,8421,12665"
19234,19234,"11298,2989,1244,7679,9101,9730,7120,1290,1779,544"
19255,19255,"10326,4798,5303,6220,3950,6971,9942,2218,2140,12665"
19258,19258,"5495,3950,8413,12470,8205,2580,9942,4798,9101,12309"
19266,19266,"1290,7120,5303,6971,4798,4929,10326,9295,544,9942"
19296,19296,"13346,4798,8562,6795,2537,6971,64,5532,6834,12665"
19297,19297,"6659,9101,4798,6383,544,10326,5495,5303,8562,12665"
19308,19308,"3950,844,3055,4602,8235,5414,9101,4798,8562,11406"
19323,19323,"10326,1328,4798,9101,544,6391,5495,12665,8562,7480"
19346,19346,"10326,4798,5303,6220,6971,544,4277,12665,2218,8421"
19347,19347,"7120,4929,4798,12665,6220,3950,9942,6971,9101,10326"
19360,19360,"1290,7120,9295,9101,8554,8302,12133,9693,4798,544"
19364,19364,"7669,3464,7679,2989,11298,2709,9101,4940,11554,4163"
19378,19378,"4798,3950,12857,13346,8562,10326,8483,10916,5642,6326"
19379,19379,"4798,8562,5303,13408,10326,5495,1220,9942,10916,6971"
19380,19380,"10326,5303,4277,12857,4798,8562,544,11969,8483,10916"
19381,19381,"10326,4798,8562,4277,12857,10916,5303,8421,10594,6433"
19384,19384,"8562,10326,10568,8421,3950,6220,4798,4277,12665,717"
19385,19385,"4798,8562,13346,6220,3950,10326,6326,2218,12665,8483"
19388,19388,"7120,1290,11298,2989,9101,12869,1244,9295,4929,9730"
19406,19406,"4798,10326,5303,275,544,12857,4277,6433,8562,13346"
19408,19408,"5199,5495,5532,9693,2343,2903,4053,5999,11357,10326"
19415,19415,"11298,544,7120,1244,1290,3148,8978,2989,9730,12655"
19417,19417,"13346,12665,64,4798,3950,6220,6971,10326,9942,5303"
19434,19434,"9693,2343,64,2989,9730,2537,544,11298,7679,9101"
19441,19441,"10326,4798,12857,4277,5303,10916,8562,3950,8421,717"
19461,19461,"7120,1290,1244,544,4929,9101,11298,10663,4576,9730"
19474,19474,"3950,9942,6220,12665,13346,8562,89,2218,8413,5199"
19477,19477,"7120,1290,350,6957,11682,8483,5409,2907,4798,9938"
19484,19484,"2989,11298,9101,1244,8978,7679,544,12869,12655,4664"
19502,19502,"5495,12099,12665,7707,544,5676,12470,8562,566,6659"
19503,19503,"6220,544,5303,3428,10326,4277,6971,4798,714,275"
19512,19512,"3428,50,13346,3950,8562,8483,10326,4798,2411,13110"
19515,19515,"975,9942,9693,8235,3016,5875,2255,7024,9637,9247"
19518,19518,"7120,2989,1290,9730,9101,4929,6220,1747,2218,9295"
19530,19530,"10326,8562,6220,4798,5303,6971,2218,13346,544,2140"
19559,19559,"9101,7120,11298,12665,9730,1290,12869,1244,6971,544"
19576,19576,"13346,4798,5875,6971,8235,8922,7024,1746,10326,9101"
19586,19586,"9693,2343,9942,64,3127,5495,6795,13235,2903,4798"
19594,19594,"12665,1290,544,10326,89,4798,9101,7120,8379,8235"
19605,19605,"10429,2327,1863,9570,5976,9101,544,12665,4798,12606"
19618,19618,"3950,10326,9404,2218,6971,5303,5199,4798,12665,8562"
19620,19620,"4798,8562,5303,8413,10326,6971,844,2140,3515,2199"
19623,19623,"3428,4277,350,13249,9340,8562,10916,11222,3950,13346"
19628,19628,"10326,4798,3950,4277,217,8421,5495,13346,8562,5199"
19631,19631,"7120,1244,4929,12655,9101,11298,544,2989,4664,7679"
19642,19642,"5495,12665,9693,2343,3950,10326,9942,5199,5676,6220"
19644,19644,"2140,7063,4798,9306,2291,2218,10697,8402,9101,10326"
19648,19648,"7679,1355,11298,5495,2969,3742,7120,9101,337,544"
19665,19665,"8562,10594,12665,4798,2777,6433,1319,11639,10326,9101"
19683,19683,"1290,11298,9101,7679,1244,544,9730,2989,3464,12869"
19684,19684,"4277,10594,8562,4323,9455,717,8421,3568,217,11788"
19693,19693,"10326,4798,4277,9340,11000,217,13249,8421,12857,544"
19696,19696,"4798,10326,5303,3950,8413,6971,12857,6433,13346,275"
19707,19707,"4798,10326,5303,12857,3950,6971,8421,717,4277,8483"
19715,19715,"9693,2343,64,6220,9942,5495,4798,5532,13346,5199"
19716,19716,"7120,1290,1244,4929,9101,11298,3697,13309,544,10336"
19729,19729,"4798,1290,7120,8562,6220,5303,10326,6971,9942,2140"
19734,19734,"10326,5303,13346,8562,4798,12857,5495,10594,3950,10916"
19758,19758,"3950,13346,5460,9786,12632,9101,8562,3799,1233,7053"
19764,19764,"8562,4798,5303,10326,2343,6220,6971,13346,275,6433"
19773,19773,"11298,1290,9101,544,1244,9730,2989,4929,9962,4664"
19778,19778,"5495,3950,12470,6220,9942,2218,4798,5461,8562,13408"
19780,19780,"8562,6220,3428,9942,5184,2218,13306,6659,12665,5495"
19784,19784,"10326,6433,8562,544,4798,4277,6220,350,50,1323"
19786,19786,"4798,8562,4277,10916,3950,13346,13249,6220,544,8421"
19793,19793,"10326,5303,6220,4798,3950,2218,4277,5495,8562,275"
19798,19798,"10326,5495,13346,4798,3428,12665,544,4277,3950,6220"
19808,19808,"4798,8562,3950,10326,8413,13346,6220,8483,6971,13249"
19812,19812,"7120,1290,1244,2989,12869,7679,4929,9101,3464,9730"
19821,19821,"8562,10326,4798,12857,3950,6433,13346,5303,5495,8981"
19830,19830,"9730,12869,11298,1244,9101,9962,7120,789,2989,5135"
19843,19843,"7120,1290,7669,12869,9101,2989,9295,11298,3464,11554"
19867,19867,"6220,9693,1863,9101,2343,10429,558,9942,7707,10326"
19889,19889,"8562,3950,6220,4798,13346,12665,9942,10916,3870,10326"
19893,19893,"8562,6220,10326,4798,8188,1863,10429,11969,5545,7707"
19898,19898,"7120,11298,1290,9101,9295,4929,12869,1244,2989,11299"
19902,19902,"350,8562,10326,9101,4798,544,2140,5495,1129,12665"
19905,19905,"4798,10326,8562,5303,10916,275,11000,8421,4277,8590"
19910,19910,"3950,4277,8562,10326,4798,8421,217,13346,717,10916"
19929,19929,"10326,8562,4798,8483,6220,12665,544,5303,4277,13346"
19932,19932,"11298,1244,1290,7679,7120,9730,9101,2989,1779,10389"
19952,19952,"8562,10326,4798,6220,13346,3950,6433,9942,5495,8483"
19956,19956,"8421,13110,8483,2814,4798,10568,10326,9101,544,810"
19987,19987,"4798,8562,10326,13346,8421,10916,3950,6326,8413,4277"
20008,20008,"4798,544,12665,4277,8562,5303,9101,6971,6220,8421"
20018,20018,"4798,8413,3950,8562,9942,12665,13346,10326,6220,8483"
20019,20019,"1290,544,7120,9942,5303,8413,4277,9101,5731,10326"
20020,20020,"7120,1290,4929,10663,4083,9101,9730,6243,4798,1132"
20023,20023,"13346,4798,5495,8413,10326,3950,8562,13249,6326,12665"
20031,20031,"8562,6220,2218,544,1863,4798,10429,5495,9942,9693"
20039,20039,"8562,6220,12665,8413,9942,3950,13346,3428,8681,544"
20040,20040,"9942,6220,4798,5495,5303,8483,12665,3571,3950,9101"
20041,20041,"12470,8188,8413,5676,8562,544,1355,769,6220,10429"
20045,20045,"3950,13346,4798,10326,12665,8562,10916,8421,12857,6326"
20056,20056,"4798,12665,6220,1290,89,6971,7120,9101,11298,9730"
20069,20069,"10326,4798,13346,5303,2218,4277,6220,544,3950,13306"
20074,20074,"6659,6220,9942,3428,8562,7359,5184,13110,3870,10326"
20083,20083,"8562,3950,10326,9942,4798,13346,13249,3428,5545,6302"
20085,20085,"11298,1290,7679,7120,9730,2989,4664,11918,9101,11024"
20086,20086,"8413,5303,6220,6971,4798,5495,8562,9942,3950,7715"
20089,20089,"8562,3950,6220,13346,4798,2218,5642,3870,8681,4277"
20101,20101,"5303,4798,6220,89,12665,9942,13346,3950,275,8922"
20104,20104,"8911,5760,449,2034,9101,4798,6402,1377,5495,544"
20112,20112,"8562,12665,3950,4798,6220,9942,544,10326,5303,5495"
20115,20115,"8562,3950,4798,6220,10326,2903,13346,3055,6326,3428"
20133,20133,"7120,12869,1290,9730,11298,9101,1244,789,7258,5135"
20136,20136,"2343,9693,10326,217,4798,4277,544,1220,8562,9404"
20138,20138,"11298,1244,9962,9295,9101,7120,789,9730,5135,7679"
20162,20162,"4798,10326,3950,8421,5303,8562,12857,717,6971,10916"
20176,20176,"4798,275,10326,544,6971,2218,8562,2140,6220,9942"
20200,20200,"10326,4798,275,5303,13346,2140,8562,4277,12665,9942"
20222,20222,"9306,4798,13214,9101,5946,544,10326,383,165,5495"
20251,20251,"10326,4798,5303,1290,7120,6971,544,275,2140,8562"
20256,20256,"12470,12099,5303,12668,10594,5199,10326,3126,544,13408"
20264,20264,"10326,4277,5303,6433,8562,4798,10916,810,10594,350"
20280,20280,"10326,4798,4277,13249,10916,217,8562,8421,6433,10594"
20286,20286,"2989,6220,10429,1863,1244,9101,8188,544,1355,1487"
20323,20323,"7120,1290,11298,4929,9962,9295,9101,789,10663,9730"
20324,20324,"7120,1290,544,4929,4576,9101,1863,5495,1244,4798"
20336,20336,"9693,9101,11298,544,9730,1244,12665,1290,7679,6220"
20339,20339,"8562,9942,3950,8413,4798,6220,13346,6326,3870,3428"
20344,20344,"5495,1290,5303,7120,6971,544,12470,10326,9101,2989"
20356,20356,"10326,8562,9942,12665,3950,6220,4798,13346,3428,544"
20360,20360,"1290,7120,9693,2343,6971,12474,4929,9101,4798,4019"
20362,20362,"9693,2343,5199,2537,5532,5495,6834,10326,3127,4798"
20376,20376,"13346,10326,3950,13249,10077,4277,10568,10916,8562,2140"
20381,20381,"4798,10326,12665,5676,5303,2218,6971,9693,6220,13408"
20394,20394,"7120,11298,1244,9101,544,2989,4929,6971,10326,4576"
20397,20397,"8562,1355,12665,544,1779,1863,5495,6220,6810,9101"
20407,20407,"6659,3428,8413,3950,6220,8483,5495,10326,12665,9942"
20413,20413,"11298,7120,1290,9730,2989,1244,9101,12869,9295,9962"
20433,20433,"7120,1290,1244,11298,9101,9962,4929,5135,789,9295"
20448,20448,"544,5303,810,7792,2140,9101,9553,8623,7879,11454"
20492,20492,"4798,89,10326,8562,855,9693,9942,3055,1412,8205"
20505,20505,"11298,7120,1290,1244,9101,2989,9730,12869,544,7679"
20512,20512,"10326,4798,12857,13346,10916,8483,8562,3950,6326,8413"
20514,20514,"13013,12453,4181,1706,10537,3524,8285,9101,4798,2548"
20533,20533,"217,4277,350,8483,10326,5109,4798,6433,5303,12857"
20543,20543,"5303,7120,8421,1290,1286,12404,2989,10326,717,4798"
20546,20546,"4798,10326,12857,717,10594,9580,8161,10916,8421,13249"
20557,20557,"4798,8562,10326,3950,9942,5303,3428,13346,544,4277"
20558,20558,"4798,10326,12857,9602,10594,2289,3950,3673,76,6804"
20561,20561,"12665,4798,13346,6220,3950,3428,8483,9942,3870,10326"
20566,20566,"11298,9101,1290,1244,7120,544,9693,10389,9730,4576"
20573,20573,"11298,1244,9101,4798,544,2989,9671,10326,5495,11117"
20623,20623,"7120,1290,4929,4798,9101,8703,6971,4698,5149,8922"
20627,20627,"544,10326,9730,4798,1290,4277,6220,12665,5303,7120"
20643,20643,"4798,10326,5303,6971,275,2140,8161,8421,10916,13346"
20645,20645,"11298,9101,1244,1290,12869,7120,544,9730,12665,789"
20652,20652,"717,10326,4277,5495,12470,8421,10916,13346,5303,12857"
20654,20654,"10326,4798,8562,4277,717,10916,3950,6433,217,13346"
20667,20667,"6971,89,5199,2903,2989,9101,8235,4798,7578,6522"
20670,20670,"3950,13408,10159,11467,3802,3444,9101,5124,4798,12070"
20671,20671,"10326,8562,4798,5303,3950,2218,8413,6971,12665,544"
20676,20676,"9942,5303,8562,3950,13346,2140,10326,5199,6220,6638"
20694,20694,"544,5303,7120,4277,12665,10326,1290,9101,2989,350"
20709,20709,"5495,10326,12470,4798,5303,8562,8413,544,275,3950"
20716,20716,"5303,4798,8562,10916,6971,8205,8413,10326,5495,167"
20739,20739,"5303,217,64,12315,1715,3565,5541,13346,275,13296"
20763,20763,"9693,544,2343,10326,5303,5199,6971,2903,12665,2140"
20779,20779,"11298,1244,1290,7120,544,2989,9101,9942,4576,10607"
20781,20781,"3950,4798,9942,12665,8413,2218,6971,8562,6220,1220"
20790,20790,"1290,7120,9295,6971,6126,6991,5944,9101,9962,12512"
20792,20792,"4798,10326,12857,10916,5303,8421,717,10594,217,4277"
20797,20797,"4798,10326,5303,8562,8483,8413,13346,5495,9942,544"
20811,20811,"6220,3950,4798,9942,5303,3428,6971,8483,8562,13346"
20821,20821,"7120,1290,1244,11298,9101,9730,4929,12869,10663,544"
20830,20830,"10326,4798,10594,4277,6383,8421,8562,13259,9580,1180"
20861,20861,"9693,2343,6220,6971,6795,5495,5676,89,544,2903"
20878,20878,"9942,11298,2989,7120,6220,9101,1290,12665,1244,6971"
20891,20891,"5875,8562,7024,12665,9101,4798,544,5495,4715,8413"
20895,20895,"8562,3950,6220,5495,8413,4798,13346,9942,2218,5545"
20901,20901,"10326,4798,5303,8562,13346,2343,6220,4277,6971,8483"
20908,20908,"10326,4798,8562,275,4277,2343,544,5303,3950,10916"
20928,20928,"1290,7120,4929,12030,9101,4798,544,10663,8302,8703"
20945,20945,"6659,5303,6220,9942,12665,3428,8562,9072,8413,544"
20971,20971,"4798,10326,4277,8562,6433,12857,13346,10916,13249,8421"
20979,20979,"4798,10326,5303,8562,6971,3950,4277,9942,12665,8483"
20982,20982,"5303,10326,8421,4798,6433,9105,10594,4277,12857,8483"
20991,20991,"10326,8562,13346,5303,12665,6220,2140,9942,6326,8483"
20998,20998,"9942,3950,5495,6220,3428,13346,64,8562,12665,12470"
21006,21006,"3950,9404,5199,4798,9693,5495,5532,2343,10326,6220"
21018,21018,"6971,5303,10326,2140,6515,275,8562,4798,8161,8043"
21028,21028,"9942,8188,6659,6220,8562,544,5495,513,9693,8413"
21041,21041,"8562,3950,10326,6433,9942,10916,5495,4798,13346,8413"
21042,21042,"2343,5199,9693,544,5495,2903,6795,5532,3127,10326"
21064,21064,"7120,1290,11298,9101,4929,9962,544,3697,12869,13309"
21075,21075,"12665,6971,5303,5199,2343,544,9693,89,3950,5532"
21078,21078,"10326,8562,3950,9942,13346,3870,2218,4798,3428,4413"
21081,21081,"12470,5495,5303,2218,6220,1746,12668,5199,8413,4798"
21084,21084,"8562,3950,10326,12857,275,6220,6971,4798,12136,13346"
21089,21089,"10326,4277,4798,10594,10916,8421,350,5303,217,717"
21112,21112,"7120,1244,1290,9101,2989,544,4929,9295,9730,7679"
21126,21126,"13346,8562,8413,3950,4798,9101,8636,544,10326,5495"
21129,21129,"7120,1290,6971,4929,9101,12869,9730,9295,9438,5303"
21130,21130,"9693,2343,10326,13346,3950,9942,6220,64,12665,4798"
21137,21137,"3950,8562,5303,6220,2411,6971,5642,544,4798,6433"
21149,21149,"5495,8562,4798,8483,12470,2343,13346,10326,3950,9942"
21152,21152,"10326,5303,4798,8562,12665,275,10916,2218,6220,3950"
21177,21177,"8562,10916,4798,3950,350,13346,4277,10326,9101,331"
21191,21191,"7120,4929,10663,6971,8922,9101,12497,12030,4798,6243"
21200,21200,"10326,8562,3950,1328,9942,5676,12665,3428,6220,1355"
21204,21204,"4798,10326,4277,717,5303,3950,8562,10916,217,6433"
21221,21221,"5495,12470,5303,6220,8562,2218,6971,8413,9404,1290"
21228,21228,"544,11298,7120,1290,9101,12665,2989,10326,6971,4798"
21249,21249,"5495,10326,13315,5303,275,544,2140,8483,4798,2218"
21256,21256,"3950,4798,844,6220,11396,2199,2789,9942,4947,5124"
21261,21261,"8562,4798,13346,8483,3950,8413,10326,6326,10916,12857"
21279,21279,"10326,544,12665,4798,6220,2343,9693,9942,6383,275"
21282,21282,"7120,11298,1244,1290,9101,9730,544,9295,2343,9693"
21305,21305,"10326,717,4277,10916,4798,6433,10594,8421,8562,350"
21307,21307,"10594,217,13110,5734,5040,12152,10748,1323,3678,9101"
21315,21315,"5642,810,1574,11094,10100,4365,10152,10063,8505,2797"
21342,21342,"544,7120,9101,2989,11298,1244,6971,12869,12665,4929"
21347,21347,"10326,4798,13346,3950,5303,6220,12665,8562,4277,9942"
21357,21357,"9101,544,10429,1863,8562,6220,1244,2327,4798,10326"
21358,21358,"10326,2903,5199,5495,5532,9693,544,6971,9404,4798"
21368,21368,"9962,1290,9101,2784,11298,11117,544,4798,8525,1244"
21372,21372,"9730,11298,7120,9101,1290,2989,1244,544,9295,10389"
21373,21373,"9942,3950,3428,4277,12665,5495,2218,13306,12153,9404"
21383,21383,"9101,7120,1244,544,11298,9693,4929,89,2989,7679"
21393,21393,"9942,6220,8562,3950,8413,5303,6659,13346,3428,5676"
21415,21415,"7120,1290,6971,9295,4929,3697,11298,1244,11117,9101"
21421,21421,"1290,9942,8562,6220,9101,4929,9730,4798,12665,9190"
21433,21433,"4798,275,5303,10326,6971,2140,12665,31,544,5676"
21449,21449,"544,10326,4798,4277,3950,5303,2343,217,350,13346"
21483,21483,"10326,9942,8562,6220,4798,3950,13346,5303,4277,3428"
21488,21488,"8562,10326,4798,3950,13346,10916,12857,8421,5303,8483"
21518,21518,"1244,2989,3428,9101,544,9942,7679,8978,6659,12869"
21528,21528,"12470,8562,6220,5303,13346,2218,1355,8188,3428,12665"
21536,21536,"7120,11298,1244,1290,9730,9101,2989,4929,544,7679"
21585,21585,"4798,8562,6220,9942,5303,5495,8413,12665,3870,5545"
21598,21598,"11298,9101,9730,2989,7120,1290,9295,275,3464,4664"
21602,21602,"12665,8562,3950,5303,13346,3055,6220,9942,8413,4798"
21604,21604,"4798,5495,5303,3159,13408,12793,2291,9101,8183,9771"
21626,21626,"12665,544,9119,8205,8598,11298,11643,8215,1286,9101"
21636,21636,"12665,13315,3950,9942,2343,89,64,13346,9693,544"
21649,21649,"7120,4929,10663,3697,12030,5573,4387,6243,9101,8567"
21650,21650,"1025,12859,76,2650,10182,4512,9101,4798,6409,544"
21655,21655,"7120,9101,1290,11298,1244,12869,9730,544,2989,4664"
21662,21662,"11298,9101,1244,12869,544,9295,7679,7120,10389,6288"
21681,21681,"7120,1290,11298,1244,9101,9730,12869,2989,4929,544"
21686,21686,"350,2411,2140,544,7063,10326,4798,9340,7484,5109"
21699,21699,"3950,5303,8562,13346,12665,4798,6220,8413,8483,9942"
21702,21702,"11298,1290,1244,7120,9101,9730,544,9295,2989,12869"
21709,21709,"4798,10326,13346,8562,12857,3950,5303,8421,6971,10916"
21718,21718,"4798,10326,5303,3950,12857,8562,4277,13346,10916,717"
21719,21719,"10326,4798,4277,5303,8421,717,10594,10916,12857,8483"
21724,21724,"8562,3428,3950,6220,4798,10326,10916,9942,13306,13249"
21741,21741,"9101,7679,11298,1244,2989,544,1290,7120,12869,9730"
21746,21746,"11298,9101,1290,7120,1244,12869,7679,544,10137,3464"
21751,21751,"8413,6302,3950,11622,6982,9942,5495,9101,12632,11751"
21754,21754,"10326,4798,4277,12857,6433,717,8421,13346,8562,13249"
21768,21768,"3950,4798,12665,13346,10326,6971,6220,275,5303,10916"
21775,21775,"5199,5495,10429,544,9942,6220,4444,5703,8238,9101"
21781,21781,"11298,9730,2989,9101,1244,12995,12869,4664,11024,1290"
21789,21789,"7120,11298,1244,9101,544,4929,2989,9730,6971,6220"
21795,21795,"3950,4798,5495,8922,8413,8235,5303,2140,2218,10006"
21812,21812,"8562,3950,8413,1286,12665,3055,13346,8188,2199,4798"
21814,21814,"10326,4798,5303,12857,13346,8562,6971,6433,2140,10916"
21820,21820,"3950,10326,13346,8562,12665,4798,12857,5303,5642,5495"
21827,21827,"10326,4798,9942,5303,717,6220,4277,12665,8562,275"
21838,21838,"8562,10326,1355,8188,6220,4798,10429,7265,13346,3428"
21855,21855,"2343,9693,6795,64,5495,5532,13346,5199,9942,544"
21881,21881,"4798,13346,275,12857,64,8413,10326,31,3950,717"
21884,21884,"8562,4798,6220,12665,10326,9942,13346,5303,6971,8483"
21889,21889,"7120,544,1290,10326,4798,1244,4929,9101,6971,6220"
21896,21896,"10326,4798,5303,8562,544,6220,4277,12665,13346,13259"
21902,21902,"4798,10326,10916,8421,4277,12857,3950,10594,8483,6433"
21916,21916,"10326,4798,4277,544,5303,10916,6971,8421,8483,8562"
21927,21927,"1290,11298,7120,9962,5135,789,9101,3697,6811,9730"
21938,21938,"10326,12857,4277,4798,8421,717,13249,6433,217,5303"
21948,21948,"4277,6433,9245,810,13346,4798,5610,8798,10138,10326"
21952,21952,"7120,1290,4929,9295,3697,12030,9101,10663,4387,5573"
21954,21954,"2343,6795,5199,9693,5532,5495,2903,4798,5999,10326"
21955,21955,"3950,9942,6659,5303,6220,8562,10326,11484,544,275"
21978,21978,"8188,6220,8981,10429,12665,4798,1863,5149,9101,544"
21983,21983,"9101,11298,9693,2343,7120,1290,544,9730,6220,10326"
22004,22004,"10326,5303,4798,2343,1290,7120,5495,6971,5199,9693"
22007,22007,"7120,11298,1290,9730,3464,12869,4929,7679,2989,12903"
22014,22014,"3950,6220,9942,3428,8413,5495,12665,5545,8562,12470"
22020,22020,"10326,4798,12665,6220,8562,5303,13346,8413,10916,8483"
22052,22052,"4798,10326,8421,10594,8483,5303,11000,12857,717,9580"
22056,22056,"8562,5495,1323,12665,9942,3950,6302,2218,13315,10326"
22064,22064,"8562,10326,4798,544,8681,9693,9101,10429,7707,5495"
22072,22072,"10326,4798,8562,8483,10916,13249,4277,13346,12857,6433"
22074,22074,"8562,4798,10326,4277,8421,10916,12665,13249,13346,8483"
22102,22102,"3428,9942,3950,6220,13346,1889,1374,544,13306,5545"
22110,22110,"4798,10326,8562,13346,3428,3950,6220,9942,13249,1328"
22111,22111,"544,10326,5303,4798,8483,4277,717,217,8421,6220"
22119,22119,"6220,12665,5495,8413,8562,6971,10326,7792,544,9942"
22125,22125,"8413,3950,4798,8562,6982,11622,9101,2910,11751,5495"
22150,22150,"10326,4798,5303,544,6971,5199,5495,609,8922,12665"
22151,22151,"7120,1290,9295,1244,4929,6971,10326,4277,3697,544"
22154,22154,"7120,1290,1244,4929,11298,8703,9101,2020,544,4205"
22213,22213,"9942,6220,6659,12470,3950,3870,2218,5495,3428,5545"
22256,22256,"544,2343,11298,6795,13346,9101,1290,2537,6220,9295"
22258,22258,"5303,4798,5495,8562,275,4277,13346,10916,10326,10462"
22265,22265,"8562,5495,12665,6220,10326,4798,3950,8413,13346,2218"
22279,22279,"2343,6220,89,9693,9942,13346,3950,1230,5461,8562"
22280,22280,"10326,4798,8562,9942,10869,6659,5495,544,12470,5303"
22283,22283,"2343,9693,8981,9101,544,4798,8703,10326,5495,7637"
22286,22286,"6220,3950,8681,3428,8413,8562,3870,5545,12665,5676"
22288,22288,"13346,10326,2343,8562,5199,5303,12665,9693,544,4277"
22321,22321,"11298,7120,9730,1244,2989,1290,9101,7679,12869,4576"
22336,22336,"4798,10326,8562,5303,12665,3950,6220,10916,13346,12857"
22344,22344,"3950,4798,5303,10326,8483,6971,2789,2905,5999,9101"
22353,22353,"9453,6659,12665,7862,6402,9101,10352,10326,12024,4798"
22356,22356,"4929,1244,9295,3697,9101,12030,11298,6243,12497,544"
22387,22387,"10326,4798,5303,6433,10916,544,13346,6971,275,8562"
22427,22427,"6971,7330,4413,9799,844,3562,4798,9101,9942,8235"
22428,22428,"9693,9101,2343,1290,11298,7120,9295,9730,12869,544"
22449,22449,"11298,9101,7679,12655,1244,4664,2989,9730,4576,12869"
22452,22452,"544,10429,9101,5495,9942,1863,8188,6220,7619,13296"
22460,22460,"7679,1371,7669,4163,12869,9101,2957,1558,11298,10674"
22467,22467,"7120,1290,10326,4798,544,4929,1244,6971,350,10594"
22480,22480,"544,7120,1244,1290,9101,9962,9693,11298,789,4929"
22481,22481,"4798,10326,275,5303,8562,6971,9942,2140,13346,12665"
22484,22484,"5303,3950,9942,4798,8483,11572,10916,10326,5495,10594"
22489,22489,"9693,2343,2537,9942,5532,6834,64,9101,5782,544"
22502,22502,"9101,1244,7679,11298,3464,4576,9330,1290,9730,10674"
22510,22510,"11298,2989,1290,12869,7120,9101,9730,1244,544,4545"
22511,22511,"1290,1863,10429,7120,9101,544,1244,589,4798,7637"
22514,22514,"4798,10326,8483,5303,9693,6971,8562,2343,8421,12665"
22520,22520,"1290,7120,4929,6133,10322,5573,4387,9101,12474,4798"
22546,22546,"4798,6971,5495,8205,12857,10326,9101,2304,8022,12665"
22551,22551,"8562,8413,3950,9942,6220,12665,2218,4413,1286,3428"
22582,22582,"11298,7120,1290,3464,9730,1244,9295,2989,7679,9101"
22595,22595,"9942,6220,9693,12665,3950,2343,3870,2218,10326,3428"
22597,22597,"4798,10326,8562,13249,13346,8483,10916,1634,9101,9580"
22605,22605,"3428,3950,9768,4277,12470,217,4271,8562,9942,13249"
22618,22618,"4798,544,7120,9101,1290,9942,9693,12869,2343,11969"
22641,22641,"544,717,10326,4277,4798,8421,10077,350,10916,4694"
22645,22645,"10326,4277,350,9178,8562,9340,652,217,4798,6383"
22660,22660,"4798,10326,8562,3950,8483,6220,13346,5303,13249,8421"
22666,22666,"3950,4798,8562,2411,8483,2140,6220,9942,10326,8413"
22674,22674,"7120,9101,1244,4929,9730,2989,11298,4576,9962,9693"
22678,22678,"7120,11298,1290,544,1244,9101,9730,12665,2989,2343"
22697,22697,"11298,1290,7120,9730,1244,9101,544,4798,11775,12665"
22698,22698,"3950,5495,13315,5303,2218,6220,5199,3428,13346,10326"
22705,22705,"4798,544,10326,1290,6220,5303,6971,7120,8562,9101"
22710,22710,"5676,9693,2343,4277,544,5495,3127,4798,8562,10326"
22714,22714,"3950,2218,13306,8562,8413,3055,3992,8483,2905,8235"
22715,22715,"4798,3950,5303,5199,6220,810,10326,10916,3055,8562"
22720,22720,"10326,5495,544,8562,4277,4798,717,5303,8421,6220"
22734,22734,"4798,10326,5303,544,8562,2218,6971,5495,8483,8413"
22735,22735,"4798,5303,10326,6971,8483,2140,8421,2218,8562,10916"
22736,22736,"4798,10326,5303,8562,6971,13346,2218,2140,6220,10916"
22747,22747,"544,8562,10326,9693,2343,10429,6220,9101,4798,5495"
22748,22748,"4798,10326,6971,2140,9668,7637,9101,9937,4698,544"
22759,22759,"9693,2343,13346,12665,3950,10326,13306,6220,4798,544"
22761,22761,"4798,10326,5199,5303,3950,2218,2905,544,5999,5495"
22774,22774,"10326,4798,5303,9942,6971,8562,5495,6220,12665,8188"
22783,22783,"8562,6659,6220,10326,3950,9942,7707,3055,8590,9101"
22830,22830,"5495,9693,544,12470,5676,5303,6795,6220,10326,2537"
22831,22831,"7120,1244,11298,4929,3697,9101,10663,9730,2916,9962"
22846,22846,"544,10326,8562,4798,275,2343,6220,5303,6971,9693"
22850,22850,"1290,7120,9101,1244,9962,11298,3737,10147,7856,12762"
22883,22883,"8562,5495,2218,12665,9942,4798,12470,8483,12632,6220"
22887,22887,"4798,10326,9693,13346,544,12665,3950,4277,6220,5303"
22893,22893,"8562,9942,5303,12665,4798,12857,6220,2218,3870,3950"
22905,22905,"6220,4798,2343,8562,13315,8681,9693,2585,3950,13346"
22923,22923,"4798,6220,5303,10326,2218,3950,8562,12857,9942,2140"
22956,22956,"10326,4798,217,717,12857,3950,10916,8562,12665,13346"
22964,22964,"6220,1863,544,4798,8562,5495,9101,10326,12665,5976"
22972,22972,"11298,9101,1244,1290,7679,9730,12869,7120,2989,4664"
22985,22985,"4798,6971,9101,7637,8703,5495,12665,8053,10326,544"
23011,23011,"10326,4798,544,4277,350,717,217,8421,8562,12857"
23027,23027,"11298,2989,9101,7679,544,9730,1244,11024,1863,4664"
23036,23036,"9942,10326,4798,6220,8562,3950,6971,13346,89,12665"
23038,23038,"13346,8562,5495,6220,9942,3428,3950,5303,4798,9072"
23046,23046,"10326,4798,5303,9101,11298,12665,1244,6971,1290,2989"
23051,23051,"8413,5303,12857,2218,4798,6220,5495,4277,5199,3950"
23057,23057,"9101,4798,2770,544,3960,10326,10221,5495,12665,2877"
23062,23062,"7679,11298,1244,12869,9101,4163,8978,2957,12655,1558"
23069,23069,"8562,4798,5495,5303,3950,13346,10326,12665,12470,6220"
23078,23078,"5303,6220,12665,5495,8562,2343,89,9942,9693,544"
23113,23113,"8562,8413,2218,6220,4798,5495,10326,13346,3950,9942"
23121,23121,"1290,1863,9101,4798,1244,7120,11298,544,10326,9730"
23123,23123,"4798,8562,10326,5303,3950,4277,8483,13249,2218,544"
23136,23136,"13346,4798,5495,10326,8562,8413,6971,6326,10916,12857"
23138,23138,"4798,3950,10326,8562,10916,13346,6220,5303,4277,9942"
23140,23140,"10326,12665,5303,4798,8562,544,6220,9942,6971,89"
23170,23170,"4798,10326,3950,4277,13346,12857,5303,10916,8421,717"
23173,23173,"7120,1290,11298,9101,1244,544,5303,10326,2989,275"
23179,23179,"544,6220,10326,2343,810,5303,6971,9693,4798,8421"
23196,23196,"4798,8562,10326,13346,3950,6220,5495,5303,12665,4277"
23199,23199,"2218,3950,6641,13099,11784,5495,652,9942,4798,9653"
23216,23216,"4798,10326,6971,5303,844,8562,717,275,7578,2291"
23226,23226,"13346,5495,8562,3950,5610,12470,8092,12898,4798,9101"
23233,23233,"10326,5303,4798,8562,2218,8590,6659,8421,1328,5495"
23253,23253,"9693,2343,6971,6220,12665,3950,5199,1220,3055,4798"
23281,23281,"7120,9730,1290,11298,544,9101,9295,1244,5969,12184"
