ID,user_id,item_id
12,12,"10326,4798,5303,4277,8562,12857,2140,8421,10594,10916"
14,14,"6220,9942,13296,544,8562,4798,1290,9101,10326,1863"
17,17,"1328,10326,4798,544,9101,7480,9942,1221,5495,8092"
21,21,"4798,10326,8562,4277,6971,13346,6220,544,10916,8421"
44,44,"1290,11298,7120,1244,9101,9295,12869,9730,9962,11024"
55,55,"4798,10326,8562,6220,10916,4277,2218,3950,13346,5676"
56,56,"6971,89,2343,12665,4798,5495,9693,9404,5199,8413"
58,58,"10326,4798,6971,8562,5303,13346,4277,544,3950,6433"
59,59,"4798,10326,3950,13346,6220,12857,6433,6971,5303,2140"
79,79,"4798,10326,6220,13346,8562,544,4277,2343,3950,3428"
81,81,"1290,7120,9101,11298,2989,544,1244,12869,4929,9295"
85,85,"4798,10326,8562,5303,6971,12857,2140,275,13346,544"
92,92,"1290,11298,7120,12869,1244,9101,1779,11024,4576,4664"
97,97,"3950,12665,4798,9942,13346,2218,5495,10326,4602,8562"
100,100,"4798,8562,10326,13346,10916,12857,4277,8421,2140,10594"
112,112,"3950,6971,4798,12857,10326,8413,8562,5303,6220,5610"
122,122,"4798,10326,8562,3950,217,4277,12857,717,3428,8483"
133,133,"2343,9942,9693,6659,1323,64,9532,8483,8590,12665"
141,141,"1290,7120,6220,1863,544,9101,4798,8562,9942,10326"
144,144,"9295,6954,9101,544,13330,12449,4798,816,9730,7188"
149,149,"1290,7120,11298,1244,4929,7679,9101,7669,9730,9295"
153,153,"10326,4798,8562,3950,6220,13346,12857,5303,2218,4277"
166,166,"6659,11484,544,9101,4798,12665,9942,10326,2989,3464"
220,220,"4798,8562,6220,8413,13346,9942,6326,12665,2218,10326"
231,231,"9693,3950,2343,9532,9942,12665,9404,5199,13346,5676"
262,262,"4798,1290,10326,7120,6971,5303,12857,4929,8205,8562"
274,274,"4798,10326,6220,6971,1290,544,2218,5495,12665,3950"
277,277,"544,12665,12470,2343,4277,10326,6220,13346,5495,8562"
281,281,"1290,7120,6971,4929,9295,11298,544,1244,9101,3697"
291,291,"217,4798,717,3428,8421,5303,12857,2140,10326,10594"
300,300,"10326,4798,8562,6220,5303,6971,9942,275,544,3950"
310,310,"10326,4798,5303,12857,8562,1328,5495,544,2140,8421"
332,332,"5495,12470,13306,8188,609,3565,544,9101,4798,5155"
344,344,"10326,4798,4277,8562,12857,6433,10594,8421,10916,13249"
359,359,"1290,7120,9101,544,6220,2989,89,1244,11298,6971"
380,380,"5495,5199,5532,2903,2343,9693,10835,544,9942,9101"
386,386,"9942,6220,8562,3950,12665,3428,4798,4277,13346,544"
426,426,"3950,13346,8562,2218,12665,3055,5495,8413,5303,4798"
436,436,"4798,10326,544,4277,8562,12857,6971,6433,13346,8421"
453,453,"6971,6220,4798,89,8562,544,13346,5303,9942,10326"
461,461,"7120,544,1244,9101,10326,2989,6971,11298,9730,4929"
464,464,"4798,10326,2140,544,2291,9101,7138,9942,5495,6588"
473,473,"5495,12665,544,9101,8562,4798,9942,10326,8224,896"
481,481,"10326,4798,6220,217,717,6383,12665,350,8421,9101"
490,490,"275,4277,8483,4798,350,10326,3428,9340,10568,544"
494,494,"8562,4798,6220,10326,5303,6971,9942,13346,12665,2218"
497,497,"2989,1290,7120,7679,12869,9730,7669,12655,11298,9101"
510,510,"2343,544,3950,9942,6220,8562,13346,3428,64,12665"
511,511,"10326,4798,12857,6220,8562,8421,5303,4277,10594,717"
512,512,"9693,1290,2343,544,11298,7120,1244,5532,4576,9101"
524,524,"1290,7120,1244,11298,12869,4929,9101,9962,9295,4664"
525,525,"4798,10326,5303,4277,544,3950,2343,8562,13346,2218"
545,545,"4798,10326,12857,8421,10594,8562,217,10916,717,8161"
560,560,"10326,8562,4798,3950,13346,6220,217,544,10916,8421"
564,564,"9693,2343,6795,275,544,10326,64,2537,5532,4277"
566,566,"13346,2343,275,2218,4798,10326,6971,12665,5303,9693"
568,568,"4277,3428,6220,10326,5495,8562,4798,8421,2343,13346"
570,570,"8562,6220,7707,2218,544,10429,8681,10326,4798,5495"
573,573,"4798,10326,8562,4277,13346,3950,6220,10916,6433,217"
594,594,"8562,4798,10326,6220,3950,13346,5303,4277,12665,2140"
601,601,"10326,4798,5303,2218,275,12665,6971,6220,2140,8562"
605,605,"5495,2905,3950,12611,4798,5999,544,9101,10326,5461"
641,641,"6220,9942,4798,3950,13346,9693,2343,10326,3428,544"
650,650,"9942,6220,3950,3428,4798,2218,5303,544,8562,217"
675,675,"8562,6220,12665,9942,4798,6971,3950,3870,2411,275"
677,677,"1290,7120,4929,10663,9962,3697,1244,9101,544,789"
679,679,"10326,4798,544,8562,5303,6971,6220,2218,4277,5676"
683,683,"3950,8562,4798,9245,13346,4469,5610,3428,810,544"
687,687,"10326,544,4798,8562,6220,13346,5303,12665,10916,8421"
705,705,"275,4798,5303,10326,717,544,9340,4277,9101,217"
708,708,"1290,7120,544,11298,1244,9101,6971,2989,4576,9730"
712,712,"8562,5495,9942,6220,3950,12665,13346,13306,10326,4798"
715,715,"4798,5303,10326,2140,13346,6971,8483,275,8562,5495"
728,728,"1290,7120,9101,1244,11298,9730,544,12869,9962,2989"
743,743,"12665,2343,9693,544,89,10326,2218,5532,6971,5199"
753,753,"6220,5495,544,2989,8413,6302,4413,9942,7707,12665"
757,757,"4798,10326,5303,13346,6220,6971,9942,2218,8562,4277"
768,768,"5495,3950,8562,8413,10326,4798,13346,5303,9942,6220"
797,797,"2343,6795,5532,544,2537,10835,5199,6834,9101,6220"
813,813,"12665,9942,9101,544,4798,2989,10326,7637,11298,1290"
832,832,"1290,7120,11298,4929,1244,9101,10663,6971,9295,2989"
833,833,"4798,10326,9942,6220,8562,13346,5303,3950,12665,275"
844,844,"12665,2343,13346,6220,9942,4798,4277,544,64,10326"
858,858,"10326,4277,544,6220,50,8562,275,4798,5303,3950"
874,874,"11298,12869,9730,12665,544,4576,9101,11024,6220,1290"
875,875,"10326,12470,8562,5303,4277,4798,544,13346,6220,5199"
892,892,"4798,6220,8562,5303,2140,9942,10326,544,9101,2218"
897,897,"3950,9942,3428,13346,12665,4602,544,4798,9101,8562"
912,912,"1290,7120,4798,10326,6971,5303,544,8590,4929,9295"
924,924,"6220,9942,13346,8562,3428,544,12665,8188,5545,4798"
926,926,"6220,1290,544,6971,8562,10326,9942,13296,7120,12665"
933,933,"10326,4277,5303,8562,544,9178,2140,8413,6433,5495"
944,944,"8562,6220,9942,3950,13346,89,2343,3428,5545,4798"
951,951,"5495,4798,5303,8562,6971,10326,2218,6220,8413,12470"
974,974,"544,8562,6220,3428,9693,2343,12665,4798,5495,8681"
1010,1010,"9306,4798,544,9101,5946,10326,9942,13214,12871,5495"
1013,1013,"12665,6971,89,4798,8562,544,7024,9942,9101,7983"
1016,1016,"1290,4798,6220,7120,5303,6971,9942,2218,8562,12665"
1023,1023,"1290,7120,6220,89,12665,11298,6971,1244,4929,2218"
1035,1035,"544,12665,1290,5303,6220,6971,11298,10326,1244,9942"
1046,1046,"544,1290,7120,10326,9101,2989,1244,11298,5303,6971"
1051,1051,"1290,7120,9942,2989,8562,544,9101,12665,11298,2218"
1057,1057,"4798,5303,10326,8562,8421,6971,12857,8483,10916,1912"
1064,1064,"1290,7120,4798,6971,4929,10326,5303,8590,9295,2140"
1080,1080,"4798,8562,544,12104,9101,10566,7589,10326,10434,9998"
1089,1089,"10326,4798,8562,4277,5303,544,6220,717,3950,12857"
1090,1090,"8562,13346,10326,3950,4277,10916,4798,8421,12857,217"
1103,1103,"8562,4798,10326,10916,13346,3950,6433,2140,1681,8421"
1123,1123,"1290,7120,4929,6971,10663,544,9101,12030,4798,12497"
1134,1134,"10326,4798,5303,8562,12857,13346,8421,4277,6433,275"
1136,1136,"8562,4798,10326,3950,9942,13346,12665,4277,5303,2218"
1139,1139,"6220,5495,544,9942,13296,9693,1863,1290,10429,9101"
1154,1154,"544,9942,12665,6220,3428,10326,8562,2343,12470,3950"
1169,1169,"1290,11298,544,1244,9101,6220,2989,9730,4929,9942"
1173,1173,"8562,8188,6220,4798,3950,13346,7707,10429,10326,5495"
1178,1178,"12665,544,5875,9101,4798,10326,8235,9942,7024,5495"
1190,1190,"8562,4798,10326,3950,5303,6971,13346,12665,5495,8413"
1205,1205,"4798,8562,6220,5303,10326,13346,9942,3950,6971,8413"
1217,1217,"11298,1290,2989,9730,7120,7679,1244,12869,9101,4576"
1218,1218,"544,9693,9101,2343,9942,6220,89,6795,11298,5532"
1230,1230,"6220,4798,8562,10326,5303,544,2218,2343,12665,6971"
1250,1250,"10326,4798,8562,5303,4277,6433,8421,13346,2140,10594"
1252,1252,"3950,5303,544,8562,5199,2343,4798,12665,5495,6971"
1276,1276,"9693,2343,5199,5532,9942,5495,544,6795,5999,2218"
1279,1279,"1290,7120,4929,9962,11298,1244,789,6971,9101,5135"
1281,1281,"10326,217,5303,4798,4277,12857,8421,544,275,1328"
1288,1288,"8562,3950,13346,3428,5495,6220,275,4277,12470,2218"
1305,1305,"11298,1290,1244,9730,9962,7120,9101,7679,789,10607"
1320,1320,"4798,8562,3950,8413,12857,10916,5303,13249,6326,10326"
1321,1321,"5495,3950,5303,10326,2218,13346,5199,6971,6220,4798"
1328,1328,"9942,6220,6659,8562,2218,3870,7707,13296,544,13110"
1343,1343,"4798,10326,8562,4277,12857,5303,13346,544,6971,10916"
1345,1345,"1290,544,2989,7120,10326,11298,9101,4277,4798,1244"
1374,1374,"11298,1244,7120,12869,7679,9101,4664,9730,2989,6288"
1410,1410,"1290,7120,4929,11298,544,9101,1863,10326,12665,4798"
1414,1414,"12857,10326,10594,6433,4798,8161,8483,544,9101,8562"
1420,1420,"9942,6220,4798,8562,2218,8413,5495,3950,5303,5676"
1440,1440,"2343,544,9693,9101,9942,8562,8590,11660,10326,4798"
1441,1441,"544,2989,9101,10429,9942,5495,1863,9693,7679,4798"
1443,1443,"11298,1290,2989,9101,1244,4576,9730,544,7679,11024"
1458,1458,"1290,7120,1244,11298,544,9101,10326,9295,4929,2989"
1492,1492,"4798,6220,9942,10326,8562,3950,13346,6971,5545,3870"
1496,1496,"10326,4798,5303,6971,8562,544,275,12665,8421,1290"
1499,1499,"12665,5199,3950,5303,2343,10326,3055,4798,8562,13315"
1504,1504,"1290,9101,11298,7120,1244,2989,544,12869,9730,7679"
1516,1516,"8562,10326,6220,13346,12665,4798,2343,4277,9942,3950"
1523,1523,"4798,9455,217,2767,544,9101,8363,638,10326,11014"
1534,1534,"544,9101,4798,10326,9942,5495,12665,8562,8540,11298"
1539,1539,"1290,544,7120,2989,11298,9942,6220,1244,12665,7679"
1559,1559,"1290,7120,2989,9101,544,1244,9730,6971,12869,4576"
1572,1572,"9942,6220,8562,544,12665,3950,10326,3428,4798,2218"
1573,1573,"10326,4798,5303,4277,12857,717,8421,10594,544,217"
1601,1601,"544,1290,6220,9942,7120,6971,9101,1244,7707,9693"
1603,1603,"8562,3950,4798,1328,1383,5610,10326,544,10916,9101"
1604,1604,"217,4277,544,4798,13346,10326,350,717,1978,8421"
1613,1613,"11298,2989,1290,7679,1244,544,9730,9101,7120,4576"
1634,1634,"4798,10326,8562,9942,4277,6659,9404,6971,6220,3950"
1642,1642,"8562,3950,4798,6220,13346,10326,9942,8413,2218,12665"
1643,1643,"1290,7120,1244,2989,11298,544,9101,4929,6220,6971"
1654,1654,"8562,6220,4798,3950,9942,10326,13346,544,6971,12665"
1657,1657,"2989,11298,7679,12655,9101,544,8978,1244,11024,9730"
1674,1674,"544,1290,6971,10326,9693,2343,4798,89,12665,6220"
1702,1702,"10326,8562,9942,6220,12665,13346,6326,13110,3950,3870"
1719,1719,"6659,3950,1328,9942,6220,3428,8562,544,9101,4798"
1725,1725,"4798,8562,10326,3950,13346,6220,4277,12857,5303,6326"
1726,1726,"1290,6971,7120,4798,4929,2140,10326,5303,275,544"
1728,1728,"544,9693,2343,6971,11969,9101,9942,10326,5495,2989"
1735,1735,"89,5875,12665,12757,7024,544,8235,9101,4798,1290"
1739,1739,"1290,7120,4929,10663,3697,9101,544,1244,4798,10326"
1774,1774,"4798,10326,8562,3950,13346,4277,12857,6220,5303,10916"
1780,1780,"544,10326,4798,9101,4277,6220,1323,11969,350,13346"
1799,1799,"217,6270,544,2771,9101,4798,4892,8459,10326,1854"
1813,1813,"4798,8562,10326,9942,3950,13346,5303,2218,6220,4277"
1834,1834,"4798,13346,8562,3950,12857,10916,6326,10326,8421,9942"
1835,1835,"5495,12470,11484,8562,544,9101,4798,8911,10326,9942"
1841,1841,"1290,11298,1244,12869,9101,9730,9962,9295,4929,10607"
1863,1863,"9942,3950,6220,3428,12665,8562,10326,4277,5545,13110"
1878,1878,"8562,9942,3950,13346,6220,12857,3428,8413,4798,6326"
1879,1879,"2343,4798,10326,6971,8562,5303,6795,13346,5532,5199"
1910,1910,"1290,7120,6971,10326,275,9101,2343,10663,4798,9693"
1911,1911,"4798,8562,5303,10326,13249,5495,350,9340,8421,12857"
1919,1919,"13346,9942,9693,2343,6220,544,5545,3870,6795,12665"
1925,1925,"12869,7679,9730,11298,9101,4163,2957,3464,1244,9330"
1926,1926,"11298,1244,9962,8978,7679,9101,12869,789,11024,9730"
1931,1931,"10326,544,4798,9101,7275,2940,9942,10107,9850,5495"
1940,1940,"4798,10326,8562,5303,13346,6971,6220,4277,2218,12857"
1968,1968,"4798,10326,5303,4277,1328,8483,8421,217,12857,717"
1981,1981,"4798,3950,8413,5303,13346,10326,12857,12665,6971,6220"
1992,1992,"1290,7120,11298,1244,10663,9101,2989,2916,9295,544"
1998,1998,"11298,1290,9295,11024,1244,9101,1779,9730,7120,2989"
2000,2000,"1290,7120,4929,1244,11298,9962,9101,10663,9295,789"
2017,2017,"4798,8562,10326,13346,3950,4277,5303,12857,6971,6433"
2036,2036,"544,5875,9101,4798,12665,10326,9942,5495,8570,8562"
2044,2044,"9693,2343,544,6220,3950,9942,5495,11572,8562,5461"
2047,2047,"1290,11298,7120,9101,1244,9730,4664,6591,1779,12869"
2052,2052,"5303,10326,350,1328,4798,544,9101,9942,8562,5495"
2055,2055,"5495,544,9101,4798,10326,9942,6060,5760,6659,9375"
2069,2069,"9942,8562,6220,8413,2218,3428,5495,12665,13110,5545"
2075,2075,"9693,2343,3950,6220,5303,10326,8562,544,4798,4277"
2089,2089,"4798,4277,10326,8421,10594,717,10916,12857,8562,350"
2093,2093,"4798,12665,8562,6220,9942,5303,3950,10326,13346,2218"
2127,2127,"10326,4798,2140,544,8205,8562,9101,5610,1295,7063"
2135,2135,"9942,12665,6220,3950,3428,8562,5303,3870,5545,2218"
2137,2137,"12665,3950,8562,89,6220,2343,13346,5545,5875,8235"
2141,2141,"6220,8413,8562,544,2218,9942,3428,7707,5495,5545"
2147,2147,"544,1290,7120,6220,7669,11298,9101,12869,9942,6971"
2150,2150,"10326,4798,4277,8562,12857,717,350,8421,5303,544"
2153,2153,"4798,8562,10326,5303,12857,6326,6220,13249,10916,6971"
2158,2158,"1290,11298,2989,7120,544,9101,1244,7679,12869,4576"
2178,2178,"8562,5495,2343,13346,6971,13249,9693,5199,4798,10326"
2180,2180,"8562,9942,6220,13346,3428,3950,2343,10326,5676,6659"
2181,2181,"2989,11298,3464,1290,1244,7679,544,9101,1779,7120"
2193,2193,"3950,9942,8413,8562,5495,6220,4413,544,13346,4798"
2216,2216,"10326,4798,8562,4277,544,8421,10916,6433,13346,10594"
2224,2224,"8562,5495,10326,5303,2343,8413,3950,12470,5199,12665"
2231,2231,"2343,6971,9693,5199,5532,544,12665,1290,89,9942"
2242,2242,"10326,4277,6220,3428,3950,13306,5495,8562,9942,9178"
2243,2243,"5495,2343,544,9693,5676,2903,5199,10326,3127,9101"
2247,2247,"9730,4443,544,9693,9101,8579,13043,4798,6459,10326"
2262,2262,"544,11298,1290,9101,1244,2989,7120,4576,11024,7679"
2271,2271,"8562,4798,10326,544,5303,4277,13346,3950,2218,2343"
2284,2284,"13346,3950,4798,8413,6971,5495,8562,6220,10916,12470"
2287,2287,"8562,13306,8188,5495,544,9101,4798,10326,10213,9942"
2291,2291,"5303,10326,2140,4798,275,544,5199,6971,8562,4277"
2293,2293,"4798,1290,5303,7120,544,6971,2218,2343,10326,2989"
2294,2294,"4798,10326,8562,5303,12857,6433,4277,10594,8421,6326"
2301,2301,"4798,6971,10326,5303,6659,8421,2140,6220,5495,8590"
2310,2310,"9942,12665,544,6220,8562,1290,3428,1244,10326,2989"
2341,2341,"4798,10326,8562,6971,13346,3950,6220,5303,12665,12857"
2345,2345,"11298,7679,9101,12655,2989,4576,8978,11918,12869,9730"
2348,2348,"1290,7120,11298,9101,1244,9730,544,2989,4929,12869"
2349,2349,"4798,6971,13346,10326,544,4277,8562,5303,10916,3950"
2350,2350,"10326,4798,544,1290,4277,6220,6971,5303,7120,350"
2355,2355,"10326,4798,4277,12857,8562,217,3950,10916,6433,8421"
2383,2383,"10326,4798,12857,8562,13346,4277,717,3950,10916,6326"
2393,2393,"4798,10326,2140,6971,544,2291,9306,9101,9942,5495"
2399,2399,"7120,4929,544,1244,4798,9101,6971,10663,9962,10326"
2421,2421,"2343,544,10326,6795,13346,4277,5532,4798,12665,2537"
2435,2435,"9532,2989,9101,11298,9693,544,12483,12665,10326,4798"
2448,2448,"5495,8188,9942,12665,544,4798,13346,5875,9101,10326"
2452,2452,"1290,7120,4929,6971,1220,9295,544,9101,9693,10663"
2464,2464,"8562,6220,9942,3950,3870,5545,4798,10326,4413,3428"
2470,2470,"12857,3950,10326,5642,10594,217,8562,2063,9453,544"
2478,2478,"6971,1290,5303,5199,2218,12665,89,4798,10326,5532"
2506,2506,"8562,6220,3950,3428,10326,5303,5495,4277,4798,10594"
2523,2523,"6971,4798,544,12665,8235,10326,9101,5875,9942,8562"
2527,2527,"1290,7120,4929,10663,544,9101,12030,4798,5573,10322"
2528,2528,"4798,3950,8562,12857,6326,10326,6220,13346,12665,9942"
2530,2530,"13346,8562,2218,3950,5303,5676,4798,5199,5495,6971"
2533,2533,"9942,6220,8413,8188,6659,13310,7792,5495,8562,544"
2540,2540,"8562,8483,10326,13346,217,3950,4277,3428,4798,1001"
2558,2558,"3950,8562,13346,4798,10326,9942,12665,8413,8235,544"
2559,2559,"12665,6659,6220,8188,9942,3950,8562,5545,13110,13306"
2592,2592,"4798,10326,13346,6971,6220,544,275,12665,5303,8562"
2599,2599,"10326,4798,8562,5303,4277,6971,275,544,2140,12857"
2608,2608,"9942,6220,8562,3428,3950,12665,5545,5495,12470,3870"
2613,2613,"11298,1290,7120,9730,2989,12869,9101,1244,11024,9295"
2616,2616,"8413,5495,8562,4181,5303,4798,544,6270,9101,7715"
2617,2617,"8562,544,6220,1863,4798,10326,9101,10429,5495,12665"
2619,2619,"9942,3950,8562,6220,13346,8413,89,4798,544,9101"
2622,2622,"1290,7120,11298,1244,9101,9295,4929,544,9730,2989"
2629,2629,"1290,1244,11298,9101,544,7120,9730,2989,4576,7679"
2648,2648,"1290,1244,9101,7120,544,2989,7679,4576,12869,9730"
2654,2654,"4798,10326,8562,6220,12665,5303,6971,3950,9942,2140"
2668,2668,"10429,544,5976,9101,4798,9942,10326,5495,8562,6220"
2703,2703,"5495,3565,5199,9942,5532,544,4118,9101,4798,5461"
2710,2710,"10326,4798,13346,3950,4277,8562,8483,9942,13249,6383"
2713,2713,"4798,10326,6971,13346,5303,8562,3950,6326,12665,8421"
2722,2722,"7120,1244,9101,11298,2989,9730,4929,544,12869,10663"
2724,2724,"1290,7120,4929,1244,6971,10663,9295,9101,4798,544"
2727,2727,"4798,10326,8562,6220,5303,6971,2218,13346,9942,544"
2755,2755,"544,11298,7669,9101,2989,7679,12869,11554,8978,1290"
2769,2769,"13346,4277,8562,275,4798,10326,6220,12404,9942,3428"
2776,2776,"10326,5303,2218,5495,5199,544,5532,6971,4798,12665"
2781,2781,"1290,7120,4929,1244,6971,11298,9101,9295,10663,544"
2782,2782,"1290,7120,11298,1244,7679,4929,9730,9101,10663,4576"
2789,2789,"2343,10326,9693,5199,3950,4798,5532,544,5303,13346"
2794,2794,"9942,2218,3950,2903,12665,5545,6220,4798,5495,544"
2804,2804,"8562,6220,3950,2218,5303,9942,3428,2343,5545,9693"
2819,2819,"544,12665,8562,10326,6220,5495,3950,5303,4798,2343"
2846,2846,"8562,6971,9942,6220,544,4798,5303,10326,2218,13408"
2851,2851,"7669,12869,2989,11298,1244,11024,544,9101,7679,4664"
2861,2861,"10326,544,4277,9404,8562,9532,8421,9072,7707,5495"
2862,2862,"12665,9942,6220,2989,9101,2343,9693,89,544,8562"
2867,2867,"13346,10326,350,10594,9178,1328,4798,4277,2063,12857"
2873,2873,"9693,2343,544,5495,13408,6971,1290,6795,5532,3127"
2880,2880,"6220,8562,9942,544,7707,1863,10429,13296,9101,5495"
2881,2881,"10326,4798,12857,4277,10594,10916,8562,8421,13249,13346"
2886,2886,"4798,4277,5303,12665,6220,8562,3950,8483,10326,2140"
2891,2891,"2343,9693,10326,4798,13346,9942,6795,6971,12665,5532"
2908,2908,"10326,544,4798,1290,2140,7120,5303,4277,8421,6971"
2910,2910,"544,9693,2343,6220,8562,6971,9101,5303,9942,7707"
2915,2915,"10326,4798,5495,9942,3950,8562,5303,6220,13346,12665"
2935,2935,"6971,5303,544,6220,10326,5495,5199,2218,9693,12665"
2946,2946,"1290,544,2989,11298,9101,9730,1244,12869,4576,4929"
2948,2948,"544,1290,2989,6220,11298,7120,9101,7679,1244,4576"
2969,2969,"3950,2140,4798,9942,2218,8413,544,9101,12665,8562"
2979,2979,"11298,12869,1290,7679,1244,7120,2989,11024,8978,10389"
3036,3036,"3464,7679,1290,11298,7120,6248,9101,2989,8315,544"
3050,3050,"8562,10326,4798,13346,3950,2343,6220,9942,8421,9693"
3056,3056,"6659,1328,4798,544,10326,9101,5495,9942,8562,4803"
3061,3061,"4798,10326,4277,5303,8562,12857,217,8421,717,3950"
3066,3066,"6220,8562,4798,9942,6659,5495,5303,7707,2218,5545"
3069,3069,"4798,10326,5303,12857,8562,13346,217,6326,8421,10916"
3094,3094,"10326,4798,4277,5303,8562,217,350,544,13346,717"
3106,3106,"8562,12665,6220,9942,3950,8188,6659,10326,4277,2218"
3110,3110,"1290,7120,4929,10663,544,9101,1244,2916,4798,1747"
3115,3115,"2343,9693,5199,12665,5532,544,10326,8562,2903,6220"
3136,3136,"1290,9101,7120,6971,544,2218,8562,6220,5303,10326"
3159,3159,"10326,3950,8562,4798,1328,6659,9404,9942,8590,2140"
3166,3166,"5495,10326,544,4798,6220,5303,4277,9942,2343,275"
3172,3172,"1290,544,2343,9693,11298,9101,1244,7120,89,6971"
3200,3200,"13346,3950,8562,4277,217,350,544,10326,4798,2343"
3217,3217,"10326,4798,13346,3950,2218,8562,6220,9942,12857,10568"
3218,3218,"1290,7120,1244,11298,9101,6220,544,4664,7679,2989"
3229,3229,"4798,10326,13346,4277,5303,6433,275,2140,544,717"
3230,3230,"544,1290,10326,7120,4798,9101,6971,5303,6220,2989"
3274,3274,"4798,6971,5303,2140,10326,275,6433,7063,544,9101"
3285,3285,"10326,4798,4277,5303,8562,12857,275,350,544,717"
3316,3316,"9942,8562,6220,3428,13346,12665,13110,5545,3870,2218"
3319,3319,"4798,8562,10326,4277,3950,350,8421,217,8483,1328"
3323,3323,"10326,4798,8562,3950,4277,13346,5303,12665,544,6220"
3346,3346,"4798,2989,6971,5303,12665,1290,11298,2140,9730,7120"
3354,3354,"10326,8562,13346,9942,3950,6220,4798,3565,11969,3428"
3368,3368,"4798,10326,8562,4277,3950,6220,13346,217,5303,2218"
3374,3374,"9942,1290,8562,7120,3428,5545,12665,3870,13110,13296"
3391,3391,"10326,8562,4277,12857,4798,3950,217,8421,10916,6220"
3397,3397,"8562,2343,13346,89,6220,9693,10326,4798,9942,6326"
3404,3404,"7707,8562,544,5495,10429,4798,9101,10326,8981,6220"
3408,3408,"8562,5303,9942,4798,12665,6971,8413,2218,3950,6220"
3416,3416,"2343,9693,6795,2989,544,9101,5532,1290,9942,11298"
3422,3422,"4798,10326,544,1290,6971,5303,7120,8562,4277,8421"
3423,3423,"544,8562,6220,5303,2218,5495,4798,1019,5199,10326"
3426,3426,"9942,6220,12665,6659,3870,4798,5545,8562,2218,3428"
3436,3436,"8562,10326,6220,4798,544,12665,2343,6971,5495,13346"
3448,3448,"4798,10594,12857,10326,8421,8562,10869,11345,544,9101"
3464,3464,"9942,12665,8562,3950,13346,3428,6220,2218,5642,1323"
3472,3472,"1290,7120,6971,11298,1244,89,4929,2218,544,2989"
3477,3477,"9942,8562,544,6220,5303,10326,5495,3428,3950,12470"
3488,3488,"10326,4798,13346,3950,5303,12857,6220,4277,8562,8483"
3497,3497,"13346,8562,8413,5303,4798,6971,3950,12665,9942,2218"
3504,3504,"1290,7120,1863,9101,544,7637,11298,1244,4798,2020"
3517,3517,"13346,4798,5303,8562,3950,10326,12857,2140,8413,8483"
3538,3538,"5495,5303,10326,4798,12668,217,8421,2140,9942,8562"
3544,3544,"3950,12665,4798,2343,13346,64,10326,6220,5461,89"
3547,3547,"217,4798,10326,4277,717,6220,13249,6383,8421,3950"
3569,3569,"10326,275,6971,4798,12665,5303,2343,6220,544,2140"
3570,3570,"544,9101,4798,10326,170,7902,9942,7616,5495,12665"
3575,3575,"10326,4277,4798,13346,5495,11000,9178,1543,275,544"
3579,3579,"4798,10326,8562,4277,6220,2343,13346,6433,717,544"
3588,3588,"1290,6220,7120,544,13296,8590,9942,1863,8562,10429"
3592,3592,"2989,12869,11298,1290,7679,9942,9101,4576,2874,11024"
3617,3617,"4798,10326,8562,5303,6220,4277,6971,3950,2140,8421"
3632,3632,"8413,3950,12665,9942,6220,4602,544,9101,4798,8562"
3650,3650,"544,4798,2140,10326,9101,7063,275,9942,13214,5946"
3654,3654,"10326,4798,350,1328,5303,275,2140,9178,12857,4277"
3656,3656,"4798,5303,10326,1290,544,9942,6971,9101,2199,7637"
3678,3678,"1290,544,7120,6220,6971,9693,2343,89,9942,5303"
3681,3681,"544,9101,4798,8112,10326,9942,8540,5495,12665,8562"
3683,3683,"4798,10326,5303,4277,13346,8421,10594,10916,3950,717"
3685,3685,"10326,4798,544,5303,4277,3950,8562,2218,10594,2140"
3699,3699,"1290,7120,3464,11298,1244,2989,7679,9101,4929,544"
3707,3707,"6220,8562,9942,8413,5495,10429,8188,544,4798,9101"
3731,3731,"1290,7120,1244,2989,9101,544,9730,4929,4576,10663"
3737,3737,"4798,8562,12857,5303,6433,3950,10326,8483,2218,1978"
3739,3739,"8562,4798,13346,10326,8188,9942,6220,6659,544,7707"
3744,3744,"3950,12665,13346,6220,9942,8562,4798,10326,2218,3428"
3753,3753,"10326,4798,13346,5303,6971,10916,8562,8421,3950,12857"
3778,3778,"8562,5495,6220,5303,2218,9942,4798,3950,10326,13346"
3786,3786,"8562,3950,6220,9942,5303,13346,4798,8413,2140,3870"
3790,3790,"8562,4798,9942,13346,3950,5303,2218,6220,10326,5495"
3804,3804,"4277,217,717,10077,350,8421,544,13346,10326,6383"
3805,3805,"8562,3950,10326,4798,5303,13346,10916,5199,2218,6220"
3819,3819,"10326,544,4798,8562,6220,5303,3950,2218,5495,9942"
3827,3827,"544,2459,9375,9101,4798,11337,10326,9942,5947,5495"
3829,3829,"4798,10326,8562,13346,5303,12857,6971,3950,6220,6326"
3841,3841,"10326,6971,5303,544,275,8562,2343,13346,2140,12665"
3849,3849,"1290,7120,11298,9730,1244,9101,9962,12869,789,5135"
3928,3928,"1290,7120,11298,1244,9101,4929,9295,12869,544,9730"
3988,3988,"11298,7679,8978,6288,7342,3464,4163,9101,2957,9330"
3994,3994,"1290,7120,2989,11298,9101,1244,544,6220,12869,7679"
3998,3998,"13346,9942,3950,10326,2411,4277,12665,275,3428,5461"
4012,4012,"3950,13346,4798,8413,544,8562,10340,5999,9101,9942"
4021,4021,"5303,4798,10326,6971,2343,2140,544,8205,9693,8562"
4022,4022,"4798,8562,6220,4277,6971,13346,12665,5303,3950,275"
4047,4047,"9942,6220,8188,544,8562,6659,5495,4798,10326,9101"
4073,4073,"1290,2989,544,1244,11298,9101,4929,9730,4576,6971"
4099,4099,"544,5495,1290,7120,6220,5303,12665,2218,9730,12470"
4100,4100,"5495,8703,544,9101,4798,9942,10326,8562,12665,11298"
4120,4120,"12470,13408,5303,12099,9942,5676,12668,8413,1355,1323"
4126,4126,"1290,7120,544,9101,11298,6971,4929,2989,10326,12869"
4136,4136,"4798,8413,844,5303,10326,8562,9942,5495,6326,12857"
4160,4160,"7669,1290,7679,11298,12869,7120,9101,4163,2957,6288"
4173,4173,"1290,7120,1244,6971,11298,9101,4576,544,6220,89"
4177,4177,"1290,7120,544,9730,11298,2989,9101,1244,12869,4576"
4183,4183,"10326,4798,4277,5303,544,717,8421,10594,8562,217"
4191,4191,"1290,7120,4929,1244,10663,9101,544,4798,12497,10326"
4195,4195,"8562,4798,10326,4277,12857,13346,5303,10916,2140,6433"
4213,4213,"544,9693,6220,2343,5495,6971,8562,9942,10326,13306"
4226,4226,"5495,9942,217,13249,4277,3950,3428,13346,5109,1328"
4227,4227,"1290,7120,11298,9295,1244,9101,544,275,9730,10607"
4232,4232,"13346,3950,10326,4798,8562,13249,9942,11540,544,854"
4255,4255,"4798,10326,4277,13346,5303,717,8421,217,350,8562"
4258,4258,"544,12869,4545,9101,2989,1244,11298,1856,6569,4798"
4274,4274,"5303,10326,1328,8421,350,8483,4798,1912,4277,544"
4289,4289,"1290,6220,2218,544,7120,89,6971,13296,9942,7707"
4295,4295,"10326,8562,4798,6220,544,4277,13346,3950,9942,64"
4300,4300,"8562,13346,3950,6220,3428,10326,9942,217,4277,4798"
4334,4334,"10326,4798,8562,217,12857,8421,10594,13346,4277,8205"
4361,4361,"8562,10326,4798,5303,3950,13346,5199,12665,5495,8235"
4377,4377,"4798,8562,3950,8483,5303,13346,10326,13249,8413,5610"
4412,4412,"1290,7120,9730,11298,1244,4929,2989,9101,7679,9295"
4415,4415,"8413,13346,12857,7919,1042,8562,5348,544,10326,9101"
4424,4424,"8562,4798,6971,13346,10326,544,9101,5303,5495,9942"
4425,4425,"10326,4277,4798,10594,12857,8562,350,8421,717,217"
4430,4430,"4798,8562,10326,13346,5303,3950,6220,4277,10916,12857"
4433,4433,"10326,8562,4798,8413,5303,6220,12857,2218,10594,5495"
4436,4436,"5495,10326,4798,9942,275,544,5731,9101,9306,8562"
4458,4458,"10326,4798,5303,13346,8562,10594,10916,3950,13249,12665"
4461,4461,"10429,1863,8562,544,5495,9101,4798,9942,10326,5976"
4488,4488,"3950,12665,9942,13346,6220,89,5676,2218,4798,9404"
4497,4497,"1290,7120,1244,4929,11298,9295,544,9101,6971,5303"
4498,4498,"10326,5303,4798,4277,544,350,8421,8562,217,2140"
4504,4504,"9942,5495,8413,3950,6220,12665,544,5461,9101,4798"
4510,4510,"9942,10326,6220,1290,12665,5303,6971,3950,544,4798"
4512,4512,"544,9101,4798,10326,11395,9942,3960,5495,12665,3269"
4513,4513,"10326,544,6220,4798,8562,5495,3428,2218,4277,5303"
4516,4516,"1290,7120,11298,1244,9730,9101,12869,2989,11024,544"
4526,4526,"6220,4798,544,8562,9942,12665,3428,4277,3950,2218"
4528,4528,"8562,4798,10326,13346,5303,2218,8483,12665,12857,6971"
4542,4542,"3950,4798,8562,6220,12665,13346,5303,9942,4277,6971"
4559,4559,"1290,7120,11298,9295,9730,1244,4929,1779,11299,3697"
4572,4572,"8562,13346,3950,4798,8413,544,9101,10326,12665,3055"
4575,4575,"8562,4798,6220,5303,3950,12665,10326,4277,9942,2218"
4583,4583,"4798,217,8562,10326,4277,12857,13346,1323,8483,6326"
4602,4602,"275,6220,6971,8562,5303,3950,7707,2218,4798,5495"
4608,4608,"11298,1290,1244,7679,9101,2989,7120,9730,4664,10389"
4609,4609,"13346,8562,4798,3950,5495,10326,11000,8413,5199,12665"
4626,4626,"13346,2343,8562,3950,64,275,12665,9942,8413,6220"
4642,4642,"8562,5495,3950,3428,9942,13346,6220,2343,4798,7707"
4653,4653,"8562,2343,6220,12665,9942,9693,6971,544,4798,7707"
4664,4664,"1290,11298,7120,1244,11024,9101,7679,4576,9730,9295"
4665,4665,"1290,7120,4929,10663,544,9101,5573,12030,4798,1244"
4672,4672,"1290,11298,7120,9101,1244,2989,544,11024,9730,4576"
4680,4680,"4798,10326,3950,12857,4277,10916,217,1328,350,6326"
4705,4705,"10326,4798,8562,5495,3950,12665,5303,5199,9942,6971"
4707,4707,"5303,8483,1912,4798,8373,5996,8562,544,9101,12857"
4711,4711,"5495,8562,12470,8413,6220,9942,5199,3950,5303,12665"
4732,4732,"12665,3950,5461,5495,5199,544,64,5532,1323,13346"
4734,4734,"1290,7120,6971,4929,9942,12665,6220,1244,9101,89"
4735,4735,"1290,7120,4929,10663,9101,544,4798,7637,10326,2989"
4749,4749,"544,6220,9942,2343,9693,9101,1863,10429,5545,13110"
4751,4751,"10326,6971,4798,9942,5303,13346,8562,12665,544,3950"
4762,4762,"6971,4798,8562,2218,3055,13346,5303,5875,8922,12665"
4767,4767,"10326,8562,4798,544,10429,7637,9101,1863,8188,5495"
4771,4771,"4798,10326,8562,6220,5303,3950,13346,9942,544,12665"
4773,4773,"5495,8413,12665,5303,10326,2218,6220,6971,8562,2140"
4776,4776,"8562,12665,4798,544,10429,9101,9942,10326,3578,7637"
4783,4783,"9942,6220,3428,6659,13306,8562,5545,3950,13110,5184"
4788,4788,"4798,12857,10326,10594,8562,8421,3950,2140,13346,10916"
4808,4808,"3950,4798,350,1328,12857,8562,8483,5642,1978,8421"
4810,4810,"9942,4798,3950,8562,6220,10326,13346,6971,5303,12857"
4818,4818,"4798,8562,10326,3950,13346,5303,5642,217,6220,4277"
4823,4823,"8483,3428,8562,6220,64,4798,544,4277,10326,3950"
4829,4829,"8562,3950,5545,6220,13346,5495,9942,4798,3870,544"
4842,4842,"8562,6220,4798,544,10326,2343,13346,5303,9693,9942"
4859,4859,"6220,9942,13346,3950,12665,8413,2343,4798,64,5495"
4866,4866,"1290,544,7120,6220,8590,8562,4798,1863,6971,9404"
4881,4881,"10326,4798,3950,4277,13346,6220,12857,6433,9942,6326"
4908,4908,"544,1863,4798,9942,9101,10326,12871,5495,383,13214"
4910,4910,"1290,1244,11298,4929,544,9101,2989,9295,9962,12869"
4922,4922,"10326,4798,8562,6220,12665,4277,3428,217,12857,5303"
4942,4942,"544,10326,1290,9101,11298,7120,4277,6383,1244,6220"
4976,4976,"10326,12665,4798,6220,11298,2989,5303,6971,544,2218"
4993,4993,"544,1290,1863,9101,7120,10429,10326,2989,4798,8562"
4995,4995,"10326,4798,4277,5303,10916,8421,350,10594,2140,6433"
5020,5020,"7679,3464,11298,544,10326,6659,9101,1328,2989,4798"
5040,5040,"8562,4798,10326,5303,3950,12857,2218,6433,6971,2140"
5048,5048,"2140,5303,4798,544,6433,9101,10326,37,9306,1018"
5058,5058,"9693,2343,12665,6795,5532,544,9942,5199,9532,2537"
5067,5067,"10326,4798,8562,4277,6220,10594,217,5303,8421,350"
5087,5087,"4798,10326,8562,6220,5495,3950,6971,3428,13346,12665"
5090,5090,"89,5875,12665,7024,544,4798,9101,9942,10326,13346"
5102,5102,"544,2218,9101,5495,4798,10326,13090,9942,5386,12665"
5103,5103,"4798,8562,6971,8413,5303,3950,12665,6220,13346,10326"
5105,5105,"1863,10429,544,9101,9942,1290,4798,5495,10326,8562"
5108,5108,"3950,4798,5495,5303,13346,10326,12470,2140,13408,2218"
5119,5119,"6220,8562,544,4277,2218,3428,8413,5495,1355,3950"
5120,5120,"11298,1290,544,9730,2989,7120,7679,9101,1244,11024"
5124,5124,"8421,6433,4798,544,10594,9101,10326,3421,9942,350"
5132,5132,"5303,5495,8562,2218,8413,4798,10326,13346,8205,6220"
5138,5138,"11298,544,9101,9730,9295,2989,1779,4576,10389,3222"
5144,5144,"10326,8562,544,4277,2343,13346,8421,6433,3950,12857"
5159,5159,"10326,4798,13346,8562,3950,6220,544,217,10916,8421"
5167,5167,"9942,2218,8562,3950,6220,10326,5676,12665,6326,13306"
5175,5175,"10326,4798,12857,4277,10916,8421,2140,5303,1328,8562"
5176,5176,"1290,7120,1244,11298,2989,9101,4929,544,7679,4576"
5185,5185,"3950,12665,6971,13346,89,9942,8562,10326,2218,4798"
5189,5189,"4798,8562,3950,12665,10326,6326,10916,6220,6971,9942"
5191,5191,"8562,10326,9942,89,6220,13306,13296,12665,13346,9101"
5206,5206,"8562,6220,4798,544,9942,5303,6659,6971,10326,2218"
5213,5213,"544,12665,10326,6220,9693,9942,2343,4798,8562,5303"
5224,5224,"4798,8562,4277,13346,544,5303,217,717,12857,13249"
5226,5226,"1290,11298,7120,544,2989,9101,12665,1244,6971,6220"
5241,5241,"1290,7120,4929,11298,10663,1244,9962,9101,9295,789"
5264,5264,"1290,11298,9101,544,2989,7120,1244,9730,4576,12655"
5268,5268,"10326,4798,8562,6971,5303,544,4277,275,2140,8421"
5270,5270,"8562,4798,10326,6220,6971,5303,12665,2218,13346,8413"
5287,5287,"9942,9693,11969,2343,544,12156,9775,9101,4798,6626"
5314,5314,"6220,6971,8562,4798,544,10326,9942,13296,8188,9101"
5318,5318,"1290,7120,4929,10663,544,9101,6243,4798,10326,2916"
5326,5326,"6220,8562,2218,4798,8981,544,10326,5495,5303,9942"
5336,5336,"8413,3950,4895,4277,3428,13346,10950,5642,7087,544"
5343,5343,"11298,1290,9962,7120,1244,9730,1779,9101,789,9942"
5347,5347,"9942,6220,12665,3428,2343,9693,544,3950,8562,2218"
5354,5354,"8562,5495,4798,10326,13346,3950,5303,275,2140,544"
5356,5356,"4798,10326,8562,3950,6971,6220,8413,8205,5303,13346"
5367,5367,"1290,7120,6220,89,544,11298,9101,9942,4798,4929"
5373,5373,"8562,5303,3950,6220,8413,12665,4798,3055,13346,10326"
5385,5385,"6220,544,6659,350,8562,10326,5495,1863,9101,4277"
5458,5458,"9942,3428,6220,13306,810,13110,5545,8562,13346,2343"
5463,5463,"4798,10326,8562,6220,5303,9942,275,6971,13346,4277"
5471,5471,"11298,1290,1244,9730,7120,7679,1779,11024,9101,12869"
5476,5476,"4798,1290,7120,5303,10326,6220,4929,13346,10916,9101"
5484,5484,"4798,8562,3950,13346,12665,8413,2218,6971,5303,2140"
5508,5508,"1290,7120,11298,9101,1244,2989,544,12869,9730,4576"
5513,5513,"9942,6220,8413,12665,2218,5303,8562,6971,3950,4798"
5520,5520,"10326,544,4798,4277,8562,717,6433,217,5303,12857"
5524,5524,"13346,3950,6220,9942,1889,8562,5495,3428,3870,6971"
5539,5539,"5495,9942,8413,5303,12470,4798,8188,6220,8483,8562"
5554,5554,"10326,10594,9340,10916,8421,8161,4798,544,9101,8562"
5564,5564,"4798,10326,5303,4277,8562,12857,8421,2140,544,10594"
5595,5595,"4798,10326,5495,8562,5303,275,13346,2218,2140,8413"
5601,5601,"10326,275,4798,5303,8562,6971,2140,544,8590,9101"
5602,5602,"10326,8562,4798,5303,12857,3950,275,2140,6220,13346"
5618,5618,"1290,7120,11298,1244,9101,9730,12869,10663,2989,4576"
5643,5643,"2343,5199,9693,5532,13408,5495,8922,544,9101,4798"
5644,5644,"4798,5495,13346,5303,5199,2140,10326,2905,5461,9942"
5651,5651,"4798,8562,10326,6220,2218,5303,3950,13346,4277,6971"
5655,5655,"5495,8413,8562,12668,5199,9942,2218,5303,10326,5676"
5658,5658,"10326,4798,8562,8421,10916,10594,12857,6971,13346,544"
5660,5660,"10326,2218,6659,544,1323,13110,2140,6220,1328,3428"
5662,5662,"6220,2218,9942,12665,3950,5545,5303,89,8562,8413"
5670,5670,"4798,10326,12857,5303,6433,4277,8562,6326,3950,8421"
5676,5676,"1290,7120,11298,1244,9295,1779,9730,10607,12869,9962"
5680,5680,"4798,6220,9942,13346,10326,89,8413,8562,6326,12665"
5698,5698,"544,6220,9942,2343,9101,9693,10326,11298,12665,4798"
5710,5710,"5495,2343,5199,6971,10326,3950,5532,4798,12665,9942"
5723,5723,"11298,2989,1290,1244,544,4576,9730,7679,9101,11024"
5742,5742,"9693,2343,544,5532,6795,5199,10835,12665,3950,13346"
5748,5748,"4798,8562,6220,12665,9942,13346,3428,5303,8413,6971"
5750,5750,"8562,544,5303,8413,5495,6220,4798,6971,2218,10326"
5787,5787,"3950,2343,9693,13346,9942,4798,10326,5199,8562,5532"
5798,5798,"2343,10326,5303,4798,13346,9693,3950,9942,6971,8562"
5799,5799,"9306,544,4798,9101,5946,2291,10326,9942,5495,8402"
5815,5815,"1290,11298,9101,9693,7120,2343,1244,544,12869,9962"
5822,5822,"10326,4798,5303,2218,3950,5495,8413,6971,8562,2140"
5834,5834,"8562,12665,4798,5303,5495,6220,6971,3950,9942,10326"
5846,5846,"4798,10326,13346,544,12665,5303,3950,2218,6971,4277"
5858,5858,"4798,3950,5495,8413,2140,5303,10326,8562,2905,544"
5882,5882,"4798,544,10326,8562,5303,4277,2218,3950,6433,10916"
5892,5892,"13346,4798,8562,5303,12665,10326,2218,6971,12857,3055"
5897,5897,"8413,3950,8562,13346,5303,12665,4798,2140,6220,10326"
5898,5898,"8562,10326,3950,6220,4798,8413,12665,9942,3870,4413"
5902,5902,"8413,544,9101,1847,12130,4798,10326,9358,5495,9942"
5919,5919,"10326,544,1290,7120,12869,4277,8562,6220,9101,6433"
5934,5934,"544,2343,9693,6795,10326,8483,3428,9101,4798,13249"
5946,5946,"1290,7120,6971,4929,9295,544,9101,3697,4798,10326"
5965,5965,"2343,5199,9693,13346,5532,8408,5495,544,9101,4798"
5995,5995,"10326,4798,13346,6220,2343,8562,3950,4277,3428,544"
6005,6005,"544,11298,9101,2989,1290,6220,12655,6971,7679,12665"
6006,6006,"9942,6220,8562,5495,3950,12665,5545,8413,3428,13346"
6013,6013,"10326,4798,8562,6220,3950,13346,9942,4277,12857,6433"
6016,6016,"10326,3950,13346,4798,8562,5495,2218,12857,6220,5303"
6023,6023,"7120,1244,9101,11298,544,9730,2989,10663,4576,9295"
6052,6052,"3950,9942,4798,10326,6971,13346,8562,5495,5303,12665"
6056,6056,"544,5495,6971,12665,10326,5303,2343,6220,9942,9693"
6059,6059,"10326,4798,5495,5303,3950,6220,6971,12857,8562,2140"
6064,6064,"8562,3950,10326,5199,4798,2343,5303,13346,5532,9942"
6091,6091,"3950,6971,2218,9942,5199,12665,5495,3055,6220,4798"
6112,6112,"7120,11298,1244,2989,9101,7679,9730,10663,12869,9295"
6133,6133,"9693,2343,6220,5303,3950,5199,9942,5532,2140,8562"
6150,6150,"4798,10326,8205,5610,10594,12857,544,9101,5495,9942"
6155,6155,"10326,4798,8562,13346,12857,5303,3950,9942,4277,12665"
6157,6157,"4798,10326,5303,8562,12857,8421,10916,2140,4277,8483"
6212,6212,"6220,3428,9942,8562,4277,13306,544,4798,6442,9101"
6218,6218,"10326,4798,13346,3950,8562,4277,5303,10916,8421,6220"
6242,6242,"4798,10326,9942,6220,6971,12665,2140,8562,275,2218"
6243,6243,"4798,10326,8562,544,5303,5495,275,4277,2343,717"
6260,6260,"4798,10326,810,8421,5303,8562,544,8161,8483,9101"
6262,6262,"10326,2140,4798,6220,275,8562,9942,544,5495,9101"
6278,6278,"5303,2218,544,275,4798,6971,5495,6220,4277,2140"
6280,6280,"4798,8562,3950,5303,6220,8483,13249,12665,13346,5495"
6287,6287,"8562,4798,6971,10326,2140,544,5303,12665,2343,9519"
6305,6305,"10326,4798,717,4277,5303,217,544,9942,8562,12857"
6320,6320,"1290,7120,9942,6220,9693,2343,4798,6971,544,5303"
6339,6339,"2343,8413,8562,6220,4798,5303,12665,13346,9942,9693"
6360,6360,"544,4798,6220,5303,13346,2218,6971,8562,275,8483"
6370,6370,"8562,10326,3950,6220,4798,13346,4277,5303,3428,5495"
6376,6376,"4798,10326,8562,4277,5303,13346,6220,275,3950,9942"
6378,6378,"7120,11298,1244,2989,9101,9295,9730,544,4576,4929"
6379,6379,"8562,4798,10326,3950,6971,6220,5303,544,13346,12857"
6398,6398,"544,2343,9101,6795,12655,2537,10326,7679,11969,6834"
6422,6422,"8413,8562,13346,4798,9942,3428,6220,4413,10326,10916"
6424,6424,"3950,4798,2218,13346,6659,10326,9942,11561,8562,11484"
6436,6436,"544,2770,9101,4798,10326,9453,9942,5495,8562,12665"
6454,6454,"9693,2343,544,9101,6795,5532,9942,11298,1220,10326"
6464,6464,"4798,10326,8483,8421,5303,2140,10594,13346,4277,2158"
6479,6479,"13346,4798,3950,2218,8483,8413,8562,13249,6326,12665"
6485,6485,"1863,544,8981,8703,9101,7637,4798,10326,9942,5149"
6488,6488,"9942,6220,3950,3428,5545,8562,3870,13110,12665,13346"
6490,6490,"9942,13110,8562,4823,3870,4654,544,9101,4798,3147"
6498,6498,"8562,10326,9942,6220,3950,3428,4798,13346,5303,4277"
6533,6533,"1290,2989,11298,12665,7120,544,9730,9101,7679,1244"
6577,6577,"10326,4798,9942,3950,13346,8562,4277,6220,5303,2218"
6579,6579,"4798,10326,4277,12857,5303,8421,544,8483,10594,50"
6583,6583,"10326,6220,9942,3950,8562,3428,4798,544,13346,4277"
6597,6597,"8562,9942,10326,9693,2343,4798,6220,13346,5303,544"
6599,6599,"6220,1290,6971,12665,5303,2218,13408,9942,2140,89"
6607,6607,"9942,8562,6220,5303,3950,3428,13346,4798,8413,12665"
6613,6613,"8562,3950,6220,12665,13346,10326,8681,8413,3428,5495"
6622,6622,"1290,7120,9295,11298,4929,1244,9101,2989,89,8590"
6637,6637,"6220,2218,6971,8562,9693,2903,2343,9942,5199,9532"
6644,6644,"10326,4798,8562,4277,5303,6220,3950,13346,217,2218"
6651,6651,"1290,11298,1244,2989,7120,9101,544,9730,12869,4576"
6674,6674,"3950,8562,10326,13346,12665,4798,5303,4277,9942,2343"
6683,6683,"9693,2343,10326,5199,12665,4798,6971,5532,5495,5303"
6686,6686,"1290,7120,9101,1863,544,6971,1244,9693,11298,9730"
6707,6707,"544,8562,2343,6220,5303,5495,10326,9693,9942,3950"
6724,6724,"1863,10429,544,9101,6220,4798,9942,5875,10326,7024"
6729,6729,"10326,8562,9942,4798,6220,3950,5303,275,6971,2218"
6739,6739,"12665,8562,3950,5461,8333,9942,6220,4413,544,9101"
6756,6756,"8562,4798,10326,5303,3950,2218,275,2140,12857,6220"
6764,6764,"6659,6220,5303,8562,50,1328,5545,9942,9602,10326"
6768,6768,"9942,6220,8562,12665,3428,10326,6659,5303,275,4798"
6787,6787,"12665,8562,2218,3950,4798,6971,3055,13346,10326,6326"
6808,6808,"1290,1244,11298,7120,544,2989,9730,4576,12869,7679"
6811,6811,"544,10326,4277,9942,4798,350,8562,12665,6220,2343"
6812,6812,"8562,4798,9942,10326,12665,3950,3428,13346,5303,544"
6831,6831,"9942,544,6220,4798,5303,10326,8562,12665,2218,6971"
6833,6833,"2343,9693,12665,9942,6220,8562,8413,544,9101,3870"
6840,6840,"4798,5303,10326,2140,275,544,6270,9101,12665,8562"
6842,6842,"1290,7120,11298,1244,4929,9962,9101,9730,10663,10607"
6855,6855,"1290,11298,7120,9101,1244,2989,544,9730,12869,4576"
6869,6869,"10326,4798,5303,8562,4277,3950,12857,8421,6971,6433"
6874,6874,"6220,6971,1290,544,12665,4798,1863,9101,9942,8562"
6879,6879,"544,2343,9693,5495,6971,5199,5532,10326,4798,9942"
6885,6885,"13346,3950,5676,544,4798,9101,6326,3870,10326,5495"
6886,6886,"9942,6220,2343,13346,9693,4798,544,3950,12665,4277"
6902,6902,"10326,4798,4277,13346,544,6971,12857,8562,6433,3950"
6908,6908,"1290,11298,7120,2989,9101,1244,7679,12869,4664,544"
6911,6911,"3950,6659,9942,11484,10326,8562,544,4798,9101,11547"
6912,6912,"12665,3950,6220,9942,8562,810,544,4798,6971,3428"
6919,6919,"1290,7120,544,11298,2989,1244,9101,9730,12869,4576"
6926,6926,"3950,9942,5532,4413,544,9101,4798,5495,10326,10835"
6934,6934,"10326,8562,3950,8483,13346,10916,4798,8421,5495,13249"
6935,6935,"4798,10326,8562,544,4277,6220,12665,13346,8483,3950"
6939,6939,"6220,8413,5303,4798,1290,10326,9942,6971,12665,2218"
7000,7000,"9942,544,6220,2343,9693,8562,12665,3428,3950,5303"
7003,7003,"8562,3950,10326,9942,2343,12665,6220,5495,1323,9693"
7005,7005,"10326,4798,544,3428,8562,217,717,8421,6433,350"
7042,7042,"10326,4798,8562,3950,5303,12665,12857,10916,13346,6971"
7045,7045,"4798,10326,8562,6220,13346,544,5303,2140,12665,3950"
7047,7047,"10429,1863,544,9101,8703,4798,9942,10326,8981,5495"
7053,7053,"6220,8562,544,10326,8188,9942,12665,4798,7707,10429"
7063,7063,"10326,4798,13249,13346,8483,717,3950,12857,4277,8421"
7067,7067,"2343,9693,3950,4277,13346,2218,6795,717,4798,6433"
7071,7071,"10326,4798,4277,12857,3950,13346,6433,717,6326,217"
7078,7078,"8562,5495,6220,3950,13346,3428,9942,2343,2218,5303"
7109,7109,"4798,8562,1355,6433,6326,10326,13346,12857,3870,5495"
7118,7118,"4798,10326,12857,6433,10916,5303,13346,8562,6326,10594"
7129,7129,"1290,7120,11298,1244,2989,9101,9730,544,4664,4576"
7133,7133,"10326,4798,5495,5303,609,350,217,8421,3416,652"
7139,7139,"1290,544,769,9295,8590,11298,9101,11464,12903,10464"
7142,7142,"8562,4798,10326,3950,6220,544,4277,12665,5303,9602"
7146,7146,"2343,9693,4798,5303,12665,10326,6971,5532,5199,2218"
7172,7172,"10326,4798,8562,4277,217,717,8421,12857,10916,10594"
7181,7181,"89,544,64,12665,5495,6971,4576,9404,4798,5199"
7195,7195,"4798,10326,8562,4277,12857,13346,5303,6971,10916,544"
7197,7197,"4798,8562,10326,9942,3428,5303,3950,13346,5545,5495"
7203,7203,"1290,7120,11298,1244,9101,2989,4929,9730,9295,544"
7223,7223,"8562,3950,10326,4798,6220,6971,12857,10916,13346,12665"
7235,7235,"1290,12869,7120,544,11298,9101,2989,9730,1244,6971"
7236,7236,"544,10326,7120,4798,12665,5303,4277,6971,1244,2989"
7237,7237,"1290,7120,4929,1244,544,9101,4798,10663,10326,7637"
7255,7255,"1290,7120,4929,9295,4798,544,8590,6971,9730,10663"
7297,7297,"6220,9942,12665,4798,6971,10326,8562,9693,2140,3950"
7320,7320,"8413,4798,3950,10326,5303,2218,5495,11572,544,8562"
7323,7323,"12665,2343,13346,9693,64,3950,6220,8562,1323,9942"
7326,7326,"4798,10326,5303,5495,8483,2140,2218,8590,275,12404"
7343,7343,"10326,4798,4277,8562,6433,350,717,5303,8421,10594"
7363,7363,"5495,6220,8562,13346,9942,12665,6971,2218,4798,89"
7364,7364,"4798,6971,2218,13346,5303,10326,8483,8413,12665,9942"
7366,7366,"6220,9942,3428,3950,4277,13110,544,10326,8562,9101"
7372,7372,"8413,13346,8562,5303,5495,2218,9942,4798,6302,3950"
7399,7399,"9942,544,9532,6659,1863,10429,5495,9693,7707,9101"
7402,7402,"8562,6220,5303,5495,12665,8413,2218,4798,3950,10326"
7406,7406,"8562,10326,4798,3950,5303,544,9942,4413,5610,2140"
7421,7421,"544,9942,4798,10326,12665,8562,6971,2218,8413,2343"
7425,7425,"1290,7120,544,6220,10326,8562,1244,9101,4929,11298"
7431,7431,"4798,10326,12857,10916,6971,4277,8421,8562,10594,13346"
7447,7447,"4798,10326,8421,8562,5303,2140,13346,6326,12857,8205"
7451,7451,"8562,6220,544,7707,1863,10429,13296,10326,4798,5545"
7453,7453,"7120,4929,1244,9962,6971,789,5135,10663,11298,544"
7456,7456,"1290,7120,1244,9101,9962,6971,2989,11298,789,544"
7484,7484,"1290,7120,11298,9730,4929,1244,6971,10663,9101,544"
7486,7486,"4798,10326,5495,8413,5303,8562,3950,2218,9942,6220"
7505,7505,"1290,7120,11298,2989,1244,9101,544,9730,7679,4929"
7529,7529,"4798,10326,8562,13346,12857,10916,2140,8421,4277,2343"
7532,7532,"11298,9101,2989,7679,1244,8978,544,12869,6288,11024"
7548,7548,"8562,6220,12665,13346,9942,4798,10326,5303,8413,2218"
7550,7550,"3950,8562,9404,4277,6326,1978,4798,1328,6220,350"
7557,7557,"10326,4798,4277,8421,10594,350,8562,217,12857,10916"
7574,7574,"1290,7120,11298,4929,9962,1244,9101,789,2989,5135"
7586,7586,"9942,1863,544,8562,7637,9101,8703,4798,10326,5495"
7592,7592,"544,9101,4798,12204,10326,9942,5495,873,12665,9258"
7594,7594,"8413,13346,3950,8562,4798,6220,9942,12857,4413,2218"
7600,7600,"10326,2343,9693,13346,8562,4277,4798,544,9942,12665"
7601,7601,"4798,10326,5303,13346,8562,4277,6971,2140,10916,10594"
7642,7642,"10326,544,4798,1290,6220,5303,7120,9942,1244,11298"
7647,7647,"8413,5303,8562,2218,544,1862,6220,4798,10326,7138"
7650,7650,"8562,8413,3950,6220,5303,4798,2218,544,6971,13346"
7660,7660,"1290,11298,9101,2989,7120,544,1244,12869,4576,9730"
7682,7682,"10326,4798,6220,8562,5303,9942,6971,4277,3950,13346"
7712,7712,"544,6220,12665,10326,4798,3428,8562,2218,5303,3950"
7728,7728,"8562,4798,10916,12857,10594,3950,11000,10326,4277,6433"
7763,7763,"8562,4798,6220,10326,13346,12665,3428,5303,6659,5545"
7764,7764,"10326,6220,9942,544,13346,6971,4798,2218,275,3950"
7765,7765,"2989,11298,9101,9730,7679,8978,1290,4576,11024,12655"
7768,7768,"6659,8413,9942,8562,4798,6220,3950,4413,5495,544"
7776,7776,"1290,7120,9962,11298,9101,789,5135,1244,4929,544"
7834,7834,"4798,8421,10326,544,9101,350,3968,1390,9942,7044"
7850,7850,"4798,4277,544,217,8421,10594,2140,275,12857,350"
7860,7860,"1290,7120,11298,2989,1244,9101,7679,544,4929,9730"
7879,7879,"4798,10326,6971,5303,8562,2140,8421,5495,10916,12665"
7892,7892,"544,11298,1290,9101,9693,2343,1244,7120,1220,9156"
7895,7895,"4798,6220,8562,5303,8413,13346,10326,5495,3950,2140"
7901,7901,"4798,10326,6220,3950,4277,5303,8562,13346,544,12857"
7922,7922,"12665,544,4798,6220,4277,3950,9942,9101,8562,8421"
7927,7927,"4798,10326,8562,5303,5495,6220,11969,6971,9942,8413"
7931,7931,"9693,4798,2343,10326,5303,544,13346,275,8562,6971"
7938,7938,"12470,9942,3950,6220,3428,13306,5199,8562,5532,10326"
7942,7942,"544,4277,8562,10326,3950,6220,350,6433,10916,217"
7964,7964,"9942,2218,1323,3950,8413,5545,5495,4413,3428,4602"
7982,7982,"5495,3950,2343,64,5199,12665,5461,9942,2903,13346"
7988,7988,"1290,7120,4929,544,3697,9101,6971,4798,8302,11117"
7992,7992,"4798,8562,10326,13346,4277,6220,12857,5303,8421,10916"
8005,8005,"6971,2343,4798,8413,5303,2218,12665,10326,5199,9693"
8019,8019,"3464,6248,7679,9101,2710,11298,544,2989,4798,10326"
8026,8026,"8562,13346,4798,6220,10326,3950,9942,12665,4277,13249"
8028,8028,"9693,2343,544,5532,6795,9404,5199,9942,4798,64"
8085,8085,"13346,50,275,9942,64,544,6626,9101,4798,12665"
8103,8103,"89,12665,4602,544,8235,9942,7024,9101,4798,5875"
8108,8108,"8562,3950,10326,6220,4277,13346,3428,217,9072,10594"
8137,8137,"9942,2343,6971,544,12665,9693,3950,5303,8562,5495"
8138,8138,"10326,8562,13346,12857,5303,6433,217,4277,3950,717"
8139,8139,"4798,10326,8562,5303,6971,3950,2218,8421,12857,6220"
8148,8148,"9942,4798,10326,8562,12665,6220,13346,3950,544,6971"
8150,8150,"4798,10326,8562,12665,275,5303,6220,3950,4277,13346"
8160,8160,"544,1290,7120,11298,2989,9101,1244,12869,4576,6971"
8175,8175,"12665,10326,9942,3950,1328,4277,13346,8483,11639,217"
8191,8191,"1290,7120,9730,2989,9101,12869,11298,1244,4929,6591"
8198,8198,"4798,10326,8562,6220,8483,6971,3950,2218,4277,12665"
8202,8202,"11298,9101,2989,1244,7679,1290,9730,4576,12995,7120"
8233,8233,"4798,10326,6971,13346,12665,5303,8483,8421,2343,3950"
8251,8251,"4798,12136,544,5495,9942,5126,9101,1031,5100,13346"
8252,8252,"10326,4798,4277,8562,12857,717,3950,5303,8421,217"
8265,8265,"10326,4798,544,8562,5303,6220,6971,275,2218,12665"
8267,8267,"10326,4798,5303,8562,12857,8421,10916,13346,11000,6433"
8268,8268,"8562,13346,12665,5303,12857,6326,10326,3950,717,544"
8294,8294,"9693,2343,544,6971,10326,4798,5532,6795,2140,5303"
8299,8299,"1290,7120,1244,9962,11298,9101,789,4929,544,12869"
8302,8302,"10326,4798,5303,4277,2218,12857,2140,13346,9072,8421"
8303,8303,"1290,4929,1244,9101,11298,9295,544,2989,9730,6971"
8323,8323,"6971,8562,2343,9693,5495,10326,6220,544,5199,4798"
8327,8327,"2218,6220,5303,6971,3950,4798,9942,12665,89,8413"
8331,8331,"3950,6659,8562,5303,2218,1328,9942,3428,6220,714"
8332,8332,"1290,11298,7120,9101,1244,9730,4576,7679,4664,2989"
8334,8334,"3950,6220,8562,9942,5495,8413,4798,12665,3428,2218"
8337,8337,"1290,7120,544,11298,1244,2989,9295,2343,10326,9730"
8341,8341,"8562,13346,3950,4798,6326,10326,9942,12857,5495,6220"
8361,8361,"10326,4798,8562,6971,5303,9942,544,6220,8590,13296"
8369,8369,"3950,9404,2411,9693,9072,10326,544,2343,6220,8562"
8378,8378,"10326,6971,5303,4798,8421,13249,13346,544,9942,10916"
8407,8407,"7679,11298,2989,3464,544,8978,11024,9101,4576,9730"
8419,8419,"1290,1244,7120,544,11298,9101,2989,4576,4664,9730"
8424,8424,"8562,10326,5303,544,4798,6971,1290,13296,1863,8590"
8425,8425,"5303,4277,10326,4798,8562,13346,2218,6220,13249,2140"
8438,8438,"1290,7120,4929,9962,3697,5135,11298,9101,544,10663"
8447,8447,"10326,4798,4277,12857,8562,5303,10916,8421,6433,350"
8458,8458,"12869,11298,2989,544,9101,1240,9942,4798,9962,1244"
8463,8463,"10326,4798,8562,9942,6220,5303,544,6971,5495,2218"
8471,8471,"4798,10326,6971,5303,3950,8562,12665,13346,2140,2218"
8472,8472,"1290,7120,1244,11298,9101,7679,544,12869,2989,9730"
8477,8477,"6971,5303,4798,10326,2343,544,8562,6220,9693,5199"
8478,8478,"2343,9693,5495,12665,6971,544,9942,6220,2218,5199"
8483,8483,"1290,7120,11298,9295,1244,9101,9962,6971,89,544"
8496,8496,"10326,6971,5303,8562,3950,1290,8205,544,5495,5199"
8497,8497,"10326,8562,4798,12857,3950,3428,13346,6220,8483,217"
8501,8501,"10326,4798,8562,13346,8413,3950,544,5999,12857,5199"
8506,8506,"9942,3950,6220,13346,5495,8562,3428,10326,2218,5461"
8520,8520,"4798,10326,5303,8562,4277,12857,3950,544,6971,10916"
8524,8524,"544,11298,12665,4277,9101,7679,2989,1244,4576,11969"
8531,8531,"4798,8562,10326,8413,13346,3950,50,4277,275,6326"
8556,8556,"10326,4798,544,8562,4277,5303,5495,6220,350,8483"
8579,8579,"11298,2989,9730,9101,1244,4576,544,11024,12869,7679"
8585,8585,"6220,2218,544,5545,5495,13110,13296,3950,9942,7707"
8591,8591,"12665,10326,6220,9942,3428,13346,4798,6659,4277,5303"
8592,8592,"1290,7120,4929,1244,10663,9101,6971,544,11298,2916"
8596,8596,"9942,3950,8562,4798,6220,13346,10326,3428,8413,12857"
8598,8598,"10326,8562,5303,4798,3428,12665,3950,6220,4277,13346"
8608,8608,"1290,7120,10663,9101,1244,11298,9295,6971,2989,544"
8610,8610,"1290,7120,1244,11298,4929,9101,9730,9962,9295,544"
8617,8617,"1290,7120,11298,9295,1244,4664,4929,9101,10607,2989"
8621,8621,"5303,6971,2218,4798,5495,5199,13346,1746,5532,10326"
8629,8629,"544,9093,3420,9101,11013,4798,10326,8068,6708,9942"
8649,8649,"5495,5532,544,9101,4798,12665,9942,2705,10326,8413"
8652,8652,"7120,4929,1244,11298,9101,2916,9730,9962,544,6243"
8714,8714,"1290,7120,2989,6220,9101,9942,11298,8590,544,7679"
8718,8718,"89,12665,9942,5875,64,544,8235,9101,2343,7024"
8733,8733,"9101,1290,11298,12655,2989,7679,544,7120,1244,8978"
8734,8734,"12665,6220,3428,3950,5545,3870,13110,89,4413,544"
8754,8754,"8562,5495,5303,544,2218,217,3950,10326,6220,12470"
8771,8771,"8413,4798,8562,2218,6220,10326,6971,5303,8205,4413"
8791,8791,"544,4798,10326,8562,6220,2343,9693,9942,13346,4277"
8794,8794,"8562,4798,6220,3950,5303,810,13346,2218,3428,10326"
8797,8797,"9453,10326,544,8562,9101,4798,8822,350,9942,4560"
8804,8804,"10326,13346,4798,8562,3950,6220,4277,2218,12857,5303"
8809,8809,"10326,4798,12857,275,6971,5303,544,13346,4277,5676"
8823,8823,"1290,7120,11298,2989,9101,4929,7679,9730,4576,9295"
8833,8833,"10326,4277,10916,8562,3950,8421,12665,13346,4798,10077"
8835,8835,"1290,7120,11298,9693,2343,1244,4929,12869,9295,9101"
8840,8840,"4798,5303,2140,6971,8413,544,8562,10326,9101,7063"
8842,8842,"8413,5495,544,238,4181,7063,9101,4798,10326,9942"
8860,8860,"544,1290,11298,12665,2989,1244,7679,89,6220,9101"
8866,8866,"10326,4798,4277,8421,3950,8562,13346,544,5199,8483"
8877,8877,"8562,4798,10326,544,12665,9101,6515,1102,9942,13230"
8887,8887,"8413,8562,5532,3950,9190,6220,5731,12665,544,2218"
8895,8895,"350,8092,10326,544,4798,9101,11739,1328,2770,9942"
8907,8907,"1290,7120,11298,1244,4929,9101,9962,789,9730,5135"
8921,8921,"10326,4277,4798,13346,717,6433,350,2140,8562,4492"
8928,8928,"7679,11298,3464,1290,7669,9101,544,11554,7120,1371"
8936,8936,"10594,13408,5495,12857,217,544,4685,9101,4798,3013"
8965,8965,"9693,2343,10326,4798,544,9942,6971,6220,5303,13346"
8971,8971,"9693,2343,12665,6795,9942,544,5532,6220,8562,5495"
9000,9000,"544,1290,7120,11298,9101,1244,9693,7679,2989,4576"
9023,9023,"12665,544,3950,2343,4277,9942,9693,10326,2218,10077"
9025,9025,"12665,5303,6971,10326,1290,275,89,544,4798,2218"
9031,9031,"8413,3950,4798,6971,13346,5199,8562,9942,544,5495"
9045,9045,"4798,1290,9942,7120,10326,6220,5303,4277,2218,8413"
9053,9053,"8562,12665,6220,6971,4798,10326,3950,13346,544,3055"
9054,9054,"9942,6220,12665,3950,13346,5303,3428,4798,8483,2218"
9060,9060,"8562,4798,10326,6220,12665,5303,544,3950,6971,2343"
9063,9063,"8562,8413,3950,9942,6220,13346,4413,3428,2585,4798"
9071,9071,"8562,6220,3950,12665,9942,3428,2218,13346,8681,275"
9078,9078,"9693,2343,544,9101,5532,6795,10326,5199,2537,4798"
9101,9101,"4798,8562,10326,13346,9942,6220,5495,3950,3428,12665"
9108,9108,"6220,3950,5303,9942,4798,4277,3428,544,2140,6270"
9110,9110,"10326,8562,4798,5303,12857,2218,4277,12665,6433,6220"
9114,9114,"2989,544,11298,9101,5495,6220,7679,9730,1244,7342"
9144,9144,"1290,11298,7120,1244,544,9101,2989,9730,4576,11024"
9172,9172,"1290,7120,6220,544,9101,1863,4798,10326,9942,5495"
9185,9185,"544,1863,8562,6220,10429,5495,9101,9942,10326,5976"
9190,9190,"4798,8562,5303,10326,3950,12857,6220,6971,2140,5642"
9193,9193,"10326,8562,3950,4798,13346,6220,2218,12857,13249,2140"
9198,9198,"10326,5303,4277,2140,9340,4798,544,9101,7138,4908"
9200,9200,"1290,7120,10326,9942,6971,544,6220,5303,4798,1244"
9201,9201,"7679,1290,7120,11298,1244,12995,3464,9101,2989,12655"
9204,9204,"544,10326,5303,4798,2343,6971,9693,5495,2218,8562"
9215,9215,"1290,7120,4798,10326,6971,4929,2140,10663,5303,544"
9222,9222,"1290,7120,11298,12869,9730,1244,9101,544,4664,9295"
9233,9233,"4798,4277,5303,8562,13346,12665,544,3950,1328,6383"
9235,9235,"1290,7120,9101,1244,544,11298,4576,2989,7679,9942"
9245,9245,"1290,7120,1244,9101,4929,11298,789,544,12869,13309"
9275,9275,"12665,89,9942,5495,5875,544,7024,9101,4798,8562"
9308,9308,"9942,8562,6220,544,3428,2218,3950,5495,5545,8188"
9323,9323,"10326,4277,544,8483,5303,4798,717,2218,10594,8421"
9329,9329,"10326,8562,3950,6220,13346,5303,12665,5495,2343,12857"
9355,9355,"8562,4798,3950,8413,6220,2218,5303,10326,6971,12665"
9369,9369,"4798,10326,5303,12857,13346,6433,2140,8562,8421,2218"
9386,9386,"8188,11484,5495,544,12226,6659,9101,3269,4798,9942"
9388,9388,"4798,544,6220,5303,12665,275,6971,9942,4277,8188"
9401,9401,"1290,7120,11298,1244,9962,4929,9730,789,5135,10607"
9418,9418,"10326,8562,4798,6220,9942,3950,2218,5303,3428,13346"
9433,9433,"4798,8562,10326,4277,8483,12857,3950,13346,217,10916"
9440,9440,"10326,544,4798,4277,8562,217,717,350,8421,5303"
9446,9446,"3950,8562,13346,2218,10326,13306,4277,5495,3428,5303"
9464,9464,"5495,12470,8188,544,2218,5676,8413,7707,2585,8562"
9477,9477,"8562,5303,5495,4798,275,3950,10326,12665,50,4277"
9488,9488,"1290,7120,11298,1244,544,6971,9101,9730,4576,12869"
9500,9500,"10326,4798,4277,8562,717,13346,10916,350,12857,8421"
9502,9502,"4798,8562,10326,3950,3428,13346,2218,12857,5495,5303"
9507,9507,"2343,9693,2903,2537,544,12665,89,9942,9101,9532"
9528,9528,"7120,2989,11298,9101,7679,4929,12655,9730,12869,544"
9539,9539,"4798,10326,13346,4277,8562,12857,6220,2218,3950,6433"
9566,9566,"544,10326,9693,9101,4798,2343,6971,6220,11298,5303"
9575,9575,"4798,5303,10326,2218,8483,12857,8562,4277,11000,5495"
9583,9583,"5495,4798,13346,10326,5303,9942,3950,6220,12470,4277"
9589,9589,"10326,4798,3950,4277,13346,8562,544,6971,6433,6220"
9591,9591,"4798,10326,8562,5303,3950,6971,10916,2218,12857,4277"
9617,9617,"5495,5303,1286,4798,10326,544,9101,12470,8562,609"
9620,9620,"8562,12665,6220,3950,13346,10326,9942,2343,5495,3428"
9622,9622,"5495,2905,4798,544,10326,5109,9101,3950,5999,9942"
9631,9631,"9730,4576,7679,11298,9101,11918,3222,12869,7605,544"
9655,9655,"8413,8562,3950,1042,8822,8188,12665,544,9101,4798"
9658,9658,"10326,4798,544,5495,6220,2343,5303,2140,8421,9942"
9660,9660,"1290,7120,9730,9101,11298,4929,1244,2989,9295,4576"
9669,9669,"1290,7120,4929,9962,10663,789,9295,5135,544,9101"
9672,9672,"4798,5303,13346,12857,8562,3950,4277,8483,10326,6326"
9684,9684,"544,9101,6952,4798,10326,9942,8562,5495,10352,12665"
9702,9702,"1290,7120,4929,1244,11298,9962,6971,10663,9101,789"
9705,9705,"1290,7120,10326,4798,8562,6220,5303,12857,6971,2218"
9722,9722,"1244,12869,11298,1290,7120,9101,544,4576,7679,8978"
9732,9732,"1290,1244,11298,7120,9730,9101,7679,4576,544,8978"
9781,9781,"12655,2989,11298,9101,7679,844,2874,3704,3148,3238"
9803,9803,"5495,5303,2343,6971,544,5532,9693,12665,12470,2218"
9809,9809,"10326,8562,64,2343,5495,2218,6795,13306,5303,9942"
9814,9814,"10326,12857,4277,6971,5303,8421,8562,10916,2140,10594"
9818,9818,"6971,5303,2218,2343,5199,5495,6220,8562,9693,3950"
9820,9820,"4798,9693,5495,13346,2905,5199,5532,544,12611,13315"
9848,9848,"544,10326,4798,5303,4277,350,13346,2140,8562,8421"
9856,9856,"4798,10326,8562,5303,544,6971,3950,12665,9942,4277"
9869,9869,"12665,6220,6971,5303,4798,8235,544,10326,9101,2218"
9889,9889,"10326,4798,5303,275,2218,8413,6971,8562,6220,2140"
9923,9923,"4798,10326,8562,4277,5303,3950,8483,8421,6971,10916"
9929,9929,"8562,3950,13346,12665,4798,5461,9942,9404,3055,10326"
9961,9961,"1290,7120,11298,12665,89,1244,9101,4929,544,7024"
9969,9969,"4798,10326,4277,6971,544,5303,717,1290,217,2218"
9974,9974,"1290,7120,2343,89,9101,11298,9693,6591,4929,2989"
9976,9976,"1290,11298,1244,9101,1862,3222,7120,4890,11918,13315"
9989,9989,"8562,5495,9942,6220,3950,4798,5303,10326,12470,12665"
9993,9993,"9942,8562,4798,12665,2343,5303,6971,10326,544,13346"
10002,10002,"6659,10326,544,4798,9101,2989,9942,275,12665,5303"
10011,10011,"1290,11298,9730,7120,7679,2989,9101,1244,4576,4664"
10016,10016,"10326,4798,8562,5303,544,6220,4277,9942,6971,12857"
10028,10028,"9942,3428,5545,544,9101,8562,57,4798,6220,12665"
10029,10029,"9942,13346,6220,10326,8562,5303,5495,3428,2218,3950"
10033,10033,"12665,2218,8413,6971,5303,3055,1220,1230,1286,8922"
10042,10042,"10326,4798,5303,8562,6971,3950,12857,10916,10594,13346"
10046,10046,"4798,10326,8562,4277,3950,12857,13346,217,10916,13249"
10061,10061,"4798,4277,544,8562,3950,6433,12857,10594,6220,217"
10071,10071,"13346,6220,4277,3950,9942,217,10326,3428,8421,8562"
10084,10084,"4798,8562,13346,6971,2218,6220,10326,12857,8421,2140"
10091,10091,"8562,4798,10326,5303,6220,3950,9942,5495,13346,8421"
10102,10102,"1244,11298,544,2989,4929,4576,9730,6971,12869,12665"
10104,10104,"4798,8562,5303,10326,2218,6220,3950,5495,12857,275"
10121,10121,"1290,7120,6971,4929,1244,544,9693,9101,11298,5495"
10131,10131,"3950,13346,9942,6220,8562,3428,8413,4798,12857,10326"
10134,10134,"10326,4798,275,544,4277,2140,5303,350,8421,9942"
10139,10139,"1290,7120,4929,11298,1244,10663,9295,9101,3697,544"
10144,10144,"3950,8562,13346,10326,6220,5199,4798,2343,9942,5532"
10155,10155,"4798,2218,8562,10326,13346,3950,8483,5303,8413,9942"
10168,10168,"1290,1863,6220,544,13296,4798,9942,9101,10429,7637"
10178,10178,"1290,544,9101,2989,6220,9942,10326,7120,11298,1244"
10186,10186,"9693,12665,8562,9942,6220,13346,3950,5545,89,5532"
10190,10190,"4277,10326,10594,4798,8421,10916,717,217,350,544"
10194,10194,"8562,4798,13346,3950,8413,12857,12665,4277,2218,5303"
10196,10196,"9942,5676,13346,3950,1889,6220,8562,4413,544,9101"
10215,10215,"10326,4798,4277,8562,5303,12857,6971,6433,8421,13346"
10218,10218,"9942,8562,6220,4798,10326,5303,3950,12857,12665,5495"
10251,10251,"8562,4798,6220,5303,8188,3950,2218,12857,13346,10326"
10252,10252,"1290,7120,9295,1244,11298,9101,9962,544,789,6220"
10262,10262,"5495,12099,2903,5199,544,9101,2218,4798,9942,10326"
10266,10266,"9942,6220,544,12665,8562,4798,3950,2343,6971,5545"
10271,10271,"9942,6220,2343,10326,4798,12665,8562,9693,6971,2140"
10277,10277,"4798,10326,8562,5303,6971,13346,3950,2218,12857,10916"
10282,10282,"10326,4798,12665,1290,5303,6971,13346,544,8590,8421"
10286,10286,"1290,7120,4929,10663,544,12030,3697,9101,9295,4798"
10305,10305,"10326,810,4798,1889,13346,5199,12857,3950,5495,544"
10309,10309,"9942,12665,6220,8562,10326,2218,5545,89,13346,6971"
10335,10335,"1290,7120,11298,1244,9730,9101,4929,10663,2989,12869"
10340,10340,"11298,1290,2989,7120,7679,9101,544,4576,9730,1244"
10375,10375,"6220,4798,8413,9942,5303,12665,8562,5495,544,3428"
10388,10388,"4798,10326,5303,6971,2218,13346,8562,275,2140,5495"
10397,10397,"4798,10326,8413,5303,4277,12857,8421,1889,8562,10594"
10402,10402,"9942,3950,5676,8562,2218,6220,13346,4798,3870,12665"
10407,10407,"544,6220,4277,2343,350,10326,810,3428,5303,8562"
10408,10408,"10326,4798,544,9942,9101,8562,5495,9306,12665,7439"
10416,10416,"10326,3950,13346,4798,2343,6220,12665,9942,1220,4277"
10448,10448,"4798,8562,10326,3950,544,6220,5303,13346,4277,275"
10454,10454,"8562,3950,13346,10326,3428,5495,9942,13249,4798,6220"
10499,10499,"4798,10326,4277,717,8421,13346,217,6433,10594,10916"
10503,10503,"3950,12665,8823,544,8296,9101,4988,3428,11351,4798"
10504,10504,"2989,11298,7679,3464,9101,12869,1244,4545,544,8978"
10508,10508,"10326,4798,5303,544,4277,8562,6971,717,2140,217"
10514,10514,"8562,3950,13346,4798,10326,12857,10916,4277,6326,6220"
10526,10526,"10326,4798,3950,13346,4277,12857,8562,10594,6433,10916"
10540,10540,"4798,10326,13346,6220,9942,5303,275,8562,4277,3950"
10542,10542,"4277,10326,217,350,544,8421,4798,9340,6433,717"
10551,10551,"4798,10326,8562,6220,9942,544,5303,275,12665,6971"
10554,10554,"8562,544,12665,9942,5303,5676,5199,2989,6220,8413"
10555,10555,"11484,6220,8562,8590,8188,10429,544,9101,1863,4798"
10556,10556,"4798,844,3055,2140,5303,5610,227,544,9101,3766"
10562,10562,"4798,12857,10326,2218,6971,13346,5303,2140,9072,3950"
10575,10575,"11298,1290,7120,9730,7679,9101,1244,12869,2989,7669"
10576,10576,"10326,4798,5303,8562,8421,10916,12857,2140,350,217"
10582,10582,"4798,10326,544,9942,8562,3950,5303,12665,2218,4277"
10584,10584,"3950,8562,4798,10326,13346,9942,6220,5303,12665,3428"
10606,10606,"4798,10326,9942,3950,544,6220,5303,13346,4277,8562"
10611,10611,"544,4798,4277,717,8483,217,8421,5303,10594,350"
10613,10613,"544,10326,4798,217,5303,717,12665,8562,275,8421"
10614,10614,"8188,2218,9942,544,7707,8562,10429,4798,9101,1863"
10623,10623,"544,8235,7024,9101,4715,4798,12662,10326,9942,5495"
10647,10647,"11298,12869,7679,1290,4163,9101,11024,1244,7120,2957"
10657,10657,"10326,4798,12857,5303,8421,4277,10594,8562,10916,717"
10670,10670,"10326,4798,10594,10916,4277,8421,6433,2140,12857,8562"
10679,10679,"1290,11298,7120,1244,12869,9295,9730,9101,2989,10389"
10680,10680,"4798,8562,10326,3950,5303,13346,2218,6220,275,6971"
10699,10699,"4798,6971,5303,2218,13346,5495,8562,3950,10326,6326"
10715,10715,"217,10326,4277,2343,717,275,2140,4798,9340,9404"
10720,10720,"3950,4798,8562,13346,8413,12665,10326,5303,6326,12857"
10735,10735,"8562,10326,9942,6220,13346,3950,544,4798,6971,2218"
10742,10742,"12665,9942,6220,8562,2218,544,5303,6971,3950,10326"
10744,10744,"8421,4798,2580,12857,544,4616,9101,10326,3659,217"
10747,10747,"544,10326,13346,3950,4798,4277,10568,12665,9693,2343"
10769,10769,"9693,2343,6839,9455,5199,64,1933,12665,5532,9942"
10795,10795,"10326,4798,5303,8562,12857,275,6971,2218,13346,2140"
10817,10817,"11298,1290,7120,1244,9295,9101,9962,9730,10607,4664"
10819,10819,"10326,12665,5303,6971,13346,4798,2218,5461,9942,8562"
10828,10828,"544,6220,12665,10326,4798,3428,8562,5303,2218,3950"
10860,10860,"8562,3950,5303,4798,13346,12857,3428,10326,2218,4277"
10868,10868,"9693,9101,11298,2343,2989,9730,1290,544,4576,7679"
10895,10895,"13346,4798,8562,10326,12857,10916,8413,13249,6433,3950"
10900,10900,"10326,4798,5303,6971,2140,8421,8562,10916,275,544"
10912,10912,"3464,7679,8315,9101,544,2769,11298,2989,4798,10326"
10934,10934,"1290,7120,11298,10326,1244,544,2989,9101,4798,9730"
10947,10947,"5495,12470,6971,10326,5303,5199,544,4798,2140,2903"
10950,10950,"10326,4798,12857,5303,6433,4277,2140,6971,8562,3950"
10964,10964,"1290,11298,7120,1244,9101,12869,2989,9962,4929,544"
10965,10965,"9942,8413,5495,8562,12136,8681,1681,7715,3428,544"
10968,10968,"10326,544,4798,5303,4277,275,8562,350,217,12857"
10972,10972,"4798,13346,8562,3950,10916,5303,6971,4277,12857,8421"
10975,10975,"4798,4277,544,6433,10326,9101,1290,8510,7120,9306"
11028,11028,"10326,4798,9942,8562,3950,13346,3428,4277,5303,5545"
11030,11030,"1290,7120,544,2989,11298,9101,12869,1244,12665,10326"
11044,11044,"2343,544,6220,12665,9693,6971,89,10326,1290,13346"
11048,11048,"3950,4798,13346,12857,10326,2905,2140,8562,6220,544"
11065,11065,"1290,7120,6971,5303,4798,6220,2218,2989,9295,8562"
11085,11085,"1290,7120,1244,9962,11298,789,5135,9101,3697,544"
11088,11088,"8562,4798,6971,2218,5303,13346,10326,275,544,9101"
11100,11100,"1290,11298,7120,9101,1244,544,2989,12869,9730,4576"
11102,11102,"4798,8562,3950,10326,12857,8483,8413,6220,13346,10916"
11105,11105,"9693,1290,2343,5199,6795,5532,7120,544,6971,1244"
11107,11107,"10326,8562,4798,3950,13346,6220,9942,5303,12665,10916"
11109,11109,"1290,7120,544,9101,6220,1863,4929,11298,9942,2989"
11120,11120,"1290,7120,11298,1244,4929,9101,9295,9730,544,9962"
11121,11121,"8562,10326,4798,3950,13346,5303,6971,6220,12665,4277"
11133,11133,"8911,544,9101,4798,10326,8257,9942,5495,6659,8562"
11149,11149,"10326,9942,6971,4798,12857,275,5303,13249,2140,9404"
11152,11152,"1290,11298,7120,2989,9730,7679,1244,11024,4576,1779"
11160,11160,"9942,13346,3950,4798,6220,275,3428,10326,64,12665"
11163,11163,"10326,12665,4798,3950,13346,8562,6220,544,275,4277"
11168,11168,"544,4798,9101,10326,9942,7063,2291,5495,8675,8562"
11193,11193,"5303,6220,544,5495,3428,275,9693,12793,10326,4798"
11200,11200,"9942,5495,6220,3428,8562,12470,3950,12665,13346,6659"
11210,11210,"1290,7120,4929,6971,10663,4798,544,9101,6243,12030"
11215,11215,"10326,4798,8562,10594,10916,5303,13249,8421,2140,5199"
11219,11219,"1290,7120,4929,9962,10663,1244,9101,789,544,3697"
11243,11243,"2140,350,8421,4798,10326,4277,544,9101,8562,9942"
11253,11253,"1290,7120,11298,9101,2989,1244,544,9730,12869,4576"
11261,11261,"6220,8562,5303,3950,3428,9942,2218,13346,5545,10326"
11280,11280,"2343,9693,5532,6795,544,5199,9101,4388,9942,10326"
11285,11285,"1290,7120,11298,1244,9101,9962,789,9942,10607,544"
11309,11309,"3950,8562,6220,3428,810,6326,217,12665,9942,5642"
11312,11312,"9942,9404,6971,3950,5495,8562,2343,8413,6220,9693"
11314,11314,"2343,4277,10326,717,350,4798,9693,13346,217,8421"
11325,11325,"4798,10326,8562,544,2343,4277,6220,13346,6433,9942"
11327,11327,"6220,8562,5303,4798,2218,7707,9942,10326,544,5495"
11359,11359,"544,9942,10326,4798,13346,275,6220,6971,12665,2343"
11366,11366,"11554,11484,1371,3464,544,9101,9491,9289,8315,4798"
11368,11368,"11298,1290,7120,9101,1244,2989,7679,9295,12869,544"
11371,11371,"5495,13346,8562,3950,5199,2343,6326,89,13112,12665"
11376,11376,"544,2218,8562,217,2343,4277,9693,12665,4798,10326"
11377,11377,"4798,10326,8562,13346,5303,3950,4277,6220,6326,10916"
11383,11383,"4798,10326,5303,6971,6220,8562,9942,12857,3950,2140"
11416,11416,"1328,10326,4798,544,9101,7480,9942,1221,5495,8092"
11444,11444,"1290,10326,9101,11298,1244,12665,4277,2989,6220,6971"
11445,11445,"10326,4798,8562,4277,544,3950,217,13346,10916,350"
11448,11448,"9693,544,6795,10326,12665,9942,9101,6220,64,13346"
11469,11469,"6971,5676,10326,9229,4798,544,12451,9101,725,6796"
11487,11487,"544,7120,11298,2343,9693,9101,4929,2989,1244,89"
11492,11492,"5303,5495,6220,4798,8562,2343,275,544,9942,10326"
11503,11503,"544,10326,4798,6220,4277,9693,10453,2343,6659,1404"
11504,11504,"6270,2903,544,9275,1943,9101,4798,10326,36,9942"
11515,11515,"8562,10326,3950,13346,6220,9942,4798,4277,217,544"
11547,11547,"10326,12665,13346,9942,6971,4798,2343,3950,6220,544"
11552,11552,"10326,2343,4798,6220,3950,544,8562,12665,9693,13346"
11567,11567,"10326,4798,8562,6220,13346,3950,4277,5303,12857,9942"
11581,11581,"4798,10326,544,9942,5303,6220,6971,12665,8562,4277"
11589,11589,"1290,11298,7120,1244,12869,9101,2989,9730,9962,4664"
11591,11591,"12665,11298,2989,9942,1290,7679,9101,7120,89,4654"
11595,11595,"1290,7120,11298,9295,9962,1244,9101,4929,5135,3697"
11604,11604,"4798,10326,544,1290,7120,6220,6971,2218,275,4277"
11608,11608,"10326,8562,6220,4798,12665,5303,3950,13346,9942,544"
11627,11627,"8562,3950,13346,4798,6220,2218,10326,9942,5303,3055"
11646,11646,"8562,5495,12665,3950,4798,6220,8413,3428,8188,5303"
11647,11647,"4798,10326,5303,8483,6971,6220,4277,275,2140,8562"
11675,11675,"5303,10326,6971,3950,4798,2140,2218,5495,2343,544"
11676,11676,"1290,7120,11298,1244,9101,12869,4929,544,6971,2989"
11696,11696,"5495,10326,4798,544,9101,13408,12665,9942,8562,13214"
11700,11700,"544,8562,4798,9101,7332,10326,7772,9942,10868,5495"
11722,11722,"1290,7120,6971,1244,544,9295,4798,4929,6220,11298"
11754,11754,"12665,3950,6220,544,9942,5303,3428,7679,2989,13346"
11757,11757,"2343,13408,12665,9693,10326,13346,89,1220,544,6971"
11767,11767,"12665,9942,8562,6971,544,12757,9101,4798,5875,5495"
11773,11773,"10326,4798,8562,6220,3950,5303,1328,12857,4277,9942"
11777,11777,"9942,4798,3950,8562,6220,13346,13110,5545,6326,4413"
11778,11778,"1290,9101,7120,11298,1244,12869,7669,9730,544,7679"
11788,11788,"1290,7120,11298,9730,1244,4929,9295,9101,2989,544"
11790,11790,"1290,7120,10326,4929,6971,10663,4798,8590,9101,544"
11811,11811,"1290,7120,11298,1244,9101,4929,9730,9295,10663,2989"
11837,11837,"1290,7120,1244,11298,9101,4929,9962,544,7679,9942"
11859,11859,"13346,8413,4798,12665,64,8562,10326,3950,8235,544"
11865,11865,"8562,544,6220,5495,10429,4798,9101,10326,9693,9942"
11867,11867,"8562,4798,3950,6220,12857,5303,10326,5495,6326,13346"
11871,11871,"544,1290,7120,2218,5303,11298,6971,9730,9101,1244"
11879,11879,"7120,1244,11298,9101,544,9730,4576,10663,10607,9962"
11880,11880,"10326,4798,4277,8562,5303,8421,10594,10916,12857,717"
11908,11908,"5303,10326,4798,5495,2140,6971,2343,275,5199,9693"
11912,11912,"4798,275,6971,5303,2218,2140,8205,10326,544,9101"
11925,11925,"10326,13346,4798,4277,717,3950,64,2343,275,8421"
11933,11933,"8413,8562,6220,5676,1862,8188,8681,5545,7707,5495"
11945,11945,"10429,1863,544,9101,5976,4798,10326,9942,5495,589"
11948,11948,"4798,8562,5461,3950,13346,5495,13249,10326,5199,544"
11952,11952,"5303,10326,4798,8421,12857,10594,544,9101,8483,9942"
11957,11957,"4798,1290,544,9101,10326,8302,5610,9942,5495,4469"
11959,11959,"4798,10326,9942,4277,50,8562,2343,3428,6220,12857"
11967,11967,"8562,2218,6220,8413,12665,3950,9942,5545,4798,1286"
11969,11969,"9101,544,4798,8562,10326,5495,11939,1421,2580,9942"
11970,11970,"6220,8562,3428,9942,12665,2218,544,3950,4277,13306"
11975,11975,"6220,10326,3950,9942,3428,12665,5545,8562,4798,13346"
11995,11995,"8562,3950,9942,6220,12665,9404,13346,5199,5461,10326"
12002,12002,"1290,7120,11298,2989,544,1244,9730,4576,12869,4664"
12022,12022,"1290,7120,11298,12869,9101,1244,9962,4929,789,5135"
12032,12032,"11484,6659,9375,544,9101,5495,4798,10326,1213,9942"
12036,12036,"9101,1290,7120,1244,544,2989,9730,4576,11024,7679"
12066,12066,"4798,2343,9693,4277,544,12665,13346,2140,10326,275"
12077,12077,"1290,7120,4929,1244,9962,11298,9101,789,10663,3697"
12078,12078,"4798,10326,5303,4277,6971,2140,8421,8562,11000,3950"
12084,12084,"4798,10326,8562,6971,5303,12665,275,2140,13346,6220"
12089,12089,"8562,10326,5303,6220,8413,4798,3950,6971,2140,5545"
12106,12106,"10326,2989,6220,11298,1290,1244,12869,4277,11969,9730"
12107,12107,"12665,8562,8188,13346,8413,3950,4798,1286,4413,10326"
12111,12111,"4798,10326,13346,12665,3950,275,6220,8562,9942,6971"
12131,12131,"4798,10326,5303,8562,2140,275,6971,12857,8413,2218"
12139,12139,"4798,9693,13346,10326,8562,2537,9942,544,6795,6971"
12141,12141,"6220,2218,8188,6659,13346,5495,9693,544,9942,8562"
12144,12144,"1290,7120,1244,11298,9101,544,12869,4929,4664,9730"
12150,12150,"6220,8562,9942,3950,8413,4798,5303,2218,10326,6659"
12151,12151,"10326,544,12665,4798,6220,4277,3950,217,717,9942"
12162,12162,"3950,5495,544,5461,9182,4798,9101,3525,10326,3980"
12170,12170,"11554,4163,1371,9101,12869,4940,11298,544,4798,401"
12182,12182,"1290,544,7120,5495,9693,2343,5199,5303,2903,13408"
12185,12185,"4798,10326,8562,13346,6220,5303,8483,5495,3950,13249"
12191,12191,"10326,4798,5495,12857,6433,10594,6220,8562,5303,3950"
12197,12197,"2343,9693,544,5532,6971,1290,6795,5199,9942,9101"
12204,12204,"11298,1290,7120,2989,9101,1244,9295,9730,4576,12869"
12229,12229,"544,9693,2343,9942,6220,8562,4798,13346,5303,6971"
12231,12231,"544,1290,7120,11298,1244,9101,2989,9730,4576,6971"
12234,12234,"6220,8562,1863,544,10429,9101,5495,5976,4798,10326"
12238,12238,"4798,10326,8562,5303,6220,13346,6971,2218,5495,12665"
12242,12242,"8562,4798,217,3950,5303,13346,12857,10326,10916,717"
12260,12260,"10326,13346,8562,12857,10916,8421,4277,13249,6220,217"
12262,12262,"5495,5199,2343,9693,5532,13346,6971,2903,8562,3950"
12281,12281,"10326,8562,5495,4798,5303,6220,2218,6971,13346,9942"
12289,12289,"9693,544,10326,6795,4798,9942,64,6220,12665,8562"
12306,12306,"8562,4798,3950,10326,6220,6971,12857,5303,10916,13346"
12326,12326,"4798,10326,5303,3950,544,9101,12665,9942,7824,8562"
12337,12337,"4798,8562,2343,3950,12665,9693,13346,6220,2140,9942"
12355,12355,"544,1290,7120,9101,2989,1244,11298,7679,10326,12869"
12371,12371,"4798,3950,10326,6220,2218,9942,2343,5495,1323,3870"
12372,12372,"12665,5875,8235,544,7024,9101,4798,10326,12662,9942"
12373,12373,"4798,10326,4277,1328,12857,8562,350,8421,5303,6433"
12390,12390,"7120,4929,544,10663,9101,4798,1244,2916,10326,12497"
12405,12405,"9693,2343,544,10326,6795,9101,5495,5532,4798,9942"
12407,12407,"1290,7120,9101,544,7637,8703,4798,10326,9942,5495"
12408,12408,"9942,5495,6220,5676,544,5461,3428,12665,13110,5545"
12419,12419,"8590,11484,275,10326,4798,6659,6971,5303,544,9101"
12423,12423,"4798,544,9101,10326,5495,8562,9942,12111,12665,2273"
12426,12426,"7120,9101,11298,1244,2989,544,9730,12869,6971,4929"
12452,12452,"10326,4798,6659,8562,1328,13346,8421,13249,8590,5303"
12480,12480,"9101,544,11298,7679,1290,1244,2989,12869,4576,4664"
12530,12530,"4798,5303,9942,8562,6971,10326,5495,544,7637,9101"
12546,12546,"4798,6971,10326,2343,2140,8562,1290,544,5303,9693"
12556,12556,"1290,7120,1244,2989,9101,9730,4929,544,4576,9295"
12573,12573,"8413,5303,2218,3428,6220,9942,5545,5495,8562,5676"
12592,12592,"10326,4798,8562,6220,13346,9693,9942,3950,12665,544"
12596,12596,"10326,8562,4798,13346,3950,4277,6220,12857,5303,10916"
12599,12599,"1290,7120,11298,1244,9101,544,9295,2989,4929,9730"
12615,12615,"544,9101,11298,1244,7679,2989,11024,1290,4664,1779"
12618,12618,"9942,544,8562,3950,5676,3428,12665,13306,10326,13110"
12624,12624,"4798,10326,12665,8562,13346,3950,6220,4277,2343,5303"
12638,12638,"9693,2343,5199,3127,89,3055,10835,2903,9404,6220"
12641,12641,"5495,544,10326,5199,2343,5461,6971,5532,9693,12665"
12644,12644,"1290,7120,9101,544,2989,4929,11298,2343,6971,9693"
12649,12649,"1290,7120,4798,6971,10326,544,8703,9101,7637,8562"
12654,12654,"5495,8413,10326,2218,5676,275,8562,50,3428,4798"
12658,12658,"2218,10326,4798,8562,6433,6220,5461,13346,9072,4277"
12659,12659,"544,7120,10326,4798,9101,11298,1244,4277,6971,12665"
12666,12666,"9693,4798,8562,13346,3428,10326,4277,6795,544,9942"
12669,12669,"12665,9942,544,6659,9101,6588,10326,4798,12507,5495"
12674,12674,"10326,6220,12665,8413,2218,5303,5676,3950,9942,8562"
12688,12688,"544,10326,4798,9101,1377,1328,5495,8562,9942,12665"
12694,12694,"9942,6220,8413,3428,5495,2218,8562,544,5545,3950"
12709,12709,"10326,4798,5303,4277,13346,8562,12857,275,544,8421"
12712,12712,"5875,7024,544,1290,9101,12665,8235,4798,12662,10326"
12722,12722,"12869,1290,7679,11298,11554,7120,9101,2989,9330,4163"
12728,12728,"8562,8188,2218,5495,544,9101,8981,13346,4798,10326"
12732,12732,"2343,9693,5532,5199,544,10835,9101,4798,3909,2443"
12736,12736,"10326,4798,8562,4277,5303,275,10594,350,12857,6433"
12738,12738,"4798,10326,8562,3950,13346,4277,6220,5303,12857,3428"
12741,12741,"9942,5495,10326,8562,12470,3950,3428,4798,4277,2218"
12756,12756,"12470,8413,2218,13408,4798,9942,7707,544,9101,10326"
12764,12764,"544,6220,12665,10326,2343,4798,8562,2218,275,6971"
12768,12768,"12665,6971,4798,2343,9942,3950,89,5495,13408,9693"
12773,12773,"4798,8562,10326,12857,5303,275,6971,2218,13346,6326"
12789,12789,"4798,10326,5303,8562,4277,13346,12857,8421,10916,2140"
12790,12790,"1290,11298,9101,4929,544,9295,1244,13408,2989,4576"
12801,12801,"5495,1862,12470,5532,6971,5303,13112,1286,8279,544"
12804,12804,"1290,1244,4929,10663,12869,11298,9962,9101,9295,3697"
12833,12833,"8562,6220,5303,3950,10326,13346,9942,2218,4277,5642"
12846,12846,"4798,3950,10326,13346,12857,5495,10916,5676,13249,5303"
12855,12855,"2343,8562,10326,1328,5495,4798,9693,544,3428,5861"
12860,12860,"8562,3950,6971,4798,5303,13346,2218,2140,9942,10916"
12874,12874,"10326,4798,8562,6220,9942,13346,12665,3950,10916,4277"
12875,12875,"5495,13346,8562,5461,3950,5199,4798,10326,544,2905"
12877,12877,"2218,6220,8188,6659,5545,544,1863,9101,9942,4798"
12883,12883,"5495,12470,8413,5303,2218,12668,3950,9942,5545,544"
12890,12890,"4798,544,8703,7637,9101,10326,9668,9942,5495,9954"
12919,12919,"1290,7120,4929,9295,1244,10663,11298,9101,544,12497"
12927,12927,"6220,1290,544,9101,9942,13296,1863,10429,1244,7120"
12955,12955,"5495,8562,6971,3950,12470,5303,2218,10326,8413,8205"
12956,12956,"844,5495,544,4798,9101,10326,7715,9942,12665,1583"
12958,12958,"9942,4798,10326,544,2140,9101,9771,12665,7439,275"
12965,12965,"217,544,6220,3950,12470,12857,350,10326,8562,4277"
12970,12970,"8562,6220,3950,2218,3428,5303,10326,4798,5545,13249"
12996,12996,"9693,2343,6795,6971,544,9942,5199,2537,13346,6834"
13000,13000,"8562,6220,3950,9942,2218,8413,3428,13346,5545,4798"
13017,13017,"2989,11298,544,9101,1290,7679,1244,9730,4576,11024"
13019,13019,"10326,8562,4277,5303,12857,3950,6971,10916,6220,8421"
13021,13021,"8562,8413,4798,3950,6220,10916,8188,7707,13346,10326"
13022,13022,"10326,8562,6220,544,4277,2218,4798,2140,6433,1328"
13063,13063,"8413,4798,5303,6220,9942,13346,2218,8562,12665,8188"
13075,13075,"544,12869,4798,9942,9101,275,10326,11298,2291,1244"
13076,13076,"3950,6220,13346,9942,2343,4798,5495,10326,2218,8562"
13101,13101,"4798,5495,10326,3950,6971,12665,4277,13346,2140,544"
13105,13105,"1290,11298,7120,9101,1244,9730,12869,544,4576,4664"
13115,13115,"10326,12665,544,5303,9942,6971,5495,6220,13346,2989"
13117,13117,"1290,6220,7120,5303,4798,6971,8413,12470,5495,544"
13121,13121,"3950,4798,5303,10326,8562,8413,2140,9942,12857,13346"
13123,13123,"544,1290,9101,11298,2343,7120,2989,1244,9942,9730"
13125,13125,"4798,8562,10326,8413,12857,2218,6220,2140,50,9942"
13147,13147,"4798,10326,8562,13346,217,3950,8483,10916,6433,12857"
13151,13151,"8562,4798,5303,6220,3950,8413,12665,5495,6971,13346"
13153,13153,"10326,4798,4277,8562,13346,6433,10916,13249,10594,717"
13176,13176,"1290,544,11298,7120,1244,12869,9730,7679,4576,2989"
13180,13180,"6220,8562,9942,3428,4798,544,2218,3950,5495,10326"
13192,13192,"6659,10326,9942,8562,5495,3870,1328,4798,5184,4323"
13194,13194,"3950,12665,4602,9942,8235,544,5875,9101,4798,931"
13195,13195,"5303,8562,2218,10326,4277,12665,4798,6220,6326,217"
13198,13198,"10326,5303,4798,4277,10568,8483,12857,8421,10594,350"
13231,13231,"3950,6971,8562,4798,13346,9942,5303,10326,2343,2140"
13234,13234,"1290,7120,4929,10663,9962,1244,789,9101,3697,544"
13240,13240,"7120,544,11298,9101,2989,12869,10326,9730,9942,4576"
13273,13273,"3950,6220,5303,2218,12665,9942,13346,10326,4798,8562"
13276,13276,"3950,8562,13346,6220,9942,3428,5495,1323,5545,1889"
13283,13283,"10326,4798,8421,10594,717,2140,8161,544,6433,9101"
13297,13297,"13346,8562,12665,10326,4798,8413,8483,5303,275,3950"
13301,13301,"4798,5303,8413,13346,6220,6971,8562,1290,1747,10326"
13303,13303,"5495,4798,12665,13346,12857,3950,8483,10326,8562,2218"
13321,13321,"1290,7120,11298,9295,1244,9962,9101,2989,9730,3697"
13330,13330,"1863,4798,544,10326,9101,1290,9942,8703,5495,8562"
13338,13338,"1290,11298,7120,1244,9295,9962,9101,9730,789,12869"
13380,13380,"10326,4798,6971,5303,275,8562,2140,2218,9942,3950"
13389,13389,"1290,7120,4929,1244,10663,11298,9101,2916,544,3697"
13390,13390,"3950,9693,9942,5461,5532,2343,2218,6220,4602,10835"
13391,13391,"11298,1290,6971,9730,544,4798,12869,4576,7120,2989"
13401,13401,"10326,8562,4277,3950,4798,5303,13346,6220,3428,350"
13403,13403,"6971,8590,89,10326,4798,544,9101,9942,1290,6220"
13407,13407,"544,10326,1290,7120,4798,4277,350,275,9730,2140"
13413,13413,"217,2140,350,4277,4798,10326,544,9340,9101,7063"
13414,13414,"2989,11298,9101,9730,1290,9295,7120,12869,7679,11024"
13446,13446,"4798,10326,5303,8562,4277,13346,12857,8421,6971,10916"
13472,13472,"1290,544,7679,11298,7120,9101,12655,2989,1244,12869"
13488,13488,"4798,8562,10326,3950,13346,5303,6971,12665,6326,5642"
13502,13502,"1290,11298,544,9101,7120,2989,2343,9730,7679,1244"
13507,13507,"1290,7120,11298,9730,2989,9101,1244,544,4576,10389"
13512,13512,"4798,8562,3950,13346,5676,10326,6659,12857,12665,844"
13543,13543,"4798,8562,4277,12665,5303,10916,12857,544,6220,13346"
13572,13572,"10326,4798,8562,544,5303,6220,275,6971,217,6433"
13595,13595,"1290,7120,4929,6971,1244,10663,9295,4798,544,9101"
13599,13599,"5495,9942,8562,3950,10326,6220,3428,2343,544,12665"
13608,13608,"9693,13346,8562,4277,10326,12665,64,4798,5303,544"
13609,13609,"350,10326,544,4798,9101,9942,5495,8562,12665,7480"
13630,13630,"4798,3950,12665,10326,6971,9942,8562,2218,2343,6220"
13635,13635,"10326,4798,5303,8562,8421,6971,9340,2140,4277,544"
13645,13645,"4798,8562,3950,6220,10326,8483,5303,12857,9942,8205"
13673,13673,"2343,9693,5199,13346,10326,5532,9532,2903,544,5495"
13683,13683,"9942,4798,10326,6220,5303,544,6971,3950,5495,12665"
13702,13702,"6971,89,8413,2903,544,2218,12665,1290,4798,9942"
13716,13716,"4798,10326,8562,3950,12665,5303,6220,6971,13346,2218"
13724,13724,"11298,2989,9101,9730,544,1244,12869,10326,6971,4576"
13746,13746,"4798,8562,12665,5303,2343,6971,6220,10326,544,9693"
13752,13752,"9942,8562,3870,5495,3950,544,6220,4798,9101,4413"
13756,13756,"1290,7120,4929,9962,789,10663,1244,5135,9101,11298"
13763,13763,"1290,7120,11298,1244,9295,9101,9962,4929,9730,789"
13774,13774,"10326,8562,6220,9942,544,4798,6971,1290,12665,5545"
13776,13776,"1290,7120,11298,1244,9730,9962,9101,12869,789,5135"
13786,13786,"1290,11298,7120,1244,9962,789,5135,9101,544,6811"
13788,13788,"4277,350,1328,9453,9340,544,10326,6643,9101,4798"
13791,13791,"1290,2989,7120,11298,1244,6971,12665,11024,544,4576"
13810,13810,"10326,8562,9942,5303,6220,6326,3950,8483,13346,12665"
13811,13811,"4798,10326,12857,10916,8421,5303,8562,4277,13346,217"
13820,13820,"9942,11298,2989,11024,9101,1244,1290,544,10919,12869"
13826,13826,"5495,9942,3428,3950,714,13346,12470,8483,6220,2218"
13840,13840,"544,2770,9101,10326,4798,1328,9942,8562,5495,9453"
13841,13841,"8562,544,217,4277,5303,717,6220,13249,2343,13346"
13852,13852,"9942,6220,3950,12665,89,5495,2218,5545,2343,12470"
13858,13858,"1290,4798,6971,544,10326,9101,7637,7120,9942,8562"
13865,13865,"1328,9178,6659,544,10326,9101,4798,8562,9942,9375"
13871,13871,"10326,4798,4277,5303,544,6433,10594,12857,10916,2140"
13877,13877,"4798,10326,5461,8562,12665,64,2158,13346,544,5303"
13905,13905,"10326,4798,8562,4277,12857,5303,544,3950,8421,13346"
13924,13924,"7120,11298,9101,544,2989,9730,12869,4929,4576,7679"
13929,13929,"10326,4798,4277,5303,8562,544,8421,2140,10916,13346"
13935,13935,"8562,8413,3950,10326,3428,6220,5199,2140,13346,2343"
13952,13952,"1290,7120,11298,1244,12869,9101,4929,9730,544,2989"
13953,13953,"10326,1290,6971,4798,7120,6591,275,9101,9295,8205"
13962,13962,"10326,4798,8562,3950,4277,13346,544,10916,717,6971"
13965,13965,"6220,89,8413,9942,5495,12665,7983,6659,544,5545"
13966,13966,"10326,12857,10594,8421,4798,3950,8562,13346,544,9101"
13974,13974,"11298,1290,7679,9101,7120,1244,2989,4576,12869,11024"
13982,13982,"1290,7120,11298,1244,4929,6971,89,9101,544,11024"
13983,13983,"5461,2903,5199,5495,5532,8413,13112,10326,544,5999"
13987,13987,"10326,4798,3950,6220,13346,12857,4277,5303,717,9942"
13988,13988,"1290,7120,544,10326,1244,9101,11298,2989,7679,4798"
13991,13991,"10326,4798,13346,3950,12857,6220,5303,6326,4277,8483"
13995,13995,"3950,13346,8562,5495,1323,5199,3428,6302,12665,9532"
13998,13998,"10326,4798,5303,6971,2140,10916,5495,8562,3950,275"
14021,14021,"6220,3428,13110,8562,5545,13296,13306,544,3950,9693"
14028,14028,"544,9693,2343,4277,6795,10326,6383,5199,12665,5532"
14042,14042,"9942,6220,6659,12665,2218,8562,544,3428,10326,8188"
14049,14049,"8703,544,9101,7637,4798,10326,4205,9942,5495,12665"
14060,14060,"8562,6220,9942,3428,3950,13306,13110,12665,5545,2343"
14061,14061,"8562,8413,13296,3950,6220,4413,544,9101,4798,10326"
14067,14067,"1863,544,6220,10429,9101,9693,4798,5495,10326,9942"
14079,14079,"4798,1290,544,7120,12665,5303,6220,6971,275,9693"
14089,14089,"544,4277,350,217,5303,10326,4798,6220,5495,1404"
14097,14097,"4798,10326,5303,275,4277,6971,2218,8562,2140,13346"
14105,14105,"7679,3464,7669,9101,11298,12869,2989,11554,4163,9330"
14147,14147,"2140,4798,8562,2343,9693,9942,5731,544,6971,7063"
14155,14155,"4798,8562,9942,3950,6220,8413,2218,13346,10326,5303"
14168,14168,"10326,4798,5303,12857,4277,8421,544,2140,5495,8562"
14170,14170,"10326,2343,8562,544,5495,5303,6220,4277,9942,7707"
14173,14173,"544,2989,9101,3428,11298,3464,7679,4576,13306,11024"
14174,14174,"8562,6220,10326,3950,12857,4798,13346,13249,3428,3870"
14196,14196,"8413,8562,6220,9693,4798,9942,2343,13346,12665,8205"
14197,14197,"9340,544,4277,4798,10326,9730,9101,5303,5250,9942"
14202,14202,"7120,11298,1244,9101,9730,4929,4576,9962,544,12869"
14204,14204,"544,9306,9101,4798,10326,2300,9942,13214,5495,12871"
14215,14215,"544,2343,4798,6220,810,9693,6795,4277,5303,8483"
14242,14242,"4798,10326,4277,3950,8562,217,717,8421,5303,2140"
14244,14244,"10326,4798,6220,8562,9942,12665,13346,6971,5303,275"
14249,14249,"1290,7120,4929,1244,3697,9101,544,10663,11298,9295"
14250,14250,"544,9101,4798,10326,9738,7383,9942,5495,3285,12665"
14256,14256,"10326,4798,4277,5303,12857,8421,717,8562,13346,6433"
14258,14258,"7679,9101,4664,11298,4890,7258,2989,11918,1290,12995"
14280,14280,"5303,4798,8562,8413,5199,6302,6971,8205,10326,544"
14318,14318,"544,7120,11298,2989,9101,1244,6971,10326,6220,89"
14325,14325,"10326,1328,350,8421,4277,8562,6659,544,9101,6383"
14328,14328,"1290,10326,4798,6971,5303,4929,8562,8590,544,2140"
14329,14329,"9942,13346,3870,8562,5495,8681,3950,8333,3428,12665"
14344,14344,"8562,4798,10326,5303,6971,12857,6220,5495,3950,2218"
14366,14366,"1290,7120,4929,10663,544,9101,4798,12030,1244,10326"
14421,14421,"1290,7120,11298,3464,9962,1244,7679,9295,5135,9101"
14430,14430,"10326,4798,4277,2343,5303,8562,717,544,6220,8421"
14435,14435,"8413,275,8562,544,9942,9101,4413,4798,5495,10326"
14472,14472,"4798,10326,2218,1290,6220,5495,275,5199,3950,12665"
14501,14501,"6220,6971,12665,8562,5303,4798,10326,2218,9942,12857"
14509,14509,"4798,6971,13346,5303,10326,12665,2218,3950,275,8562"
14516,14516,"8562,4798,6220,2218,275,5303,8188,8413,10326,8681"
14521,14521,"10326,4798,8562,3950,5303,5495,6220,13346,2218,4277"
14553,14553,"5303,5495,4798,8562,10326,544,1290,9101,7637,7120"
14561,14561,"12665,6220,9942,3950,8562,13346,3428,5545,10326,89"
14562,14562,"5495,9942,5303,6220,13346,12665,4798,3950,12470,5676"
14567,14567,"5461,2140,2343,4798,8562,9942,10326,12665,6220,1220"
14575,14575,"1290,7120,544,4929,9519,9962,9846,9101,11298,4453"
14581,14581,"544,2343,5303,13346,6220,9693,275,4798,5199,12665"
14627,14627,"1290,6971,7120,89,4798,12665,3055,544,4929,8235"
14634,14634,"6220,9942,12665,3428,3950,8562,5184,544,13110,8188"
14651,14651,"4798,10326,5303,2140,5495,12857,10916,544,10594,8562"
14659,14659,"2343,5199,4798,5532,10326,8562,544,11572,5999,9693"
14670,14670,"10326,4798,4277,12665,8483,8421,5495,9455,10594,350"
14684,14684,"8562,6220,544,10429,1863,12665,13346,4798,9942,7707"
14691,14691,"4798,1290,8413,6971,275,9730,2218,10326,7120,544"
14695,14695,"1290,7120,9942,6971,2218,275,8413,12665,89,4798"
14705,14705,"10326,8562,4798,4277,12857,1328,12665,350,717,13346"
14711,14711,"1290,7120,4929,10326,544,8562,4277,9101,6220,4798"
14723,14723,"4798,10326,3950,12857,13346,8562,6971,9942,10916,8421"
14739,14739,"1290,11298,7120,9730,2989,1244,9101,12869,10389,4576"
14740,14740,"10326,4798,8562,5303,6971,275,544,2140,12857,4277"
14743,14743,"5495,10326,5303,3950,4798,5199,12668,5532,544,12470"
14747,14747,"10326,4798,544,8562,4277,5303,13346,350,6220,1328"
14748,14748,"9942,6220,12665,89,8413,8681,5676,8562,5545,544"
14764,14764,"1290,7120,6971,4929,8333,13346,4798,10326,544,7983"
14771,14771,"544,5495,6220,9942,2989,9693,9101,12470,11298,12665"
14780,14780,"10326,4798,4277,6220,8562,12857,717,217,5303,8421"
14784,14784,"4798,10326,5303,4277,12857,8421,6433,2140,544,350"
14785,14785,"9942,3428,6220,13110,13306,810,5184,544,9042,9101"
14798,14798,"2343,9693,6795,9532,5532,12665,5199,1323,13346,10835"
14801,14801,"544,9942,10326,4798,12665,6220,2343,9693,2989,4277"
14803,14803,"10326,4798,5303,4277,6220,544,9942,13346,275,2140"
14821,14821,"4798,10326,5303,275,6971,4277,13346,8562,6326,13249"
14832,14832,"4798,6971,1290,5303,544,6220,10326,2343,5495,9693"
14833,14833,"9942,3950,13346,6220,4798,10326,5303,8562,3428,6971"
14853,14853,"4798,12665,6971,5303,544,9942,8562,6220,8590,2140"
14854,14854,"8562,4798,13249,2218,8483,6220,10326,5303,6971,13346"
14856,14856,"544,6220,9942,8562,12665,10326,5303,5495,3950,3428"
14858,14858,"10326,3950,2343,5199,12665,4798,5532,9519,2140,544"
14864,14864,"544,9101,4798,9306,6724,10326,9942,5495,8562,12665"
14867,14867,"11298,2989,1290,1244,9101,12665,7679,7120,12655,9730"
14880,14880,"11298,7679,2989,544,1244,9101,11918,4576,8978,10389"
14890,14890,"8562,6220,4798,6971,13346,10326,9942,5303,8205,5199"
14892,14892,"10326,9693,544,4798,6220,8562,4277,13346,12665,717"
14899,14899,"11298,1290,1244,7120,12869,9730,9101,7679,4576,11024"
14904,14904,"2343,9693,6795,12665,89,9532,5532,64,3055,3950"
14906,14906,"11298,1290,7120,1244,9295,2989,7679,3464,12869,9730"
14909,14909,"4277,350,544,9340,10326,6383,5303,4798,8483,1328"
14929,14929,"8562,6220,4798,2218,5303,5545,10326,544,3950,275"
14931,14931,"6220,7707,8562,1863,544,9942,13296,4798,9101,10326"
14938,14938,"4798,10326,8562,3950,13249,6971,12857,6220,10916,4277"
14955,14955,"4798,5303,12665,10326,6971,3950,5495,275,2343,13346"
14961,14961,"8562,544,10326,9101,4798,3314,9942,5495,12665,2936"
14969,14969,"1290,11298,7120,9730,9101,1244,12869,9962,11024,4664"
14970,14970,"10326,4798,4277,717,217,6971,5303,2218,6433,544"
14977,14977,"12665,9942,3950,5495,5676,6220,8562,12470,13346,3428"
14991,14991,"4798,10326,5303,8562,13346,6220,2218,12665,3950,2140"
14993,14993,"2140,4798,544,10326,9101,9306,2291,9942,8562,10462"
15009,15009,"4798,10326,8562,12857,13346,3950,13249,8483,717,6326"
15014,15014,"11298,9101,9693,2989,2343,544,9730,1244,8978,7679"
15028,15028,"7120,11298,1244,9101,4929,9295,9730,2989,12869,10663"
15029,15029,"10326,8562,4798,217,4277,717,8483,10916,13249,3950"
15030,15030,"9942,5495,8562,6220,8413,13346,8681,5545,4798,3428"
15033,15033,"4798,10326,13346,6971,2343,8562,5303,12857,10916,9693"
15052,15052,"4798,544,1290,8562,5303,6220,717,6433,6971,217"
15062,15062,"4798,10326,13346,5303,8562,8421,810,9942,6220,2343"
15074,15074,"9942,544,6220,8562,1290,10326,5303,9693,6971,2343"
15081,15081,"13346,3950,9693,2343,544,6220,10326,13110,4798,9942"
15082,15082,"544,9101,4798,3563,4029,10326,9942,5495,9994,12665"
15097,15097,"13346,4798,6971,2140,10326,8562,544,9101,9942,12758"
15098,15098,"4798,10326,8562,5303,3950,6971,13346,6220,4277,12665"
15107,15107,"1290,7120,1244,4929,11298,9962,10663,9295,9101,3697"
15113,15113,"10326,4798,8562,6220,4277,3950,13346,275,544,350"
15120,15120,"10326,8562,4798,3950,6220,13346,5303,2218,12665,3428"
15121,15121,"10326,4798,8562,13346,3950,12857,4277,6971,12665,6220"
15122,15122,"10326,4798,8562,5303,12857,3950,13346,6220,2218,10916"
15141,15141,"10326,4798,4277,350,275,217,9072,8562,1328,6383"
15143,15143,"4798,10326,6220,8562,6433,4277,544,13346,13296,10916"
15148,15148,"5495,3950,13346,2343,9942,64,6220,5199,12665,3428"
15164,15164,"9942,10326,6220,9693,2343,12665,8562,5303,11969,4798"
15165,15165,"9942,6220,544,9101,8562,12665,89,1290,3428,8413"
15175,15175,"10326,4798,4277,275,13346,717,8421,10916,8483,12857"
15186,15186,"1290,4929,1244,9295,11298,10663,9101,544,2916,9730"
15189,15189,"10326,4798,544,6220,4277,8562,5303,3950,217,2218"
15200,15200,"10326,4798,8562,544,6220,4277,9942,5303,6971,13346"
15204,15204,"10326,8562,4798,4277,6220,13346,10594,2140,10916,9942"
15205,15205,"1290,4798,7120,6220,6971,544,8562,275,13296,4277"
15217,15217,"5199,5303,8590,4798,5495,9942,544,10326,9101,8922"
15240,15240,"2989,12869,7679,1244,11024,9101,9730,4576,8978,12995"
15248,15248,"1290,6220,8562,1863,7120,6971,10429,9942,544,5495"
15253,15253,"4798,10326,8562,4277,10916,5303,2140,8421,12857,544"
15256,15256,"4277,10326,4798,350,2140,544,6433,13346,3950,1978"
15260,15260,"10326,5303,4798,8562,4277,544,2343,3950,8421,13346"
15265,15265,"5495,12470,5199,5676,12092,544,9101,11540,9942,4798"
15274,15274,"544,9101,4798,10326,3314,9942,13130,5495,12665,5251"
15275,15275,"4798,2140,6971,5303,10326,12665,544,9942,9101,8562"
15282,15282,"4798,10326,8205,5303,2140,2218,8562,8421,544,13346"
15294,15294,"2343,9693,6795,5532,64,5199,12665,13346,10326,4798"
15304,15304,"1290,11298,7120,1244,9101,9730,9962,9295,789,2989"
15330,15330,"544,10326,9693,9101,6220,2343,11298,2989,1290,1244"
15331,15331,"8562,12665,3950,13346,6220,13296,5545,1323,64,3055"
15332,15332,"1244,7120,1290,7679,11298,2989,3464,10389,9101,544"
15339,15339,"6220,9942,1863,544,10429,8562,5545,9101,7707,5976"
15387,15387,"544,6220,8562,1863,5495,9101,10429,7707,12665,12470"
15391,15391,"10326,544,12665,4798,6220,8562,2343,275,4277,3428"
15396,15396,"4798,13346,10326,8562,6220,6326,6971,12665,5303,9942"
15397,15397,"6971,5495,2218,9942,5303,8562,3870,5545,13346,12665"
15421,15421,"4798,2343,544,9693,9306,9101,10326,12665,9942,13214"
15427,15427,"1290,7120,11298,7679,1244,544,9730,9101,4929,9295"
15434,15434,"1290,544,7120,11298,2989,1244,6220,4576,9693,9730"
15441,15441,"10326,5495,4798,275,9942,8562,12665,2218,13346,5303"
15444,15444,"10326,6971,6220,275,2218,5303,5495,4798,89,8413"
15457,15457,"4798,8562,10326,6220,3950,5303,13346,6971,9942,12857"
15466,15466,"8562,217,10326,717,3950,13249,13346,11000,4798,4277"
15475,15475,"4798,8413,12857,10326,13249,8483,5303,5495,3950,5676"
15483,15483,"11298,1290,2989,9101,12665,7120,9730,9295,7679,544"
15487,15487,"12665,89,4798,5875,8235,544,8483,9101,7024,10326"
15500,15500,"2140,4798,275,544,10326,5495,9101,9771,12665,9942"
15511,15511,"6220,9942,2343,9532,12665,9693,544,5532,2903,5495"
15515,15515,"8562,6220,4798,3950,13346,2218,10326,9942,6971,5545"
15519,15519,"4798,8562,6971,12665,13346,9942,3055,13249,3950,7578"
15534,15534,"9693,2343,5303,544,8413,2218,2537,6834,6220,9942"
15545,15545,"1290,7120,11298,9101,12869,2989,4576,1244,544,10137"
15553,15553,"9730,12869,2343,544,9693,11298,9101,2989,7679,11024"
15556,15556,"5495,8413,5303,8562,12470,2218,6220,3950,9942,3428"
15564,15564,"4798,13346,13249,6971,12857,10326,6326,10916,6433,3950"
15567,15567,"1290,7120,11298,1244,7669,9101,4929,12869,9730,4163"
15582,15582,"12857,4798,8562,6433,6326,4277,6220,10326,217,5642"
15585,15585,"10326,4798,4277,5303,8562,12857,717,8421,8483,6971"
15587,15587,"8562,8413,6220,3950,5303,13346,4798,10326,12857,6326"
15589,15589,"5303,10326,4798,6971,8483,8562,2140,5495,4277,8421"
15590,15590,"9693,5495,6795,3428,544,64,12665,5532,10326,2537"
15595,15595,"3055,10326,5199,544,6659,9101,4798,6522,8235,9942"
15611,15611,"11298,1244,9101,9730,9295,12869,9962,2989,544,3697"
15613,15613,"3950,9942,13346,3428,6220,5495,8562,4798,2218,10326"
15632,15632,"10326,8562,13346,12665,5495,5303,275,6220,4277,544"
15633,15633,"10326,544,4798,4277,275,350,5303,12857,9072,13249"
15639,15639,"4798,5303,6971,5495,8483,2218,10326,8421,2140,8562"
15648,15648,"4798,10326,4277,217,8562,12857,544,717,6971,6220"
15652,15652,"4798,10326,275,4277,350,8483,5303,13346,8421,9340"
15683,15683,"9942,6220,3428,2218,5545,8562,13296,544,7707,5495"
15688,15688,"9942,5495,8562,6220,3950,3428,12665,5676,2218,12470"
15703,15703,"9942,8413,3950,13346,8562,4413,4798,544,13110,9101"
15708,15708,"2218,3950,8413,6971,544,4213,9101,4798,10326,2724"
15714,15714,"4798,10326,8562,544,12857,3950,217,717,10916,8421"
15719,15719,"10326,4798,4277,8562,12857,350,6433,13346,10916,10594"
15727,15727,"8413,12665,8562,1230,4798,6971,10326,2218,844,544"
15728,15728,"1290,7120,4929,10663,12030,544,9101,5573,4798,10326"
15735,15735,"10326,4798,8562,5303,275,4277,11969,2140,12665,544"
15736,15736,"5495,3950,8562,2218,4798,13346,9942,10326,31,6220"
15739,15739,"1290,7120,2989,9295,1244,3464,8978,12869,9101,9730"
15742,15742,"9942,12665,8562,3950,6220,4798,10326,8413,5303,89"
15764,15764,"350,4277,9178,1978,8562,544,12226,4798,3428,9101"
15773,15773,"4798,10326,13346,12857,5495,10916,2140,6971,8562,13249"
15774,15774,"1290,7120,11298,7669,2989,12869,9101,6591,7679,3464"
15786,15786,"11298,1290,9101,544,7120,9730,4576,11024,7679,12995"
15789,15789,"10326,4277,217,12857,6433,717,8421,10594,4798,350"
15796,15796,"9942,10326,9693,2343,544,12665,6220,3428,3950,5303"
15800,15800,"5495,12470,8562,2218,5303,12099,4798,12668,8413,8483"
15802,15802,"1290,7120,11298,1244,9101,544,9730,9295,2989,2343"
15812,15812,"10326,4798,5303,544,8562,4277,8421,350,2140,217"
15815,15815,"544,8503,4798,9101,10326,9340,11320,10154,9942,3870"
15828,15828,"8562,10326,6220,13346,12665,9942,4277,544,3950,13249"
15831,15831,"11298,1244,1290,7120,7679,4664,1779,2989,9101,544"
15840,15840,"10326,4277,350,717,275,544,9340,10594,217,5303"
15845,15845,"4798,8562,13346,10326,3950,12857,8413,9942,6326,3870"
15847,15847,"2218,6220,5461,8413,8562,544,9101,232,4798,10326"
15856,15856,"4798,10326,8562,12857,13346,6971,5303,10916,4277,8421"
15861,15861,"1290,11298,12869,7120,1244,4163,9962,9101,2957,544"
15862,15862,"1290,7120,11298,1244,544,9101,9962,4929,9730,12869"
15871,15871,"5495,12470,8413,8562,2218,8188,7707,544,3428,5184"
15872,15872,"8562,13346,3950,4798,5495,10326,8413,6220,8421,4277"
15883,15883,"1290,7120,11298,9295,544,1244,9101,2989,4929,9730"
15886,15886,"544,6220,1863,2343,10429,8562,9101,5976,8188,5495"
15888,15888,"9942,12665,6220,544,5303,3950,8562,3428,10326,2343"
15898,15898,"10326,4798,4277,6220,2218,13346,8421,3950,8562,6433"
15919,15919,"4798,10326,50,64,6326,2140,5303,6795,8562,12665"
15922,15922,"1290,7120,4929,11298,1244,9295,3697,9101,5135,10663"
15931,15931,"544,9693,1290,2343,7120,9101,11315,4798,10326,5251"
15941,15941,"8562,6220,9942,8188,3950,2218,12665,5495,544,7707"
15943,15943,"4798,10326,12857,10594,8421,5303,10916,8161,8562,544"
15956,15956,"10326,4798,6220,8562,6971,3950,5303,275,9942,12665"
15958,15958,"1290,7120,544,6220,6971,4798,5303,275,10326,89"
15960,15960,"2343,4798,5303,13346,6220,10326,810,8413,544,2140"
15973,15973,"3222,11298,9101,4890,4545,5979,11024,2989,7605,544"
15977,15977,"1290,7120,11298,1244,4929,9101,9962,9295,2989,789"
15994,15994,"8562,6220,89,13110,3950,9942,7359,4413,5545,12665"
15995,15995,"1290,7120,1244,6971,11298,4929,9101,9730,544,9962"
15996,15996,"6220,13346,3950,10326,9942,4798,8562,5545,5303,6971"
15999,15999,"6220,3950,8562,2140,4798,8483,13249,2580,544,5303"
16060,16060,"4798,10326,1290,7120,6971,5303,8562,12665,544,6220"
16069,16069,"4798,13346,10326,8483,2218,3950,5303,4277,13249,217"
16076,16076,"11298,1290,2989,9101,7120,544,1244,9730,12869,4576"
16085,16085,"10326,544,5495,8562,9101,4798,12191,9942,12665,11298"
16089,16089,"8562,4798,6971,2140,544,8703,10326,9101,8922,1290"
16097,16097,"10326,4798,8562,4277,544,5303,13346,10594,8421,350"
16112,16112,"13315,3428,3950,5495,13110,13346,4798,544,10326,217"
16116,16116,"4798,5303,8421,10916,12857,10594,10326,544,717,8562"
16137,16137,"275,10326,4277,5303,4798,350,8483,2140,8562,544"
16150,16150,"3950,1328,10326,717,217,8421,8562,4798,13346,7087"
16174,16174,"3428,3950,9942,13110,12665,8413,4413,5545,8562,544"
16176,16176,"8413,3950,2903,8562,544,9101,12665,4173,5078,4798"
16210,16210,"1290,7120,4929,1244,11298,9962,6971,10663,789,9101"
16212,16212,"10326,4798,3950,13346,12665,8562,4277,6220,5303,217"
16230,16230,"10326,4798,8562,5303,6220,3950,4277,13346,2218,9942"
16245,16245,"10326,544,4277,8562,4798,717,217,1328,6433,350"
16293,16293,"8562,3950,4798,6220,13346,9942,10326,13249,5303,2218"
16299,16299,"1290,7120,11298,1244,9295,9101,9730,544,9962,1779"
16300,16300,"1863,10429,544,9101,4798,9942,10326,8188,8562,5495"
16303,16303,"10326,12857,2218,8562,3950,4798,8421,10916,2140,4277"
16305,16305,"1290,7120,11298,9101,12869,89,6971,12665,4576,544"
16314,16314,"4798,10326,8562,4277,544,5303,12857,6433,13346,6971"
16328,16328,"12857,10326,4798,13346,2140,11540,8562,6433,5495,5642"
16340,16340,"1290,7120,11298,9101,1244,544,2989,12869,10326,4929"
16351,16351,"10326,9942,1328,4277,217,10869,3428,544,717,6659"
16363,16363,"4798,2343,10326,9942,8562,6220,9693,11969,13346,544"
16376,16376,"4798,5303,6971,10326,2140,7063,12857,6433,2218,544"
16387,16387,"12857,4798,10326,6326,10916,6433,13346,8421,13249,2140"
16395,16395,"4798,8562,544,6220,10326,9942,5303,3950,3428,4277"
16414,16414,"5303,12665,8562,6220,6971,4798,544,810,3428,3870"
16416,16416,"8413,5495,7715,544,4798,9101,10326,9942,9454,8562"
16418,16418,"5303,6220,2218,6971,12665,5495,10326,89,9942,8205"
16471,16471,"2989,1290,11298,7120,1244,9101,12655,544,4576,12869"
16489,16489,"8562,4798,10326,12857,3950,8413,9942,6220,6326,13346"
16497,16497,"2343,9693,6795,5199,9942,5532,12665,5495,544,4798"
16509,16509,"5303,6971,2140,544,2218,8562,8590,6220,10326,4798"
16510,16510,"9942,3950,13346,8562,6220,2218,5303,4798,8413,12857"
16521,16521,"11298,1290,7120,1244,2989,9730,9101,11024,4664,7679"
16524,16524,"544,9101,4798,10326,9942,10352,5495,12824,12665,8540"
16582,16582,"5303,13408,544,5495,7136,9942,3275,9101,4798,10326"
16592,16592,"1290,2343,8562,9693,6220,6971,544,5303,7120,12665"
16604,16604,"1290,7120,11298,9101,9730,7679,2989,12655,544,12869"
16605,16605,"9101,11298,1290,1244,7120,544,9730,12665,4576,12869"
16617,16617,"11298,1290,2989,9101,7120,9730,11024,7679,1244,12869"
16622,16622,"11298,9101,2989,1244,1290,12869,7679,9730,4576,7120"
16624,16624,"6220,8562,3428,3950,2140,4798,8413,9942,4413,544"
16628,16628,"3950,11484,8562,2903,5303,4798,10326,544,11406,9101"
16633,16633,"1290,7120,1244,4929,6971,11298,544,2989,9101,4798"
16646,16646,"5495,7707,544,10429,8562,9101,9942,10326,4798,9083"
16651,16651,"10326,5495,4798,8562,13346,13249,9942,3950,50,12857"
16654,16654,"10326,4798,13346,8562,6971,5495,8483,5303,10916,8421"
16673,16673,"8562,4798,9942,13346,5303,2218,10326,3950,6220,2140"
16675,16675,"4798,10326,8562,6220,13346,3950,9942,12857,6326,4277"
16677,16677,"9693,6971,2343,2218,5303,8562,3950,9942,4798,5199"
16679,16679,"8413,4798,6971,1889,5303,275,8562,10326,11540,3416"
16686,16686,"1290,11298,7120,1244,9730,9101,9962,544,1779,9295"
16695,16695,"4798,10326,3950,4277,12857,8562,5303,13346,8421,10916"
16704,16704,"3428,8562,8413,13346,3950,5495,217,6220,12153,5676"
16709,16709,"9942,6220,12665,13346,3950,5495,9693,2218,5545,1220"
16773,16773,"4798,10326,12857,8562,5303,6433,3950,6326,4277,13346"
16774,16774,"10326,8562,3950,4798,12857,13346,1889,4277,13249,8421"
16797,16797,"9942,6220,3950,3428,8562,12665,13110,13346,13306,4413"
16803,16803,"8562,2140,4798,10326,7063,544,9101,6751,9942,12665"
16804,16804,"4798,10326,4277,13346,10916,12857,5303,3950,6433,217"
16806,16806,"6220,544,8562,5303,5495,2218,4798,2343,10326,9942"
16810,16810,"3950,9942,3428,8413,13346,6220,8562,12934,714,9404"
16836,16836,"4277,350,6433,2140,10326,1328,544,9340,810,11969"
16844,16844,"13306,2343,5495,544,9101,4798,10326,4266,9693,9942"
16861,16861,"1290,1244,11298,7120,12869,9101,9962,4163,7679,2957"
16875,16875,"4798,10326,5303,13346,8562,6971,2218,3950,6326,2140"
16936,16936,"4798,10326,13346,8562,3950,12857,5303,4277,6971,12665"
16946,16946,"4798,10326,217,8562,13346,3950,12857,5495,5303,717"
16965,16965,"4798,10326,3950,6220,5303,13346,8562,2218,12665,2140"
16987,16987,"4798,10326,5303,6971,8562,2140,275,8421,544,6220"
16988,16988,"6971,12665,2343,89,5875,4798,8922,544,7024,8562"
16989,16989,"8562,4798,10326,9942,3950,6220,5303,13346,2218,12665"
17007,17007,"10326,6971,4798,275,5303,8562,8413,9942,544,9101"
17016,17016,"10326,4798,3950,6220,8562,13346,4277,5495,5461,8590"
17030,17030,"4798,2140,10326,3950,5303,275,544,8562,9101,9942"
17034,17034,"4798,10326,13346,8562,3950,4277,10916,5303,12857,6971"
17054,17054,"12857,5303,13346,4798,10326,2140,8421,11000,10594,544"
17056,17056,"1328,12857,10326,4798,8562,4277,3950,13346,350,544"
17084,17084,"10326,5495,12665,5303,8413,6220,2218,8562,544,4798"
17098,17098,"544,5495,5303,12470,275,12665,2989,9101,10326,4277"
17102,17102,"4798,10326,5303,6971,13346,3950,2140,2218,8590,5199"
17109,17109,"3950,11572,544,9101,1788,4798,10326,4416,9942,5495"
17112,17112,"4798,10326,544,1290,6220,7120,6971,2218,275,4277"
17119,17119,"4798,10326,6971,5303,6220,2218,9942,2140,2343,6326"
17124,17124,"6220,8562,5303,10326,9942,2218,13346,4798,6971,12665"
17141,17141,"10326,4798,6971,2343,544,5303,6220,9693,5495,2140"
17160,17160,"7669,7679,544,4277,12665,12869,217,6220,4163,13408"
17179,17179,"8413,8562,13346,6220,2218,5303,3950,8483,3428,4798"
17189,17189,"4277,4798,6433,717,217,10326,8421,350,3950,10594"
17191,17191,"5495,8562,6220,4798,10326,8981,544,8413,5149,9101"
17194,17194,"8562,4798,12857,10326,5495,8421,3950,13346,2140,2218"
17195,17195,"5199,5495,5532,2903,2343,9693,544,9942,5999,9101"
17200,17200,"1290,7120,11298,2989,9101,1244,4576,544,7679,11024"
17212,17212,"6220,12665,3950,10326,3428,8562,2218,13110,5545,13306"
17218,17218,"9693,2343,5495,10326,6220,544,5199,3950,6795,9532"
17232,17232,"8562,217,3950,8413,4798,6326,12857,50,4277,717"
17242,17242,"4798,10326,8562,4277,544,12857,13346,275,217,717"
17255,17255,"8413,9942,8562,3950,6220,13346,4798,4413,12665,3428"
17262,17262,"11298,1290,1244,7120,9101,7679,2989,9730,12869,4576"
17275,17275,"8562,6220,9942,3950,3428,12665,5495,5545,13110,13346"
17276,17276,"8562,6220,4277,10326,3950,5303,6971,13346,12857,4798"
17278,17278,"544,1863,9101,4798,10326,10429,11298,9942,9693,4250"
17283,17283,"4798,10326,544,8562,5303,6220,9942,6971,12665,1290"
17284,17284,"10326,8421,11000,5495,4798,13346,3282,1978,8483,544"
17295,17295,"544,10326,6220,4277,3950,3428,9942,10453,2343,4798"
17298,17298,"1290,544,11298,7120,2989,9101,1244,4576,9730,12869"
17319,17319,"9942,6220,8562,3428,3950,12665,10326,544,13306,4798"
17320,17320,"9101,11298,544,7679,2989,1290,1244,8978,3148,4576"
17325,17325,"9693,12665,8483,544,10326,4798,13346,6971,8562,64"
17330,17330,"1290,7120,544,7024,9101,1244,5875,4798,10326,8235"
17334,17334,"1290,2989,1244,9101,7120,12869,9730,7679,3704,9962"
17346,17346,"6220,9693,9942,4798,13346,2343,12665,8562,5461,4413"
17352,17352,"6971,2218,5303,9693,3950,4798,12665,10326,2343,544"
17353,17353,"1290,7120,4929,9962,1244,789,9101,544,5135,10663"
17396,17396,"4798,10326,8562,5303,12857,2140,8205,2218,6971,6433"
17408,17408,"4798,10326,4277,544,3950,5303,8562,217,13249,6220"
17414,17414,"8562,6220,3950,12665,5303,10326,9942,13346,5545,6302"
17422,17422,"544,9101,4163,2957,1244,4798,1098,12022,10326,9962"
17424,17424,"10326,4798,4277,8562,6383,5303,8421,3950,2140,6659"
17427,17427,"1290,7120,4929,9962,789,5135,544,9101,4798,10326"
17432,17432,"8562,4798,13346,217,3950,10326,8421,6326,5495,5303"
17434,17434,"10326,4798,5303,6971,2343,12665,13346,8562,544,8421"
17439,17439,"9942,8562,6220,3950,3428,12665,5495,5545,4798,13296"
17442,17442,"544,8562,6220,5495,9942,2343,4798,6971,10326,12665"
17449,17449,"4798,13346,8562,9942,3950,10326,12665,6326,6220,8413"
17472,17472,"9693,12665,5199,5461,5495,3950,5532,9942,544,13346"
17509,17509,"11298,1290,544,9101,7120,1244,2989,9295,4576,11024"
17522,17522,"9942,4413,89,3055,8413,544,4798,931,9101,4602"
17527,17527,"10326,4798,5303,2140,12857,1912,544,12665,7063,9942"
17535,17535,"1290,7120,11298,7679,9730,4576,1244,9295,11024,10389"
17540,17540,"8562,4798,5303,3950,10326,6220,2140,8421,4277,10594"
17541,17541,"1290,11298,1244,9101,2989,9730,4929,4576,7679,544"
17551,17551,"10326,4798,5303,8562,6971,2140,4277,6220,11000,8421"
17564,17564,"10326,4798,8421,13346,12857,8562,544,10594,9101,6311"
17565,17565,"350,10326,544,12191,4798,9101,5495,9942,6306,8562"
17581,17581,"10326,4798,4277,8562,2218,5303,8483,13346,10916,6971"
17596,17596,"10326,6220,6971,3950,4277,5303,1290,275,89,8562"
17601,17601,"3950,8562,9942,8413,13346,4798,4413,3870,544,7723"
17611,17611,"13346,9942,8562,275,6220,12665,8413,4798,10916,10326"
17612,17612,"10326,8562,4277,9942,1323,8421,3950,350,1355,12665"
17620,17620,"8413,12665,5495,3950,8562,8188,6220,2343,5199,3428"
17627,17627,"9693,2343,6795,5495,64,13315,5199,5532,2537,544"
17634,17634,"8562,1863,6220,544,9942,8981,9101,4798,5495,9083"
17649,17649,"10326,544,8562,4798,6220,4277,3950,3428,5303,13346"
17654,17654,"8562,3950,13346,9942,6220,12665,2218,10916,2343,3055"
17659,17659,"8562,4798,10326,6971,544,9101,5495,12665,9942,7637"
17666,17666,"1290,7120,544,3950,6220,1244,11298,12665,9942,6971"
17674,17674,"4798,10326,11000,12857,8421,5495,851,544,5303,9101"
17684,17684,"544,10326,4798,350,4277,6383,1328,8421,12665,652"
17708,17708,"10326,8562,5303,13346,12857,2140,4798,2218,3950,5495"
17709,17709,"4798,6220,8483,3950,13346,3428,8562,10326,5303,12665"
17741,17741,"4798,6971,5303,10326,2218,12665,8562,3950,2140,13346"
17752,17752,"9375,544,9101,6060,4798,10326,6307,1213,5495,9942"
17765,17765,"2343,6220,12665,89,3950,8562,9942,2218,544,4798"
17770,17770,"544,9101,8703,7637,1290,4798,10326,5495,9942,7120"
17814,17814,"6220,544,2218,4798,8562,10326,5495,5676,1220,5303"
17818,17818,"1244,350,544,1290,7120,9942,8189,9340,9101,10326"
17822,17822,"1290,7120,4929,8302,544,9101,11117,4798,12030,10326"
17826,17826,"4798,10326,8562,4277,12857,544,6433,717,10916,8421"
17827,17827,"11298,1290,7120,1244,2989,7679,9101,4576,9730,12869"
17840,17840,"5495,6220,8188,10326,8562,4798,2218,544,7707,5303"
17843,17843,"2218,8413,5495,9942,544,6220,5676,8562,4798,9101"
17864,17864,"4798,6433,4277,5461,544,11969,3950,9984,5495,10916"
17871,17871,"8188,10429,1863,544,5149,9101,7637,8981,1487,8703"
17881,17881,"544,12665,10326,3950,2343,4277,9693,4798,2218,275"
17928,17928,"10326,8562,4798,6220,12665,544,6433,3950,8421,6326"
17931,17931,"544,9101,10326,4798,5495,9942,9375,12665,8562,2989"
17933,17933,"8413,3950,6220,2343,2218,5303,8562,2903,89,544"
17953,17953,"544,5495,5303,10326,2218,6220,1290,12665,4798,3950"
17970,17970,"9942,3950,13346,6220,12665,3428,5545,89,13306,8562"
17977,17977,"8562,4798,10326,5303,3950,13346,4277,8483,8421,12665"
17982,17982,"1290,7120,9101,1244,11298,9962,12869,544,4929,9730"
17995,17995,"1290,7120,6971,4798,4929,544,9101,10326,12030,8302"
18002,18002,"10326,4798,5303,4277,12857,8421,717,3950,350,2140"
18006,18006,"6659,10429,544,9101,4798,10326,9942,5495,12665,5976"
18023,18023,"10326,5303,4277,275,6971,13346,8562,2140,544,6220"
18024,18024,"4798,10326,544,7439,9101,4877,9771,5747,9942,2291"
18047,18047,"6220,9942,2343,9693,5545,6795,3428,13110,12665,8562"
18050,18050,"9942,4798,6220,2218,275,5303,6971,12665,5495,10326"
18078,18078,"4798,10326,5303,8562,6971,13346,4277,8421,544,2140"
18086,18086,"1290,7120,6971,4798,1244,4929,544,9962,9101,10326"
18093,18093,"1290,7120,11298,1244,4929,9730,9101,7669,4163,11299"
18115,18115,"10326,4798,4277,3950,12857,217,8421,717,10594,6433"
18122,18122,"1290,7120,2218,8981,544,9101,10429,4798,5495,5149"
18124,18124,"10326,4798,1290,5303,6971,2343,9693,1220,544,2140"
18127,18127,"1290,7120,11298,1244,4929,9101,9295,12869,9730,10663"
18133,18133,"8562,10326,3950,13346,4798,6220,12857,4277,3428,6326"
18148,18148,"2218,6971,3950,5199,8562,5303,5495,9942,544,13346"
18155,18155,"9693,2343,13346,275,9942,544,9101,4798,2867,10326"
18158,18158,"11298,2989,7679,4576,8978,12655,11024,11918,12995,9101"
18166,18166,"10326,4798,10568,544,3950,5303,4277,2140,9072,350"
18167,18167,"10326,544,5461,6220,4277,6433,3950,5303,9942,6971"
18169,18169,"2140,544,10326,13346,9101,4798,5495,9306,8562,9942"
18175,18175,"12665,9693,6971,6220,5303,9942,5532,10326,544,4798"
18178,18178,"8562,3950,10326,4798,13346,6220,9942,8413,12665,5303"
18214,18214,"1290,7120,11298,1244,9730,9101,2989,4929,7679,12869"
18217,18217,"8562,10326,3950,5495,4798,5303,275,6220,4277,13346"
18226,18226,"1290,7120,11298,9101,12869,2989,4576,1244,544,10137"
18229,18229,"4798,6971,5303,8413,2140,10326,3950,5495,544,9101"
18236,18236,"2905,8793,544,9101,4798,170,12404,10326,9546,9119"
18240,18240,"9942,3950,6220,12665,3428,6659,5545,89,8562,5495"
18262,18262,"8562,9942,6220,544,3950,3428,10326,12665,13346,4798"
18266,18266,"1290,11298,2989,544,1244,9101,7679,8978,4576,9730"
18272,18272,"4798,8562,13346,12665,3950,5303,6220,10326,6971,2218"
18292,18292,"8562,4798,6220,13346,10326,3950,5303,9942,4277,544"
18299,18299,"544,10326,8562,6220,4277,3428,3950,9942,275,2218"
18321,18321,"8265,544,9101,4798,7707,6525,10326,9942,4860,5495"
18338,18338,"6220,12665,10326,3950,9942,2343,544,8562,13346,5303"
18339,18339,"10326,4798,4277,5303,10916,12857,8483,8562,544,8421"
18341,18341,"4798,8562,5303,13346,2140,8413,9942,10326,3950,544"
18355,18355,"1290,7120,11298,9295,1244,4929,9730,9101,2989,10663"
18364,18364,"544,1290,7120,11298,6971,1244,9101,5495,2989,2903"
18368,18368,"4798,10326,8562,12665,12857,13346,3950,6220,6971,5303"
18393,18393,"4798,10326,2343,5303,6971,9693,2140,4277,13346,1220"
18409,18409,"3950,4277,10326,217,8562,717,275,13346,12857,4798"
18434,18434,"10326,4798,12857,544,5303,6433,10594,10916,217,717"
18440,18440,"9942,6220,13346,8562,4798,3950,2218,3428,12470,5545"
18446,18446,"10326,9693,4798,2343,6220,4277,3950,12665,9942,8562"
18467,18467,"9942,4798,2343,8562,13346,12665,10326,544,2140,275"
18475,18475,"1290,6220,2218,9295,7120,9942,544,5545,8590,13296"
18487,18487,"10326,4798,8562,6220,13346,4277,5495,12857,3950,6971"
18489,18489,"544,10326,4798,9693,2343,4277,350,11969,1290,2140"
18499,18499,"12857,8205,13249,4277,4798,9340,10326,8562,544,9101"
18505,18505,"4798,10326,8562,13346,3950,6220,5303,12857,4277,12665"
18525,18525,"10326,4798,8562,5303,4277,6971,8421,12857,544,10594"
18530,18530,"4798,10326,8421,4277,12857,13346,10594,6971,544,5495"
18539,18539,"1290,7120,544,9101,1863,4798,10429,10326,5495,9942"
18546,18546,"9693,2343,544,12665,10326,6795,64,89,6220,5532"
18579,18579,"9942,10326,8562,4798,13346,3950,4277,6220,12665,544"
18585,18585,"2343,9693,5532,5199,6795,12665,64,544,10835,10326"
18595,18595,"10326,8562,544,6220,5303,4277,50,6433,4798,3950"
18648,18648,"4798,3950,6433,10326,11000,4277,8483,13346,8421,717"
18679,18679,"8562,3950,13346,8413,12665,9942,2218,6220,3428,5545"
18683,18683,"544,6220,8562,10326,2343,8188,5495,9693,7707,13296"
18687,18687,"1290,7120,11298,1244,9101,9730,7679,4929,2989,12869"
18718,18718,"8562,12665,4798,544,6220,10326,9942,3950,6971,2218"
18741,18741,"3950,4798,5495,8413,8562,13346,10326,12309,544,9942"
18760,18760,"1290,11298,7120,6971,2989,9730,9101,11024,9295,4664"
18771,18771,"3950,6220,8562,4798,4277,3428,13346,12665,9942,10326"
18787,18787,"10326,4798,275,4277,5303,6971,8421,2140,8562,6433"
18788,18788,"12857,8413,4798,8562,13346,2218,10326,3950,8483,6220"
18789,18789,"2343,8562,13346,9693,544,275,10326,12857,5199,769"
18798,18798,"9942,3950,8562,6220,13346,12665,5495,3428,1323,4798"
18800,18800,"10326,275,12665,9942,544,13249,3950,4798,8562,4277"
18805,18805,"8562,3950,8413,9942,13346,4413,4798,5545,5495,544"
18806,18806,"7120,11298,1244,9101,9730,12869,9962,4929,4664,789"
18812,18812,"6971,6220,12665,5303,8413,4798,2218,9942,8562,544"
18818,18818,"6659,1328,10326,4798,544,9101,9942,5495,8562,12665"
18830,18830,"4798,5303,8562,10326,13346,3950,6971,2140,12857,10916"
18835,18835,"1290,7120,1244,9101,9730,2989,9942,6971,4929,544"
18839,18839,"5495,1355,12470,4798,8413,544,9942,10326,9101,10410"
18851,18851,"6220,4798,6971,8413,544,9101,9942,7063,10326,4413"
18854,18854,"4798,10326,6971,8562,5303,8205,13346,10916,12857,8421"
18864,18864,"10326,4798,13346,4277,3950,8562,217,5303,544,10916"
18865,18865,"6220,7063,544,8562,7707,4798,9101,10429,9942,5495"
18874,18874,"544,1290,7120,11298,2989,9101,1244,12869,10326,4576"
18875,18875,"10326,4798,12857,8421,5495,5303,10594,544,13346,8562"
18879,18879,"7669,9101,7679,544,11298,11554,2989,3464,8978,12869"
18882,18882,"544,2989,11298,1290,9730,9101,6220,9942,7120,1244"
18895,18895,"3950,2218,6220,9942,13306,12665,13346,3055,4798,4413"
18903,18903,"10326,4798,5303,12665,4277,13346,8562,6220,2343,275"
18913,18913,"4798,10326,9693,2343,13346,544,8562,4277,10916,6433"
18934,18934,"1290,7120,1244,11298,9101,544,6971,4929,9962,9730"
18935,18935,"1290,6971,7120,5199,2903,8590,5532,9693,544,2343"
18981,18981,"12665,6220,6971,9942,2218,8562,5303,9693,7792,1220"
18985,18985,"13346,1290,6971,4798,6220,9693,7120,2343,544,8562"
18987,18987,"9295,9101,2916,11298,544,1244,6243,12497,4798,10326"
18990,18990,"10326,4798,8562,13346,4277,6220,5303,544,12665,10077"
18996,18996,"4798,8562,2218,10326,3950,8413,5303,6971,6326,13346"
19010,19010,"10326,4798,4277,8562,544,10916,5303,6433,217,8421"
19016,19016,"9101,1290,7120,2989,12869,11298,9730,4929,9438,9295"
19018,19018,"8483,1328,544,10326,13346,9101,4798,473,9373,4277"
19029,19029,"10326,4798,5303,8562,12857,275,2140,8483,13346,8421"
19060,19060,"7679,6220,5545,9101,1355,544,4654,2989,9942,9730"
19069,19069,"1290,7120,11298,1244,544,4929,9101,6971,5303,2989"
19084,19084,"4798,10326,8562,4277,12857,5303,13346,6433,10916,2140"
19086,19086,"1290,7120,9101,2989,6220,9693,1244,7679,12665,11298"
19105,19105,"1290,7120,9295,4929,10663,9101,3464,3697,11298,544"
19110,19110,"1290,7120,1244,11298,9101,544,9962,2989,12869,7679"
19135,19135,"10326,544,9101,4798,10352,9942,6952,1948,5495,8540"
19144,19144,"8562,5303,3950,8413,4277,6220,10326,6971,4798,12665"
19154,19154,"13249,5461,5495,544,4798,220,9101,7063,6982,9800"
19168,19168,"8562,10326,4798,4277,3950,12857,6220,5303,12665,13346"
19173,19173,"1290,7120,2218,4929,5495,8188,544,10663,4798,9101"
19187,19187,"1290,7120,544,9101,6220,9942,4798,1863,10326,7637"
19216,19216,"6659,3950,8562,11484,544,9101,4798,9942,10326,12665"
19227,19227,"9942,2343,9693,3428,6220,1220,5495,13110,5461,5545"
19231,19231,"4798,10326,3950,13346,5303,9942,8483,12857,8562,8421"
19234,19234,"11298,2989,1290,1244,7679,7120,9101,9730,11024,4576"
19255,19255,"10326,4798,6220,5303,6971,3950,2218,275,9942,544"
19258,19258,"5495,3950,8413,9942,4798,12665,8562,12470,544,9101"
19266,19266,"1290,7120,6971,4798,4929,10326,5303,8590,544,10663"
19296,19296,"4798,13346,6795,8562,10326,6971,64,3950,2537,12665"
19297,19297,"6659,544,9101,4798,10326,8562,9942,5495,12665,6383"
19308,19308,"3950,3055,844,8562,12665,544,8413,5199,9101,9942"
19323,19323,"1328,10326,544,4798,9101,5495,9942,8562,6306,12665"
19346,19346,"10326,4798,544,5303,6971,6220,4277,12665,2218,8562"
19347,19347,"7120,4929,6971,6220,4798,9942,9101,12665,1244,2989"
19360,19360,"1290,7120,4929,9295,9101,544,4798,8554,8302,9942"
19364,19364,"7669,3464,7679,11298,11554,4163,2989,9101,544,2709"
19378,19378,"4798,3950,13346,10326,8562,12857,6326,12665,5642,9942"
19379,19379,"4798,8562,10326,5495,5303,9942,544,2218,6971,6220"
19380,19380,"10326,4798,5303,8562,4277,12857,8483,544,13249,11969"
19381,19381,"10326,4798,8562,4277,12857,8421,10916,6433,5303,10594"
19384,19384,"8562,10326,6220,5303,10568,4277,4798,3950,8421,12665"
19385,19385,"4798,8562,13346,6220,3950,2218,10326,3428,6326,12665"
19388,19388,"1290,7120,11298,2989,1244,9101,12869,9730,4929,9295"
19406,19406,"10326,4798,5303,8562,4277,13346,12857,6971,544,275"
19408,19408,"5495,5199,5532,544,10326,2903,6971,2343,9942,5461"
19415,19415,"544,11298,1290,7120,1244,2989,3148,9730,4576,12655"
19417,19417,"12665,13346,10326,4798,64,2218,3950,6971,9942,5303"
19434,19434,"9693,2343,2989,11298,64,544,7679,10326,9730,2537"
19441,19441,"10326,4798,12857,8562,4277,5303,13346,3950,8421,10916"
19461,19461,"1290,7120,1244,11298,4929,9730,544,9101,4576,9295"
19474,19474,"3950,8562,9942,12665,6220,2218,8413,13346,89,5199"
19477,19477,"1290,7120,350,4929,9938,544,4798,9101,10326,6957"
19484,19484,"2989,11298,1244,9101,8978,7679,12869,544,11024,12655"
19502,19502,"5495,544,5676,12665,8562,12099,6220,6659,7707,3950"
19503,19503,"544,6220,10326,5303,6971,3428,275,4277,5495,12665"
19512,19512,"13346,3428,50,8562,4277,3950,2218,4798,6220,10326"
19515,19515,"89,9693,975,9942,544,2218,8235,9101,7024,2255"
19518,19518,"1290,7120,2989,9730,9101,6220,11298,544,4929,9295"
19530,19530,"10326,8562,6220,4798,9942,6971,5303,13346,3950,2140"
19559,19559,"1290,7120,9101,11298,1244,9730,12869,2989,12665,544"
19576,19576,"6971,13346,10326,8562,4798,8922,544,5875,2343,9101"
19586,19586,"9693,2343,64,5495,6795,9942,3127,13315,544,2537"
19594,19594,"12665,1290,10326,4798,544,7120,89,2343,9101,8590"
19605,19605,"6220,544,10429,1863,7792,9101,2327,4798,8562,9942"
19618,19618,"3950,6971,10326,8562,9404,2218,4798,5199,5303,13346"
19620,19620,"4798,8562,5303,6971,8413,10326,2140,6220,9942,544"
19623,19623,"3428,4277,8562,3950,13249,1328,350,9942,217,9340"
19628,19628,"10326,4798,3950,4277,8421,217,5303,5495,13346,8562"
19631,19631,"7120,1244,11298,9101,12655,2989,4929,544,4576,7679"
19642,19642,"5495,12665,2343,9942,9693,3950,6220,5676,5199,8562"
19644,19644,"2140,4798,5303,2218,544,10326,7063,9101,2291,9306"
19648,19648,"1290,7679,7120,11298,9295,1244,1355,9229,9101,5495"
19665,19665,"8562,4798,10326,9942,12665,6220,3870,11639,2777,544"
19683,19683,"1290,11298,1244,544,7679,9101,2989,9730,3464,4576"
19684,19684,"10326,10594,4277,8562,717,8421,217,4798,6326,4323"
19693,19693,"10326,4277,4798,9340,11000,5199,13249,8421,544,5303"
19696,19696,"4798,10326,5303,3950,6971,12857,8413,275,8205,13346"
19707,19707,"4798,10326,5303,12857,4277,8483,6971,275,8421,2140"
19715,19715,"2343,9693,64,6220,5495,9942,5303,12665,5532,5199"
19716,19716,"1290,7120,4929,1244,11298,9101,3697,544,4798,13309"
19729,19729,"1290,7120,4798,6220,8562,6971,10326,5303,9942,12665"
19734,19734,"10326,4798,13346,8562,5495,5303,3950,12857,6433,2218"
19758,19758,"3950,8562,544,9101,4798,3799,10326,8413,5460,9786"
19764,19764,"8562,4798,10326,5303,6220,6971,2218,2343,13346,12665"
19773,19773,"1290,544,11298,1244,9101,2989,9730,4929,4576,6971"
19778,19778,"5495,9942,3950,2218,6220,10326,5676,12470,8562,13408"
19780,19780,"8562,6220,3428,9942,2218,5495,13306,6659,5184,4277"
19784,19784,"10326,8562,544,6220,4277,4798,50,350,6433,9942"
19786,19786,"4798,8562,4277,13346,3950,12857,13249,10916,6220,6433"
19793,19793,"10326,5495,6220,4798,2218,5303,4277,275,3950,8562"
19798,19798,"10326,4798,13346,5495,6220,4277,3428,3950,8562,1323"
19808,19808,"4798,8562,13346,3950,10326,6220,8413,9942,6971,13249"
19812,19812,"1290,7120,2989,1244,7679,12869,9101,4929,9730,4664"
19821,19821,"8562,10326,4798,13346,12857,6433,3950,5303,275,2218"
19830,19830,"1290,1244,9730,12869,11298,7120,9101,9962,789,544"
19843,19843,"1290,7120,12869,7669,9101,2989,11298,544,9295,1244"
19867,19867,"6220,9693,2343,9101,2218,1863,9942,10429,7707,10326"
19889,19889,"8562,6220,9942,3950,4798,13346,2218,10326,12665,3870"
19893,19893,"8562,6220,10326,4798,2218,8188,9942,544,5545,7707"
19898,19898,"1290,7120,11298,1244,9101,9295,4929,2989,12869,4576"
19902,19902,"350,8562,544,10326,9101,4798,9942,5495,6659,12665"
19905,19905,"4798,10326,8562,5303,12857,4277,8590,8421,10916,1328"
19910,19910,"3950,10326,4277,4798,13346,8562,8421,217,717,6220"
19929,19929,"4798,10326,8562,6220,8483,544,5303,4277,13346,12665"
19932,19932,"11298,1290,1244,7120,2989,7679,9101,9730,12869,4576"
19952,19952,"10326,8562,4798,13346,6220,5303,3950,5495,9942,8421"
19956,19956,"8483,8421,8562,4798,544,2814,13110,810,10326,10568"
19987,19987,"4798,8562,10326,5303,3950,8421,4277,13346,12857,6326"
20008,20008,"4798,544,4277,8562,5303,6971,12665,6220,12857,1290"
20018,20018,"8562,13346,4798,3950,9942,8413,10326,12665,2218,6220"
20019,20019,"1290,7120,5303,9942,544,275,6971,2140,4277,4798"
20020,20020,"1290,7120,4929,10663,544,9101,11298,4798,10326,6243"
20023,20023,"13346,4798,5495,8562,8413,10326,2218,6326,3950,9942"
20031,20031,"6220,544,2218,8562,4798,9693,5495,7707,9942,1863"
20039,20039,"8562,6220,9942,12665,8413,544,3428,3950,2218,13346"
20040,20040,"9942,4798,6220,5495,8562,8483,8413,64,2140,12665"
20041,20041,"12470,8188,544,8413,2218,1355,8562,6220,5676,769"
20045,20045,"4798,13346,3950,8562,10326,10916,8421,12857,5303,12665"
20056,20056,"1290,4798,6220,7120,544,12665,6971,9295,89,10326"
20069,20069,"10326,4798,13346,2218,6220,5303,2343,4277,3950,544"
20074,20074,"8562,9942,6220,3428,6659,5184,13110,7359,3870,5545"
20083,20083,"8562,9942,10326,3950,13346,4798,6220,3428,2218,544"
20085,20085,"1290,11298,7120,7679,9101,9730,11024,4664,12869,11918"
20086,20086,"8413,5303,8562,6220,6971,5495,4798,3950,3428,9942"
20089,20089,"8562,6220,3950,13346,2218,4798,4277,3870,10326,5303"
20101,20101,"5303,4798,9942,6220,89,2218,12665,13346,3950,1290"
20104,20104,"544,5105,9101,4798,8911,10326,5495,1377,9942,449"
20112,20112,"8562,9942,4798,3950,12665,544,10326,6220,5676,13346"
20115,20115,"8562,3950,6220,4798,10326,5303,13346,12665,2903,9942"
20133,20133,"1290,7120,12869,11298,1244,9730,9101,4929,789,5135"
20136,20136,"10326,544,2343,4798,4277,9693,217,8562,1220,5303"
20138,20138,"11298,1244,1290,9962,7120,789,11024,9101,9730,5135"
20162,20162,"10326,4798,5303,13346,3950,6971,8421,12857,2140,10916"
20176,20176,"4798,10326,6971,2218,275,6220,8562,544,1290,2140"
20200,20200,"10326,4798,275,5303,8562,2140,13346,4277,12665,6971"
20222,20222,"4798,9306,544,9942,9101,10326,5495,13214,8562,5946"
20251,20251,"10326,1290,4798,7120,6971,5303,544,2140,8590,275"
20256,20256,"12470,5303,10594,12099,12668,5199,10326,2218,609,217"
20264,20264,"10326,4277,4798,8562,6220,6433,5303,810,10916,12857"
20280,20280,"10326,4798,8562,4277,13249,217,12857,10916,8421,350"
20286,20286,"6220,8188,1244,1290,544,9101,10429,11298,1863,7707"
20323,20323,"1290,7120,11298,4929,9101,9295,9962,10663,9730,789"
20324,20324,"1290,7120,544,4929,6971,5495,8590,6220,9101,12470"
20336,20336,"544,9693,11298,9101,1290,1244,2989,9730,7679,7120"
20339,20339,"8562,9942,3950,6220,4798,13346,8413,12665,6326,3870"
20344,20344,"1290,5495,7120,6971,5303,544,10326,12470,4929,9101"
20356,20356,"8562,10326,9942,4798,6220,12665,3950,13346,3428,544"
20360,20360,"1290,7120,4929,6971,2343,9693,544,9101,4798,10663"
20362,20362,"9693,2343,5199,5532,10326,2537,5495,6971,4798,544"
20376,20376,"13346,10326,4277,10077,3950,10916,13249,8562,10568,4798"
20381,20381,"5676,4798,5303,10326,2218,8562,6971,6220,12665,544"
20394,20394,"7120,1244,11298,2989,544,9101,4929,6971,4576,11024"
20397,20397,"8562,1355,12665,5495,544,7707,5545,10429,1863,6659"
20407,20407,"6659,3428,8413,6220,3950,8483,10326,12665,9942,5495"
20413,20413,"1290,7120,11298,9730,1244,12869,9101,2989,11024,544"
20433,20433,"1290,7120,1244,11298,4929,9962,9101,789,9295,9730"
20448,20448,"544,810,7792,5303,9693,2343,9101,1244,9553,8623"
20492,20492,"89,4798,10326,6220,13346,8562,9942,6971,5303,2218"
20505,20505,"1290,7120,11298,1244,9101,2989,9730,4929,544,12869"
20512,20512,"10326,4798,8562,13346,12857,3950,5303,10916,6326,13249"
20514,20514,"544,10537,9101,4181,4798,1706,13013,10326,12453,9942"
20533,20533,"217,4277,350,10326,544,4798,8421,5109,8483,5495"
20543,20543,"5303,1290,7120,10326,4277,2989,4798,8421,6220,12404"
20546,20546,"4798,10326,4277,8421,10594,8562,8161,717,12857,9580"
20557,20557,"4798,8562,10326,9942,3950,13346,12665,5303,5495,4277"
20558,20558,"4798,10326,12857,9602,8562,10594,544,9101,3673,2289"
20561,20561,"12665,9942,13346,6220,4798,3950,10326,3428,2218,8562"
20566,20566,"1290,11298,1244,7120,544,9101,9693,2343,4576,9942"
20573,20573,"11298,1244,1290,9101,544,10607,4798,10326,7120,9942"
20623,20623,"1290,7120,4929,6971,5303,10663,4798,544,9101,10326"
20627,20627,"544,10326,1290,7120,9730,6220,4277,4798,12665,8562"
20643,20643,"4798,10326,6971,5303,2140,275,8421,8562,8161,544"
20645,20645,"1290,11298,7120,1244,9101,544,12869,9730,4576,2989"
20652,20652,"10326,717,4277,13346,8562,5303,12857,3950,4798,8421"
20654,20654,"10326,4798,8562,4277,3950,13346,10916,6433,5303,717"
20667,20667,"1290,6971,89,2989,7120,5199,9101,544,4798,10326"
20670,20670,"3950,544,9101,4798,10326,9942,10159,6538,1889,5495"
20671,20671,"10326,4798,8562,5303,2218,3950,6971,6326,8413,544"
20676,20676,"9942,5303,13346,4798,10326,8562,3950,2140,6220,2343"
20694,20694,"544,1290,4277,12665,7120,5303,10326,2989,12655,1244"
20709,20709,"5495,10326,4798,12470,5303,8562,8413,6220,3950,544"
20716,20716,"4798,8562,5303,10326,2140,2218,6971,8205,544,9101"
20739,20739,"12470,5303,217,64,13346,3565,9693,5495,13296,2218"
20763,20763,"9693,544,2343,10326,6971,5303,5199,4798,6220,2903"
20779,20779,"1290,11298,7120,1244,544,9101,2989,4576,9962,9730"
20781,20781,"8562,3950,6220,2218,4798,8413,6971,12665,5303,9942"
20790,20790,"1290,7120,9295,9962,4929,789,3697,9101,544,11298"
20792,20792,"4798,10326,12857,5303,8421,6971,4277,10916,8562,717"
20797,20797,"4798,13346,8562,5303,10326,5495,6220,8483,8413,9942"
20811,20811,"6220,3950,9942,5303,4798,3428,8562,13346,2218,2140"
20821,20821,"1290,7120,11298,1244,9730,9101,12869,4929,11024,544"
20830,20830,"10326,4798,10594,8421,8562,5303,6383,4277,13259,12857"
20861,20861,"9693,2343,6220,6971,544,9942,10326,5495,6795,12665"
20878,20878,"1290,7120,11298,9101,1244,6220,9730,2989,6971,89"
20891,20891,"8562,12665,5875,7024,544,9101,4798,10326,9942,5495"
20895,20895,"8562,6220,4798,3950,9942,13346,2218,5495,5303,12665"
20901,20901,"10326,4798,8562,6220,5303,6971,2343,13346,4277,544"
20908,20908,"10326,8562,4798,2343,4277,275,9693,5303,13346,3950"
20928,20928,"1290,7120,4929,10663,544,9101,12030,4798,6971,9962"
20945,20945,"9942,6220,5303,8562,6659,12665,544,3428,8188,8413"
20971,20971,"10326,4798,8562,13346,4277,12857,6433,12665,8421,13249"
20979,20979,"4798,10326,8562,5303,6971,3950,4277,13346,12665,12857"
20982,20982,"10326,5303,4798,4277,6433,8421,12857,217,10594,8562"
20991,20991,"10326,13346,8562,5303,12665,6220,3950,8413,2140,2218"
20998,20998,"9942,3950,5495,13346,6220,12665,3428,10326,64,8562"
21006,21006,"3950,2343,5199,9693,9404,6220,5532,4798,5495,8562"
21018,21018,"6971,10326,5303,4798,2140,8562,8161,6515,544,9101"
21028,21028,"9942,6220,8188,6659,8562,544,5676,5495,9693,8413"
21041,21041,"10326,3950,8562,4798,5495,13346,6433,9942,12665,6326"
21042,21042,"2343,9693,5199,6795,5495,5532,544,2903,9532,10326"
21064,21064,"1290,7120,11298,9101,4929,9962,544,12869,9730,2989"
21075,21075,"6971,2343,544,5199,9693,12665,5303,9942,5532,89"
21078,21078,"10326,8562,9942,13346,3950,4798,2218,3870,6326,12665"
21081,21081,"5495,12470,5303,2218,2343,6971,5199,12665,10326,6220"
21084,21084,"8562,10326,3950,13346,275,6971,6220,4798,12665,4277"
21089,21089,"10326,4277,4798,10594,350,8562,217,8421,10916,717"
21112,21112,"1290,7120,1244,9101,2989,4929,544,9730,4576,10663"
21126,21126,"13346,8413,8562,3950,4798,544,9101,9942,10326,5495"
21129,21129,"1290,7120,6971,4929,9101,2989,12869,9295,9730,11298"
21130,21130,"2343,9693,13346,10326,3950,6220,9942,12665,8562,64"
21137,21137,"8562,3950,6220,5303,5642,2140,13346,4798,9942,5495"
21149,21149,"5495,4798,8562,9942,12470,6220,3950,10326,5199,2343"
21152,21152,"10326,4798,8562,6220,5303,2218,2343,6971,275,13346"
21177,21177,"3950,8562,10916,4277,4798,350,13346,10326,544,9101"
21191,21191,"7120,4929,10663,6971,544,4798,9101,12497,6243,10326"
21200,21200,"8562,10326,12665,5676,3950,9942,6220,4798,1328,2218"
21204,21204,"10326,4798,8562,4277,5303,717,3950,217,13346,6433"
21221,21221,"5495,6220,2218,1290,8562,6971,5303,12470,3950,4798"
21228,21228,"1290,7120,11298,544,2989,6971,9101,12665,5303,10326"
21249,21249,"10326,5495,5303,2343,275,544,2140,4798,4277,8483"
21256,21256,"3950,4798,844,8562,6220,8413,9942,544,10326,9101"
21261,21261,"13346,8562,4798,3950,8413,8483,2218,10326,6326,12857"
21279,21279,"544,10326,9942,6220,2343,9693,4798,12665,275,2989"
21282,21282,"1290,7120,11298,1244,9101,544,9730,2989,2343,12869"
21305,21305,"10326,4277,4798,717,8562,10594,8421,6433,10916,544"
21307,21307,"217,3428,13315,10594,5495,13110,5734,544,12152,9101"
21315,21315,"810,1574,5642,11094,10100,544,4365,10063,9101,9942"
21342,21342,"7120,544,2989,11298,9101,1244,6971,2343,12665,4576"
21347,21347,"10326,4798,13346,6220,4277,3950,5303,12665,8562,8413"
21357,21357,"544,6220,1290,8562,9101,10429,1244,7707,7120,4798"
21358,21358,"10326,6971,5199,5532,5495,5303,9693,2343,2903,544"
21368,21368,"1290,9962,7120,11298,9101,544,789,11117,1244,4798"
21372,21372,"1290,11298,7120,9730,2989,9101,1244,544,9295,4576"
21373,21373,"9942,3950,12665,3428,4277,544,2218,13306,5303,5495"
21383,21383,"7120,9101,1244,11298,544,89,4929,9693,9730,2343"
21393,21393,"9942,8562,6220,3950,13346,8413,3428,5303,2218,12665"
21415,21415,"1290,7120,6971,4929,9295,11298,1244,10663,3697,9101"
21421,21421,"1290,9942,8562,6220,4929,9101,10326,12665,4798,1244"
21433,21433,"10326,4798,5303,275,6971,12857,4277,6433,3950,8562"
21449,21449,"544,10326,4798,8562,6220,4277,2343,5303,3950,12665"
21483,21483,"8562,9942,10326,6220,4798,4277,3950,13346,5303,3428"
21488,21488,"4798,8562,10326,3950,13346,5303,10916,8421,12857,9942"
21518,21518,"2989,1244,544,3428,9101,7679,8978,12869,12655,11298"
21528,21528,"12470,6220,8562,5303,2218,13346,9942,4798,12665,3428"
21536,21536,"1290,7120,11298,1244,9730,2989,9101,544,4929,9295"
21585,21585,"4798,8562,9942,6220,5303,10326,5495,3950,12665,6326"
21598,21598,"11298,1290,2989,7120,9730,9101,544,9295,6971,10389"
21602,21602,"8562,12665,5303,3950,3055,13346,4798,9942,8413,544"
21604,21604,"4798,5303,5495,12793,544,9101,10326,9105,8562,9942"
21626,21626,"12665,9693,5495,8205,544,9119,11298,9101,8215,4798"
21636,21636,"12665,3950,2343,9942,89,13346,13315,9693,544,2989"
21649,21649,"7120,4929,10663,544,3697,9101,5573,4798,12030,6243"
21650,21650,"544,1025,9101,12859,4798,10326,9942,7852,4512,5495"
21655,21655,"1290,7120,11298,9101,1244,544,9730,2989,4576,4664"
21662,21662,"11298,1244,1290,12869,9101,544,4576,7120,7679,9295"
21681,21681,"1290,7120,11298,1244,9101,12869,9730,2989,4929,544"
21686,21686,"350,2140,2411,544,1328,10326,4798,12758,5303,7063"
21699,21699,"8562,13346,4798,5303,3950,12665,9942,2218,8413,6971"
21702,21702,"1290,7120,11298,1244,9101,544,9730,4576,2989,9295"
21709,21709,"4798,10326,13346,12857,8562,3950,5303,8421,6971,10916"
21718,21718,"10326,4798,3950,8562,5303,12857,4277,13346,10916,8421"
21719,21719,"10326,4798,4277,5303,8421,12857,10594,6433,717,8562"
21724,21724,"8562,4798,3428,3950,9942,6220,10326,13306,13346,10916"
21741,21741,"1290,9101,2989,11298,7679,1244,7120,544,12869,4576"
21746,21746,"1290,11298,7120,9101,1244,12869,544,7679,3464,10137"
21751,21751,"8413,9942,6302,3950,544,9101,5495,4798,12665,4413"
21754,21754,"4798,10326,8562,4277,13346,12857,6433,8421,217,13249"
21768,21768,"3950,4798,12665,10326,13346,6220,5303,9942,6971,3055"
21775,21775,"6220,5199,5495,8188,544,9942,10429,6659,9101,4798"
21781,21781,"11298,1290,9730,2989,9101,8978,7120,1244,11024,12995"
21789,21789,"7120,11298,1244,9101,544,2989,9730,4929,4576,6971"
21795,21795,"4798,3950,5303,8413,10326,6971,12665,2218,5495,8562"
21812,21812,"8562,3950,8413,13346,9942,12665,3055,1286,4413,4798"
21814,21814,"10326,4798,8562,5303,13346,6971,12857,2140,10916,6433"
21820,21820,"10326,3950,8562,4798,5303,13346,12665,6220,9942,2140"
21827,21827,"10326,4798,9942,4277,5303,6220,12665,8562,717,2218"
21838,21838,"8562,10326,8188,6220,4798,1355,13346,10429,544,9101"
21855,21855,"2343,9693,64,6795,5495,9942,5532,5199,13346,544"
21881,21881,"4798,13346,275,12857,3950,10326,64,8562,9942,5303"
21884,21884,"8562,10326,4798,9942,6220,12665,13346,5303,6971,3428"
21889,21889,"1290,7120,544,10326,4798,1244,6971,4929,9101,8562"
21896,21896,"10326,8562,4798,6220,544,5303,4277,13346,2218,2140"
21902,21902,"4798,10326,4277,10916,12857,13346,8421,3950,10594,6433"
21916,21916,"10326,4798,4277,544,5303,8562,6971,13346,10916,8421"
21927,21927,"1290,7120,11298,9962,789,5135,9101,1244,544,4798"
21938,21938,"10326,4798,12857,4277,717,8421,6433,13249,217,6971"
21948,21948,"810,4277,6433,8562,13346,12857,9245,4798,5610,11603"
21952,21952,"1290,7120,4929,9295,10663,3697,9101,544,6971,11298"
21954,21954,"2343,9693,6795,5199,5532,5495,544,10326,4798,9942"
21955,21955,"9942,6220,3950,5303,544,8562,10326,6659,275,3428"
21978,21978,"8188,6220,8981,4798,544,2218,9101,10429,10326,12665"
21983,21983,"1290,11298,7120,544,2343,9693,9101,9730,6220,10326"
22004,22004,"10326,1290,4798,7120,9693,5303,2343,6971,2140,5199"
22007,22007,"1290,7120,11298,3464,9730,12869,4929,2989,11024,4576"
22014,22014,"9942,3950,3428,6220,5495,8413,89,2218,12470,5545"
22020,22020,"4798,10326,12665,8562,6220,5303,8413,4277,13346,9942"
22052,22052,"4798,10326,5303,12857,8421,4277,717,10594,8483,6971"
22056,22056,"8562,5495,12665,3950,1323,2218,13346,9942,6302,9404"
22064,22064,"8562,10326,2343,4798,544,9693,6220,7707,13346,8681"
22072,22072,"10326,4798,8562,5303,12857,4277,6220,13346,3950,10916"
22074,22074,"8562,4798,10326,4277,8421,12857,10916,13249,5303,13346"
22102,22102,"13346,3428,3950,9942,6220,13306,5545,1889,10326,12665"
22110,22110,"8562,10326,4798,13346,3950,3428,9942,6220,5495,217"
22111,22111,"544,10326,4798,5303,4277,6220,8562,2218,8483,275"
22119,22119,"6220,1290,6971,5495,12665,89,10326,8205,544,8413"
22125,22125,"8413,8562,3950,13346,4798,544,9101,10326,9942,5495"
22150,22150,"10326,4798,5303,6971,544,5199,5495,275,8922,12665"
22151,22151,"1290,7120,1244,4929,9295,6971,11298,544,10663,9101"
22154,22154,"1290,7120,4929,1244,11298,10663,9101,544,4798,2989"
22213,22213,"9942,6220,3950,12470,3428,2218,5545,6659,3870,5495"
22256,22256,"544,2343,1290,6220,11298,7120,13346,9101,9730,6795"
22258,22258,"4798,8562,5303,13346,5495,10326,4277,8421,3950,10916"
22265,22265,"8562,4798,10326,13346,3950,6220,9942,5495,12665,2218"
22279,22279,"2343,13346,6220,9942,9693,5495,8562,3950,2218,89"
22280,22280,"10326,9942,8188,4798,8562,275,6220,5495,6659,10869"
22283,22283,"2343,9693,544,9101,4798,10326,9942,8981,5495,12665"
22286,22286,"6220,3950,3428,9942,8562,8681,8413,13346,5676,3870"
22288,22288,"8562,2343,10326,13346,9693,5199,4277,12665,544,4798"
22321,22321,"1290,7120,11298,1244,2989,9730,9101,7679,12869,4576"
22336,22336,"4798,10326,8562,5303,12665,3950,12857,13346,6220,4277"
22344,22344,"4798,6971,5303,3950,10326,844,13346,544,5495,9101"
22353,22353,"9453,6659,12665,544,9942,9101,10326,4798,5495,7862"
22356,22356,"4929,1244,9295,11298,9101,3697,544,12497,2916,6971"
22387,22387,"10326,4798,5303,13346,8562,6433,6971,2140,544,12857"
22427,22427,"6971,4798,9942,544,8562,9101,10326,12665,4413,9799"
22428,22428,"1290,7120,9693,9101,2343,11298,1244,544,9730,9295"
22449,22449,"11298,9101,7679,1290,2989,1244,11024,4576,9730,12869"
22452,22452,"544,6220,9942,9101,13296,10429,1863,5495,11298,4798"
22460,22460,"7679,7669,1371,4163,11298,9101,12869,2957,544,1244"
22467,22467,"1290,7120,10326,4798,1244,4929,544,6971,11298,10594"
22480,22480,"1290,7120,544,1244,9101,9962,4929,11298,9693,789"
22481,22481,"4798,10326,275,5303,8562,6971,9942,13346,2140,12665"
22484,22484,"5303,4798,9942,3950,10326,8483,11572,8421,5495,12857"
22489,22489,"9693,2343,9942,544,2537,5532,64,6834,9101,9532"
22502,22502,"9101,1290,11298,1244,7679,7120,4576,4664,3464,10389"
22510,22510,"1290,9101,11298,2989,12869,7120,544,1244,9730,4576"
22511,22511,"1290,7120,6220,1863,544,9101,10429,4798,9942,5495"
22514,22514,"4798,10326,9693,5303,6971,2343,8562,8483,8421,1290"
22520,22520,"1290,7120,4929,544,10322,9101,5573,4798,10663,10326"
22546,22546,"4798,6971,12857,2140,5495,544,9101,10326,7063,8562"
22551,22551,"8562,8413,3950,12665,6220,9942,13346,5545,3870,4413"
22582,22582,"11298,1290,7120,1244,3464,9730,8978,9101,2989,11024"
22595,22595,"9942,6220,12665,9693,2343,3950,3428,2218,544,4798"
22597,22597,"4798,8562,10326,13346,13249,6326,10916,8421,8483,9942"
22605,22605,"3428,3950,4277,217,12470,9768,5495,13346,13249,13306"
22618,22618,"544,4798,9942,1290,7120,9101,9693,2343,11969,5303"
22641,22641,"544,10326,4277,717,10077,4798,8421,350,8562,1328"
22645,22645,"10326,4277,350,8562,217,9178,544,9340,4798,652"
22660,22660,"8562,10326,4798,3950,13346,5303,6220,12857,4277,8421"
22666,22666,"3950,8562,4798,8413,2140,12665,13346,9942,3428,5461"
22674,22674,"7120,1244,9101,11298,4929,9730,2989,4576,544,9693"
22678,22678,"1290,7120,11298,544,1244,9101,2989,2343,9730,9942"
22697,22697,"11298,1290,7120,1244,11024,544,9730,9101,4798,12665"
22698,22698,"3950,5495,13346,13315,6220,2218,5199,9942,3428,10326"
22705,22705,"544,1290,4798,10326,8562,6220,6971,5303,7120,2140"
22710,22710,"5676,2343,8562,9693,10326,5495,4277,544,3127,6971"
22714,22714,"3950,2218,8562,13306,8413,3055,4798,3992,9942,544"
22715,22715,"5303,4798,810,3950,10916,6220,13346,10326,3055,8562"
22720,22720,"4798,10326,5495,4277,544,2343,5303,6220,8562,13346"
22734,22734,"4798,10326,8562,5303,2218,6971,544,5495,275,2140"
22735,22735,"4798,10326,5303,6971,2218,3950,8562,13346,8421,6326"
22736,22736,"4798,8562,10326,5303,6971,2218,13346,12857,2140,6220"
22747,22747,"8562,2343,9693,544,10326,4798,4277,275,10916,12665"
22748,22748,"4798,6971,10326,2140,5303,8562,1290,544,9101,9942"
22759,22759,"9693,2343,10326,13346,12665,6220,2218,3950,4798,6795"
22761,22761,"4798,10326,6971,5303,5199,2218,2140,3950,12665,8562"
22774,22774,"10326,4798,8562,6971,5303,9942,6220,2218,5495,12665"
22783,22783,"8562,6659,6220,10326,3950,2989,7707,3055,9942,13346"
22830,22830,"5495,544,9693,12470,10326,6220,5676,5303,13346,9942"
22831,22831,"7120,1244,4929,11298,10663,3697,9101,9730,2916,2989"
22846,22846,"10326,544,4798,8562,6220,2343,6971,13346,5303,3950"
22850,22850,"1290,7120,1244,11298,9962,9101,544,789,3737,4798"
22883,22883,"5495,8562,2218,4798,9942,6220,5303,12665,12470,1912"
22887,22887,"10326,4798,544,13346,12665,9693,6220,3950,4277,5303"
22893,22893,"8562,9942,5303,2218,6220,3950,12665,4798,12857,13346"
22905,22905,"8562,6220,4798,2343,13315,8681,3950,13346,3428,9693"
22923,22923,"4798,10326,6220,8562,3950,5303,12857,2218,13346,4277"
22956,22956,"10326,4798,12857,13346,6326,217,3950,10916,717,4277"
22964,22964,"6220,544,1863,8562,5495,9942,4798,9101,10326,5545"
22972,22972,"11298,1290,9101,1244,7120,7679,12869,9730,2989,4664"
22985,22985,"6971,4798,5495,10326,544,12665,9101,5461,9942,8703"
23011,23011,"10326,4798,544,4277,350,8562,12857,717,217,8421"
23027,23027,"11298,2989,9101,7679,544,1244,11024,1290,9730,4664"
23036,23036,"10326,6220,9942,4798,3950,8562,6971,3428,13346,2218"
23038,23038,"8562,13346,6220,4798,5495,3950,9942,3428,5303,12665"
23046,23046,"10326,1290,4798,7120,5303,1244,11298,6971,9101,12665"
23051,23051,"8413,12857,5303,2218,6220,4798,4277,3950,5199,6971"
23057,23057,"544,9101,4798,2770,10326,9942,5495,12665,3960,8562"
23062,23062,"11298,7679,1244,12869,9101,1290,8978,11024,4163,7669"
23069,23069,"8562,4798,5303,13346,5495,3950,10326,6971,6220,12665"
23078,23078,"12665,6220,5495,8562,2343,89,2218,9942,5303,1290"
23113,23113,"8562,4798,6220,2218,8413,5303,10326,3950,6971,2343"
23121,23121,"1290,11298,9101,1244,544,4798,9942,7120,10326,9730"
23123,23123,"4798,10326,8562,3950,5303,4277,544,13346,13249,717"
23136,23136,"4798,13346,8562,5495,6971,5303,8413,10326,9942,12857"
23138,23138,"4798,3950,8562,10326,13346,5303,4277,12857,10916,6220"
23140,23140,"10326,12665,4798,1290,5303,544,6220,6971,8562,2218"
23170,23170,"10326,4798,4277,3950,13346,12857,5303,10916,8421,6220"
23173,23173,"1290,7120,11298,2989,9101,1244,544,5303,10326,2343"
23179,23179,"544,6220,2343,9693,5303,10326,6971,8562,810,4277"
23196,23196,"4798,8562,10326,13346,3950,6220,4277,12665,5495,5303"
23199,23199,"6220,2218,3950,9942,6641,5495,4413,3428,544,3870"
23216,23216,"4798,10326,6971,5303,8562,544,2140,844,9101,275"
23226,23226,"8562,13346,5495,3950,10326,1328,12470,217,5610,4798"
23233,23233,"10326,4798,5303,8562,2218,8590,1328,8421,6220,6659"
23253,23253,"9693,2343,6971,12665,6220,3950,5199,10326,5532,3055"
23281,23281,"1290,7120,544,9730,9101,11298,9295,4929,1244,5969"
