ID,user_id,item_id
12,12,"4277,5303,4798,8562,10326,2140,2218,8483,10916,8421"
14,14,"6220,8562,1290,13296,4798,10326,9942,544,7120,7637"
17,17,"1328,6659,10326,544,4798,1290,1221,9942,8562,4072"
21,21,"10326,4798,4277,6220,8562,544,2140,8421,13346,6971"
44,44,"1290,11298,7120,1244,11024,9101,9295,4664,10607,9962"
55,55,"10326,8562,6220,2218,12470,4798,13296,5495,10916,4277"
56,56,"6971,89,2343,4798,5495,12665,9693,8922,2218,5199"
58,58,"10326,4798,6971,8562,544,5303,4277,6433,3950,6220"
59,59,"4798,3950,10326,6220,13346,6971,7707,4277,5545,5303"
79,79,"4798,13346,10326,6220,4277,3428,2343,8562,6971,3950"
81,81,"1290,7120,9101,11298,12869,544,2989,4576,1244,4929"
85,85,"6971,8562,5303,275,10326,2140,12857,4798,8590,544"
92,92,"1290,7120,11298,11024,4576,6220,10607,12869,4664,1779"
97,97,"3950,12665,9942,4798,2218,5495,3055,10326,6326,4602"
100,100,"4798,13346,2140,8421,10916,8562,12857,3950,10326,6971"
112,112,"4798,3950,6971,6220,6383,544,10326,7707,2140,9733"
122,122,"10326,8562,3950,6220,4798,4277,217,3428,13296,544"
133,133,"2343,6220,9693,9942,544,6659,8590,9532,5532,1323"
141,141,"1290,6220,13296,8562,7120,544,1863,10326,6971,4798"
144,144,"9295,4798,6954,13330,544,12449,7188,1290,10326,9942"
149,149,"1290,7120,11298,4576,4929,1244,7679,10663,2916,10674"
153,153,"6220,3950,4798,10326,8562,2218,12665,12857,5303,13346"
166,166,"6971,1290,2989,7120,544,8590,5001,3464,9532,10326"
220,220,"6220,13346,4798,8562,8413,5676,9942,13249,6326,5545"
231,231,"3950,9693,2343,12665,9532,9404,5199,5532,13306,13346"
262,262,"1290,7120,6971,10326,4798,4929,13346,544,1244,12497"
274,274,"6220,6971,2218,1290,4798,2140,3950,1220,544,12665"
277,277,"544,2343,4576,12470,12665,89,5495,6971,5545,1290"
281,281,"1290,7120,6971,4929,9295,11298,1244,10663,5135,789"
291,291,"217,3428,8421,717,4798,8562,544,10326,1290,3950"
300,300,"10326,6220,8562,6971,5303,9942,4277,4798,3950,275"
310,310,"10326,4798,8562,5303,6220,10916,2140,544,8421,11000"
332,332,"5495,12470,3565,13306,609,5155,544,1290,10326,1642"
344,344,"10326,4798,4277,8562,6433,217,8421,10594,13249,717"
359,359,"6220,1290,544,7120,1244,13296,2218,89,7707,9101"
380,380,"5495,2343,5199,2903,5532,10835,9693,3950,544,1290"
386,386,"6220,9942,3950,8562,4798,12665,13346,3428,4277,6971"
426,426,"3950,13346,6220,3055,2218,12665,5199,89,8562,544"
436,436,"4798,10326,4277,8562,13346,12857,6971,2140,3950,544"
453,453,"6220,6971,3950,8562,89,2218,544,4798,9532,13346"
461,461,"7120,544,2989,11298,1244,4929,6971,9101,10326,10663"
464,464,"4798,2140,7138,10326,544,1290,8161,9306,8562,9942"
473,473,"5495,12665,3950,544,8562,1290,10326,9942,4798,896"
481,481,"10326,6220,4798,217,717,6383,8562,350,12665,10077"
490,490,"4277,275,350,4798,8483,5303,9340,10326,1328,3428"
494,494,"4798,8562,6220,10326,3950,6971,12665,5303,8590,2218"
497,497,"1290,2989,7120,12869,9730,7679,11298,4576,7669,544"
510,510,"2343,544,3950,6220,9942,13346,6795,4798,5532,8562"
511,511,"10326,8562,6220,12857,4798,5303,8421,2140,2091,4277"
512,512,"1290,2343,7120,544,9693,4576,11298,1244,11024,5532"
524,524,"1290,7120,12869,9962,9295,789,11298,9730,1244,3464"
525,525,"10326,544,4798,5303,3950,4277,12665,8562,6971,2140"
545,545,"10326,8421,4798,8161,544,1912,217,1290,8483,8562"
560,560,"10326,8562,3950,6220,13346,4798,350,6433,5303,3428"
564,564,"2343,9693,6795,3055,275,10326,544,2537,6834,8562"
566,566,"2343,5303,13346,8562,9693,13306,4798,6326,5545,3416"
568,568,"4798,6220,217,3428,8562,2343,10326,4277,8421,544"
570,570,"8562,7707,2218,6220,544,8681,13296,10429,13346,4798"
573,573,"10326,8562,13346,4277,4798,3950,217,2140,10916,6433"
594,594,"8562,6220,3950,13346,5303,4277,10326,4798,2140,10916"
601,601,"6220,2218,3950,6971,4798,8562,5303,275,1290,544"
605,605,"3950,2905,5495,12611,5999,4798,544,1290,10326,9942"
641,641,"6220,3950,4798,10326,2343,9942,13346,544,3428,9693"
650,650,"6220,3950,9942,2218,5303,4277,217,8562,5545,544"
675,675,"9942,6220,6971,8562,4798,3950,5545,5303,13346,3870"
677,677,"1290,7120,4929,10663,3697,2916,9962,12497,789,1244"
679,679,"10326,544,9942,6971,6220,8562,2218,5303,5676,7707"
683,683,"810,3950,13346,4798,50,9245,5610,8562,8746,544"
687,687,"10326,8562,4798,544,6220,13346,1290,5303,12665,10916"
705,705,"275,5303,544,12404,350,10594,4798,4277,9340,7138"
708,708,"1290,7120,544,1244,11024,11298,9101,4576,10663,6971"
712,712,"6220,8562,3950,5495,9942,13346,12665,13306,2218,4798"
715,715,"4798,6971,2140,11000,275,8562,3950,13346,5303,10326"
728,728,"1290,7120,11298,1244,9101,4576,9962,789,544,2989"
743,743,"2343,12665,10326,2218,3950,544,89,9693,2903,5199"
753,753,"9942,6220,7707,8562,544,5184,3950,2989,13296,3870"
757,757,"4798,6971,5303,10326,9942,13346,6433,1220,8421,3950"
768,768,"5495,3950,13346,8413,5303,12470,2218,8562,10326,4798"
797,797,"2343,5532,6795,5495,10835,6220,9532,6834,2537,544"
813,813,"12665,6220,6971,1290,544,10326,11298,4413,9942,4798"
832,832,"1290,7120,6971,4929,11298,10663,12869,9730,9101,1244"
833,833,"10326,9942,6220,544,4798,3950,5303,8562,12665,275"
844,844,"2343,12665,2218,5545,13346,9942,544,9404,8413,4277"
858,858,"10326,6220,544,4277,3950,13296,50,4798,8562,810"
874,874,"11298,12869,4576,11024,1290,7120,6220,9730,3704,10389"
875,875,"10326,4798,8562,12470,6220,5303,2218,4277,13296,13346"
892,892,"4798,8562,5303,6220,7707,2140,9942,10326,544,1290"
897,897,"3950,13346,6220,2343,3055,9942,3428,4602,544,5524"
912,912,"1290,7120,4798,8590,6971,4929,9295,9101,10326,10663"
924,924,"6220,13346,8562,5545,9942,5485,7707,544,9455,12665"
926,926,"6220,1290,9942,544,10326,13296,2218,5545,8590,12665"
933,933,"5303,2140,6433,8562,4277,544,6220,9178,10326,3950"
944,944,"8562,6220,3950,2343,5545,9942,13296,3428,13346,89"
951,951,"5495,4798,6220,2218,6971,5303,544,10326,8562,8590"
974,974,"8562,6220,9942,544,3428,13296,5545,7707,13346,4798"
1010,1010,"9306,544,1290,4798,10326,5946,9942,7120,8562,13214"
1013,1013,"6971,89,12665,3055,8562,3950,1290,544,7024,7983"
1016,1016,"1290,4798,6971,2218,5303,8562,9942,8590,7120,6220"
1023,1023,"1290,7120,6220,2218,6971,9942,1244,89,13296,10326"
1035,1035,"544,12665,10326,8562,6220,1290,6971,5303,4277,217"
1046,1046,"1290,544,7120,11298,4798,2989,6971,10326,5303,4576"
1051,1051,"1290,7120,544,8590,8562,9942,2218,2989,10326,11615"
1057,1057,"10326,5303,8421,4798,6971,7138,8483,8562,2218,1912"
1064,1064,"1290,4798,7120,10326,6971,4929,8590,4277,10663,2140"
1080,1080,"7589,544,4798,3950,12104,1290,10326,9942,9998,8562"
1089,1089,"10326,8562,544,4277,4798,5303,6220,217,3950,12857"
1090,1090,"13346,8562,3950,4277,8421,10326,2140,10916,6971,8161"
1103,1103,"10326,8562,10916,4798,2140,13346,217,3950,6433,9178"
1123,1123,"1290,7120,6971,4929,10663,2885,544,5303,12030,10326"
1134,1134,"10326,5303,8562,13346,4277,4798,8421,2140,3950,8413"
1136,1136,"3950,8562,4798,13346,2218,4277,9942,13296,12665,5545"
1139,1139,"6220,5495,13296,9942,7707,5545,544,1290,6971,8562"
1154,1154,"6220,3428,12665,9942,4277,10326,544,2343,3950,13306"
1169,1169,"1290,6220,544,11298,1244,4929,4576,9101,9942,6971"
1173,1173,"8562,6220,8188,7707,3950,12606,4798,10429,544,9942"
1178,1178,"544,5875,1290,10326,8235,4798,7024,12665,11403,9942"
1190,1190,"3950,8562,6971,5303,4798,13346,10326,6220,5199,2218"
1205,1205,"6220,5303,4798,8562,6971,8413,2140,3950,2218,13346"
1217,1217,"11298,1290,2989,11024,7120,1244,4576,12869,9730,3464"
1218,1218,"544,9942,2343,6220,9693,9101,89,13296,9532,5532"
1230,1230,"6220,8562,10326,544,3950,4798,13346,5303,2218,8590"
1250,1250,"10326,8562,5303,4277,10594,2140,4798,6433,350,12857"
1252,1252,"3950,6971,4798,5303,10326,8562,5199,9532,9942,2343"
1276,1276,"2343,2218,9693,9942,5532,5199,5495,544,10835,5303"
1279,1279,"1290,7120,1244,789,9962,11298,5135,9101,6971,544"
1281,1281,"10326,217,4798,5303,275,8421,4277,12857,8590,8562"
1288,1288,"8562,3950,6220,9942,5303,5495,13346,2218,4277,12470"
1305,1305,"11298,1244,9730,1290,7679,789,9962,10607,1779,4664"
1320,1320,"4798,8562,3950,10916,2140,6326,13249,12857,10326,3870"
1321,1321,"3950,5495,5303,10326,5199,12470,2343,6971,13346,4798"
1328,1328,"9942,6220,2218,8562,6659,7707,13296,5303,13110,10326"
1343,1343,"10326,4798,8562,4277,5303,6971,12857,544,8421,3950"
1345,1345,"1290,4277,2989,7120,11298,544,4798,9101,1244,4576"
1374,1374,"11298,1244,7120,12869,7679,4664,4576,9101,10607,4163"
1410,1410,"1290,7120,4929,10663,1863,544,4664,3870,4798,10326"
1414,1414,"12857,6433,10594,8161,10326,544,8562,8483,1290,4798"
1420,1420,"9942,8562,6220,4798,13296,13346,3950,3428,7707,5676"
1440,1440,"8590,10326,544,11660,2343,1290,8562,7707,4798,9942"
1441,1441,"2989,6220,8562,544,10429,1323,1290,1863,10326,3487"
1443,1443,"4576,11298,544,11024,1244,1290,9101,4664,2989,2343"
1458,1458,"1290,11298,7120,1244,10326,544,4277,9101,4664,4576"
1492,1492,"6220,3950,13346,4798,9942,5545,10326,5303,3870,8562"
1496,1496,"10326,4798,1290,6971,5303,8562,2218,8590,544,12665"
1499,1499,"3950,12665,3055,2343,10326,2140,5199,544,1746,5303"
1504,1504,"1290,9101,7120,11298,544,12869,11024,2989,7679,4664"
1516,1516,"6220,2343,13346,9942,8562,3950,4277,4798,2140,13249"
1523,1523,"4798,13346,9455,217,8161,9178,2767,544,1290,10326"
1534,1534,"350,544,1290,10326,4798,9942,8562,11298,8540,7120"
1539,1539,"1290,7120,6220,544,11024,9942,4576,11298,2989,12665"
1559,1559,"1290,7120,2989,4576,9101,6971,1244,4664,4929,11024"
1572,1572,"6220,10326,9942,12665,3950,544,2218,3428,4798,8562"
1573,1573,"10326,12857,5303,4798,4277,544,8421,717,217,10594"
1601,1601,"544,1290,6220,7120,7707,6971,13296,9942,9101,10326"
1603,1603,"4798,8562,3950,50,8483,10326,13346,2905,10916,1383"
1604,1604,"544,217,350,4277,1978,10326,717,8421,3950,6383"
1613,1613,"1290,11298,2989,4576,11024,7120,7679,9101,4664,9730"
1634,1634,"4798,10326,4277,13346,6659,6971,6220,3950,1328,9404"
1642,1642,"3950,4798,6220,8562,13346,9942,13249,2218,10326,3428"
1643,1643,"1290,7120,6220,2989,6971,1244,4929,11298,10663,9101"
1654,1654,"8562,6220,544,3950,4798,9942,10326,13296,6971,2343"
1657,1657,"2989,11024,11298,12655,7679,7342,4576,12995,1244,8978"
1674,1674,"1290,6971,2218,9942,4798,89,6220,5199,2343,1220"
1702,1702,"10326,8562,6220,13346,3950,6326,7707,13110,5545,12665"
1719,1719,"6659,6220,3950,1328,9942,544,2218,13296,4256,1290"
1725,1725,"8562,4798,3950,10326,6220,13346,12857,6326,5303,13296"
1726,1726,"1290,6971,7120,5303,4798,4929,8562,10326,2140,544"
1728,1728,"544,2343,9693,6971,1290,4576,11969,9942,8590,12869"
1735,1735,"89,1290,5875,12757,8235,544,7024,12665,13191,10326"
1739,1739,"1290,7120,4929,10663,3697,544,2916,10326,4798,5135"
1774,1774,"4798,10326,3950,8562,4277,3428,13346,6220,5303,6971"
1780,1780,"4798,10326,544,4277,9101,11969,6220,7679,2343,350"
1799,1799,"217,6270,2771,544,1290,2880,8562,10326,4892,4798"
1813,1813,"4798,8562,10326,3950,13346,2218,9942,4277,5303,13296"
1834,1834,"4798,8562,13346,3950,12857,6971,10326,10916,6326,544"
1835,1835,"5495,12470,8562,217,11484,544,5494,1290,10326,6659"
1841,1841,"1290,11298,1244,12869,9962,10607,9295,789,5135,9101"
1863,1863,"6220,3950,10326,8562,9942,3428,5545,275,4798,2140"
1878,1878,"8562,3950,13346,9942,8413,3428,6220,13249,5545,4413"
1879,1879,"2343,4798,6971,10326,5303,8562,5532,13346,6795,544"
1910,1910,"1290,7120,10663,6971,4798,12497,2343,8590,6591,5303"
1911,1911,"8562,4798,5303,8421,13249,10326,544,6220,12606,9340"
1919,1919,"13346,2343,9693,6220,9942,5545,2989,544,6971,13249"
1925,1925,"12869,7679,9730,4163,11298,2957,1558,4216,11024,3464"
1926,1926,"11298,11024,9962,789,1290,544,4664,11918,83,5135"
1931,1931,"10326,544,7275,1290,2940,4798,9850,9942,10107,8562"
1940,1940,"4798,10326,8562,6220,5303,6971,2218,275,13346,8590"
1968,1968,"4798,5303,1328,8483,8590,350,10326,13249,9040,13346"
1981,1981,"4798,3950,6971,13346,8413,5303,10326,12857,6326,5642"
1992,1992,"1290,7120,11298,10663,1244,2916,9295,12497,2989,544"
1998,1998,"11298,11024,1779,4664,1290,9101,9295,9730,4036,10607"
2000,2000,"1290,7120,4929,9962,789,9295,10663,5135,11298,1244"
2017,2017,"3950,4798,8562,13346,4277,6971,12857,8421,5303,6433"
2036,2036,"544,5875,1290,10326,4798,13112,8235,9942,8562,3814"
2044,2044,"6220,11969,544,2343,8562,9693,50,275,10326,4798"
2047,2047,"1290,11298,1244,9101,9730,1779,6591,7120,12869,9295"
2052,2052,"10326,5303,350,9178,8161,544,12857,1290,10594,4277"
2055,2055,"5495,544,1290,10326,9942,4798,5760,8562,3545,11298"
2069,2069,"6220,8562,2218,3428,8413,6971,5545,13296,5303,9942"
2075,2075,"2343,4798,5303,6220,9693,3950,4277,9942,12665,13346"
2089,2089,"4277,717,8421,4798,10326,10594,10077,8562,8161,10916"
2093,2093,"4798,6220,12665,9942,8562,2218,5303,3950,5495,6971"
2127,2127,"2140,4798,10326,1295,13346,544,1290,7063,8562,9942"
2135,2135,"9942,6220,12665,3950,5545,3428,2218,5495,3870,8562"
2137,2137,"12665,3950,13346,6220,8562,2343,9532,89,6971,8235"
2141,2141,"2218,6220,9942,8562,7707,13296,5545,8413,7792,8188"
2147,2147,"1290,544,6220,7120,4576,4664,8562,13296,4277,7669"
2150,2150,"10326,4277,8562,350,12857,717,4798,1978,6433,8421"
2153,2153,"4798,10326,8562,6220,5303,4277,12857,6326,13249,10916"
2158,2158,"1290,544,2989,11298,7120,1244,4576,9101,7679,12869"
2178,2178,"8562,4798,13249,5495,5199,13346,6220,5532,10835,6971"
2180,2180,"6220,13346,12665,8562,2343,5676,3950,6383,1323,5495"
2181,2181,"2989,1290,11298,3464,7120,544,1779,7679,4576,1244"
2193,2193,"3950,9942,2218,6220,8413,4413,544,1290,10326,4798"
2216,2216,"8562,4277,10326,4798,13346,6433,8421,544,7707,217"
2224,2224,"8562,3950,5495,2343,10326,5303,6220,5199,5545,12470"
2231,2231,"6971,2343,89,5532,5199,8590,1290,2903,12665,544"
2242,2242,"3950,4277,8562,13306,6220,13346,5545,5495,9942,217"
2243,2243,"5495,2343,9693,10326,3127,544,5199,6971,4798,2903"
2247,2247,"9730,4443,4266,544,8579,13043,3950,1290,3238,10326"
2262,2262,"544,11298,1290,1244,11024,4576,9101,7120,4664,8590"
2271,2271,"8562,4798,10326,3950,5495,2218,4277,5303,544,2343"
2284,2284,"3950,6971,13346,5495,8562,4798,8413,6220,609,2580"
2287,2287,"8562,8188,13306,2218,544,1290,10326,9404,4798,10213"
2291,2291,"2218,5303,2140,6220,6971,3950,8590,4277,275,4798"
2293,2293,"1290,7120,5303,6971,2343,544,10326,4798,11298,2218"
2294,2294,"4798,10326,8562,12857,5303,10594,6433,544,6326,4277"
2301,2301,"4798,6220,6971,10326,8590,5303,8421,2343,6659,3950"
2310,2310,"6220,9942,544,12665,10326,3950,8562,3428,13296,5545"
2341,2341,"4798,8562,6971,10326,3950,13346,6220,9942,12857,5303"
2345,2345,"9101,11298,11024,7679,4576,2989,12655,10137,11918,12869"
2348,2348,"1290,7120,11298,1244,544,4576,9101,4929,9730,2989"
2349,2349,"6971,10326,4798,8562,5532,13346,4277,5303,10916,3950"
2350,2350,"10326,4798,6220,1290,544,4277,6971,7120,5303,8590"
2355,2355,"10326,4277,4798,3950,8421,6220,8562,13346,217,10916"
2383,2383,"10326,4798,3950,8562,8421,717,1328,13346,6326,8161"
2393,2393,"4798,6971,10326,544,1290,8562,9306,2291,9942,2140"
2399,2399,"7120,4929,1244,544,10663,4798,10326,9101,2916,6220"
2421,2421,"2343,544,10326,4798,5303,5495,12665,6795,5532,5199"
2435,2435,"9532,2989,4576,11298,12483,544,4563,11024,1290,7024"
2448,2448,"5495,8590,10835,9942,544,1290,10326,5341,5875,4798"
2452,2452,"1290,7120,4929,10663,12497,544,6971,2343,10326,4798"
2464,2464,"8562,6220,3950,9942,5545,13296,13306,6971,13346,3870"
2470,2470,"12857,8562,10326,5642,10594,3950,217,9453,544,6433"
2478,2478,"6971,1290,2218,5303,8590,5199,89,10835,12665,544"
2506,2506,"6220,5495,3428,5303,3950,4798,8562,544,8681,10594"
2523,2523,"6971,8235,4798,544,10326,1290,5875,9942,12665,8562"
2527,2527,"1290,7120,4929,10663,12497,10322,544,6243,5573,10326"
2528,2528,"3950,4798,12857,6326,8562,5642,13346,11540,6220,10594"
2530,2530,"13346,3950,2218,6971,8562,5199,8590,13408,10835,5495"
2533,2533,"9942,6220,8562,13296,3950,3509,8188,3870,7792,13310"
2540,2540,"8562,4798,8483,13346,3950,10326,217,5676,9455,10916"
2558,2558,"3950,8562,12665,10326,2343,13346,6971,2218,9942,5545"
2559,2559,"6220,12665,8188,6659,5545,9942,13296,3950,10326,544"
2592,2592,"10326,6220,4798,6971,13346,8590,275,544,4277,1290"
2599,2599,"10326,6220,4277,8562,5303,4798,544,2140,3950,6971"
2608,2608,"6220,9942,8562,5545,3428,3950,12665,13296,6971,5303"
2613,2613,"11298,1290,11024,2989,9730,7120,4576,12869,4664,9295"
2616,2616,"8413,8562,2903,6270,544,4798,1290,10326,4181,7715"
2617,2617,"1863,5495,8562,4798,544,1290,10326,6220,9942,5962"
2619,2619,"3950,9942,5545,6220,3428,5199,89,8413,3055,10326"
2622,2622,"1290,7120,11298,1244,789,5135,544,11024,4036,2885"
2629,2629,"1290,1244,11298,11024,4576,544,9101,7120,2989,7679"
2648,2648,"1290,1244,9101,7120,4576,2989,12869,544,10389,1779"
2654,2654,"4798,10326,6220,8562,6971,5303,3950,7707,2140,13346"
2668,2668,"6220,1290,10429,8562,544,5976,10326,7120,4798,9942"
2703,2703,"5495,4576,2343,3565,9693,5199,544,1355,4118,1290"
2710,2710,"13346,4277,8562,3950,10326,4798,5303,9942,6383,10916"
2713,2713,"4798,10326,13346,6971,5303,8562,3950,12857,8421,6326"
2722,2722,"7120,2989,1244,11298,9101,4929,544,10663,9730,4576"
2724,2724,"1290,7120,4929,6971,10663,544,2916,9962,12497,1244"
2727,2727,"10326,6220,2218,8562,6971,5303,4798,9072,8413,13296"
2755,2755,"1290,7669,4576,11298,9101,2989,7679,12869,544,11024"
2769,2769,"13346,4277,8562,7707,4798,12404,3428,6220,9455,10326"
2776,2776,"10326,5303,2218,12665,9942,544,5532,5199,8562,5495"
2781,2781,"1290,7120,4929,6971,10663,1244,544,8590,4576,6220"
2782,2782,"1290,7120,7679,11298,1244,4929,4576,10663,10607,9962"
2789,2789,"2343,9693,5532,1220,5199,10835,5303,13346,4798,5676"
2794,2794,"9942,8562,5545,7707,3950,2903,12665,10835,9532,6220"
2804,2804,"8562,2218,6220,5303,3950,5545,7707,64,9693,9532"
2819,2819,"6220,12665,3950,544,5495,8562,5303,4798,2343,6971"
2846,2846,"6971,8562,7707,4798,6220,9942,2140,544,10326,1290"
2851,2851,"7669,12869,4576,11024,11298,4664,2989,7679,10389,1290"
2861,2861,"9404,7707,4277,8562,3950,9532,9072,5495,4798,10326"
2862,2862,"6220,9942,12665,1290,2343,9101,13296,4576,5545,8590"
2867,2867,"13346,10326,350,4798,9178,4277,217,544,8562,5495"
2873,2873,"2343,9693,5495,544,5532,1290,13408,5199,5866,4416"
2880,2880,"6220,8562,7707,13296,9942,544,1863,10429,1290,10326"
2881,2881,"4798,10326,12857,217,8421,10916,13346,10594,13249,8483"
2886,2886,"12665,4277,544,6220,4798,5303,10326,13296,50,8205"
2891,2891,"2343,9693,4798,6971,5532,12665,13346,10326,6220,3950"
2908,2908,"544,1290,7120,10326,4277,2140,6971,4798,5303,350"
2910,2910,"544,9693,2343,6220,5303,7707,8562,4798,6971,10326"
2915,2915,"10326,3950,4798,5303,6220,8562,13346,9942,10916,8421"
2935,2935,"6220,6971,5303,1290,3950,8590,544,12665,5199,2218"
2946,2946,"1290,544,4576,12869,1244,11298,9101,10389,6971,4664"
2948,2948,"1290,544,6220,2989,7120,4576,11298,10389,4664,1244"
2969,2969,"2218,3950,9942,4798,2140,12793,544,10326,1290,13306"
2979,2979,"11298,1290,12869,1244,11024,7120,10389,4576,2989,11918"
3036,3036,"11298,1290,3464,7679,7120,6248,2989,2769,8315,1779"
3050,3050,"3950,10326,8562,2343,5532,13346,6220,5199,544,5303"
3056,3056,"6659,10326,544,4798,1290,9942,1328,8562,4803,2356"
3061,3061,"4798,10326,4277,8562,5303,8421,3950,13346,217,10916"
3066,3066,"6220,8562,6659,7707,10326,5495,5545,3950,13296,9942"
3069,3069,"13346,12857,10326,2218,6326,4798,13249,217,8421,9580"
3094,3094,"4277,10326,5303,350,217,10077,8562,12857,8421,544"
3106,3106,"12665,8562,6220,8188,6659,3950,9942,10326,7707,2218"
3110,3110,"1290,7120,4929,10663,6971,544,2916,8590,12497,1747"
3115,3115,"2343,5199,5532,5495,9693,2903,6971,12665,10326,544"
3136,3136,"1290,6971,2218,6220,10326,9101,8562,9942,544,5303"
3159,3159,"10326,1328,3950,4798,8590,8562,6659,9404,3428,9942"
3166,3166,"10326,544,5495,6220,1290,4277,2218,4798,5303,275"
3172,3172,"1290,2343,11298,544,1244,9101,9693,9962,7120,4576"
3200,3200,"13346,3950,10326,4798,5676,4277,2343,8562,1210,6795"
3217,3217,"10326,13346,3950,2218,6220,4798,5545,13296,8562,10568"
3218,3218,"1290,11298,1244,7120,4664,7679,544,10607,2989,10326"
3229,3229,"4798,13346,5303,4277,10326,275,544,1210,9340,10916"
3230,3230,"1290,544,7120,10326,6971,4798,9101,11969,6220,4277"
3274,3274,"6971,5303,4798,7063,1290,6433,544,2140,10326,9942"
3285,3285,"10326,4277,5303,6220,12857,544,350,3950,4798,275"
3316,3316,"6220,9942,8562,3428,13346,13296,5545,13110,13306,3870"
3319,3319,"8562,4277,4798,350,10326,3950,8421,10916,13346,13249"
3323,3323,"10326,8562,3950,4277,13346,4798,5303,6220,350,12665"
3346,3346,"6971,1290,4798,10326,5303,2140,12665,7120,11298,2989"
3354,3354,"10326,8562,13346,9942,11969,13249,4798,217,3565,3870"
3368,3368,"4798,3950,6220,10326,4277,2218,8562,217,3428,9942"
3374,3374,"1290,9942,8562,7120,5545,3428,13296,7707,13110,6971"
3391,3391,"8562,10326,6220,3950,12857,4277,217,8421,13296,3428"
3397,3397,"8562,6220,2343,3950,89,6326,13296,544,5303,13346"
3404,3404,"8562,7707,6220,544,10429,5495,10326,4798,1290,652"
3408,3408,"8562,4798,2218,6971,3950,12665,2140,10326,9942,5303"
3416,3416,"2343,9693,544,6795,5532,9101,1290,11298,2989,6971"
3422,3422,"4798,1290,544,10326,6220,6971,8590,8421,13296,2140"
3423,3423,"544,8562,5303,7707,6220,5495,2343,11969,12665,2140"
3426,3426,"9942,6220,4798,3950,5545,7707,6971,6659,3428,3870"
3436,3436,"544,6220,10326,13346,4798,8562,6971,12665,1290,2343"
3448,3448,"8421,10869,6433,4798,12857,717,2140,544,8562,9340"
3464,3464,"9942,8562,3950,6220,3428,12665,13346,5545,13306,13110"
3472,3472,"1290,7120,6971,11298,1244,6220,4929,8562,89,10663"
3477,3477,"9942,6220,8562,544,5495,5303,10326,3950,5545,11969"
3488,3488,"3950,5303,13346,6220,8562,12857,2140,4277,4798,10326"
3497,3497,"13346,3950,8413,8562,6971,3428,5199,12665,9229,9942"
3504,3504,"1290,7120,1244,544,7637,1863,11298,10326,4798,2020"
3517,3517,"3950,13346,5303,8562,12857,6220,4798,2140,3055,10326"
3538,3538,"5495,5303,217,10326,12668,4798,5545,544,9942,2218"
3544,3544,"3950,4798,10326,89,9532,12665,6220,13346,9942,8413"
3547,3547,"6220,4277,217,13249,8421,3950,4798,13346,10326,717"
3569,3569,"275,10326,6971,2140,8590,2343,4798,2218,3950,5303"
3570,3570,"544,10326,1290,4798,7902,7616,9942,8562,478,8705"
3575,3575,"10326,9942,13346,9178,275,544,4277,3950,5303,1543"
3579,3579,"544,4798,4277,6220,10326,5303,2343,3950,217,717"
3588,3588,"1290,6220,7120,8590,13296,544,8562,1863,7707,10326"
3592,3592,"1290,2989,12869,11024,7679,544,9942,11298,2874,10389"
3617,3617,"10326,4798,6220,8562,2140,5495,717,8421,5303,3950"
3632,3632,"3950,9942,2218,8413,11403,12665,544,5545,1290,6220"
3650,3650,"2140,10326,1290,4798,544,7063,275,11298,7120,9942"
3654,3654,"10326,350,5303,2140,1328,12857,9072,8562,2218,10594"
3656,3656,"10326,1290,4798,5303,6971,2218,7120,544,2199,7637"
3678,3678,"1290,544,7120,6220,6971,9693,9942,4798,12665,2343"
3681,3681,"8112,544,1290,10326,4798,9942,8562,11298,8540,7120"
3683,3683,"5303,10326,2218,4798,1634,544,10594,9340,1290,13346"
3685,3685,"10326,2218,4798,544,4277,3950,5303,13296,2140,6971"
3699,3699,"1290,7120,1244,3464,11298,4929,2989,1779,7679,10389"
3707,3707,"8590,5495,6220,7707,8562,544,13274,1290,11047,9942"
3731,3731,"1290,7120,1244,2989,4929,4576,11024,544,10663,9101"
3737,3737,"2218,4798,8562,10326,5303,6433,8483,1978,3950,12857"
3739,3739,"8562,7707,544,8413,6659,4413,10326,4798,8188,6220"
3744,3744,"3950,6220,12665,9942,13346,8562,5545,3428,13306,13249"
3753,3753,"10326,4798,6971,5303,13346,2218,12857,9178,8421,2140"
3778,3778,"6220,3950,2218,5303,4798,9942,8562,5495,10326,2140"
3786,3786,"8562,6220,3950,13346,5303,2140,9942,3870,10326,3055"
3790,3790,"8562,2218,13346,3950,6220,4798,5495,1889,8681,3870"
3804,3804,"4277,10077,217,717,8421,544,13346,350,3950,10326"
3805,3805,"3950,8562,6220,5303,2218,12857,10326,4798,544,3428"
3819,3819,"10326,6220,544,3950,8562,2218,4798,5303,4277,9942"
3827,3827,"544,2459,1290,516,10326,11337,9375,4798,9942,5760"
3829,3829,"10326,4798,8562,5303,12857,6971,13346,6220,8421,6326"
3841,3841,"10326,6971,5303,2140,2343,8562,544,13346,4277,6220"
3849,3849,"1290,11298,9730,7120,9962,789,9101,5135,12869,1244"
3928,3928,"1290,7120,1244,4929,11298,9101,4576,9295,10663,12869"
3988,3988,"6288,8978,11298,7342,11024,4163,9330,2957,12869,7679"
3994,3994,"1290,2989,7120,11298,9101,1244,6220,544,11024,6288"
3998,3998,"13346,9942,3950,3428,10326,2411,6220,4798,3799,4277"
4012,4012,"3950,13346,4798,11540,8413,544,1290,10326,10340,9942"
4021,4021,"5303,2140,4798,2343,8161,10326,5495,8421,6971,12758"
4022,4022,"4798,8562,6971,6220,4277,13346,12665,3950,5303,8590"
4047,4047,"9942,6220,544,8562,3950,7707,10326,3428,4798,1290"
4073,4073,"1290,544,2989,1244,11298,4929,9101,4576,6971,11024"
4099,4099,"544,1290,6220,5495,7120,2218,6971,12470,12665,5303"
4100,4100,"544,1290,8703,10326,4798,8562,9942,11298,7120,2989"
4120,4120,"12470,6220,5303,12668,12099,13408,5199,7707,2218,1323"
4126,4126,"1290,7120,544,11298,9101,4576,4929,11024,10326,789"
4136,4136,"4798,8413,8562,13346,12857,3950,2140,6326,5642,6220"
4160,4160,"7669,12869,7679,1290,4163,9330,2957,7120,11298,11554"
4173,4173,"1290,7120,2343,6971,4576,544,11298,8562,1244,8590"
4177,4177,"1290,7120,11298,9730,4576,544,9101,7679,4929,11024"
4183,4183,"10326,4798,4277,5303,8562,8421,717,544,217,350"
4191,4191,"1290,7120,4929,10663,1244,2916,6243,12497,544,10326"
4195,4195,"8562,4798,10326,4277,13346,6220,9942,5303,2218,2140"
4213,4213,"6220,544,2343,6971,5495,9942,10326,9693,8590,8562"
4226,4226,"5495,9942,3428,13249,217,4277,13346,5109,6220,3565"
4227,4227,"1290,7120,275,11298,9730,9295,9101,7669,1244,1779"
4232,4232,"4798,13346,10326,3950,2140,13249,11540,854,10594,544"
4255,4255,"10326,4798,4277,13346,717,8421,8562,350,217,6433"
4258,4258,"1244,11024,544,12869,6569,11918,11298,1856,1290,6168"
4274,4274,"5303,350,8483,1328,10326,8421,4798,10594,1912,544"
4289,4289,"1290,2218,9942,6220,7707,8590,6971,7120,1746,9229"
4295,4295,"10326,8562,4798,6220,4277,13346,13249,7707,5545,544"
4300,4300,"13346,3950,6220,9942,3428,4798,10326,8562,217,5545"
4334,4334,"217,8562,8205,12857,10326,4798,13346,8421,4277,8822"
4361,4361,"8562,4798,3950,10326,6326,5303,5199,9942,275,544"
4377,4377,"4798,13346,8562,3950,13249,10326,6270,5610,3428,544"
4412,4412,"1290,7120,11298,9730,4929,10663,4576,3464,9295,9101"
4415,4415,"13346,12857,8413,3950,1042,7919,3428,5642,8562,544"
4424,4424,"4798,8562,13346,10326,1290,6971,544,9937,9942,7120"
4425,4425,"4277,8562,350,10594,1978,8421,12857,717,6433,10326"
4430,4430,"8562,4798,10326,3950,5303,4277,13346,6220,2140,12857"
4433,4433,"4798,5303,10326,8413,5495,8562,6220,8421,10594,6433"
4436,4436,"544,4798,10326,5495,6220,9942,8562,1290,9306,7063"
4458,4458,"10326,3950,5303,4798,13249,13346,8562,2140,4277,6220"
4461,4461,"10429,1863,8562,7707,5495,6220,544,1290,10326,9942"
4488,4488,"3950,6220,12665,9942,5545,5676,13346,3055,8590,89"
4497,4497,"1290,7120,4929,1244,11298,9295,10663,8590,4576,9101"
4498,4498,"10326,4277,350,5303,5495,2140,6971,4798,13249,3950"
4504,4504,"9942,3950,544,4798,1290,10326,5495,3696,1530,8562"
4510,4510,"1290,9942,6220,3950,10326,4798,6971,7120,12665,5303"
4512,4512,"544,1290,10326,4798,11395,9942,3960,3193,8562,11298"
4513,4513,"10326,6220,4798,2218,544,3428,8562,5303,7707,5495"
4516,4516,"1290,11298,7120,9101,11024,1244,12869,4576,9730,4664"
4526,4526,"6220,8562,4798,9942,544,3428,13296,3950,6659,6971"
4528,4528,"8562,4798,13346,10326,6220,10916,8421,3950,2218,12665"
4542,4542,"3950,4798,8562,12857,6971,13346,4277,13296,6220,6433"
4559,4559,"1290,7120,11298,9730,9295,11299,1779,4664,10663,11024"
4572,4572,"8562,3950,13346,8413,544,1290,4798,10326,6220,12665"
4575,4575,"8562,6220,3950,4798,5303,10326,4277,7707,13296,9942"
4583,4583,"4277,217,4798,13346,8562,350,1323,12857,8421,6326"
4602,4602,"6971,6220,8562,275,4798,5545,7707,3870,5303,5495"
4608,4608,"1290,11298,7120,1244,11024,4576,9101,7679,4664,10389"
4609,4609,"13346,3950,11000,10326,8590,9072,1978,8562,8505,544"
4626,4626,"13346,3950,2343,6220,8562,5545,64,9942,6971,8413"
4642,4642,"5495,8562,3950,6220,2343,13346,7707,5545,12470,3428"
4653,4653,"8562,2343,6971,9693,5303,7707,8681,6220,12665,544"
4664,4664,"1290,7120,11298,11024,4576,1244,9101,1779,7679,9295"
4665,4665,"1290,7120,4929,10663,12497,544,6243,2916,5573,1244"
4672,4672,"1290,11298,11024,7120,2989,1244,4576,9101,4664,544"
4680,4680,"10326,4277,217,3950,350,12665,6220,6433,13346,12857"
4705,4705,"10326,8562,4798,3950,12665,6971,5495,5303,544,5532"
4707,4707,"1912,8373,544,1290,2218,5996,8483,10326,4798,9942"
4711,4711,"5495,8562,5199,8590,6971,12470,3950,5545,10326,9942"
4732,4732,"12665,3950,5461,5199,13346,6220,1323,544,5495,9532"
4734,4734,"1290,7120,6971,6220,4929,10663,89,12665,9942,11298"
4735,4735,"1290,7120,4929,10663,544,2989,1863,10326,7637,11298"
4749,4749,"544,6220,9942,5545,4576,7707,2343,10429,9101,1863"
4751,4751,"6971,10326,4798,3950,9942,5303,544,13346,2218,8590"
4762,4762,"6971,3055,13346,2218,4798,8562,8922,5875,544,2789"
4767,4767,"8590,10326,544,6220,1290,1863,4798,8562,10429,8188"
4771,4771,"4798,10326,8562,6220,3950,5303,544,275,8590,9942"
4773,4773,"12665,10326,6220,2218,6971,5495,8413,3950,9942,5303"
4776,4776,"8562,12665,2989,544,2218,1290,4798,10326,7637,8235"
4783,4783,"9942,6220,3950,3428,8562,5545,6659,13306,13110,2218"
4788,4788,"4798,2140,13346,10326,12857,8421,8562,10594,3950,544"
4808,4808,"3950,13346,350,1328,4798,217,3416,8483,1978,2140"
4810,4810,"9942,3950,8562,6220,6971,13346,4798,5303,10326,2218"
4818,4818,"4798,8562,13346,3950,217,10326,717,5303,5642,4277"
4823,4823,"6220,3950,3428,8562,13110,1355,11603,12606,4277,544"
4829,4829,"8562,3950,5545,6220,4413,9942,4798,544,1290,10326"
4842,4842,"8562,6220,2343,7707,544,8421,5495,9942,10916,13346"
4859,4859,"3950,6220,12665,5495,2343,8413,64,4798,13346,5199"
4866,4866,"544,1290,8590,6220,7120,7707,13296,9295,8562,9404"
4881,4881,"10326,4798,4277,3950,13346,6220,6433,12857,6326,8421"
4908,4908,"544,1863,4798,1290,10326,9942,12871,8562,11609,7383"
4910,4910,"1290,1244,4929,11298,544,4576,9101,2989,10389,9962"
4922,4922,"4798,10326,6220,8562,3950,217,5303,6971,12665,3428"
4942,4942,"544,10326,11298,1290,1244,7120,9962,789,2989,5135"
4976,4976,"10326,6220,9942,6971,2989,544,4576,5303,11298,2218"
4993,4993,"1290,544,7707,8188,7120,13296,8562,1863,4664,9101"
4995,4995,"4798,10326,4277,5303,2140,350,8421,8562,6433,10916"
5020,5020,"7679,3464,10326,11298,544,4576,7047,1290,9942,4798"
5040,5040,"8562,3950,2218,6220,5303,12857,8413,12665,2140,10916"
5048,5048,"2140,5303,544,1018,1290,10326,4798,37,9942,6433"
5058,5058,"2343,9693,4798,5532,9532,6795,6220,10835,9942,10326"
5067,5067,"4798,544,10326,4277,8562,5303,6220,350,10594,1978"
5087,5087,"4798,8562,6220,544,6971,2343,10326,13346,5303,5495"
5090,5090,"89,12665,13346,5875,544,6220,1290,9942,7024,8562"
5102,5102,"2218,544,1290,10326,4798,8562,13090,9942,5386,1156"
5103,5103,"4798,8562,3950,6971,6220,8413,12665,5303,2218,5545"
5105,5105,"1863,1290,544,7707,9942,8562,10326,10429,4798,7120"
5108,5108,"3950,5495,12470,4798,13346,12668,2218,10326,5303,6270"
5119,5119,"8562,4277,544,7707,6220,2218,9942,4694,5676,2989"
5120,5120,"1290,11298,2989,11024,7120,9730,544,4576,1244,9101"
5124,5124,"8421,544,1290,10326,4798,9340,4277,3421,10437,9942"
5132,5132,"5495,2218,8562,3950,5303,10326,5199,8205,4798,13346"
5138,5138,"11298,11024,4576,9295,1779,2989,4664,9101,3222,12869"
5144,5144,"8562,10326,4277,2343,544,13346,217,6433,6220,12857"
5159,5159,"10326,13346,3950,6220,8562,4798,13249,8421,10916,13296"
5167,5167,"6220,9942,3950,2218,8562,12665,10326,8188,3428,6659"
5175,5175,"10326,4798,12857,4277,717,8421,10916,2140,13346,5303"
5176,5176,"1290,7120,1244,4929,11298,544,4576,2989,10663,9101"
5185,5185,"3950,12665,6971,2218,89,13346,5545,4798,8562,8590"
5189,5189,"4798,3950,12665,6326,10326,6971,10916,9455,8562,6659"
5191,5191,"8562,10326,3428,13296,6220,13306,9942,13346,8590,5545"
5206,5206,"6220,9942,6971,5303,2218,8562,6659,7707,13296,544"
5213,5213,"6220,2343,12665,544,13346,9693,8562,4798,5303,6971"
5224,5224,"4798,8562,4277,6220,217,717,13346,8590,350,1328"
5226,5226,"1290,7120,11298,544,6971,9101,12665,4576,11024,12869"
5241,5241,"1290,7120,4929,11298,10663,789,9962,9730,1244,5135"
5264,5264,"1290,11298,7120,11024,9101,4576,2989,10389,544,4664"
5268,5268,"6971,4277,8562,544,4798,5303,2140,10326,6433,8421"
5270,5270,"4798,8562,6220,10326,6971,2218,5303,12665,8590,13346"
5287,5287,"9942,11969,2343,13346,64,544,12156,10326,1290,8562"
5314,5314,"6220,13296,8590,8562,9942,4798,10326,1290,544,7120"
5318,5318,"1290,7120,4929,10663,6243,3697,544,5573,2916,10326"
5326,5326,"2218,8562,7707,64,4798,544,1290,10326,8981,9942"
5336,5336,"8413,13346,4277,3950,4895,10950,64,5177,5642,544"
5343,5343,"1290,1244,11298,9730,1779,7120,9962,789,4664,5135"
5347,5347,"9942,6220,8562,2343,3950,12665,3428,5545,544,13306"
5354,5354,"4798,8562,3950,2140,3055,5303,13346,10326,544,9380"
5356,5356,"4798,10326,3950,6971,2140,2218,8562,8205,10916,544"
5367,5367,"1290,7120,6220,13296,5545,9942,89,6971,8562,544"
5373,5373,"8562,5303,6220,3950,5545,13346,9942,544,1290,10326"
5385,5385,"6220,4277,544,350,7707,217,8590,8562,6659,1290"
5458,5458,"9942,6220,3428,13306,3950,13110,4413,3870,810,8562"
5463,5463,"4798,10326,6220,8562,5303,4277,9942,544,6971,2140"
5471,5471,"11298,1290,11024,1779,4576,9101,12869,4163,7120,7679"
5476,5476,"1290,4798,7120,6220,10326,4929,275,8562,609,544"
5484,5484,"8562,3950,13346,2218,12665,4798,8413,6971,10326,12857"
5508,5508,"1290,11298,7120,1244,9101,4576,9962,789,12869,11024"
5513,5513,"6220,9942,8562,12665,8413,2218,5545,5303,8590,544"
5520,5520,"10326,4277,544,8562,217,5303,717,1328,1978,8421"
5524,5524,"13346,6220,8562,7707,9942,3950,13306,1889,6971,3870"
5539,5539,"5495,9942,8413,5303,6220,5545,8562,8188,3428,89"
5554,5554,"10326,9340,10916,544,1290,4798,1180,4277,9942,8562"
5564,5564,"4798,10326,544,5303,4277,5495,8562,2140,12857,350"
5595,5595,"10326,4798,8562,5303,5495,6220,2140,5545,13296,6971"
5601,5601,"10326,275,4798,8590,5303,6971,2140,8562,544,1290"
5602,5602,"10326,4798,8562,5303,2218,12857,6971,2140,3950,275"
5618,5618,"1290,7120,11298,10663,2989,11024,1244,9730,12869,2916"
5643,5643,"6220,2343,6971,5303,2903,544,5199,8922,5545,9693"
5644,5644,"4798,10326,544,13346,2905,9942,1290,5303,6971,2218"
5651,5651,"8562,6220,4798,2218,3950,13346,5303,10326,12857,4277"
5655,5655,"5495,2218,8413,5199,12668,3950,8205,13346,9532,8562"
5658,5658,"10326,4798,8562,8421,12857,6971,13346,10916,544,5303"
5660,5660,"10326,2218,6659,544,2140,1323,6220,350,13110,11969"
5662,5662,"6220,2218,5545,3950,89,9942,5303,13110,12665,7707"
5670,5670,"4798,3950,5303,4277,8562,6433,12857,8161,8421,10326"
5676,5676,"1290,7120,11298,11024,9295,1244,1779,12869,10607,10674"
5680,5680,"6220,3950,4798,13346,8562,10326,5545,3870,6326,9942"
5698,5698,"6220,2343,11298,9101,9693,10326,544,9942,4576,12665"
5710,5710,"5495,6971,3950,10326,5532,2343,5199,4798,6220,544"
5723,5723,"11298,2989,4576,11024,1290,1244,11918,12995,10389,7120"
5742,5742,"2343,9693,5532,544,10835,6795,8279,10326,9532,6834"
5748,5748,"6220,8562,4798,3428,12665,2140,13296,9942,10326,5545"
5750,5750,"544,8562,6971,2218,5495,6220,8413,89,5545,10326"
5787,5787,"3950,9942,2343,4798,10326,5303,6220,13346,1978,5532"
5798,5798,"2343,4798,5303,8562,10326,3950,12665,13346,6971,2140"
5799,5799,"9306,544,1290,4798,10326,5946,9942,2291,8562,8402"
5815,5815,"1290,11298,2343,7120,9693,9101,9962,789,544,12869"
5822,5822,"10326,5303,2218,3950,544,2140,2343,9072,13346,5495"
5834,5834,"8562,12665,3950,6220,5495,13296,5303,3055,8188,4798"
5846,5846,"4798,10326,3950,544,13346,4277,5303,2218,12665,6971"
5858,5858,"4798,3950,8413,8562,2905,10326,5303,544,1290,11726"
5882,5882,"4798,10326,8562,544,2218,4277,5303,217,13249,11969"
5892,5892,"13346,8562,2218,6971,4798,6326,9942,12857,13249,3055"
5897,5897,"3950,6220,8413,2218,8421,5303,10326,8562,6326,3870"
5898,5898,"3950,10326,4798,8562,8413,3565,12665,9942,544,9733"
5902,5902,"8413,544,9358,1290,1847,10326,8076,4798,11452,12130"
5919,5919,"1290,7120,12869,10326,4277,544,1244,4929,4576,8562"
5934,5934,"6220,544,6971,2343,2905,8421,10326,1290,11524,4798"
5946,5946,"1290,7120,6971,4929,9295,9730,9101,3697,544,11298"
5965,5965,"2343,5199,5532,9693,13346,8408,1290,544,4798,9942"
5995,5995,"4798,13346,3950,6220,8562,10326,7707,13296,6326,4277"
6005,6005,"544,1290,11298,9101,6220,2989,6971,4576,12655,9693"
6006,6006,"3950,9942,6220,8562,13346,5495,5545,3055,7707,4413"
6013,6013,"10326,8562,4798,6220,217,3950,2140,13249,6433,9942"
6016,6016,"3950,2218,13346,5495,5303,8562,4277,5199,9942,217"
6023,6023,"7120,1244,544,4576,10663,11298,9101,2989,6971,8590"
6052,6052,"3950,5495,3428,4798,6971,13346,9942,2343,5532,2218"
6056,6056,"6971,544,5495,5303,2343,4798,6220,5199,2218,12665"
6059,6059,"6220,6971,3950,5303,5495,10326,4798,8413,13346,6302"
6064,6064,"8562,3950,10326,5303,2343,5199,4798,6220,10835,544"
6091,6091,"3950,2218,6220,9942,8562,5199,6971,3055,12665,5532"
6112,6112,"7120,11298,2989,1244,10663,7679,11024,4576,9730,12869"
6133,6133,"5303,2343,5532,9693,9942,6971,2218,5199,6220,2140"
6150,6150,"4798,5610,544,10326,1290,8562,9942,10594,5495,4843"
6155,6155,"10326,4798,8562,5303,12857,350,4277,544,2140,12665"
6157,6157,"10326,4798,5303,8562,8421,12857,2140,3950,10916,8161"
6212,6212,"9942,6220,8562,13306,4277,3428,8681,544,13296,13310"
6218,6218,"10326,3950,4277,13346,5303,8562,8421,4798,10916,6220"
6242,6242,"6220,10326,6971,4798,9942,5545,13296,13110,8590,6659"
6243,6243,"10326,4798,544,8562,5495,2218,5303,3950,275,2140"
6260,6260,"4798,10326,810,8421,12857,8188,8161,217,544,1290"
6262,6262,"2140,10326,13249,275,11969,6220,9942,4798,544,8562"
6278,6278,"2218,5303,6971,6220,275,4798,544,5495,4277,12099"
6280,6280,"6220,3950,8562,4798,5303,8483,13249,13346,3055,2140"
6287,6287,"8562,10326,6971,4798,544,2140,2343,1290,7707,12665"
6305,6305,"10326,8562,4277,9942,5303,717,217,11969,2140,8421"
6320,6320,"1290,6220,7120,9942,2343,6971,5303,8590,544,1220"
6339,6339,"2343,13346,4798,3950,10326,8562,2218,12665,6220,275"
6360,6360,"544,6220,4798,2218,3428,5303,3950,8562,275,11969"
6370,6370,"8562,10326,3950,6220,13346,2218,4798,5545,8413,12665"
6376,6376,"10326,4798,6220,4277,13346,5303,8562,275,9942,3950"
6378,6378,"11298,7120,1244,2989,9101,11024,9295,544,4576,12869"
6379,6379,"8562,10326,3950,6971,4798,217,6220,5303,544,2218"
6398,6398,"2343,544,1290,9101,6795,2903,7120,2537,6834,12655"
6422,6422,"8562,8413,13346,5495,9942,6220,4413,544,10326,1290"
6424,6424,"2218,3950,5303,5676,11561,11707,11784,544,8562,1290"
6436,6436,"544,1290,2770,10326,4798,8562,9942,11298,7120,2989"
6454,6454,"544,2343,9693,9101,5532,6795,11298,9942,12665,10326"
6464,6464,"4798,10326,8483,8421,13346,2343,2158,217,10916,544"
6479,6479,"2218,3950,8483,13346,4798,8562,3055,6220,9072,12665"
6485,6485,"1863,1290,8562,544,8703,7637,10326,4798,5149,9942"
6488,6488,"9942,6220,3950,5545,3428,2218,8562,13110,4413,3509"
6490,6490,"9942,13110,4654,8562,4823,13097,544,1290,10326,3147"
6498,6498,"8562,10326,6220,3950,9942,3428,2343,7707,5545,12665"
6533,6533,"11298,9101,544,10326,2989,12869,8590,3428,4798,12665"
6577,6577,"9942,10326,3950,4798,6220,2218,4277,13346,3428,217"
6579,6579,"4798,10326,4277,12857,544,5303,350,8421,2140,10594"
6583,6583,"6220,10326,3950,4798,6971,13346,3428,8590,8562,9942"
6597,6597,"8562,9942,2343,10326,544,13346,5303,9693,3950,6220"
6599,6599,"1290,6971,2218,12665,13296,8590,7120,6220,2140,5485"
6607,6607,"9942,6220,3950,3428,5303,8562,8413,5495,5676,8483"
6613,6613,"8562,6220,3950,12665,5545,13296,13346,3428,8681,7707"
6622,6622,"1290,7120,9295,8590,89,12665,11298,4929,5199,1244"
6637,6637,"6220,2218,6971,2343,9532,3950,89,5545,12665,9942"
6644,6644,"10326,8562,6220,4798,4277,3950,5303,2218,13346,217"
6651,6651,"1290,11298,9101,12869,4576,11024,2989,7120,1244,544"
6674,6674,"13346,3950,10326,12665,8562,5495,3055,4798,4277,2343"
6683,6683,"2343,9693,10326,12665,5532,5303,4798,5199,13346,3950"
6686,6686,"1290,7120,9101,11298,9942,11024,13115,9295,544,89"
6707,6707,"544,2343,8562,5303,2218,6220,3950,13346,12665,5495"
6724,6724,"6220,10429,544,1863,1290,10326,8235,9942,5875,4798"
6729,6729,"6220,10326,4798,8562,9942,3950,6971,5303,275,544"
6739,6739,"3950,8562,9942,6220,13346,8333,12665,5545,4413,544"
6756,6756,"3950,5303,4798,8562,10326,2218,2140,275,6220,6433"
6764,6764,"6659,8562,5303,7707,50,13296,5545,1328,9602,6433"
6768,6768,"6220,9942,10326,8562,3428,5545,6659,5303,6971,2218"
6787,6787,"12665,3950,2218,8562,13346,3055,6971,6326,544,4798"
6808,6808,"1290,1244,7120,11298,4576,2989,11024,544,12869,10137"
6811,6811,"544,10326,350,8483,4798,11969,5676,9942,275,4277"
6812,6812,"8562,4798,3950,10326,13346,9942,5545,7707,13296,12665"
6831,6831,"9942,6220,544,5303,8562,6971,2218,10326,13296,7707"
6833,6833,"2343,6220,8413,9693,8562,9942,544,1290,7983,10326"
6840,6840,"4798,5303,2140,2218,6270,10326,8562,544,1290,12857"
6842,6842,"1290,7120,11298,1244,4929,9962,5135,789,4664,10607"
6855,6855,"1290,11298,9101,4576,7120,1244,12869,2989,544,9730"
6869,6869,"10326,4798,5303,3950,8562,4277,6971,8421,6433,2140"
6874,6874,"6220,1290,6971,544,5545,1747,7120,4798,10326,8562"
6879,6879,"544,6220,9942,6971,5199,2343,5532,4798,2903,9229"
6885,6885,"5676,3950,3428,13346,4798,6326,544,1290,10326,5547"
6886,6886,"9942,6220,13346,2343,12665,3950,4798,5545,6971,544"
6902,6902,"10326,4798,4277,8562,6971,3950,13346,544,2140,275"
6908,6908,"1290,11298,7120,2989,12869,544,1244,9101,4664,4576"
6911,6911,"3950,6659,10326,9942,8421,11484,6220,544,8562,11547"
6912,6912,"3950,12665,6220,9942,6971,5545,810,544,8562,3055"
6919,6919,"1290,7120,11298,544,2989,9101,1244,4576,11024,4664"
6926,6926,"9942,10835,5532,544,1290,10326,4798,7673,8221,5495"
6934,6934,"3950,8562,217,13249,13346,10326,8421,544,1290,717"
6935,6935,"4798,10326,6220,544,8562,4277,12665,13346,5495,2218"
6939,6939,"6220,5303,8413,4798,8188,8562,1290,10326,8590,9942"
7000,7000,"9942,6220,544,2343,3950,8562,89,5545,7707,5676"
7003,7003,"8562,3950,2343,10326,6971,5495,9942,12665,6220,275"
7005,7005,"10326,217,544,4798,5303,3428,9942,6433,3950,2218"
7042,7042,"10326,13346,4798,8562,12665,5303,3950,2140,8421,12857"
7045,7045,"4798,8562,13346,3950,6971,2140,544,5303,5199,8413"
7047,7047,"10429,544,1290,8703,10326,8562,4798,131,9942,13377"
7053,7053,"6220,7707,544,8562,10326,9942,13296,10429,4798,1290"
7063,7063,"3950,13346,13249,717,4798,1328,10326,8421,10916,2218"
7067,7067,"2218,2343,3950,4277,544,9693,6220,717,9942,6795"
7071,7071,"10326,4277,4798,13346,217,6220,3950,12857,6433,8421"
7078,7078,"8562,3950,6220,5495,12470,2218,2140,1323,9942,13346"
7109,7109,"10326,13296,6326,6433,13346,6220,6659,8562,9942,2585"
7118,7118,"4798,10326,12857,6433,5303,13249,8562,10594,6270,2140"
7129,7129,"1290,11298,7120,1244,9101,2989,4664,4576,11024,9730"
7133,7133,"4798,10326,217,5495,5303,3416,9942,3428,609,6220"
7139,7139,"544,8590,1290,6971,769,9295,1355,2989,10464,12903"
7142,7142,"6220,3950,8562,544,4798,4277,10326,5303,12665,2218"
7146,7146,"4798,2343,9693,5303,12665,5199,8590,6971,5532,10326"
7172,7172,"10326,4798,4277,8562,217,8421,350,12857,9340,8161"
7181,7181,"5495,2343,89,64,2218,6971,13346,544,9455,12099"
7195,7195,"10326,4798,4277,8562,6971,717,3950,544,13346,5303"
7197,7197,"4798,8562,3428,5303,217,9942,5545,3950,13249,4277"
7203,7203,"1290,7120,11298,1244,4929,9101,2989,10663,4576,544"
7223,7223,"8562,3950,6220,4798,5303,12857,12665,13296,2218,10326"
7235,7235,"1290,12869,544,6971,11024,11298,5303,4576,7120,9101"
7236,7236,"7120,12665,544,10326,6971,4277,2989,5303,2343,4929"
7237,7237,"1290,7120,1244,4929,10663,544,11298,10326,4798,9942"
7255,7255,"1290,7120,8590,6971,9295,544,4929,1244,4798,10663"
7297,7297,"4798,6220,10326,12665,6971,3950,8562,2140,9693,9942"
7320,7320,"3950,4798,8413,10326,5303,2218,5495,6971,5199,8562"
7323,7323,"2343,12665,3950,13346,64,6220,9942,9693,8562,3565"
7326,7326,"2218,5303,4798,8590,8483,2140,10326,12404,8562,544"
7343,7343,"10326,4798,4277,8562,6433,350,8421,10594,717,5303"
7363,7363,"6220,8590,9942,6971,13346,4798,3950,13296,8562,89"
7364,7364,"2218,6971,4798,5303,3950,12857,3055,12665,13346,10326"
7366,7366,"6220,9942,4277,3428,3950,13346,3799,7707,544,1598"
7372,7372,"8413,5495,13346,2218,3055,3950,6302,8562,5532,89"
7399,7399,"6220,7707,9942,544,1863,9693,10429,13296,6659,1290"
7402,7402,"5495,2218,12665,6220,5303,8413,3950,8562,13296,3428"
7406,7406,"8562,2140,544,10326,4798,4413,2343,1290,11540,9942"
7421,7421,"544,9942,4798,8562,10326,2343,6971,12665,2218,9101"
7425,7425,"1290,6220,7120,544,8562,9101,4798,4576,4929,13249"
7431,7431,"4798,10326,6971,12857,4277,10916,8421,8562,8161,8483"
7447,7447,"4798,10326,3950,8421,6971,8562,275,2140,6326,8205"
7451,7451,"6220,8562,7707,13296,5545,8188,1863,544,10429,10326"
7453,7453,"7120,4929,789,1244,9962,10663,5135,12497,6971,544"
7456,7456,"1290,789,9962,2989,275,5303,7120,9295,544,12665"
7484,7484,"1290,7120,11298,4929,9730,10663,6971,4576,1244,9295"
7486,7486,"3950,4798,5495,2218,6220,5303,6971,8413,10326,2140"
7505,7505,"1290,7120,11298,1244,9101,2989,544,11024,4576,4929"
7529,7529,"8562,13346,4798,4277,2140,5303,10326,10916,3950,8421"
7532,7532,"11298,544,2989,11024,4576,1244,9101,8978,10389,1290"
7548,7548,"6220,8562,13346,10326,3950,9942,5545,6971,12665,13296"
7550,7550,"3950,4277,10326,8562,9404,1978,6433,1323,350,4798"
7557,7557,"10326,4798,4277,8421,10594,544,217,350,12857,6433"
7574,7574,"1290,7120,4929,9295,10663,789,5135,11298,1244,9962"
7586,7586,"544,9942,1863,8562,8703,1290,10326,6220,7637,7707"
7592,7592,"544,1290,12204,873,10326,4798,9942,3960,8562,516"
7594,7594,"8413,3950,2218,8562,5545,5676,12857,4413,13346,544"
7600,7600,"2343,9942,10326,8562,13346,5495,9693,4798,4277,5199"
7601,7601,"4798,10326,13346,5303,6971,2218,8562,12857,2140,4277"
7642,7642,"544,6220,10326,4798,1290,8562,12665,4277,9942,11298"
7647,7647,"8413,5303,2140,8562,4413,1862,7063,544,11540,8421"
7650,7650,"3950,6220,8562,2218,8413,5303,544,10326,7707,12665"
7660,7660,"11298,1290,9101,12869,4576,544,7120,4664,9730,11024"
7682,7682,"4798,10326,6220,8562,6971,3950,4277,13346,13296,8590"
7712,7712,"6220,544,3428,2218,3950,10326,5303,5545,13296,11969"
7728,7728,"8562,4798,3950,10594,217,11000,10326,544,1290,8483"
7763,7763,"8562,6220,4798,10326,3428,13346,6659,5545,12665,13110"
7764,7764,"9942,6971,2218,10326,275,6220,544,3950,13296,13346"
7765,7765,"2989,11298,11024,4576,8978,12869,9730,7342,11918,9101"
7768,7768,"9942,6659,6220,3950,4798,8413,4413,5545,931,13346"
7776,7776,"1290,7120,9962,789,5135,9730,11298,544,13309,10326"
7834,7834,"8421,544,1290,10326,4798,3968,1390,8562,9942,7044"
7850,7850,"4798,4277,544,8421,2140,8562,10594,275,217,6220"
7860,7860,"1290,7120,11298,2989,1244,9101,4576,4929,544,11024"
7879,7879,"4798,6971,5303,10326,2140,8562,1290,8421,3950,8590"
7892,7892,"544,1290,12665,6220,9101,11298,4576,10326,1220,7120"
7895,7895,"4798,6220,8562,13346,7707,5303,2140,10326,5642,3950"
7901,7901,"6220,4798,3950,4277,9942,8562,544,5303,12857,10326"
7922,7922,"6220,544,12665,4277,4798,8562,13346,6971,217,3950"
7927,7927,"4798,10326,8562,6971,11969,544,6220,5303,2218,2140"
7931,7931,"2343,4798,9693,5303,544,13346,6220,275,2140,8590"
7938,7938,"12470,3950,9942,3428,13306,5532,6220,13346,5199,8562"
7942,7942,"4277,8562,3950,10326,4798,544,13346,217,10916,350"
7964,7964,"2218,3950,1323,9942,12665,4602,3340,4413,544,1290"
7982,7982,"3950,2343,5495,64,13346,8562,9532,5199,2903,9942"
7988,7988,"1290,7120,4929,544,6971,4798,1244,10326,8302,10663"
7992,7992,"4798,8562,10326,13346,6220,4277,5303,8421,6326,2140"
8005,8005,"2218,6971,5532,5303,5199,3950,3055,2343,12665,544"
8019,8019,"3464,1290,7120,11298,6248,544,7679,2989,2710,10326"
8026,8026,"3950,6220,4798,8562,13346,10326,12665,9942,2218,13249"
8028,8028,"2343,9693,5532,544,6971,6795,5495,13346,9532,5199"
8085,8085,"13346,64,8413,544,10326,2343,6626,1290,7138,9942"
8103,8103,"89,6971,3950,12665,4602,9942,544,1290,9532,8235"
8108,8108,"3950,6220,8562,10326,1328,4277,10594,9072,3428,13249"
8137,8137,"2343,6971,3950,9942,12665,6220,544,9693,5532,9532"
8138,8138,"10326,8562,13346,4277,5303,6433,3950,217,2140,544"
8139,8139,"4798,10326,5303,8562,2218,6971,3950,6220,8421,5495"
8148,8148,"9942,8562,6220,4798,3950,13346,12665,10326,2218,6971"
8150,8150,"8562,4798,10326,13346,3950,275,6220,5303,2140,12665"
8160,8160,"1290,544,7120,2989,11298,9101,4576,11024,10326,6971"
8175,8175,"12665,8483,2343,11639,3950,10916,13346,1328,9942,544"
8191,8191,"1290,7120,12869,2989,4929,9101,9730,4576,10663,6591"
8198,8198,"4798,6220,9942,6971,8483,8562,4277,3950,10326,2218"
8202,8202,"11298,9101,1290,4576,1244,11024,7120,2989,7605,8978"
8233,8233,"4798,10326,6971,13346,2343,13249,3950,12665,64,8235"
8251,8251,"4798,6971,12136,13346,544,5703,1290,10326,403,443"
8252,8252,"10326,4798,4277,8562,3950,8421,12857,6433,717,544"
8265,8265,"544,6220,8562,4798,5303,10326,6971,2218,7707,8590"
8267,8267,"10326,8562,4798,5303,8421,8161,12857,10916,11000,6433"
8268,8268,"8562,9942,10326,13346,717,5303,12857,4798,12665,6326"
8294,8294,"544,2343,6971,9693,6220,2140,5303,3950,5532,10326"
8299,8299,"1290,7120,9962,789,1244,11298,9295,9101,4929,544"
8302,8302,"10326,2218,4798,5303,4277,2140,12857,9072,8562,11000"
8303,8303,"1290,4929,1244,789,11298,9101,544,2989,9295,5135"
8323,8323,"2343,6971,8590,8562,6220,5199,3950,10326,9693,4798"
8327,8327,"6971,2218,3950,6220,12665,89,5303,13346,5545,9942"
8331,8331,"3950,2218,6220,9942,6659,3055,13408,1328,5303,5676"
8332,8332,"1290,11298,7120,9101,1244,4576,11024,789,9730,4664"
8334,8334,"6220,3950,4798,8562,2218,9942,12665,3428,5545,13346"
8337,8337,"1290,7120,11298,544,2989,1244,9295,4576,11024,12995"
8341,8341,"13346,3950,8562,4798,6326,9942,544,10326,6220,1290"
8361,8361,"10326,6971,9942,6220,5303,8562,4798,13296,5545,12665"
8369,8369,"2218,3950,9404,9072,5303,2411,6971,9942,6220,544"
8378,8378,"6971,5303,8421,8161,5532,4798,2343,4277,8562,544"
8407,8407,"7679,11298,11024,4576,3464,2989,10389,1779,12655,4664"
8419,8419,"1290,1244,7120,544,11298,4576,9101,2989,4664,11024"
8424,8424,"8562,1290,5303,13296,544,2218,10326,6971,8590,9942"
8425,8425,"5303,4277,8562,6220,3950,10594,350,10326,13249,13346"
8438,8438,"1290,7120,4929,5135,10663,3697,544,11298,10326,9962"
8447,8447,"10326,4798,4277,8562,12857,217,350,13249,8421,10916"
8458,8458,"12869,9962,11298,1290,544,9730,2989,1240,7120,10326"
8463,8463,"10326,4798,544,6220,2218,6971,5303,8562,4277,9942"
8471,8471,"4798,6971,8562,12665,3950,10326,5303,13346,6220,12857"
8472,8472,"1290,7120,9101,7679,4576,11024,1244,544,11298,10389"
8477,8477,"6971,2343,6220,10326,5303,8562,544,9693,1290,5532"
8478,8478,"2343,12665,9693,5495,6971,544,5303,2140,2218,5199"
8483,8483,"1290,7120,11298,9295,789,9942,544,4036,89,5142"
8496,8496,"10326,6971,1290,3950,2218,8562,8590,5303,9404,4277"
8497,8497,"8562,4798,217,3428,12857,6220,13346,3950,717,544"
8501,8501,"13346,8562,10326,3950,4798,8413,9942,6220,2218,544"
8506,8506,"6220,3950,9942,8562,13346,5495,3428,10326,2218,4798"
8520,8520,"10326,4798,8562,5303,544,3950,4277,6971,12857,6220"
8524,8524,"544,12665,6220,10326,4576,11024,11969,11298,4277,10137"
8531,8531,"4798,8562,8413,2140,717,3950,6326,5303,10326,6433"
8556,8556,"10326,8562,4277,6220,5303,544,717,4798,350,9942"
8579,8579,"11298,4576,11024,9730,1244,10389,1290,9101,12869,8978"
8585,8585,"6220,544,5545,7707,3950,13110,5461,13296,2218,1598"
8591,8591,"6220,10326,4798,3428,12665,11969,5545,13296,9942,6659"
8592,8592,"1290,7120,4929,10663,544,2916,6971,9101,6243,9962"
8596,8596,"9942,3950,4798,6220,8562,13346,5545,3428,717,10326"
8598,8598,"10326,3950,6220,9942,13346,2218,5303,8562,5495,6971"
8608,8608,"1290,7120,10663,1244,12497,9101,9295,11298,544,6243"
8610,8610,"1290,7120,11298,4929,1244,9962,10663,789,5135,4664"
8617,8617,"1290,7120,11298,11024,1244,12869,1779,2989,4664,9295"
8621,8621,"2218,4798,5495,5303,8413,5199,1912,8562,5532,544"
8629,8629,"544,9093,3420,1290,11013,6708,10326,8068,4798,9942"
8649,8649,"5532,8413,7715,544,1290,10326,4798,9942,9105,8562"
8652,8652,"7120,4929,1244,11298,2916,5135,9962,789,12497,544"
8714,8714,"6220,1290,2989,7120,8590,3428,13296,4664,6659,9295"
8718,8718,"89,9942,6220,5875,544,5524,12665,8235,3950,1290"
8733,8733,"544,11298,1290,9101,12655,4576,11024,2989,1244,7679"
8734,8734,"3950,6220,5545,13306,3428,13110,4413,12665,1598,544"
8754,8754,"8562,2218,3950,544,5303,5495,6220,217,1978,10326"
8771,8771,"8562,6220,8413,2218,5303,4798,6971,10326,4413,8205"
8791,8791,"10326,544,4798,2343,6220,8562,4277,6971,13346,9693"
8794,8794,"8562,4798,6220,3950,5303,810,13346,3428,2218,5545"
8797,8797,"8822,9453,8562,10326,350,544,1290,4798,11758,5676"
8804,8804,"10326,4798,8562,13346,6220,3950,4277,13249,13296,12857"
8809,8809,"6971,12857,5303,9404,275,4798,2140,5676,13346,10326"
8823,8823,"1290,7120,11298,4929,11024,4576,10663,9101,4664,2989"
8833,8833,"10326,9404,3950,4277,8562,10916,8421,12665,10568,217"
8835,8835,"1290,7120,9693,1244,2343,11298,4929,12869,10663,9295"
8840,8840,"4798,2140,6971,3950,8413,9942,544,1290,10326,7063"
8842,8842,"8413,1290,544,4181,7715,10326,4798,9942,2230,5819"
8860,8860,"6220,9942,1290,11024,12665,544,12869,11298,4576,10389"
8866,8866,"4798,8562,10326,13346,4277,8421,9942,10916,5532,3950"
8877,8877,"8562,13346,6220,544,1290,7138,10326,4798,1102,8839"
8887,8887,"8413,8562,5532,3950,4798,9190,10326,5731,544,5676"
8895,8895,"350,1328,10326,544,1290,2770,11739,6659,4798,8562"
8907,8907,"1290,7120,1244,11298,4929,9962,789,9101,5135,9295"
8921,8921,"4277,350,6433,5303,4798,8161,717,10326,3950,8562"
8928,8928,"1290,3464,7679,11298,9101,12869,4576,7120,3427,11024"
8936,8936,"2218,3428,12857,10594,13408,544,217,4685,1290,3013"
8965,8965,"2343,4798,10326,9693,6220,544,13346,9942,5303,6971"
8971,8971,"2343,9693,12665,5532,9942,6795,6220,6971,10835,3950"
9000,9000,"1290,7120,544,11298,4576,1244,11024,9101,2989,10389"
9023,9023,"12665,3950,4277,2343,6220,5303,544,9693,9942,5532"
9025,9025,"1290,6971,12665,5303,7120,8590,6220,10326,275,5199"
9031,9031,"3950,6971,2903,8562,544,5199,1290,10326,4798,5532"
9045,9045,"1290,4798,7120,6220,544,10326,2218,4277,5303,6659"
9053,9053,"12665,8562,6220,13346,3950,7707,6971,3055,10326,2343"
9054,9054,"9942,6220,3950,3428,2218,13346,5495,8413,12665,5545"
9060,9060,"8562,6220,544,10326,3950,5303,2218,2140,13346,12665"
9063,9063,"8562,3950,8413,13346,2585,8681,4413,9942,8483,11540"
9071,9071,"6220,8562,9942,3950,2218,3428,12665,5545,13110,13296"
9078,9078,"2343,9693,544,4798,10326,5532,9101,6795,2903,4416"
9101,9101,"4798,10326,6220,8562,3950,13346,3428,9942,13296,4277"
9108,9108,"3950,5303,9942,2140,4798,6220,3428,5545,544,11572"
9110,9110,"8562,10326,2218,4798,5303,12665,6433,1328,12857,6220"
9114,9114,"5495,11298,2989,6220,12470,544,4576,7679,11024,12655"
9144,9144,"1290,11298,7120,1244,9101,11024,544,4576,6220,4664"
9172,9172,"1290,6220,544,7120,9101,1863,9942,10326,9083,4798"
9185,9185,"6220,544,8562,7707,1863,10429,1290,9942,10326,13296"
9190,9190,"4798,3950,8562,5303,10326,12857,6220,8421,6971,8413"
9193,9193,"3950,6220,8562,10326,4798,13249,2140,13346,12857,9404"
9198,9198,"5303,10326,2140,4798,350,4277,9340,7138,544,1290"
9200,9200,"1290,7120,6220,544,6971,1244,2218,10326,5303,11969"
9201,9201,"7120,1290,7679,11298,12995,4576,544,2989,10997,2769"
9204,9204,"544,10326,5303,6971,4798,3950,2343,5495,13346,2218"
9215,9215,"1290,7120,4798,6971,4929,2140,10663,10326,8590,544"
9222,9222,"1290,7120,11298,4576,12869,1244,9730,9101,4664,9295"
9233,9233,"4798,4277,5303,544,1328,8421,2140,13346,5495,8562"
9235,9235,"1290,544,9101,4576,7120,11024,2989,1244,12869,6971"
9245,9245,"1290,7120,789,1244,544,9101,11298,4929,13309,9866"
9275,9275,"12665,89,1290,8562,544,5875,7024,10326,9942,8235"
9308,9308,"8562,6220,9942,544,3428,5545,7707,13296,10326,8413"
9323,9323,"2218,4798,4277,8421,10326,5303,9072,12404,9340,9962"
9329,9329,"10326,8562,3950,13346,2343,5303,5495,12665,6220,13296"
9355,9355,"8562,3950,10326,4798,6220,2218,8413,5303,6971,5545"
9369,9369,"10326,4798,5303,2218,12857,2140,13346,6433,10594,13249"
9386,9386,"8188,8562,6220,11484,5495,12226,12470,544,1290,3464"
9388,9388,"544,4798,6220,5303,12665,7707,6971,5545,3950,13296"
9401,9401,"1290,7120,11298,9730,9962,10607,4664,4929,2916,5135"
9418,9418,"10326,6220,4798,3950,9942,544,9404,7707,2140,5545"
9433,9433,"8562,4277,4798,3950,10326,13346,217,8483,10916,8421"
9440,9440,"544,4277,10326,217,8562,4798,8421,350,5303,13346"
9446,9446,"3950,13346,2218,8562,4277,13306,5545,12857,12665,5199"
9464,9464,"5495,544,2218,12470,2989,7707,8188,8562,5676,13346"
9477,9477,"8562,4798,3950,6220,5303,275,12665,2218,3428,5495"
9488,9488,"1290,7120,11298,4576,1244,11024,9730,9101,4664,544"
9500,9500,"10326,4798,8562,4277,13346,350,717,10916,8421,12857"
9502,9502,"4798,3950,8562,13346,3428,2218,10326,13249,544,13110"
9507,9507,"2343,9693,2903,544,5199,6795,3055,13375,3950,6638"
9528,9528,"7120,11298,2989,4929,7679,4576,9101,10663,4664,12655"
9539,9539,"10326,4798,6220,4277,8562,2218,544,3950,13346,2140"
9566,9566,"10326,544,4798,2343,9693,9101,6971,11298,5303,2140"
9575,9575,"2218,12857,10326,4798,5495,13346,8483,11000,5532,9340"
9583,9583,"4798,5495,10326,13346,6220,3950,5303,12470,13306,3428"
9589,9589,"4798,3950,10326,8562,13346,4277,6971,6220,275,2140"
9591,9591,"4798,10326,6971,3950,2218,5303,2140,8562,12857,8421"
9617,9617,"5495,11384,609,1286,10326,544,8922,8562,1290,8421"
9620,9620,"8562,13346,6220,3950,2343,9942,4798,10326,12665,7707"
9622,9622,"5495,2905,4798,3950,5109,544,10326,9942,1290,6902"
9631,9631,"789,3222,12995,3238,12869,7342,7679,9101,9330,544"
9655,9655,"8562,8413,3950,1042,8822,3428,544,13296,3149,1290"
9658,9658,"4798,10326,2343,6971,544,2140,5495,5303,9693,13346"
9660,9660,"1290,7120,9730,9101,11298,4929,4576,10663,4664,2916"
9669,9669,"1290,7120,789,9962,5135,4929,9295,10663,544,4387"
9672,9672,"4798,5303,13346,3950,10326,5495,6326,12857,8483,12793"
9684,9684,"544,1290,10326,4798,9942,8562,6952,11298,7120,8599"
9702,9702,"1290,7120,1244,9962,4929,789,5135,11298,10663,8922"
9705,9705,"1290,8562,7120,6971,2218,12857,4277,6220,8590,10326"
9722,9722,"12869,1290,7120,1244,11298,8978,544,11024,4024,9101"
9732,9732,"1290,11298,1244,7120,7679,9730,4576,9101,4664,11024"
9781,9781,"12655,4576,11298,2989,9101,2874,7679,3238,1224,11969"
9803,9803,"5495,2218,5532,5303,544,2343,6971,10835,9532,2903"
9809,9809,"8562,2343,2218,10326,3950,5495,64,9532,5532,5199"
9814,9814,"10326,6971,2140,12857,8421,8562,4277,5303,10916,10594"
9818,9818,"2218,2343,6971,5303,5532,5199,6220,5495,2140,9693"
9820,9820,"4798,6220,3950,2905,5532,13346,2140,544,1290,12611"
9848,9848,"4277,10326,544,5303,5495,2140,1323,3950,4694,275"
9856,9856,"4798,10326,8562,3950,6971,5303,544,9942,5545,4277"
9869,9869,"6220,12665,6971,5303,3950,8235,4798,10326,544,1290"
9889,9889,"10326,2218,5303,8413,4798,2140,6971,8562,5495,8205"
9923,9923,"4798,10326,4277,8562,350,5303,3950,10916,8483,11000"
9929,9929,"8562,3950,13346,4798,12665,9455,3055,544,8333,10326"
9961,9961,"1290,7120,12665,11298,1244,89,4929,11024,9532,544"
9969,9969,"4798,6971,2218,4277,10326,217,5303,544,1290,13346"
9974,9974,"1290,7120,2343,11298,89,4576,11024,9101,12665,4929"
9976,9976,"12869,1244,7679,3222,2218,12995,11918,1862,11024,13315"
9989,9989,"9942,6220,3950,8562,5495,12470,5303,4798,13306,13346"
9993,9993,"4798,8562,2343,6971,12665,5545,5303,9942,3950,13296"
10002,10002,"6659,5303,10326,544,2989,1290,4798,275,11298,9942"
10011,10011,"1290,7120,11298,9730,4576,2989,11024,4664,7679,1244"
10016,10016,"4798,10326,6220,2218,544,3950,8562,5303,9942,6971"
10028,10028,"6220,3428,9942,9404,544,8562,1290,3950,10326,4798"
10029,10029,"9942,6220,13346,5495,2218,10326,3950,13249,3428,5545"
10033,10033,"2218,5303,3950,3055,2343,12665,6971,1220,8413,1230"
10042,10042,"10326,5303,3950,8562,10916,2140,12857,10594,544,6971"
10046,10046,"4798,10326,8562,3950,13346,12857,4277,13249,10916,217"
10061,10061,"8562,4798,4277,6220,544,350,13346,10594,8421,3950"
10071,10071,"6220,4277,3950,9942,2218,13346,5495,1978,217,10594"
10084,10084,"4798,13346,6971,8562,2140,8421,12665,6220,10326,8161"
10091,10091,"8562,4798,13346,6220,10326,5495,3950,544,8421,1290"
10102,10102,"11298,1244,4576,544,4929,2989,11024,10663,4664,6220"
10104,10104,"8562,2218,5495,3950,5303,4798,10326,4277,12857,275"
10121,10121,"1290,7120,6971,4929,544,1244,789,9101,10663,2343"
10131,10131,"13346,3950,4798,9942,3428,6220,8483,6971,5545,3055"
10134,10134,"10326,4277,4798,2140,275,544,8161,350,3950,9942"
10139,10139,"1290,7120,4929,11298,10663,1244,2916,9295,12497,3697"
10144,10144,"3950,13346,3055,5199,8562,9942,3992,10835,4798,10326"
10155,10155,"2218,3950,8562,4798,13346,10326,544,8483,3055,9942"
10168,10168,"1290,10326,1863,13296,544,7637,9942,6220,4798,8562"
10178,10178,"544,1290,10326,9101,9942,11298,2989,6971,2343,12665"
10186,10186,"8562,9693,9942,6220,12665,13346,5545,3950,5303,5532"
10190,10190,"4277,350,10326,717,8161,4798,10594,851,544,1290"
10194,10194,"8562,4798,3950,13346,2218,4277,6220,6326,12857,13306"
10196,10196,"13346,3950,9942,13110,8562,4413,6641,5545,3428,6220"
10215,10215,"10326,4798,4277,6971,5303,8562,13346,2140,8421,544"
10218,10218,"8562,10326,5303,6220,9942,4798,3428,12857,3950,5495"
10251,10251,"8562,6220,2218,8188,5303,9942,3950,7707,5545,12857"
10252,10252,"1290,7120,9295,11298,6220,544,12869,9101,1244,789"
10262,10262,"5495,2903,12099,12470,5199,10835,6971,544,1290,10326"
10266,10266,"6220,9942,544,12665,2343,8562,3950,6971,5303,5545"
10271,10271,"2343,9942,6220,9693,10326,4798,2140,8562,13296,5532"
10277,10277,"8562,3950,5303,4798,10326,13346,12857,6971,4277,2140"
10282,10282,"1290,10326,12665,2218,7120,1244,5303,8590,6971,544"
10286,10286,"1290,7120,789,4929,9962,544,12030,10326,4798,1400"
10305,10305,"10326,810,4798,13346,2343,6795,5303,3950,8562,5676"
10309,10309,"9942,6220,12665,3950,8562,2218,6971,4798,5545,10326"
10335,10335,"1290,7120,11298,1244,4929,9730,4576,10663,12869,10607"
10340,10340,"1290,11298,2989,7120,4576,11024,7679,12995,12869,4664"
10375,10375,"6220,4798,8562,3950,1574,5303,2218,8413,3428,544"
10388,10388,"4798,10326,6971,5303,2218,2140,13346,8562,275,12857"
10397,10397,"10326,4798,8413,5303,4277,350,1889,3950,8421,2140"
10402,10402,"3950,12665,5545,9942,6220,8562,3870,5676,13346,2218"
10407,10407,"544,4277,6220,5303,350,3428,2343,10326,810,1978"
10408,10408,"2140,10326,544,9942,1290,4798,8562,9306,2343,7439"
10416,10416,"3950,6220,13346,1220,2343,10326,4798,9942,8562,5676"
10448,10448,"10326,4798,8562,3950,544,6220,9942,5303,2140,11969"
10454,10454,"3950,13346,13249,9942,8562,3428,4798,5495,3799,10326"
10499,10499,"10326,4277,717,1290,8421,4798,217,10594,13346,8590"
10503,10503,"6220,9942,3950,8823,2140,544,11351,1290,4988,10326"
10504,10504,"2989,11298,12869,3464,11024,7679,8978,10137,12995,4545"
10508,10508,"10326,4798,5303,4277,13346,544,2140,2218,8421,8590"
10514,10514,"8562,13346,3950,6220,4277,6326,810,10916,3428,10326"
10526,10526,"3950,4798,8562,12857,13346,6433,4277,10326,10594,8421"
10540,10540,"4798,10326,6220,13346,5303,6971,3950,2140,275,4277"
10542,10542,"4277,217,10326,4798,350,544,717,8421,9340,3416"
10551,10551,"10326,544,4798,6220,9942,6971,5303,8562,12665,275"
10554,10554,"6220,544,8413,3950,5303,8562,5199,3055,8483,4798"
10555,10555,"6220,8188,13296,5495,10429,544,1355,1290,10326,11484"
10556,10556,"2140,5303,4798,5610,3055,227,8562,544,2218,1290"
10562,10562,"4798,6971,2140,9072,10326,31,12857,544,9942,2905"
10575,10575,"1290,11298,7120,12869,11024,9730,9101,9295,7679,4664"
10576,10576,"10326,8562,5303,217,8421,10916,12857,350,4798,9340"
10582,10582,"10326,3950,544,12665,4277,2218,4798,5303,8562,6971"
10584,10584,"3950,8562,13346,6220,4798,9942,2218,3428,5303,10326"
10606,10606,"9942,4798,6220,10326,3950,544,5303,13346,12665,8562"
10611,10611,"4798,544,4277,717,217,8421,350,8483,10077,6383"
10613,10613,"544,10326,1290,11969,4798,4576,8421,350,11024,217"
10614,10614,"7707,8562,2218,6220,544,9942,7725,1290,4798,10326"
10623,10623,"8235,544,7024,1290,10326,8562,4798,9942,12662,12665"
10647,10647,"12869,11298,11024,4163,2957,7679,1290,1851,7120,4576"
10657,10657,"10326,8421,12857,10594,4277,2140,6433,4798,5303,8161"
10670,10670,"10326,10916,10594,8161,4798,8421,2140,5303,8562,4277"
10679,10679,"1290,11298,7120,12869,1244,9730,11024,9295,9101,4576"
10680,10680,"4798,8562,2218,6220,3950,13346,275,10326,5303,2140"
10699,10699,"5495,6971,3950,8590,13346,8562,4798,10326,2218,6326"
10715,10715,"217,12857,2343,9340,4277,9105,717,5532,4798,10326"
10720,10720,"3950,4798,13346,12665,8562,10326,5495,5303,8413,5642"
10735,10735,"6220,8562,544,9942,3950,10326,2218,6971,1290,13346"
10742,10742,"8562,6220,2218,10326,6971,3950,544,5303,13296,12665"
10744,10744,"217,4798,2580,8421,544,1978,4616,1290,7305,10326"
10747,10747,"3950,5303,13346,12665,4277,544,10568,2140,6971,10326"
10769,10769,"2343,8590,9455,64,6839,1933,8279,9532,6220,544"
10795,10795,"4798,6971,10326,2140,8562,2218,275,544,5303,3950"
10817,10817,"1290,11298,7120,1244,9295,789,10607,11024,4664,5135"
10819,10819,"10326,12665,5303,13346,2343,6220,6971,3055,7679,8562"
10828,10828,"6220,544,3428,3950,2218,5303,10326,5545,13296,1220"
10860,10860,"8562,5303,3950,4798,13346,12857,3428,9942,217,5545"
10868,10868,"2343,9693,11298,9101,9730,4576,2989,4890,10137,2537"
10895,10895,"13346,4798,12857,10326,10916,8562,13249,4413,8413,9942"
10900,10900,"10326,4798,6971,5303,2140,8161,8562,544,10916,8421"
10912,10912,"3464,8315,11298,2769,1290,7679,544,10326,2989,10009"
10934,10934,"1290,7120,11298,1244,4576,544,6971,10326,4929,2140"
10947,10947,"5495,6971,10326,12470,544,5303,5199,4798,6220,2140"
10950,10950,"4798,10326,6971,9602,13346,5126,10916,6326,6433,4277"
10964,10964,"1290,11298,1244,7120,9101,9962,4664,10607,789,2989"
10965,10965,"6971,7707,12136,9942,8413,5495,7715,8681,544,9203"
10968,10968,"10326,544,2218,5303,4277,8562,217,350,50,2140"
10972,10972,"4798,3950,13346,6971,8562,4277,8590,8421,544,2343"
10975,10975,"4277,10326,13375,2140,6433,4798,544,1290,5303,8510"
11028,11028,"4798,10326,9942,3950,8562,3428,4277,13346,5545,13296"
11030,11030,"1290,544,11298,6220,12665,2989,12869,4576,7120,9101"
11044,11044,"2343,6220,544,2989,89,7707,8562,12665,8681,9693"
11048,11048,"3950,4798,13346,2905,544,2140,8562,1290,10326,5303"
11065,11065,"1290,7120,6220,8562,6971,2218,4277,5303,4798,544"
11085,11085,"1290,9962,5135,7120,1244,789,11298,544,9405,10326"
11088,11088,"8562,4798,6971,10326,13346,7707,544,1290,9937,8922"
11100,11100,"1290,11298,1244,7120,11024,4576,12869,9101,544,12665"
11102,11102,"4798,8562,3950,13346,12857,8483,6220,10326,13296,12665"
11105,11105,"2343,1290,1244,9693,5532,5199,2903,10835,544,6795"
11107,11107,"8562,10326,3950,13346,4798,6220,2218,9942,7707,8421"
11109,11109,"1290,7120,544,6220,4929,1863,9942,11298,9101,2989"
11120,11120,"1290,7120,11298,4929,1244,9101,11024,544,10607,9295"
11121,11121,"3950,8562,6220,13346,12665,5303,6971,13249,10326,4277"
11133,11133,"8257,8911,544,9375,2034,1290,10326,8562,4798,9942"
11149,11149,"10326,12857,9942,6971,5731,2140,9404,4798,13249,544"
11152,11152,"1290,7120,11298,4576,11024,2989,4664,1779,9730,1244"
11160,11160,"13346,3950,4798,9942,3428,5303,275,6220,5545,4277"
11163,11163,"4798,6220,3950,12665,8562,10326,13346,275,8590,4277"
11168,11168,"2140,7063,544,1290,10326,9942,4798,8675,8562,3769"
11193,11193,"6220,5303,7707,11000,2140,1978,4277,544,8562,4798"
11200,11200,"9942,6220,3428,8562,5495,3950,12470,13346,13296,6659"
11210,11210,"1290,7120,6971,4929,10663,2916,6243,544,4798,1244"
11215,11215,"10326,10594,8421,5199,13249,10916,12857,11384,5303,1328"
11219,11219,"1290,7120,1244,4929,9962,5135,10663,789,2916,3697"
11243,11243,"2140,350,4798,8161,13249,10326,8421,50,8562,544"
11253,11253,"1290,7120,2989,11298,9101,544,1244,4576,12869,10389"
11261,11261,"6220,5303,2218,13296,5545,3428,544,9942,8562,3870"
11280,11280,"2343,9693,5532,9942,5199,6795,544,10835,4388,1290"
11285,11285,"1290,7120,6220,1244,11298,9962,789,9101,9942,12665"
11309,11309,"3950,6220,9942,2140,13346,8413,6326,13249,5545,1598"
11312,11312,"6971,9942,3950,9404,8413,5495,2343,5676,9532,8562"
11314,11314,"2343,4277,350,64,13346,8421,717,4798,217,10326"
11325,11325,"10326,4798,2343,544,13346,8562,4277,6220,3950,8590"
11327,11327,"8562,6220,5303,7707,9942,4798,544,5545,10326,1290"
11359,11359,"9942,10326,13346,544,12665,6971,275,4798,3950,6220"
11366,11366,"11554,11484,8315,544,1585,9942,9491,1290,9289,10326"
11368,11368,"1290,11298,7120,9101,2989,12869,11024,1244,4576,3464"
11371,11371,"5495,9532,5199,89,13112,8590,2343,6326,3950,10835"
11376,11376,"544,217,2218,2343,4798,2989,9693,8562,4277,9101"
11377,11377,"10326,4798,8562,13346,5303,6971,12857,3950,6220,2140"
11383,11383,"4798,10326,5303,6971,8413,2218,13346,12857,2140,64"
11416,11416,"1328,6659,10326,544,4798,1290,1221,9942,4072,8562"
11444,11444,"1290,10326,1244,11298,9101,4576,12665,6971,5303,4929"
11445,11445,"10326,8562,4798,544,4277,3950,717,217,12665,350"
11448,11448,"9693,544,6795,6220,9101,11298,1290,12665,10326,64"
11469,11469,"6971,9229,2218,10326,544,12451,725,1290,6796,4798"
11487,11487,"7120,544,2343,4929,6220,6971,10663,4576,64,12665"
11492,11492,"5495,5303,6220,12470,8562,4798,9942,2343,5532,13346"
11503,11503,"544,5495,6220,4277,9942,1404,7707,6659,4798,2218"
11504,11504,"2903,6270,9275,544,1943,1290,4798,10326,4956,2127"
11515,11515,"6220,10326,9942,13346,3950,4798,4277,8562,217,13306"
11547,11547,"6220,4798,12665,3950,9942,6971,10326,13346,544,2343"
11552,11552,"2343,4798,6220,10326,544,12665,3950,13346,8562,9942"
11567,11567,"10326,4798,6220,8562,3950,13346,217,4277,3428,6433"
11581,11581,"544,10326,1290,4798,5303,4277,8562,7120,6220,275"
11589,11589,"1290,11298,7120,9101,1244,4576,12869,11024,544,2989"
11591,11591,"12665,11298,9942,89,11024,1779,8978,1290,4654,544"
11595,11595,"1290,7120,1244,9295,11298,9962,5135,2989,544,10326"
11604,11604,"544,1290,4798,7120,6971,10326,2218,9942,6220,4277"
11608,11608,"10326,6220,4798,8562,3950,12665,13346,5303,2218,5495"
11627,11627,"3950,8562,13346,4798,2218,6220,6326,10326,8421,9942"
11646,11646,"8562,6220,5495,3428,12665,3950,5545,7707,2218,8413"
11647,11647,"10326,6220,4798,5303,6971,4277,275,3428,8483,10916"
11675,11675,"13408,3950,2343,6971,5303,2140,9693,4798,544,10326"
11676,11676,"1290,7120,11298,1244,4929,6971,10663,9962,789,544"
11696,11696,"5495,544,2140,4798,13408,10326,8562,2343,7063,1290"
11700,11700,"8562,544,1290,7120,10326,7332,350,4798,11912,7772"
11722,11722,"1290,7120,6971,544,6220,8590,9295,1244,4798,11298"
11754,11754,"6220,7679,10326,3950,544,2989,5676,2218,6659,3428"
11757,11757,"2343,13408,89,1220,13346,9693,769,9942,9532,6971"
11767,11767,"6971,12665,2218,8562,89,12757,544,9532,7707,4413"
11773,11773,"10326,6220,4798,8562,8421,350,1328,8483,544,3428"
11777,11777,"9942,4798,3950,6220,8562,13346,5545,13296,3428,13110"
11778,11778,"1290,7120,12869,9101,4576,11298,4929,7669,9962,10663"
11788,11788,"1290,7120,11298,2989,1244,10607,9962,544,1779,4664"
11790,11790,"1290,7120,4929,8590,10326,10663,1244,6971,12497,9962"
11811,11811,"1290,7120,1244,11298,4929,9101,10663,4576,4664,9295"
11837,11837,"1290,7120,1244,11298,4664,544,9962,10607,4576,6220"
11859,11859,"2218,3950,13346,6220,10326,8235,12665,9942,544,4798"
11865,11865,"6220,13296,1290,544,8562,7707,10429,10326,4798,9942"
11867,11867,"5495,6220,8562,4798,3950,12470,7707,5642,11000,6326"
11871,11871,"544,1290,7120,2218,11298,11969,5303,6220,9730,1244"
11879,11879,"7120,1244,11298,4576,9101,10663,10607,544,4664,2916"
11880,11880,"4798,10326,4277,8562,2218,8421,3950,5303,10594,6326"
11908,11908,"4798,5303,5495,2140,2343,6971,275,3055,5199,10326"
11912,11912,"5303,2218,12857,6971,4798,8562,3055,10326,544,1290"
11925,11925,"4277,13346,10326,3950,4798,717,64,8421,2343,1328"
11933,11933,"8413,8562,6220,8188,5545,7707,5676,1862,8681,6659"
11945,11945,"10429,1863,544,1290,8562,10326,5976,4798,9942,11298"
11948,11948,"3950,8562,13346,4798,10326,6326,13249,544,6302,1290"
11952,11952,"5303,10326,8421,4798,4277,544,1290,1634,8161,8562"
11957,11957,"4798,1290,544,4469,1328,10326,8562,8302,11298,62"
11959,11959,"9942,4798,10326,2343,3428,4277,50,544,5495,6220"
11967,11967,"2218,8562,6220,5545,3950,9942,8413,8235,3055,12665"
11969,11969,"2580,3428,544,1290,12606,10326,7707,8562,11939,4798"
11970,11970,"6220,8562,9942,2218,13296,3428,13306,7707,2343,5545"
11975,11975,"10326,6220,3950,12665,4798,13346,8562,5545,9942,7707"
11995,11995,"8562,3950,4798,13346,6220,10326,12665,2218,9942,1323"
12002,12002,"1290,7120,11298,2989,1244,4576,544,4664,11024,12869"
12022,12022,"1290,7120,1244,11298,4664,9962,789,12869,5135,9101"
12032,12032,"9375,544,10326,1290,8911,11484,4798,1213,8562,9942"
12036,12036,"1290,9101,1244,7120,11024,4576,544,8978,2989,4664"
12066,12066,"6971,2343,13346,4277,9693,4798,275,6220,5731,9455"
12077,12077,"1290,7120,9962,4929,789,1244,5135,11298,10663,3697"
12078,12078,"10326,4277,4798,5303,2140,717,544,11000,3950,217"
12084,12084,"4798,8562,6971,5303,6220,2140,10326,2218,13346,275"
12089,12089,"8562,6971,6220,3950,2218,5545,2140,10326,5303,4798"
12106,12106,"10326,1290,2989,6220,11298,11969,4576,4798,4277,8978"
12107,12107,"12665,8562,8188,3950,13346,558,8413,4413,544,10326"
12111,12111,"13346,3950,9942,6220,12665,2218,6971,8562,275,5303"
12131,12131,"4798,10326,8562,5303,2140,8413,10916,8421,9942,3950"
12139,12139,"4798,9693,13346,8562,6971,10326,6220,2140,544,3870"
12141,12141,"6220,5495,64,7707,8562,544,1383,7983,12470,8188"
12144,12144,"1290,7120,1244,11298,544,9101,5135,4664,10607,12869"
12150,12150,"6220,3950,4798,5303,2218,5545,9942,8562,8413,6659"
12151,12151,"10326,544,6220,12665,4277,4798,217,13346,8562,6971"
12162,12162,"3950,544,13315,9182,4798,1290,3980,10326,3525,5992"
12170,12170,"11554,4163,12869,9730,4940,4216,1371,2957,544,1558"
12182,12182,"544,1290,7120,5303,9693,5199,2903,2343,5495,11969"
12185,12185,"6220,5495,10326,8562,4798,5303,3950,13249,13346,6326"
12191,12191,"10326,8562,5303,3950,9942,12857,2218,10594,4798,2140"
12197,12197,"2343,9693,544,5532,6971,5199,5303,1290,9942,1244"
12204,12204,"1290,11298,7120,11024,2989,12869,4576,4664,1244,9101"
12229,12229,"544,6220,2343,4798,9693,10326,13346,8562,5303,9942"
12231,12231,"544,1290,11298,7120,9101,4576,2218,1244,12665,10326"
12234,12234,"6220,1290,12606,544,7707,8562,5976,10326,7120,4798"
12238,12238,"4798,13346,6220,8562,6971,2218,3950,10326,5303,5495"
12242,12242,"4798,8562,217,10326,5303,13346,9942,717,3950,3055"
12260,12260,"10326,13346,8421,8562,6220,10916,217,13249,12857,4277"
12262,12262,"5495,5199,2343,2218,5532,544,5303,10835,8562,2903"
12281,12281,"6220,10326,8562,5495,2218,3950,5303,8590,12665,4798"
12289,12289,"9693,10326,4798,6795,64,8562,9942,544,5495,9532"
12306,12306,"8562,3950,6971,4798,2140,5303,10326,5495,6220,6270"
12326,12326,"4798,5303,10326,544,3950,1290,9942,5495,7824,10506"
12337,12337,"8562,3950,4798,6220,13346,2140,2343,3428,9942,6971"
12355,12355,"1290,544,7120,11298,2989,1244,4576,9101,4929,10326"
12371,12371,"3950,6220,2343,2218,4798,13346,5545,64,8562,7707"
12372,12372,"12665,5875,544,8235,9532,1290,7024,2343,8562,10326"
12373,12373,"4798,10326,4277,8562,1328,8421,350,6433,217,12857"
12390,12390,"7120,4929,10663,544,2916,12497,6243,6971,10326,4798"
12405,12405,"2343,9693,544,10326,4798,5532,13346,6795,5199,5866"
12407,12407,"1290,7120,544,7637,8703,10326,4798,9942,8562,11298"
12408,12408,"9942,6220,5676,544,5545,5461,5495,7707,3428,8413"
12419,12419,"8590,2218,11484,6971,5676,5303,2140,9942,1290,275"
12423,12423,"5495,544,8276,8562,976,1290,10326,4798,9942,12111"
12426,12426,"7120,11298,9101,544,1244,4929,6971,12869,9730,6220"
12452,12452,"4798,10326,13346,6659,8590,8421,13249,1328,12857,8562"
12480,12480,"544,4576,9101,11024,12869,7679,1290,11298,2989,10389"
12530,12530,"8562,4798,5303,6971,9942,10326,1290,544,2218,6220"
12546,12546,"4798,6971,10326,1290,5303,8562,8590,7120,544,8421"
12556,12556,"1290,7120,1244,4929,2989,4576,9101,11024,9730,544"
12573,12573,"2218,8413,5545,5303,9942,3428,3950,10326,544,12665"
12592,12592,"8562,10326,6220,4798,3950,13346,9693,9942,13296,544"
12596,12596,"8562,10326,3950,13346,4277,4798,6220,5303,9942,12665"
12599,12599,"1290,7120,11298,1244,11024,9295,544,6971,2989,9101"
12615,12615,"544,2989,11024,1290,9101,11298,12869,1779,1244,5969"
12618,12618,"9942,3950,544,3428,5676,5545,13306,13296,2343,8562"
12624,12624,"8562,4798,10326,12665,13346,4277,3950,6220,2343,6326"
12638,12638,"2343,9693,6220,10835,861,796,9404,3055,8018,544"
12641,12641,"2343,544,5199,9693,5532,10326,4798,3950,10835,5495"
12644,12644,"1290,7120,9101,2989,4929,544,12869,4576,2343,10663"
12649,12649,"1290,7120,4798,10326,6971,544,8703,8562,9942,7637"
12654,12654,"5495,5303,275,50,8413,2218,8562,12665,4277,6220"
12658,12658,"4798,2218,10326,13249,6220,10568,9072,1978,4277,8562"
12659,12659,"7120,544,10326,4798,6971,1244,11298,12665,6220,4277"
12666,12666,"4798,13346,9693,10326,8562,3428,217,8421,4277,717"
12669,12669,"9942,1323,544,12665,1290,6659,12507,10326,13401,4798"
12674,12674,"10326,2218,6220,4798,3950,8413,8562,5303,7707,13346"
12688,12688,"544,9453,1290,10326,4798,8562,9942,11298,8149,8257"
12694,12694,"6220,9942,3950,8413,5545,2218,544,13110,7707,3428"
12709,12709,"10326,4798,4277,5303,8562,8590,13346,6220,8421,544"
12712,12712,"1290,5875,7024,544,8235,12665,12662,10326,4798,10023"
12722,12722,"12869,7679,11554,1290,9330,4163,11024,10674,11298,2989"
12728,12728,"8562,8188,13346,5495,544,1290,10326,4798,8981,9942"
12732,12732,"2343,5532,1290,10835,544,9693,5199,3909,4798,10326"
12736,12736,"10326,4277,8562,4798,2140,6433,350,10594,8421,12857"
12738,12738,"4798,10326,8562,2343,4277,544,3950,6220,5303,217"
12741,12741,"3950,2218,3428,8562,10326,9942,5495,4277,5545,12470"
12756,12756,"12470,13408,2218,3428,8413,7707,12099,8562,5199,13346"
12764,12764,"6220,544,2343,6971,10326,5303,2218,275,3950,3428"
12768,12768,"12665,3950,2343,6220,6971,9942,10326,89,4798,9693"
12773,12773,"8562,4798,10326,5303,2218,6326,275,12857,544,2343"
12789,12789,"4798,10326,13346,8562,2140,5495,5303,6971,8421,10916"
12790,12790,"1290,11298,4929,4576,9101,10663,2218,4664,13408,9295"
12801,12801,"5495,6971,1862,13112,5532,1290,544,8922,2218,10326"
12804,12804,"1290,4929,1244,10663,12869,2916,11298,9962,789,9295"
12833,12833,"6220,8562,10326,13346,2218,3950,5303,9942,5545,217"
12846,12846,"3950,4798,10326,13346,6220,13249,5495,10916,5676,12857"
12855,12855,"5495,8562,544,217,2343,4416,4798,6528,10326,1290"
12860,12860,"4798,6971,2218,8562,8590,5303,3950,2140,10568,5545"
12874,12874,"10326,8562,4798,3950,6220,13346,10916,6326,5642,8421"
12875,12875,"13346,8562,3950,5199,5495,4798,2905,544,7547,10326"
12877,12877,"6220,2218,6659,9942,544,5545,1863,8562,1118,1290"
12883,12883,"5495,12470,2218,3950,8413,5303,9942,5545,12668,3428"
12890,12890,"4798,8703,544,1290,10326,7637,8562,9668,9942,10332"
12919,12919,"1290,7120,4929,10663,9295,12497,1244,10674,2916,6971"
12927,12927,"1290,6220,13296,544,1244,9942,7120,9101,1863,10429"
12955,12955,"6971,3950,5495,2343,8562,7707,89,6220,8205,9178"
12956,12956,"8562,1290,844,544,4798,10326,6971,12665,1583,9942"
12958,12958,"10326,9942,544,4798,9771,1290,8562,7439,2140,12869"
12965,12965,"544,12470,12857,6220,217,4798,1404,5495,4277,8562"
12970,12970,"6220,3950,2218,8562,10326,5545,5303,13296,13249,3428"
12996,12996,"2343,9693,6795,6971,9942,1290,2537,5495,6834,10835"
13000,13000,"6220,3950,9942,8562,13346,4798,2218,5545,3428,3870"
13017,13017,"2989,544,11298,9101,4576,11024,1290,4664,12655,10389"
13019,13019,"10326,4277,6971,8562,3950,6220,5303,13249,12857,8421"
13021,13021,"8562,8413,7707,8188,12606,4413,544,10326,9942,1290"
13022,13022,"10326,8562,6220,2218,4798,4277,12665,2140,544,6383"
13063,13063,"5303,8413,2218,9942,4798,544,8188,8562,6220,12665"
13075,13075,"544,12869,1290,4798,6971,7120,13346,2343,10326,11969"
13076,13076,"3950,2218,13346,6220,2343,5495,1323,4798,9942,9532"
13101,13101,"3950,4798,13346,6220,3428,2140,10326,8562,5199,5532"
13105,13105,"1290,7120,11298,12869,9101,4576,9730,11024,4664,544"
13115,13115,"10326,544,6971,12665,6220,5303,3950,2218,11969,9942"
13117,13117,"6220,1290,6971,4664,5495,12470,544,7120,89,8562"
13121,13121,"3950,4798,5303,13346,8562,2140,10326,9942,2218,544"
13123,13123,"1290,544,7120,2343,11298,9101,1244,4576,2989,12665"
13125,13125,"10326,4798,8413,12857,6220,8562,50,2218,3950,5545"
13147,13147,"8562,4798,13346,10326,3950,217,544,6433,10916,12665"
13151,13151,"8562,8413,3950,2140,6302,13346,6220,13375,9942,5303"
13153,13153,"10326,4798,8562,4277,13346,3950,6433,6220,217,6326"
13176,13176,"1290,11298,12869,4576,7120,544,1244,9295,789,10137"
13180,13180,"6220,8562,9942,3428,3950,2218,10326,4798,13296,2140"
13192,13192,"8562,3950,6659,6220,10916,10326,3870,1328,4798,217"
13194,13194,"3950,9942,12665,5545,4602,544,931,8235,1290,861"
13195,13195,"8562,5303,2218,10326,2343,50,1978,9942,6220,717"
13198,13198,"4798,4277,5303,10326,10568,8421,8483,9340,10594,12857"
13231,13231,"3950,13346,6971,5303,9942,5642,6220,4798,8562,2140"
13234,13234,"1290,7120,4929,789,9962,5135,10663,13309,9295,2916"
13240,13240,"544,7120,11298,4798,4576,9101,11024,11969,12869,2218"
13273,13273,"3950,9942,2218,6220,5303,13346,5495,12665,5545,8590"
13276,13276,"3950,13346,6220,8562,9942,1323,3428,2218,1978,1889"
13283,13283,"10326,2140,8421,4798,8161,544,12404,1290,8562,7063"
13297,13297,"13346,275,5303,8483,8562,3950,10326,4798,12665,9942"
13301,13301,"13346,8562,6220,5303,5461,4798,8413,9455,1290,12665"
13303,13303,"8562,5495,2218,12665,8413,12857,3950,13346,8483,5303"
13321,13321,"1290,7120,11298,9295,789,9962,1244,2989,1779,5135"
13330,13330,"1290,4798,10326,544,8562,6220,8703,9942,7637,7120"
13338,13338,"1290,11298,7120,9295,9962,789,3464,11024,1244,1779"
13380,13380,"10326,6971,3950,2140,5303,275,4798,2218,5532,9733"
13389,13389,"1290,7120,4929,1244,10663,2916,11298,544,6243,296"
13390,13390,"3950,9942,5532,6220,5461,6971,10835,2218,3055,13110"
13391,13391,"11298,12869,6971,10326,4798,4576,1290,544,10137,2989"
13401,13401,"8562,4798,6220,3950,4277,10326,5303,5495,3428,12665"
13403,13403,"6971,8590,6220,8188,9942,10326,544,1290,4798,8562"
13407,13407,"544,10326,1290,4277,7120,4798,350,4576,2140,1404"
13413,13413,"2140,217,4277,350,10594,5303,10326,544,1290,4798"
13414,13414,"2989,11298,9730,1290,4576,12869,9101,11024,7679,4664"
13446,13446,"4798,10326,4277,8562,8421,13346,5303,544,12857,6433"
13472,13472,"1290,6971,3464,11298,544,7679,7120,3427,4576,7047"
13488,13488,"4798,8562,6971,5303,3950,13346,10326,12665,5642,6326"
13502,13502,"1290,11298,544,7120,11024,2343,4576,9101,1244,4664"
13507,13507,"1290,11298,7120,2989,9101,9730,4576,544,1779,1244"
13512,13512,"4798,3950,13346,5676,13249,6659,3870,7707,9455,8562"
13543,13543,"4798,12665,4277,8562,5303,544,10916,8421,3950,217"
13572,13572,"10326,8562,4798,5303,544,6971,3950,275,6433,6220"
13595,13595,"1290,7120,4929,6971,1244,10663,4798,8922,544,10326"
13599,13599,"5495,3950,3428,9942,544,6220,2218,4798,8562,5199"
13608,13608,"9693,5303,2140,6795,4798,10326,64,12665,8421,3950"
13609,13609,"350,10326,544,4798,1290,8562,9942,11298,7120,2989"
13630,13630,"4798,3950,6220,2218,12665,10326,2140,6971,2343,9942"
13635,13635,"4798,10326,5303,2140,6925,12857,8562,2218,9340,5610"
13645,13645,"6220,4798,3950,9942,8562,10326,3428,8483,8421,12665"
13673,13673,"13346,2343,3055,9532,8421,5199,4798,3428,544,10326"
13683,13683,"9942,6220,4798,5303,544,10326,6971,8562,3950,5545"
13702,13702,"6971,2218,3055,544,1290,2903,8922,8590,5731,7715"
13716,13716,"3950,4798,8562,6220,6971,10326,5303,12665,2140,2218"
13724,13724,"11298,2989,9730,4798,4576,12869,544,9101,6971,10137"
13746,13746,"4798,2343,6220,10326,12665,3950,2218,5303,6971,544"
13752,13752,"8562,3950,9942,544,4413,3870,1290,10326,10434,4798"
13756,13756,"1290,7120,9962,4929,789,5135,10663,13309,3697,11298"
13763,13763,"1290,7120,1244,11298,9962,789,9295,5135,10607,9101"
13774,13774,"10326,8562,6220,544,6971,13296,7707,5545,9942,8421"
13776,13776,"1290,7120,11298,1244,9730,9962,789,4929,5135,9101"
13786,13786,"1290,7120,789,12869,11298,1244,5135,9962,544,9101"
13788,13788,"350,4277,9340,8421,10326,544,1290,6643,6305,4072"
13791,13791,"1290,11298,11024,2989,7120,6971,4576,10389,12995,11918"
13810,13810,"8562,10326,6220,13346,5303,3428,2140,9942,6326,1220"
13811,13811,"10326,4798,10916,8421,5303,4277,12857,8161,217,6433"
13820,13820,"9942,11298,11024,6220,9962,1779,5135,789,10919,1290"
13826,13826,"13346,5495,6220,2218,6433,3950,217,12665,714,2343"
13840,13840,"544,10326,2770,1290,4798,8562,9942,11298,6952,7120"
13841,13841,"8562,544,4277,6220,13346,5495,2343,217,13249,12665"
13852,13852,"9942,6220,3950,89,5545,2218,13296,12470,13306,2343"
13858,13858,"1290,4798,10326,544,8562,6971,7637,7120,9942,5549"
13865,13865,"9178,1210,6383,1328,6659,544,8562,10326,1290,9375"
13871,13871,"10326,4277,4798,717,5303,2140,10594,217,10077,544"
13877,13877,"4798,8562,6659,5461,10326,2158,544,1290,5292,9942"
13905,13905,"10326,4798,12857,8562,3950,4277,8421,6220,6326,6433"
13924,13924,"7120,544,11298,9101,4929,4576,12869,10389,10663,11024"
13929,13929,"4798,10326,4277,2140,5303,8562,3950,13346,10916,8421"
13935,13935,"3950,8562,9693,6220,2140,10326,8413,5495,5532,2343"
13952,13952,"1290,7120,11298,1244,4929,9101,10663,2989,4576,12869"
13953,13953,"1290,10326,6971,7120,9295,4798,6591,12869,8590,3950"
13962,13962,"10326,8562,4798,3950,4277,544,13346,6971,2140,6433"
13965,13965,"5495,7983,5545,8413,9942,3992,544,6220,1290,10326"
13966,13966,"10326,8421,13346,10594,3950,12857,4798,8562,544,8161"
13974,13974,"1290,11298,11024,9101,4576,1244,2989,7679,7120,12869"
13982,13982,"1290,7120,11024,4576,544,11298,89,6971,4929,9101"
13983,13983,"5461,5199,2903,13112,5532,8413,10326,9693,544,4798"
13987,13987,"3950,6220,4798,10326,717,8483,8421,217,2218,8562"
13988,13988,"1290,7120,10326,544,4576,6971,4929,2218,9101,2989"
13991,13991,"10326,4798,13346,3950,6220,5303,6971,12857,12665,6326"
13995,13995,"5495,3950,8562,9532,3428,13346,5199,1323,2218,6302"
13998,13998,"10326,4798,5303,6971,2140,3950,5495,275,8161,12665"
14021,14021,"6220,8562,3428,5545,13296,13306,13110,3950,7707,544"
14028,14028,"2343,3950,4277,5199,544,9693,5532,6795,3127,2903"
14042,14042,"9942,6220,2218,6659,12665,5545,544,275,3428,13110"
14049,14049,"8703,544,1290,7637,10326,4798,9942,8562,4205,11298"
14060,14060,"8562,6220,3950,2343,3428,13346,13306,64,13110,7707"
14061,14061,"8562,3950,13296,9984,4413,544,8413,1290,6220,10326"
14067,14067,"6220,544,7707,1863,8188,10429,8562,1290,10326,9942"
14079,14079,"1290,4798,544,12665,7120,6971,6220,5303,8562,275"
14089,14089,"4798,5303,544,4277,350,217,6220,5495,1404,1210"
14097,14097,"4798,10326,5303,4277,544,8590,350,275,2140,1290"
14105,14105,"11024,7679,3464,11298,7669,12869,4163,10389,4576,4216"
14147,14147,"2140,4798,5731,2343,8562,6220,3950,544,7063,1290"
14155,14155,"8562,4798,3950,6220,13346,9942,8413,5545,2218,13296"
14168,14168,"10326,5303,4798,12857,4277,544,8421,2140,9942,217"
14170,14170,"10326,8562,5495,5303,4277,7707,544,10835,2343,6383"
14173,14173,"544,2989,3428,4576,9101,6220,13306,11298,3464,11024"
14174,14174,"10326,8562,3950,6220,13110,13346,13296,11540,544,4798"
14196,14196,"8562,6220,8413,3950,9942,5545,13346,8205,10326,3055"
14197,14197,"4277,2218,12857,9340,217,1290,10326,544,4798,5250"
14202,14202,"7120,11298,9101,4576,4929,1244,9962,10663,544,4664"
14204,14204,"544,9306,1290,10326,4798,2300,9942,8562,6648,11298"
14215,14215,"2343,4798,544,810,6795,2140,9693,6220,9340,5532"
14242,14242,"4798,10326,8562,4277,5303,8421,2140,217,3950,717"
14244,14244,"10326,6220,4798,12665,8562,9942,13346,6971,5303,2218"
14249,14249,"1290,7120,4929,9962,10663,789,5135,3697,544,6971"
14250,14250,"544,1290,10326,9738,8452,4798,9942,3285,8562,11298"
14256,14256,"10326,4798,4277,5303,8562,717,8421,6971,12857,13346"
14258,14258,"11298,2989,4664,11918,7679,7258,8714,10137,1290,9730"
14280,14280,"5303,4798,8562,6971,3950,8483,8205,6302,5199,544"
14318,14318,"544,7120,6220,6971,11298,1244,4576,2218,11969,8590"
14325,14325,"10326,1328,350,8421,8562,6659,10891,544,4277,217"
14328,14328,"1290,10326,4798,8590,6971,4929,8562,2140,4277,10663"
14329,14329,"13346,9942,5495,2218,3870,8333,8681,8562,544,6442"
14344,14344,"8562,3950,10326,5303,6971,8413,2140,275,5199,4798"
14366,14366,"1290,7120,4929,10663,5135,544,2916,1244,10326,4798"
14421,14421,"1290,7120,11298,3464,9962,5135,9730,11024,7679,544"
14430,14430,"4798,4277,2343,10326,2140,5303,8421,717,544,217"
14435,14435,"275,3428,8562,544,1290,10326,9942,7707,4798,10171"
14472,14472,"1290,4798,2218,10326,544,6220,8590,5495,12665,89"
14501,14501,"6220,2218,6971,8562,4798,12665,10326,1290,3950,5303"
14509,14509,"6971,4798,13346,5303,3950,8483,2218,10326,12665,2140"
14516,14516,"8562,2218,4798,6220,13296,5303,8188,1290,544,10326"
14521,14521,"10326,6220,4798,3950,5303,5495,12665,2218,13346,8562"
14553,14553,"1290,6220,7120,8562,5303,544,5495,8188,10326,4798"
14561,14561,"6220,3950,12665,5545,9942,8562,3428,13296,7707,4413"
14562,14562,"5495,3950,5303,9942,6220,12470,13346,4798,8413,2218"
14567,14567,"2140,1220,5461,2343,5303,9942,4798,8562,10326,544"
14575,14575,"1290,11298,544,7120,4798,9962,2140,789,6971,9942"
14581,14581,"544,2218,2343,5303,8590,6971,5532,9942,5199,13346"
14627,14627,"6971,1290,89,2218,3055,7120,544,8922,4798,9942"
14634,14634,"6220,9942,544,3428,13296,5545,6659,13110,12665,8188"
14651,14651,"5303,5495,4798,275,10326,5642,8922,544,9178,13346"
14659,14659,"4798,13346,2343,5199,8562,5303,5532,6971,10326,10835"
14670,14670,"10326,4798,217,8421,12665,5495,9455,717,8161,8562"
14684,14684,"6220,8562,2218,544,9942,7707,5495,12606,3428,5545"
14691,14691,"4798,275,6971,13346,6220,2140,2218,10326,8922,1290"
14695,14695,"1290,6220,6971,2218,5303,12665,544,4798,7120,13296"
14705,14705,"10326,8562,4798,4277,12665,1328,717,2140,217,12857"
14711,14711,"1290,7120,7707,6220,544,4277,4929,8421,5303,811"
14723,14723,"4798,3950,6971,10326,8483,13346,9942,544,8562,2789"
14739,14739,"11298,9730,9101,4576,1290,7120,11024,2989,10389,12869"
14740,14740,"10326,4798,6971,5303,8562,275,12857,2140,4277,8421"
14743,14743,"5495,3950,5532,4798,544,10326,5303,714,2218,5199"
14747,14747,"10326,8562,4277,4798,544,5303,6220,350,2218,13346"
14748,14748,"6220,9942,89,5545,12665,8681,5676,3055,7707,7983"
14764,14764,"1290,7120,13346,4929,4798,2989,3950,6383,7983,8333"
14771,14771,"544,6220,5495,2989,9942,7707,4664,1290,11298,9693"
14780,14780,"4798,10326,4277,8562,6220,8421,217,8590,12857,13249"
14784,14784,"4798,10326,350,5303,4277,2140,1328,6433,12934,544"
14785,14785,"9942,13110,3428,5545,2343,13306,10916,3950,2218,544"
14798,14798,"2343,9693,9532,13306,10835,5199,6839,5532,9942,6795"
14801,14801,"544,9942,10326,4798,6220,2343,12665,3950,4277,2989"
14803,14803,"4798,10326,5303,4277,6220,544,13346,2140,9942,3950"
14821,14821,"4798,4277,5303,275,10326,544,6220,13249,350,6326"
14832,14832,"4798,544,1290,8562,2343,6971,5303,5532,10326,6220"
14833,14833,"9942,3950,4798,2218,10326,6220,3428,8562,13346,6971"
14853,14853,"12665,4798,7792,9942,544,2140,6971,8562,8590,9410"
14854,14854,"6220,13249,8562,6971,4798,5303,2218,3950,10326,13346"
14856,14856,"6220,544,9942,8562,12665,3950,4798,5495,2343,10326"
14858,14858,"3950,5532,4277,5199,10326,4798,12665,9519,10835,13346"
14864,14864,"1290,7120,544,10326,6724,4798,1784,8562,9942,8984"
14867,14867,"1290,11298,2989,12665,7120,9101,4576,11024,1244,10389"
14880,14880,"7679,544,4576,2989,11024,11298,9101,11918,4664,10389"
14890,14890,"6220,13346,8562,6971,5199,12665,8590,8205,4798,6326"
14892,14892,"10326,9693,4798,6220,544,8562,4277,3950,13296,13346"
14899,14899,"1290,11298,11024,4664,12869,7120,4576,9962,9730,789"
14904,14904,"2343,89,9942,6795,12665,9532,3055,9693,64,5532"
14906,14906,"11298,1290,7120,1244,9295,4576,12869,11024,9101,3464"
14909,14909,"4277,350,5303,9340,10594,4694,544,10326,9234,6383"
14929,14929,"8562,6220,5303,2218,4798,5545,3950,9942,544,7707"
14931,14931,"6220,7707,13296,544,8562,1290,10326,4798,1863,10429"
14938,14938,"4798,10326,3950,6971,6220,13249,8562,12857,12665,4277"
14955,14955,"3950,12665,6220,8562,8590,10326,6971,2140,13346,5545"
14961,14961,"10326,544,8562,1290,4798,3314,9942,12226,2936,11298"
14969,14969,"1290,11298,9730,7120,11024,12869,9962,4576,5135,4664"
14970,14970,"4798,10326,4277,6971,217,717,2218,8421,6433,8562"
14977,14977,"6220,12665,3950,5676,5495,9942,7707,5545,3870,8562"
14991,14991,"4798,8562,10326,5303,6220,13346,2218,3950,5545,275"
14993,14993,"2140,10326,2218,4798,544,9306,1290,2291,9942,10462"
15009,15009,"4798,3950,13346,8562,10326,12857,13249,717,8483,8421"
15014,15014,"11298,9101,9693,4576,2343,2989,8978,10389,1244,11918"
15028,15028,"7120,11298,1244,4929,9295,2989,12869,10663,9101,3464"
15029,15029,"217,4277,4798,717,10326,8562,8483,13249,10916,350"
15030,15030,"6220,9942,5545,5495,13346,7707,8562,13306,3950,3428"
15033,15033,"4798,10326,2343,6971,8562,10916,13346,544,9693,10835"
15052,15052,"544,4798,8562,1290,5303,13346,8590,350,6971,13296"
15062,15062,"4798,10326,13346,6220,8562,717,3428,5303,6326,3950"
15074,15074,"544,6220,9942,8562,1290,2343,6971,2218,9693,12665"
15081,15081,"3950,13346,2343,13110,6220,9693,3428,5532,2140,544"
15082,15082,"544,1290,10326,3563,4798,4029,9942,2436,8562,11298"
15097,15097,"13346,6971,4798,2140,8562,544,9942,10326,12758,1290"
15098,15098,"4798,10326,3950,8562,6220,6971,5303,13346,2218,4277"
15107,15107,"1290,7120,4929,1244,11298,10663,9295,789,2916,5135"
15113,15113,"10326,4798,6659,4277,6220,5303,8562,544,3950,350"
15120,15120,"8562,10326,3950,4798,6220,13346,5303,2218,2343,544"
15121,15121,"4798,10326,3950,6220,13346,8562,4277,6971,12665,12857"
15122,15122,"8562,10326,4798,3950,5303,6220,217,4277,12857,13346"
15141,15141,"2140,350,5303,4277,5676,8562,4798,9404,8590,217"
15143,15143,"4798,6220,10326,6433,13296,8562,8590,6971,13346,544"
15148,15148,"2343,13346,3950,9942,64,9693,544,5495,5199,2218"
15164,15164,"9942,10326,6220,2343,8562,11969,13346,12665,9693,7707"
15165,15165,"9942,6220,1290,6971,13296,544,3428,2218,89,8413"
15175,15175,"4798,10326,13346,717,8421,275,10916,4277,6326,9942"
15186,15186,"1290,4929,10663,1244,9295,789,5135,11298,2916,544"
15189,15189,"10326,6220,544,3950,4277,4798,8562,2218,217,5303"
15200,15200,"10326,4798,6220,1290,6971,544,4277,8562,3950,5303"
15204,15204,"10326,8562,13346,4277,6220,2140,10916,3950,10594,12404"
15205,15205,"4798,1290,544,7120,6220,8590,6971,7707,13346,2411"
15217,15217,"8590,5532,5199,1290,4798,1220,8922,10835,8562,10326"
15240,15240,"2989,11024,12869,1244,4576,7679,10389,8978,11918,1779"
15248,15248,"1290,6220,1863,7120,8562,13296,544,6971,9942,4798"
15253,15253,"10326,4798,4277,2140,2343,8562,5303,10916,544,12758"
15256,15256,"4277,10326,4798,13346,2140,544,3950,1978,7138,217"
15260,15260,"10326,5303,2343,4798,544,8562,8421,9942,9693,3428"
15265,15265,"5495,12470,5199,2218,12092,1286,544,1290,10326,11540"
15274,15274,"544,1290,10326,4798,5251,9942,13130,8562,4029,3314"
15275,15275,"4798,2140,6971,10326,5303,3950,544,1290,8562,7063"
15282,15282,"4798,8562,10326,2140,8483,2218,3055,8205,11000,544"
15294,15294,"2343,9532,5532,12665,9693,3950,6795,5199,13346,4798"
15304,15304,"1290,11298,7120,1244,2989,4576,9962,789,11024,10607"
15330,15330,"544,6220,10326,2343,9101,11969,11298,6971,12655,9693"
15331,15331,"8562,12665,6220,13346,3950,13296,1323,9942,3055,11000"
15332,15332,"1244,1290,7120,10389,7679,11298,544,2989,10326,4798"
15339,15339,"6220,5545,7707,9942,544,8562,10429,1863,1290,5976"
15387,15387,"544,6220,7707,12665,1863,10326,1290,8562,10429,275"
15391,15391,"544,6220,10326,4798,8562,4277,12665,3950,2218,275"
15396,15396,"4798,10326,13346,6220,8562,6326,5545,12665,6971,8590"
15397,15397,"6971,5545,2218,5303,3870,6220,3950,13110,13315,8562"
15421,15421,"2343,4798,544,9306,1290,10326,2899,9942,13214,8562"
15427,15427,"1290,7120,11298,544,7679,4929,4576,9101,9730,10663"
15434,15434,"544,1290,2989,11298,4576,1244,11024,7120,4664,9295"
15441,15441,"4798,5495,10326,2218,275,12665,8562,8590,3950,6220"
15444,15444,"6220,6971,2218,10326,5303,4798,3950,275,5545,13408"
15457,15457,"4798,6220,3950,8562,5303,8483,13346,6971,10326,13249"
15466,15466,"8562,217,3950,13249,717,4277,11000,11384,1978,5303"
15475,15475,"4798,8413,12857,13249,3950,5676,1978,10326,8483,6270"
15483,15483,"1290,11298,2989,7120,4576,11024,9101,9295,7679,12869"
15487,15487,"12665,5875,544,8235,1290,4798,10326,89,9942,8562"
15500,15500,"2140,275,10326,544,12404,7063,9942,1290,4798,2343"
15511,15511,"6220,2343,10326,1244,5532,9942,4798,8562,9532,544"
15515,15515,"6220,8562,3950,2218,4798,5545,7707,89,13346,10326"
15519,15519,"4798,6971,12665,3950,8562,3055,5303,544,7707,9942"
15534,15534,"2343,9693,5303,2537,7792,5532,3127,6834,544,1290"
15545,15545,"1290,7120,11298,4576,11024,9101,12869,1779,10137,11299"
15553,15553,"2343,12869,11024,9693,9730,4576,7679,11298,544,7342"
15556,15556,"5495,8413,2218,3950,5303,12470,8562,6220,5676,3428"
15564,15564,"4798,3950,13346,13249,6971,6326,6433,12857,2140,8161"
15567,15567,"1290,7120,11298,1244,12869,7669,4576,9730,4929,11024"
15582,15582,"4798,12857,6433,8562,217,6326,10916,4277,8421,10326"
15585,15585,"10326,4798,4277,8562,5303,717,12857,6971,8421,13346"
15587,15587,"8562,3950,5303,5495,8413,6220,13346,5545,2140,3055"
15589,15589,"6971,5303,4798,2140,10326,8562,8483,4277,544,10916"
15590,15590,"9693,5495,6795,3428,12665,5532,9532,64,2537,6834"
15595,15595,"10326,3055,544,1290,4798,8235,6522,9942,7526,8562"
15611,15611,"11298,1244,4576,9101,9730,12869,2916,9295,4664,9962"
15613,15613,"3950,3428,9942,13346,4798,6971,6220,5199,5303,2218"
15632,15632,"10326,13346,8562,6220,4277,5303,13296,7707,8483,2218"
15633,15633,"10326,544,5303,4277,350,8562,6433,4798,50,9072"
15639,15639,"4798,6971,5303,2218,3950,6220,8421,8562,10326,8590"
15648,15648,"4798,10326,4277,217,6971,717,544,8562,6220,2140"
15652,15652,"4798,10326,13346,275,5303,350,8421,9340,717,8161"
15683,15683,"9942,6220,2218,8562,5545,3428,13296,7707,544,13306"
15688,15688,"9942,6220,8562,5495,3950,7707,5545,2218,13110,12665"
15703,15703,"9942,3950,8413,4413,5676,544,8562,1290,13346,4798"
15708,15708,"3950,2218,544,6971,1290,4213,10326,4798,5879,13346"
15714,15714,"4798,10326,8562,217,544,3950,8421,12665,717,350"
15719,15719,"4277,4798,10326,350,13346,8562,6433,10916,10594,12857"
15727,15727,"8413,8562,10326,2218,1230,3950,3055,544,12665,1290"
15728,15728,"1290,7120,4929,10663,12030,544,5573,10326,4798,6243"
15735,15735,"10326,4798,8562,4277,8590,275,11969,5303,12665,6971"
15736,15736,"5495,8562,1328,3950,31,1355,10326,4798,11540,9942"
15739,15739,"1290,7120,11024,2989,1244,9295,12869,8978,4576,1779"
15742,15742,"9942,3950,6220,4798,2218,6971,89,5303,10326,12665"
15764,15764,"4277,8562,350,5676,13346,2063,9178,9234,50,9340"
15773,15773,"10326,13346,4798,3950,6971,2218,5495,8562,2140,13249"
15774,15774,"1290,7120,7669,11298,6591,12869,9730,2989,3464,9295"
15786,15786,"1290,11298,7120,544,11024,9101,4576,12869,1779,4664"
15789,15789,"217,12857,8421,4277,717,13346,350,6433,9340,10594"
15796,15796,"9942,6220,2343,10326,2218,13296,9693,3428,8562,5303"
15800,15800,"5495,2218,12470,8562,5303,3950,12099,10326,4798,12668"
15802,15802,"1290,7120,11298,9101,1244,4576,544,9295,9730,11024"
15812,15812,"4798,10326,544,4277,8562,5303,2140,10077,8421,350"
15815,15815,"5303,3870,544,8503,4798,1290,11320,10326,1634,9942"
15828,15828,"10326,8562,6220,4277,13346,13249,544,6433,6659,12665"
15831,15831,"11298,4664,7679,1779,1244,1290,9962,544,6220,7792"
15840,15840,"4277,350,275,544,717,2218,217,10594,9340,5303"
15845,15845,"4798,8562,10326,13346,3950,4413,9942,12857,6326,544"
15847,15847,"6220,2218,5545,5495,8413,7707,5461,544,232,1290"
15856,15856,"4798,10326,8562,12857,6971,6326,8421,10916,13346,8161"
15861,15861,"12869,1290,4163,11298,2957,9962,4216,1558,7120,5135"
15862,15862,"1290,7120,4576,11298,1244,9101,544,9962,789,2989"
15871,15871,"5495,2218,7707,8562,8413,12470,8681,64,13346,544"
15872,15872,"8562,3950,13346,3055,6220,8421,4277,7707,9733,8205"
15883,15883,"1290,7120,11298,2989,9295,9101,4929,6971,4576,1244"
15886,15886,"2343,544,7707,6220,8562,13296,1863,8188,1290,5976"
15888,15888,"9942,6220,12665,544,2343,10326,5303,3950,13296,3428"
15898,15898,"10326,4277,6220,6971,13346,4798,13296,8421,3950,8562"
15919,15919,"4798,50,6795,4416,1220,5495,10326,2343,9942,544"
15922,15922,"1290,7120,4929,11298,5135,9295,1244,3697,10663,13309"
15931,15931,"544,1290,7120,9693,1863,11315,10326,5251,4798,10743"
15941,15941,"6220,8562,9942,8188,7707,13296,3950,5545,5495,3428"
15943,15943,"4798,12857,10594,8161,8562,5303,10326,8421,220,544"
15956,15956,"4798,6220,10326,6971,8562,3950,5495,5545,275,5303"
15958,15958,"1290,7120,6220,6971,544,4798,275,5303,2218,8562"
15960,15960,"2343,8413,4798,5303,6795,10326,2140,13346,6220,810"
15973,15973,"3222,11298,4576,4545,5979,4890,11024,11918,544,9101"
15977,15977,"1290,7120,11298,1244,4929,9962,789,10663,9101,10607"
15994,15994,"8562,89,3950,13110,7359,4413,13296,3577,9942,861"
15995,15995,"1290,7120,1244,4929,11298,10663,9962,5135,789,9730"
15996,15996,"6220,3950,13346,8562,5545,9942,7707,5303,3428,4277"
15999,15999,"6220,3950,2140,4798,13249,1543,5303,9942,544,10326"
16060,16060,"1290,7120,6971,10326,4798,12665,6220,544,4929,8562"
16069,16069,"3950,217,2218,4277,13346,4798,1978,10326,717,8562"
16076,16076,"11298,2989,1290,9101,544,7120,12869,1244,4576,11024"
16085,16085,"10326,8562,544,4798,1290,12191,9942,5495,11298,7120"
16089,16089,"8562,1290,4798,6971,544,2343,10326,8703,9942,7120"
16097,16097,"10326,8562,4277,544,4798,5303,350,2140,13346,8421"
16112,16112,"544,6220,6326,10594,10326,12152,3428,13346,5303,1290"
16116,16116,"4798,10326,8161,8562,544,1290,10916,9942,8421,2291"
16137,16137,"4277,275,5303,4798,350,10326,8483,2218,3565,13346"
16150,16150,"3950,217,717,1328,2140,7087,13346,10326,13150,8483"
16174,16174,"3950,3428,9942,5545,8562,4413,13110,544,1290,10326"
16176,16176,"3950,8413,1889,5199,8562,810,544,9942,5078,1290"
16210,16210,"1290,7120,11298,4929,6971,10663,9962,789,544,1244"
16212,16212,"3950,4798,10326,8562,13346,12665,5303,6220,12857,217"
16230,16230,"10326,8562,3950,6220,4798,5303,2218,9942,8590,4277"
16245,16245,"10326,4277,544,8562,217,4798,1328,8421,350,6433"
16293,16293,"8562,6220,3950,13346,4798,10326,5303,6971,13249,2140"
16299,16299,"1290,7120,11298,1779,4576,2989,9295,9962,8590,7679"
16300,16300,"7707,1863,10429,544,8562,1290,7706,10326,9942,4798"
16303,16303,"3950,2140,8562,10916,10326,10594,12857,11000,2218,9340"
16305,16305,"1290,11298,7120,4576,89,12869,6971,1779,9101,275"
16314,16314,"4798,8562,4277,5303,12857,6220,6433,544,13249,13346"
16328,16328,"2140,350,13346,4798,10326,544,652,4413,11540,9942"
16340,16340,"1290,7120,11298,9101,544,9962,789,1244,10326,12869"
16351,16351,"9942,1328,652,544,350,1017,3428,10326,10594,5184"
16363,16363,"4798,11969,5303,2343,8562,544,2140,6220,13346,6383"
16376,16376,"4798,6971,5303,2140,7063,10326,12857,6433,544,8413"
16387,16387,"10326,6220,8421,10916,6433,9404,6326,9942,4798,13346"
16395,16395,"544,6220,10326,5303,8562,5545,3950,1978,2140,13110"
16414,16414,"8562,6220,7707,6971,4798,10326,5545,9942,3870,13296"
16416,16416,"8413,7715,544,1290,10326,8562,4798,9942,9454,5495"
16418,16418,"2218,6971,6220,5303,89,5495,9942,544,8205,275"
16471,16471,"1290,2989,7120,11298,4576,544,1244,11024,9101,12655"
16489,16489,"8562,4798,10326,2218,6220,8413,5642,12665,4413,4323"
16497,16497,"2343,9693,5303,6795,5532,5199,10835,10326,1220,544"
16509,16509,"2218,5303,6971,2140,8562,4277,8590,6220,8421,544"
16510,16510,"9942,3950,13346,5303,6220,2218,5545,8562,8413,13296"
16521,16521,"1290,11298,7120,11024,1244,2989,4664,10389,4576,9730"
16524,16524,"544,1290,10326,4798,9942,8562,11298,10352,11590,7120"
16582,16582,"5303,13408,544,6220,1220,7136,1290,9942,5495,3275"
16592,16592,"1290,6220,2343,7120,6971,8562,7707,9693,8590,5303"
16604,16604,"1290,2989,11298,7120,12869,11969,12655,4576,544,9101"
16605,16605,"1290,11298,9101,7120,4576,11024,6220,12869,544,4664"
16617,16617,"11298,1290,11024,2989,12869,4576,9101,1244,7120,8978"
16622,16622,"11298,2989,11024,4576,7679,12869,1244,9101,11918,4664"
16624,16624,"6220,4798,5303,9942,3950,3428,10138,10869,2140,544"
16628,16628,"3950,11484,10326,544,8562,2903,1290,4798,8279,13346"
16633,16633,"1290,7120,4929,544,1244,6971,11298,8590,4576,9101"
16646,16646,"7707,8562,544,6220,13296,2343,10429,10326,9942,5303"
16651,16651,"10326,13346,5495,8421,4798,13249,6326,1978,9942,717"
16654,16654,"4798,13346,10326,6971,6220,8483,10916,8562,8421,3950"
16673,16673,"8562,9942,2218,3950,5303,13346,2140,4798,8413,6220"
16675,16675,"4798,10326,6220,9942,13346,3950,8562,4277,3428,8421"
16677,16677,"6971,2218,5303,2343,3950,12665,9693,5532,5199,4798"
16679,16679,"275,2218,8413,3416,1889,6971,3950,8562,13375,9229"
16686,16686,"1290,11298,7120,544,1779,9962,789,1244,9730,10607"
16695,16695,"4798,3950,4277,5303,10326,10594,2140,6220,8421,8562"
16704,16704,"9942,3428,13346,3950,2343,5545,8413,13306,8562,12153"
16709,16709,"6220,13346,9942,12665,2218,5545,3950,5495,7707,12470"
16773,16773,"4798,10326,4277,12857,5303,13346,6433,8562,2140,8483"
16774,16774,"10326,8562,13249,5642,4798,2218,12857,13346,1889,3950"
16797,16797,"6220,9942,3428,3950,8562,13346,13110,7707,13306,544"
16803,16803,"2140,7063,5731,8562,544,10326,1290,4798,9942,13090"
16804,16804,"10326,4798,4277,13346,3950,10916,5303,6433,12857,6326"
16806,16806,"8562,10326,6220,544,5495,5303,4798,7707,2140,2218"
16810,16810,"3950,9942,3428,13346,8562,12934,1889,6220,8413,12857"
16836,16836,"4277,350,6433,10326,544,1210,8562,4694,6383,13150"
16844,16844,"544,1290,4266,10326,4798,5495,8562,11774,13271,9942"
16861,16861,"1290,1244,12869,7120,11298,4163,2957,3464,789,5135"
16875,16875,"4798,13346,10326,2218,6971,5303,2140,12857,3950,6433"
16936,16936,"4798,3950,10326,13346,8562,12857,6971,4277,2140,5303"
16946,16946,"10326,217,3950,4798,5303,2218,8562,12857,6433,13346"
16965,16965,"4798,6220,3950,10326,5303,13346,2140,2218,8562,12857"
16987,16987,"4798,6971,5303,6220,10326,8562,3950,2140,275,4277"
16988,16988,"6971,89,5875,8922,1290,544,12665,4798,2343,10326"
16989,16989,"8562,10326,6220,3950,4798,5303,2218,5545,9942,12665"
17007,17007,"6971,10326,9602,9942,4798,8421,5303,13346,275,1290"
17016,17016,"10326,4798,6220,3950,8590,544,5461,6971,8562,5495"
17030,17030,"13408,4798,3950,8205,10326,544,11000,1290,8562,9942"
17034,17034,"4798,10326,13346,3950,8562,6971,4277,6220,10916,6326"
17054,17054,"13346,5303,2140,4798,10594,8562,10326,1978,12857,544"
17056,17056,"1328,12857,4798,10326,13346,350,8421,544,6326,1290"
17084,17084,"10326,12665,2218,6220,5495,4798,3950,5303,6971,9942"
17098,17098,"544,10326,4277,12470,5303,5495,12665,4576,1290,8590"
17102,17102,"4798,6971,5303,3950,10326,8590,2218,2140,8421,12665"
17109,17109,"3950,11572,544,1290,10326,1788,4798,9942,8562,3799"
17112,17112,"544,1290,4798,2218,6971,10326,7120,9942,6220,4277"
17119,17119,"10326,4798,6971,5303,9942,2218,544,9072,275,6326"
17124,17124,"6220,5303,8562,9942,2218,5495,12665,10326,8413,544"
17141,17141,"6971,4798,10326,544,2343,9693,5303,6220,5532,2140"
17160,17160,"4277,12869,544,12665,3950,7669,7679,9101,4163,1290"
17179,17179,"3950,8562,8483,2218,13346,8413,4798,12857,9602,5545"
17189,17189,"4277,717,5303,217,544,4798,3950,8421,9340,10594"
17191,17191,"8562,7707,5149,544,9942,10326,7706,1290,6220,4798"
17194,17194,"8562,5495,3950,9072,10594,11000,2218,2140,8421,12857"
17195,17195,"5199,5532,5495,2218,2343,544,2903,10835,9942,6971"
17200,17200,"1290,7120,11298,4576,11024,9101,1244,2989,10389,10137"
17212,17212,"6220,3428,3950,5545,2218,10326,13306,13110,6659,544"
17218,17218,"2343,5495,9693,9532,5199,12665,6795,8279,275,2218"
17232,17232,"8562,3950,217,8413,6326,10326,717,50,12857,6433"
17242,17242,"4798,10326,8562,4277,13346,544,12857,717,2140,217"
17255,17255,"8562,3950,8413,9942,6220,5545,13346,4413,5532,3428"
17262,17262,"1290,11298,1244,7120,12869,4576,10607,2989,9101,7679"
17275,17275,"6220,8562,3950,5545,13110,5495,4798,7359,9942,4413"
17276,17276,"4277,13346,8562,3950,6220,4798,5303,10326,6971,2140"
17278,17278,"544,1290,1863,1244,11298,10326,7120,4798,7706,9942"
17283,17283,"10326,4798,544,8562,1290,6971,9942,5303,4277,1220"
17284,17284,"5495,11000,10326,8421,1978,3282,3950,13346,4798,544"
17295,17295,"544,10326,6220,4277,9942,6433,217,8562,3428,350"
17298,17298,"1290,544,2989,11298,7120,4576,11024,9101,1244,12869"
17319,17319,"9942,6220,8562,3428,3950,544,10326,5545,13296,13306"
17320,17320,"544,11298,7679,11024,9101,11918,2989,4576,1244,3148"
17325,17325,"12665,9693,544,8483,13346,6220,2218,89,8562,4798"
17330,17330,"1290,7120,544,5875,10326,4798,7024,9942,8235,8562"
17334,17334,"11024,12869,1290,2989,1244,4576,9730,789,9962,9101"
17346,17346,"6220,8562,2343,9942,8483,3950,9693,4798,12665,4413"
17352,17352,"1290,3950,2218,6971,4277,5303,5532,7120,6220,4798"
17353,17353,"1290,7120,4929,9962,789,5135,6220,10663,544,13309"
17396,17396,"10326,4798,8562,5303,2218,3950,2140,6220,8205,8421"
17408,17408,"4277,4798,544,5303,3950,10326,810,8562,12857,2140"
17414,17414,"6220,8562,3950,275,5545,9942,5303,12665,10326,13346"
17422,17422,"217,2957,7679,4163,789,9962,6839,544,1098,1290"
17424,17424,"10326,3950,4277,4798,6971,275,8562,6383,2140,5303"
17427,17427,"1290,789,5135,9962,7120,13027,544,4929,10326,2339"
17432,17432,"8562,4798,3950,10326,217,13346,6220,6326,8421,13249"
17434,17434,"10326,5303,2218,6971,2343,2140,13346,8421,10835,544"
17439,17439,"9942,6220,3950,5545,13296,13306,8562,3428,12665,2218"
17442,17442,"6220,544,8562,2343,9942,6971,13296,5303,5545,10326"
17449,17449,"4798,8562,13346,10326,3950,9942,6326,12665,6220,5545"
17472,17472,"5461,3950,8590,9693,11969,5532,5199,2343,544,5495"
17509,17509,"1290,11298,9101,1244,7120,544,11024,4576,10389,2989"
17522,17522,"9942,3055,4413,3950,931,544,4798,1290,4602,10326"
17527,17527,"5303,2140,4798,10326,1912,544,9942,8562,1290,7063"
17535,17535,"1290,7120,4576,7679,2989,11024,12995,7342,11554,1779"
17540,17540,"8562,2140,5303,3950,10326,8421,4798,4277,9942,8161"
17541,17541,"1290,11298,2989,1244,9101,11024,9730,4576,4664,3427"
17551,17551,"10326,4798,8562,6220,5303,8590,8421,13296,2140,6971"
17564,17564,"10326,8421,4798,8562,6326,12857,544,1290,6311,3950"
17565,17565,"350,10326,544,4798,1290,9942,4097,8562,11298,7120"
17581,17581,"10326,8562,2218,3950,12857,4277,13346,10916,2343,8483"
17596,17596,"6220,6971,4277,3428,3950,13296,5303,89,5545,1779"
17601,17601,"3950,8562,9942,4413,13346,4798,544,10326,2218,3106"
17611,17611,"10326,13346,9942,6220,8562,275,13296,8413,5545,7707"
17612,17612,"10326,3950,3428,8562,6659,8421,7707,1355,4277,13296"
17620,17620,"5495,8413,6220,3950,2343,8188,12665,5545,2218,5199"
17627,17627,"2343,9693,1220,6795,5532,13408,9532,5199,6834,2537"
17634,17634,"6220,8562,7707,544,1863,1290,9942,10326,9083,4798"
17649,17649,"8562,10326,544,6220,4277,4798,3428,13346,350,5303"
17654,17654,"8562,3950,13346,12665,7707,2218,6220,2343,4798,9942"
17659,17659,"10326,8562,4798,544,1290,9942,9668,9937,12665,7637"
17666,17666,"1290,7120,544,6220,3950,4576,5676,4929,9693,10663"
17674,17674,"11000,4798,8421,851,10326,544,8132,1290,13249,7916"
17684,17684,"10326,544,4798,4277,350,6383,1328,8421,8562,717"
17708,17708,"8562,10326,2140,2218,3950,6433,3507,5303,12857,9942"
17709,17709,"6220,8562,5495,8483,12857,7707,1328,4798,3950,13346"
17741,17741,"4798,6971,10326,2218,12665,8562,5303,13346,3055,3950"
17752,17752,"9375,544,1290,12226,10326,8911,4798,9942,6307,8562"
17765,17765,"2343,6220,89,3950,4798,12665,9942,1220,2218,5532"
17770,17770,"1290,544,7637,8703,10326,4798,9942,8562,7120,6938"
17814,17814,"2218,6220,5676,3950,6971,1220,544,13408,9942,8562"
17818,17818,"1244,544,1290,7120,350,9942,5866,275,8189,10987"
17822,17822,"1290,7120,8302,544,11117,12030,10326,4798,4929,9942"
17826,17826,"4798,8562,10326,544,4277,350,2140,275,10594,6433"
17827,17827,"1290,11298,1244,7120,4576,2989,9101,10389,8978,4664"
17840,17840,"6220,7707,8188,10326,5495,8562,13296,2218,9942,544"
17843,17843,"2218,9942,8413,5495,8562,6220,544,12470,10326,13310"
17864,17864,"4798,6433,11969,5461,1978,8483,9984,544,12785,6639"
17871,17871,"8188,8562,5149,544,1290,10326,4798,9942,8703,10429"
17881,17881,"3950,544,2218,4277,12665,2343,8590,9693,8421,1290"
17928,17928,"10326,8562,6220,12665,4798,544,8421,13296,8590,2218"
17931,17931,"544,1290,10326,8562,4798,9942,9375,5494,11298,2989"
17933,17933,"8413,2343,2218,8562,6220,3950,8188,9942,2903,5545"
17953,17953,"544,5495,2218,4798,5303,10326,89,1290,6220,5199"
17970,17970,"9942,3950,13346,6220,5545,64,13306,4413,931,89"
17977,17977,"4798,3950,10326,8562,5303,6971,4277,6220,2218,12665"
17982,17982,"1290,7120,9962,11298,1244,9101,12869,544,10326,9942"
17995,17995,"1290,6971,7120,13296,544,2218,10326,4798,8562,9942"
18002,18002,"5303,10326,8421,8590,4798,717,4277,6971,10594,2140"
18006,18006,"6659,544,1290,10429,10326,9942,4798,8562,2869,11298"
18023,18023,"10326,6971,5303,6220,544,2343,2140,4277,2218,275"
18024,18024,"4798,10326,7439,544,1290,5747,4877,9771,9942,8562"
18047,18047,"6220,2343,13296,5545,9942,6795,9693,3950,4602,4413"
18050,18050,"9942,6220,4798,2218,6971,275,5303,11969,544,3950"
18078,18078,"10326,4798,8562,6971,13346,5303,8421,4277,544,10916"
18086,18086,"1290,7120,6971,4798,544,4929,9962,789,1244,11298"
18093,18093,"1290,7120,11298,1244,12869,7669,4929,9730,3464,4163"
18115,18115,"3950,4277,4798,10326,2140,8421,350,6433,12857,10594"
18122,18122,"1290,7120,2218,1244,544,1856,9942,10326,5149,8590"
18124,18124,"4798,10326,6971,5303,2343,1220,2218,1290,2140,544"
18127,18127,"1290,7120,1244,11298,4929,10663,9295,12869,9101,4576"
18133,18133,"8562,3950,10326,13346,4798,6220,3428,12857,1328,4277"
18148,18148,"2218,3950,5199,6971,9942,8562,10835,544,2380,1290"
18155,18155,"2343,9693,13346,64,544,275,8562,12606,9942,1290"
18158,18158,"11298,11024,4576,8978,2989,11918,12995,12655,3704,10389"
18166,18166,"10326,3950,4798,10568,2140,544,4277,5303,1978,9942"
18167,18167,"10326,4277,2218,6433,5461,9072,8562,9404,13346,3950"
18169,18169,"2140,13346,8562,10326,3950,544,12470,1290,4798,5495"
18175,18175,"9693,12665,9532,6971,6220,5303,10326,5532,544,9942"
18178,18178,"3950,8562,13346,6220,8413,10326,12665,4798,2218,11540"
18214,18214,"1290,7120,11298,1244,12869,4929,9730,4576,4664,10663"
18217,18217,"3950,12665,5495,8562,4798,10326,6220,5303,9942,275"
18226,18226,"1290,7120,11298,4576,11024,9101,12869,1779,10137,4664"
18229,18229,"6971,2140,4798,5303,8413,3950,544,9942,1290,10326"
18236,18236,"2905,544,1290,7063,4798,12404,9546,10326,6341,12159"
18240,18240,"9942,6220,3950,5545,13306,12665,6659,2218,1323,13110"
18262,18262,"6220,544,9942,8562,3950,3428,2218,5303,5545,7707"
18266,18266,"1290,11298,1244,2989,4576,544,11024,9101,10389,8978"
18272,18272,"13346,4798,5303,6220,8562,3950,2343,10326,1220,8413"
18292,18292,"8562,6220,5303,10326,4277,3950,7707,13346,4798,9942"
18299,18299,"9942,6220,544,3428,8562,10326,275,3950,2218,4277"
18321,18321,"7707,544,1290,10326,3911,6525,4798,6952,9942,8562"
18338,18338,"8562,6220,2343,4798,3950,544,13346,5303,13296,5545"
18339,18339,"10326,4277,4798,350,10916,6971,12857,544,10594,5303"
18341,18341,"8562,4798,13346,3950,10326,5303,544,2140,1290,9942"
18355,18355,"1290,7120,9295,4929,11298,1244,9730,10663,9101,2916"
18364,18364,"1290,544,7120,6971,1244,11298,4576,10389,9101,2903"
18368,18368,"10326,4798,8562,12665,3950,6971,2218,13346,12857,6326"
18393,18393,"4798,10326,2343,6971,13346,9693,5303,4277,8562,2140"
18409,18409,"3950,217,4277,275,3565,5676,8562,4798,2140,9942"
18434,18434,"10326,4798,5303,12857,6433,3950,544,10077,6971,8421"
18440,18440,"9942,3950,6220,13346,8562,4798,5545,10326,2218,5495"
18446,18446,"10326,6220,2343,4798,4277,12665,9693,11969,3950,6971"
18467,18467,"9942,13346,1220,2140,2343,8562,275,13296,6220,3507"
18475,18475,"6220,1290,2218,9295,13296,8188,5545,9942,7120,544"
18487,18487,"10326,6220,4798,8562,13346,2218,4277,5495,7707,8421"
18489,18489,"544,10326,4798,1290,4277,9693,5303,350,2343,11969"
18499,18499,"4277,8205,11969,8562,10326,544,9340,4798,1290,8822"
18505,18505,"4798,10326,8562,3950,6220,13346,4277,5676,6971,12857"
18525,18525,"10326,4798,8562,4277,8421,1290,12857,5303,6433,544"
18530,18530,"4798,6971,10326,13346,8421,10916,544,1290,12990,9942"
18539,18539,"1290,7120,544,10326,6220,4798,11298,9942,7637,589"
18546,18546,"2343,9693,10326,544,12665,64,6220,6795,89,9942"
18579,18579,"10326,9942,3950,4798,13346,8562,4277,6220,13249,3428"
18585,18585,"2343,9693,64,5532,5199,10835,3950,6795,9942,544"
18595,18595,"8562,544,6220,10326,4277,5303,2218,3950,3428,50"
18648,18648,"2218,6433,8483,4798,11000,3950,1220,717,4277,6220"
18679,18679,"8562,3950,6220,5545,2218,8413,12665,9942,13346,3428"
18683,18683,"6220,8562,2343,8188,5495,544,13296,7707,9942,9693"
18687,18687,"1290,7120,11298,1244,4576,4929,9101,7679,11024,12869"
18718,18718,"8562,6220,544,12665,6971,2218,4798,13346,13296,5303"
18741,18741,"3950,5495,8562,544,11622,9942,1290,4798,13346,10326"
18760,18760,"1290,7120,11024,2989,11298,9295,6971,12869,4664,1779"
18771,18771,"3950,6220,8562,13346,4798,4277,8590,13306,5676,5545"
18787,18787,"4798,10326,4277,6971,275,2140,8562,6433,3950,8421"
18788,18788,"2218,3950,4798,12857,13346,8413,8562,10326,4413,4323"
18789,18789,"8562,2343,10326,13346,544,6220,769,12857,3428,7707"
18798,18798,"9942,6220,3950,8562,13346,12665,4798,1323,13296,5545"
18800,18800,"13249,8562,544,10326,3950,1290,12665,847,9942,4798"
18805,18805,"3950,8562,13296,5545,4413,9942,6220,544,1290,10326"
18806,18806,"7120,11298,1244,9962,9101,4664,12869,789,4576,10607"
18812,18812,"6971,6220,12665,2218,9942,10326,4798,2343,5303,8413"
18818,18818,"6659,1328,6528,10326,544,4798,1290,2875,9942,8562"
18830,18830,"5303,13346,3950,8562,6971,2140,4798,10326,2218,10916"
18835,18835,"1290,7120,1244,2989,9101,6971,4576,4798,4664,544"
18839,18839,"5495,6971,1355,566,544,1290,11622,9942,13346,10410"
18851,18851,"8562,6971,544,560,4798,1290,1007,2218,7138,10326"
18854,18854,"4798,10326,6971,8562,5303,13346,3950,6220,2218,12857"
18864,18864,"10326,3950,4798,4277,13346,8562,6971,217,544,2140"
18865,18865,"7707,544,8562,7063,10326,4798,1290,10429,9942,12665"
18874,18874,"11298,1290,544,4576,12869,7120,11024,9101,2989,1244"
18875,18875,"10326,4798,3950,2218,5303,2905,5461,2343,12857,8562"
18879,18879,"7679,7669,4576,9101,12869,11554,3464,8978,10389,544"
18882,18882,"544,1290,6220,2989,11298,4576,9101,12869,4664,11024"
18895,18895,"2218,6220,3950,13346,12665,5545,9942,13306,3055,6971"
18903,18903,"4798,10326,12665,4277,5303,6220,13346,8562,350,275"
18913,18913,"10326,4798,2343,13346,8562,4277,9693,64,544,10916"
18934,18934,"1290,7120,11298,1244,544,4929,9962,789,10663,12869"
18935,18935,"1290,6971,8590,5532,7120,5199,10835,2903,9532,2343"
18981,18981,"6220,8562,9942,3950,5303,6971,13296,2218,12665,2343"
18985,18985,"13346,10326,4798,6971,8562,9693,1290,2343,4277,2140"
18987,18987,"2916,9295,6243,12497,11298,544,1244,10326,296,12030"
18990,18990,"10326,6220,4277,13346,8562,5303,10077,4798,544,9404"
18996,18996,"4798,3950,2218,6220,8562,10326,6971,7707,5303,13346"
19010,19010,"10326,4798,4277,544,8562,13346,8421,217,5303,6433"
19016,19016,"1290,7120,2989,12869,9101,4576,11298,4929,9730,3464"
19018,19018,"8483,13346,6383,1328,8562,4798,544,10326,1290,9942"
19029,19029,"4798,5303,8562,2140,275,10326,8421,2218,8161,7138"
19060,19060,"6220,7679,5545,4576,7707,9942,2989,12606,12665,1355"
19069,19069,"1290,7120,544,11298,1244,5303,4929,6971,12869,8590"
19084,19084,"4798,10326,8562,4277,5303,13346,6971,12857,2140,6220"
19086,19086,"1290,7120,1244,2989,6220,11969,12665,4664,10389,12869"
19105,19105,"1290,7120,9295,4929,3464,10663,2916,8590,6971,11298"
19110,19110,"1290,1244,7120,11298,2989,544,12869,5135,9295,789"
19135,19135,"10326,544,1290,1081,4798,8540,9942,8562,4832,6952"
19144,19144,"8562,6220,8413,5303,10326,6971,9942,3950,544,12606"
19154,19154,"13249,544,9800,220,7063,6982,1290,10326,4798,3950"
19168,19168,"8562,10326,4277,3950,6220,4798,12857,544,6433,6326"
19173,19173,"1290,7120,2218,4929,5495,10663,8188,6220,8590,544"
19187,19187,"1290,7120,6220,7707,6971,9101,544,9942,4798,10326"
19216,19216,"3950,6659,6220,227,544,8562,1290,10326,9942,4798"
19227,19227,"6220,3428,2343,9942,13306,13110,10835,5676,7707,544"
19231,19231,"3950,13346,4798,5303,10326,2218,2140,8483,10916,6971"
19234,19234,"11298,1290,2989,1244,11024,4576,7120,1779,7679,9101"
19255,19255,"10326,4798,6220,3950,6971,5303,2218,2140,9942,8590"
19258,19258,"3950,5495,12470,9942,8413,4798,2140,2580,544,1290"
19266,19266,"1290,7120,6971,5303,8590,4929,10326,9942,544,9295"
19296,19296,"13346,4798,9942,6220,6795,8562,5532,6971,2537,6834"
19297,19297,"6659,6383,544,10326,1290,8562,4798,9942,11298,7120"
19308,19308,"3950,13346,3055,8562,5199,544,4602,2218,1290,8279"
19323,19323,"10326,544,1290,8562,4798,9942,11298,7120,6027,2989"
19346,19346,"4798,10326,6971,5303,6220,4277,2218,544,2343,8562"
19347,19347,"7120,4929,6220,6971,3950,8590,2916,4576,2989,10326"
19360,19360,"1290,7120,9942,9962,9295,544,4929,8554,10326,4798"
19364,19364,"7669,3464,1244,4576,11298,1290,2989,2957,7120,4163"
19378,19378,"3950,4798,13346,12857,10326,8562,5642,12665,9942,8590"
19379,19379,"4798,13408,5303,8562,6220,6971,1220,2140,2218,2343"
19380,19380,"10326,8562,4277,5303,11969,4798,544,6433,6220,12857"
19381,19381,"10326,4798,8562,4277,8421,12857,5303,10916,2140,13249"
19384,19384,"6220,8562,10568,8421,5303,10326,3950,9942,9340,544"
19385,19385,"13346,4798,6220,8562,3950,2218,7707,5545,6326,10326"
19388,19388,"1290,7120,11298,2989,1244,4929,4576,12869,9101,9295"
19406,19406,"10326,4798,4277,5303,544,275,6971,13346,2140,12857"
19408,19408,"2343,5199,5532,5495,10835,544,6971,9693,10326,2903"
19415,19415,"1290,544,11298,1244,7120,8978,11024,4576,9295,4664"
19417,19417,"13346,6971,64,3950,2218,4798,12665,9942,8562,7707"
19434,19434,"2343,9693,2989,64,9730,11298,2537,11024,6288,8978"
19441,19441,"10326,3950,4277,4798,5303,13346,8421,10594,717,12857"
19461,19461,"1290,7120,1244,4929,4576,10663,544,2916,4664,10607"
19474,19474,"3950,6220,9942,2218,13346,12665,8562,5545,89,5199"
19477,19477,"1290,7120,350,12053,544,11969,4929,9938,12497,9887"
19484,19484,"2989,1244,11298,8978,9101,11024,7679,4664,12869,10389"
19502,19502,"7707,6971,5495,12099,275,12665,5545,3428,544,6220"
19503,19503,"544,6220,6971,10326,4277,3428,89,13296,8562,5303"
19512,19512,"3428,3950,8562,50,13346,9942,10326,13110,3870,2218"
19515,19515,"7707,5875,975,8235,544,5545,1290,9942,9532,10326"
19518,19518,"1290,7120,2989,9730,4929,2218,9101,10663,4664,2916"
19530,19530,"10326,6220,8562,6971,13346,2218,13296,4798,5303,2140"
19559,19559,"1290,11298,12665,7120,9101,12869,4576,6971,11024,6220"
19576,19576,"6971,13346,4798,8922,5875,544,10326,1290,8235,8562"
19586,19586,"2343,9693,2903,3127,6834,6795,10326,64,1220,2537"
19594,19594,"1290,544,12665,7120,8590,1244,2218,3950,10326,6971"
19605,19605,"544,10429,2327,5976,8562,1290,12723,9570,10326,4798"
19618,19618,"3950,2218,6971,10326,5303,8562,9942,2140,4798,9404"
19620,19620,"4798,8562,6971,10326,5303,2140,6220,2218,7707,8413"
19623,19623,"4277,3428,350,8562,10916,9340,13249,810,13346,544"
19628,19628,"10326,4798,3950,4277,217,6971,13346,8421,8562,5495"
19631,19631,"7120,544,4929,4576,2989,1244,12655,4664,11298,11024"
19642,19642,"2343,9693,3950,6220,9942,12665,10326,5199,5495,5532"
19644,19644,"2218,2140,7063,544,1290,10326,4798,2291,9942,9306"
19648,19648,"7679,1290,11298,7120,1355,2969,5495,544,4798,337"
19665,19665,"8562,4277,6220,12665,10916,10326,10594,2777,4798,11272"
19683,19683,"1290,544,11298,1244,4576,9101,7679,11024,2989,3464"
19684,19684,"4277,10594,717,6433,217,8421,4323,9455,544,10326"
19693,19693,"4798,10326,4277,217,6220,13249,9340,8562,11000,9380"
19696,19696,"4798,3950,6971,5303,10326,6433,12857,8413,13346,9942"
19707,19707,"4798,6971,3950,10326,5303,12857,4277,8562,8421,6220"
19715,19715,"2343,9693,6220,64,5303,5532,4798,5495,544,9942"
19716,19716,"1290,7120,4929,1244,11298,9101,2916,544,13309,4664"
19729,19729,"1290,7120,8562,6220,4798,6971,10326,8590,5303,544"
19734,19734,"10326,8562,4798,13346,5303,2218,8590,3950,2140,12857"
19758,19758,"13346,3950,8562,544,1290,10326,12632,9942,4798,5460"
19764,19764,"8562,4798,6220,5303,2343,10326,13346,6971,9404,8421"
19773,19773,"1290,11298,2989,4576,9101,544,4929,1244,4664,11024"
19778,19778,"5495,3950,9942,2218,12470,6220,8562,3428,10326,1225"
19780,19780,"8562,6220,2218,3428,7707,13306,12665,89,13296,5545"
19784,19784,"544,6220,10326,8562,350,6433,4277,7707,50,12665"
19786,19786,"8562,4798,3950,4277,6220,13346,13249,8421,10916,2140"
19793,19793,"6220,10326,2218,3950,5303,275,4798,4277,8562,12857"
19798,19798,"4798,13346,10326,6220,544,4277,5495,5303,12665,3950"
19808,19808,"8562,4798,3950,6220,10326,6971,13346,13249,8413,6326"
19812,19812,"1290,7120,2989,1244,4929,12869,11024,4664,10663,7679"
19821,19821,"8562,10326,4798,3950,5303,13346,7707,6433,12857,5495"
19830,19830,"12869,9730,11298,1244,9962,1290,789,7120,9101,5135"
19843,19843,"1290,7120,12869,7669,2989,4929,11298,11554,4163,9101"
19867,19867,"6220,7707,1290,9942,13110,1863,8188,2343,10429,10326"
19889,19889,"8562,3950,13346,4798,6220,10326,12665,9942,217,8421"
19893,19893,"6220,8562,13296,7707,5545,8188,10326,11969,2218,4798"
19898,19898,"1290,7120,11298,4929,4576,9101,9295,12869,1244,11024"
19902,19902,"8562,2140,350,10326,544,1290,4798,1328,9942,11298"
19905,19905,"8562,4798,10326,8590,5303,10916,13346,4277,8421,2140"
19910,19910,"3950,8562,4277,4798,13346,10326,8421,6220,10077,217"
19929,19929,"10326,8562,6220,4798,544,4277,13346,12665,5303,8483"
19932,19932,"1290,11298,1244,7120,4576,12869,10389,7679,1779,9730"
19952,19952,"10326,8562,4798,9942,3950,6220,8421,13346,6971,6433"
19956,19956,"8421,13110,8562,544,1290,10326,8483,3950,9942,7232"
19987,19987,"8562,4798,10326,13346,5303,8421,10916,8161,3950,12857"
20008,20008,"544,4798,8562,1290,4277,6971,12665,11969,6220,8590"
20018,20018,"3950,8562,4798,2218,8413,6220,9942,13346,10326,6326"
20019,20019,"1290,7120,544,4277,5303,4929,6220,8413,10326,4798"
20020,20020,"1290,7120,4929,10663,2916,12497,544,11298,6243,10326"
20023,20023,"13346,3950,4798,10326,13249,9942,8562,3577,6326,12665"
20031,20031,"6220,8562,2218,5545,544,7707,13296,9942,4798,8188"
20039,20039,"8562,6220,9942,12665,13346,2343,5545,8413,3950,3428"
20040,20040,"9942,6220,5303,3950,4798,227,5495,544,12665,3571"
20041,20041,"12470,8562,6220,544,8188,2218,7707,13346,2989,5545"
20045,20045,"3950,13346,4798,10326,8562,6220,8421,6326,12665,6971"
20056,20056,"1290,6220,4798,7120,11298,9101,6971,544,2989,12665"
20069,20069,"10326,4798,2218,13346,2343,6220,3950,5303,9942,13306"
20074,20074,"6220,6659,3428,8562,9942,5545,13296,3870,13110,5303"
20083,20083,"3950,8562,2218,13346,13249,6220,5545,5676,544,10326"
20085,20085,"1290,11298,11024,4664,12869,7679,11918,9730,1779,9962"
20086,20086,"5303,6971,6220,8413,544,3870,7707,1290,3950,2140"
20089,20089,"8562,6220,3950,2218,13346,13249,13296,7707,8681,4277"
20101,20101,"6220,5303,4798,9942,3950,89,8590,3055,2218,12665"
20104,20104,"8911,5760,2034,544,1290,10326,4798,8257,449,9942"
20112,20112,"8562,6220,9942,544,3950,12665,13346,4798,4277,5303"
20115,20115,"3950,6220,8562,4798,2903,10326,3428,3055,9942,8421"
20133,20133,"1290,7120,12869,11298,789,1244,5135,4929,9730,9101"
20136,20136,"2343,10326,9693,4798,4277,544,8562,1220,2140,217"
20138,20138,"1244,1290,11024,7120,9962,11298,789,5135,9295,7679"
20162,20162,"3950,6971,10326,4798,717,8421,2140,5199,5303,13346"
20176,20176,"4798,6971,544,2218,6220,10326,275,2140,8562,9942"
20200,20200,"10326,4798,8562,2140,5303,275,6971,2218,13346,4277"
20222,20222,"9306,4798,544,1290,10326,9942,8562,13214,11298,7120"
20251,20251,"1290,10326,544,7120,4798,6971,5303,2218,8590,6220"
20256,20256,"12470,2218,5303,5199,12668,12099,10594,10326,544,5885"
20264,20264,"10326,4277,8562,5303,4798,6433,12665,6220,350,12857"
20280,20280,"4277,8562,4798,10326,13249,217,10916,8421,6433,9340"
20286,20286,"6220,7707,1290,13296,2989,544,11298,10429,1863,7120"
20323,20323,"1290,7120,11298,4929,9962,789,10663,9295,5135,9101"
20324,20324,"1290,7120,4576,544,4929,6220,6971,7707,10663,9942"
20336,20336,"11298,9693,1290,9101,544,6220,4576,12665,9730,1244"
20339,20339,"3950,8562,9942,6220,8413,4798,13346,2218,3055,3870"
20344,20344,"1290,7120,6971,5303,2989,5495,544,9295,10326,4798"
20356,20356,"8562,10326,6220,9942,3950,12665,4798,3428,5545,7707"
20360,20360,"1290,7120,6971,4929,2343,544,9295,4798,10326,9942"
20362,20362,"2343,9693,5532,5199,2537,10835,4798,10326,5303,5495"
20376,20376,"13346,4277,10077,3950,2140,13249,8562,10326,11384,350"
20381,20381,"2218,6971,6220,5303,5676,7707,8562,10326,544,12665"
20394,20394,"7120,11298,4576,1244,4929,544,2989,6971,11024,10663"
20397,20397,"8562,6220,12665,1779,7707,544,1355,5545,9942,5495"
20407,20407,"3950,3428,6659,6220,13346,9942,4798,7707,3870,3799"
20413,20413,"1290,11298,7120,1244,2989,11024,12869,9730,4576,4929"
20433,20433,"1290,7120,1244,11298,9962,789,5135,4929,9101,10663"
20448,20448,"544,5303,810,2140,7792,9330,1889,1290,7120,9553"
20492,20492,"4798,6220,2343,8562,10326,5545,3055,6326,9693,8590"
20505,20505,"1290,7120,11298,1244,9101,4576,12869,2989,4929,10389"
20512,20512,"10326,8562,13346,4798,12857,3950,2218,5642,10916,6326"
20514,20514,"10537,544,13013,1290,12453,10326,4798,4181,1706,9942"
20533,20533,"4277,217,350,2218,5303,4798,1328,13346,5109,12857"
20543,20543,"1290,7120,5303,2989,6220,2140,8421,717,6971,12404"
20546,20546,"12857,10326,4798,717,8161,8421,4277,13249,10594,6433"
20557,20557,"4798,8562,3950,10326,3428,5303,13346,9942,544,2218"
20558,20558,"10326,4798,12857,3950,9602,544,2882,1290,3673,10594"
20561,20561,"12665,6220,13346,3950,2218,3428,5545,8562,9942,8483"
20566,20566,"1290,11298,7120,6220,4576,10389,6971,11969,544,1244"
20573,20573,"2989,11298,1290,544,1244,10326,4798,7120,9942,11024"
20623,20623,"1290,7120,4929,10663,6971,8590,8922,4798,544,12497"
20627,20627,"1290,544,10326,4277,9730,7120,6220,6971,8562,5303"
20643,20643,"4798,6971,10326,5303,2140,8161,275,8421,8562,13346"
20645,20645,"1290,11298,7120,9101,1244,4576,12869,789,11024,5135"
20652,20652,"8562,13346,4798,717,12857,4277,3950,8421,12470,10916"
20654,20654,"10326,4798,4277,8562,3950,13346,6433,217,8421,717"
20667,20667,"6971,1290,89,2989,2903,7120,544,10326,4798,3055"
20670,20670,"3950,13408,544,1290,10326,11467,9942,8562,4798,5264"
20671,20671,"10326,8562,4798,2218,3950,6971,5303,544,12665,13346"
20676,20676,"9942,13346,5303,3950,2343,2140,2218,10326,12404,544"
20694,20694,"1290,544,7120,4277,12665,5303,6220,4576,8562,350"
20709,20709,"10326,5495,4798,12470,5303,3950,6971,6220,2140,8413"
20716,20716,"5303,4798,8562,8205,10916,2218,544,10326,1290,13346"
20739,20739,"5303,2218,13296,64,3565,50,5495,9693,10326,217"
20763,20763,"2343,544,9693,6971,6220,10326,5199,12665,2140,5303"
20779,20779,"1290,11298,1244,7120,4576,11024,544,10607,2989,4664"
20781,20781,"9942,2218,6220,6971,7707,5545,8413,5303,1220,12665"
20790,20790,"1290,6971,9295,7120,789,544,6126,9962,11298,6991"
20792,20792,"4798,10326,12857,8421,10916,5303,3950,717,4277,6971"
20797,20797,"4798,13346,10326,5303,2218,8562,4277,8590,6971,2343"
20811,20811,"9942,6220,3950,6971,5303,3428,13346,4798,2140,1598"
20821,20821,"1290,7120,1244,11298,4929,11024,12869,9101,4576,10663"
20830,20830,"4798,4277,8562,10326,10594,6383,1912,8421,9580,8161"
20861,20861,"2343,6220,9693,6971,8590,5676,544,5545,10326,2903"
20878,20878,"9942,6220,11298,1290,6971,1244,9101,9730,7120,544"
20891,20891,"8562,5875,544,9942,1290,10326,4798,11298,5524,12665"
20895,20895,"6220,8562,3950,5495,2218,13346,5545,8413,4798,9942"
20901,20901,"4798,10326,2343,8562,6971,6220,4277,5303,544,13346"
20908,20908,"10326,8562,4798,4277,2343,3950,5303,275,544,6220"
20928,20928,"1290,7120,4929,9962,789,10663,544,12030,8302,10326"
20945,20945,"6220,9942,6659,3428,8562,5303,544,5495,12665,13296"
20971,20971,"4798,10326,8562,4277,6433,13346,13249,10916,8421,6326"
20979,20979,"4798,10326,8562,6971,5303,4277,2218,3950,2140,13296"
20982,20982,"5303,6433,8421,4798,10326,9340,10594,12857,544,217"
20991,20991,"10326,8562,13346,2140,5303,6220,6326,9942,12665,3950"
20998,20998,"9942,3950,6220,5495,5545,3428,1225,13346,13296,12665"
21006,21006,"3950,9404,5495,5199,2343,5532,4798,8562,5999,2903"
21018,21018,"6971,5303,8161,2140,4798,10326,6515,544,8421,1290"
21028,21028,"6220,8562,8188,5495,8413,9942,5545,4798,3950,6659"
21041,21041,"8562,3950,10326,6433,13346,4798,10916,8413,12857,9404"
21042,21042,"2343,9693,6795,5199,5532,9532,5495,2903,3127,6220"
21064,21064,"1290,7120,11298,4929,9962,544,10607,9101,4576,10663"
21075,21075,"6971,2343,544,12665,3950,5199,5303,89,5532,9532"
21078,21078,"10326,3950,8562,13346,9942,2218,5545,3870,3428,13296"
21081,21081,"2218,5303,12470,5495,3950,6220,5199,5532,3055,1746"
21084,21084,"8562,6220,3950,10326,6971,4798,3428,5545,13296,12665"
21089,21089,"4277,10326,4798,10594,8562,350,8421,217,5303,8161"
21112,21112,"1290,7120,1244,2989,4929,4576,9101,544,11024,10663"
21126,21126,"3950,13346,8562,544,9942,1290,4798,10326,5642,11298"
21129,21129,"1290,7120,6971,4929,12869,10663,11298,5303,9295,2916"
21130,21130,"2343,10326,9693,6220,9942,13346,3950,64,6795,9532"
21137,21137,"3950,6220,8562,6971,6433,5303,2411,2343,10326,13346"
21149,21149,"5495,8562,2343,3950,13346,9942,4798,6220,10326,12470"
21152,21152,"10326,6220,8562,4798,5303,2218,3950,6971,12665,4277"
21177,21177,"8562,4798,3950,13346,4277,10916,350,10326,2905,544"
21191,21191,"7120,4929,10663,12497,6971,2916,6243,544,4798,10326"
21200,21200,"3950,10326,2218,9942,1328,5545,8562,3428,5676,2140"
21204,21204,"10326,4798,4277,8562,5303,3950,717,217,1978,544"
21221,21221,"5495,6220,2218,6971,12470,1290,8562,3950,5303,8590"
21228,21228,"1290,7120,11298,544,6971,2218,4929,9101,12665,8590"
21249,21249,"5495,10326,275,5303,544,2140,4798,1978,5199,350"
21256,21256,"3950,6220,8562,9942,4798,544,1290,3055,10326,11396"
21261,21261,"3950,8562,13346,4798,2218,6326,10326,8413,8483,12857"
21279,21279,"10326,544,6220,4798,2343,12665,5545,275,7707,1290"
21282,21282,"1290,7120,11298,1244,9101,2343,4576,4664,11024,544"
21305,21305,"4277,10326,717,8562,4798,6433,8421,13249,13346,544"
21307,21307,"10594,544,13110,5734,13249,12152,1290,10748,5040,10326"
21315,21315,"810,5642,1574,13346,10100,11094,8505,2343,10063,544"
21342,21342,"544,7120,2989,11298,9101,6971,4576,12869,1244,4929"
21347,21347,"10326,4798,3950,6220,13346,4277,5303,5495,8562,544"
21357,21357,"8562,7707,544,1290,8188,9101,10429,9942,6220,1244"
21358,21358,"10326,6971,9532,5532,544,5199,2218,5495,2343,2903"
21368,21368,"1290,789,9962,6971,11298,7120,5135,544,1244,10326"
21372,21372,"1290,7120,11298,4576,9730,9101,544,2989,1244,11024"
21373,21373,"9942,3950,2218,4277,13306,3428,5199,12470,9404,12665"
21383,21383,"7120,544,9101,11298,2989,2343,9693,4929,1244,10663"
21393,21393,"6220,9942,8562,3950,2218,5545,5303,7707,13346,3428"
21415,21415,"1290,7120,6971,9295,4929,8590,11298,1244,3697,544"
21421,21421,"1290,8562,6220,4929,4576,9101,9942,10663,12665,2343"
21433,21433,"4798,6971,275,5303,2140,10326,544,5676,3950,8562"
21449,21449,"544,10326,3950,4798,4277,2343,5303,12665,13346,350"
21483,21483,"10326,9942,6220,8562,3950,13346,4277,4798,2218,5303"
21488,21488,"4798,8562,10326,3950,13346,8421,5303,2140,6326,3055"
21518,21518,"2989,3428,544,1244,9101,8978,4576,11298,12869,9942"
21528,21528,"12470,6220,8562,2218,3950,7707,5303,13346,3428,12665"
21536,21536,"1290,7120,11298,1244,4929,4576,11024,2989,544,9730"
21585,21585,"8562,4798,6220,9942,5495,13296,7707,2218,5545,5303"
21598,21598,"1290,11298,7120,2989,9101,9730,6971,2343,544,4664"
21602,21602,"3950,8562,12665,5303,6220,3055,13346,8922,9942,544"
21604,21604,"4798,5495,5303,12793,544,10326,8562,1290,9942,2291"
21626,21626,"544,2218,12665,1290,5866,9119,8598,10326,11298,8215"
21636,21636,"12665,3950,9942,2343,13315,9532,13346,544,2989,10835"
21649,21649,"7120,4929,10663,2916,6243,3697,12497,12030,544,5573"
21650,21650,"1025,544,1290,10326,12859,4798,2650,10182,9942,76"
21655,21655,"1290,7120,11298,12869,9101,4576,4664,1244,11024,544"
21662,21662,"11298,1290,12869,1244,9101,4576,11024,7120,10389,9295"
21681,21681,"1290,7120,11298,1244,4929,9101,544,4576,10663,12869"
21686,21686,"2140,350,1328,544,10326,2411,7063,4798,1290,7484"
21699,21699,"13346,3950,6220,8562,5303,2218,12665,6971,9942,4798"
21702,21702,"1290,7120,11298,1244,9730,4576,2218,9295,544,10607"
21709,21709,"4798,10326,3950,8562,13346,6971,12857,2218,8421,5303"
21718,21718,"4798,3950,10326,8562,5303,12857,4277,13346,8421,6433"
21719,21719,"4798,10326,4277,5303,8421,8562,8161,717,13346,12857"
21724,21724,"8562,6220,3428,3950,10326,13306,4798,13346,2218,12665"
21741,21741,"2989,1290,544,11298,1244,4576,7679,11024,9101,4664"
21746,21746,"1290,11298,7120,1244,9101,544,11024,9962,12869,3464"
21751,21751,"3950,8562,9942,6302,544,13346,1290,10326,4413,4798"
21754,21754,"4277,12857,13346,4798,6433,10326,8562,13249,8421,217"
21768,21768,"3950,4798,12665,2218,6971,10326,6220,7707,13346,13296"
21775,21775,"9942,6220,544,5199,8562,1290,10326,10429,4798,5495"
21781,21781,"11298,2989,11024,9730,12995,12869,4664,7342,1779,4576"
21789,21789,"7120,11298,1244,4576,4929,11024,9101,544,2989,6971"
21795,21795,"3950,2140,4798,8922,5495,8562,10326,6971,3055,544"
21812,21812,"3950,8562,8413,13346,3055,2218,3340,544,9942,12665"
21814,21814,"10326,4798,5303,6971,8562,13346,12857,6326,10594,2140"
21820,21820,"3950,10326,4798,8562,6220,12665,2140,6971,2218,12857"
21827,21827,"10326,4798,9942,6220,8562,2218,4277,5303,6971,717"
21838,21838,"8562,6220,13296,7707,8188,1355,10326,9942,3428,5545"
21855,21855,"2343,9693,5532,64,6795,5199,5495,544,9942,1290"
21881,21881,"4798,10326,13346,12857,64,275,717,8413,3950,2140"
21884,21884,"8562,6220,10326,9942,13346,4798,12665,6971,5545,10916"
21889,21889,"1290,7120,544,6971,10326,6220,4929,1244,9942,8590"
21896,21896,"6220,10326,4798,5303,544,4277,8562,7707,2140,217"
21902,21902,"10326,4277,8421,10916,3950,6971,4798,13346,217,8161"
21916,21916,"10326,4798,544,4277,6971,5303,8562,8421,2218,1328"
21927,21927,"1290,11024,7120,11298,9962,789,5135,10607,1244,544"
21938,21938,"4277,10326,12857,4798,217,13249,13346,8421,6433,6971"
21948,21948,"4277,810,6433,10326,10594,9245,13346,4798,544,1290"
21952,21952,"1290,7120,4929,10663,9295,6243,544,2916,11298,12030"
21954,21954,"2343,6795,5532,9693,5199,4798,10835,6971,2903,8562"
21955,21955,"9942,3950,544,5303,8562,6659,6220,10326,11969,11484"
21978,21978,"6220,8188,544,4798,9942,10326,1290,7707,13296,12606"
21983,21983,"1290,544,7120,11298,2343,9101,6220,9693,4576,6971"
22004,22004,"10326,1290,2343,5303,7120,6971,5495,4798,9693,5199"
22007,22007,"1290,7120,11298,4576,3464,12869,4929,11024,9730,10663"
22014,22014,"6220,9942,3950,5545,8413,2218,3428,8562,12665,10453"
22020,22020,"8562,12665,6220,4798,10326,13346,3950,8413,12857,2140"
22052,22052,"10326,4798,8421,12857,11000,8161,10594,5303,217,13249"
22056,22056,"8562,3950,5495,2218,12665,1323,6220,9942,6302,3428"
22064,22064,"8562,10326,7707,544,4798,2343,3950,8205,10429,1290"
22072,22072,"10326,4798,8562,2218,4277,6220,13296,3950,7707,13249"
22074,22074,"8562,4798,10326,4277,5303,8421,13346,12665,10916,11000"
22102,22102,"9942,13346,3428,3950,6220,5545,1889,13306,4798,544"
22110,22110,"4798,8562,10326,6220,13346,3428,3950,9942,217,1328"
22111,22111,"544,10326,4798,5303,4277,8562,8483,717,2140,8421"
22119,22119,"8562,6220,12665,5495,8413,6971,7792,5545,1290,5532"
22125,22125,"3950,4798,8413,6302,3055,13346,8562,544,1290,10326"
22150,22150,"10326,4798,5303,6971,5199,544,5495,3950,8922,8590"
22151,22151,"1290,7120,6971,9295,4929,4277,1244,8590,11298,544"
22154,22154,"1290,7120,4929,1244,11298,10663,544,8703,9101,2989"
22213,22213,"9942,6220,2218,3950,5545,6659,3870,12470,217,13110"
22256,22256,"544,2343,1290,11298,13346,7120,4576,6220,2989,9101"
22258,22258,"4277,5303,5495,8421,4798,275,217,10326,8562,13346"
22265,22265,"8562,6220,3950,10326,12665,5495,2218,13346,6971,4798"
22279,22279,"6220,2343,8562,3950,89,9942,13296,13346,5532,5545"
22280,22280,"6220,8562,10326,9942,8590,544,4798,5485,12470,5495"
22283,22283,"2343,9693,1290,7120,544,10326,4798,9942,8562,11298"
22286,22286,"6220,3950,8681,5545,3428,8413,3870,9942,7707,5676"
22288,22288,"2343,13346,8562,4277,10326,810,5199,5303,9942,10835"
22321,22321,"1290,11298,7120,11024,1244,9730,2989,4576,9101,7679"
22336,22336,"4798,8562,10326,13346,6220,3950,5303,2140,12665,4277"
22344,22344,"5303,3950,6971,4798,13346,2905,2218,10326,544,1290"
22353,22353,"9453,544,6659,10326,9942,1290,4798,7862,10352,12665"
22356,22356,"4929,9295,1244,12497,6971,2916,11298,9962,544,3697"
22387,22387,"10326,4798,5303,6971,6433,13346,544,2140,10916,8562"
22427,22427,"6971,3950,1290,8562,544,4413,9942,10326,4798,12665"
22428,22428,"1290,2343,9101,7120,11298,9693,9730,9295,9962,4576"
22449,22449,"11298,11024,4576,9101,4664,7679,12655,12995,1290,10137"
22452,22452,"544,13296,6220,7707,9942,11298,8188,10429,1863,9101"
22460,22460,"7679,4163,7669,1371,12869,2957,1290,10674,9330,1558"
22467,22467,"1290,7120,10326,4929,544,4798,1244,11298,6971,10663"
22480,22480,"1290,7120,544,1244,9101,9962,4929,11298,789,2989"
22481,22481,"4798,10326,5303,6971,8562,9942,275,6220,2140,3950"
22484,22484,"9942,3950,5303,8562,4798,11572,10326,10594,10916,2905"
22489,22489,"2343,9693,9942,5532,2537,6834,9532,10835,64,3127"
22502,22502,"9101,4576,1244,1290,7679,11298,10389,7120,3427,9330"
22510,22510,"1290,11298,7120,4576,12869,9101,9730,2989,1244,11024"
22511,22511,"1290,7120,6220,1863,544,10429,9942,4798,1244,10326"
22514,22514,"4798,10326,6971,5303,9693,8483,1290,2343,8421,2140"
22520,22520,"1290,7120,4929,10663,544,10326,5573,6133,4798,9942"
22546,22546,"6971,4798,2140,6326,8205,13346,544,10326,1290,8562"
22551,22551,"3950,8562,2218,9942,6220,8413,5545,3428,3055,12665"
22582,22582,"11298,1290,7120,11024,4576,3464,1244,9295,8978,1779"
22595,22595,"9942,6220,2218,2343,9693,12665,13296,5545,64,5676"
22597,22597,"4798,10326,13346,8562,8421,13249,1978,10916,9942,544"
22605,22605,"3950,8562,4277,9942,3428,13249,217,12470,9768,11010"
22618,22618,"544,4798,1290,7120,9942,12869,2343,9693,7707,11969"
22641,22641,"544,4277,4798,10326,717,10077,8421,8562,11969,350"
22645,22645,"8562,4277,217,350,10326,4798,9178,9340,652,544"
22660,22660,"8562,4798,3950,6220,10326,13346,2218,13249,5303,8483"
22666,22666,"3950,6220,9942,10326,8562,3428,4798,2140,2411,8483"
22674,22674,"7120,1244,4929,9101,4576,11298,9730,4664,11918,9962"
22678,22678,"1290,7120,11298,4576,544,6220,11024,1244,2343,12665"
22697,22697,"1290,11298,11024,7120,9730,1244,7679,544,9960,11775"
22698,22698,"3950,2218,5495,13346,6220,9942,5303,7707,3428,13315"
22705,22705,"1290,544,6220,6971,4798,7120,10326,5303,8562,8590"
22710,22710,"2343,5676,9693,4277,3127,10326,544,5495,10835,4798"
22714,22714,"3950,2218,8562,13306,3055,13346,3992,2905,544,6220"
22715,22715,"6220,4798,3950,2218,13296,3055,5545,5199,8562,9942"
22720,22720,"8562,6220,5495,4277,3950,2343,13346,4798,10326,5303"
22734,22734,"2218,8562,4798,5303,6971,10326,1290,544,6220,13296"
22735,22735,"6971,8562,4798,5303,2218,10326,3950,2140,8421,8161"
22736,22736,"8562,4798,10326,6971,5303,2218,13346,6220,2140,3950"
22747,22747,"544,8562,6220,10326,4277,7707,2343,5545,9455,4798"
22748,22748,"4798,10326,6971,1290,2140,544,7120,8562,9942,13296"
22759,22759,"2343,9693,13346,2218,13306,5303,3950,6220,4798,6795"
22761,22761,"2218,3950,4798,10326,5199,8562,5303,6220,6971,2343"
22774,22774,"10326,8562,6971,5303,6220,9942,4798,8188,12665,8590"
22783,22783,"2218,6659,7707,8562,8590,3055,6220,2989,544,3992"
22830,22830,"544,5495,9693,6220,12470,5676,5303,13346,10326,4798"
22831,22831,"7120,11298,4929,1244,10663,2916,789,4576,3697,5135"
22846,22846,"544,10326,8562,4798,6971,6220,2343,275,5303,13346"
22850,22850,"1290,7120,789,9962,1244,5135,11298,544,3737,9942"
22883,22883,"2218,8562,6971,5495,4798,9942,6220,544,3950,1290"
22887,22887,"10326,4798,13346,6220,544,9693,6971,4277,3950,5303"
22893,22893,"8562,2218,4798,6220,12857,9942,3428,5303,13296,12665"
22905,22905,"2343,6220,8562,4798,13346,9693,5545,11969,3428,544"
22923,22923,"6220,8562,2218,4798,3950,10326,5303,4277,9942,13346"
22956,22956,"10326,3950,4798,8562,717,13346,217,6326,12857,13249"
22964,22964,"6220,5545,13296,8562,544,10326,1863,9942,4798,1290"
22972,22972,"11298,1290,9101,1244,12869,7679,7120,2989,4664,10607"
22985,22985,"6971,4798,1290,544,10326,8562,12665,9942,11298,7637"
23011,23011,"10326,4798,4277,544,350,717,8562,8421,217,12857"
23027,23027,"11298,11024,2989,9101,4576,7679,1290,9730,544,1779"
23036,23036,"6220,9942,10326,3950,4798,6971,8562,2218,13346,5545"
23038,23038,"8562,13346,9942,6220,3950,5495,3428,6971,5545,2218"
23046,23046,"10326,1290,6971,11298,2218,1244,9101,7120,5303,4798"
23051,23051,"2218,8413,12857,5303,4798,4277,5199,5495,9340,3950"
23057,23057,"544,1290,10326,4798,9942,8562,11298,2770,7120,12204"
23062,23062,"7679,11298,12869,11024,1244,4163,1290,9330,9101,4664"
23069,23069,"8562,3950,4798,13346,6220,6971,5303,10326,5495,12665"
23078,23078,"6220,2343,12665,5545,5495,3565,2218,5199,544,7707"
23113,23113,"6220,3950,2218,8562,4798,13346,6971,8413,9942,5532"
23121,23121,"1290,11298,4664,1779,7120,544,10326,9942,4576,4798"
23123,23123,"8562,4798,2218,3950,4277,5303,13249,10326,6220,8161"
23136,23136,"13346,10326,6971,5495,8562,4798,5303,2140,8421,9942"
23138,23138,"4798,3950,9942,10326,8562,6220,4277,13346,6971,2218"
23140,23140,"10326,1290,4798,12665,6971,8562,5303,544,6220,89"
23170,23170,"10326,4798,3950,4277,13346,5303,6220,8421,1328,350"
23173,23173,"1290,7120,544,11298,1244,2989,5303,9101,10326,2343"
23179,23179,"2343,6220,544,5303,6971,3950,10326,2218,810,7707"
23196,23196,"4798,8562,6220,3950,13346,10326,4277,5495,6433,12665"
23199,23199,"2218,9942,3950,6641,6220,1404,5495,544,5199,4674"
23216,23216,"4798,6971,5303,8562,10326,3055,717,275,544,2140"
23226,23226,"8562,5495,13346,12470,2218,3950,217,11384,4798,9942"
23233,23233,"10326,5303,8562,8590,2218,4798,8421,6659,1290,544"
23253,23253,"2343,9693,6220,6971,3950,3055,10835,12665,13346,9404"
23281,23281,"1290,7120,11298,9730,544,9962,7669,4664,9101,5969"
