ID,user_id,item_id
12,12,"10326,4277,5303,4798,13346,12857,2140,3950,8421,8562"
14,14,"6220,10326,6971,4798,9942,8562,1290,13296,544,7120"
17,17,"1328,10326,4798,544,1290,6659,1221,9942,8562,1261"
21,21,"10326,4798,6220,544,2343,8562,2140,8421,9072,9942"
44,44,"1290,11298,7120,9101,11024,1244,9295,10607,12869,4664"
55,55,"10326,4798,8562,544,2218,13296,13249,6659,6326,6220"
56,56,"2343,13346,6971,5532,9693,3055,4798,8922,544,1290"
58,58,"10326,4798,6971,544,6220,8562,2140,4277,5303,6433"
59,59,"4798,10326,3950,12665,6220,13346,2218,6971,7707,5303"
79,79,"8562,4798,2343,13346,6220,10326,3428,9693,3950,544"
81,81,"1290,7120,11298,9101,544,4576,6971,4929,9295,1244"
85,85,"4798,10326,13346,6220,8562,6971,2140,3950,544,5303"
92,92,"11298,1290,4576,11024,1779,10607,4664,7120,9101,4036"
97,97,"3950,12665,13346,9942,8413,8562,4602,10326,3055,931"
100,100,"4798,12857,6433,5642,10916,13346,6326,5303,10326,8562"
112,112,"6220,2218,3950,6971,10326,6383,275,2140,8562,9733"
122,122,"10326,4798,4277,3950,217,717,13346,6220,9942,10568"
133,133,"4798,2343,544,9693,11969,1323,9532,4576,8483,6795"
141,141,"1290,6220,7120,544,13296,1863,10326,9942,4798,8562"
144,144,"9295,6954,12655,544,1290,12449,816,13330,5238,10326"
149,149,"1290,7120,3464,11298,4929,7679,9295,4576,4664,7669"
153,153,"10326,6220,3950,4798,13296,6971,8562,13249,8421,7707"
166,166,"2343,9532,89,2903,8188,6971,544,1290,5001,10326"
220,220,"6220,4798,8562,8413,6326,9942,2140,8483,13346,12665"
231,231,"3950,2343,9693,13346,9404,9532,3507,8562,1404,5532"
262,262,"1290,4798,6971,4277,7120,5303,9602,2140,6433,10326"
274,274,"6220,544,6971,2218,3950,10326,2140,8590,4798,1220"
277,277,"2343,1290,4576,12665,13346,4798,13306,89,10326,9101"
281,281,"1290,7120,6971,4929,10663,9295,544,12497,11298,5135"
291,291,"217,2140,2218,717,8421,4798,10326,12857,11384,5642"
300,300,"10326,6220,544,8562,6971,5303,2218,4798,2140,13296"
310,310,"3950,4798,5303,8562,12857,6326,13346,1328,4277,10326"
332,332,"5495,12470,8188,3565,13306,609,544,1290,9762,10326"
344,344,"10326,8562,4277,217,4798,8421,6433,12857,10594,13249"
359,359,"1290,544,7120,6220,9101,11298,4576,2989,1244,6971"
380,380,"5495,5532,5199,2903,10835,544,6795,1290,4798,5999"
386,386,"6220,9942,8562,3950,12665,3428,544,13296,4277,6971"
426,426,"13346,3950,12665,8562,5495,89,3055,8483,6220,5199"
436,436,"4798,10326,4277,6971,3950,12857,8562,2140,6433,10916"
453,453,"544,6220,6971,8562,89,5545,2218,13346,13296,4798"
461,461,"544,7120,10326,4798,9101,1244,11298,4929,4277,11969"
464,464,"4798,2140,13346,10326,544,1290,6588,8562,9942,2291"
473,473,"5495,13346,12470,9942,2218,544,12665,1290,10326,896"
481,481,"10326,6220,4798,217,350,717,6383,8421,10077,1978"
490,490,"4277,275,10326,350,9178,9340,544,7138,4798,9234"
494,494,"4798,6220,8562,10326,6971,3950,12665,89,13346,8421"
497,497,"1290,7120,2989,12869,7679,7669,1244,12655,11554,11024"
510,510,"2343,3950,13346,3428,544,64,5532,9942,10077,4277"
511,511,"4798,6220,10326,8421,12857,717,8161,8562,4277,544"
512,512,"1290,544,9693,7120,9101,4576,11024,2343,11298,5532"
524,524,"1290,7120,4929,12869,9295,1244,9962,11298,10663,2989"
525,525,"10326,544,4798,8562,6971,11969,3950,4277,12665,9942"
545,545,"8562,8421,4798,8161,544,10326,1290,217,8483,9942"
560,560,"10326,8562,3950,13346,6220,4798,3428,8421,1328,544"
564,564,"2343,9693,6795,275,6220,6834,10835,5532,64,544"
566,566,"2343,5303,8483,13346,5642,5866,8590,11540,5485,4798"
568,568,"4277,217,2218,13346,6220,10326,3428,11000,5495,13296"
570,570,"8562,7707,6220,13296,544,10429,2218,1290,4798,10326"
573,573,"13346,4277,12857,6433,3950,8562,2140,10077,10916,217"
594,594,"8562,4798,10326,6220,3950,13346,5303,2140,13249,4277"
601,601,"4798,10326,6971,12665,2343,2218,1290,275,5303,13346"
605,605,"2905,12611,5495,544,4798,1290,10326,8562,5999,9942"
641,641,"9942,6220,13346,5495,3428,2218,12470,13306,4798,3950"
650,650,"2218,3950,6220,5545,9942,12665,4798,4277,5303,714"
675,675,"6220,12665,6971,8562,9942,4798,275,5545,2411,12404"
677,677,"1290,7120,4929,10663,3697,789,9962,2916,544,12497"
679,679,"10326,9942,6971,4277,544,2218,217,5676,5303,12665"
683,683,"9245,5610,8746,544,1290,8572,10326,4798,4113,13097"
687,687,"6220,544,2218,8562,13346,3950,1290,275,10326,13296"
705,705,"5303,275,4277,12404,544,64,9340,4798,350,10326"
708,708,"1290,544,7120,6971,11298,11024,1244,4664,6220,9730"
712,712,"8562,3950,9942,4798,5545,13306,5495,5199,12857,3055"
715,715,"4798,5303,13346,4277,10326,2140,544,6971,1290,9942"
728,728,"1290,7120,9101,544,11298,4929,9962,12869,10663,2989"
743,743,"2343,544,12665,13346,89,5532,9693,6659,2903,6971"
753,753,"6220,5545,544,3870,8413,4413,9942,3428,1290,8333"
757,757,"4798,10326,5303,8562,6220,12857,1220,8421,3950,3870"
768,768,"8562,8413,5495,3950,13346,5642,9404,3428,2218,5545"
797,797,"2343,5532,10835,6795,64,12665,5866,6834,10568,544"
813,813,"12665,8562,1290,9942,544,10326,4798,4205,8703,7120"
832,832,"1290,7120,11298,4929,10663,6971,1244,9730,9962,9101"
833,833,"8562,3950,6220,4798,5303,2140,13346,10326,6433,6326"
844,844,"13346,12665,6220,4277,2218,6971,2140,1323,217,5545"
858,858,"10326,6220,544,4277,11969,1244,8590,9942,6971,4545"
874,874,"12869,11298,4576,9730,11024,12995,12665,2874,10389,9072"
875,875,"10326,8562,12470,13346,6971,6220,4277,5303,2218,2140"
892,892,"4798,6220,8562,2140,10326,6971,544,1290,9942,7707"
897,897,"3950,9942,5532,12665,544,5524,4602,931,1290,10326"
912,912,"1290,7120,6971,10326,5303,4798,8590,4929,8562,2218"
924,924,"13306,7707,13296,6220,9942,4798,5485,6326,8188,12606"
926,926,"6220,544,10326,13296,6971,1290,12665,7792,8562,4798"
933,933,"10326,2140,12404,12665,4798,9178,6220,544,275,3950"
944,944,"8562,6220,13346,12665,9942,13296,3950,89,2343,8413"
951,951,"5495,4798,6971,5303,2218,12470,2140,13408,8562,9942"
974,974,"544,8562,6220,3428,6659,13296,7707,5545,10326,8681"
1010,1010,"9306,544,4798,1290,10326,383,13214,9942,12871,8562"
1013,1013,"12665,89,6971,2343,8562,544,7983,7024,1290,2218"
1016,1016,"1290,9942,7120,6971,5303,8590,6220,2218,4929,8562"
1023,1023,"1290,7120,6220,11024,89,13296,6971,12665,5545,11298"
1035,1035,"1290,6220,12665,6971,4798,4576,5303,9101,4277,2140"
1046,1046,"1290,544,7120,10326,4576,5303,11969,6971,11298,9101"
1051,1051,"2218,8590,1290,7120,9942,2989,544,8562,11615,11298"
1057,1057,"5303,275,8421,10326,350,7138,13346,4277,4798,8562"
1064,1064,"1290,7120,4798,6971,4929,10326,2140,8590,10663,9295"
1080,1080,"13346,4798,7589,544,9798,1290,10326,7688,9942,12198"
1089,1089,"8562,10326,4277,6220,217,12857,717,4798,544,2343"
1090,1090,"13346,12857,8562,4277,8421,4798,10916,10326,217,811"
1103,1103,"10326,8562,13346,10916,3950,8421,6326,4798,9602,12665"
1123,1123,"1290,7120,6971,4929,10663,8590,544,12497,2885,12030"
1134,1134,"10326,13346,5303,12857,4277,3950,4798,8562,8421,9942"
1136,1136,"8562,3950,4798,10326,13346,8421,5545,9942,12665,4277"
1139,1139,"6220,7707,5545,1290,544,8562,13296,2218,5495,6971"
1154,1154,"10326,6220,544,3428,12665,13296,10568,3950,4277,8562"
1169,1169,"1290,11298,544,4929,6220,1244,4576,9101,6971,10663"
1173,1173,"10326,8562,7707,6220,13296,2218,13346,544,10429,4798"
1178,1178,"5875,544,1290,4798,10326,7024,13191,9942,8562,8235"
1190,1190,"10326,8562,3950,4798,6971,13346,5303,275,2140,10835"
1205,1205,"4798,3950,6220,13346,6971,2140,5303,8562,10326,8413"
1217,1217,"11298,1290,11024,7120,4576,2989,7679,1244,11918,1779"
1218,1218,"544,2343,9693,6220,9101,5532,9532,769,10326,6795"
1230,1230,"4798,6220,8562,3950,10326,2343,12665,5545,544,8590"
1250,1250,"2140,10326,4798,12857,8562,6433,217,13249,717,8421"
1252,1252,"544,6971,3950,12665,10326,2140,4798,6220,13112,8562"
1276,1276,"544,2343,5199,2218,5495,9693,5532,1290,10326,2903"
1279,1279,"1290,7120,9962,789,5135,11298,6971,544,8590,13309"
1281,1281,"10326,217,8590,8421,11969,4277,9942,350,1328,8161"
1288,1288,"8562,6220,10326,3950,3428,2218,7707,5545,12470,13346"
1305,1305,"11298,1244,9962,10607,789,9730,4664,1290,7679,12869"
1320,1320,"8562,4798,3950,12857,10916,6433,5303,10138,544,1290"
1321,1321,"3950,5495,13346,10326,5303,13249,8590,2140,3055,10835"
1328,1328,"2218,9942,6659,5303,7707,13296,5545,8590,8562,6971"
1343,1343,"10326,4798,8562,13346,4277,12857,544,2140,6971,8421"
1345,1345,"1290,10326,7120,11969,11298,4277,6971,2989,9101,12869"
1374,1374,"11298,7120,12869,4664,1244,4576,10389,3464,9101,11024"
1410,1410,"1290,7120,4929,10663,11024,544,10326,2916,4798,11298"
1414,1414,"12857,10594,544,217,1290,10326,10339,4798,7910,9942"
1420,1420,"4798,9942,2218,6220,5303,8562,10326,3950,7707,13296"
1440,1440,"2343,8590,5532,2989,4576,544,12655,1290,5495,10326"
1441,1441,"8562,11024,10429,11298,7707,544,1323,1290,1863,10326"
1443,1443,"11298,4576,11024,9693,2343,7342,2989,1290,9101,7679"
1458,1458,"1290,7120,10326,4576,11298,1244,544,4664,6971,4277"
1492,1492,"8562,10326,6220,13346,9942,4798,5545,2218,3870,4413"
1496,1496,"10326,8562,4798,6971,5303,1290,8590,2218,544,6220"
1499,1499,"12665,5532,5199,544,10326,3055,1290,10835,2343,6302"
1504,1504,"11298,1290,9101,2989,12869,11024,544,10389,7120,4664"
1516,1516,"8562,2343,10326,13346,13249,4798,3950,2140,4277,6220"
1523,1523,"217,10326,2767,544,1290,8363,4798,638,9942,509"
1534,1534,"544,1290,10326,4798,9942,8562,11298,7120,2989,12665"
1539,1539,"1290,7120,11024,9730,4576,6220,10389,11969,9101,12665"
1559,1559,"1290,7120,9101,2989,4576,1244,6971,11024,10389,4664"
1572,1572,"9942,6220,10326,3950,12665,6971,1290,8562,2218,544"
1573,1573,"4798,10326,4277,544,3950,12857,8421,717,6433,5303"
1601,1601,"544,6220,1290,9942,7707,6971,10326,4798,9101,7120"
1603,1603,"3950,8562,4798,3507,13249,1328,1383,544,10326,1290"
1604,1604,"4277,217,544,6383,13346,350,3950,3428,1978,4798"
1613,1613,"1290,11298,4576,7120,11024,9101,4664,10389,1244,2989"
1634,1634,"10326,8562,4277,3950,6659,4798,1328,544,9404,9072"
1642,1642,"3950,8562,6220,13346,4798,13249,10326,6971,3428,12857"
1643,1643,"1290,7120,6971,2989,11298,4929,6220,9101,4664,10663"
1654,1654,"8562,6220,9942,3950,544,5303,10326,13296,4798,13249"
1657,1657,"11024,12655,11298,8978,9730,4576,2989,10389,7679,12995"
1674,1674,"6971,6220,12665,1290,10326,13346,89,4798,5199,2343"
1702,1702,"10326,8562,6220,13346,9942,6326,6433,13110,12857,3950"
1719,1719,"6659,3950,9942,3428,13306,544,5184,8562,4256,1290"
1725,1725,"10326,13346,8562,4798,3950,4277,12665,12857,6220,5303"
1726,1726,"6971,1290,2140,6433,8562,4798,10326,7120,238,544"
1728,1728,"2343,4576,9693,544,11969,12869,10137,7707,10326,6795"
1735,1735,"1290,5875,8922,7024,544,8235,13191,10326,4798,8562"
1739,1739,"1290,7120,4929,10663,544,3697,10326,4798,9942,8562"
1774,1774,"4798,10326,3950,8562,6220,13346,4277,13249,12857,3428"
1780,1780,"544,4798,4277,6220,11969,9101,10326,10568,13346,1323"
1799,1799,"544,2771,4892,1290,2963,10326,12611,1854,4798,9942"
1813,1813,"4798,8562,3950,13346,12665,2218,10326,5303,89,6326"
1834,1834,"3950,4798,12857,13346,10326,10916,217,8562,6326,544"
1835,1835,"12470,8562,5495,6528,7643,217,544,11484,1290,10326"
1841,1841,"1290,11298,12869,1244,9295,5135,10607,9962,9101,6811"
1863,1863,"3950,6220,13296,13249,2140,8562,3428,10326,9942,5303"
1878,1878,"8562,3950,13346,9942,3428,13110,13249,5545,544,12857"
1879,1879,"4798,2343,10326,13346,5303,6971,6795,5532,6834,2537"
1910,1910,"1290,7120,10663,6971,2343,9942,9693,12497,11298,544"
1911,1911,"8562,12857,8421,717,6971,5495,544,10326,4798,1290"
1919,1919,"2343,13346,10326,9693,9942,544,5545,6795,64,4798"
1925,1925,"12869,4163,2957,7679,9732,9730,11298,1558,4216,544"
1926,1926,"11298,1779,3464,11024,544,1290,9962,9102,6417,10326"
1931,1931,"10326,544,1290,2940,4798,217,9942,9850,10107,8562"
1940,1940,"4798,10326,6971,13346,5303,2218,6220,12857,275,2140"
1968,1968,"10326,5303,4798,8483,1328,12857,11969,6383,13249,350"
1981,1981,"12665,6971,3950,8413,12857,13346,4798,10916,5642,2140"
1992,1992,"1290,7120,10663,3464,9295,11298,2916,12497,11299,544"
1998,1998,"11298,1290,11024,2989,1779,10607,1244,7120,9295,9101"
2000,2000,"1290,7120,4929,11298,10663,9295,5135,9962,789,3464"
2017,2017,"4798,13346,3950,10326,4277,5303,12857,6220,6971,8562"
2036,2036,"5875,544,1290,13112,10326,4798,9942,3814,8562,3670"
2044,2044,"8562,2343,4798,9693,544,13249,11969,6220,11572,10326"
2047,2047,"11298,12869,1290,9101,1244,6591,10607,4576,7120,9962"
2052,2052,"350,6659,544,10326,4230,9072,1290,4798,5303,8562"
2055,2055,"5495,544,1290,8562,10326,6528,1323,217,4798,3545"
2069,2069,"6220,2218,8562,5545,3428,8681,8413,544,3950,7707"
2075,2075,"2343,9693,544,3950,8562,4277,6220,3428,9072,10916"
2089,2089,"4798,4277,717,10326,8421,13346,10077,10594,6383,12857"
2093,2093,"9942,12665,8562,6220,5303,3950,5545,4798,217,544"
2127,2127,"10326,4798,8421,544,9942,1290,1295,275,8562,7063"
2135,2135,"9942,6220,12665,8562,2218,3950,3428,5545,3870,13346"
2137,2137,"12665,13346,8562,10835,2343,9532,89,5545,8235,3950"
2141,2141,"6220,8562,8413,2218,7707,5545,13296,544,5495,6971"
2147,2147,"1290,544,6220,7120,11298,12869,4576,11024,1244,2989"
2150,2150,"10326,4798,4277,3950,350,717,8562,12665,2411,8421"
2153,2153,"5303,4798,12857,6971,8562,6326,6220,10916,10326,5642"
2158,2158,"11298,1290,544,9101,7120,1244,2989,11024,4576,12869"
2178,2178,"13346,2343,6971,8188,8562,5461,10326,9942,12665,5199"
2180,2180,"8562,6220,13346,5303,9942,13306,3950,5545,10326,5532"
2181,2181,"11298,3464,6220,1779,544,1290,7120,2989,2327,12869"
2193,2193,"8413,8562,12857,3950,12665,4413,544,13346,1290,10326"
2216,2216,"10326,4277,8562,4798,350,7707,13346,544,8421,6433"
2224,2224,"8562,3950,5495,13346,6971,2343,10326,275,2140,1978"
2231,2231,"2343,6971,544,8590,5532,9693,5199,1290,89,9942"
2242,2242,"4277,6220,13306,3428,1323,5545,8681,12665,4895,10326"
2243,2243,"5495,12470,5199,2343,5676,8562,2218,3127,544,10326"
2247,2247,"5532,13346,9730,4443,544,1290,9101,3238,10326,13043"
2262,2262,"1290,544,1244,11298,11024,4576,10326,2989,8590,7120"
2271,2271,"8562,544,4277,11969,10326,6433,6971,2218,7707,2343"
2284,2284,"13346,3950,12665,8413,3992,609,5495,544,8562,1290"
2287,2287,"8562,13306,544,1290,10326,5177,4798,10213,9942,7442"
2291,2291,"5303,10326,3950,2140,275,6220,5199,544,4798,5532"
2293,2293,"4798,10326,6971,1290,8590,2140,7120,3055,9340,2989"
2294,2294,"4798,8562,10326,4277,12857,6433,5303,217,6971,3950"
2301,2301,"4798,544,5303,10326,8562,8421,6971,3055,5545,8590"
2310,2310,"9942,6220,544,10326,3950,12665,4576,5545,8562,11298"
2341,2341,"8562,4798,10326,6971,12665,12857,6220,13346,13296,9404"
2345,2345,"7679,11298,11024,12869,11918,8978,9101,4545,12655,4576"
2348,2348,"1290,7120,11298,9101,544,9730,1244,12869,4576,4664"
2349,2349,"13346,10326,6971,8562,5532,544,6220,3950,4277,4798"
2350,2350,"10326,1290,6220,9942,4277,7120,12665,4798,544,2218"
2355,2355,"10326,4798,4277,3950,8562,12857,217,8421,350,6220"
2383,2383,"10326,13346,4798,8562,4277,6270,717,1328,3950,8421"
2393,2393,"2140,4798,5303,9306,6971,544,1290,10326,9942,8562"
2399,2399,"7120,6971,5303,4576,4929,9962,4798,789,1244,10663"
2421,2421,"2343,544,4277,4798,5532,5303,5199,10326,8562,2537"
2435,2435,"9532,2989,2343,8279,544,12483,1290,10326,8235,3420"
2448,2448,"8590,6971,4798,5495,544,5875,1290,8562,10326,8922"
2452,2452,"1290,7120,1220,5532,12497,2343,4929,544,10326,9942"
2464,2464,"8562,6220,5545,10326,9942,3870,13110,2218,4798,544"
2470,2470,"5642,5495,544,1290,10326,9850,8562,12857,4798,2742"
2478,2478,"6971,8590,1290,12665,89,5532,1746,10835,4798,10326"
2506,2506,"6220,3428,8681,10594,8562,7359,9942,5545,217,5676"
2523,2523,"6971,544,1290,8235,10326,5875,4798,8562,9942,7824"
2527,2527,"1290,7120,4929,10663,12497,544,10322,5573,10326,4798"
2528,2528,"8562,4798,6220,3950,12857,9942,6326,544,1290,10326"
2530,2530,"2218,5303,5495,13408,13346,5199,3950,10835,7707,8562"
2533,2533,"9942,13346,5495,8413,89,6220,5545,8607,13310,544"
2540,2540,"8562,3950,217,13346,10326,12665,8483,10730,9870,3992"
2558,2558,"3950,12665,13346,2218,8562,10326,5532,10835,5495,8413"
2559,2559,"10326,6220,6659,9942,3950,2218,13296,544,8188,5545"
2592,2592,"1290,10326,544,13346,4798,6971,7120,8590,4277,2140"
2599,2599,"10326,6971,4277,275,12665,12857,8590,2140,8562,3950"
2608,2608,"6220,9942,3950,3428,5545,544,12470,13346,13296,5303"
2613,2613,"1290,11298,7120,11024,9730,2989,12869,4576,10607,9295"
2616,2616,"8413,6270,5495,544,1290,10326,9942,4181,4798,10986"
2617,2617,"7707,6220,1863,10326,10429,9942,544,12606,1290,8562"
2619,2619,"3950,6220,13346,8562,931,544,9942,1290,10326,4798"
2622,2622,"1290,7120,11298,789,5135,4664,544,10464,9295,4576"
2629,2629,"1290,11298,1244,7120,9101,2343,4576,6220,10389,11024"
2648,2648,"1290,1244,7120,9101,544,4576,10326,10389,2989,12665"
2654,2654,"4798,6220,10326,8562,12665,3950,9942,7707,13249,2140"
2668,2668,"10429,6220,544,5976,1290,10326,8562,4798,9942,11298"
2703,2703,"3565,4576,5461,861,544,7917,4798,1290,9942,590"
2710,2710,"544,9942,10326,4277,5303,3428,13249,8562,3950,4798"
2713,2713,"6971,5303,4798,8562,3950,13346,10326,6326,2140,9455"
2722,2722,"7120,9101,2989,11298,4929,1244,10389,10663,544,4664"
2724,2724,"1290,7120,4929,6971,1244,10663,9295,8590,544,2916"
2727,2727,"6220,10326,4798,6971,12857,2140,7707,5303,8562,13346"
2755,2755,"1290,11298,7669,1244,4576,11024,544,11554,10389,7120"
2769,2769,"8562,13346,12404,9602,7707,10326,9455,3428,64,10568"
2776,2776,"2218,5303,6971,5495,5199,2903,544,1290,4798,10326"
2781,2781,"1290,7120,4929,10663,6971,4576,1244,8590,544,9295"
2782,2782,"1290,7120,1244,7679,4929,11298,10663,10607,11024,789"
2789,2789,"4798,6971,5532,5199,5303,2218,10835,3950,2343,5676"
2794,2794,"9942,13249,2903,10326,5545,7707,13346,544,1290,4798"
2804,2804,"3950,2218,5303,6220,7707,64,5545,9693,13296,9404"
2819,2819,"6220,12665,3950,10326,8562,544,6971,5495,8590,4798"
2846,2846,"6971,4798,8562,7707,2140,9942,6220,13408,544,10326"
2851,2851,"12869,2989,7669,11024,11298,1244,5979,3238,544,10389"
2861,2861,"10326,4277,6220,9532,7707,5199,5303,8562,8421,544"
2862,2862,"12665,6220,13296,544,1290,11024,2989,5485,89,10326"
2867,2867,"10326,5495,12470,4798,2063,1634,2069,544,13346,1912"
2873,2873,"5495,2343,544,13408,9693,1290,64,5676,5532,2218"
2880,2880,"6220,544,7707,8562,9942,13296,10429,1863,1290,12606"
2881,2881,"4798,13346,12857,13249,10326,5495,10594,8562,4277,9380"
2886,2886,"217,4798,6220,717,4277,12665,3950,13346,1978,6326"
2891,2891,"2343,10326,9693,13346,4798,6220,5532,3950,12665,9942"
2908,2908,"544,10326,1290,7120,4798,2140,5303,11969,717,6971"
2910,2910,"544,9693,7707,8562,2343,6971,9101,6220,10326,1863"
2915,2915,"5495,10326,9942,8562,4798,12665,12470,8413,3950,13346"
2935,2935,"544,5303,6971,6220,2218,1290,3950,8562,4798,5199"
2946,2946,"1290,11298,2989,544,4576,1244,4664,10389,4929,12869"
2948,2948,"544,6220,1290,4576,11024,2989,10389,6971,11969,11298"
2969,2969,"3950,10835,4798,2218,844,544,10326,1290,8562,9942"
2979,2979,"11298,2989,12869,11024,7679,10389,1244,9101,11918,1290"
3036,3036,"3464,11298,1290,6248,7679,7120,2769,1244,544,7220"
3050,3050,"12665,3950,4798,13346,8562,4277,10326,2218,9942,544"
3056,3056,"6659,4798,10326,544,1290,9942,10894,8562,4803,11298"
3061,3061,"4798,4277,10326,8562,12857,10594,8421,717,217,5303"
3066,3066,"6220,8562,10326,4798,6659,7707,13346,13296,5495,5545"
3069,3069,"5303,10326,4798,217,13346,8421,544,6220,8562,2218"
3094,3094,"10326,4277,12857,350,217,544,8562,717,10916,50"
3106,3106,"3950,4277,544,10326,2218,6220,8188,8562,13296,6659"
3110,3110,"1290,7120,4929,10663,544,2916,12497,4277,350,3697"
3115,3115,"2343,12665,5199,544,9693,5532,13346,10326,4798,8562"
3136,3136,"1290,6971,10326,5303,9101,544,8562,6220,2140,12665"
3159,3159,"10326,3950,1328,8562,2218,4798,9404,6659,3428,13306"
3166,3166,"10326,5495,4798,544,1290,13346,6971,2218,4277,7120"
3172,3172,"1290,2343,6971,11298,544,89,7120,9693,9962,789"
3200,3200,"13346,5495,544,13249,4277,13306,10326,8188,3950,4798"
3217,3217,"10326,4798,9942,2218,12857,3950,13249,5545,2140,3428"
3218,3218,"1290,7120,6220,11298,544,1244,4664,4576,13296,7707"
3229,3229,"13346,275,50,10326,350,1210,4798,9340,7138,12404"
3230,3230,"1290,544,7120,6220,8562,4798,6971,5303,11298,2989"
3274,3274,"6971,275,2140,4798,10326,5303,7063,12665,544,1290"
3285,3285,"10326,4277,6220,12857,350,717,544,9178,4798,12665"
3316,3316,"8562,13346,6220,3428,9942,13306,13110,5545,12665,13296"
3319,3319,"4277,4798,8562,3950,12857,350,13249,8421,10916,217"
3323,3323,"10326,4798,13346,3950,9942,4277,8562,5303,350,13249"
3346,3346,"12665,6971,2140,9730,11298,4798,1290,2989,11024,3222"
3354,3354,"6220,4798,3950,13346,10326,11969,5303,3428,9942,3565"
3368,3368,"3950,6220,4277,217,8562,10326,544,9404,3428,13346"
3374,3374,"9942,12665,5545,3428,7707,13296,544,1290,3870,1598"
3391,3391,"10326,8562,4277,6220,717,350,3428,6383,4798,12857"
3397,3397,"8562,2343,6220,89,9693,13296,2218,8590,3950,4277"
3404,3404,"7707,544,4798,10326,6220,8562,4277,13346,1290,10447"
3408,3408,"9942,4798,8562,6971,5303,10326,275,2140,89,8413"
3416,3416,"2343,9693,6795,2989,1290,5532,544,8590,2140,10835"
3422,3422,"1290,4798,10326,6971,544,4277,7120,2140,8421,5303"
3423,3423,"544,6220,2343,10326,8562,7707,89,11969,4798,9693"
3426,3426,"6220,12665,5545,6659,3870,8562,2218,9942,2140,4413"
3436,3436,"10326,544,6220,6971,4798,11969,5303,1290,8562,13249"
3448,3448,"6220,12857,10869,4798,11345,544,10326,12665,1290,2140"
3464,3464,"12665,9942,3950,2218,5545,13346,13110,6220,5642,3428"
3472,3472,"1290,7120,6971,89,544,12665,4929,10663,6220,10326"
3477,3477,"9942,544,6220,5303,6971,5495,275,8562,11969,5545"
3488,3488,"3950,13346,4277,6220,5303,2140,12857,6326,8562,10916"
3497,3497,"12665,13346,8562,1323,5545,6220,9229,3950,5199,89"
3504,3504,"1290,7120,544,1863,7637,10326,4798,9942,11298,8562"
3517,3517,"10326,5303,8562,13346,6220,3950,4798,8483,2140,12857"
3538,3538,"5495,10326,12668,5303,4798,12099,544,1290,1037,8562"
3544,3544,"3950,2343,12665,9532,13346,6220,4798,64,8590,8562"
3547,3547,"10326,9942,217,3950,13249,717,13346,8421,9455,6326"
3569,3569,"12665,10326,8590,5199,544,2140,8161,4798,6220,9942"
3570,3570,"544,2004,10326,1290,170,4798,7616,9942,8562,478"
3575,3575,"10326,5303,13346,10568,275,6591,1543,9178,544,3950"
3579,3579,"4798,4277,13346,544,5303,3950,6433,6971,12857,6220"
3588,3588,"1290,7120,6220,544,13296,10326,1244,8590,3487,10429"
3592,3592,"9942,2989,12869,11024,1290,1779,11298,2874,544,1244"
3617,3617,"10326,4798,8562,2140,717,13346,5303,8421,6220,5495"
3632,3632,"7707,8681,89,6220,9942,3950,8413,5545,1225,544"
3650,3650,"2140,1290,544,10326,7063,4798,7120,11298,5485,1244"
3654,3654,"10326,8562,12857,4798,2140,9178,5303,7138,350,1210"
3656,3656,"5303,4798,7707,1290,544,10326,2218,6971,3950,6220"
3678,3678,"1290,544,7120,6971,6220,5303,89,9942,5545,2140"
3681,3681,"544,8112,1290,10326,4798,9942,8562,8540,11298,13130"
3683,3683,"4277,4798,5303,3950,6433,2343,1290,544,8421,717"
3685,3685,"10326,544,8562,5303,3950,9404,4798,4277,2140,10594"
3699,3699,"1290,7120,11298,1244,3464,4929,4576,2989,10389,11024"
3707,3707,"12665,8413,9942,13274,8188,2218,8590,544,8562,1290"
3731,3731,"1290,7120,1244,4576,2989,9101,4929,10663,4664,11024"
3737,3737,"6433,5303,13346,12857,7138,4798,9580,544,1290,10326"
3739,3739,"8562,10326,13346,4798,3950,544,13249,1290,9942,6220"
3744,3744,"3950,12665,13346,10326,6220,9942,8562,4798,3055,89"
3753,3753,"10326,6971,13346,4277,4798,3950,9178,8421,8562,5642"
3778,3778,"8562,2218,5495,5303,6220,9942,3055,10326,3950,6971"
3786,3786,"8562,3950,6220,12665,5545,9942,13346,7707,10326,5461"
3790,3790,"9942,2218,13346,5495,3950,1889,8562,3428,5184,3870"
3804,3804,"4277,6383,217,12857,10077,6433,10326,13346,544,1210"
3805,3805,"3950,8562,6220,2218,13346,2140,12857,10326,12665,544"
3819,3819,"544,4798,10326,6220,3950,2218,5303,11969,13346,7707"
3827,3827,"5760,544,1290,10536,10326,2459,9375,4798,9942,11337"
3829,3829,"4798,8562,12857,10326,8421,6433,3950,13346,6326,6220"
3841,3841,"10326,6971,275,5303,6220,2140,13346,544,1290,12665"
3849,3849,"1290,11298,7120,9730,9962,5135,789,9101,12869,4664"
3928,3928,"1290,7120,4929,11298,1244,6971,544,4576,9295,10663"
3988,3988,"7342,7679,9732,4163,9330,2957,4216,8978,11298,11024"
3994,3994,"11298,1290,2989,4576,11024,9101,89,7679,1244,4664"
3998,3998,"13346,5461,3950,9942,2411,275,13150,10916,1210,3799"
4012,4012,"3950,13346,8562,544,4798,1290,10326,10340,9942,5999"
4021,4021,"4798,6971,2140,5303,13346,5495,2343,9693,1220,8562"
4022,4022,"4798,6220,8562,4277,6971,3950,217,5303,1290,13296"
4047,4047,"9942,544,7707,13296,6220,3950,8188,8562,10326,1290"
4073,4073,"1290,2989,11298,4929,9101,4576,544,11024,1244,9730"
4099,4099,"544,1290,5495,7120,5303,11969,10326,4277,7707,6220"
4100,4100,"8413,544,1290,4798,9942,10326,8562,6220,5495,11298"
4120,4120,"12470,13408,13346,5676,12668,12099,1323,8562,5199,609"
4126,4126,"1290,7120,544,11298,6971,10326,4576,9101,5303,11024"
4136,4136,"4798,8413,5532,9942,5303,2140,5495,6302,3055,10835"
4160,4160,"7669,7679,12869,4163,2957,11024,9330,4216,1290,11298"
4173,4173,"1290,7120,4576,5495,6971,6220,9942,4929,10663,5532"
4177,4177,"1290,7120,11298,4576,544,9101,10326,2989,11024,4929"
4183,4183,"10326,4798,4277,11969,717,8421,544,8562,12857,10077"
4191,4191,"1290,7120,4929,10663,1244,12497,2916,544,9942,6243"
4195,4195,"13346,8562,10326,2140,217,275,4798,6433,717,4277"
4213,4213,"544,2343,6220,9693,5495,6971,10326,13306,8562,9942"
4226,4226,"5495,4277,5303,217,11639,12665,8562,544,1290,3950"
4227,4227,"1290,7120,11298,1244,1779,9295,10607,10326,3539,275"
4232,4232,"13346,3950,10326,4798,8562,13249,11540,544,1290,9942"
4255,4255,"4798,10326,4277,13346,5303,10568,217,6433,8421,717"
4258,4258,"544,11024,1856,1290,11298,10326,3560,7706,4798,6569"
4274,4274,"350,1328,5303,8421,10326,4798,544,1290,8483,8562"
4289,4289,"6220,1290,6971,2218,13296,544,5545,9229,89,11298"
4295,4295,"10326,8562,13346,9942,4798,3950,13249,2343,11969,13306"
4300,4300,"3950,6220,13346,217,10326,8562,3428,13306,717,5545"
4334,4334,"10326,10594,8421,8822,4798,544,1290,8562,9942,7657"
4361,4361,"8562,3950,4798,13346,10326,12665,6971,6220,544,7578"
4377,4377,"4798,3950,9942,5495,8413,8562,13346,5610,544,10326"
4412,4412,"1290,7120,11298,9730,1244,4929,2989,10663,3464,9101"
4415,4415,"13346,8413,12857,5676,7919,1042,544,10326,8483,1290"
4424,4424,"8562,4798,13346,6971,10326,544,1290,8981,9942,2808"
4425,4425,"10326,10594,8421,717,4277,11000,350,3416,12857,4798"
4430,4430,"8562,13346,4798,4277,5303,12857,10326,3428,3950,10568"
4433,4433,"8562,4798,12857,6220,13346,8421,6433,8413,717,6326"
4436,4436,"12665,2140,5495,8562,5731,12470,544,10326,9942,6220"
4458,4458,"10326,5303,6220,8562,3950,13346,8413,544,4798,12793"
4461,4461,"10429,544,1863,1290,10326,5841,8562,4798,9942,5976"
4488,4488,"3950,13346,12665,89,3055,8562,5676,8590,13306,4602"
4497,4497,"1290,7120,1244,9101,4929,11298,4576,10663,544,9295"
4498,4498,"10326,544,4798,4277,9942,5303,11969,2140,217,8562"
4504,4504,"5495,5461,6220,9404,544,12309,1290,10326,12665,4798"
4510,4510,"10326,1290,6220,6971,3950,7120,8590,9101,3428,9942"
4512,4512,"544,1290,10326,4798,11395,9942,874,8562,3169,11298"
4513,4513,"10326,6220,2218,4798,7707,544,5676,5545,3428,8562"
4516,4516,"1290,11298,7120,4576,12869,11024,9101,10389,12665,1779"
4526,4526,"6220,8562,544,4798,13296,6659,9942,12470,3428,4277"
4528,4528,"8562,2218,4798,10326,5303,8483,5545,8421,12857,6925"
4542,4542,"3950,12665,4798,6220,9942,13346,8562,1323,13249,5676"
4559,4559,"1290,7120,11298,1779,9295,12903,9730,11299,4036,3464"
4572,4572,"8562,13249,3950,6220,10326,9733,8205,9942,3055,544"
4575,4575,"8562,3950,6220,5303,4798,3428,6971,2218,275,7707"
4583,4583,"8562,217,13346,12857,4277,1323,350,10326,6433,4798"
4602,4602,"6220,6971,7707,5303,12136,4798,5545,1889,2218,4277"
4608,4608,"11298,1290,11024,1244,4664,4576,7120,10389,9101,1779"
4609,4609,"13346,3950,8590,2218,4798,5303,9942,12470,5495,64"
4626,4626,"8562,13346,3950,2343,64,8413,3428,5545,6220,9942"
4642,4642,"9942,13346,5495,3950,8188,8562,7707,10326,3428,5532"
4653,4653,"6220,12665,8562,13346,3950,6971,7707,4798,6326,5545"
4664,4664,"1290,7120,11298,1244,11024,4576,1779,9101,4929,10663"
4665,4665,"1290,7120,4929,10663,544,12497,10326,4798,5573,11298"
4672,4672,"1290,11298,11024,7120,9101,9730,4576,1244,544,10389"
4680,4680,"6220,217,4798,10326,13346,8421,1328,2343,4277,350"
4705,4705,"10326,5495,4798,8562,12665,5199,9942,3950,6971,5532"
4707,4707,"3950,5996,2140,1912,544,9942,1290,12857,8562,6515"
4711,4711,"6220,5495,2218,5303,89,3428,5199,3950,8562,8590"
4732,4732,"12665,3950,5461,89,544,6220,5199,5532,1328,9733"
4734,4734,"1290,7120,12665,6220,4929,89,6971,10663,9942,9101"
4735,4735,"1290,7120,4929,10663,9083,544,10326,7637,11298,4798"
4749,4749,"6220,544,2343,5545,9942,7707,9101,11969,9693,10429"
4751,4751,"6971,4798,13346,3950,6220,5303,8590,544,10326,1220"
4762,4762,"6971,2218,4798,5303,13346,8562,5875,8922,8590,3055"
4767,4767,"10326,4798,8562,1290,544,7120,10429,9942,8590,987"
4771,4771,"10326,544,4798,13346,6971,6220,3950,5303,2218,6433"
4773,4773,"12665,9942,8562,2218,3950,4798,6302,5303,10326,5731"
4776,4776,"8562,8413,12665,1290,544,4798,10326,3578,7120,5495"
4783,4783,"9942,6220,2218,5545,89,13306,5495,3428,8590,10326"
4788,4788,"13346,2218,4798,10594,9942,13249,2140,3950,10326,8421"
4808,4808,"12857,1328,10077,3950,10594,544,1290,220,1210,4798"
4810,4810,"3950,8562,5303,4277,4798,13346,9942,12857,6220,13296"
4818,4818,"4798,8562,13346,3950,10326,717,8421,13249,5642,217"
4823,4823,"8483,6433,12606,8562,7707,6220,544,4413,1588,4277"
4829,4829,"8562,3428,5642,4798,5495,3870,5545,13346,544,1290"
4842,4842,"6220,8562,13346,4798,3950,7707,2343,10326,544,5495"
4859,4859,"3950,6220,8413,6971,9942,4798,3055,544,8205,13110"
4866,4866,"2218,544,7120,6220,1290,11969,8590,13296,5303,8562"
4881,4881,"4798,10326,3950,6220,13346,4277,12857,7707,217,717"
4908,4908,"544,1290,4798,10326,11609,9942,8562,12871,10776,11298"
4910,4910,"1290,4929,544,1244,11298,9101,9962,789,2916,9693"
4922,4922,"10326,6220,8562,4798,544,12665,3428,4277,6971,5545"
4942,4942,"544,10326,9101,11298,1290,4798,6383,7120,11969,4277"
4976,4976,"10326,2989,6220,11298,12665,1290,4576,9942,13346,13296"
4993,4993,"1290,8562,13296,544,7120,4576,7707,11298,10326,1863"
4995,4995,"10326,13346,544,4277,350,2140,8421,275,8562,4798"
5020,5020,"3464,7679,10326,544,1328,11298,6659,1290,9942,4798"
5040,5040,"8562,3950,12857,5303,4277,2140,8483,2218,8681,1225"
5048,5048,"2140,8562,5731,544,1290,10326,1018,4798,7383,9942"
5058,5058,"2343,9693,5532,6795,9942,13346,12665,5199,4798,10835"
5067,5067,"4277,13346,6220,10594,8562,8421,717,1978,217,10326"
5087,5087,"4798,6971,8562,3428,10326,2140,6220,544,11000,1889"
5090,5090,"2343,5875,13346,3055,4798,544,1290,12665,10326,7024"
5102,5102,"8590,2218,13408,9942,544,1290,10326,4798,13090,5386"
5103,5103,"12665,4798,6971,3950,8562,5303,2218,10326,8413,6326"
5105,5105,"1290,7707,1863,544,9942,6220,10326,10429,4798,5495"
5108,5108,"4798,3950,10326,5495,2140,5303,544,13346,12665,8562"
5119,5119,"6220,4277,2218,13408,5495,7707,3950,8562,8413,8681"
5120,5120,"544,1290,11298,11024,2989,9730,7120,1244,4576,11969"
5124,5124,"6433,4798,544,1290,5485,10326,8421,4322,9942,2697"
5132,5132,"8562,5495,2218,3950,5303,6971,13296,5199,8205,12665"
5138,5138,"11298,4576,11024,1290,3222,2989,9295,7120,9101,10389"
5144,5144,"8562,10326,4277,2343,3950,13346,8421,11969,544,6433"
5159,5159,"10326,8562,13346,3950,544,6433,4798,10916,8421,6220"
5167,5167,"10326,5545,7707,13306,2218,13296,3950,9942,714,6659"
5175,5175,"10326,6383,2140,12857,1328,13249,4798,5303,10916,9942"
5176,5176,"1290,7120,1244,11298,544,4576,4929,11024,10663,7679"
5185,5185,"3950,9942,6971,89,8590,8562,13346,2218,10326,9532"
5189,5189,"3950,8562,4798,6659,12665,6326,6220,9455,9942,6270"
5191,5191,"13296,89,10326,12665,5199,7983,3577,4230,9942,8590"
5206,5206,"6220,10326,6971,2218,7707,6659,13296,5303,8590,9942"
5213,5213,"544,9942,6220,12665,2218,9101,10077,5545,9693,1220"
5224,5224,"4798,8562,4277,217,6971,544,8590,6220,717,13296"
5226,5226,"1290,7120,11298,12665,6220,4576,11024,9101,1244,6971"
5241,5241,"1290,7120,4929,10663,11298,9962,789,1244,2916,12497"
5264,5264,"1290,11298,7120,4576,11024,9101,12655,10389,2989,544"
5268,5268,"8562,6971,544,3950,5303,4277,2140,2218,10326,6220"
5270,5270,"8562,6220,4798,5303,13346,6971,2218,8590,10326,13296"
5287,5287,"9942,2343,9693,11969,217,4798,544,275,8126,12156"
5314,5314,"8562,7707,6220,4798,1290,10326,544,9942,8421,7637"
5318,5318,"1290,7120,4929,10663,2916,6243,544,12497,9942,10326"
5326,5326,"8562,6220,4798,7707,64,2343,10326,5303,544,1290"
5336,5336,"8413,4895,10950,7087,5177,544,8681,64,1290,5642"
5343,5343,"11298,9962,789,1290,5135,10607,5142,1244,4036,544"
5347,5347,"9942,6220,2218,2343,8413,9693,3950,7707,13306,3127"
5354,5354,"9942,8562,5303,4798,2218,275,6220,12668,10326,8161"
5356,5356,"10326,4798,3950,6971,5303,8562,544,8413,13408,3055"
5367,5367,"1290,11298,7120,6220,89,1244,9101,6971,4664,544"
5373,5373,"13346,8413,11000,12665,2140,5642,9942,544,1290,10326"
5385,5385,"6220,10326,8590,4277,6659,8562,13296,544,5495,7707"
5458,5458,"9942,3428,810,8562,1598,13306,544,6641,1290,13346"
5463,5463,"4798,10326,6220,5303,8562,4277,544,6971,2140,6433"
5471,5471,"11298,11024,1779,4163,3427,789,2957,1290,544,10326"
5476,5476,"1290,6220,4798,7120,544,12665,13346,10326,9178,6037"
5484,5484,"3950,6971,2218,8413,4798,2140,6220,12665,3055,13346"
5508,5508,"1290,7120,11298,9101,1244,2989,9962,10389,789,544"
5513,5513,"9942,6220,2218,8413,6971,12665,5545,5303,3950,8681"
5520,5520,"10326,4798,4277,544,717,217,8421,1328,13249,3950"
5524,5524,"6220,9942,3428,1889,2218,12470,7707,3870,6971,5495"
5539,5539,"5495,5303,5545,8413,2218,4798,8562,9942,544,4413"
5554,5554,"10326,10594,544,1290,4798,1180,9875,1007,9942,11590"
5564,5564,"4798,10326,5303,6971,217,4277,8562,9602,12857,8590"
5595,5595,"10326,8562,6971,9942,275,5303,2218,2140,7707,4798"
5601,5601,"275,10326,2140,5303,6971,4798,8562,3055,544,1290"
5602,5602,"8562,9942,4798,6220,3950,5303,275,11969,8483,12857"
5618,5618,"1290,7120,11298,9730,9101,10663,9295,11024,12869,2916"
5643,5643,"2343,4798,6971,9693,2903,8562,5199,5532,2140,6795"
5644,5644,"4798,5532,5199,2218,8483,2905,8590,544,10326,1290"
5651,5651,"6220,2218,4798,5303,8562,12857,275,11969,10326,8590"
5655,5655,"5495,13346,8562,12668,12099,3055,8413,544,10326,1290"
5658,5658,"4798,10326,8562,6971,10916,8421,1290,13249,544,12857"
5660,5660,"2218,2140,1323,10326,717,8454,544,217,1290,7047"
5662,5662,"2218,5545,6220,89,13110,3950,9942,1220,5303,3992"
5670,5670,"4798,3950,10326,4277,6326,8161,2218,544,8562,5642"
5676,5676,"1290,11298,9295,12869,10607,7120,4036,1244,1779,11024"
5680,5680,"8413,5545,8562,6220,10326,9942,6326,12665,3870,544"
5698,5698,"6220,9101,12869,11024,11298,4576,9693,11969,4277,1290"
5710,5710,"8562,5495,5532,2140,4798,3950,10326,6220,544,4266"
5723,5723,"11298,11024,4576,2989,1779,1290,3222,4545,7679,10389"
5742,5742,"2343,9693,3950,5199,10835,5532,9532,1664,544,12665"
5748,5748,"6220,4798,10326,9942,2140,2218,8562,12665,8590,8413"
5750,5750,"544,6971,10326,5495,6220,8562,5545,8590,13296,1290"
5787,5787,"10326,13346,3950,4798,9942,2343,6220,544,5199,1978"
5798,5798,"5303,2140,3950,2218,4798,10326,12665,10568,5532,13346"
5799,5799,"9306,544,1290,10326,5946,4798,9942,8402,8562,2291"
5815,5815,"1290,9101,11298,7120,544,2343,9693,9962,789,1244"
5822,5822,"6971,4798,2218,10326,6220,2140,9404,8590,544,3950"
5834,5834,"12665,8562,6220,5495,6971,9942,3055,13296,10326,4798"
5846,5846,"4798,13346,6971,2218,4277,544,3950,10326,5303,6220"
5858,5858,"3950,4798,6220,2140,6971,12857,8562,544,2905,11000"
5882,5882,"10326,544,4798,8562,9942,11969,5303,4277,2140,2343"
5892,5892,"13346,4277,12857,6270,10326,8562,544,1290,9942,2218"
5897,5897,"10326,3950,5303,2140,8413,8421,8562,3870,6971,4798"
5898,5898,"3950,6220,10326,4798,8562,6302,3870,3565,12665,9733"
5902,5902,"544,9358,1290,9796,10326,1631,4798,1847,3416,9942"
5919,5919,"1290,7120,10326,4277,544,8562,11969,4929,12869,6971"
5934,5934,"544,1978,13249,11000,10326,4798,1290,9340,11524,4315"
5946,5946,"1290,6971,7120,9730,9101,4929,9962,789,9295,5135"
5965,5965,"5199,1978,2343,9693,6834,5532,12665,8408,5495,1290"
5995,5995,"13346,10326,3950,217,3428,6220,12857,4798,7707,6433"
6005,6005,"2989,1290,6220,11298,544,11024,4576,9101,12655,2218"
6006,6006,"6220,8562,9942,5495,3950,13346,12665,7707,89,5545"
6013,6013,"10326,4798,8562,6220,13346,3950,9942,717,3565,4277"
6016,6016,"3950,13346,5303,12857,6220,8562,4798,5199,2218,11384"
6023,6023,"7120,1244,544,4576,10663,9101,11298,4277,9730,8590"
6052,6052,"8562,3950,10326,5532,9942,2343,13346,5199,12665,9693"
6056,6056,"10326,544,6971,6220,5495,8590,5303,13346,12665,2343"
6059,6059,"5495,10326,5303,4798,12470,6971,6220,10916,6302,3950"
6064,6064,"8562,10326,6220,13346,2343,5303,9942,2140,4798,5199"
6091,6091,"2218,3055,6971,3950,4798,9942,8562,5199,89,10326"
6112,6112,"7120,11298,2989,1244,11024,10663,9730,3464,12869,2916"
6133,6133,"6220,3950,8562,5532,5199,2140,6638,10326,10835,9693"
6150,6150,"5495,4798,5610,544,1290,10326,4843,9942,8562,11298"
6155,6155,"10326,4798,217,13346,12857,5303,544,4277,13249,10916"
6157,6157,"4798,10326,5303,2140,8562,8421,3950,12857,13346,8161"
6212,6212,"6220,3428,714,13306,4798,13296,544,1290,13310,10326"
6218,6218,"10326,3950,4277,13346,4798,12857,8421,6220,8562,217"
6242,6242,"10326,12665,4798,6220,8590,8562,3870,13346,7983,9942"
6243,6243,"4798,8562,10326,5303,3950,6971,544,2140,4277,275"
6260,6260,"4798,10326,1290,8161,544,7120,9455,976,8562,12331"
6262,6262,"10326,8562,2140,8421,4798,9404,544,1290,13346,9580"
6278,6278,"544,10326,4798,4277,6971,5303,2218,275,2140,11969"
6280,6280,"6220,9942,4798,5303,8413,12665,8483,13249,3055,5545"
6287,6287,"6971,8562,12665,9942,4798,10326,2140,6220,544,5303"
6305,6305,"9942,3950,4277,717,12869,10326,217,8421,12665,12857"
6320,6320,"1290,2343,544,6971,6220,7120,5303,4798,8590,1220"
6339,6339,"8413,8562,9942,275,5303,6220,1286,6302,4798,3950"
6360,6360,"544,4798,6220,2218,5303,11969,1220,9693,13346,8483"
6370,6370,"3950,10326,2218,6220,13346,8562,3428,217,5303,5545"
6376,6376,"10326,4798,13346,9942,5303,4277,8562,3950,2140,275"
6378,6378,"7120,11298,1244,9730,2989,9101,4576,9295,11024,10389"
6379,6379,"6220,8562,6971,10326,275,89,5545,2140,4277,4798"
6398,6398,"544,2343,1290,6433,10568,11969,4277,2537,6834,7679"
6422,6422,"13346,8562,8413,544,1290,4798,8183,10326,7672,3950"
6424,6424,"3950,8562,6326,10916,11561,11484,10326,544,9941,6970"
6436,6436,"544,8562,1290,10326,2770,4798,9942,5495,11298,7120"
6454,6454,"2343,9693,544,5532,6795,2989,9101,8608,1290,2537"
6464,6464,"217,8421,10326,10916,8562,12857,1220,2343,5532,13346"
6479,6479,"13346,3950,2218,8483,9942,4798,3992,9245,544,1290"
6485,6485,"544,8703,1290,8981,7637,10326,8562,4798,9942,6040"
6488,6488,"9942,13346,3950,8562,6220,3428,5545,7707,12665,6659"
6490,6490,"8562,13110,4823,3870,544,1290,13375,10326,8820,4798"
6498,6498,"10326,8562,9942,6220,12665,13346,3950,5545,3428,217"
6533,6533,"2989,1290,10326,6220,11298,9101,10389,6971,12665,7120"
6577,6577,"10326,3950,13346,4798,9942,6220,3428,4277,12665,8590"
6579,6579,"10326,4277,4798,12857,717,544,8421,50,217,6433"
6583,6583,"6220,8562,10326,544,4277,6971,3950,13296,5545,8590"
6597,6597,"8562,9942,6220,2343,4798,13346,5303,9693,10326,2218"
6599,6599,"6220,12665,7707,89,13296,6971,1290,9693,2343,2140"
6607,6607,"8562,6220,9942,3950,3428,5303,8483,13346,5676,8413"
6613,6613,"6220,3950,8562,12665,5545,13110,13306,10326,7707,9532"
6622,6622,"1290,7120,5303,89,9295,8590,5199,4929,11298,6971"
6637,6637,"6220,7707,8562,3870,2343,544,1290,10326,9532,11406"
6644,6644,"8562,4277,3950,6220,4798,217,5303,12857,10326,2218"
6651,6651,"1290,11298,7120,9730,4576,1244,11024,10389,12869,9101"
6674,6674,"3950,5532,8562,12665,10326,13110,6433,544,1323,10835"
6683,6683,"2343,275,10326,5532,4798,64,8590,9693,1290,6971"
6686,6686,"1290,6971,7120,9730,9942,11024,4036,11298,544,789"
6707,6707,"544,2343,5495,8562,5303,13346,5532,6220,8279,10835"
6724,6724,"7983,544,10429,1290,7707,9942,10326,1007,8235,9336"
6729,6729,"9942,6220,3950,6971,2218,3428,4798,275,4277,13296"
6739,6739,"12665,8562,4413,8681,8333,544,5495,1290,6220,438"
6756,6756,"10326,4798,3950,5303,8562,2140,275,9072,6925,6433"
6764,6764,"10326,6659,6383,544,2218,5545,7707,1328,9602,6220"
6768,6768,"6220,10326,9942,3428,275,13296,5545,6659,2218,8590"
6787,6787,"12665,2218,6971,6220,8562,3055,89,10326,8421,5495"
6808,6808,"1290,11298,11024,4576,7120,1244,4664,2989,12869,9730"
6811,6811,"544,10326,4798,11969,4277,6220,350,5676,8483,2343"
6812,6812,"8562,12665,4798,10326,2218,3428,3950,5545,7707,544"
6831,6831,"6220,2218,5303,2140,13296,8590,7707,6971,10326,9942"
6833,6833,"2343,6220,9693,8413,9532,89,544,1290,9942,10326"
6840,6840,"4798,2140,5303,6270,275,10326,544,12857,1290,5731"
6842,6842,"1290,7120,1244,4929,11298,9962,5135,10663,4664,10607"
6855,6855,"1290,11298,7120,1244,4576,2989,9101,12869,10389,544"
6869,6869,"10326,4798,8421,10916,5303,6433,3950,8562,12857,4277"
6874,6874,"6971,1290,6220,544,5545,89,4798,9942,12665,10326"
6879,6879,"9693,2343,544,2218,13346,12665,6971,3950,5532,7707"
6885,6885,"5676,13346,3950,5495,10326,544,4798,1290,8697,1724"
6886,6886,"6220,9942,2343,13346,10326,12665,4798,3950,9693,64"
6902,6902,"10326,4798,4277,6971,13346,12857,2140,8562,544,3950"
6908,6908,"1290,11298,7120,9730,11024,7679,4664,4576,1244,9101"
6911,6911,"3950,6659,11484,1323,7679,13346,544,1290,10326,9532"
6912,6912,"3950,12665,6220,3428,13346,8562,810,89,544,4798"
6919,6919,"1290,7120,11298,1244,2989,544,9101,4576,11024,9295"
6926,6926,"9404,3950,544,1290,4416,10326,3340,4798,11524,7673"
6934,6934,"10326,3950,8421,8562,9942,4798,544,1290,13346,11298"
6935,6935,"8562,4798,4277,217,544,350,5303,2140,13346,12665"
6939,6939,"4798,6220,1290,10326,5303,8413,8590,9942,7120,8188"
7000,7000,"9942,6220,3950,2343,10326,3428,13306,1220,9693,7707"
7003,7003,"10326,8562,2343,6220,12665,4277,8590,11969,3950,2218"
7005,7005,"10326,544,3428,717,217,8562,10594,4694,350,3950"
7042,7042,"8562,12665,3950,9404,12857,10326,2140,4798,5495,8421"
7045,7045,"10326,4798,13346,3950,6220,6326,8562,5303,10916,4277"
7047,7047,"10429,544,1290,9942,10326,4798,13377,8562,12704,5966"
7053,7053,"8562,7707,13346,8188,10326,6220,9942,544,4798,10429"
7063,7063,"13346,12857,717,3950,8421,4798,217,13249,8483,10326"
7067,7067,"2343,2218,4277,3950,13346,9693,544,6433,10916,217"
7071,7071,"10326,4798,4277,3950,12857,6433,13346,217,8421,544"
7078,7078,"6220,8562,2343,2218,12665,3428,275,2140,5495,3055"
7109,7109,"8562,6659,6433,8421,10326,12857,13346,3678,1355,5545"
7118,7118,"4798,12857,13346,10594,10916,6433,5495,1978,217,1889"
7129,7129,"1290,7120,11298,1244,4664,9101,9730,4576,4929,10389"
7133,7133,"10326,3416,12404,13346,4798,8483,9178,9942,9453,2218"
7139,7139,"8590,6971,544,769,10464,9295,1290,8562,11464,10326"
7142,7142,"10326,3950,8562,4277,12665,6220,5303,9602,4798,50"
7146,7146,"2343,4798,6220,544,6971,5532,8590,89,9693,5199"
7172,7172,"4798,10326,4277,217,350,717,6433,11969,8161,544"
7181,7181,"12665,6971,64,89,10326,5545,3055,5199,2218,4798"
7195,7195,"10326,4798,8562,544,4277,13346,12857,217,6971,2140"
7197,7197,"4798,10326,13346,2218,3428,5303,5545,7707,8562,3950"
7203,7203,"1290,7120,11298,4929,9101,1244,10663,4576,9295,12869"
7223,7223,"10326,6220,6971,4798,3950,2218,89,13296,12665,12857"
7235,7235,"1290,544,12869,5303,6971,7120,11298,4576,2989,10389"
7236,7236,"7120,12665,544,5495,4798,10326,12869,5303,1244,4277"
7237,7237,"1290,7120,4929,1244,10663,544,11298,6243,10326,4798"
7255,7255,"1290,7120,8590,544,1244,10663,9295,3697,2885,4798"
7297,7297,"6220,12665,4798,8562,9693,6971,10326,2140,13346,9942"
7320,7320,"3950,4798,6971,2218,5303,10326,5532,8413,2903,13346"
7323,7323,"12665,9942,2343,2218,3950,64,6220,5545,10835,10326"
7326,7326,"8590,5303,5495,8562,2140,12404,2218,8483,544,1290"
7343,7343,"10326,4798,4277,12857,8562,6433,350,717,8421,10594"
7363,7363,"13346,12665,8562,2218,4798,8590,2343,6220,9942,10326"
7364,7364,"4798,2218,6971,12665,13346,3055,8483,10326,4413,2140"
7366,7366,"13346,6220,3950,8562,13306,3799,3870,544,9942,1290"
7372,7372,"12665,8413,8562,3055,2343,89,13346,5461,5532,6302"
7399,7399,"544,2343,8562,6220,7707,1863,9532,10429,1290,9693"
7402,7402,"6220,12665,8562,2218,8188,8413,5303,9942,13296,6971"
7406,7406,"2218,10835,2140,3950,10326,544,5610,8562,6220,9942"
7421,7421,"544,12665,3950,2218,9942,6971,10326,3428,4277,4798"
7425,7425,"1290,8562,4277,6220,12857,7120,6433,12665,9942,1244"
7431,7431,"6971,12857,10916,4798,10326,8562,331,544,1290,851"
7447,7447,"4798,10326,8562,8421,6326,3950,13346,12857,13249,6433"
7451,7451,"6220,544,8562,13296,7707,10326,5545,10429,1863,8188"
7453,7453,"7120,4929,789,9962,6971,5135,12497,10663,544,1244"
7456,7456,"1290,1244,9942,7120,5303,10326,12665,11969,4277,789"
7484,7484,"1290,7120,11298,4929,10663,1244,9295,2989,9730,4576"
7486,7486,"8562,2218,5495,4798,6220,3950,5303,6971,8413,3055"
7505,7505,"1290,7120,11298,2989,544,11024,4576,1244,4664,4929"
7529,7529,"4798,2343,12665,8562,12857,9693,10326,13346,544,5642"
7532,7532,"11298,2989,1290,4576,1244,11024,9942,6288,7120,12869"
7548,7548,"13346,8562,12665,6220,12857,3428,7707,3950,13296,5495"
7550,7550,"3950,9404,4277,13306,1323,1978,13110,6326,350,13249"
7557,7557,"10326,4277,12857,4798,8421,10594,2140,717,6433,13346"
7574,7574,"1290,7120,4929,9962,789,11298,5135,10663,2916,10607"
7586,7586,"8562,6220,9942,544,7637,1290,1863,10326,4798,8703"
7592,7592,"544,1290,12204,10326,4798,9942,8949,3314,8562,11298"
7594,7594,"3950,12857,6220,2218,12665,13296,13346,8562,4413,8413"
7600,7600,"13346,2343,8562,9404,4798,3428,9693,13306,4277,5199"
7601,7601,"10326,4798,13346,8562,12857,8421,2140,2218,217,8161"
7642,7642,"10326,544,4798,9942,6220,1290,9101,7120,12869,11969"
7647,7647,"8413,6971,5303,2218,544,3950,8562,8681,4413,9942"
7650,7650,"3950,2218,6220,8413,6971,2140,8681,13296,5303,8562"
7660,7660,"1290,11298,4576,12665,2989,9101,11024,12869,4277,7120"
7682,7682,"10326,6220,8562,4798,5303,4277,13296,544,3950,8590"
7712,7712,"10326,6220,3428,1244,12665,11969,544,1220,13110,275"
7728,7728,"8562,3950,12857,10916,1978,4798,544,1290,10326,4277"
7763,7763,"6220,8562,10326,3428,4798,6659,5545,12665,5303,13346"
7764,7764,"12665,6220,544,10326,2218,6971,275,4277,13346,89"
7765,7765,"2989,11298,11024,4576,8978,11918,9101,12869,12655,12995"
7768,7768,"6659,8562,4798,13346,13249,8413,3950,10326,5184,931"
7776,7776,"1290,7120,9962,789,11298,5135,4664,12903,544,13309"
7834,7834,"4798,8161,544,10326,1290,3968,9942,7044,1390,8562"
7850,7850,"4798,4277,217,544,6220,2140,9942,8421,13346,12665"
7860,7860,"1290,7120,11298,1244,2989,4576,4929,9101,11024,12665"
7879,7879,"4798,6971,10326,5303,2140,8562,3055,8205,1290,544"
7892,7892,"1290,1244,544,10326,9942,11298,4277,7120,6220,9101"
7895,7895,"13346,6220,3950,4798,9942,10326,8562,13110,544,12665"
7901,7901,"4798,6220,3950,10326,4277,5303,12857,8562,544,6971"
7922,7922,"6220,12665,9942,4277,4798,217,13346,3950,544,717"
7927,7927,"8562,4798,11969,6220,5303,5495,2140,10326,9942,6971"
7931,7931,"2343,10326,9693,13346,6971,275,4798,9942,5303,6220"
7938,7938,"12470,8562,13306,3950,6220,4798,13346,544,2905,1290"
7942,7942,"544,4277,3950,12857,10916,6433,10594,4798,5996,8562"
7964,7964,"5495,1323,4413,9942,3950,2218,13110,544,1290,8413"
7982,7982,"3950,2343,64,9404,9532,5461,5199,13346,9693,544"
7988,7988,"1290,7120,4929,6971,544,10326,4798,2784,5142,9942"
7992,7992,"4798,10326,13346,8562,4277,9942,6220,5303,8421,12857"
8005,8005,"6971,2343,2218,5532,5303,12665,3055,13346,4798,544"
8019,8019,"3464,6248,7679,11298,1290,2710,544,7120,10326,4798"
8026,8026,"8562,6220,13346,3950,12665,9942,7707,10326,2218,13249"
8028,8028,"2343,9693,544,13346,5532,6220,9532,12665,4798,64"
8085,8085,"13346,275,50,9942,9404,544,6626,1290,10326,4798"
8103,8103,"6971,89,12665,3055,4602,544,1290,10326,7024,2343"
8108,8108,"3950,4798,9072,13346,217,6220,4277,2411,1598,10594"
8137,8137,"2343,13346,9693,5532,89,6971,1220,9942,1290,12665"
8138,8138,"10326,13346,12857,217,5303,6433,3950,8562,2140,4277"
8139,8139,"4798,10326,6971,8562,5303,2218,275,8590,544,3950"
8148,8148,"8562,9942,6220,12665,10326,2218,3950,6971,3428,13346"
8150,8150,"12665,8562,275,3950,2218,4798,2140,4277,10326,8483"
8160,8160,"1290,7120,544,11298,1244,10326,4576,9101,6971,2989"
8175,8175,"12665,1328,9942,2989,11639,10326,544,8562,1290,4723"
8191,8191,"1290,7120,2989,4929,1244,9101,10663,11298,9295,2916"
8198,8198,"4798,9942,6220,10326,6971,2218,275,8483,2140,12665"
8202,8202,"11298,2989,4576,1290,9101,11024,12995,9730,10389,7605"
8233,8233,"4798,6971,8483,1290,12857,10326,8590,13346,3950,8562"
8251,8251,"5199,544,10326,2260,1290,12588,4798,9942,1031,443"
8252,8252,"10326,4798,4277,12857,8562,3950,6971,717,8421,217"
8265,8265,"6220,10326,2218,8562,5303,6971,544,8590,275,4798"
8267,8267,"10326,4798,12857,13249,8421,6433,13346,8562,8161,5303"
8268,8268,"8562,13346,5303,275,12665,5642,717,13306,3428,6326"
8294,8294,"544,9693,2343,10326,6220,5532,6971,5199,3950,2140"
8299,8299,"1290,7120,11298,1244,9962,789,9295,4929,4664,544"
8302,8302,"10326,5303,13346,4798,12857,3950,2140,9072,64,2218"
8303,8303,"1290,4929,1244,789,5135,11298,544,12497,9101,12869"
8323,8323,"544,6971,2343,8590,5532,10326,5199,9693,4798,9404"
8327,8327,"2218,6971,6220,89,12665,3950,5545,4798,5303,8562"
8331,8331,"3950,6220,6659,13296,3055,10326,6925,3428,2218,7063"
8332,8332,"1290,11298,7120,4576,11024,4664,789,9101,9730,5135"
8334,8334,"6220,3950,4798,3428,8562,9942,8413,5545,5495,2218"
8337,8337,"1290,544,7120,11298,2343,6220,4929,10326,9295,4576"
8341,8341,"8562,13346,3950,4798,10326,6326,11384,9942,217,544"
8361,8361,"10326,4798,6220,8562,1290,2218,9942,6971,544,5303"
8369,8369,"6971,3950,9404,9072,6220,2411,217,64,9733,544"
8378,8378,"6971,8421,10326,544,2140,2343,5495,4798,8161,8562"
8407,8407,"544,7679,11024,2989,11298,4576,10389,3464,11918,4664"
8419,8419,"1290,11298,1244,7120,9101,4576,11024,544,2989,12869"
8424,8424,"8562,10326,6971,5303,13296,544,7707,8590,1290,4798"
8425,8425,"4798,350,10594,13346,9178,6270,4277,10326,2411,217"
8438,8438,"1290,7120,5135,544,789,4929,11298,3697,9962,11117"
8447,8447,"4798,4277,10326,12857,8562,217,350,6433,2140,8421"
8458,8458,"12869,9962,3464,9960,12404,1290,789,1779,10326,544"
8463,8463,"10326,4798,6220,8562,2218,4277,12857,5303,9942,6971"
8471,8471,"4798,10326,6971,6220,2218,12665,2140,89,5303,3055"
8472,8472,"11298,1290,9101,4576,11024,12869,4664,7120,10389,2989"
8477,8477,"4798,6971,10326,6220,2140,8562,5303,5495,1290,5532"
8478,8478,"12665,2343,6220,6971,9693,9942,5532,2218,2140,3055"
8483,8483,"1290,7120,11298,544,89,9295,4664,5135,9101,789"
8496,8496,"10326,6971,6220,2218,5303,544,3950,8562,1290,4277"
8497,8497,"10326,3950,13346,12857,6220,8562,10916,8421,1978,217"
8501,8501,"10326,3950,2140,8562,4798,13346,2218,5303,9942,3055"
8506,8506,"9942,6220,3950,13346,10326,13306,7707,3428,12470,2218"
8520,8520,"10326,4798,4277,3950,544,5303,8562,12857,6220,8421"
8524,8524,"12665,11298,544,11969,4576,10326,7679,10137,9730,6220"
8531,8531,"4798,3950,4277,13346,8562,8413,2140,6433,6326,717"
8556,8556,"10326,4798,4277,544,350,8562,5495,3950,8590,2218"
8579,8579,"9730,2989,11024,11298,4576,1244,9101,10389,11918,1290"
8585,8585,"544,13296,6220,12665,3428,7707,5545,4576,714,2218"
8591,8591,"6220,10326,3428,4798,9942,4277,6659,13346,7707,11969"
8592,8592,"1290,7120,4929,6971,10663,1244,11298,2916,9962,9942"
8596,8596,"8562,3950,13346,9942,2218,3428,6220,5545,13296,10326"
8598,8598,"10326,3950,4798,13346,12665,8562,5303,3428,10568,11969"
8608,8608,"1290,7120,10663,6971,12497,11298,6243,544,9101,10326"
8610,8610,"1290,7120,11298,4929,9101,4576,10663,1244,9962,5135"
8617,8617,"1290,11298,7120,9295,1779,10607,1244,4036,5135,4576"
8621,8621,"13346,2218,5303,4798,1746,5495,10326,5199,11000,3950"
8629,8629,"544,3420,1290,11013,4623,10326,9093,4798,8068,6708"
8649,8649,"5532,544,1290,10326,9942,4798,7715,12665,6389,8562"
8652,8652,"7120,4929,2916,11298,5135,1244,12497,6243,9101,544"
8714,8714,"2989,1290,7120,8590,11024,7679,3464,11298,1244,4576"
8718,8718,"12665,9942,2343,6220,64,89,11403,5875,544,13346"
8733,8733,"1290,7120,11298,12655,2989,4576,9101,9730,7679,544"
8734,8734,"6220,3428,3870,3950,5545,4413,13110,5184,12665,544"
8754,8754,"8562,2218,3950,2343,13346,3428,544,5303,6220,1978"
8771,8771,"8562,6971,4798,6220,10326,8205,5545,13296,9942,544"
8791,8791,"10326,4798,544,6220,4277,6971,2218,2343,13296,8562"
8794,8794,"6220,8562,10326,810,4798,8188,5545,3950,5303,13346"
8797,8797,"10326,5676,9453,8822,9942,544,13097,1290,4798,8562"
8804,8804,"10326,4798,13346,3950,6220,4277,8562,8590,13296,13249"
8809,8809,"6971,12857,9404,13346,5676,4277,4798,5866,4895,50"
8823,8823,"1290,7120,11298,4929,11024,4576,2989,10663,9295,1779"
8833,8833,"10326,4277,544,6220,6326,8421,10916,810,8562,4798"
8835,8835,"1290,7120,2343,9693,1244,4929,11298,9295,12869,3464"
8840,8840,"2140,4798,6971,5303,3950,10326,544,1290,8562,7063"
8842,8842,"8413,6971,1290,8205,544,7120,10506,10326,4798,2218"
8860,8860,"1290,11298,12665,2989,11024,544,2343,7120,4576,10389"
8866,8866,"10326,8562,12857,10077,8421,4277,717,4798,544,1328"
8877,8877,"2343,544,1290,7578,10326,9532,4798,8562,13230,9942"
8887,8887,"6971,6220,3950,6302,9190,10916,5545,12665,4798,7138"
8895,8895,"2218,9178,10326,6383,9938,12857,544,1290,11739,4798"
8907,8907,"1290,7120,11298,1244,4929,9295,9101,4576,10663,9962"
8921,8921,"9942,4277,10326,2140,3950,4798,350,217,4492,544"
8928,8928,"3464,11298,7679,11554,9330,544,89,12869,1290,1779"
8936,8936,"13408,5676,10594,1290,544,13008,1978,4685,10326,4798"
8965,8965,"2343,544,10326,4798,9693,1290,9942,13346,5532,5303"
8971,8971,"2343,9693,12665,5532,3950,544,10326,10835,8562,6795"
9000,9000,"1290,7120,544,11298,4576,11024,9101,1244,2989,7679"
9023,9023,"2218,2343,9693,4277,9942,5532,11000,3950,12665,2905"
9025,9025,"12665,6220,1290,9942,6971,8590,2218,5303,275,89"
9031,9031,"8413,3950,8562,2903,544,1290,10326,4798,5199,12665"
9045,9045,"1290,10326,4798,2218,544,275,6220,7120,8590,9942"
9053,9053,"6220,8562,12665,2218,10326,4798,89,13346,3950,9942"
9054,9054,"9942,6220,3950,3428,8483,5676,2218,13346,6433,13110"
9060,9060,"10326,6220,12665,8562,4798,2343,5303,275,11969,3950"
9063,9063,"8562,3950,8413,9942,6220,13346,4413,2218,1598,544"
9071,9071,"8562,6220,3950,12665,2218,13346,7707,8681,9942,5676"
9078,9078,"2343,544,6220,9693,5532,4798,5199,11969,10835,4388"
9101,9101,"9942,10326,13346,4798,8562,5303,3950,6220,13296,2140"
9108,9108,"5545,6270,6220,10077,9072,3428,8483,1978,544,1290"
9110,9110,"2218,13346,12857,5303,8562,4798,9942,4277,6971,6433"
9114,9114,"2989,11298,1244,6220,9942,4576,9101,11024,2343,1290"
9144,9144,"1290,11298,7120,544,10326,1244,9101,4576,6220,11024"
9172,9172,"1290,6220,7120,544,10326,9101,9942,1863,11298,4798"
9185,9185,"7707,544,1290,8562,10429,1863,10326,13296,6220,9942"
9190,9190,"4798,3950,8562,12857,10326,5303,6971,2140,13346,5642"
9193,9193,"3950,10326,4798,217,13249,8483,6220,13346,2140,8562"
9198,9198,"10326,4798,544,7138,5303,1290,4908,9942,8161,12404"
9200,9200,"1290,7120,10326,6971,544,1244,5303,4576,2989,4929"
9201,9201,"1290,7120,7679,12995,1244,11298,3464,544,12903,7047"
9204,9204,"10326,544,4798,5495,2343,11969,8562,7707,3950,6971"
9215,9215,"1290,7120,6971,4929,10326,4798,10663,2140,544,12497"
9222,9222,"1290,7120,1244,12869,4277,11298,4664,4929,9730,9942"
9233,9233,"4277,4798,9942,5303,217,5495,1328,8421,8483,717"
9235,9235,"1290,9101,2989,4576,544,10389,7120,4664,12869,12655"
9245,9245,"1290,789,7120,10326,544,4798,9101,9942,4929,13309"
9275,9275,"12665,8413,8562,89,5875,1290,544,8235,9942,10326"
9308,9308,"8562,6220,3428,9942,3950,7707,8681,5545,8413,13306"
9323,9323,"544,10326,4277,6220,5303,11969,6971,4798,8483,8421"
9329,9329,"10326,3950,6220,5303,13346,12665,1220,4277,2343,544"
9355,9355,"4798,6220,8562,2218,6971,3950,5303,5545,12665,8413"
9369,9369,"10326,4798,5303,8562,2140,13346,8421,217,12857,544"
9386,9386,"8188,11484,9532,6220,12226,544,10326,1290,2343,8562"
9388,9388,"6220,4798,6971,13346,13296,5303,544,12665,2140,7707"
9401,9401,"1290,7120,4929,10663,1244,9962,2916,11298,789,5135"
9418,9418,"6220,5303,2218,3428,13346,3950,9942,5495,8562,9072"
9433,9433,"4277,13346,12857,4798,9404,8562,8483,217,3950,8421"
9440,9440,"10326,544,4277,8562,217,4798,13346,717,6220,350"
9446,9446,"3950,2218,13306,8562,4277,13408,9942,12857,1978,9404"
9464,9464,"5495,5676,8188,12470,13346,544,3509,12086,1323,1290"
9477,9477,"13346,8562,10326,6220,6971,5303,64,3950,275,5495"
9488,9488,"1290,7120,11298,6971,1244,6220,9101,4576,12665,4277"
9500,9500,"10326,4798,8562,544,4277,13346,350,8421,717,10916"
9502,9502,"13346,3950,3428,10326,4798,5461,6433,5495,5545,217"
9507,9507,"2903,2343,5199,9532,9693,9942,10835,544,1290,13346"
9528,9528,"7120,11298,4929,4576,2989,12665,12655,10663,9295,10137"
9539,9539,"4798,10326,13346,4277,12857,6220,8562,3950,8421,717"
9566,9566,"544,2343,6220,9693,9101,10326,6971,4798,1220,11298"
9575,9575,"2218,4798,717,10326,5495,8562,7138,544,1290,350"
9583,9583,"4798,5495,13346,6220,9942,5303,12470,3428,13306,10326"
9589,9589,"10326,544,6220,4798,4277,13346,3950,6433,2343,6971"
9591,9591,"4798,10326,6971,3950,12857,5303,8562,2140,4277,8421"
9617,9617,"2218,6220,6326,4798,11384,8562,7138,8590,10326,544"
9620,9620,"3950,2343,6220,544,12665,8562,13346,64,3428,7707"
9622,9622,"5495,2905,544,1290,10326,4798,4917,5557,13346,217"
9631,9631,"4576,7605,7258,11918,12995,3222,544,3704,12655,2989"
9655,9655,"8413,12665,1042,544,3149,1290,11910,10326,5293,8562"
9658,9658,"2343,5495,4798,10326,6220,12665,13346,8562,5303,1220"
9660,9660,"1290,7120,9730,11298,4576,9101,4929,10663,4664,2916"
9669,9669,"1290,7120,4929,5135,789,9962,1244,10663,544,10336"
9672,9672,"12857,10326,8483,5303,10916,4798,13249,3950,11384,8161"
9684,9684,"544,1290,10326,8562,4798,9942,11298,6952,7120,2989"
9702,9702,"1290,7120,9962,789,1244,6971,5135,11298,8590,4929"
9705,9705,"1290,7120,8562,12857,8590,2218,4929,6220,8483,6971"
9722,9722,"11298,12869,1244,544,1290,12665,11024,4576,7120,10326"
9732,9732,"1290,11298,1244,9730,7120,4576,4664,7679,11024,10389"
9781,9781,"12655,2989,12869,11298,544,11024,3238,2874,8822,4576"
9803,9803,"5495,5532,2343,5303,3055,2903,13112,10835,2218,12665"
9809,9809,"2218,8562,10326,64,3950,9404,13306,5461,9942,10835"
9814,9814,"10326,5303,12857,8562,2140,4277,8421,10916,3950,6971"
9818,9818,"6220,5303,6971,2218,4798,12665,5532,1225,2140,10835"
9820,9820,"13346,4798,9693,6220,3950,2905,544,10326,9942,1290"
9848,9848,"10326,544,4277,4798,5303,217,2140,4694,6971,10077"
9856,9856,"10326,3950,6971,5303,8562,13346,4798,2140,13296,3055"
9869,9869,"6220,12665,6971,2218,8590,3055,5303,8413,8483,9942"
9889,9889,"10326,5303,2140,10568,8562,4798,13346,50,8161,8922"
9923,9923,"4798,4277,10326,5303,275,3950,8562,350,6220,10916"
9929,9929,"3950,8562,12665,3055,5199,13346,3992,544,1290,10326"
9961,9961,"1290,7120,11298,12665,4929,89,10663,12497,544,11024"
9969,9969,"1290,4798,4277,6971,217,5303,10326,2140,6433,12665"
9974,9974,"1290,7120,12665,4929,3464,89,10663,2218,11298,8590"
9976,9976,"9730,11918,4576,12995,3222,12655,11298,3427,1863,544"
9989,9989,"6220,9942,5303,6971,4798,3950,8562,12665,5495,2218"
9993,9993,"2343,6971,9942,4798,10326,13375,5545,544,12665,9693"
10002,10002,"10326,6659,5303,2218,5676,275,4798,1290,2989,544"
10011,10011,"1290,11298,9730,7120,11024,4576,7679,4664,11918,10137"
10016,10016,"4798,8562,10326,5303,3950,12665,9942,6971,12857,11969"
10028,10028,"9942,6220,5545,3055,544,5461,1290,9693,10326,3428"
10029,10029,"8562,13346,6220,2218,5303,9942,3950,10326,544,89"
10033,10033,"12665,3055,1220,8922,1286,1230,9942,5199,1746,4798"
10042,10042,"6971,5303,8562,10916,10326,4798,2140,8205,12857,544"
10046,10046,"4798,10326,8562,12857,13346,11969,13249,6433,3950,9404"
10061,10061,"544,4798,3950,4277,6220,217,6433,1328,11969,8421"
10071,10071,"9942,4277,6220,3950,13296,217,13249,12857,8421,13346"
10084,10084,"4798,8562,12857,2140,8421,3950,1220,2218,13346,10326"
10091,10091,"8562,4798,5199,6220,13346,2218,9942,10326,544,1290"
10102,10102,"11298,6220,1244,4576,4929,544,11024,10663,2989,12665"
10104,10104,"8562,2218,5303,6971,4798,3950,2140,275,6220,10326"
10121,10121,"1290,7120,6971,4929,789,5135,10663,11298,2218,5495"
10131,10131,"8562,13346,3428,12665,3950,12857,9942,5545,8413,4798"
10134,10134,"10326,544,4798,13346,5303,13408,2140,1290,9942,6971"
10139,10139,"1290,7120,4929,11298,10663,2916,9295,12497,3697,2989"
10144,10144,"3950,13346,5303,4798,6220,8562,3055,217,9942,12793"
10155,10155,"2218,4798,3950,10326,8562,6971,13346,8421,5303,544"
10168,10168,"6220,1290,544,8562,10326,4798,13296,9564,10429,9942"
10178,10178,"544,2989,13408,4664,1244,9101,2218,5495,11298,2343"
10186,10186,"9693,12665,3950,8562,9942,6220,5545,5532,89,544"
10190,10190,"4277,10326,4798,8421,10594,544,11222,217,717,350"
10194,10194,"8562,3950,4798,4277,5303,6220,12857,2218,12665,6326"
10196,10196,"13346,9942,3950,5676,6220,6641,4413,13249,6659,544"
10215,10215,"4798,10326,4277,12857,6433,1290,2140,6971,8421,13249"
10218,10218,"6220,8562,12857,3950,2218,8188,12665,10916,6326,2343"
10251,10251,"8562,3950,12857,4277,8188,13346,6220,5545,2218,13249"
10252,10252,"1290,6220,7120,11298,1244,9295,789,9962,5135,544"
10262,10262,"2903,5199,3127,10835,7983,544,1290,9942,10326,4266"
10266,10266,"9942,12665,6220,3950,275,5545,544,13110,89,8590"
10271,10271,"6220,8562,12665,4798,2140,9942,6971,2343,10326,9693"
10277,10277,"8562,10326,6971,5303,13346,544,8413,2140,3950,12665"
10282,10282,"1290,5303,12665,4798,10326,6971,8590,8562,8421,2140"
10286,10286,"1290,7120,4929,9295,10663,6243,544,12030,10326,3697"
10305,10305,"13346,10326,810,5495,13306,4798,5461,5199,5642,6795"
10309,10309,"9942,6220,6971,12665,5545,89,10326,7707,3950,8562"
10335,10335,"1290,7120,1244,11298,4929,12869,10663,4576,9101,2989"
10340,10340,"11298,7679,1290,4576,4664,11024,7120,2989,1779,8978"
10375,10375,"6220,4798,8413,11969,12665,8562,544,9942,1290,2127"
10388,10388,"10326,4798,13346,5303,6971,8161,2140,8562,8590,544"
10397,10397,"4798,10326,12857,8421,12665,13346,8562,275,5303,11384"
10402,10402,"2218,3950,8562,13296,9942,6220,3870,13346,10326,4413"
10407,10407,"2343,4277,6220,3428,544,350,810,1404,9404,5885"
10408,10408,"8562,10326,544,1290,4798,9942,9306,11298,8022,3064"
10416,10416,"13346,3950,10326,4798,2343,6326,1220,6220,12857,12665"
10448,10448,"10326,544,4798,6220,3950,5303,13346,2140,12857,4277"
10454,10454,"8562,13346,3950,5199,3799,3428,10326,5461,9404,544"
10499,10499,"10326,217,4798,4277,717,8421,8562,13346,2140,12857"
10503,10503,"10568,8279,544,8296,1290,11351,6999,10326,13346,3950"
10504,10504,"2989,544,4576,6220,7679,4664,11298,8978,10389,1244"
10508,10508,"4798,10326,544,5303,11969,6971,8562,2140,6433,8421"
10514,10514,"10326,3950,13346,8562,6220,13249,10916,4798,6326,6270"
10526,10526,"13346,4798,3950,12857,717,6326,8421,217,10594,8562"
10540,10540,"4798,10326,13346,9942,3950,6220,544,4277,2140,10916"
10542,10542,"217,4277,717,544,8421,3416,350,10326,9340,6433"
10551,10551,"10326,6220,4798,8562,6971,544,5303,275,9942,5545"
10554,10554,"4798,6220,5303,10326,9942,13296,8590,4277,3055,1978"
10555,10555,"8590,8562,2343,11484,6659,2218,544,10326,1290,4823"
10556,10556,"3055,227,4798,5495,9942,10326,544,1290,5610,3766"
10562,10562,"12857,6971,4798,2140,2218,3950,31,9072,5866,544"
10575,10575,"11298,1290,7120,12869,7669,4664,9730,9295,4576,10607"
10576,10576,"10326,4798,12857,544,8421,2140,13346,5303,10916,1290"
10582,10582,"10326,544,3950,9942,6971,1290,8562,5303,4277,13408"
10584,10584,"3950,8562,13346,6220,5303,12665,3428,6326,1978,4798"
10606,10606,"10326,4798,3950,13346,544,2218,6220,4277,2140,9942"
10611,10611,"544,4798,4277,717,217,8421,350,10077,6383,1017"
10613,10613,"544,10326,4798,217,5303,717,3950,8562,11969,13249"
10614,10614,"2343,5545,8562,544,1290,9942,10429,12606,4798,10326"
10623,10623,"8235,8413,544,4715,1290,10326,4798,7024,9942,8562"
10647,10647,"12869,11298,11024,4163,7679,2957,1851,9330,1290,4216"
10657,10657,"12857,10326,4798,8421,4277,8562,10594,8161,2140,6326"
10670,10670,"10326,4798,2140,10594,8161,9942,10916,8421,1017,12857"
10679,10679,"1290,7120,11298,11024,9101,9730,10389,12869,9295,1244"
10680,10680,"4798,9942,13346,5303,10326,2218,8483,6220,2140,6971"
10699,10699,"6971,4798,8590,5303,5495,2218,8562,8922,10326,544"
10715,10715,"9404,217,50,10326,4277,350,9602,544,238,1018"
10720,10720,"8562,3950,13346,12665,5303,4798,6326,2218,3055,544"
10735,10735,"6220,9942,13346,2343,2218,3950,8562,275,13296,10326"
10742,10742,"6220,12665,2218,8562,5303,9942,13296,3428,5461,275"
10744,10744,"8421,2580,544,4616,1290,4798,10326,4957,7305,837"
10747,10747,"544,4277,3950,10568,10326,8562,13346,8421,5199,4798"
10769,10769,"2343,9693,9455,6839,1933,3127,861,544,1290,7547"
10795,10795,"4798,5303,6971,10326,12857,3950,2140,275,13346,11000"
10817,10817,"1290,11298,1244,7120,10607,11024,789,9962,1779,5135"
10819,10819,"6971,5303,6220,2218,12665,2140,3055,544,7411,10326"
10828,10828,"10326,6220,1244,11969,3428,12665,13110,1220,275,5545"
10860,10860,"3950,8562,5303,12857,12665,13346,217,10326,4798,544"
10868,10868,"2343,9693,2989,11298,9101,4576,10137,5532,544,2537"
10895,10895,"13346,8562,10326,3950,10916,6220,5303,4798,13249,2140"
10900,10900,"10326,4798,6971,5303,2140,8562,6433,9580,8161,10916"
10912,10912,"3464,8315,7679,11298,2769,544,1290,10326,4798,9942"
10934,10934,"1290,7120,11298,1244,9101,12869,4576,4929,10326,544"
10947,10947,"5495,12470,6971,4798,5303,2140,10326,2218,8562,544"
10950,10950,"10326,5303,4798,2140,6433,3950,544,6971,5126,12857"
10964,10964,"1290,7120,11298,1244,11024,4929,9101,10607,9962,789"
10965,10965,"9942,3950,6220,7707,5495,1681,7715,8681,544,1290"
10968,10968,"10326,544,5303,6220,2218,2140,13296,275,4277,4798"
10972,10972,"4798,3950,13346,544,6971,13249,10916,8562,12665,6433"
10975,10975,"6433,10326,717,12869,1290,4798,9730,4576,13375,2140"
11028,11028,"10326,9942,4798,3950,8562,3428,5545,4277,13346,12665"
11030,11030,"1290,544,2218,6220,11298,2343,9295,9101,4576,8590"
11044,11044,"1290,2343,6971,89,7707,3950,9693,810,64,544"
11048,11048,"13346,3950,8562,4798,217,6220,2905,10326,2140,544"
11065,11065,"1290,4798,6971,7120,2218,544,5303,89,11969,10326"
11085,11085,"9962,789,1290,5135,11298,1244,544,6811,7120,10326"
11088,11088,"8562,6971,4798,2140,5303,6220,10326,544,1290,8413"
11100,11100,"11298,1290,11024,1244,9101,2989,4576,2343,12869,8978"
11102,11102,"4798,3950,8562,12665,12857,8483,10326,3428,6220,13346"
11105,11105,"1290,8590,5199,5532,10835,544,2343,9693,6971,5303"
11107,11107,"10326,8562,3950,2218,13346,4798,6220,8590,5303,275"
11109,11109,"1290,7120,6220,4576,544,9942,11298,7707,1863,13296"
11120,11120,"1290,7120,11298,1244,4929,9101,544,9295,2989,789"
11121,11121,"8562,13346,3950,10326,6971,4798,6220,9942,2140,5495"
11133,11133,"9375,544,1290,10326,2263,8562,8911,4798,9942,11298"
11149,11149,"9942,275,10326,2140,6971,13249,5461,13150,11000,10594"
11152,11152,"1290,11298,7120,11024,9730,4576,10137,4664,10607,5969"
11160,11160,"13346,12665,5545,3428,714,3950,9942,64,4413,8546"
11163,11163,"10326,4798,3950,13346,6220,12665,275,544,13296,5303"
11168,11168,"2140,4798,544,7063,10326,1290,9942,2291,8562,5970"
11193,11193,"544,4798,6220,5303,6971,1978,9072,10326,12470,8562"
11200,11200,"9942,6220,3428,8562,5495,3950,12470,13296,13110,1323"
11210,11210,"1290,7120,6971,4929,10663,2916,6243,1244,544,4798"
11215,11215,"10326,7707,13249,11384,810,5199,10594,9105,5303,13259"
11219,11219,"1290,7120,9962,789,5135,4929,544,6811,10326,9405"
11243,11243,"2140,1912,544,10326,1290,717,4798,6588,9942,8562"
11253,11253,"1290,7120,11298,9101,2989,544,4576,10389,1244,4929"
11261,11261,"6220,13346,2218,3950,4798,13296,89,10326,544,8188"
11280,11280,"2343,9693,5532,544,9942,4388,1290,5199,10326,3909"
11285,11285,"1290,7120,6220,11298,11024,13296,12665,1244,9101,10607"
11309,11309,"3950,8562,12665,6326,5545,217,1598,810,9942,544"
11312,11312,"6971,7707,9942,9404,13306,3950,4798,6220,2343,5545"
11314,11314,"2343,9693,350,4798,8562,4277,8421,64,13249,10326"
11325,11325,"4798,10326,2343,544,4277,8562,6220,9693,8590,6971"
11327,11327,"6220,8562,7707,5303,5495,8681,10326,12470,4798,544"
11359,11359,"10326,13346,12665,544,6971,6220,275,5676,2140,2343"
11366,11366,"11554,8315,6248,7679,9491,544,7220,1290,873,10326"
11368,11368,"1290,11298,7120,1244,9101,544,12869,2989,11024,4576"
11371,11371,"10326,5495,3950,6326,5532,5199,13112,6220,13306,2343"
11376,11376,"12665,2218,217,2989,8421,8562,544,9730,12857,8590"
11377,11377,"10326,8562,4798,5495,5303,6326,13346,12470,6220,8421"
11383,11383,"4798,10326,6971,5303,12857,8562,2140,275,544,13346"
11416,11416,"1328,10326,4798,544,1290,1221,6659,9942,8562,1261"
11444,11444,"1290,10326,11298,9101,2989,12665,4576,6220,11969,6971"
11445,11445,"10326,4798,8562,13346,217,544,2343,6220,4277,9693"
11448,11448,"544,9693,11969,6220,6795,1220,1290,7679,9532,64"
11469,11469,"6971,544,12451,1290,725,10326,4308,6796,4798,9942"
11487,11487,"7120,2343,1244,4929,6971,544,9693,11298,9730,10663"
11492,11492,"5303,6220,5495,2343,8562,13346,4798,5532,544,10835"
11503,11503,"544,10326,4277,7707,350,810,6220,9693,4798,10453"
11504,11504,"6270,5495,9275,544,1943,1290,10326,4956,4798,36"
11515,11515,"6220,3950,10326,9942,13346,4277,8562,12665,2218,13296"
11547,11547,"10326,12665,6971,3950,13346,6220,4798,2343,5532,544"
11552,11552,"2343,4798,544,6220,8562,10326,13346,3950,6971,12665"
11567,11567,"10326,8562,4798,6220,3950,4277,13346,12857,12665,217"
11581,11581,"544,10326,4798,2218,5303,6971,4277,9942,217,12857"
11589,11589,"1290,7120,11298,1244,12869,11024,789,9101,2989,5135"
11591,11591,"12665,11298,89,12995,2989,4654,10137,2343,1290,544"
11595,11595,"1290,9295,11298,9962,7120,11024,5135,544,10326,4798"
11604,11604,"1290,544,6971,2218,4798,7120,1220,3464,2140,6220"
11608,11608,"10326,8562,6220,3950,12665,6971,4277,13346,5303,9942"
11627,11627,"3950,13346,8562,4798,2218,9942,3055,8413,12793,10326"
11646,11646,"8562,2218,3428,3950,6220,5545,5495,8413,4798,6971"
11647,11647,"4798,4277,13346,5303,6971,8483,3428,8562,2218,3950"
11675,11675,"4798,5303,2140,6971,3950,544,2343,11406,10326,6515"
11676,11676,"1290,7120,11298,6971,1244,4929,10663,12869,9962,789"
11696,11696,"10326,4798,544,5495,2343,12665,13408,7063,1290,9942"
11700,11700,"8562,544,1290,10326,7772,7332,4798,9942,2435,12424"
11722,11722,"1290,7120,6220,6971,10326,544,5303,1244,9295,4929"
11754,11754,"3950,6220,544,2343,2989,2218,4798,5545,11969,12857"
11757,11757,"13408,2343,6971,544,8590,12665,8681,9532,10326,1290"
11767,11767,"12665,2218,7707,12757,9942,544,4413,1290,8562,10326"
11773,11773,"10326,6220,3950,9942,4798,8421,1328,3428,5303,5545"
11777,11777,"8562,9942,4798,6220,13110,5545,10326,3055,13346,544"
11778,11778,"1290,9101,12869,7120,11298,7669,1244,9962,9330,4163"
11788,11788,"1290,7120,11298,1779,10607,9730,4929,11024,4576,544"
11790,11790,"1290,10326,7120,544,4929,6971,11969,9295,8590,10663"
11811,11811,"1290,7120,1244,4929,11298,9101,10663,4664,9295,9730"
11837,11837,"1290,7120,1244,9101,11298,11024,4664,10389,10607,2989"
11859,11859,"13346,12665,3950,8413,8483,4798,2343,8235,544,9942"
11865,11865,"544,8562,1290,10326,4798,12665,9942,7120,5976,6220"
11867,11867,"8562,3950,5495,8483,217,1323,13249,8681,4798,9942"
11871,11871,"1290,2218,1244,6220,6971,544,5303,7120,9942,11969"
11879,11879,"7120,1244,11298,4576,10663,544,9101,2916,10607,4664"
11880,11880,"10326,4798,4277,2218,8421,6220,2140,717,5303,8562"
11908,11908,"5495,5303,4798,2140,6971,10326,2343,8922,8562,12665"
11912,11912,"4798,6971,2218,5303,275,2140,8413,544,1290,10326"
11925,11925,"4277,3950,64,4798,217,1328,350,275,12857,717"
11933,11933,"8562,5676,8681,6220,8413,2218,5642,544,10326,4413"
11945,11945,"544,10429,1863,1290,10326,9942,4798,5976,8562,7120"
11948,11948,"3950,4798,5495,8562,5461,10326,9942,3428,13249,544"
11952,11952,"4798,4277,5303,10326,544,9338,1290,8562,9942,5497"
11957,11957,"5303,4798,544,1290,5495,10326,11298,62,9942,8562"
11959,11959,"4798,3428,13346,5303,50,13306,12857,4277,9942,6326"
11967,11967,"8562,6220,2218,3950,12665,8413,89,5875,9942,4798"
11969,11969,"3428,544,6220,1290,10326,1421,9942,4798,12777,2580"
11970,11970,"6220,13296,7707,2218,13306,544,1889,8607,7679,3428"
11975,11975,"6220,3950,7707,5545,9942,10326,13296,13346,3870,4413"
11995,11995,"3950,8562,6220,9404,8279,5199,12665,257,544,5177"
12002,12002,"1290,7120,11298,4576,2989,12869,544,4664,1244,11024"
12022,12022,"1290,7120,11298,1244,9962,789,5135,4664,12869,10389"
12032,12032,"4858,544,10326,6659,1290,9375,4798,11484,8562,9942"
12036,12036,"1290,7120,9101,544,11024,4576,4664,9295,1244,12869"
12066,12066,"4798,6971,544,4277,2343,4576,12665,2411,10326,9455"
12077,12077,"1290,7120,4929,9962,1244,789,10663,5135,11298,3697"
12078,12078,"4798,10326,4277,5303,13346,11000,717,350,3950,544"
12084,12084,"10326,6971,5303,8562,4798,6220,12665,13346,2140,544"
12089,12089,"6220,8562,3950,10326,5303,2218,13346,8413,3055,9942"
12106,12106,"10326,11298,6220,2989,4798,1290,11969,4277,4576,2343"
12107,12107,"12665,2218,8188,558,544,1290,8521,10326,8562,802"
12111,12111,"4798,10326,6220,13346,8562,544,6971,12665,3950,9942"
12131,12131,"8562,4798,5303,10326,13346,2140,8421,12857,10916,13249"
12139,12139,"4798,9693,13346,8562,544,10326,9404,6638,2537,6742"
12141,12141,"2218,13346,544,9942,31,6220,4798,1290,10326,1085"
12144,12144,"1290,11298,7120,1244,544,9101,4664,5135,9942,4576"
12150,12150,"6220,8562,4798,2218,13346,9942,3950,5303,8483,6659"
12151,12151,"10326,6220,12665,4277,217,717,4798,3950,544,13346"
12162,12162,"5495,544,9182,1290,997,3525,4798,9292,10326,3980"
12170,12170,"4163,12869,2957,4940,11554,4216,544,1290,10102,10674"
12182,12182,"544,1290,5495,2218,2343,9693,5303,275,6220,5199"
12185,12185,"8562,6220,13346,10326,4798,9942,5303,4277,217,13249"
12191,12191,"10326,13346,12857,6433,3950,12665,5461,10594,11000,1323"
12197,12197,"2343,9693,1290,5532,544,5199,10835,4798,8590,6971"
12204,12204,"1290,7120,11298,1244,2989,11024,789,1779,12655,12903"
12229,12229,"544,1290,2343,6220,9693,10326,9942,11969,4798,6971"
12231,12231,"1290,11298,7120,6220,4576,1244,9730,544,6971,9101"
12234,12234,"8562,1290,2343,11024,544,10326,7120,12665,4798,3088"
12238,12238,"4798,8562,10326,13346,5303,6220,6971,2218,12665,5495"
12242,12242,"5303,8562,217,12857,3950,717,3992,6641,10326,4798"
12260,12260,"10326,8562,13346,6220,10916,8421,13249,4277,2905,217"
12262,12262,"5495,8562,5199,5532,2343,13346,12470,5303,544,2903"
12281,12281,"10326,6220,8562,6971,5303,8590,4798,5495,7707,3055"
12289,12289,"9693,10326,544,4798,8562,6795,5532,9532,64,1220"
12306,12306,"4798,8562,6220,3950,2140,13346,10326,717,6971,6270"
12326,12326,"10326,544,4798,1290,7824,3428,9942,10506,8022,8562"
12337,12337,"6220,2343,8562,9693,4798,2140,3950,12665,13346,1978"
12355,12355,"1290,544,7120,11298,10326,2989,2343,4576,9101,4277"
12371,12371,"3950,2343,2218,9942,544,10326,64,5545,4798,9693"
12372,12372,"12665,5875,544,8235,2343,1290,10326,4798,9942,12662"
12373,12373,"4798,10326,12857,4277,1328,8421,8562,350,8161,6433"
12390,12390,"7120,4929,10663,2916,12497,544,6243,6971,10326,4798"
12405,12405,"2343,9693,544,10326,1290,5532,6795,10568,4798,10835"
12407,12407,"1290,544,7637,8703,10326,7120,4798,9942,8562,11298"
12408,12408,"544,5495,6220,9942,5545,12470,5461,5676,4576,7707"
12419,12419,"8590,10326,3464,1290,11484,6659,275,5303,7120,544"
12423,12423,"5303,5610,8562,544,1290,4798,10326,9942,976,6134"
12426,12426,"7120,11298,9101,544,6971,4929,1244,2989,10663,11024"
12452,12452,"10326,4798,8562,5303,6659,1328,13249,3950,8421,544"
12480,12480,"544,2989,1290,12869,6971,11298,10389,7120,4664,11024"
12530,12530,"4798,2218,9942,12665,8188,8562,544,1290,6220,10326"
12546,12546,"4798,10326,6971,2343,8562,544,8590,13346,1290,6220"
12556,12556,"1290,7120,1244,2989,9101,4929,4576,9295,11024,9730"
12573,12573,"8562,5545,2140,2218,3428,1543,12665,6220,6302,64"
12592,12592,"10326,6220,8562,9942,13346,4798,9693,3950,12665,13296"
12596,12596,"8562,13346,3950,12857,10326,4277,2218,8483,13249,4798"
12599,12599,"1290,7120,11298,1244,11024,789,10607,544,9962,5135"
12615,12615,"11298,9101,11024,544,4664,7679,1290,4163,2957,10674"
12618,12618,"9942,3950,544,5676,3428,13306,2218,13110,7707,10326"
12624,12624,"8562,3950,4798,12665,4277,6220,13346,275,5303,6326"
12638,12638,"9693,3127,6220,2343,10835,861,4798,8018,1220,796"
12641,12641,"5495,5199,4798,544,5303,6971,9101,5532,12470,10326"
12644,12644,"1290,7120,9101,4929,544,4576,9295,10663,11298,12497"
12649,12649,"1290,6971,10326,4798,7120,544,8562,8703,9942,8590"
12654,12654,"5495,4798,8590,2218,6383,10326,5303,6971,2140,13346"
12658,12658,"64,9072,544,1889,10326,5461,8413,6220,7138,7867"
12659,12659,"7120,10326,544,4798,6971,9101,4277,8590,12665,1244"
12666,12666,"4798,9693,10326,13346,3428,4277,9942,6220,13249,6795"
12669,12669,"1244,544,1290,11980,12665,13401,10326,12507,11298,4798"
12674,12674,"10326,4798,3950,13346,8413,6971,6220,9942,3870,275"
12688,12688,"9453,10326,544,1290,6952,4798,8562,9942,11298,7120"
12694,12694,"6220,8413,12665,5545,13296,7707,13110,64,3870,9942"
12709,12709,"4798,13346,5303,8562,275,6220,12857,4277,6433,8421"
12712,12712,"1290,7120,4929,5875,7024,11298,544,12662,10023,10326"
12722,12722,"12869,7679,11554,4163,9330,10674,544,1290,1371,2957"
12728,12728,"2218,8188,5495,544,8562,1290,10326,4798,9942,11298"
12732,12732,"2343,5532,5199,6795,10835,9693,544,1290,4798,3909"
12736,12736,"4798,10326,4277,12857,10594,717,350,8421,6433,2140"
12738,12738,"10326,4277,13346,4798,3950,217,6220,12665,544,5495"
12741,12741,"9942,10326,3428,2218,3950,11969,8562,4277,8421,12470"
12756,12756,"12470,8188,13408,2218,544,12665,4798,13346,1290,10326"
12764,12764,"10326,6220,2343,2218,275,5545,3428,8590,4798,7707"
12768,12768,"12665,6220,6971,3950,2343,8590,13408,1290,10835,544"
12773,12773,"6971,8562,4798,12857,2140,3055,8413,8681,2218,6220"
12789,12789,"4798,8562,12857,2140,8421,13346,10326,5495,4277,6220"
12790,12790,"1290,11298,544,4929,10663,2218,1244,89,4277,12655"
12801,12801,"5495,2218,5532,13112,5303,8279,12470,6220,1290,12668"
12804,12804,"1290,4929,12869,10663,1244,12497,2916,9962,9295,3464"
12833,12833,"6220,13346,2218,8562,3950,4798,12857,5545,2140,9942"
12846,12846,"3950,10326,13346,4798,12857,5495,13249,5642,3428,217"
12855,12855,"5495,13346,4798,1978,2343,5199,544,10326,8830,1290"
12860,12860,"8562,3950,5303,4798,9733,13346,544,8413,6971,12665"
12874,12874,"4798,10326,8562,13346,12857,3950,5303,6326,217,8421"
12875,12875,"8562,5495,13346,5199,7547,2905,544,4798,1290,217"
12877,12877,"2218,6659,6220,544,8562,7236,5545,1290,6402,10326"
12883,12883,"5495,12470,5303,8413,12668,5545,544,1290,10326,9942"
12890,12890,"8703,544,1290,4798,7637,10326,9668,8562,9942,9954"
12919,12919,"1290,7120,4929,10663,12497,9295,1244,11298,6971,10674"
12927,12927,"1290,12665,544,13296,6220,7707,1863,7120,7792,10429"
12955,12955,"6971,3428,2218,8413,6220,5495,3950,12668,9404,9693"
12956,12956,"8562,5495,6971,1290,544,9942,7715,10326,4798,1583"
12958,12958,"13408,10326,9942,544,2140,5495,4798,7439,1290,2989"
12965,12965,"4798,8562,6433,350,217,3950,13346,4277,810,544"
12970,12970,"3950,10326,6220,5303,5545,2218,12665,544,6971,13296"
12996,12996,"2343,9693,6795,1290,6971,9532,9101,544,2537,10835"
13000,13000,"6220,3950,8562,9942,13346,2218,8413,5545,3428,8681"
13017,13017,"11298,544,2989,9101,4576,11024,1290,6220,2343,10137"
13019,13019,"10326,4277,8562,6220,6971,3950,217,6433,12857,13249"
13021,13021,"8562,8413,10916,6971,6220,12606,544,1290,10326,6302"
13022,13022,"8562,10326,6220,2140,1328,6433,12857,4798,544,2218"
13063,13063,"13346,8413,13296,1889,5461,4798,6220,10326,4413,9942"
13075,13075,"12869,544,10326,13346,11298,1290,2218,12665,4798,9942"
13076,13076,"13346,3950,10326,2218,13306,6220,2343,4798,5532,544"
13101,13101,"4798,8562,6220,2140,5303,6971,3950,217,5495,10326"
13105,13105,"1290,7120,11298,12869,9101,544,9730,4576,11024,10389"
13115,13115,"10326,1290,6971,12665,9942,544,89,4576,7120,8562"
13117,13117,"1290,7120,5303,4576,6971,544,4664,11024,1244,9730"
13121,13121,"3950,13346,4798,10326,2140,8421,8562,6326,9942,64"
13123,13123,"544,1290,2343,7120,11298,9101,1244,11969,4576,6971"
13125,13125,"10326,12857,4798,8562,2140,9942,3950,12665,544,1290"
13147,13147,"8562,3950,4798,217,12857,717,13346,6433,1978,350"
13151,13151,"13346,4798,9942,2218,5303,12665,12470,89,1220,6220"
13153,13153,"10326,8562,4277,4798,3950,13346,6220,6326,717,6433"
13176,13176,"1290,11298,544,12869,4576,7120,4664,7679,1244,789"
13180,13180,"6220,8562,9942,3428,4798,13346,13296,544,5545,7707"
13192,13192,"2218,9942,13346,9404,3870,10326,3565,3950,5610,544"
13194,13194,"4602,12665,5875,544,8235,1290,3950,931,10326,9942"
13195,13195,"4277,8562,5303,1323,5642,12857,9942,1978,717,1404"
13198,13198,"10326,5303,275,4798,8483,4277,9942,350,10594,10568"
13231,13231,"3950,12857,4798,5303,6971,8562,2140,11000,9942,10326"
13234,13234,"1290,7120,4929,10663,5135,9962,789,2916,6243,13309"
13240,13240,"7120,2989,544,9942,12869,11298,10326,4277,9101,4576"
13273,13273,"3950,6220,12665,2218,4798,5303,9942,13346,2140,89"
13276,13276,"8562,3950,8413,1978,5495,8421,9942,3428,2580,6220"
13283,13283,"10326,4798,2140,8421,6433,8161,717,9340,12857,544"
13297,13297,"13346,8413,8562,275,8483,12665,6270,1286,5545,5875"
13301,13301,"4798,8562,6220,1290,5303,8421,9942,12665,13346,8413"
13303,13303,"8562,3950,8413,5303,5495,13346,12857,11000,12665,544"
13321,13321,"1290,11298,7120,11024,2989,10464,544,4036,9730,10326"
13330,13330,"1290,1863,10326,544,2218,5545,12665,8562,7120,4798"
13338,13338,"1290,7120,11298,9295,3464,10607,1244,5135,1779,789"
13380,13380,"10326,275,9942,6971,2218,2140,7707,8562,5303,5731"
13389,13389,"1290,7120,4929,10663,2916,4798,544,11298,10326,6243"
13390,13390,"2343,3950,9693,5532,544,1290,10835,11439,9404,10326"
13391,13391,"1290,11298,7120,12869,12665,4576,2989,2140,9730,4798"
13401,13401,"8562,6220,4277,544,3428,3950,5495,5303,350,10326"
13403,13403,"89,8188,8590,1290,9942,544,10326,4798,6971,6220"
13407,13407,"544,10326,1290,4277,1244,7120,4798,350,9404,5303"
13413,13413,"4798,544,1290,10326,2861,9942,9598,8972,8562,11298"
13414,13414,"11298,2989,1290,9730,9101,12869,1244,11024,8978,9295"
13446,13446,"4798,4277,10326,5303,8421,12857,6433,717,8590,2140"
13472,13472,"1290,6971,7120,11298,7679,9101,544,3464,4576,4929"
13488,13488,"4798,3950,5303,13346,8562,4277,10326,2140,13296,6971"
13502,13502,"1290,10326,9101,7120,11298,11024,544,2343,7679,1244"
13507,13507,"1290,7120,11298,9101,4576,9730,1244,4664,10389,11024"
13512,13512,"4798,3950,10326,8562,7707,6659,3870,13346,9455,844"
13543,13543,"4798,544,4277,5303,12665,11969,3950,10916,8421,217"
13572,13572,"10326,8562,544,6220,6971,4798,5303,2140,717,6433"
13595,13595,"1290,7120,6971,4929,1244,2218,10663,544,10326,4798"
13599,13599,"6220,4798,3950,2343,5495,8562,544,6971,3428,5199"
13608,13608,"10326,544,4798,9693,12665,13346,8562,5303,64,11969"
13609,13609,"350,10326,544,4798,1290,9942,8562,11298,7120,3593"
13630,13630,"9942,3950,12665,4798,10326,2140,2218,5545,275,6220"
13635,13635,"10326,4798,5303,8562,6971,8421,2140,544,717,1290"
13645,13645,"4798,6220,3950,10326,8562,3428,3055,8590,11000,13296"
13673,13673,"5532,8413,2903,5199,8562,544,10326,3055,6638,1290"
13683,13683,"9942,544,6220,5303,6971,4798,2343,5545,11969,8590"
13702,13702,"6971,12665,8590,6220,89,1290,5545,7707,5731,544"
13716,13716,"4798,8562,6220,10326,3950,6971,12665,2218,2140,275"
13724,13724,"9730,11298,4576,12869,9101,544,4277,1244,4929,2989"
13746,13746,"12665,4798,6971,5303,10326,2140,6220,8562,3950,13346"
13752,13752,"8562,13346,3870,544,1290,9942,4798,10326,3992,10434"
13756,13756,"1290,7120,9962,789,4929,5135,10663,13309,3697,544"
13763,13763,"1290,7120,1244,11298,9962,789,10607,5135,11024,10663"
13774,13774,"10326,6220,8562,2218,544,9942,13296,5545,7707,9101"
13776,13776,"1290,7120,11298,4929,4664,9962,9730,5135,4028,10607"
13786,13786,"1290,11298,9962,789,5135,7120,544,6811,10326,4798"
13788,13788,"9453,544,6643,1290,10326,6305,4798,10707,7399,8562"
13791,13791,"1290,2989,7120,6971,11024,11298,4576,1244,1779,10389"
13810,13810,"8562,13346,6220,2218,10326,12857,5676,6971,2140,5303"
13811,13811,"4798,10326,5303,12857,13346,8421,2140,10916,3950,13249"
13820,13820,"9942,11024,11298,4576,5135,9962,789,5969,544,10919"
13826,13826,"12665,3428,5495,9072,6220,714,3950,8562,2218,217"
13840,13840,"10326,544,8562,1290,4798,2770,9942,11298,7120,5495"
13841,13841,"544,6220,8562,217,2343,13296,4277,717,3428,8161"
13852,13852,"6220,2218,12665,9942,89,5545,7707,13296,3950,3509"
13858,13858,"1290,4798,6971,10326,8562,544,7637,6220,9942,7120"
13865,13865,"6659,9178,10326,1210,4798,8562,544,1290,1328,9375"
13871,13871,"10326,544,4798,4277,717,9178,6220,10077,2140,6433"
13877,13877,"2343,13249,13346,8562,5642,4798,5292,10326,544,11345"
13905,13905,"10326,4798,8562,544,4277,8421,10916,13346,5495,5303"
13924,13924,"7120,11298,9101,544,2989,12869,4576,4929,10389,11969"
13929,13929,"4798,10326,544,4277,8562,11969,3950,6971,2140,217"
13935,13935,"3950,6220,8562,11000,12857,13346,89,3055,1978,12665"
13952,13952,"1290,7120,11298,1244,9101,4929,10389,9962,10663,4664"
13953,13953,"10326,6971,3950,1290,8590,544,6591,9295,4798,9101"
13962,13962,"10326,544,4277,3950,6971,4798,8562,13346,217,2140"
13965,13965,"5545,6220,7983,4602,3992,3509,544,89,1290,2903"
13966,13966,"10326,12857,10594,4798,13249,8421,13346,8161,8562,544"
13974,13974,"11298,2989,11024,4576,1290,12869,1244,7679,9101,7120"
13982,13982,"1290,7120,6971,11298,89,11024,4929,1779,10663,2218"
13983,13983,"5461,8562,13112,5199,3055,2903,5532,4416,544,10835"
13987,13987,"3950,10326,6220,5495,8483,4798,8562,1323,12857,6433"
13988,13988,"1290,7120,544,11298,6971,4798,2343,9730,4929,12655"
13991,13991,"4798,10326,13346,3950,4277,6220,5303,2218,12857,6326"
13995,13995,"3950,2343,5495,8562,1323,9532,12665,13346,6302,5461"
13998,13998,"10326,2140,6971,4798,13346,8562,10916,544,9306,1290"
14021,14021,"6220,3428,5545,13110,5461,13296,8681,7707,544,1290"
14028,14028,"2343,544,5532,4277,11000,10326,9693,3950,5461,8279"
14042,14042,"6220,12665,2218,9942,275,5545,6659,5303,3428,10453"
14049,14049,"544,1290,10326,8703,4798,9942,7637,8562,11298,7120"
14060,14060,"8562,6220,13306,3428,13296,2343,5545,5495,13110,3055"
14061,14061,"8413,6220,8562,12606,544,1290,4798,5762,10326,6971"
14067,14067,"7707,1863,9693,10429,1290,544,8562,6220,10326,4798"
14079,14079,"1290,4798,6220,544,12665,6971,5303,9942,3950,275"
14089,14089,"13346,544,4277,10326,2343,4798,6220,2140,9693,217"
14097,14097,"350,5303,8590,1889,2218,275,10326,4798,5676,6971"
14105,14105,"3464,9330,4163,7679,2957,11298,4216,4576,11554,9732"
14147,14147,"9942,8205,6971,7063,3950,10326,2140,544,4798,7715"
14155,14155,"9942,2218,8562,4798,13346,6220,10326,3950,12857,6433"
14168,14168,"6971,10326,4798,12857,4277,6220,6433,8562,9072,8421"
14170,14170,"8562,10326,6383,6220,7707,4277,5303,4798,10835,5461"
14173,14173,"2989,544,11298,4576,10326,13408,11024,13306,1244,7679"
14174,14174,"8562,10326,6220,3428,5545,3950,13346,1598,12857,13110"
14196,14196,"6220,12665,8413,8562,3950,9942,9693,4798,5545,4413"
14197,14197,"9340,544,1290,851,10326,4467,10674,4798,2042,9942"
14202,14202,"7120,11298,4576,9101,4929,10663,9962,10607,7258,544"
14204,14204,"544,9306,1290,10326,4798,9942,6648,8562,2300,11298"
14215,14215,"4798,2343,544,5303,810,2140,6220,11969,8483,9942"
14242,14242,"4798,8562,4277,6433,5303,10916,10594,3950,2140,544"
14244,14244,"10326,4798,6220,9942,12665,544,8562,13346,13249,6971"
14249,14249,"1290,7120,4929,10663,544,11298,6971,3697,4798,10326"
14250,14250,"238,1018,544,1290,10326,4798,11199,9942,587,3285"
14256,14256,"10326,4798,4277,8421,13346,6433,717,217,12857,5303"
14258,14258,"4664,7679,2989,8714,4545,9101,10389,11298,11918,1290"
14280,14280,"5303,3950,8562,217,6971,4798,275,2140,544,9380"
14318,14318,"544,7120,11298,1244,6220,10326,6971,4576,12665,11024"
14325,14325,"10326,1328,350,6659,8421,9453,544,1210,8562,1290"
14328,14328,"1290,10326,4798,6971,5303,8590,2140,544,4277,350"
14329,14329,"9942,3428,5495,6659,3870,3509,13346,8562,3950,7707"
14344,14344,"6971,5303,8562,6220,4798,5545,2140,5495,5199,8413"
14366,14366,"1290,7120,4929,5135,9962,6971,544,10326,4798,10663"
14421,14421,"1290,7120,11298,3464,9962,7679,5135,1244,10607,9295"
14430,14430,"10326,4798,4277,8562,10568,5303,8421,12857,9072,6925"
14435,14435,"9942,275,6925,4602,544,1290,10326,4798,10171,821"
14472,14472,"2218,6220,1290,4798,8590,2140,544,89,10326,5199"
14501,14501,"6220,544,12665,1290,2140,6971,8590,2218,4798,5545"
14509,14509,"6971,12665,13346,4798,8590,3950,3055,275,89,2218"
14516,14516,"8562,4798,5303,2140,8590,13296,13249,9942,1290,10326"
14521,14521,"4798,10326,6220,2218,3950,5303,6971,13346,8562,217"
14553,14553,"5303,8562,8590,4798,544,1290,5149,10326,9942,13346"
14561,14561,"6220,8562,12665,3950,9942,10326,13346,5545,7707,13296"
14562,14562,"5495,12665,9942,13346,5676,5303,2218,10326,6971,5461"
14567,14567,"6220,10326,2140,4798,2343,12665,275,9942,8562,3055"
14575,14575,"544,4277,1290,789,5731,9962,12869,9846,10326,2411"
14581,14581,"544,2343,3950,13346,5532,8562,6220,2140,9693,275"
14627,14627,"6971,1290,3950,89,8922,544,7120,10326,12665,9942"
14634,14634,"6220,9942,3428,3950,8413,13110,5184,7707,3565,13306"
14651,14651,"4798,5303,2218,12857,2140,5495,13346,9072,12668,10326"
14659,14659,"2343,10326,4798,3055,10835,5532,5199,8562,5495,5461"
14670,14670,"10326,4277,8421,5495,350,4798,717,10077,9455,2158"
14684,14684,"8562,13346,6220,544,13296,3428,7792,2218,1863,10326"
14691,14691,"4798,1290,7120,6971,2140,4576,8413,2218,5303,5545"
14695,14695,"1290,4798,2218,6971,7120,12665,6220,275,13296,544"
14705,14705,"10326,4277,8562,717,12857,3950,1328,4798,217,13346"
14711,14711,"1290,10326,6220,6971,4798,544,7120,9942,4277,8590"
14723,14723,"3950,5303,11639,4798,8421,8562,8413,9942,544,12035"
14739,14739,"1290,7120,11298,9730,4576,2989,4664,10389,9101,11024"
14740,14740,"10326,6971,5303,4798,8562,2140,12857,4277,544,6433"
14743,14743,"2218,5495,4798,12665,5199,9942,12668,8483,6971,10326"
14747,14747,"544,10326,6220,4277,3950,9942,5303,8562,717,2140"
14748,14748,"8562,12665,89,6220,9532,13346,13249,2903,5676,2218"
14764,14764,"4798,13346,2343,6971,3950,12665,1290,8333,9693,544"
14771,14771,"9942,544,4576,11969,4664,7707,10326,6220,5495,2989"
14780,14780,"10326,4798,6220,4277,544,8562,8421,9340,9602,9580"
14784,14784,"10326,4798,4277,11969,350,8421,1328,544,3950,6220"
14785,14785,"5495,4823,13110,544,9917,1290,9042,1496,10326,9942"
14798,14798,"2343,9532,12665,11603,5532,1220,10835,6839,1323,6795"
14801,14801,"544,4798,9942,10326,6220,2343,9693,6971,4277,1290"
14803,14803,"544,10326,4798,6220,12665,4277,13346,9942,275,2140"
14821,14821,"4798,275,10326,13249,4277,350,544,6326,217,13346"
14832,14832,"6220,6971,1290,5303,544,4798,5532,13296,8562,10326"
14833,14833,"3950,6220,4277,9942,3428,5303,13346,10326,13296,4798"
14853,14853,"9942,4798,6220,7792,8421,3127,8590,544,6971,1933"
14854,14854,"2218,13249,4798,6971,9733,1933,10835,13346,10326,5676"
14856,14856,"6220,544,9942,12665,3950,6971,2218,4798,8562,13296"
14858,14858,"10326,2343,5532,11000,4798,5199,6795,6220,9519,3950"
14864,14864,"2140,544,1290,10326,8562,6724,4798,9461,9942,9306"
14867,14867,"1290,11298,1244,7120,11024,4576,12665,10389,12869,2989"
14880,14880,"11298,7679,1779,11024,12665,11918,1244,4576,3427,10389"
14890,14890,"4798,5303,6971,8562,10326,13346,5199,544,8205,3055"
14892,14892,"10326,544,9693,6220,4798,4277,13346,11969,12665,9942"
14899,14899,"1290,11298,11024,4576,4664,12869,7120,1244,10607,9962"
14904,14904,"2343,3950,9532,3055,5532,8279,6795,13346,10835,12665"
14906,14906,"1290,11298,7120,1244,4576,9295,3464,10607,9730,12869"
14909,14909,"10326,4277,350,6383,9340,4694,1210,544,12655,1290"
14929,14929,"6220,8562,2218,4798,6971,5303,2140,10326,8188,12665"
14931,14931,"6220,13296,7707,544,8562,10326,4798,9942,1290,1863"
14938,14938,"4798,10326,3950,4277,13249,6220,8483,8562,6971,10916"
14955,14955,"6220,12665,4798,3950,2140,2218,544,8562,10326,3055"
14961,14961,"6659,10326,6528,544,294,1290,4798,8562,9942,3314"
14969,14969,"1290,11298,12869,11024,7120,9730,4664,9962,9101,10607"
14970,14970,"10326,4277,6971,4798,717,6220,217,12857,8421,8562"
14977,14977,"8562,5495,3950,13346,12665,9942,5676,7707,5545,1225"
14991,14991,"4798,5303,10326,2218,12665,3950,6220,544,2140,1290"
14993,14993,"4798,8562,10326,544,1290,2291,11994,9306,9942,887"
15009,15009,"13346,10326,3950,4798,8483,12857,13249,8562,6433,8421"
15014,15014,"9101,11298,2989,10389,2343,7679,7342,9693,4576,8978"
15028,15028,"7120,11298,1244,4929,10663,9295,12869,9730,10607,11024"
15029,15029,"10326,4277,217,717,13249,4798,3950,350,10916,5676"
15030,15030,"8562,5495,13346,5545,3428,12470,9942,13296,3870,13110"
15033,15033,"4798,13346,8562,10326,2343,8590,1220,4277,544,3950"
15052,15052,"1290,544,4798,6971,7120,8590,6220,350,8421,8562"
15062,15062,"13346,10326,4798,6433,6220,8421,9942,5676,8413,2343"
15074,15074,"6220,1290,9942,5495,6971,8562,10326,9693,4798,2218"
15081,15081,"13346,4798,544,9693,2343,10326,2140,5532,6220,13249"
15082,15082,"544,1290,10326,4029,3563,4798,9942,8562,5425,2436"
15097,15097,"13346,2140,4798,8161,10326,2218,544,1290,8562,2158"
15098,15098,"10326,4798,8562,6220,6971,3950,5303,13346,8590,275"
15107,15107,"1290,7120,4929,10663,9295,11298,6971,4664,2916,12497"
15113,15113,"10326,4798,6220,9404,50,350,3950,4277,2218,6383"
15120,15120,"10326,8562,6220,4798,13346,3950,5303,2218,5545,217"
15121,15121,"10326,4798,8562,13346,6220,3950,6971,4277,13296,217"
15122,15122,"8562,2218,5303,3950,2140,10326,13346,12857,6220,4798"
15141,15141,"10326,13249,217,544,4798,1323,9072,7275,1290,350"
15143,15143,"10326,4798,6433,544,8562,4277,350,6971,10916,8590"
15148,15148,"3950,2343,9693,4798,544,13346,64,5532,9942,13306"
15164,15164,"10326,6220,9942,4798,2343,4277,11969,3950,8590,13296"
15165,15165,"544,1290,9942,6220,12869,6971,89,4798,10326,5545"
15175,15175,"10326,4798,8562,4277,5303,8421,13346,6433,717,6326"
15186,15186,"1290,4929,10663,9295,2916,1244,11298,5135,544,789"
15189,15189,"10326,544,6220,4277,4798,3950,2218,5303,13346,5495"
15200,15200,"10326,6220,4798,544,8562,4277,1290,9942,6971,13346"
15204,15204,"10326,6220,13346,9942,4798,717,4277,8562,217,5485"
15205,15205,"1290,4798,7120,6971,10326,13296,2140,544,6220,2411"
15217,15217,"4798,5199,10835,8922,8562,1290,544,2140,10326,4266"
15240,15240,"2989,11024,1244,12869,7679,10389,9730,12995,8978,4576"
15248,15248,"1290,8562,6220,12665,1863,7707,6971,7120,544,9693"
15253,15253,"8562,4277,2140,10916,4798,544,13346,6433,5303,1290"
15256,15256,"4277,6433,3950,13346,10326,12857,544,1978,4798,7138"
15260,15260,"4798,8562,10326,544,717,6220,13346,5303,2343,8421"
15265,15265,"5495,12470,5461,5199,7983,544,1290,10326,12136,4798"
15274,15274,"350,544,1290,10326,13318,3314,4798,9942,13130,8562"
15275,15275,"2140,6971,4798,2218,5303,13346,8562,10326,544,12665"
15282,15282,"4798,10326,2218,5303,8562,2343,2140,6971,8205,13346"
15294,15294,"2343,9693,13346,5532,6795,9532,10835,2903,544,8279"
15304,15304,"1290,11298,7120,1244,4576,4664,789,11024,9962,5135"
15330,15330,"544,6220,10326,1290,2343,9101,11298,4576,11969,1244"
15331,15331,"8562,6220,12665,12470,5495,13296,3055,5545,5303,6971"
15332,15332,"1244,3464,11298,544,1290,7669,10326,9942,4798,10389"
15339,15339,"6220,544,7707,5545,8562,1863,10429,1290,9942,10326"
15387,15387,"544,6220,7707,13296,5545,9942,10326,1863,10429,12606"
15391,15391,"544,6220,10326,13346,4277,3950,4798,8590,89,6971"
15396,15396,"10326,12665,13346,4798,8562,6326,5545,6220,89,217"
15397,15397,"2218,2343,5545,6971,4798,3870,5495,13346,8562,544"
15421,15421,"4798,544,1290,9306,10326,2899,2343,9942,6648,8562"
15427,15427,"1290,7120,11298,6971,7679,4576,1244,4929,544,11969"
15434,15434,"1290,7120,11298,544,6220,1244,11024,2989,4576,9295"
15441,15441,"9942,12665,5495,2218,3950,10326,8590,13296,275,89"
15444,15444,"6971,2218,6220,5303,275,89,8590,13408,10326,5495"
15457,15457,"10326,4798,13346,3950,6220,5303,8562,9942,3428,8483"
15466,15466,"8562,13249,4277,10326,3950,11000,11384,9942,4798,1978"
15475,15475,"13249,8483,8413,12857,4798,13346,6302,6270,5495,3950"
15483,15483,"1290,11298,11024,4576,12665,544,7120,2989,7679,9295"
15487,15487,"5875,544,8483,1290,8562,6971,10326,8235,4798,9942"
15500,15500,"2140,10326,13408,544,4798,275,1290,2989,9942,9771"
15511,15511,"6220,2218,11024,9532,5545,89,11298,544,4798,9101"
15515,15515,"3950,4798,6220,8562,10326,3055,8421,13346,8590,12857"
15519,15519,"6971,275,13346,2140,8562,4798,7578,13249,544,1290"
15534,15534,"2343,5545,9693,3127,89,5303,9229,10326,544,8922"
15545,15545,"1290,7120,11298,12869,4576,11024,10137,4664,1244,4929"
15553,15553,"12869,7679,11024,9101,4576,9693,11298,2343,10389,10137"
15556,15556,"5495,8562,5303,8413,12470,6220,3950,2218,3055,6971"
15564,15564,"4798,13249,13346,6326,10326,8413,6302,2580,544,3950"
15567,15567,"1290,7120,11298,1244,12869,4929,7669,4163,10674,2957"
15582,15582,"12857,8562,5676,6326,4798,11000,4277,217,5642,50"
15585,15585,"10326,4798,4277,5303,8421,6220,2140,6971,13346,3950"
15587,15587,"8562,6220,8413,3950,13346,10326,5303,3428,8421,13249"
15589,15589,"6971,5303,8562,10916,2140,6220,8483,4798,10326,275"
15590,15590,"9693,544,9942,6795,3428,13306,5461,5532,2537,11969"
15595,15595,"10326,3055,10835,6795,544,9404,4798,1290,6522,3173"
15611,15611,"11298,1244,9101,9295,2916,10607,9962,789,5135,12869"
15613,15613,"3950,13346,2218,4798,5199,5303,10326,12665,3340,8562"
15632,15632,"10326,9942,8562,13346,6220,5303,11969,4277,7707,2140"
15633,15633,"10326,544,12857,4798,4277,2140,5303,350,6433,275"
15639,15639,"4798,5303,6971,3950,8483,2140,8590,544,10326,5495"
15648,15648,"10326,4798,4277,544,6220,8562,717,2140,6971,1290"
15652,15652,"4798,10326,13346,350,13249,275,8590,9340,8161,11000"
15683,15683,"9942,6220,2218,5545,6659,13296,3428,8562,6971,275"
15688,15688,"9942,8562,6220,3950,2218,5495,7707,13110,12665,3428"
15703,15703,"3950,8413,9942,3428,4413,12665,3870,13110,544,1290"
15708,15708,"2218,6971,5495,544,3950,1290,4213,10326,7395,2724"
15714,15714,"10326,3950,4798,217,8562,544,6433,717,350,13249"
15719,15719,"4277,10326,6433,10594,350,8562,12857,13346,4798,10916"
15727,15727,"12665,8413,3055,2140,8562,1230,6971,544,10326,1290"
15728,15728,"1290,7120,4929,10663,2916,544,6243,12030,12497,10326"
15735,15735,"10326,4798,8590,217,13346,8562,2140,8483,7120,275"
15736,15736,"4798,5303,9942,6220,1404,4453,3950,50,5545,31"
15739,15739,"1290,7120,9295,2989,3464,11024,4929,4664,11299,1244"
15742,15742,"4798,6220,12665,9942,3950,10326,5303,8562,2140,3428"
15764,15764,"350,13110,1978,9178,9234,8188,10785,8562,2063,544"
15773,15773,"5495,4798,12857,10326,2140,6971,5303,8562,10916,544"
15774,15774,"7669,11298,7120,1290,6591,2989,3539,9330,12869,4664"
15786,15786,"11298,1290,4576,11024,9101,12995,7120,4664,544,10389"
15789,15789,"217,12857,350,5303,10326,13346,50,9105,717,8421"
15796,15796,"544,9942,6220,2343,10326,3428,9693,12665,5676,11969"
15800,15800,"5495,12470,8562,5303,9942,6971,12099,8413,4798,544"
15802,15802,"1290,7120,11298,544,2343,9730,9693,1244,9101,4576"
15812,15812,"10326,4798,544,5303,217,6220,8562,8590,3950,2140"
15815,15815,"544,3870,10326,8503,1290,4798,4163,11320,7138,10154"
15828,15828,"10326,8562,6220,13346,6433,8483,6659,13249,9455,2411"
15831,15831,"1290,7120,1244,11298,9101,4664,10326,544,9942,7265"
15840,15840,"4277,350,717,275,50,9340,10326,11000,10594,11010"
15845,15845,"8562,4798,13346,10326,12857,9942,3950,13249,544,1290"
15847,15847,"13346,2218,5461,9942,6383,8413,544,8562,1290,10326"
15856,15856,"4798,8562,10326,5303,12857,3950,13346,10916,8421,6971"
15861,15861,"12869,4163,11298,9962,2957,5135,789,1290,4216,1558"
15862,15862,"1290,7120,544,11298,12869,789,10326,9962,1244,4929"
15871,15871,"5495,12470,5676,64,7707,8188,13110,13346,5109,544"
15872,15872,"8562,3950,5495,10326,12470,12857,5642,8421,12668,717"
15883,15883,"1290,7120,11298,6971,9101,1244,9295,2989,4929,4576"
15886,15886,"2343,7707,1863,6220,544,8562,10429,1290,5976,10326"
15888,15888,"544,6220,9942,3428,2218,5303,12665,3950,6971,13296"
15898,15898,"4798,4277,6220,8562,6433,10326,8421,13346,13296,8161"
15919,15919,"4798,64,50,13346,6795,10326,11298,4416,6326,8590"
15922,15922,"1290,7120,4929,11298,5135,10663,1244,13309,9295,3697"
15931,15931,"9693,1290,544,1244,11315,2343,10326,10743,4798,5251"
15941,15941,"8562,13346,2218,6220,9942,12665,7707,8188,5545,13296"
15943,15943,"4798,12857,10916,10326,8205,8161,8421,544,220,5303"
15956,15956,"6220,10326,4798,6971,5303,12665,89,3950,11969,5545"
15958,15958,"1290,6220,6971,7120,10326,89,544,13296,2140,5303"
15960,15960,"12665,3950,10326,275,10594,13346,2140,4798,6302,4895"
15973,15973,"3222,4890,4576,2989,5979,544,4545,2327,1290,10326"
15977,15977,"1290,7120,11298,1244,9962,789,9295,10607,4929,11024"
15994,15994,"9942,6220,13110,3950,89,13296,4413,13346,8562,544"
15995,15995,"1290,7120,6971,1244,4929,6220,9295,9962,11298,789"
15996,15996,"10326,6220,4798,13346,6971,3950,10916,11484,8562,12857"
15999,15999,"6220,3950,1978,8562,1543,544,4798,2580,1290,10326"
16060,16060,"1290,4798,7120,10326,6971,6220,8562,12665,5303,4929"
16069,16069,"2218,8413,6971,3950,4798,64,9380,10326,544,12665"
16076,16076,"1290,11298,7120,2989,544,9101,1244,4576,11024,12869"
16085,16085,"6383,10326,8562,544,1290,9942,4798,12191,11298,7480"
16089,16089,"8562,2140,6971,4798,544,1290,10326,8922,8703,9942"
16097,16097,"10326,544,4798,4277,8562,3950,8421,717,350,9404"
16112,16112,"4277,544,6220,3950,1290,10326,13315,13110,1030,4798"
16116,16116,"12857,2140,5303,4798,10326,544,8421,1290,8562,10594"
16137,16137,"275,5303,350,4798,3950,2140,10326,217,6270,1978"
16150,16150,"8562,3950,1328,717,13249,4798,7087,6659,9404,6528"
16174,16174,"3428,4413,3950,544,1290,9942,10326,1325,4798,2116"
16176,16176,"8413,3950,8562,227,6220,7679,6971,2903,544,1290"
16210,16210,"1290,7120,4929,789,9962,10663,5135,11298,6971,544"
16212,16212,"4798,10326,8562,3950,6220,13346,12665,5303,50,8590"
16230,16230,"10326,8562,4798,3428,6971,5303,544,8590,12857,6220"
16245,16245,"217,4277,10326,544,4798,12857,350,8562,717,13249"
16293,16293,"8562,3950,13346,6220,13249,2218,4798,10326,2140,5676"
16299,16299,"1290,7120,11298,9295,4576,12655,8590,1779,2989,4664"
16300,16300,"10429,1863,544,8562,9942,11103,1290,8188,10326,4798"
16303,16303,"6971,12857,2140,10326,2448,4798,544,8562,1290,275"
16305,16305,"1290,7120,11298,4576,10326,9101,89,6971,6220,12869"
16314,16314,"8562,4798,4277,10326,6433,12857,10568,544,6971,5303"
16328,16328,"4798,12857,5642,11540,6433,8562,544,13346,1290,10326"
16340,16340,"1290,7120,1244,544,11298,9942,6220,2140,12665,789"
16351,16351,"9942,544,8681,8483,1328,8562,10326,10869,8822,1017"
16363,16363,"4798,544,13346,2343,8562,6220,8421,6383,7707,12404"
16376,16376,"4798,5303,6971,12857,2140,10326,6433,8562,7063,3950"
16387,16387,"4798,12857,13346,6433,8483,4277,8421,6326,13249,2140"
16395,16395,"4798,13346,6220,10326,3950,4576,5303,2140,1978,4277"
16414,16414,"9101,6971,7707,810,3870,5303,11298,89,2343,6220"
16416,16416,"8413,8562,544,1290,10326,4798,9454,9942,10506,8053"
16418,16418,"6220,6971,9942,2218,89,5545,8590,5495,6270,13296"
16471,16471,"1290,2989,11298,7120,1244,11024,4576,9730,10389,10137"
16489,16489,"8562,3950,4798,2218,12857,9942,6326,13296,6220,10326"
16497,16497,"6971,2140,5532,5199,9532,544,10835,9942,2343,5545"
16509,16509,"6971,2140,5303,10326,1978,13296,544,275,5545,8562"
16510,16510,"9942,3950,13346,12665,5303,8562,5545,8413,2903,6220"
16521,16521,"1290,11298,7120,1244,11024,9101,4664,4576,10389,1779"
16524,16524,"544,10326,1290,4798,9942,8562,4868,11298,7120,10352"
16582,16582,"6971,5303,714,9942,12665,1244,544,1290,7136,8590"
16592,16592,"8562,6971,6220,1290,13296,544,5303,2218,8590,8922"
16604,16604,"1290,11298,7120,12869,9730,8978,12655,11969,2989,10137"
16605,16605,"1290,11298,9101,4576,11024,9942,7120,4664,8978,12995"
16617,16617,"1290,11298,2989,7120,11024,4576,2343,9101,12869,1779"
16622,16622,"2989,11024,11298,4576,12869,11918,1244,10607,3222,4664"
16624,16624,"3950,8562,2140,3428,217,12857,544,10326,6220,1290"
16628,16628,"3950,2218,4798,11484,8562,544,1290,10326,11406,9942"
16633,16633,"1290,7120,4929,1244,6971,11298,544,9101,2989,4798"
16646,16646,"7707,6220,5303,544,4798,1290,9083,10326,8981,9942"
16651,16651,"3950,5495,13346,4277,8562,10326,3428,1889,12857,717"
16654,16654,"4798,10326,13346,6971,8562,5303,3055,3950,10916,8421"
16673,16673,"5303,3950,8562,2140,4798,13346,11000,9942,6326,8413"
16675,16675,"6220,10326,4798,8562,3950,13346,4277,13296,6326,5303"
16677,16677,"8562,3950,6971,5532,5199,10835,8413,544,4798,1290"
16679,16679,"6971,8413,2218,5495,275,13375,8562,12665,4798,9942"
16686,16686,"11298,1290,7120,544,4664,1779,12903,789,3539,4036"
16695,16695,"3950,4277,2218,4798,5303,10916,8421,12857,8562,2140"
16704,16704,"3428,13346,9942,13110,8562,1598,3950,544,12153,4602"
16709,16709,"6220,13346,12665,9942,5545,7707,1220,544,3950,4798"
16773,16773,"10326,4798,3950,12857,8483,6433,6326,8562,10916,217"
16774,16774,"3950,11000,12857,4798,10326,13346,544,1290,6326,9942"
16797,16797,"9942,3950,3428,6220,13346,13110,1323,13306,13296,8562"
16803,16803,"217,2140,8562,10326,4798,7063,9961,544,1290,6751"
16804,16804,"10326,13346,4798,4277,12857,3950,5303,350,217,10916"
16806,16806,"8562,2343,544,2140,5545,8590,4798,10326,1220,9693"
16810,16810,"3950,8413,12934,3428,5545,8483,11000,3992,3509,9942"
16836,16836,"10326,6383,544,8421,217,9340,1912,2140,4277,1290"
16844,16844,"5199,544,5495,10326,1290,13306,4266,4798,13271,8562"
16861,16861,"1290,1244,11298,7120,4163,2957,3464,4664,5135,9962"
16875,16875,"4798,5303,10326,6971,12857,13346,2218,2140,8562,6326"
16936,16936,"4798,10326,3950,13346,12857,9942,4277,12665,2140,8562"
16946,16946,"13346,3950,217,5303,717,9942,12857,10326,4798,7707"
16965,16965,"10326,4798,6220,8562,2218,5303,12665,2140,13346,13296"
16987,16987,"10326,6971,5303,6220,8562,4277,8590,2140,544,4798"
16988,16988,"6971,4798,2218,8922,3055,1290,5875,544,2343,10326"
16989,16989,"8562,10326,9942,12665,6220,3950,2218,4798,13346,5303"
17007,17007,"10326,4798,6220,275,2140,8421,2218,12665,6925,544"
17016,17016,"10326,8562,9942,4798,6220,2343,8590,12665,8421,5461"
17030,17030,"5303,2140,11000,544,10326,1290,3340,4798,6624,9942"
17034,17034,"10326,4798,13346,8562,3950,6220,5303,9942,12857,10916"
17054,17054,"4277,12857,1978,3950,350,3799,544,12385,10326,4798"
17056,17056,"10326,1328,4277,6383,3950,8483,4798,544,1290,8562"
17084,17084,"12665,8562,4798,2218,10326,3950,9942,5303,12857,6302"
17098,17098,"9101,11298,4576,5495,13408,7707,12470,9942,1290,2343"
17102,17102,"4798,6971,544,2218,10326,5303,2140,8590,12665,275"
17109,17109,"3950,4416,544,1290,10326,4798,9942,11572,8562,11298"
17112,17112,"544,1290,6971,2218,4798,7120,1220,3464,2140,6220"
17119,17119,"10326,4798,5303,9730,6971,4277,1220,544,9072,9101"
17124,17124,"6220,8562,2218,13346,10326,13296,3950,7707,5303,9942"
17141,17141,"6220,4798,6971,13346,2343,5303,544,9693,3950,2140"
17160,17160,"12665,7669,7679,9693,12869,7707,2343,6220,11024,4277"
17179,17179,"2218,8413,3950,8483,13346,6220,5545,7707,3870,8681"
17189,17189,"4277,217,3950,10077,6433,13346,9340,717,8562,10326"
17191,17191,"8562,6220,10326,8981,5149,544,4798,13296,1290,5495"
17194,17194,"13346,2140,4798,12857,5495,11000,8562,2218,10916,4453"
17195,17195,"5199,5532,2903,10835,544,7547,10326,1290,9942,5999"
17200,17200,"1290,7120,11298,4576,11024,2989,10389,1244,12869,9101"
17212,17212,"6220,10326,3950,13110,13249,12665,5184,275,3428,3870"
17218,17218,"2343,9532,5199,13346,5303,1323,6220,8279,9942,9404"
17232,17232,"8413,217,13346,6326,4277,8562,3950,8161,717,6270"
17242,17242,"10326,4798,8562,4277,544,12857,6220,217,2140,3950"
17255,17255,"3950,8562,6220,9942,5545,2218,3055,4798,3428,4413"
17262,17262,"11298,1244,1290,11024,7120,12869,4576,10607,2989,9730"
17275,17275,"6220,5545,13346,13296,3950,8413,8562,9942,10326,4413"
17276,17276,"4277,3950,6971,8562,10326,12857,6220,4798,9234,8421"
17278,17278,"2343,544,9693,1290,10326,4798,9942,987,4250,7706"
17283,17283,"4798,544,6971,5303,13346,2218,1290,1220,13296,8590"
17284,17284,"4798,13346,3282,544,1978,5999,10326,1290,5303,5495"
17295,17295,"9942,544,6220,10326,3428,275,6433,3950,4277,5303"
17298,17298,"1290,7120,11298,2989,4576,9101,544,11024,6971,10389"
17319,17319,"9942,6220,8562,3428,3950,10326,13296,5545,13306,2218"
17320,17320,"544,4576,1290,9101,11298,11024,7679,9730,7120,8978"
17325,17325,"12665,9693,6220,8562,4798,6971,8483,9942,5545,2537"
17330,17330,"1290,544,7120,9295,10326,4798,8235,9942,5875,7024"
17334,17334,"2989,1244,1290,11024,12869,789,10607,7120,9962,7342"
17346,17346,"6220,9693,8562,9404,2343,4413,4798,544,5461,1290"
17352,17352,"6971,4798,4277,1290,2218,11000,10326,544,89,9693"
17353,17353,"1290,7120,9962,789,5135,544,11298,13309,4929,6220"
17396,17396,"10326,4798,5303,12857,6971,2140,13346,6433,8562,8205"
17408,17408,"544,3950,4277,4798,5303,6220,12857,3428,1978,2218"
17414,17414,"10326,8562,5545,9942,6659,6220,13346,2580,3055,217"
17422,17422,"1244,544,2957,6839,4163,1290,7089,10326,2938,12262"
17424,17424,"4798,10326,6383,6659,2140,350,5303,6220,6971,8421"
17427,17427,"5135,789,1290,7120,9962,544,13309,4613,10326,4929"
17432,17432,"8562,4798,3950,217,13346,12857,8421,12665,5303,6326"
17434,17434,"5303,6971,8590,2140,10326,8562,9404,4798,8421,6220"
17439,17439,"8562,5545,3950,275,6971,5303,6220,9942,6659,2140"
17442,17442,"6220,544,8562,9942,10326,4798,2343,6971,5303,2218"
17449,17449,"8562,4798,13346,6220,12665,10326,8483,6326,9942,12857"
17472,17472,"5495,544,13296,12665,5532,5199,9519,8590,13346,3799"
17509,17509,"1290,11298,9101,7120,1244,4576,11024,9295,10389,4664"
17522,17522,"9942,3055,4413,4602,3870,544,1290,10326,7983,8235"
17527,17527,"2140,12857,4798,1912,544,1978,976,10326,1290,10568"
17535,17535,"1290,7120,11298,11024,7679,11918,2989,10389,7342,12903"
17540,17540,"5303,2140,4798,3428,31,8562,6220,8483,5495,544"
17541,17541,"1290,11298,11024,2989,1244,9101,9730,4664,10389,4576"
17551,17551,"10326,4798,5303,2140,4277,2218,6220,13296,217,6971"
17564,17564,"8562,8421,12857,10326,13346,4798,544,6311,1290,6899"
17565,17565,"350,10326,544,1290,4798,9942,8562,11298,7120,7973"
17581,17581,"10326,12857,3950,10916,9942,8562,9072,4277,4798,2343"
17596,17596,"10326,6220,8562,3950,4798,13296,89,9404,6326,12665"
17601,17601,"3950,8562,4413,13346,9942,4798,544,7723,2199,1290"
17611,17611,"9942,6220,13346,10326,275,8562,13296,5545,7707,3428"
17612,17612,"10326,8562,217,13296,1323,6326,5545,1355,5610,3950"
17620,17620,"12665,8413,8562,3950,8188,6220,13346,5199,3055,2343"
17627,17627,"2343,9693,13408,5199,6971,6834,10835,5532,9532,1290"
17634,17634,"7707,6220,1863,544,1290,9942,8562,9083,10326,4798"
17649,17649,"8562,6220,4277,4798,3950,544,10326,350,2140,6383"
17654,17654,"2218,6220,7707,6971,12665,6655,544,1290,10326,4798"
17659,17659,"8562,4798,13346,10326,6433,544,6971,1290,9942,7637"
17666,17666,"1290,7120,6220,1244,11298,9693,2343,4576,544,4929"
17674,17674,"13346,4277,5676,8421,11000,4798,6433,10326,544,560"
17684,17684,"10326,4798,544,11969,2218,350,3950,8421,652,13306"
17708,17708,"10326,5303,2140,3950,275,8205,12665,9519,8562,2218"
17709,17709,"6220,9942,217,10326,1328,8562,11000,12665,3428,5545"
17741,17741,"4798,10326,6971,2218,89,5303,13346,6220,5545,1290"
17752,17752,"544,1290,9375,10326,4858,4798,6060,9942,516,8562"
17765,17765,"2343,12665,9942,89,13346,3950,64,9532,544,5532"
17770,17770,"1290,544,8703,6971,10326,4798,7637,9942,7120,8562"
17814,17814,"2218,4798,10326,6971,6326,6220,544,8562,8590,6433"
17818,17818,"1244,9942,1290,5866,350,544,10987,146,10326,8158"
17822,17822,"1290,7120,4929,8302,544,11117,10326,4798,2286,11298"
17826,17826,"10326,4798,8562,4277,12857,8421,2140,544,10594,10916"
17827,17827,"1290,11298,7120,2989,4576,9101,10389,1244,12869,1779"
17840,17840,"10326,6220,7707,2218,4798,5495,13296,544,8421,5303"
17843,17843,"2218,5495,8413,9942,714,544,1290,13310,6220,10326"
17864,17864,"544,3428,4798,5184,11969,11572,12785,9984,6639,1290"
17871,17871,"8188,544,1290,8562,10326,4798,9942,10429,1487,11298"
17881,17881,"544,12665,3950,2343,4277,11969,10326,1290,9693,6971"
17928,17928,"544,10326,4798,12665,3950,4277,8421,6326,8822,13296"
17931,17931,"544,10326,1290,4798,5495,9942,8562,9375,11298,7220"
17933,17933,"8413,5303,6220,3055,544,8562,3950,1290,2343,10326"
17953,17953,"544,6220,10326,5303,2218,5495,1290,4798,13296,11969"
17970,17970,"3950,9942,89,13306,13346,5545,12665,931,4413,5676"
17977,17977,"10326,8562,4277,544,3950,4798,8681,810,5495,5303"
17982,17982,"1290,9962,544,11298,7120,9101,12869,1244,10326,2989"
17995,17995,"1290,6971,7120,544,6220,13296,4798,10326,8562,2218"
18002,18002,"10326,4798,6971,10594,8421,717,2140,12857,10916,6326"
18006,18006,"544,1290,10326,8562,9942,4798,10429,7619,3487,11298"
18023,18023,"10326,6971,5303,1290,275,2140,1220,544,2218,8590"
18024,18024,"544,10326,7439,1290,9771,4798,5747,9942,8562,11298"
18047,18047,"3428,6220,5545,3950,13296,2343,7707,9942,1843,6795"
18050,18050,"9942,6220,544,2218,6971,12665,275,5303,10326,4798"
18078,18078,"4798,10326,8562,6971,5303,4277,544,6433,8421,6220"
18086,18086,"1290,7120,4798,6971,4929,9101,9962,10663,544,789"
18093,18093,"11298,1290,7120,3464,2989,7669,9330,4163,11299,12869"
18115,18115,"10326,4798,4277,3950,350,12857,8421,2140,217,10594"
18122,18122,"1290,12723,544,1856,8981,10326,4798,7120,5495,9942"
18124,18124,"4798,10326,544,6971,5303,6220,2140,2218,11969,1290"
18127,18127,"1290,7120,1244,4929,10663,11298,4664,544,2916,9295"
18133,18133,"8562,3950,10326,13346,6220,3428,217,12857,6326,1328"
18148,18148,"2218,3950,5199,5303,10835,8562,8505,544,5495,1290"
18155,18155,"9942,2343,9693,13296,544,1290,13346,10326,2867,4798"
18158,18158,"2989,11024,11298,4576,12995,12655,3704,8978,9101,11918"
18166,18166,"10326,4798,10568,544,9072,9178,8562,5303,717,8421"
18167,18167,"10326,4798,4277,6433,6971,7707,12857,5461,350,3950"
18169,18169,"13346,4798,544,10326,1290,9306,8562,2140,3950,10954"
18175,18175,"6220,9693,8590,12665,9942,6971,3055,3950,544,9532"
18178,18178,"3950,8562,6220,9942,13346,8413,11540,10326,12857,5495"
18214,18214,"1290,7120,11298,4929,4576,4664,544,10663,1244,9730"
18217,18217,"8562,13346,6220,3950,9942,2140,2218,4798,6433,10326"
18226,18226,"1290,7120,11298,12869,4576,11024,10137,1244,4664,4929"
18229,18229,"6971,5303,4798,2140,2218,8205,10326,544,7138,1290"
18236,18236,"12404,4798,544,8793,10326,1290,9546,9119,9942,6341"
18240,18240,"9942,3950,5545,13306,12665,3428,89,6220,8562,64"
18262,18262,"6220,8562,9942,3950,544,13346,10326,3428,2218,5545"
18266,18266,"1290,11298,2989,544,4576,11024,12869,10389,1244,9101"
18272,18272,"4798,8562,13346,10326,3950,5303,6971,217,2218,12857"
18292,18292,"8562,3950,13346,6220,10326,7707,9942,2140,4277,13110"
18299,18299,"6220,544,3428,9942,2218,10326,5303,275,5545,8562"
18321,18321,"7707,8265,544,1290,10326,6525,4798,12424,9942,11533"
18338,18338,"10326,3950,4277,6220,5303,810,7707,12665,13296,544"
18339,18339,"4277,4798,10326,5303,10916,12857,2140,6433,350,544"
18341,18341,"13346,8562,2140,3950,4798,544,1290,10326,9942,5495"
18355,18355,"1290,7120,11298,4929,9295,1244,10663,9730,9101,12497"
18364,18364,"1290,7120,544,11298,6971,4576,6220,11024,2218,8590"
18368,18368,"8562,12665,4798,10326,4277,12857,217,6326,6971,2218"
18393,18393,"4798,10326,6971,1220,5303,4277,2140,2343,13346,12857"
18409,18409,"4798,12857,4277,217,6433,3950,13346,12404,1978,13150"
18434,18434,"10326,5303,4798,12857,3950,8562,6433,544,217,810"
18440,18440,"13346,8562,5545,3950,9942,5495,12857,4277,12470,3428"
18446,18446,"10326,6220,12665,2343,4277,11969,9693,6971,3950,4798"
18467,18467,"4798,9942,2343,8483,544,11969,275,12665,5495,5866"
18475,18475,"1290,6220,9942,2218,7120,8590,544,5545,9295,6971"
18487,18487,"4798,8562,6220,10326,6971,5495,5303,12857,7707,5642"
18489,18489,"544,10326,4798,9693,4277,1290,2343,12869,2140,11969"
18499,18499,"8205,9340,544,1290,12857,10326,4798,4949,9942,3296"
18505,18505,"4798,10326,8562,3950,6220,4277,12665,13346,8421,6971"
18525,18525,"10326,4798,8562,5303,6971,8421,544,4277,350,12857"
18530,18530,"5495,12470,10594,4798,5642,8562,10326,4917,544,13346"
18539,18539,"1290,7120,544,4576,6220,4798,6971,2989,10326,11298"
18546,18546,"2343,10326,9693,544,12665,13346,6220,5532,89,64"
18579,18579,"13346,10326,3950,4277,544,6220,4798,9942,8562,1323"
18585,18585,"2343,9693,5532,9532,13346,5199,3950,10835,544,6834"
18595,18595,"6220,10326,544,4277,50,5303,6433,3428,3950,2343"
18648,18648,"4798,2218,3950,6433,11000,5303,6270,4277,7232,3428"
18679,18679,"8562,3950,2218,8413,5545,9942,13306,12665,544,64"
18683,18683,"6220,2343,8562,10326,3428,5461,13296,9693,544,8590"
18687,18687,"1290,7120,11298,4576,4929,9101,9295,10663,2989,11024"
18718,18718,"8562,6220,12665,544,6971,10326,13296,7707,9693,4798"
18741,18741,"3950,13346,544,9942,1290,10326,11622,4798,5495,8562"
18760,18760,"1290,11298,6971,7120,4576,11024,544,5545,5303,89"
18771,18771,"3950,6220,3428,1978,13110,8483,13306,10835,4416,4277"
18787,18787,"10326,4798,4277,2140,5303,6971,8421,8562,6433,544"
18788,18788,"13346,2218,6220,8483,12857,4798,3950,8413,9942,8562"
18789,18789,"2343,13346,5676,12857,10835,10326,8562,3127,9693,7484"
18798,18798,"9942,3950,12665,1323,6220,7707,8562,5545,5495,13296"
18800,18800,"10326,12665,544,4895,1290,4798,4177,9942,2777,847"
18805,18805,"3950,13296,9942,6270,4413,544,4798,1290,13112,10326"
18806,18806,"11298,7120,9962,789,12869,9101,4664,10607,11775,2989"
18812,18812,"6971,6220,8562,10326,3950,4798,2218,9942,12665,89"
18818,18818,"6659,1328,6528,10326,8562,8483,2875,544,4798,1290"
18830,18830,"4798,13346,5303,8562,10326,12857,6971,3950,8421,3055"
18835,18835,"1290,7120,1244,9101,6220,12665,11024,4798,4929,2343"
18839,18839,"5495,6971,12470,1355,13346,10326,544,5540,566,1290"
18851,18851,"5676,5545,8413,7707,6220,544,4798,1290,220,1007"
18854,18854,"10326,13346,4798,5303,6971,8562,3950,12857,6220,6433"
18864,18864,"10326,4277,4798,13346,3950,544,8562,6971,217,2140"
18865,18865,"6220,7707,8562,10326,544,7063,10429,1290,4798,9942"
18874,18874,"544,1290,11298,4576,12869,7120,9101,7679,10326,11024"
18875,18875,"4798,2218,10594,544,10326,6302,5303,13346,3950,1290"
18879,18879,"4576,7679,7669,11554,11024,10389,13408,2989,4664,11918"
18882,18882,"1290,6220,9730,11298,9101,544,4576,10326,7120,12869"
18895,18895,"3950,8413,2218,6220,13346,3055,13306,5495,9942,8681"
18903,18903,"4798,10326,13346,6220,5303,2218,11969,6971,8562,2140"
18913,18913,"4798,10326,2343,9693,13346,544,6433,6971,10916,4277"
18934,18934,"1290,7120,11298,1244,12869,9962,789,6220,9101,9295"
18935,18935,"1290,6971,7120,9942,8590,6220,7707,5532,10835,4929"
18981,18981,"6220,12665,6971,8562,8413,5545,2218,7792,544,3055"
18985,18985,"10326,4798,1290,6971,13346,544,2343,9693,6433,5303"
18987,18987,"9295,2916,6243,12497,544,11298,10326,296,4798,12030"
18990,18990,"10326,6220,5303,544,6971,10077,10568,4277,8562,8421"
18996,18996,"2218,6971,8562,4798,10326,5303,5545,9733,3950,13346"
19010,19010,"10326,4798,4277,544,8562,6433,10916,13346,8421,350"
19016,19016,"1290,7120,12869,11298,9101,4576,3464,7669,2989,9438"
19018,19018,"8562,544,1290,10326,4798,473,9942,10792,12374,11298"
19029,19029,"10326,8562,13346,2140,12857,5303,275,8421,4798,12758"
19060,19060,"6220,3464,7679,89,9730,10674,4545,3127,11024,1290"
19069,19069,"1290,7120,4929,544,6971,1244,5303,11298,10663,9295"
19084,19084,"4798,10326,13346,8562,4277,5303,12857,2140,6433,10916"
19086,19086,"1290,6971,7120,4664,2343,11969,6220,2989,13296,9101"
19105,19105,"1290,7120,9295,4929,10663,11298,3464,9101,2916,1244"
19110,19110,"1290,1244,11298,7120,2989,9962,789,4576,12869,5135"
19135,19135,"544,10326,1290,1081,4798,8562,10352,9942,4832,11298"
19144,19144,"3950,6971,8413,8562,3428,5303,12857,12606,10326,10916"
19154,19154,"4798,13249,5495,9942,544,6982,9800,1290,220,3585"
19168,19168,"8562,4277,3950,4798,10326,12857,6220,717,6971,5303"
19173,19173,"1290,2218,7120,4929,6971,8922,8188,10663,544,10326"
19187,19187,"1290,6220,7120,544,7707,8562,10326,4798,1244,11298"
19216,19216,"3950,227,544,8562,1290,5001,10326,4798,9942,13159"
19227,19227,"6795,2343,609,861,10835,5545,544,1290,9942,9693"
19231,19231,"3950,12665,4798,13346,8483,9942,10326,2218,8562,8421"
19234,19234,"1290,11298,1244,2989,4576,7120,11024,1779,9730,9101"
19255,19255,"4798,10326,6971,2343,6220,5303,3950,9693,544,2140"
19258,19258,"5495,3950,6220,12665,2218,544,2580,4798,1290,12470"
19266,19266,"1290,7120,6971,4929,4277,4798,544,10663,8590,2218"
19296,19296,"4798,13346,3950,8562,6795,64,4277,2537,6834,2411"
19297,19297,"2218,8562,6659,6383,544,5303,1290,10326,4798,9942"
19308,19308,"3950,13346,3055,8413,544,5199,1290,3340,10326,4798"
19323,19323,"10326,544,8562,1290,4798,9942,1328,11298,7120,350"
19346,19346,"10326,4798,6971,6220,5303,8562,4277,2343,8421,544"
19347,19347,"7120,12665,3950,4929,4576,10326,6220,8590,6971,11298"
19360,19360,"1290,7120,9295,4929,544,2343,11298,10326,12133,6220"
19364,19364,"3464,7669,4940,11024,2957,2709,7342,8033,7679,544"
19378,19378,"3950,8562,13346,12857,5545,4798,3428,4277,3055,5642"
19379,19379,"4798,2218,5303,13408,6971,8562,13346,4277,9942,1220"
19380,19380,"10326,2343,12857,4798,5303,8421,13249,5642,4277,544"
19381,19381,"10326,4798,8562,4277,12857,8421,2140,10916,13249,350"
19384,19384,"8562,10326,10568,8421,13346,5303,6971,4798,9072,544"
19385,19385,"13346,4798,6220,8562,2218,5545,8413,9942,6326,8681"
19388,19388,"1290,7120,1244,11298,12869,544,2989,4929,9101,10663"
19406,19406,"10326,8562,4798,13346,5303,6220,6971,12857,4277,2140"
19408,19408,"5199,5495,5303,7547,10835,5532,544,2903,4798,3055"
19415,19415,"1290,544,7120,11298,11024,8978,9295,4576,4664,4929"
19417,19417,"12665,13346,6220,6971,3950,64,12857,8590,10326,2218"
19434,19434,"2343,9693,64,2537,11298,4028,12665,12869,544,1210"
19441,19441,"3950,8562,10326,12857,4277,5303,4798,3428,13346,10916"
19461,19461,"1290,7120,4929,9730,10663,1244,2916,11298,4576,12497"
19474,19474,"3950,9942,89,6220,12665,8562,5545,2218,4798,13346"
19477,19477,"4798,1290,9938,10326,544,11093,6957,5409,5552,11682"
19484,19484,"11298,8978,2989,11024,9101,1244,4576,10389,1779,3222"
19502,19502,"5303,7707,544,5495,5676,4277,12099,8681,6655,1862"
19503,19503,"10326,6220,6971,8590,2140,5303,13296,5495,12470,1290"
19512,19512,"13346,50,10326,3428,4277,2411,11000,5676,7138,12665"
19515,19515,"2255,975,9693,7707,544,8235,9942,1290,5875,10326"
19518,19518,"1290,7120,11298,4929,2989,9101,9295,4576,89,6220"
19530,19530,"6220,8562,10326,4798,6971,13346,12857,5495,12470,5545"
19559,19559,"1290,7120,12665,11298,6971,1244,4576,12869,2989,9101"
19576,19576,"8922,2903,7983,4798,544,10326,8562,1290,8235,5875"
19586,19586,"2343,5495,9693,9942,13296,8188,6638,5199,2218,544"
19594,19594,"1290,7120,8562,12665,89,10326,275,544,7983,2140"
19605,19605,"12606,10429,1863,7707,544,9942,1290,10326,5676,4798"
19618,19618,"6971,3950,9404,5532,5303,5199,8590,6220,2218,8562"
19620,19620,"4798,6971,5303,2140,8562,6220,3950,10326,544,1290"
19623,19623,"4277,10326,350,9942,544,3428,6433,11969,3950,8421"
19628,19628,"10326,4798,6220,3950,4277,6971,13346,8421,8562,12857"
19631,19631,"7120,1244,4929,9101,10663,12655,11298,11918,11024,4664"
19642,19642,"13346,12665,2343,5676,9942,5532,9693,5461,13306,5495"
19644,19644,"2218,2140,10326,7063,275,544,9306,1290,4798,7383"
19648,19648,"7679,1290,7707,9229,7669,11298,6288,544,4798,7120"
19665,19665,"10326,8562,9942,6433,3870,4798,544,11639,8188,5545"
19683,19683,"1290,11298,1244,544,4576,11024,3464,2989,7679,4664"
19684,19684,"10326,4798,4323,544,3568,1290,11390,217,1180,9578"
19693,19693,"10326,4277,2343,217,8421,11000,544,7138,4798,9340"
19696,19696,"10326,6971,4798,2140,9404,275,6433,717,9942,8421"
19707,19707,"4798,5303,6971,12857,275,2140,10326,8590,8562,8483"
19715,19715,"2343,3428,5303,64,5545,5532,6220,9693,13306,4798"
19716,19716,"1290,7120,4929,11298,1244,9101,544,13309,2916,10326"
19729,19729,"1290,7120,10326,4798,6220,6971,8590,4929,5303,12665"
19734,19734,"10326,13346,3950,1323,2140,2218,544,4798,8421,6971"
19758,19758,"2218,544,1290,8413,10326,5460,4798,9942,9786,8562"
19764,19764,"8562,6971,5303,13346,4798,10326,2343,2218,6220,50"
19773,19773,"1290,11298,4576,6971,544,1244,4664,11024,9962,789"
19778,19778,"9942,6220,5495,3950,5461,7707,10326,4798,5676,13346"
19780,19780,"8562,2218,6220,3428,3950,13346,13306,5495,7707,9942"
19784,19784,"10326,13346,8562,4798,4277,6433,350,544,6383,7707"
19786,19786,"4798,13346,3950,8562,13249,6220,8421,717,10594,544"
19793,19793,"10326,4277,2218,6220,6971,4798,275,13346,11000,2140"
19798,19798,"13346,4798,3950,10326,4277,9942,2218,3428,217,717"
19808,19808,"8562,3950,13346,4798,8413,12665,10326,544,1290,6220"
19812,19812,"1290,7120,12869,1244,2989,4664,11024,4576,10389,7669"
19821,19821,"10326,8562,4798,13346,7707,6433,3950,544,1290,9733"
19830,19830,"12869,1244,9730,1290,11298,9962,789,5135,9101,7120"
19843,19843,"1290,7120,12869,544,7669,2989,4664,4929,1244,9101"
19867,19867,"6220,1290,11024,10326,1220,7707,2343,2218,9693,8607"
19889,19889,"8562,9942,3950,8590,6220,8421,11000,13346,3428,217"
19893,19893,"10326,6220,544,2218,13296,8562,5545,4798,7707,8590"
19898,19898,"1290,7120,11298,4929,12869,1244,10663,11024,9295,5969"
19902,19902,"8562,2140,10326,544,4798,1290,350,6433,9942,7643"
19905,19905,"4798,10326,8562,8590,2218,12857,2140,4277,5303,1328"
19910,19910,"3950,10326,8562,4277,6220,8421,4798,12857,217,13346"
19929,19929,"8562,6220,4798,4277,217,10326,5303,13346,13296,5495"
19932,19932,"1290,11298,7120,2989,4576,1244,10389,12869,1779,7679"
19952,19952,"13346,8562,10326,4798,3950,6220,2218,3565,5303,8421"
19956,19956,"4798,8562,10326,9942,544,7232,1290,453,11960,10949"
19987,19987,"8562,13346,10326,8421,6220,4798,8161,275,6433,3950"
20008,20008,"544,4798,1290,9942,6220,9101,11969,6971,7120,4277"
20018,20018,"12665,8562,6220,9942,3950,8413,2218,3055,4798,5303"
20019,20019,"1290,9942,7120,5303,4277,2140,8590,6971,11298,544"
20020,20020,"1290,7120,4929,10663,12497,544,2916,10326,11298,4798"
20023,20023,"13346,8562,64,5303,12857,4798,12793,11540,544,1290"
20031,20031,"2218,6220,8188,13296,8562,5545,2343,544,10326,4798"
20039,20039,"6220,8562,2343,13346,3950,544,5545,8413,7707,13296"
20040,20040,"4798,6220,13346,10326,5461,8483,6433,5495,8562,13408"
20041,20041,"12470,5676,13346,8188,13408,1323,7707,6971,2989,12099"
20045,20045,"13346,10326,3950,4798,8562,13249,12857,8421,12665,6971"
20056,20056,"1290,6220,2343,10326,6971,11298,9101,89,7120,12665"
20069,20069,"10326,4798,2218,3950,5303,9404,6220,8590,9072,12857"
20074,20074,"9942,6220,8562,6659,3428,5545,5184,13110,3870,13306"
20083,20083,"4798,10326,6220,8562,3428,9942,3950,12665,544,13346"
20085,20085,"11298,9730,11024,7679,4664,1290,12869,7120,11918,10607"
20086,20086,"3950,6220,8413,544,8562,11000,7715,1290,10326,4798"
20089,20089,"8562,6220,12665,3950,4798,6971,2218,13346,3428,12857"
20101,20101,"6220,89,2218,275,13346,3950,10326,12665,3055,9942"
20104,20104,"5760,6011,544,1377,10326,1290,6659,9375,449,4798"
20112,20112,"8562,6220,4798,12665,544,4277,7707,6326,3950,6971"
20115,20115,"8562,3950,6220,10326,8413,4798,2903,5532,11540,5642"
20133,20133,"1290,7120,9730,11298,789,12869,5135,4664,7258,544"
20136,20136,"2343,4798,10326,9693,217,1220,4277,1978,13346,5303"
20138,20138,"11298,9962,789,11024,5135,3539,1244,1290,7120,4036"
20162,20162,"10326,4798,13346,5303,3950,6971,2140,8562,6220,717"
20176,20176,"4798,6971,2218,10326,1290,275,8590,2140,1220,8562"
20200,20200,"10326,9942,4798,8562,2140,217,5303,6220,275,2218"
20222,20222,"9306,1290,544,4798,10326,5495,9942,8562,13214,11298"
20251,20251,"1290,10326,6971,7120,6220,5303,4798,8590,2140,4277"
20256,20256,"12470,5303,5199,10594,12668,8562,12099,13408,609,3565"
20264,20264,"10326,4798,4277,6220,6433,11969,350,12857,13249,810"
20280,20280,"10326,13249,4798,4277,8562,50,8421,350,544,3950"
20286,20286,"2989,7707,8188,544,1290,11298,6220,12869,1007,1863"
20323,20323,"1290,7120,11298,4929,10663,9962,789,9295,5135,10607"
20324,20324,"1290,7120,4929,6971,544,10663,2916,9101,789,2343"
20336,20336,"1290,544,11298,9693,6220,7120,4576,9101,1244,9730"
20339,20339,"8562,6220,9942,3950,12665,10326,3428,13346,7707,5199"
20344,20344,"1290,6971,10326,7120,5495,6433,544,9962,4277,4798"
20356,20356,"10326,8562,3950,9942,6220,13346,4798,12665,13296,3428"
20360,20360,"1290,7120,4929,2343,5532,6971,544,8922,2140,10326"
20362,20362,"2343,9693,5532,5303,5199,10835,10326,5866,2537,544"
20376,20376,"12857,10326,10077,2140,3950,4277,10916,8483,10568,8562"
20381,20381,"2218,4798,13408,8562,5676,6971,1290,1220,5303,2140"
20394,20394,"7120,544,11298,4576,1244,6971,4929,9942,4664,10663"
20397,20397,"1355,8562,1779,1323,10326,544,5495,10568,13346,1290"
20407,20407,"6220,3950,6659,13249,10326,544,13110,8413,2218,3428"
20413,20413,"1290,7120,11298,2989,10389,11024,1244,9962,9101,544"
20433,20433,"1290,7120,1244,11298,4929,789,5135,9962,10663,9101"
20448,20448,"544,810,7792,1210,5303,8623,9553,1290,3911,7879"
20492,20492,"12665,5545,89,10326,8562,13346,855,4413,6326,544"
20505,20505,"1290,7120,1244,11298,9101,4576,4929,2989,10663,12869"
20512,20512,"8562,10326,3950,4798,12857,8421,6433,5642,9942,6220"
20514,20514,"10537,544,13013,1290,12453,10326,11445,4798,9942,4181"
20533,20533,"4277,3950,350,12857,5303,2140,275,8421,5109,217"
20543,20543,"1290,13296,4798,7120,8421,2989,1244,12404,6220,8161"
20546,20546,"4798,717,4277,217,8421,10326,13249,11969,13346,9580"
20557,20557,"10326,4798,8562,3950,544,4277,13346,2218,11969,3428"
20558,20558,"10326,9602,4798,4277,544,1290,8421,76,10568,8562"
20561,20561,"9942,10326,6220,2218,5545,5303,4798,3950,8562,13346"
20566,20566,"1290,7120,9942,4576,11298,1244,10389,9101,6971,544"
20573,20573,"11298,1290,544,10326,4798,9942,7120,8562,2989,1244"
20623,20623,"1290,7120,8590,4929,8922,4798,544,10326,5303,12497"
20627,20627,"10326,1290,8562,544,4798,4277,7120,5303,6220,6971"
20643,20643,"4798,6971,2140,10326,5303,8161,8421,544,8562,1290"
20645,20645,"1290,7120,11298,4576,1244,12869,544,9101,789,11024"
20652,20652,"8562,4798,3950,13346,717,2140,8421,4277,12857,10326"
20654,20654,"4798,10326,4277,3950,8562,6220,12857,717,10916,6433"
20667,20667,"89,6971,1290,2343,544,10835,10326,4798,1933,9942"
20670,20670,"275,9942,4602,544,1290,10326,11467,4798,3950,12070"
20671,20671,"10326,4798,3950,2218,6971,544,13249,2140,10916,9942"
20676,20676,"13346,12665,9942,4798,2140,3950,5532,5676,12404,6433"
20694,20694,"1290,544,8562,4277,7120,5303,6971,12655,8590,350"
20709,20709,"10326,4798,8562,5495,6971,12470,5303,2218,2140,7707"
20716,20716,"4798,8562,6971,2218,3055,5495,10326,8922,13346,12665"
20739,20739,"5303,13296,12470,64,1323,13306,217,3565,275,1196"
20763,20763,"544,2343,10326,6220,2140,9693,5303,2903,13346,4798"
20779,20779,"1290,7120,11298,4576,1244,6971,9101,11024,4929,4664"
20781,20781,"9942,6971,3950,3428,12665,6220,5545,7707,8681,5303"
20790,20790,"1290,7120,6971,9295,789,9962,4929,2885,5135,9101"
20792,20792,"10326,4798,8562,8421,12857,717,10916,10594,217,6971"
20797,20797,"6220,3950,9942,4798,3428,5303,2218,5495,4277,8562"
20811,20811,"6220,3950,9942,13346,2218,4798,5303,1598,8562,5532"
20821,20821,"1290,7120,11298,9730,12869,1244,4929,11024,9101,10663"
20830,20830,"10326,1328,8562,8822,217,3950,4277,9580,2069,544"
20861,20861,"10326,6220,2343,6971,9693,13346,4798,1220,89,13306"
20878,20878,"1290,7120,11298,9101,2989,4576,6220,12869,9942,4929"
20891,20891,"8562,544,1290,10326,4798,5875,9942,7024,11298,13346"
20895,20895,"8562,13346,4798,6220,3950,9942,5545,10326,2218,6326"
20901,20901,"6220,10326,4798,13346,4277,6971,2343,89,8562,544"
20908,20908,"10326,4798,8562,2343,5303,9942,6220,2140,4277,13346"
20928,20928,"1290,7120,4929,6971,10663,5135,544,12030,8302,789"
20945,20945,"6220,8562,6971,13296,12665,9942,5303,8188,8483,1220"
20971,20971,"4798,10326,13346,4277,8562,12857,13249,3950,8421,217"
20979,20979,"4798,10326,8562,6971,2218,13346,4277,12665,5303,3950"
20982,20982,"10326,5303,13346,8421,350,217,10594,4798,717,1017"
20991,20991,"8562,10326,12665,13346,3950,2140,1290,12857,3055,8590"
20998,20998,"9942,5495,3950,9404,1225,12470,7707,13346,12665,13306"
21006,21006,"3950,6220,4798,5199,10835,544,10326,5532,1978,2343"
21018,21018,"6971,8161,4798,6515,544,1290,7578,10326,8043,8562"
21028,21028,"5545,8188,5676,8562,6383,544,513,4413,1290,9942"
21041,21041,"8562,5495,12857,3950,12470,6433,3428,13346,6220,13249"
21042,21042,"5199,5532,2903,10326,544,10835,5461,6795,2343,1290"
21064,21064,"1290,7120,11298,544,4929,9962,9101,10663,10607,12869"
21075,21075,"2343,6971,12665,5532,5199,544,2218,5303,89,9693"
21078,21078,"8562,3950,10326,9942,13346,12665,5545,2218,13296,4798"
21081,21081,"5495,6971,12470,5303,8590,3055,1746,12665,2343,9072"
21084,21084,"8562,6220,6971,3950,12665,2140,10326,7707,4798,12136"
21089,21089,"10326,4798,4277,350,10594,8421,217,8161,13249,10916"
21112,21112,"1290,7120,2989,9101,4576,4929,1244,11024,9295,10663"
21126,21126,"8562,13346,5642,544,12857,1290,4798,10326,9942,3950"
21129,21129,"1290,7120,6971,4929,8590,6220,11298,1244,9295,10663"
21130,21130,"2343,9693,13346,3950,10326,6220,9532,7707,12665,544"
21137,21137,"3950,6220,2218,2140,8562,5495,6971,10326,5303,4798"
21149,21149,"5495,8562,12470,13346,2218,4798,6220,9942,5303,10326"
21152,21152,"10326,4798,5303,6971,13346,6220,8562,2218,13296,275"
21177,21177,"13249,3950,10916,3127,12385,350,8562,544,10326,9942"
21191,21191,"7120,6971,4929,10663,12497,4798,544,6243,10326,12030"
21200,21200,"10326,9942,3428,3950,13306,1328,2218,5545,5676,6220"
21204,21204,"10326,4798,8562,4277,12857,6433,717,3950,8161,13346"
21221,21221,"5495,1290,6971,2218,12470,5303,9942,2140,89,13296"
21228,21228,"1290,7120,11298,9942,12665,544,6971,2218,4929,8590"
21249,21249,"10326,13346,9072,544,5495,4798,6270,275,652,3416"
21256,21256,"3950,4798,9942,5545,13346,6971,544,4413,1290,10326"
21261,21261,"13346,3950,8562,8413,9942,8483,10326,4413,13110,6220"
21279,21279,"10326,544,6220,4798,9942,13408,11969,13296,5545,13110"
21282,21282,"1290,7120,11298,12869,11024,9101,9295,9730,544,8590"
21305,21305,"10326,4277,4798,717,8562,5303,8421,350,10594,544"
21307,21307,"13110,4694,544,8695,5734,9090,3428,1290,10326,10748"
21315,21315,"810,5642,9942,1323,13306,3428,1574,11094,8505,13346"
21342,21342,"7120,2989,544,9101,11298,4576,9693,2343,10389,4929"
21347,21347,"10326,6220,13346,3950,8562,4277,4798,5303,2140,5495"
21357,21357,"6220,1290,7120,8562,1244,7707,11298,544,10326,9101"
21358,21358,"5495,5532,5199,6971,10326,12665,2903,10835,4798,9942"
21368,21368,"1290,9962,789,544,5135,7120,10326,4798,11298,9942"
21372,21372,"1290,11298,2989,7120,1244,4576,9730,9295,4664,11024"
21373,21373,"9942,4277,5303,13408,7707,2218,3950,6220,2343,3428"
21383,21383,"7120,11298,2343,9101,4929,2989,89,10663,9730,9693"
21393,21393,"9942,6220,8562,13346,3950,12665,5676,10326,7707,2218"
21415,21415,"1290,7120,6971,4929,9295,10663,544,11298,3697,8922"
21421,21421,"1290,9730,8562,11298,2989,6220,4929,9101,4576,1244"
21433,21433,"4798,10326,3950,12857,5303,275,2140,9942,6433,6971"
21449,21449,"544,4277,13346,5303,4798,10326,6433,6971,12857,2343"
21483,21483,"10326,8562,13346,4798,3950,4277,9942,6220,5303,12857"
21488,21488,"3950,13346,8562,4798,10326,12857,5303,2140,6220,10916"
21518,21518,"1244,3428,2989,8978,544,7679,7707,5461,9101,11298"
21528,21528,"8562,12470,6220,9942,13346,2218,6971,8188,12665,12668"
21536,21536,"1290,7120,11298,1244,4576,9730,4929,10663,9101,11024"
21585,21585,"9942,6220,8562,4798,2218,3428,5545,7707,10326,13296"
21598,21598,"1290,11298,13408,6971,9101,2343,2989,4664,7120,11024"
21602,21602,"8562,5303,3950,13346,3055,12665,544,931,1290,6220"
21604,21604,"4798,13346,544,1290,10326,9942,9306,13408,7439,8562"
21626,21626,"12665,5495,6220,544,1290,8215,10326,9119,8205,7977"
21636,21636,"9942,2343,3950,13315,9693,10835,9637,544,9532,11403"
21649,21649,"7120,4929,10663,12497,6243,5573,544,12030,10326,4798"
21650,21650,"544,1025,1290,12859,2650,10326,4798,9942,10182,8562"
21655,21655,"1290,7120,11298,2989,9101,4576,11024,4664,10389,12869"
21662,21662,"11298,11024,12869,1290,1244,4576,10389,7120,9295,544"
21681,21681,"1290,7120,11298,1244,12869,9101,4929,544,2989,4576"
21686,21686,"2140,10326,2411,544,9340,12404,7484,4798,7138,5303"
21699,21699,"12665,8562,8413,5303,3950,2218,9942,13346,4798,4413"
21702,21702,"1290,7120,1244,11298,6971,10607,11024,4929,9101,4664"
21709,21709,"4798,10326,8562,3950,12665,2218,13346,8421,6270,544"
21718,21718,"4798,10326,3950,13346,5303,12857,4277,8562,8421,8483"
21719,21719,"10326,4277,4798,8421,5303,544,350,6971,10916,13346"
21724,21724,"8562,3950,3428,4798,9942,13306,13346,10916,2218,6326"
21741,21741,"544,2989,4576,11298,7679,9101,11918,10389,4664,1290"
21746,21746,"1290,11298,10326,9101,7120,11969,4664,544,1244,12869"
21751,21751,"9942,4413,544,1290,10326,4798,12665,11622,5495,8562"
21754,21754,"4277,4798,10326,12857,8562,6433,13249,717,13346,217"
21768,21768,"3950,12665,4798,6220,6971,13296,7707,10326,13346,3055"
21775,21775,"9532,2343,544,1290,5495,10326,4798,9942,8562,5703"
21781,21781,"11298,9730,11024,2989,4576,8978,12995,3222,7679,4664"
21789,21789,"7120,1244,11298,4576,6971,4929,9101,2989,11024,10607"
21795,21795,"4798,6971,3950,3055,8562,89,544,10326,1290,8235"
21812,21812,"3950,8562,12665,8413,9942,13346,8188,2218,4413,544"
21814,21814,"10326,4798,6971,5303,2218,12857,13346,2140,8562,217"
21820,21820,"10326,3950,12665,4798,13346,8562,6326,5642,8590,89"
21827,21827,"10326,9942,6220,4798,1290,2218,4277,6971,717,12665"
21838,21838,"8562,10326,1355,6220,544,13346,7707,13296,7265,12606"
21855,21855,"2343,9693,9942,11969,6795,64,5532,13408,10835,544"
21881,21881,"12665,275,64,9942,2140,12857,5303,8562,10326,13346"
21884,21884,"10326,9942,13346,4798,8562,8483,12665,3428,6220,8421"
21889,21889,"1290,7120,544,10326,6971,4798,4929,8590,1244,6220"
21896,21896,"10326,13346,4277,4798,5303,544,6433,2140,10916,6220"
21902,21902,"13346,4798,12857,3950,6433,8421,10916,4277,10326,5303"
21916,21916,"10326,4798,4277,6971,5303,1328,8562,544,8590,6383"
21927,21927,"11298,1290,9962,789,11024,5135,7120,10607,544,10326"
21938,21938,"10326,4277,12857,4798,6433,13249,13346,717,8421,217"
21948,21948,"13346,12857,4277,810,11603,10594,544,1290,4821,10326"
21952,21952,"1290,7120,4929,9295,2218,6971,10663,11298,2885,544"
21954,21954,"2343,5303,6795,13346,5199,5532,2218,8562,4798,9693"
21955,21955,"6220,9942,11969,5303,3950,6971,1220,275,6659,13296"
21978,21978,"8188,6220,544,1290,10326,9942,4798,11298,1863,7120"
21983,21983,"1290,7120,10326,11298,9101,2343,4576,5303,6220,6971"
22004,22004,"1290,10326,7120,6971,2343,544,4798,8590,5303,4929"
22007,22007,"1290,7120,11298,3464,12869,9730,7679,11024,4929,4576"
22014,22014,"9942,6220,2218,3950,3428,89,10453,6641,13110,2255"
22020,22020,"12665,6220,13346,12857,8562,6433,3950,10326,9455,11000"
22052,22052,"4798,13346,10326,4277,8421,12857,6433,8161,717,5495"
22056,22056,"13346,5495,8562,2218,1323,9942,12665,7707,10326,3950"
22064,22064,"4798,13249,8562,7707,12606,1978,10326,2343,544,1290"
22072,22072,"10326,6220,544,4798,4277,5303,2140,2343,13296,2218"
22074,22074,"8562,4798,4277,12857,8421,13346,217,3950,12665,10326"
22102,22102,"6220,3428,13346,5676,12665,5545,1889,9942,3950,1978"
22110,22110,"4798,6220,8562,10326,13346,3950,12857,5303,3428,8421"
22111,22111,"544,10326,4798,5303,9942,6220,4277,2140,12857,8483"
22119,22119,"9942,5495,6971,13296,7792,9229,12470,1290,4798,6302"
22125,22125,"3950,8413,544,13346,1290,8562,4798,10326,3055,9942"
22150,22150,"544,6971,4798,10326,5495,5303,8922,12668,8562,12665"
22151,22151,"1290,7120,6971,4929,10326,544,1244,9295,10663,4798"
22154,22154,"1290,7120,4929,11298,544,1244,8703,10663,10326,9101"
22213,22213,"5545,3950,9942,89,6659,3870,2218,12470,3509,544"
22256,22256,"1290,544,2343,7120,11298,9101,6220,4576,1220,7679"
22258,22258,"10326,4798,5303,8562,8421,544,3950,217,13346,2140"
22265,22265,"12665,8562,10326,3950,8413,5495,4798,6220,5303,6971"
22279,22279,"13346,2343,3950,6220,89,2218,6971,5532,9942,1230"
22280,22280,"544,10326,9942,5303,10568,12665,1220,5184,2218,8562"
22283,22283,"2343,9693,544,1290,4798,10326,9942,8981,8562,11298"
22286,22286,"6220,3950,3428,9942,5545,8413,8681,7707,3870,714"
22288,22288,"2343,10326,13346,5199,8562,9693,4798,544,5303,9072"
22321,22321,"1290,11298,7120,2989,4576,11024,9730,4664,12869,9101"
22336,22336,"4798,10326,12665,6220,8562,13346,5303,12857,4277,3950"
22344,22344,"4798,3950,13346,2905,8562,544,5199,10326,1290,6971"
22353,22353,"9453,544,10326,1290,12665,4798,8483,9942,8562,7862"
22356,22356,"4929,9295,2916,6971,12497,11298,3697,6243,544,1244"
22387,22387,"4798,10326,5303,8562,13346,6971,544,2140,6433,9942"
22427,22427,"6971,8562,1290,544,10326,4798,3950,3562,9942,7330"
22428,22428,"1290,7120,2343,9942,11298,9693,9101,9962,9295,2989"
22449,22449,"11298,11024,4576,9101,12995,10389,12655,12665,7679,4664"
22452,22452,"6220,544,13296,9942,5495,7707,10429,1290,11298,9101"
22460,22460,"4163,1371,7669,2957,1558,10674,7679,544,9330,6299"
22467,22467,"1290,7120,6971,4798,4929,10594,350,10326,544,12857"
22480,22480,"544,1290,7120,1244,11298,9101,10389,4664,11969,9962"
22481,22481,"4798,13346,275,5303,10326,6971,2140,13408,12665,5495"
22484,22484,"3950,4798,12665,12857,2218,5303,11572,3428,8483,9942"
22489,22489,"2343,9693,5532,9942,544,2537,9532,6834,10835,64"
22502,22502,"1290,7120,4576,4664,7679,1244,9101,10389,9330,11298"
22510,22510,"1290,11298,9101,4576,12869,544,7120,2989,11024,9730"
22511,22511,"1290,6220,7120,9942,7707,544,10429,10326,8562,4798"
22514,22514,"2343,9693,8562,5303,1290,4798,544,8421,6220,2140"
22520,22520,"1290,7120,544,10326,4929,6133,4798,3851,9942,10322"
22546,22546,"6971,8562,4798,544,5495,2140,1290,10326,9942,12665"
22551,22551,"8562,12665,3950,6220,2218,9942,13346,8413,4413,89"
22582,22582,"11298,7120,1290,3464,11024,9730,12869,7679,9962,789"
22595,22595,"9942,6220,544,5545,2343,13346,2218,3428,13296,9693"
22597,22597,"4798,13346,8562,13249,12857,10326,1634,544,6433,1290"
22605,22605,"3428,3950,5545,11000,544,1323,1279,1290,10326,10370"
22618,22618,"544,4798,1290,2343,7120,11969,9942,12869,10326,9101"
22641,22641,"544,4798,10326,4277,717,10077,8421,11969,350,9455"
22645,22645,"10326,4277,8562,350,217,9178,3416,652,544,4798"
22660,22660,"4798,10326,3950,13346,8562,6220,4277,8483,5303,1328"
22666,22666,"8562,3950,13346,9455,10326,4798,544,11406,1290,1146"
22674,22674,"7120,11298,4929,4576,9101,10389,1244,12995,4664,2916"
22678,22678,"1290,7120,544,11298,2343,4576,9101,4929,10326,10389"
22697,22697,"1290,11298,544,789,7120,10607,4929,10537,5135,11775"
22698,22698,"3950,2218,9942,13346,6220,10326,6971,13315,1889,8562"
22705,22705,"1290,6971,10326,8562,5303,8590,7120,6220,2140,544"
22710,22710,"8562,5676,5495,3127,2343,6971,13346,544,4798,6383"
22714,22714,"3950,2218,13306,8562,3992,89,2905,4798,544,1290"
22715,22715,"2218,810,10326,5545,1220,8483,4798,6220,5199,12793"
22720,22720,"544,10326,13346,4798,4277,5495,217,5303,717,3950"
22734,22734,"5303,8562,2218,6971,8590,2140,13346,1290,544,10326"
22735,22735,"3950,6971,2218,4277,12857,10326,2140,8421,13346,4798"
22736,22736,"6971,8562,4798,6220,10326,8590,2140,5303,4277,13346"
22747,22747,"8562,544,2343,10326,4798,9693,4277,12665,1220,7707"
22748,22748,"10326,4798,6971,1290,2140,8590,544,7120,8562,9942"
22759,22759,"2343,12665,2218,9693,6220,5303,3950,13346,8590,1220"
22761,22761,"4798,13346,10326,2218,5199,2905,3950,2140,8562,544"
22774,22774,"10326,5495,6971,4798,13346,6220,8590,8562,13306,89"
22783,22783,"6659,7707,13296,8562,6220,9942,8413,8590,3950,8681"
22830,22830,"5495,9693,12470,13346,4798,544,1220,6220,5461,2537"
22831,22831,"7120,4929,11298,10663,4576,1244,2989,2916,12497,3697"
22846,22846,"544,10326,6220,8562,5303,4798,6971,13346,3950,2343"
22850,22850,"1290,6971,9962,789,5135,544,7120,3737,10326,9942"
22883,22883,"5495,2218,8562,12665,3055,1912,6659,544,1290,13408"
22887,22887,"4798,13346,6220,10326,9693,544,3950,5303,2218,4277"
22893,22893,"3950,2218,6220,9942,4798,13296,8562,5545,12665,3428"
22905,22905,"13346,4798,6220,6433,2343,3950,1225,8681,6925,7707"
22923,22923,"10326,13346,4798,2218,6220,8562,3950,2140,8421,5303"
22956,22956,"10326,3950,4277,717,8562,13346,12857,4798,12665,544"
22964,22964,"6220,544,4798,10326,1863,12606,8562,1290,2343,9942"
22972,22972,"1244,11298,1290,12869,7120,7679,11024,4664,10137,10607"
22985,22985,"6971,4798,8562,10326,6220,544,1290,2343,5495,9942"
23011,23011,"10326,4798,4277,8562,544,2343,350,9693,2140,12857"
23027,23027,"11298,11024,7679,9101,10389,4576,4664,544,6220,1290"
23036,23036,"6220,9942,6971,3950,8562,2218,5495,3428,10326,89"
23038,23038,"8562,6220,5495,9942,13346,13296,12665,12470,5545,2140"
23046,23046,"10326,1290,4798,11298,7120,2343,1244,5303,2218,8590"
23051,23051,"12857,4277,3950,6220,8413,5303,2218,8562,4798,2140"
23057,23057,"544,1290,10326,4798,9942,8562,11298,7120,9453,2989"
23062,23062,"11298,7679,12869,4163,7669,9330,2957,11024,3464,1244"
23069,23069,"8562,6971,13346,6220,5303,12857,12665,275,4798,5495"
23078,23078,"6220,2218,8562,6971,9942,5303,8590,2140,89,13296"
23113,23113,"6220,4798,2218,9942,5676,5303,5495,1220,89,12470"
23121,23121,"1290,7120,1863,11024,9101,544,1244,10326,4798,11298"
23123,23123,"4798,8562,4277,5303,3950,10326,12869,9942,2218,12665"
23136,23136,"13346,8562,5303,2140,4798,5495,8413,4277,9229,275"
23138,23138,"4798,3950,13346,12665,8562,12857,4277,10326,3428,6220"
23140,23140,"4798,10326,1290,6971,2218,5303,6220,12665,544,8562"
23170,23170,"4798,10326,4277,3950,13346,6220,5303,217,8421,2140"
23173,23173,"1290,7120,11298,1244,3464,2343,4576,9730,7679,4277"
23179,23179,"6220,544,4277,11969,10326,5303,810,7707,2343,3950"
23196,23196,"8562,13346,3950,6220,4798,9942,10326,4277,5303,13296"
23199,23199,"6220,2218,6641,3950,5545,9942,544,1290,4674,10326"
23216,23216,"10326,6971,4798,844,13346,544,1290,8590,7578,31"
23226,23226,"13346,8092,5495,9245,5610,544,1290,10326,7707,8562"
23233,23233,"10326,2218,8562,6220,8590,5303,4798,717,8421,1328"
23253,23253,"6220,4798,2343,6971,10326,1220,3950,3127,13346,89"
23281,23281,"1290,7120,544,4929,6971,11298,12869,9438,10663,12497"
