ID,user_id,item_id
12,12,"10326,4798,4277,13346,5303,12857,8562,3950,2140,544"
14,14,"6220,10326,4798,1290,9942,6971,8562,544,7120,11298"
17,17,"10326,1328,4798,544,1290,9942,8562,11298,7120,2989"
21,21,"10326,4798,6220,544,2343,8562,9942,13346,2140,9693"
44,44,"1290,11298,7120,9101,1244,11024,12869,544,9295,4664"
55,55,"10326,4798,8562,544,2218,6659,6220,13249,13296,1290"
56,56,"2343,13346,544,6971,4798,1290,9693,10326,12665,9942"
58,58,"10326,4798,544,6220,8562,6971,12665,4277,3950,5303"
59,59,"4798,10326,12665,3950,6220,13346,2218,6971,9942,5303"
79,79,"8562,4798,2343,13346,6220,10326,3428,544,9693,3950"
81,81,"1290,7120,11298,544,9101,4576,2989,6971,1244,12869"
85,85,"4798,10326,13346,6220,8562,544,6971,3950,1290,5303"
92,92,"11298,1290,4576,11024,7120,9101,544,1779,10326,4664"
97,97,"12665,3950,9942,13346,8562,10326,544,1290,4798,8413"
100,100,"4798,12857,6433,13346,10326,544,8562,1290,10916,5642"
112,112,"6220,2218,3950,6971,10326,8562,6383,275,544,4798"
122,122,"10326,4798,4277,3950,217,13346,9942,6220,8562,717"
133,133,"4798,2343,544,9693,11969,10326,4576,9532,1323,1290"
141,141,"1290,6220,544,7120,10326,4798,9942,8562,11298,2989"
144,144,"9295,544,1290,10326,4798,9942,11298,8562,7120,2989"
149,149,"1290,7120,11298,3464,7679,544,4929,4576,9295,10326"
153,153,"10326,6220,4798,3950,8562,544,6971,9942,2218,13296"
166,166,"2343,544,1290,10326,9942,9532,4798,89,8188,8562"
220,220,"6220,4798,8562,9942,8413,13346,10326,12665,544,1290"
231,231,"3950,2343,9693,13346,9404,8562,9532,544,4798,10326"
262,262,"1290,4798,6971,4277,7120,10326,8562,5303,544,6433"
274,274,"544,6220,6971,10326,3950,2218,4798,8562,1290,5495"
277,277,"1290,2343,12665,4576,4798,13346,10326,9101,7120,13306"
281,281,"1290,7120,6971,4929,544,11298,9295,10663,6220,10326"
291,291,"217,4798,10326,2218,2140,544,1290,717,8562,9942"
300,300,"10326,544,6220,8562,4798,6971,2218,5303,1290,9942"
310,310,"4798,3950,5303,8562,13346,12857,10326,6326,544,1290"
332,332,"5495,12470,8188,544,1290,10326,4798,9942,8562,11298"
344,344,"10326,8562,4277,4798,217,12857,3950,6433,544,13249"
359,359,"1290,544,7120,6220,9101,11298,2989,4576,1244,10326"
380,380,"5495,544,1290,4798,10326,9942,8562,5532,11298,7120"
386,386,"9942,6220,8562,3950,12665,544,3428,4277,13346,6971"
426,426,"13346,3950,12665,8562,5495,89,6220,8483,9942,544"
436,436,"4798,10326,4277,6971,8562,3950,12857,544,13346,1290"
453,453,"544,6220,8562,6971,89,13346,4798,2218,5545,1290"
461,461,"544,7120,10326,4798,9101,11298,1244,4277,2989,11969"
464,464,"4798,10326,13346,2140,544,1290,9942,8562,11298,7120"
473,473,"5495,13346,9942,544,1290,10326,12470,4798,12665,2218"
481,481,"10326,6220,4798,217,350,717,6383,12665,1290,3950"
490,490,"4277,10326,275,350,544,4798,1290,9942,9178,8562"
494,494,"4798,8562,6220,10326,12665,3950,6971,9942,13346,544"
497,497,"1290,7120,2989,12869,7679,544,1244,7669,11298,9730"
510,510,"2343,3950,544,13346,3428,9942,8562,64,6220,4277"
511,511,"4798,6220,10326,544,12857,8562,1290,717,8421,9942"
512,512,"1290,544,7120,9693,9101,4576,2343,11298,11024,2989"
524,524,"1290,7120,12869,1244,11298,2989,4929,9295,544,10326"
525,525,"10326,544,4798,8562,6971,3950,11969,9942,12665,4277"
545,545,"8562,4798,8421,544,10326,1290,9942,11298,7120,217"
560,560,"10326,8562,3950,13346,6220,4798,3428,544,9942,217"
564,564,"2343,9693,6220,275,6795,544,4798,1290,10326,9942"
566,566,"2343,5303,13346,8483,4798,544,1290,9942,10326,9693"
568,568,"217,4277,13346,6220,2218,10326,5495,3428,4798,544"
570,570,"8562,6220,544,7707,1290,10326,4798,13296,9942,11298"
573,573,"13346,4277,8562,3950,12857,6433,6220,217,544,10077"
594,594,"8562,4798,10326,6220,3950,13346,5303,544,13249,2140"
601,601,"4798,10326,12665,1290,6971,2343,2218,13346,6220,544"
605,605,"544,1290,4798,10326,5495,8562,9942,11298,13346,7120"
641,641,"9942,6220,13346,5495,3428,2218,4798,12470,10326,544"
650,650,"2218,3950,6220,9942,12665,4798,5545,13346,4277,544"
675,675,"6220,12665,8562,6971,9942,4798,275,544,1290,10326"
677,677,"1290,7120,4929,544,10663,10326,4798,11298,9942,8562"
679,679,"10326,9942,544,6971,4277,217,4798,8562,12665,2218"
683,683,"544,1290,10326,4798,9942,8562,11298,7120,2989,12665"
687,687,"6220,544,8562,1290,13346,2218,10326,3950,12665,4798"
705,705,"5303,544,4798,10326,1290,4277,275,9942,8562,11298"
708,708,"1290,544,7120,11298,6971,1244,6220,9101,11024,9730"
712,712,"8562,9942,3950,4798,5495,5545,10326,13306,12665,544"
715,715,"4798,13346,5303,10326,544,4277,1290,9942,8562,11298"
728,728,"1290,7120,9101,544,11298,2989,12869,4929,10326,9962"
743,743,"2343,544,12665,13346,9693,89,5495,6659,10326,6971"
753,753,"6220,544,5545,9942,1290,10326,8413,4798,3428,8562"
757,757,"4798,10326,8562,5303,6220,3950,12857,544,1220,5495"
768,768,"8562,5495,3950,8413,13346,4798,6220,12665,10326,3428"
797,797,"2343,544,12665,10326,1290,4798,9942,13346,8562,5532"
813,813,"12665,8562,1290,9942,544,10326,4798,11298,7120,2989"
832,832,"1290,7120,11298,4929,1244,6971,9101,9730,544,10663"
833,833,"8562,4798,3950,6220,5303,10326,13346,9942,544,1290"
844,844,"13346,12665,6220,4277,2218,544,6971,9942,10326,217"
858,858,"10326,544,6220,4277,11969,1244,9942,4798,8562,6971"
874,874,"12869,11298,4576,9730,11024,12665,1290,9942,544,12995"
875,875,"10326,8562,13346,12470,6220,6971,4277,2218,5303,544"
892,892,"4798,8562,6220,10326,2140,544,6971,1290,9942,11298"
897,897,"3950,9942,544,12665,1290,10326,4798,8562,11298,7120"
912,912,"1290,7120,10326,6971,4798,5303,8562,544,8590,4929"
924,924,"9942,4798,6220,544,13306,7707,1290,10326,13296,13346"
926,926,"544,6220,10326,1290,12665,6971,4798,8562,13296,2218"
933,933,"10326,4798,12665,544,6220,3950,2140,1290,8562,9942"
944,944,"8562,6220,13346,12665,9942,3950,10326,2343,544,13296"
951,951,"5495,4798,6971,5303,2218,12470,8562,9942,10326,544"
974,974,"544,8562,6220,3428,10326,6659,13346,4798,13296,5545"
1010,1010,"544,1290,4798,10326,9942,8562,11298,7120,2989,12665"
1013,1013,"12665,544,2343,6971,1290,8562,10326,4798,89,9942"
1016,1016,"1290,9942,7120,6971,6220,5303,8562,4798,10326,2218"
1023,1023,"1290,7120,6220,11024,11298,12665,4798,89,6971,1244"
1035,1035,"1290,12665,6220,4798,6971,9101,4576,5303,544,4277"
1046,1046,"1290,544,7120,10326,11298,9101,4576,6971,11969,9942"
1051,1051,"1290,2218,9942,7120,8590,2989,544,8562,10326,11298"
1057,1057,"5303,10326,275,4798,544,8421,1290,8562,13346,9942"
1064,1064,"1290,7120,4798,6971,10326,4929,8590,2140,544,8562"
1080,1080,"13346,4798,544,1290,10326,9942,8562,11298,7120,2989"
1089,1089,"10326,8562,6220,544,4798,4277,217,2343,12857,717"
1090,1090,"13346,8562,12857,4277,4798,10326,544,1290,12665,3950"
1103,1103,"10326,8562,13346,3950,4798,10916,12665,544,1290,9942"
1123,1123,"1290,7120,6971,4929,544,10326,10663,4798,9942,11298"
1134,1134,"10326,13346,4798,5303,8562,9942,3950,4277,12857,544"
1136,1136,"8562,3950,4798,10326,13346,9942,12665,544,4277,5545"
1139,1139,"6220,544,1290,8562,5495,7707,9942,2218,6971,12665"
1154,1154,"10326,544,6220,3428,12665,8562,3950,9942,4277,10568"
1169,1169,"1290,11298,544,6220,9101,1244,4576,4929,6971,12665"
1173,1173,"10326,8562,6220,544,4798,13346,2218,1290,7707,9942"
1178,1178,"544,1290,10326,4798,9942,8562,11298,7120,2989,12665"
1190,1190,"10326,8562,4798,3950,13346,6971,5303,275,544,1290"
1205,1205,"4798,3950,6220,13346,8562,10326,6971,5303,544,9942"
1217,1217,"11298,1290,7120,11024,2989,1244,4576,7679,12869,9730"
1218,1218,"544,2343,9693,6220,9101,10326,1290,4798,11298,9942"
1230,1230,"4798,8562,6220,3950,10326,12665,2343,544,13346,9693"
1250,1250,"10326,4798,8562,217,12857,6433,2140,544,13249,1290"
1252,1252,"544,6971,10326,3950,12665,4798,8562,1290,6220,9942"
1276,1276,"544,2343,5495,2218,1290,10326,9942,9693,12665,4798"
1279,1279,"1290,7120,11298,544,9962,10326,4798,6971,789,9942"
1281,1281,"10326,217,9942,8590,4277,11969,544,4798,8421,8562"
1288,1288,"8562,10326,6220,3950,3428,2218,13346,12470,5495,6971"
1305,1305,"11298,1244,1290,544,9730,2989,10326,7120,4798,12869"
1320,1320,"8562,4798,3950,544,1290,10326,12857,9942,11298,7120"
1321,1321,"5495,3950,13346,10326,5303,6220,544,13249,4798,1290"
1328,1328,"9942,2218,6659,5303,544,8562,7707,13296,1290,10326"
1343,1343,"10326,4798,8562,13346,4277,544,12857,6220,6971,2140"
1345,1345,"1290,10326,7120,11298,2989,11969,4277,6971,9101,12869"
1374,1374,"11298,7120,1244,12869,4664,544,4576,9101,3464,9730"
1410,1410,"1290,7120,4929,544,11024,10326,10663,4798,9942,11298"
1414,1414,"12857,544,1290,10326,4798,9942,8562,11298,217,7120"
1420,1420,"4798,9942,2218,10326,8562,6220,3950,5303,544,1290"
1440,1440,"2343,544,2989,1290,10326,4798,8590,9942,5495,8562"
1441,1441,"8562,544,1290,11298,10326,4798,9942,11024,6220,7120"
1443,1443,"11298,4576,11024,2343,9693,1290,2989,544,9101,1244"
1458,1458,"1290,7120,10326,11298,544,1244,4576,9101,4277,6971"
1492,1492,"8562,10326,6220,13346,9942,4798,5545,544,2218,1290"
1496,1496,"10326,4798,8562,1290,6971,5303,544,2218,6220,8590"
1499,1499,"12665,544,10326,1290,4798,5532,9942,5199,8562,5495"
1504,1504,"11298,1290,9101,2989,544,12869,7120,11024,10389,4664"
1516,1516,"8562,2343,10326,13346,4798,3950,13249,6220,12665,544"
1523,1523,"217,10326,544,1290,4798,9942,8562,11298,7120,2989"
1534,1534,"544,1290,10326,4798,9942,8562,11298,7120,2989,12665"
1539,1539,"1290,7120,9730,11024,4576,6220,9101,12665,8562,9942"
1559,1559,"1290,7120,9101,2989,1244,4576,6971,544,11024,9730"
1572,1572,"9942,6220,10326,12665,3950,1290,544,8562,6971,4798"
1573,1573,"4798,10326,544,4277,3950,12857,8562,717,6433,2343"
1601,1601,"544,6220,1290,9942,10326,4798,9101,6971,8562,7120"
1603,1603,"8562,3950,4798,544,10326,1290,9942,13249,11298,7120"
1604,1604,"217,4277,544,13346,4798,3950,6383,3428,10326,350"
1613,1613,"1290,11298,7120,4576,11024,9101,544,1244,2989,4664"
1634,1634,"10326,8562,3950,4277,4798,6659,544,1328,6220,1290"
1642,1642,"8562,3950,6220,4798,13346,10326,13249,6971,3428,544"
1643,1643,"1290,7120,2989,6971,11298,6220,9101,544,4929,1244"
1654,1654,"8562,6220,9942,3950,544,10326,4798,5303,13296,4277"
1657,1657,"11298,11024,12655,9730,2989,8978,4576,7679,10389,9101"
1674,1674,"6220,6971,1290,10326,12665,13346,4798,8562,2343,544"
1702,1702,"10326,8562,6220,13346,9942,12857,6433,3950,6326,13110"
1719,1719,"6659,3950,9942,544,1290,10326,3428,8562,4798,11298"
1725,1725,"10326,8562,4798,13346,3950,12665,4277,6220,12857,5303"
1726,1726,"1290,6971,8562,4798,10326,2140,544,7120,6433,9942"
1728,1728,"2343,544,9693,4576,11969,10326,12869,9101,2989,11298"
1735,1735,"1290,544,10326,4798,8562,9942,7120,11298,12665,2989"
1739,1739,"1290,7120,4929,544,10326,4798,9942,8562,11298,10663"
1774,1774,"4798,10326,8562,3950,6220,13346,4277,3428,12857,13249"
1780,1780,"544,4798,6220,4277,9101,10326,11969,13346,7679,11298"
1799,1799,"544,1290,10326,4798,9942,8562,11298,7120,2989,12665"
1813,1813,"4798,8562,13346,3950,10326,12665,2218,544,5303,8483"
1834,1834,"3950,4798,10326,13346,12857,217,544,8562,1290,9942"
1835,1835,"8562,12470,5495,544,1290,10326,4798,9942,217,11298"
1841,1841,"1290,11298,12869,1244,9295,9101,544,10326,4798,9942"
1863,1863,"3950,6220,8562,10326,9942,4798,13249,13346,3428,544"
1878,1878,"8562,3950,13346,9942,3428,544,1290,10326,4798,13249"
1879,1879,"4798,10326,2343,13346,6971,5303,544,9942,1290,8562"
1910,1910,"1290,7120,2343,6971,9942,10663,544,11298,10326,9693"
1911,1911,"8562,12857,544,5495,10326,6971,717,1290,4798,9942"
1919,1919,"2343,10326,13346,9693,544,9942,5545,4798,1290,8562"
1925,1925,"12869,11298,544,1290,9730,10326,7679,4798,9942,2989"
1926,1926,"11298,544,1290,10326,1779,4798,9942,8562,2989,7120"
1931,1931,"10326,544,1290,4798,9942,8562,11298,7120,2989,217"
1940,1940,"4798,10326,13346,6971,2218,5303,6220,8562,12857,275"
1968,1968,"10326,4798,5303,8483,12857,8562,1328,11969,6383,544"
1981,1981,"12665,6971,3950,13346,4798,12857,8413,10326,6220,544"
1992,1992,"1290,7120,11298,3464,544,9295,10663,2989,10326,4798"
1998,1998,"11298,1290,2989,11024,1244,7120,544,1779,9101,10326"
2000,2000,"1290,7120,11298,4929,544,9295,10326,1244,4798,10663"
2017,2017,"4798,10326,13346,3950,6220,4277,5303,6971,8562,12857"
2036,2036,"544,1290,10326,4798,9942,8562,11298,7120,2989,12665"
2044,2044,"8562,2343,4798,544,9693,10326,1290,6220,13249,9942"
2047,2047,"11298,1290,12869,9101,1244,7120,544,10326,4576,4798"
2052,2052,"544,10326,1290,4798,6659,350,9942,8562,11298,7120"
2055,2055,"5495,544,1290,10326,8562,4798,9942,11298,7120,217"
2069,2069,"6220,2218,8562,544,3428,3950,5545,9942,8413,8681"
2075,2075,"2343,544,9693,3950,8562,6220,9942,4277,4798,3428"
2089,2089,"4798,4277,10326,717,13346,544,8562,8421,1290,9942"
2093,2093,"9942,12665,8562,6220,4798,3950,5303,544,10326,217"
2127,2127,"10326,4798,544,9942,1290,8562,11298,7120,8421,2989"
2135,2135,"9942,6220,12665,8562,3950,2218,3428,13346,5545,10326"
2137,2137,"8562,12665,13346,544,1290,10326,2343,4798,3950,11298"
2141,2141,"8562,6220,8413,2218,544,7707,5495,10326,5545,1290"
2147,2147,"1290,544,6220,7120,11298,12869,2989,1244,4576,11024"
2150,2150,"10326,4798,4277,3950,8562,544,12665,717,350,9942"
2153,2153,"4798,5303,12857,8562,6971,6220,10326,544,1290,6326"
2158,2158,"11298,1290,544,9101,7120,2989,1244,11024,12869,4576"
2178,2178,"13346,2343,8562,10326,6971,9942,544,5461,12665,4798"
2180,2180,"8562,6220,13346,9942,5303,10326,3950,544,13306,5545"
2181,2181,"11298,3464,6220,544,1290,7120,2989,1779,10326,4798"
2193,2193,"8562,8413,12665,3950,12857,544,1290,10326,4798,9942"
2216,2216,"10326,4277,8562,4798,544,13346,350,7707,1290,6433"
2224,2224,"8562,5495,3950,13346,10326,2343,6971,275,544,2140"
2231,2231,"2343,544,1290,6971,9942,9693,12665,10326,4798,8590"
2242,2242,"4277,6220,3428,12665,13306,10326,5545,1323,544,8562"
2243,2243,"5495,12470,2343,544,8562,10326,1290,5676,4798,9942"
2247,2247,"13346,544,1290,10326,9730,4798,9101,9942,5532,8562"
2262,2262,"544,1290,1244,11298,10326,11024,4576,2989,7120,8590"
2271,2271,"8562,544,4277,10326,11969,6971,2343,2218,12665,6433"
2284,2284,"13346,3950,12665,544,8413,1290,10326,4798,8562,5495"
2287,2287,"8562,544,1290,10326,4798,9942,11298,7120,2989,12665"
2291,2291,"10326,3950,5303,544,6220,4798,275,1290,2140,9942"
2293,2293,"4798,10326,1290,6971,7120,8590,544,2140,2989,11298"
2294,2294,"4798,8562,10326,4277,12857,5303,6433,217,3950,6971"
2301,2301,"4798,544,10326,8562,5303,6971,1290,9693,5545,8421"
2310,2310,"9942,6220,544,10326,12665,3950,8562,11298,9101,4576"
2341,2341,"8562,4798,10326,12665,6971,6220,12857,13346,2343,3950"
2345,2345,"11298,7679,12869,11024,9101,8978,544,11918,12655,4545"
2348,2348,"1290,7120,11298,544,9101,1244,9730,12869,4576,10326"
2349,2349,"13346,10326,8562,544,6971,6220,4798,3950,5495,1290"
2350,2350,"10326,1290,9942,6220,7120,544,4798,4277,12665,2218"
2355,2355,"10326,4798,4277,3950,8562,217,12857,6220,13346,544"
2383,2383,"10326,13346,4798,8562,4277,544,1290,3950,9942,5495"
2393,2393,"4798,544,1290,10326,9942,8562,2140,11298,5303,7120"
2399,2399,"7120,6971,4798,4576,5303,544,10326,1244,4929,9101"
2421,2421,"2343,544,4798,4277,10326,8562,13346,12665,5303,1290"
2435,2435,"9532,2989,544,1290,2343,10326,4798,9942,8562,11298"
2448,2448,"4798,6971,544,1290,8590,10326,5495,8562,9942,11298"
2452,2452,"1290,7120,544,10326,2343,4798,9942,1220,8562,11298"
2464,2464,"8562,6220,10326,9942,544,4798,1290,5545,2218,11298"
2470,2470,"544,1290,10326,5495,4798,8562,9942,11298,5642,7120"
2478,2478,"6971,1290,12665,8590,89,4798,544,10326,7120,9942"
2506,2506,"6220,3428,8562,9942,8681,544,10594,1290,3950,10326"
2523,2523,"6971,544,1290,10326,4798,8562,9942,11298,7120,12665"
2527,2527,"1290,7120,4929,544,10326,4798,9942,8562,11298,2989"
2528,2528,"8562,4798,6220,3950,9942,544,1290,12857,10326,11298"
2530,2530,"2218,5495,5303,13408,13346,3950,8562,544,10326,1290"
2533,2533,"9942,13346,5495,544,6220,1290,10326,4798,8562,8413"
2540,2540,"8562,3950,217,13346,10326,12665,544,1290,4798,9942"
2558,2558,"3950,12665,13346,2218,10326,8562,544,1290,9942,5495"
2559,2559,"10326,6220,9942,3950,6659,544,2218,12665,8188,13296"
2592,2592,"1290,10326,544,4798,13346,6971,7120,12665,6220,2343"
2599,2599,"10326,4277,6971,12665,8562,4798,275,12857,3950,6220"
2608,2608,"9942,6220,544,3950,3428,13346,12470,8562,5545,5303"
2613,2613,"1290,11298,7120,11024,9730,2989,12869,4576,9101,544"
2616,2616,"8413,544,1290,10326,4798,9942,5495,8562,11298,7120"
2617,2617,"6220,10326,544,1290,9942,8562,4798,7707,11298,7120"
2619,2619,"3950,6220,544,13346,8562,1290,9942,10326,4798,11298"
2622,2622,"1290,7120,11298,544,1244,9101,10326,2989,4798,4664"
2629,2629,"1290,11298,1244,7120,9101,2343,6220,4576,544,12665"
2648,2648,"1290,1244,7120,544,9101,10326,2989,12665,4576,6220"
2654,2654,"4798,10326,6220,8562,12665,3950,9942,544,7707,6971"
2668,2668,"544,6220,1290,10326,8562,4798,9942,11298,2989,7120"
2703,2703,"5461,4576,544,3565,1290,4798,10326,9942,8562,5495"
2710,2710,"544,9942,10326,4277,8562,3428,4798,5303,3950,13346"
2713,2713,"4798,8562,6971,5303,3950,13346,10326,544,1290,9942"
2722,2722,"7120,2989,9101,11298,1244,4929,544,10389,10326,12869"
2724,2724,"1290,7120,1244,4929,6971,544,11298,10663,9942,2989"
2727,2727,"10326,6220,4798,6971,12857,8562,13346,12665,2140,5303"
2755,2755,"1290,11298,1244,544,7669,4576,11024,7120,12665,12869"
2769,2769,"8562,13346,10326,544,1290,4798,3428,6220,9942,3950"
2776,2776,"2218,5303,5495,544,1290,6971,4798,10326,8562,9942"
2781,2781,"1290,7120,4929,1244,544,6971,4576,11298,9101,10663"
2782,2782,"1290,7120,1244,11298,7679,4929,10663,544,11024,10326"
2789,2789,"4798,6971,2218,5303,544,1290,8562,10326,3950,2343"
2794,2794,"9942,13249,10326,544,1290,13346,4798,2903,8562,11298"
2804,2804,"3950,2218,6220,5303,9693,8562,7707,64,544,10326"
2819,2819,"6220,12665,3950,10326,544,8562,4798,5495,9942,6971"
2846,2846,"4798,8562,6971,9942,544,10326,6220,7707,1290,13408"
2851,2851,"2989,12869,11298,7669,11024,1244,544,1290,7120,9942"
2861,2861,"10326,4277,6220,9532,8562,544,5303,1290,4798,7707"
2862,2862,"12665,6220,544,1290,2989,13296,10326,11024,8562,9942"
2867,2867,"10326,5495,4798,12470,544,1290,9942,13346,8562,11298"
2873,2873,"5495,544,2343,13408,9693,1290,5676,10326,64,2218"
2880,2880,"6220,544,8562,7707,9942,1290,10326,4798,11298,7120"
2881,2881,"4798,13346,10326,12857,5495,13249,8562,544,1290,4277"
2886,2886,"4798,217,6220,12665,4277,717,13346,3950,9942,8562"
2891,2891,"2343,10326,9693,4798,13346,6220,9942,3950,12665,544"
2908,2908,"544,10326,1290,7120,4798,2140,5303,11969,717,11298"
2910,2910,"544,9693,8562,2343,6971,10326,7707,9101,1290,6220"
2915,2915,"10326,5495,9942,8562,4798,12665,12470,3950,13346,544"
2935,2935,"544,1290,6220,5303,4798,6971,8562,2218,3950,10326"
2946,2946,"1290,11298,2989,544,4576,1244,9101,12869,4664,10389"
2948,2948,"544,1290,6220,2989,4576,11024,11298,7120,6971,9101"
2969,2969,"3950,4798,544,10326,1290,8562,9942,2218,11298,13346"
2979,2979,"11298,2989,12869,11024,7679,1290,9101,1244,10389,7120"
3036,3036,"11298,1290,3464,7120,7679,544,10326,1244,4798,2989"
3050,3050,"12665,4798,3950,13346,8562,10326,4277,544,9942,6220"
3056,3056,"4798,544,10326,1290,6659,9942,8562,11298,7120,2989"
3061,3061,"4798,10326,4277,8562,12857,3950,217,717,5303,13346"
3066,3066,"6220,8562,10326,4798,13346,6659,7707,5495,544,13296"
3069,3069,"10326,5303,4798,13346,544,217,6220,8562,1290,12665"
3094,3094,"10326,4277,544,8562,12857,217,4798,350,6220,717"
3106,3106,"3950,544,10326,4277,6220,2218,8562,8188,6659,217"
3110,3110,"1290,7120,4929,544,10663,10326,4798,4277,9942,11298"
3115,3115,"2343,12665,544,9693,10326,13346,4798,8562,5199,1290"
3136,3136,"1290,10326,6971,9101,544,8562,5303,6220,12665,7120"
3159,3159,"10326,3950,8562,4798,2218,1328,6659,3428,9404,9942"
3166,3166,"10326,4798,5495,544,1290,13346,7120,9101,6971,2218"
3172,3172,"1290,2343,544,11298,6971,89,7120,9693,9101,1244"
3200,3200,"13346,544,5495,13249,4277,10326,1290,4798,8562,9942"
3217,3217,"10326,4798,9942,2218,3950,12857,3428,12665,13249,6220"
3218,3218,"1290,7120,6220,544,11298,1244,4576,4664,13296,9101"
3229,3229,"13346,10326,275,4798,50,544,1290,350,9942,217"
3230,3230,"1290,544,7120,6220,8562,4798,11298,2989,6971,10326"
3274,3274,"6971,4798,275,10326,2140,544,1290,12665,8562,9942"
3285,3285,"10326,4277,6220,544,12857,4798,12665,8562,350,9942"
3316,3316,"8562,13346,6220,9942,3428,12665,13306,544,10326,1290"
3319,3319,"4798,4277,8562,3950,12857,10326,544,350,217,13346"
3323,3323,"10326,4798,9942,13346,3950,4277,8562,5303,12665,350"
3346,3346,"12665,6971,11298,9730,1290,4798,2989,10326,544,2140"
3354,3354,"4798,6220,10326,3950,13346,11969,9942,3428,5303,544"
3368,3368,"3950,6220,8562,10326,4277,544,217,4798,13346,3428"
3374,3374,"9942,12665,544,1290,3428,5545,7707,13296,10326,9101"
3391,3391,"10326,8562,4277,6220,4798,3428,9942,717,6383,350"
3397,3397,"8562,2343,6220,9693,4798,89,2218,3950,12665,544"
3404,3404,"544,4798,10326,6220,8562,7707,1290,9942,13346,11298"
3408,3408,"9942,4798,8562,6971,10326,5303,275,5461,89,8413"
3416,3416,"2343,9693,1290,2989,544,10326,4798,9942,6795,11298"
3422,3422,"1290,4798,10326,544,6971,7120,4277,8562,6220,5303"
3423,3423,"544,6220,2343,10326,8562,4798,11969,9693,89,7707"
3426,3426,"6220,12665,8562,6659,9942,5545,4798,544,1290,10326"
3436,3436,"10326,544,6220,4798,6971,11969,1290,8562,9942,5303"
3448,3448,"6220,4798,12857,544,10326,1290,12665,8562,9942,11298"
3464,3464,"12665,9942,3950,2218,13346,6220,5545,544,8562,3428"
3472,3472,"1290,7120,6971,544,12665,89,10326,6220,11298,4929"
3477,3477,"9942,544,6220,5495,6971,5303,8562,275,3428,11969"
3488,3488,"3950,13346,6220,4277,8562,4798,10326,5303,12857,12665"
3497,3497,"12665,13346,8562,6220,3950,1323,10326,4798,544,5545"
3504,3504,"1290,7120,544,10326,4798,9942,11298,8562,2989,9101"
3517,3517,"10326,8562,13346,5303,6220,4798,3950,8483,9942,544"
3538,3538,"5495,10326,4798,544,1290,5303,8562,9942,11298,13346"
3544,3544,"3950,2343,12665,13346,4798,6220,544,9532,10326,8562"
3547,3547,"10326,9942,217,3950,13346,13249,717,8562,12665,544"
3569,3569,"12665,10326,544,4798,9942,1290,8590,6220,8562,5495"
3570,3570,"544,1290,10326,4798,9942,8562,11298,7120,2989,12665"
3575,3575,"10326,5303,13346,544,10568,275,1290,4798,3950,9942"
3579,3579,"4798,544,13346,4277,3950,8562,5303,6220,6971,10326"
3588,3588,"1290,7120,6220,544,10326,1244,4798,8562,9942,11298"
3592,3592,"9942,2989,12869,1290,11024,11298,544,1244,6220,1779"
3617,3617,"10326,4798,8562,13346,6220,5495,717,5303,544,2140"
3632,3632,"9942,6220,7707,544,89,1290,8681,10326,3950,4798"
3650,3650,"1290,544,10326,4798,2140,7120,11298,9942,2989,8562"
3654,3654,"10326,8562,4798,12857,2140,544,1290,9178,9942,5303"
3656,3656,"4798,5303,544,1290,10326,9942,8562,7120,2218,6220"
3678,3678,"1290,544,7120,6220,6971,5303,9942,89,4798,5495"
3681,3681,"544,1290,10326,4798,9942,8562,11298,7120,2989,12665"
3683,3683,"4277,4798,5303,3950,1290,544,2343,10326,6433,8562"
3685,3685,"10326,544,8562,3950,4798,5303,9404,9942,4277,12665"
3699,3699,"1290,7120,11298,1244,3464,2989,544,4929,4576,10326"
3707,3707,"12665,9942,544,1290,10326,8562,8413,4798,11298,5495"
3731,3731,"1290,7120,1244,2989,9101,4576,544,4929,11024,6971"
3737,3737,"6433,13346,4798,5303,544,1290,10326,8562,12857,9942"
3739,3739,"8562,10326,13346,4798,544,1290,3950,9942,11298,6220"
3744,3744,"3950,12665,13346,10326,6220,9942,8562,4798,544,1290"
3753,3753,"10326,13346,4798,8562,6971,4277,3950,544,1290,9942"
3778,3778,"8562,5495,2218,6220,5303,9942,10326,3950,6971,4798"
3786,3786,"8562,6220,3950,12665,9942,10326,5545,13346,544,4798"
3790,3790,"9942,13346,5495,2218,3950,8562,3428,544,4798,10326"
3804,3804,"4277,544,10326,6383,217,13346,12857,6433,4798,10077"
3805,3805,"3950,8562,6220,2218,13346,10326,544,1290,4798,12665"
3819,3819,"544,4798,10326,6220,3950,2218,5303,13346,8562,11969"
3827,3827,"544,1290,10326,4798,9942,8562,11298,7120,2989,12665"
3829,3829,"4798,8562,10326,12857,3950,13346,6220,6433,12665,544"
3841,3841,"10326,6971,6220,275,5303,544,1290,13346,12665,2140"
3849,3849,"1290,11298,7120,9730,9101,544,12869,10326,9962,4798"
3928,3928,"1290,7120,11298,544,1244,6971,4929,4576,4798,9295"
3988,3988,"11298,544,7342,7679,1290,10326,4798,9942,8978,8562"
3994,3994,"11298,1290,2989,9101,11024,4576,1244,7679,544,89"
3998,3998,"13346,9942,3950,5461,544,10326,275,1290,4798,8562"
4012,4012,"3950,13346,8562,544,1290,4798,10326,9942,11298,12665"
4021,4021,"4798,6971,13346,5495,2343,5303,8562,10326,9693,2140"
4022,4022,"4798,6220,8562,4277,6971,3950,1290,217,13346,5303"
4047,4047,"544,9942,6220,3950,10326,1290,8562,4798,7707,13296"
4073,4073,"1290,2989,11298,9101,544,4576,4929,1244,9730,10326"
4099,4099,"544,1290,5495,7120,10326,5303,11969,4277,6220,9101"
4100,4100,"544,1290,10326,4798,9942,8562,8413,11298,6220,7120"
4120,4120,"12470,13408,13346,5676,8562,1290,544,10326,4798,9942"
4126,4126,"1290,544,7120,11298,10326,6971,9101,4576,2989,4277"
4136,4136,"4798,9942,8413,5495,544,1290,10326,8562,5303,5532"
4160,4160,"7669,7679,1290,12869,544,11298,10326,11024,7120,4798"
4173,4173,"1290,7120,5495,4576,6220,6971,9942,2989,9101,9730"
4177,4177,"1290,7120,11298,544,10326,9101,2989,4576,9730,11024"
4183,4183,"10326,4798,4277,544,8562,11969,717,217,13346,12857"
4191,4191,"1290,7120,4929,1244,10663,544,10326,9942,4798,11298"
4195,4195,"13346,8562,10326,4798,217,275,2140,4277,12857,717"
4213,4213,"544,6220,2343,9693,5495,10326,6971,8562,9942,4798"
4226,4226,"5495,4277,217,5303,544,8562,1290,12665,10326,4798"
4227,4227,"1290,7120,11298,1244,10326,544,6220,9295,1779,4277"
4232,4232,"13346,3950,10326,4798,8562,13249,544,1290,9942,11298"
4255,4255,"4798,10326,4277,13346,5303,217,10568,6433,717,544"
4258,4258,"544,1290,10326,11298,4798,9942,8562,11024,2989,7120"
4274,4274,"350,10326,1328,4798,544,5303,1290,9942,8562,11298"
4289,4289,"1290,6220,6971,2218,544,11298,10326,4798,9942,13296"
4295,4295,"10326,8562,9942,13346,4798,3950,2343,544,11969,13249"
4300,4300,"3950,6220,10326,13346,8562,217,3428,13306,717,9942"
4334,4334,"10326,4798,544,1290,10594,8562,9942,11298,8421,7120"
4361,4361,"8562,3950,4798,10326,12665,13346,544,1290,6220,6971"
4377,4377,"4798,9942,3950,5495,8562,13346,544,10326,1290,8413"
4412,4412,"1290,7120,11298,9730,1244,2989,9101,4929,3464,7679"
4415,4415,"13346,8413,12857,5676,544,10326,1290,8562,4798,9942"
4424,4424,"8562,4798,10326,13346,544,1290,9942,6971,11298,7120"
4425,4425,"10326,4277,717,4798,544,1290,10594,350,8421,8562"
4430,4430,"8562,13346,4798,4277,10326,5303,3950,3428,12857,544"
4433,4433,"8562,4798,6220,13346,12857,544,10326,6433,1290,9942"
4436,4436,"12665,8562,5495,544,10326,1290,9942,4798,2989,6220"
4458,4458,"10326,6220,5303,8562,3950,13346,544,4798,1290,8413"
4461,4461,"544,1290,10326,4798,8562,9942,11298,7120,5495,2989"
4488,4488,"3950,13346,12665,8562,89,5676,9942,10326,1290,544"
4497,4497,"1290,7120,11298,1244,9101,544,10326,4929,4576,6971"
4498,4498,"10326,544,4798,9942,4277,5303,11969,8562,217,3950"
4504,4504,"5495,5461,544,1290,6220,10326,4798,9942,8562,12665"
4510,4510,"10326,1290,6220,3950,7120,6971,9101,9942,2989,4798"
4512,4512,"544,1290,10326,4798,9942,8562,11298,7120,2989,12665"
4513,4513,"10326,6220,4798,2218,544,8562,5676,5495,7707,3428"
4516,4516,"1290,11298,7120,9101,12869,4576,11024,12665,1244,544"
4526,4526,"6220,8562,544,4798,9942,6659,12470,5495,3428,13296"
4528,4528,"8562,4798,10326,2218,5303,8483,13346,2343,544,9942"
4542,4542,"3950,4798,12665,9942,6220,8562,13346,544,5676,13249"
4559,4559,"1290,7120,11298,9295,1779,544,9730,10326,4798,9942"
4572,4572,"8562,10326,3950,6220,544,9942,1290,13249,4798,11298"
4575,4575,"8562,6220,3950,4798,5303,3428,2218,6971,275,12665"
4583,4583,"8562,13346,217,4277,12857,10326,4798,1323,350,544"
4602,4602,"6220,6971,4798,5303,8562,12665,7707,10326,3950,1290"
4608,4608,"11298,1290,1244,11024,7120,9101,4576,4664,10389,544"
4609,4609,"13346,3950,4798,9942,8590,2218,5495,10326,5303,544"
4626,4626,"8562,13346,3950,2343,9942,64,8413,6220,544,3428"
4642,4642,"9942,13346,5495,8562,3950,10326,8188,3428,7707,2343"
4653,4653,"6220,8562,12665,13346,3950,6971,4798,544,7707,9942"
4664,4664,"1290,7120,11298,1244,11024,9101,4576,544,2989,1779"
4665,4665,"1290,7120,4929,544,10326,4798,9942,11298,8562,2989"
4672,4672,"1290,11298,7120,11024,9101,544,9730,1244,2989,4576"
4680,4680,"6220,4798,217,10326,13346,2343,4277,6659,1328,8421"
4705,4705,"10326,5495,4798,8562,12665,9942,3950,13346,6971,12470"
4707,4707,"3950,544,1290,9942,10326,8562,4798,11298,7120,2989"
4711,4711,"6220,5495,2218,5303,8562,3950,3428,89,544,1290"
4732,4732,"12665,3950,5461,544,6220,89,1290,10326,4798,9942"
4734,4734,"1290,7120,12665,6220,10326,9942,4929,9101,6971,544"
4735,4735,"1290,7120,4929,544,10326,4798,9942,11298,8562,2989"
4749,4749,"6220,544,2343,9942,9101,1290,10326,5545,8562,9693"
4751,4751,"4798,6971,13346,6220,3950,544,10326,5303,8562,8590"
4762,4762,"6971,2218,4798,8562,544,13346,1290,10326,9942,5303"
4767,4767,"10326,4798,8562,1290,544,7120,9942,11298,2989,12665"
4771,4771,"10326,544,4798,13346,6971,6220,3950,8562,9942,2218"
4773,4773,"9942,12665,8562,4798,3950,2218,10326,544,1290,5495"
4776,4776,"8562,12665,8413,1290,544,10326,4798,9942,7120,11298"
4783,4783,"9942,6220,2218,5495,10326,5545,89,3428,13306,3950"
4788,4788,"13346,2218,4798,9942,10326,3950,13249,544,1290,8562"
4808,4808,"12857,3950,544,1328,1290,10326,4798,9942,10077,8562"
4810,4810,"3950,8562,4798,9942,13346,4277,5303,6220,10326,12857"
4818,4818,"4798,8562,13346,10326,3950,217,4277,717,13249,544"
4823,4823,"8483,8562,544,1290,10326,6220,9942,4798,6433,13346"
4829,4829,"8562,4798,5495,3428,544,1290,10326,13346,9942,3950"
4842,4842,"6220,8562,13346,4798,10326,544,3950,2343,5495,9942"
4859,4859,"6220,3950,9942,8413,544,4798,6971,10326,1290,13346"
4866,4866,"544,2218,7120,1290,6220,10326,11969,8562,5303,8590"
4881,4881,"4798,10326,3950,6220,13346,4277,217,12857,5303,717"
4908,4908,"544,1290,4798,10326,9942,8562,11298,7120,2989,12665"
4910,4910,"1290,544,4929,11298,1244,9101,10326,2343,9693,4798"
4922,4922,"10326,8562,6220,544,4798,12665,3428,4277,6971,5545"
4942,4942,"544,10326,9101,11298,1290,4798,7120,2989,6383,13346"
4976,4976,"10326,2989,11298,6220,12665,1290,9942,13346,4576,7120"
4993,4993,"1290,8562,544,7120,10326,11298,4798,9101,9942,2989"
4995,4995,"10326,13346,544,4277,8562,4798,350,275,2140,1290"
5020,5020,"3464,7679,10326,544,11298,1290,4798,9942,6659,1328"
5040,5040,"8562,3950,12857,5303,4277,2218,8483,2140,12665,10326"
5048,5048,"8562,544,1290,10326,4798,9942,11298,7120,12665,2989"
5058,5058,"2343,9693,9942,12665,13346,4798,10326,5532,544,6795"
5067,5067,"13346,8562,4277,6220,10326,4798,217,544,717,10594"
5087,5087,"4798,8562,10326,6971,544,3428,6220,5495,2140,13346"
5090,5090,"2343,544,4798,1290,10326,13346,12665,9942,8562,11298"
5102,5102,"544,1290,9942,10326,13408,4798,2218,8562,11298,7120"
5103,5103,"12665,4798,8562,3950,6971,10326,5303,2218,13346,6220"
5105,5105,"1290,544,9942,10326,4798,8562,6220,7120,5495,11298"
5108,5108,"4798,3950,10326,5495,544,1290,5303,8562,12665,9942"
5119,5119,"6220,4277,2218,13408,5495,3950,8562,544,10326,7707"
5120,5120,"544,1290,11298,2989,11024,7120,9730,1244,10326,4576"
5124,5124,"4798,544,1290,10326,9942,8562,6433,11298,7120,2989"
5132,5132,"8562,5495,2218,3950,5303,10326,4798,544,12665,6971"
5138,5138,"11298,1290,11024,4576,2989,7120,9101,544,9295,10326"
5144,5144,"8562,10326,4277,2343,3950,13346,544,9942,11969,217"
5159,5159,"10326,8562,13346,544,3950,4798,6433,6220,10916,8421"
5167,5167,"10326,9942,3950,2218,5545,7707,13306,544,6659,8562"
5175,5175,"10326,4798,12857,6383,13249,2140,544,9942,1328,1290"
5176,5176,"1290,7120,544,1244,11298,4576,4929,11024,7679,10326"
5185,5185,"3950,9942,8562,10326,13346,544,6971,4798,2218,1290"
5189,5189,"3950,8562,4798,12665,6659,6220,9942,10326,6326,544"
5191,5191,"10326,13296,12665,1290,9942,544,4798,8562,89,11298"
5206,5206,"6220,10326,6971,2218,6659,9942,544,8562,7707,13296"
5213,5213,"544,9942,6220,12665,2218,9101,9693,2343,10326,6971"
5224,5224,"4798,8562,544,4277,217,6971,6220,717,8590,13249"
5226,5226,"1290,7120,11298,12665,6220,9101,9942,1244,10326,2989"
5241,5241,"1290,7120,4929,11298,1244,10663,544,10326,2989,4798"
5264,5264,"1290,11298,7120,4576,544,9101,11024,2989,12655,9730"
5268,5268,"8562,544,3950,6971,4277,5303,10326,2218,4798,2140"
5270,5270,"8562,4798,6220,13346,10326,6971,2218,5303,3950,8590"
5287,5287,"9942,2343,9693,11969,217,544,4798,1290,10326,2989"
5314,5314,"8562,4798,6220,1290,544,10326,9942,7707,7120,11298"
5318,5318,"1290,7120,4929,544,10663,9942,10326,4798,8562,11298"
5326,5326,"8562,4798,6220,10326,544,1290,2343,9942,7707,64"
5336,5336,"8413,544,1290,10326,4798,8562,9942,11298,4895,7120"
5343,5343,"11298,1290,544,10326,1244,9942,4798,9962,7120,8562"
5347,5347,"9942,6220,2218,2343,9693,3950,8413,10326,544,13306"
5354,5354,"9942,8562,4798,5303,6220,10326,2218,544,1290,275"
5356,5356,"10326,4798,3950,8562,6971,5303,544,13408,1290,8413"
5367,5367,"1290,11298,7120,6220,544,1244,9101,89,10326,8562"
5373,5373,"13346,12665,544,8413,1290,9942,10326,4798,8562,5495"
5385,5385,"6220,10326,8562,4277,8590,544,6659,1290,5495,9942"
5458,5458,"9942,3428,8562,544,810,1290,10326,4798,6220,13346"
5463,5463,"4798,10326,6220,8562,544,5303,4277,9942,6971,1290"
5471,5471,"11298,11024,1779,544,1290,10326,4798,9942,8562,7120"
5476,5476,"1290,6220,4798,544,7120,10326,12665,9942,13346,8562"
5484,5484,"3950,4798,6971,2218,8413,6220,12665,2140,544,8562"
5508,5508,"1290,7120,11298,9101,1244,2989,544,11024,10389,12869"
5513,5513,"9942,6220,2218,12665,6971,544,4798,8413,3950,13346"
5520,5520,"10326,4798,4277,544,217,717,3950,8562,1290,12665"
5524,5524,"6220,9942,3428,5495,2218,12470,6971,544,1889,13346"
5539,5539,"5495,5303,4798,2218,5545,8562,9942,544,8413,1290"
5554,5554,"10326,544,1290,4798,9942,8562,11298,10594,7120,2989"
5564,5564,"4798,10326,5303,8562,6971,217,544,4277,3950,1290"
5595,5595,"10326,8562,9942,6971,275,5303,2218,4798,544,13346"
5601,5601,"10326,275,4798,8562,6971,5303,2140,544,1290,9942"
5602,5602,"8562,9942,4798,6220,3950,10326,5303,275,11969,8483"
5618,5618,"1290,7120,11298,9730,9101,12869,11024,10663,544,9295"
5643,5643,"2343,4798,9693,8562,6971,544,10326,1290,9942,2903"
5644,5644,"4798,2218,544,10326,1290,8483,9942,5532,8562,13346"
5651,5651,"6220,4798,2218,8562,5303,10326,12857,3950,11969,5495"
5655,5655,"5495,13346,8562,544,1290,10326,9942,4798,11298,7120"
5658,5658,"4798,10326,8562,6971,1290,544,9942,11298,7120,2989"
5660,5660,"2218,10326,2140,1323,544,1290,4798,717,9942,8562"
5662,5662,"2218,6220,9942,3950,5545,89,544,1290,13110,10326"
5670,5670,"4798,10326,3950,4277,544,8562,1290,6326,9942,2218"
5676,5676,"1290,11298,7120,9295,12869,1244,544,11024,10326,4798"
5680,5680,"8413,8562,10326,6220,5545,9942,544,12665,1290,4798"
5698,5698,"6220,9101,11298,12869,1290,9693,2989,8562,11024,4576"
5710,5710,"8562,4798,5495,10326,544,1290,3950,9942,6220,11298"
5723,5723,"11298,2989,11024,4576,1290,544,7679,1779,9101,7120"
5742,5742,"2343,9693,3950,544,12665,1290,10326,4798,13346,9942"
5748,5748,"6220,4798,10326,9942,8562,544,12665,2218,2140,1290"
5750,5750,"544,10326,6971,5495,8562,6220,1290,9942,4798,5545"
5787,5787,"10326,13346,3950,4798,9942,544,2343,6220,8562,1290"
5798,5798,"5303,10326,4798,3950,544,12665,2218,2140,13346,1290"
5799,5799,"544,1290,10326,4798,9942,8562,11298,7120,2989,12665"
5815,5815,"1290,9101,544,11298,7120,2343,1244,9693,2989,10326"
5822,5822,"4798,6971,10326,2218,6220,544,9404,3950,5495,12665"
5834,5834,"12665,8562,6220,5495,9942,6971,10326,4798,544,1290"
5846,5846,"4798,544,13346,10326,3950,6971,2218,4277,5303,6220"
5858,5858,"4798,3950,6220,8562,544,6971,10326,12857,2140,1290"
5882,5882,"544,10326,4798,8562,9942,11969,5303,4277,2343,2140"
5892,5892,"13346,10326,4277,544,8562,1290,4798,9942,12857,11298"
5897,5897,"10326,3950,5303,8562,4798,8413,6220,544,2140,6971"
5898,5898,"10326,6220,3950,4798,8562,544,1290,9942,12665,11298"
5902,5902,"544,1290,10326,4798,9942,8562,11298,7120,2989,12665"
5919,5919,"1290,7120,10326,544,8562,4277,11969,12869,4929,6971"
5934,5934,"544,10326,4798,1290,9942,13249,8562,11298,7120,2989"
5946,5946,"1290,7120,6971,9730,9101,4929,544,11298,10326,2989"
5965,5965,"2343,9693,544,1290,12665,9942,10326,5495,4798,8562"
5995,5995,"10326,13346,3950,217,3428,6220,4798,544,8562,12857"
6005,6005,"2989,1290,11298,6220,544,11024,4576,9101,9942,7120"
6006,6006,"8562,6220,9942,5495,3950,12665,13346,12470,3428,544"
6013,6013,"10326,4798,8562,6220,13346,3950,9942,717,4277,5303"
6016,6016,"13346,3950,5303,12857,8562,4798,6220,10326,544,5495"
6023,6023,"7120,544,1244,11298,9101,4576,9730,4798,4277,10326"
6052,6052,"8562,3950,10326,9942,2343,13346,12665,544,4798,5532"
6056,6056,"10326,544,6220,6971,5495,13346,12665,5303,1290,4798"
6059,6059,"5495,10326,4798,5303,12470,6220,6971,544,3950,8562"
6064,6064,"10326,8562,6220,13346,2343,9942,4798,544,5303,6971"
6091,6091,"4798,2218,9942,3950,8562,6971,10326,544,12665,5495"
6112,6112,"7120,11298,2989,1244,11024,9730,12869,10663,3464,544"
6133,6133,"8562,6220,3950,10326,544,5532,1290,4798,5199,9942"
6150,6150,"5495,4798,544,1290,10326,9942,8562,11298,7120,2989"
6155,6155,"10326,4798,13346,544,217,12857,5303,4277,13249,8562"
6157,6157,"4798,10326,8562,3950,5303,12857,13346,2140,8421,544"
6212,6212,"6220,3428,544,4798,1290,10326,9942,8562,11298,7120"
6218,6218,"10326,3950,4798,4277,13346,8562,12857,6220,9942,217"
6242,6242,"10326,12665,4798,6220,8590,8562,9942,13346,11298,5495"
6243,6243,"4798,8562,10326,544,3950,5303,6971,4277,2343,6220"
6260,6260,"4798,10326,1290,544,7120,9942,8562,11298,2989,12665"
6262,6262,"10326,8562,4798,544,1290,2140,8421,9942,13346,11298"
6278,6278,"544,10326,4798,4277,6971,2218,5303,6220,11969,275"
6280,6280,"6220,9942,4798,12665,5303,8413,8483,8562,3950,10326"
6287,6287,"8562,12665,9942,6971,4798,10326,6220,544,2140,1290"
6305,6305,"9942,3950,4277,12869,10326,717,12665,217,8562,2218"
6320,6320,"1290,544,2343,6220,7120,6971,4798,9942,10326,5303"
6339,6339,"8562,9942,8413,275,4798,6220,5303,544,10326,1290"
6360,6360,"544,4798,6220,2218,5303,11969,10326,13346,9693,1220"
6370,6370,"10326,3950,6220,8562,13346,2218,217,3428,4798,544"
6376,6376,"10326,4798,9942,13346,8562,5303,4277,3950,544,275"
6378,6378,"7120,11298,1244,2989,9730,9101,4576,11024,9295,544"
6379,6379,"6220,8562,6971,10326,4798,275,4277,3950,544,89"
6398,6398,"544,2343,1290,4798,7120,6433,4277,11969,10568,10326"
6422,6422,"13346,8562,8413,544,1290,10326,4798,9942,11298,3950"
6424,6424,"3950,8562,10326,544,1290,4798,9942,6220,11298,7120"
6436,6436,"544,1290,10326,8562,4798,9942,11298,5495,7120,2989"
6454,6454,"2343,544,9693,2989,1290,9101,10326,6795,9942,4798"
6464,6464,"217,10326,8562,2343,544,13346,12857,4798,10916,8421"
6479,6479,"13346,3950,2218,8483,9942,4798,544,1290,10326,8562"
6485,6485,"544,1290,10326,4798,8562,9942,11298,7120,2989,12665"
6488,6488,"9942,13346,8562,3950,6220,3428,5545,12665,4798,544"
6490,6490,"8562,544,1290,10326,4798,9942,11298,7120,13110,2989"
6498,6498,"10326,8562,9942,6220,12665,13346,3950,3428,217,4798"
6533,6533,"2989,1290,10326,6220,11298,9101,7120,12665,6971,4798"
6577,6577,"10326,4798,3950,13346,9942,6220,544,12665,8562,3428"
6579,6579,"10326,4798,4277,544,12857,717,1290,217,8562,6220"
6583,6583,"8562,10326,6220,544,3950,4277,6971,9942,13346,13296"
6597,6597,"8562,9942,6220,4798,2343,13346,10326,9693,5303,3950"
6599,6599,"6220,12665,1290,7707,6971,89,9693,13296,2343,8562"
6607,6607,"8562,9942,6220,3950,3428,13346,8483,5303,5676,10326"
6613,6613,"6220,3950,8562,10326,12665,4798,9942,544,1290,13306"
6622,6622,"1290,7120,5303,89,11298,9295,8590,6971,544,2989"
6637,6637,"6220,8562,544,1290,10326,2343,4798,9942,11298,7707"
6644,6644,"8562,4277,4798,6220,3950,10326,217,5303,12857,2218"
6651,6651,"1290,11298,7120,9730,1244,9101,12869,11024,4576,544"
6674,6674,"3950,8562,10326,12665,544,1290,4798,9942,13346,11298"
6683,6683,"2343,10326,4798,275,1290,9693,9942,12665,544,64"
6686,6686,"1290,7120,6971,9730,9942,11298,544,11024,4798,10326"
6707,6707,"544,2343,5495,8562,13346,6220,10326,5303,1290,12665"
6724,6724,"544,1290,10326,9942,4798,8562,2989,11298,6220,7120"
6729,6729,"9942,6220,3950,6971,4798,2218,3428,544,8562,4277"
6739,6739,"8562,12665,544,1290,10326,4798,9942,5495,6220,11298"
6756,6756,"10326,4798,3950,8562,5303,275,2140,544,1290,11969"
6764,6764,"10326,6659,544,6383,2218,5545,6220,4798,7707,3950"
6768,6768,"6220,10326,9942,3428,544,275,8562,6659,4277,2218"
6787,6787,"12665,2218,8562,6220,6971,10326,89,544,3055,1290"
6808,6808,"1290,11298,7120,11024,4576,1244,2989,4664,12869,9730"
6811,6811,"544,10326,4798,11969,4277,6220,5676,9942,2343,350"
6812,6812,"8562,12665,4798,10326,544,3950,3428,2218,9942,5545"
6831,6831,"6220,2218,5303,10326,9942,544,4798,2140,1290,6971"
6833,6833,"2343,6220,9693,8413,544,9532,1290,10326,9942,8562"
6840,6840,"4798,544,10326,1290,2140,9942,5303,8562,11298,275"
6842,6842,"1290,7120,1244,11298,4929,544,10326,9101,9962,4664"
6855,6855,"1290,11298,7120,1244,2989,9101,544,4576,12869,11024"
6869,6869,"10326,4798,8562,3950,5303,4277,544,6433,12857,13346"
6874,6874,"1290,6971,6220,544,4798,10326,9942,12665,5545,7120"
6879,6879,"9693,2343,544,12665,13346,2218,4798,3950,6971,10326"
6885,6885,"5676,13346,5495,3950,544,10326,1290,4798,9942,8562"
6886,6886,"9942,6220,10326,13346,2343,12665,4798,3950,544,9693"
6902,6902,"10326,4798,4277,544,6971,8562,13346,12857,3950,2140"
6908,6908,"1290,11298,7120,9730,9101,2989,1244,7679,11024,4576"
6911,6911,"3950,6659,544,1290,10326,4798,13346,9942,8562,11298"
6912,6912,"3950,12665,6220,8562,13346,3428,544,4798,9942,1290"
6919,6919,"1290,7120,11298,544,2989,1244,9101,4576,11024,12869"
6926,6926,"544,1290,9404,10326,4798,9942,3950,8562,11298,7120"
6934,6934,"10326,3950,544,8562,4798,9942,1290,11298,13346,7120"
6935,6935,"8562,4798,4277,217,544,10326,12665,13346,5303,350"
6939,6939,"4798,6220,1290,10326,5303,9942,7120,8562,12665,11298"
7000,7000,"9942,6220,10326,3950,2343,3428,544,9693,4798,5676"
7003,7003,"10326,8562,2343,6220,12665,4277,3950,544,11969,13346"
7005,7005,"10326,544,3428,8562,217,717,12665,3950,13346,4798"
7042,7042,"8562,12665,3950,10326,9404,4798,12857,5495,2140,544"
7045,7045,"10326,4798,13346,3950,6220,8562,544,6326,5303,1290"
7047,7047,"544,1290,10326,9942,4798,8562,11298,7120,6220,2989"
7053,7053,"8562,13346,10326,9942,7707,544,6220,8188,4798,1290"
7063,7063,"13346,3950,4798,12857,717,10326,217,9942,8562,8483"
7067,7067,"2343,3950,2218,4277,13346,9693,544,4798,1290,10326"
7071,7071,"10326,4798,4277,3950,12857,13346,544,217,6433,6220"
7078,7078,"6220,8562,2343,2218,12665,5495,3428,9942,3950,544"
7109,7109,"8562,6659,10326,6433,544,13346,4798,1290,8421,9942"
7118,7118,"4798,13346,12857,5495,6433,544,8562,217,10326,10916"
7129,7129,"1290,7120,11298,1244,9101,9730,544,4664,2989,4576"
7133,7133,"10326,4798,13346,9942,544,1290,8483,3416,8562,2218"
7139,7139,"544,6971,8590,1290,10326,8562,4798,12665,9942,11298"
7142,7142,"10326,3950,8562,12665,4277,6220,4798,5303,544,9942"
7146,7146,"2343,4798,544,6220,1290,6971,9693,10326,3950,8562"
7172,7172,"4798,10326,4277,217,544,13346,717,350,11969,6433"
7181,7181,"12665,6971,10326,64,89,544,4798,1290,5545,9942"
7195,7195,"10326,4798,8562,544,4277,13346,217,6971,12857,6220"
7197,7197,"4798,10326,13346,3428,8562,2218,5303,3950,544,5545"
7203,7203,"1290,7120,11298,9101,1244,4929,544,2989,12869,9730"
7223,7223,"10326,6220,4798,6971,3950,2218,12665,89,8562,13296"
7235,7235,"1290,544,12869,7120,11298,6971,5303,2989,4576,9101"
7236,7236,"7120,544,12665,4798,5495,10326,1244,12869,2989,4277"
7237,7237,"1290,7120,4929,1244,544,10326,11298,10663,4798,9942"
7255,7255,"1290,7120,544,8590,1244,4798,11298,9942,2989,8562"
7297,7297,"6220,12665,4798,8562,10326,9693,6971,9942,13346,544"
7320,7320,"3950,4798,10326,6971,2218,5303,544,13346,8562,1290"
7323,7323,"12665,9942,2343,3950,2218,64,6220,10326,544,1290"
7326,7326,"8562,5495,5303,8590,544,1290,10326,4798,2140,2218"
7343,7343,"10326,4798,4277,8562,12857,6433,717,350,544,1290"
7363,7363,"13346,12665,8562,4798,9942,6220,2343,2218,10326,8590"
7364,7364,"4798,12665,2218,6971,10326,13346,8483,544,1290,9942"
7366,7366,"13346,6220,8562,3950,544,9942,1290,10326,4798,13306"
7372,7372,"12665,8413,8562,2343,13346,5461,544,1290,89,10326"
7399,7399,"544,2343,8562,6220,1290,4798,10326,9942,9693,11298"
7402,7402,"8562,6220,12665,2218,9942,8188,8413,5303,6971,5495"
7406,7406,"2218,544,10326,1290,8562,9942,4798,3950,6220,11298"
7421,7421,"544,12665,9942,3950,10326,2218,4798,1290,6971,3428"
7425,7425,"1290,8562,6220,4277,7120,12857,12665,9942,11298,10326"
7431,7431,"6971,12857,10326,4798,10916,8562,544,1290,9942,11298"
7447,7447,"4798,10326,8562,3950,13346,8421,6326,544,12857,1290"
7451,7451,"6220,544,8562,10326,13296,4798,1290,7707,9942,5545"
7453,7453,"7120,4929,544,6971,4798,10326,789,1244,9962,9942"
7456,7456,"1290,9942,1244,7120,10326,12665,544,5303,4277,11298"
7484,7484,"1290,7120,11298,4929,1244,544,2989,10326,4798,10663"
7486,7486,"8562,5495,4798,2218,6220,3950,5303,6971,9942,8413"
7505,7505,"1290,7120,11298,544,2989,1244,9101,11024,4576,4664"
7529,7529,"4798,2343,12665,8562,12857,9693,10326,544,1290,13346"
7532,7532,"11298,2989,1290,9942,1244,4576,7120,11024,544,6288"
7548,7548,"13346,8562,12665,6220,12857,3428,3950,10326,5495,9942"
7550,7550,"3950,4277,9404,13306,1323,544,9942,1290,10326,1978"
7557,7557,"10326,4277,4798,12857,13346,8562,3950,217,10594,8421"
7574,7574,"1290,7120,11298,4929,544,10326,9942,4798,9962,9730"
7586,7586,"544,9942,8562,1290,10326,6220,4798,11298,7120,2989"
7592,7592,"544,1290,10326,4798,9942,8562,11298,7120,2989,12665"
7594,7594,"3950,6220,12857,12665,2218,544,8562,4798,13346,1290"
7600,7600,"13346,2343,8562,4798,544,3428,9404,9693,10326,4277"
7601,7601,"10326,4798,13346,8562,12857,544,217,2218,9942,2140"
7642,7642,"10326,544,4798,9942,1290,6220,7120,9101,12869,11298"
7647,7647,"8413,6971,2218,5303,544,8562,3950,9942,4798,1290"
7650,7650,"3950,6220,2218,8413,8562,6971,544,10326,5303,1290"
7660,7660,"1290,11298,12665,2989,4576,9101,544,7120,12869,11024"
7682,7682,"10326,8562,6220,4798,544,5303,4277,3950,12665,9942"
7712,7712,"10326,6220,544,1244,12665,3428,1290,11969,4798,1220"
7728,7728,"8562,3950,544,4798,1290,10326,9942,12857,12665,11298"
7763,7763,"8562,10326,6220,4798,3428,12665,6659,13346,5545,5303"
7764,7764,"544,12665,6220,10326,2218,6971,275,13346,9942,4277"
7765,7765,"2989,11298,11024,4576,9101,8978,12869,12655,1290,11918"
7768,7768,"8562,6659,4798,13346,13249,3950,10326,544,1290,8413"
7776,7776,"1290,7120,11298,544,9962,10326,4798,9942,8562,789"
7834,7834,"4798,544,10326,1290,9942,8562,11298,7120,2989,12665"
7850,7850,"4798,217,4277,544,9942,6220,12665,13346,8562,2140"
7860,7860,"1290,7120,11298,1244,2989,9101,4576,544,12665,4929"
7879,7879,"4798,10326,6971,5303,8562,544,1290,12665,2140,13346"
7892,7892,"1290,544,10326,1244,9942,11298,7120,9101,6220,12665"
7895,7895,"13346,6220,4798,3950,9942,10326,8562,544,1290,12665"
7901,7901,"4798,6220,10326,3950,4277,544,8562,5303,12857,6971"
7922,7922,"12665,6220,9942,4798,4277,544,217,13346,3950,717"
7927,7927,"8562,4798,6220,11969,5495,10326,5303,9942,3950,6971"
7931,7931,"10326,2343,9693,13346,4798,9942,6971,6220,275,544"
7938,7938,"12470,8562,4798,13306,6220,3950,544,1290,13346,10326"
7942,7942,"544,4277,3950,12857,4798,10326,8562,6433,1290,5495"
7964,7964,"5495,9942,544,1290,10326,3950,4798,8562,2218,11298"
7982,7982,"3950,2343,9404,64,9532,5461,544,13346,9942,9693"
7988,7988,"1290,7120,544,6971,10326,4798,4929,9942,8562,11298"
7992,7992,"4798,10326,8562,13346,4277,9942,6220,544,5303,12857"
8005,8005,"6971,2343,2218,12665,4798,544,5303,1290,13346,10326"
8019,8019,"3464,1290,11298,544,10326,7120,7679,4798,9942,8562"
8026,8026,"8562,6220,13346,9942,12665,3950,10326,2218,4798,7707"
8028,8028,"2343,9693,544,13346,6220,12665,4798,5532,10326,1290"
8085,8085,"13346,9942,275,544,1290,10326,9404,50,4798,8562"
8103,8103,"6971,12665,89,544,1290,10326,4798,9942,8562,11298"
8108,8108,"3950,4798,13346,6220,217,544,4277,10326,1290,8562"
8137,8137,"2343,13346,9693,1290,9942,12665,544,6971,4798,89"
8138,8138,"10326,13346,8562,217,3950,12857,5303,6433,4277,544"
8139,8139,"4798,10326,8562,6971,5303,2218,544,3950,275,12857"
8148,8148,"8562,9942,6220,10326,12665,3950,2218,13346,4798,6971"
8150,8150,"12665,8562,4798,275,3950,10326,2218,4277,544,8483"
8160,8160,"1290,544,7120,11298,10326,1244,9101,2989,4576,12869"
8175,8175,"12665,9942,1328,10326,2989,544,1290,8562,4798,5495"
8191,8191,"1290,7120,2989,1244,9101,4929,11298,10663,544,4576"
8198,8198,"4798,10326,9942,6220,6971,544,2218,12665,275,1290"
8202,8202,"11298,2989,1290,4576,9101,11024,9730,7120,1244,12995"
8233,8233,"4798,1290,6971,10326,8483,13346,8562,12857,3950,544"
8251,8251,"544,1290,10326,4798,9942,8562,11298,5495,7120,2989"
8252,8252,"10326,4798,4277,8562,3950,12857,6971,717,217,544"
8265,8265,"10326,6220,8562,544,2218,5303,6971,4798,8590,275"
8267,8267,"10326,4798,12857,8562,13346,13249,544,1290,6433,9942"
8268,8268,"8562,13346,5303,12665,275,717,3428,544,1290,5642"
8294,8294,"544,9693,2343,10326,6220,4798,3950,8562,1290,6971"
8299,8299,"1290,7120,11298,1244,544,10326,9942,4798,9101,12869"
8302,8302,"10326,4798,13346,5303,3950,12857,2140,544,1290,2218"
8303,8303,"1290,4929,1244,544,11298,9101,10326,4798,2989,9942"
8323,8323,"544,2343,10326,6971,4798,8590,9693,13346,5532,1290"
8327,8327,"2218,6220,6971,12665,4798,3950,8562,89,1290,9942"
8331,8331,"3950,6220,6659,10326,544,1290,4798,8562,9942,3428"
8332,8332,"1290,11298,7120,9101,4576,11024,9730,2989,4664,1244"
8334,8334,"6220,4798,3950,8562,3428,9942,5495,10326,544,8413"
8337,8337,"1290,544,7120,11298,2343,6220,10326,8562,4576,4929"
8341,8341,"8562,13346,3950,10326,4798,9942,544,1290,217,5495"
8361,8361,"10326,4798,6220,8562,1290,9942,544,2218,6971,5303"
8369,8369,"6971,3950,6220,9404,217,544,1290,9072,10326,4798"
8378,8378,"6971,10326,544,4798,5495,8562,2343,1290,8421,9942"
8407,8407,"544,2989,7679,11298,11024,4576,3464,10389,11918,1290"
8419,8419,"1290,11298,7120,1244,9101,4576,544,2989,11024,12869"
8424,8424,"8562,10326,544,6971,5303,1290,4798,13296,7707,8590"
8425,8425,"4798,13346,10326,350,544,4277,6220,217,10594,9178"
8438,8438,"1290,7120,544,10326,11298,4798,9942,8562,2989,12665"
8447,8447,"4798,10326,4277,8562,12857,217,350,6433,544,5303"
8458,8458,"12869,1290,3464,544,10326,9962,4798,7120,11298,9942"
8463,8463,"10326,4798,6220,8562,2218,9942,544,4277,12857,5303"
8471,8471,"4798,10326,6971,6220,12665,2218,2343,5303,544,89"
8472,8472,"11298,1290,9101,4576,12869,11024,7120,544,2989,1244"
8477,8477,"4798,10326,6971,6220,8562,1290,5495,5303,544,2140"
8478,8478,"12665,6220,2343,9693,6971,9942,544,2218,5495,10326"
8483,8483,"1290,7120,11298,544,10326,9101,4798,9942,2989,8562"
8496,8496,"10326,6971,6220,544,2218,1290,8562,3950,5303,4277"
8497,8497,"10326,3950,13346,12857,8562,6220,4798,544,217,3428"
8501,8501,"10326,8562,3950,4798,13346,9942,2218,2140,5303,544"
8506,8506,"9942,6220,10326,3950,13346,8562,3428,5495,13306,12470"
8520,8520,"10326,4798,544,4277,3950,8562,5303,6220,12857,12665"
8524,8524,"12665,11298,544,10326,11969,1290,6220,4576,9730,7679"
8531,8531,"4798,3950,13346,4277,8562,8413,10326,217,6433,544"
8556,8556,"10326,4798,4277,544,8562,5495,3950,350,2218,1290"
8579,8579,"2989,9730,11298,1244,11024,4576,9101,1290,12665,10389"
8585,8585,"544,12665,6220,3428,13296,1290,7707,5545,4576,2218"
8591,8591,"6220,10326,4798,9942,3428,4277,13346,6659,12665,11969"
8592,8592,"1290,7120,6971,4929,1244,11298,9942,10663,544,10326"
8596,8596,"8562,3950,13346,9942,2218,3428,10326,6220,544,1290"
8598,8598,"10326,4798,3950,13346,8562,12665,3428,544,5303,11969"
8608,8608,"1290,7120,6971,11298,10663,544,10326,4798,9101,9942"
8610,8610,"1290,7120,11298,9101,4929,1244,4576,544,10663,6971"
8617,8617,"1290,11298,7120,9295,1244,544,10326,4798,4576,9942"
8621,8621,"13346,2218,4798,5303,10326,5495,544,9942,3950,1290"
8629,8629,"544,1290,10326,4798,9942,8562,11298,7120,2989,12665"
8649,8649,"544,1290,10326,9942,4798,8562,11298,12665,7120,2989"
8652,8652,"7120,4929,11298,544,1244,9101,10326,4798,9942,8562"
8714,8714,"1290,2989,7120,11298,11024,7679,8590,1244,3464,544"
8718,8718,"12665,9942,2343,6220,544,1290,10326,8562,4798,13346"
8733,8733,"1290,7120,11298,2989,9101,544,12655,9730,4576,7679"
8734,8734,"6220,3950,544,3428,1290,10326,12665,4798,8562,11298"
8754,8754,"8562,3950,2218,2343,544,13346,3428,6220,4798,5303"
8771,8771,"8562,4798,6971,6220,10326,544,9942,1290,11298,7120"
8791,8791,"10326,4798,544,6220,4277,2343,6971,2218,8562,9942"
8794,8794,"6220,10326,8562,4798,3950,544,8188,810,5303,13346"
8797,8797,"10326,5676,544,9942,1290,4798,8562,11298,7120,2989"
8804,8804,"10326,4798,13346,3950,6220,8562,4277,9942,544,8590"
8809,8809,"6971,12857,13346,4798,9404,5676,10326,4277,544,3950"
8823,8823,"1290,7120,11298,2989,11024,4576,4929,544,9295,10663"
8833,8833,"10326,544,4277,6220,4798,8562,3950,12665,1290,6326"
8835,8835,"1290,7120,2343,9693,11298,1244,12869,4929,9295,544"
8840,8840,"4798,2140,6971,10326,544,1290,5303,8562,3950,9942"
8842,8842,"8413,1290,6971,544,7120,10326,4798,9942,8562,11298"
8860,8860,"1290,11298,12665,544,2989,7120,2343,11024,4576,9942"
8866,8866,"10326,8562,4798,12857,544,1290,4277,10077,9942,717"
8877,8877,"2343,544,1290,10326,4798,8562,9942,11298,7120,2989"
8887,8887,"6971,6220,3950,12665,544,4798,1290,10326,9942,8562"
8895,8895,"2218,10326,544,1290,4798,9942,8562,11298,6383,7120"
8907,8907,"1290,7120,11298,1244,9101,4929,9295,4576,11024,544"
8921,8921,"9942,10326,4277,3950,4798,2140,544,1290,8562,217"
8928,8928,"11298,3464,7679,544,1290,9942,12869,7120,10326,4798"
8936,8936,"13408,5676,1290,544,10326,4798,9942,8562,11298,7120"
8965,8965,"544,2343,10326,4798,9693,1290,9942,13346,3950,6220"
8971,8971,"2343,9693,12665,544,10326,3950,8562,4798,9942,5532"
9000,9000,"1290,544,7120,11298,9101,4576,11024,1244,2989,7679"
9023,9023,"2343,2218,9693,9942,4277,544,12665,3950,1290,10326"
9025,9025,"1290,12665,6220,9942,6971,2218,5303,8590,544,275"
9031,9031,"3950,8562,544,8413,1290,10326,4798,9942,12665,11298"
9045,9045,"1290,10326,4798,544,2218,6220,7120,9942,275,2989"
9053,9053,"6220,8562,12665,10326,4798,2218,13346,89,3950,9942"
9054,9054,"9942,6220,3950,3428,8483,13346,5676,2218,12665,2343"
9060,9060,"10326,12665,8562,6220,4798,2343,5303,13346,3950,11969"
9063,9063,"8562,3950,9942,8413,6220,13346,544,1290,10326,4798"
9071,9071,"8562,6220,3950,12665,9942,2218,13346,5676,3428,544"
9078,9078,"2343,544,6220,9693,4798,1290,10326,5532,11969,9942"
9101,9101,"9942,10326,13346,4798,8562,5303,3950,6220,13296,3428"
9108,9108,"6220,544,5545,1290,3428,10326,4798,9942,6270,8562"
9110,9110,"8562,4798,13346,2218,9942,12857,5303,4277,6971,3950"
9114,9114,"2989,11298,9942,1244,6220,9101,1290,2343,4576,11024"
9144,9144,"1290,11298,7120,544,10326,1244,9101,6220,4576,12665"
9172,9172,"1290,6220,7120,544,10326,9942,4798,11298,9101,8562"
9185,9185,"544,1290,8562,10326,9942,7707,4798,6220,5495,7120"
9190,9190,"4798,3950,8562,10326,12857,6971,5303,13346,12665,6220"
9193,9193,"10326,3950,4798,217,8562,6220,13346,8483,13249,9942"
9198,9198,"10326,544,4798,1290,9942,8562,11298,7120,5303,2989"
9200,9200,"1290,7120,10326,544,6971,1244,2989,11298,5303,4576"
9201,9201,"1290,7120,7679,11298,1244,12995,544,10326,9942,4798"
9204,9204,"10326,544,4798,8562,5495,2343,3950,11969,1290,6971"
9215,9215,"1290,7120,6971,10326,4798,4929,544,10663,2140,9942"
9222,9222,"1290,7120,1244,12869,11298,4277,9942,544,9730,4929"
9233,9233,"4798,4277,9942,217,5495,5303,544,8562,3950,8483"
9235,9235,"1290,9101,2989,544,4576,7120,10326,10389,4798,12869"
9245,9245,"1290,7120,544,10326,4798,9942,9101,11298,789,1244"
9275,9275,"12665,1290,8562,544,8413,10326,4798,9942,11298,7120"
9308,9308,"8562,6220,3428,9942,3950,8681,7707,544,5545,8413"
9323,9323,"544,10326,6220,4277,4798,5303,11969,6971,8483,8562"
9329,9329,"10326,3950,6220,13346,12665,5303,544,2343,8562,4277"
9355,9355,"4798,6220,8562,2218,6971,3950,12665,5303,10326,5545"
9369,9369,"10326,4798,8562,5303,13346,544,1290,2140,9942,217"
9386,9386,"8188,544,6220,10326,1290,4798,8562,9942,2989,2343"
9388,9388,"4798,6220,13346,544,6971,12665,5303,9942,13296,2343"
9401,9401,"1290,7120,4929,11298,1244,544,10326,10663,4798,9942"
9418,9418,"6220,5303,2218,9942,13346,3428,8562,3950,5495,10326"
9433,9433,"13346,4277,4798,8562,12857,3950,217,8483,9404,10326"
9440,9440,"10326,544,8562,4277,217,4798,13346,6220,9942,3950"
9446,9446,"3950,8562,9942,2218,4277,13408,13306,12857,3428,217"
9464,9464,"5495,5676,544,13346,8188,12470,1290,10326,4798,9942"
9477,9477,"13346,8562,10326,6220,6971,3950,5495,5303,544,2218"
9488,9488,"1290,7120,11298,6220,1244,6971,9101,12665,10326,4576"
9500,9500,"10326,4798,8562,544,13346,4277,350,717,9942,3950"
9502,9502,"13346,10326,4798,3950,3428,5461,5495,217,8562,544"
9507,9507,"2343,544,9942,1290,10326,4798,9693,2903,13346,8562"
9528,9528,"7120,11298,2989,4576,12665,4929,12655,544,9101,9730"
9539,9539,"4798,10326,13346,4277,6220,8562,12857,3950,2218,717"
9566,9566,"544,2343,6220,10326,9693,9101,4798,6971,11298,1220"
9575,9575,"4798,10326,2218,5495,544,8562,1290,717,9942,11298"
9583,9583,"4798,5495,13346,9942,6220,12470,10326,5303,3428,3950"
9589,9589,"10326,544,4798,6220,13346,3950,4277,2343,8562,6433"
9591,9591,"4798,10326,3950,6971,8562,12857,5303,4277,6220,13346"
9617,9617,"2218,6220,4798,544,8562,10326,1290,9942,11298,6326"
9620,9620,"544,6220,3950,2343,12665,8562,13346,9942,3428,10326"
9622,9622,"5495,544,1290,10326,4798,9942,8562,13346,11298,7120"
9631,9631,"4576,544,1290,10326,2989,4798,11298,9942,7120,8562"
9655,9655,"12665,8413,544,1290,10326,4798,8562,9942,11298,7120"
9658,9658,"2343,4798,5495,10326,12665,6220,13346,8562,544,5303"
9660,9660,"1290,7120,9730,11298,9101,4576,4929,1244,544,10663"
9669,9669,"1290,7120,4929,544,1244,10326,4798,9942,11298,8562"
9672,9672,"12857,10326,4798,3950,544,8483,5303,1290,8562,13249"
9684,9684,"544,1290,10326,4798,8562,9942,11298,7120,2989,12665"
9702,9702,"1290,7120,1244,11298,6971,4798,544,9962,10326,12665"
9705,9705,"1290,7120,8562,12857,2218,6220,4798,8590,10326,8483"
9722,9722,"11298,544,12869,1290,1244,12665,10326,7120,4798,9942"
9732,9732,"1290,11298,1244,9730,7120,7679,9101,4576,11024,544"
9781,9781,"2989,12655,11298,12869,544,11024,10326,1290,4576,4798"
9803,9803,"5495,2343,544,1290,12665,5532,5303,2218,10326,4798"
9809,9809,"8562,10326,2218,64,3950,9942,9404,544,5461,1290"
9814,9814,"10326,8562,5303,12857,4277,3950,13346,2140,6971,544"
9818,9818,"6220,6971,5303,4798,2218,12665,8562,544,1290,10326"
9820,9820,"13346,4798,6220,9693,544,3950,10326,1290,9942,8562"
9848,9848,"10326,544,4798,4277,217,5303,8562,6971,2140,13346"
9856,9856,"10326,3950,8562,6971,4798,13346,5303,544,2140,9942"
9869,9869,"6220,12665,6971,2218,8590,9942,1290,544,5303,4798"
9889,9889,"10326,5303,8562,4798,10568,2140,13346,544,1290,5495"
9923,9923,"4798,4277,10326,8562,3950,5303,6220,275,544,9942"
9929,9929,"3950,8562,12665,544,1290,10326,4798,13346,9942,3055"
9961,9961,"1290,7120,11298,12665,544,4929,10326,4798,9942,8562"
9969,9969,"1290,4798,4277,6971,10326,217,7120,5303,12665,13346"
9974,9974,"1290,7120,12665,11298,4929,3464,2218,89,4576,544"
9976,9976,"9730,4576,11298,11918,12655,544,12995,1290,10326,3222"
9989,9989,"6220,9942,4798,5303,8562,12665,3950,5495,6971,2218"
9993,9993,"2343,9942,6971,4798,10326,544,12665,9693,4277,1290"
10002,10002,"10326,6659,1290,4798,5303,544,9942,2989,11298,5676"
10011,10011,"1290,11298,7120,9730,11024,7679,4576,4664,11918,544"
10016,10016,"4798,10326,8562,9942,12665,3950,5303,6971,1290,544"
10028,10028,"9942,6220,544,1290,10326,4798,8562,5545,11298,5461"
10029,10029,"8562,13346,6220,2218,9942,544,10326,5303,4798,3950"
10033,10033,"12665,9942,544,1290,3055,4798,10326,8562,11298,1220"
10042,10042,"8562,6971,5303,10326,4798,544,13346,3950,10916,12857"
10046,10046,"4798,10326,8562,13346,12857,11969,13249,3950,6433,544"
10061,10061,"544,4798,3950,6220,4277,8562,217,9942,6433,11969"
10071,10071,"9942,6220,4277,3950,217,13346,4798,13296,10326,13249"
10084,10084,"4798,8562,12857,3950,10326,13346,544,2140,2218,1290"
10091,10091,"8562,4798,6220,544,10326,9942,1290,13346,2218,11298"
10102,10102,"11298,6220,1244,544,4576,10326,4929,2989,12665,11024"
10104,10104,"8562,2218,4798,5303,6971,3950,6220,10326,275,12665"
10121,10121,"1290,7120,6971,4929,11298,544,5495,4798,9101,2218"
10131,10131,"8562,13346,3428,12665,9942,3950,4798,12857,8413,544"
10134,10134,"10326,544,4798,13346,13408,5303,1290,9942,8562,12665"
10139,10139,"1290,7120,11298,4929,544,2989,10326,4798,9942,8562"
10144,10144,"3950,13346,4798,8562,6220,5303,544,9942,1290,10326"
10155,10155,"2218,4798,10326,3950,8562,544,1290,13346,6971,9942"
10168,10168,"6220,1290,544,8562,10326,4798,9942,11298,7120,2989"
10178,10178,"544,2989,13408,9101,1244,11298,1290,5495,2218,2343"
10186,10186,"9693,12665,8562,3950,9942,6220,544,5545,1290,13346"
10190,10190,"4277,10326,4798,544,1290,217,9942,8562,11298,7120"
10194,10194,"8562,4798,3950,6220,4277,5303,12665,12857,2218,13346"
10196,10196,"13346,9942,3950,5676,6220,544,1290,10326,4798,8562"
10215,10215,"4798,10326,4277,1290,12857,544,6433,6971,8562,2140"
10218,10218,"8562,6220,12857,3950,2218,12665,544,4798,10326,1290"
10251,10251,"8562,3950,12857,4277,13346,8188,6220,544,4798,2218"
10252,10252,"1290,6220,7120,11298,1244,544,9295,4798,10326,9942"
10262,10262,"544,1290,10326,9942,4798,2903,8562,11298,7120,5495"
10266,10266,"9942,12665,6220,3950,544,275,5545,4798,8562,89"
10271,10271,"6220,8562,12665,4798,9942,10326,2343,6971,9693,2140"
10277,10277,"8562,10326,6971,544,13346,5303,12665,3950,8413,9942"
10282,10282,"1290,10326,4798,12665,5303,8562,6971,544,7120,8590"
10286,10286,"1290,7120,4929,544,10326,4798,9942,9295,8562,11298"
10305,10305,"13346,10326,4798,5495,810,5461,544,1290,13306,9942"
10309,10309,"9942,6220,12665,10326,6971,5545,89,1290,7707,8562"
10335,10335,"1290,7120,11298,1244,12869,4929,9101,2989,4576,9730"
10340,10340,"11298,1290,7679,4576,7120,2989,9101,11024,4664,8978"
10375,10375,"6220,4798,8562,12665,544,8413,1290,9942,10326,11969"
10388,10388,"10326,4798,13346,5303,6971,544,8562,1290,9942,12665"
10397,10397,"4798,10326,12665,12857,13346,8562,544,8421,1290,9942"
10402,10402,"3950,2218,8562,9942,10326,544,6220,1290,13346,4798"
10407,10407,"2343,4277,6220,544,3428,350,10326,810,9404,9693"
10408,10408,"10326,8562,544,1290,4798,9942,11298,7120,2989,12665"
10416,10416,"13346,10326,3950,4798,2343,6220,6326,1220,544,12665"
10448,10448,"10326,544,4798,6220,3950,5303,13346,9942,4277,12857"
10454,10454,"8562,13346,3950,10326,544,1290,3428,9942,4798,5461"
10499,10499,"10326,4798,217,4277,717,8562,13346,544,1290,8421"
10503,10503,"544,1290,10326,4798,9942,8562,12665,10568,11298,13346"
10504,10504,"544,2989,6220,4576,7679,11298,9101,1244,8978,4664"
10508,10508,"4798,10326,544,8562,11969,5303,6971,6433,2140,1290"
10514,10514,"10326,3950,8562,13346,6220,4798,13249,9942,544,1290"
10526,10526,"13346,4798,3950,12857,717,8562,217,10326,544,1290"
10540,10540,"4798,10326,13346,9942,3950,6220,544,4277,8562,1290"
10542,10542,"217,4277,544,717,10326,4798,1290,8421,8562,350"
10551,10551,"10326,4798,6220,544,8562,9942,6971,5303,275,12665"
10554,10554,"4798,6220,10326,9942,5303,544,2989,4277,3950,8562"
10555,10555,"8562,8590,2343,544,1290,10326,4798,9942,6659,11298"
10556,10556,"4798,544,10326,3055,9942,1290,5495,8562,11298,7120"
10562,10562,"4798,6971,12857,3950,2218,2140,544,1290,10326,9942"
10575,10575,"11298,1290,7120,12869,9730,7669,9101,4664,9295,2989"
10576,10576,"10326,4798,544,12857,13346,1290,8562,5303,8421,7120"
10582,10582,"10326,544,9942,3950,1290,8562,6971,4277,5303,12665"
10584,10584,"3950,8562,13346,6220,12665,5303,3428,544,4798,10326"
10606,10606,"10326,4798,3950,13346,544,6220,2218,9942,4277,217"
10611,10611,"544,4798,4277,717,217,350,1290,8421,9942,10077"
10613,10613,"544,10326,4798,217,8562,5303,3950,717,12665,11969"
10614,10614,"544,8562,1290,2343,9942,10326,4798,12665,11298,2989"
10623,10623,"544,1290,10326,4798,9942,8562,11298,7120,2989,12665"
10647,10647,"11298,12869,11024,1290,544,7679,10326,7120,4798,9101"
10657,10657,"10326,4798,12857,8562,4277,544,1290,8421,9942,3950"
10670,10670,"10326,4798,2140,9942,544,10594,1290,8562,13346,11298"
10679,10679,"1290,7120,11298,9101,9730,11024,1244,12869,10389,9295"
10680,10680,"4798,9942,10326,13346,6220,5303,2218,8483,6971,275"
10699,10699,"4798,6971,5495,8562,5303,544,10326,8590,2218,1290"
10715,10715,"9404,10326,217,50,544,4277,1290,4798,9942,8562"
10720,10720,"8562,3950,13346,12665,5303,4798,544,10326,1290,9942"
10735,10735,"6220,9942,13346,2343,8562,10326,3950,2218,544,275"
10742,10742,"12665,6220,2218,8562,9942,5303,3428,5461,5495,10326"
10744,10744,"544,1290,10326,4798,9942,8562,8421,11298,7120,2989"
10747,10747,"544,3950,4277,10326,10568,8562,4798,13346,6220,12665"
10769,10769,"2343,9693,544,1290,10326,4798,9942,8562,11298,9455"
10795,10795,"4798,10326,5303,6971,3950,12857,13346,275,9942,2140"
10817,10817,"1290,11298,7120,1244,11024,544,10326,10607,9101,9942"
10819,10819,"6220,6971,5303,2218,12665,544,10326,9942,8562,2140"
10828,10828,"10326,6220,1244,12665,544,11969,3428,1290,4798,275"
10860,10860,"8562,3950,12665,5303,12857,13346,10326,217,4798,544"
10868,10868,"2343,9693,11298,2989,9101,4576,544,1290,10326,9942"
10895,10895,"13346,8562,10326,3950,6220,4798,544,10916,1290,5303"
10900,10900,"10326,4798,6971,8562,5303,1290,544,2140,9942,11298"
10912,10912,"3464,544,1290,11298,10326,4798,9942,8562,2989,7120"
10934,10934,"1290,7120,11298,1244,9101,12869,544,10326,4576,9730"
10947,10947,"5495,4798,12470,6971,10326,5303,544,2218,8562,2140"
10950,10950,"10326,4798,5303,544,3950,2140,6433,8562,1290,6971"
10964,10964,"1290,7120,11298,1244,11024,9101,12665,12869,4929,544"
10965,10965,"9942,3950,6220,544,5495,1290,10326,7707,4798,8562"
10968,10968,"10326,544,6220,5303,4798,2218,8562,4277,275,13296"
10972,10972,"4798,544,3950,13346,6971,8562,12665,13249,1290,10916"
10975,10975,"10326,6433,1290,4798,717,12869,544,9730,7120,2989"
11028,11028,"10326,9942,4798,8562,3950,3428,13346,544,12665,4277"
11030,11030,"1290,544,11298,6220,2218,9101,2343,7120,4576,9295"
11044,11044,"1290,2343,6971,3950,89,544,9693,7707,12665,8562"
11048,11048,"13346,3950,4798,8562,6220,217,10326,544,1290,9942"
11065,11065,"1290,4798,7120,6971,544,2218,5303,10326,11969,6220"
11085,11085,"1290,11298,544,9962,1244,10326,789,7120,4798,9942"
11088,11088,"8562,6971,4798,544,10326,6220,1290,2140,9942,5303"
11100,11100,"11298,1290,2989,9101,1244,11024,2343,544,12869,4576"
11102,11102,"4798,3950,8562,12665,10326,12857,8483,6220,9942,3428"
11105,11105,"1290,544,9942,10326,2343,4798,9693,1244,7120,8562"
11107,11107,"10326,8562,3950,13346,2218,4798,6220,8590,12665,544"
11109,11109,"1290,7120,6220,544,9942,4576,11298,10326,4798,9101"
11120,11120,"1290,7120,11298,1244,544,9101,2989,4929,9295,10326"
11121,11121,"8562,13346,3950,10326,4798,9942,6971,6220,5495,12665"
11133,11133,"544,1290,10326,4798,8562,9942,11298,7120,2989,12665"
11149,11149,"9942,10326,275,6971,5461,2140,544,1290,13249,4798"
11152,11152,"1290,11298,7120,9730,11024,4576,9101,544,1244,2989"
11160,11160,"13346,12665,9942,3428,5545,3950,544,10326,8562,1290"
11163,11163,"10326,4798,12665,6220,3950,13346,544,275,5303,9942"
11168,11168,"544,4798,1290,10326,2140,9942,8562,11298,7120,2989"
11193,11193,"544,4798,6220,5303,6971,10326,8562,1290,1978,12470"
11200,11200,"9942,6220,8562,3428,5495,3950,12470,13296,10326,544"
11210,11210,"1290,7120,6971,4929,544,10663,4798,10326,1244,9942"
11215,11215,"10326,544,13249,1290,7707,4798,9942,8562,810,11298"
11219,11219,"1290,7120,544,10326,4798,11298,9942,8562,2989,9962"
11243,11243,"544,10326,1290,4798,9942,8562,11298,7120,2989,12665"
11253,11253,"1290,7120,11298,9101,2989,544,4576,1244,12869,10389"
11261,11261,"6220,13346,3950,4798,2218,10326,544,13296,8562,89"
11280,11280,"2343,9693,544,9942,1290,10326,4798,8562,5532,11298"
11285,11285,"1290,7120,6220,11298,12665,9101,1244,544,11024,9942"
11309,11309,"3950,8562,12665,544,9942,6326,1290,10326,217,4798"
11312,11312,"9942,6971,4798,544,3950,1290,6220,10326,12665,9404"
11314,11314,"2343,9693,4798,8562,4277,350,10326,544,64,1290"
11325,11325,"4798,10326,544,2343,8562,6220,4277,9693,13346,6971"
11327,11327,"6220,8562,5495,10326,544,5303,4798,7707,12470,9942"
11359,11359,"10326,544,12665,13346,6971,6220,275,4798,9942,5676"
11366,11366,"544,1290,10326,4798,9942,8562,11298,7679,7120,2989"
11368,11368,"1290,11298,7120,1244,9101,544,2989,12869,9730,11024"
11371,11371,"10326,5495,3950,4798,6220,544,2343,1290,6326,9693"
11376,11376,"12665,2218,217,2989,544,8562,8421,10326,9730,4798"
11377,11377,"10326,8562,4798,5495,13346,6220,5303,12470,544,6326"
11383,11383,"4798,10326,6971,5303,8562,544,12857,13346,9942,6220"
11416,11416,"1328,10326,4798,544,1290,9942,8562,11298,7120,2989"
11444,11444,"1290,10326,11298,9101,2989,12665,6220,4576,1244,4798"
11445,11445,"10326,4798,8562,13346,544,217,2343,6220,9693,4277"
11448,11448,"544,9693,6220,11969,1290,4798,7679,8562,6795,11298"
11469,11469,"6971,544,1290,10326,4798,9942,8562,11298,7120,2989"
11487,11487,"7120,2343,1244,544,11298,9693,6971,4929,9730,12665"
11492,11492,"5303,6220,5495,8562,4798,2343,13346,544,9942,10326"
11503,11503,"544,10326,4277,4798,6220,9693,3428,350,7707,810"
11504,11504,"544,1290,10326,4798,5495,9942,8562,11298,7120,2989"
11515,11515,"10326,6220,3950,9942,8562,13346,12665,4277,2218,4798"
11547,11547,"10326,12665,4798,3950,6971,6220,13346,544,2343,9942"
11552,11552,"4798,2343,544,8562,6220,10326,13346,3950,12665,6971"
11567,11567,"10326,8562,4798,6220,3950,13346,4277,12665,544,217"
11581,11581,"544,10326,4798,2218,6971,5303,9942,4277,217,12857"
11589,11589,"1290,7120,11298,1244,12869,11024,9101,544,2989,9942"
11591,11591,"12665,11298,2989,89,1290,544,9942,12995,2343,10326"
11595,11595,"1290,11298,9295,7120,544,10326,4798,11024,9942,8562"
11604,11604,"1290,544,4798,6971,2218,7120,6220,3464,1220,2140"
11608,11608,"10326,8562,6220,3950,12665,13346,6971,4277,4798,9942"
11627,11627,"3950,13346,4798,8562,9942,2218,10326,544,1290,8413"
11646,11646,"8562,2218,3950,6220,3428,5495,4798,5545,9942,8413"
11647,11647,"4798,13346,4277,5303,6971,8483,8562,3428,10326,3950"
11675,11675,"4798,544,5303,6971,3950,2343,2140,1290,10326,9942"
11676,11676,"1290,7120,11298,1244,6971,544,4929,12869,10326,9101"
11696,11696,"10326,544,4798,1290,5495,9942,12665,2343,8562,13408"
11700,11700,"544,1290,8562,10326,4798,9942,11298,7120,2989,12665"
11722,11722,"1290,7120,6220,6971,10326,544,1244,11298,4798,5303"
11754,11754,"3950,544,6220,2989,4798,2343,2218,11969,7679,8562"
11757,11757,"2343,13408,6971,544,12665,10326,1290,8590,4798,9942"
11767,11767,"12665,2218,544,9942,1290,10326,4798,8562,11298,7120"
11773,11773,"10326,6220,9942,3950,4798,3428,8562,5303,544,1328"
11777,11777,"8562,9942,4798,6220,10326,544,1290,13346,13110,5545"
11778,11778,"1290,9101,12869,11298,7120,1244,544,7669,10326,4798"
11788,11788,"1290,7120,11298,544,10326,9730,4798,9942,8562,2989"
11790,11790,"1290,10326,7120,544,4929,6971,11969,9295,4798,1244"
11811,11811,"1290,7120,1244,11298,9101,4929,544,9730,10663,9295"
11837,11837,"1290,7120,11298,1244,9101,11024,544,2989,4664,10326"
11859,11859,"13346,12665,3950,4798,544,1290,9942,10326,2343,8562"
11865,11865,"544,8562,1290,10326,4798,9942,7120,12665,11298,6220"
11867,11867,"8562,3950,5495,8483,217,4798,9942,544,10326,1290"
11871,11871,"1290,544,1244,2218,6220,7120,6971,9942,5303,11298"
11879,11879,"7120,11298,1244,544,9101,4576,10663,6220,10326,9942"
11880,11880,"10326,4798,4277,2218,8562,6220,5303,217,3950,717"
11908,11908,"5495,4798,5303,10326,6971,8562,2140,2343,544,1290"
11912,11912,"4798,6971,2218,5303,275,544,1290,10326,2140,9942"
11925,11925,"3950,4277,4798,217,10326,64,275,350,9942,1328"
11933,11933,"8562,6220,5676,8681,2218,8413,544,10326,1290,9942"
11945,11945,"544,1290,10326,4798,9942,8562,7120,11298,2989,12665"
11948,11948,"4798,3950,5495,8562,5461,10326,9942,544,1290,3428"
11952,11952,"4798,544,4277,10326,1290,8562,9942,11298,5303,7120"
11957,11957,"4798,544,5303,1290,10326,9942,5495,8562,11298,7120"
11959,11959,"4798,3428,13346,544,9942,10326,4277,5303,1290,12857"
11967,11967,"8562,6220,3950,2218,12665,9942,4798,544,1290,10326"
11969,11969,"544,1290,3428,10326,4798,9942,6220,8562,11298,9101"
11970,11970,"6220,544,2218,13296,7707,13306,5495,13346,1290,12665"
11975,11975,"6220,3950,9942,10326,544,1290,8562,7707,13346,5545"
11995,11995,"3950,8562,6220,9404,12665,544,1290,10326,4798,9942"
12002,12002,"1290,7120,11298,544,2989,12869,4576,1244,11024,4664"
12022,12022,"1290,7120,11298,1244,12869,544,9962,9101,10326,789"
12032,12032,"544,10326,1290,4798,9942,8562,11298,7120,2989,6659"
12036,12036,"1290,7120,544,9101,11024,1244,4576,12869,2989,9295"
12066,12066,"4798,544,6971,12665,2343,4277,4576,10326,1290,9942"
12077,12077,"1290,7120,4929,1244,11298,544,9962,10663,10326,4798"
12078,12078,"4798,10326,4277,13346,5303,544,3950,1290,717,9942"
12084,12084,"10326,8562,6971,4798,5303,6220,12665,13346,544,9942"
12089,12089,"8562,6220,10326,3950,5303,2218,13346,9942,544,8413"
12106,12106,"10326,11298,6220,2989,4798,1290,11969,4277,2343,4576"
12107,12107,"12665,2218,544,1290,10326,4798,8562,8188,9942,11298"
12111,12111,"4798,10326,6220,8562,13346,544,12665,9942,3950,6971"
12131,12131,"8562,4798,10326,13346,5303,2140,544,6220,1290,12857"
12139,12139,"4798,9693,8562,13346,544,10326,1290,9942,9404,11298"
12141,12141,"13346,2218,544,9942,1290,4798,10326,6220,8562,11298"
12144,12144,"1290,11298,7120,544,1244,9101,9942,10326,2989,4664"
12150,12150,"6220,8562,4798,9942,2218,13346,3950,10326,5303,8483"
12151,12151,"10326,6220,12665,4277,217,4798,544,717,3950,13346"
12162,12162,"5495,544,1290,10326,4798,9942,8562,11298,7120,2989"
12170,12170,"12869,544,1290,10326,4798,9942,11298,12665,8562,7120"
12182,12182,"544,1290,5495,2343,2218,9693,6220,5303,275,12665"
12185,12185,"8562,6220,10326,13346,4798,9942,5303,4277,217,544"
12191,12191,"10326,13346,12857,12665,3950,6433,8562,5461,5495,544"
12197,12197,"2343,9693,1290,544,4798,10326,9942,8562,11298,7120"
12204,12204,"1290,7120,11298,1244,2989,11024,12665,9101,544,12655"
12229,12229,"544,1290,2343,10326,6220,9693,9942,4798,11969,6971"
12231,12231,"1290,11298,7120,6220,544,1244,9730,4576,9101,6971"
12234,12234,"1290,8562,544,2343,10326,4798,7120,9942,12665,11298"
12238,12238,"4798,10326,8562,13346,6220,12665,5303,6971,2218,5495"
12242,12242,"8562,5303,217,3950,12857,10326,4798,544,1290,9942"
12260,12260,"10326,8562,13346,6220,13249,10916,544,8421,4277,1290"
12262,12262,"5495,8562,544,2343,13346,12470,4798,1290,10326,5532"
12281,12281,"10326,8562,6220,4798,6971,5303,5495,12665,8590,3950"
12289,12289,"9693,10326,544,4798,8562,9942,5495,6795,11969,1290"
12306,12306,"4798,8562,6220,3950,13346,10326,5495,2140,6971,544"
12326,12326,"544,10326,1290,4798,9942,8562,11298,7120,12665,2989"
12337,12337,"6220,2343,8562,4798,9693,12665,3950,544,13346,1290"
12355,12355,"1290,544,7120,11298,10326,2989,2343,9101,4576,4277"
12371,12371,"3950,9942,2343,544,10326,2218,4798,13346,9693,64"
12372,12372,"12665,544,1290,10326,4798,9942,8562,2343,11298,7120"
12373,12373,"4798,10326,12857,4277,8562,1328,544,8421,1290,9942"
12390,12390,"7120,4929,544,10663,10326,4798,8562,9942,11298,6971"
12405,12405,"2343,544,10326,9693,1290,4798,9942,7120,5532,2989"
12407,12407,"1290,544,10326,4798,7120,9942,8562,11298,2989,5495"
12408,12408,"544,5495,6220,9942,12470,5461,9101,5676,5545,8562"
12419,12419,"10326,1290,8590,544,3464,7120,6659,8562,4798,9942"
12423,12423,"5303,544,8562,1290,10326,4798,9942,11298,7120,2989"
12426,12426,"7120,11298,9101,544,1244,6971,2989,4929,4798,12665"
12452,12452,"10326,4798,8562,5303,6659,544,1290,1328,13249,3950"
12480,12480,"544,2989,1290,12869,11298,6971,7120,9101,10389,11024"
12530,12530,"4798,9942,2218,12665,544,8562,1290,10326,6220,8188"
12546,12546,"4798,10326,2343,6971,8562,544,1290,13346,6220,9942"
12556,12556,"1290,7120,1244,2989,9101,4576,544,4929,9730,11024"
12573,12573,"8562,544,5545,12665,6220,10326,2218,3428,1290,9942"
12592,12592,"10326,6220,8562,9942,13346,4798,12665,9693,3950,544"
12596,12596,"8562,13346,3950,10326,12857,4277,4798,2218,6220,8483"
12599,12599,"1290,7120,11298,1244,544,11024,10326,2989,4798,9101"
12615,12615,"11298,9101,544,11024,1290,7679,4664,10326,7120,4798"
12618,12618,"9942,544,3950,5676,10326,3428,2343,2218,8562,13306"
12624,12624,"8562,4798,3950,12665,6220,13346,4277,275,10326,544"
12638,12638,"9693,6220,2343,4798,544,1290,10326,9942,3127,3950"
12641,12641,"5495,544,4798,9101,10326,5303,6971,1290,9942,12470"
12644,12644,"1290,7120,9101,544,4929,11298,4576,1244,9730,2989"
12649,12649,"1290,10326,4798,6971,544,7120,8562,9942,11298,2989"
12654,12654,"4798,5495,2218,6383,8590,10326,544,1290,13346,8562"
12658,12658,"544,10326,64,1290,6220,5461,4798,9942,8562,12665"
12659,12659,"10326,7120,544,4798,9101,12665,6971,1244,4277,6220"
12666,12666,"4798,10326,9693,13346,3428,9942,4277,544,6220,8562"
12669,12669,"1244,544,1290,10326,4798,11298,12665,9942,8562,7120"
12674,12674,"10326,4798,3950,13346,6220,9942,6971,8413,1290,2989"
12688,12688,"544,10326,1290,4798,8562,9942,11298,7120,2989,5495"
12694,12694,"6220,12665,8413,544,5545,9942,13296,7707,1290,10326"
12709,12709,"4798,13346,8562,5303,6220,10326,4277,275,12857,544"
12712,12712,"1290,7120,544,11298,10326,4798,9942,4929,8562,2989"
12722,12722,"12869,544,1290,7679,11298,7120,10326,4798,9942,8562"
12728,12728,"2218,8188,5495,544,1290,8562,10326,4798,9942,11298"
12732,12732,"2343,544,1290,5532,4798,10326,9693,9942,8562,11298"
12736,12736,"4798,10326,4277,12857,544,8562,717,13346,350,6220"
12738,12738,"10326,4798,13346,4277,3950,544,6220,12665,217,5495"
12741,12741,"9942,10326,3428,2218,3950,8562,11969,4277,12470,544"
12756,12756,"12470,13408,8188,2218,544,4798,1290,10326,12665,9942"
12764,12764,"10326,6220,2343,4798,2218,544,275,3428,3950,12665"
12768,12768,"12665,6220,6971,3950,2343,1290,544,4798,13408,5495"
12773,12773,"8562,6971,4798,12857,10326,6220,2140,544,9942,1290"
12789,12789,"4798,8562,12857,10326,13346,5495,2140,6220,544,4277"
12790,12790,"1290,11298,544,4929,1244,2218,6220,9101,4277,12655"
12801,12801,"5495,2218,544,1290,5303,5532,10326,4798,12470,6220"
12804,12804,"1290,4929,12869,1244,544,10663,11298,10326,4798,9942"
12833,12833,"6220,13346,8562,3950,4798,2218,9942,12857,5545,544"
12846,12846,"10326,3950,13346,4798,5495,12857,3428,544,217,1290"
12855,12855,"5495,13346,4798,544,10326,2343,1290,9942,8562,11298"
12860,12860,"8562,3950,5303,4798,544,1290,10326,13346,12665,9942"
12874,12874,"4798,10326,8562,13346,3950,217,12857,5303,12665,6326"
12875,12875,"8562,5495,13346,544,1290,4798,10326,9942,11298,217"
12877,12877,"2218,6659,6220,544,8562,1290,10326,4798,9942,11298"
12883,12883,"5495,12470,5303,8413,544,1290,10326,4798,9942,8562"
12890,12890,"544,1290,4798,10326,8562,9942,11298,7120,2989,12665"
12919,12919,"1290,7120,4929,11298,1244,544,10663,10326,6971,4798"
12927,12927,"1290,12665,544,6220,13296,7120,10326,4798,8562,9101"
12955,12955,"6971,3428,2218,6220,5495,3950,8413,544,1290,9693"
12956,12956,"8562,5495,544,1290,10326,9942,4798,6971,11298,7120"
12958,12958,"10326,9942,13408,544,1290,4798,5495,2989,8562,11298"
12965,12965,"4798,8562,3950,13346,217,544,6433,350,4277,10326"
12970,12970,"10326,3950,6220,5303,544,12665,8562,4798,13346,2218"
12996,12996,"2343,9693,1290,544,6795,9101,6971,7120,4798,10326"
13000,13000,"6220,3950,8562,9942,13346,2218,4798,10326,544,8413"
13017,13017,"11298,544,2989,9101,1290,4576,11024,6220,2343,7120"
13019,13019,"10326,8562,4277,6220,3950,544,6971,217,12857,5303"
13021,13021,"8562,8413,6220,544,10916,1290,10326,6971,4798,9942"
13022,13022,"8562,10326,6220,544,4798,9942,12857,6433,1328,2140"
13063,13063,"13346,8413,4798,10326,544,9942,1290,6220,8562,5461"
13075,13075,"544,10326,1290,12869,4798,11298,13346,9942,12665,7120"
13076,13076,"10326,13346,3950,2218,6220,4798,2343,544,13306,9942"
13101,13101,"4798,8562,6220,10326,544,3950,5495,5303,6971,217"
13105,13105,"1290,7120,11298,12869,544,9101,9730,11024,4576,1244"
13115,13115,"10326,1290,6971,9942,12665,544,7120,8562,4576,13346"
13117,13117,"1290,7120,544,6971,5303,4576,1244,11024,9730,4664"
13121,13121,"3950,13346,4798,10326,8562,544,9942,1290,2140,8421"
13123,13123,"544,1290,7120,11298,2343,9101,1244,11969,10326,4576"
13125,13125,"10326,4798,8562,12857,9942,2140,544,12665,1290,3950"
13147,13147,"8562,4798,3950,217,12857,13346,717,544,6433,350"
13151,13151,"13346,4798,9942,12665,6220,2218,12470,5303,3950,89"
13153,13153,"10326,8562,4798,4277,3950,13346,6220,544,717,6433"
13176,13176,"1290,11298,544,12869,4576,7120,1244,7679,10326,2989"
13180,13180,"6220,8562,9942,4798,544,3428,13346,13296,3950,2218"
13192,13192,"9942,2218,13346,9404,10326,544,1290,3950,4798,8562"
13194,13194,"544,1290,12665,10326,9942,4798,8562,3950,11298,7120"
13195,13195,"8562,4277,5303,9942,12857,1323,544,4798,10326,217"
13198,13198,"10326,4798,9942,5303,275,4277,8483,1290,544,3950"
13231,13231,"3950,4798,8562,12857,6971,5303,10326,9942,544,1290"
13234,13234,"1290,7120,4929,544,10663,10326,4798,9942,11298,8562"
13240,13240,"544,7120,2989,9942,11298,10326,12869,9101,4277,12665"
13273,13273,"12665,6220,3950,4798,2218,9942,5303,10326,8562,13346"
13276,13276,"8562,3950,9942,5495,6220,8413,3428,544,10326,1290"
13283,13283,"10326,4798,2140,8421,544,1290,6433,8562,9942,717"
13297,13297,"13346,8562,12665,8413,275,8483,544,1290,10326,9942"
13301,13301,"4798,8562,1290,6220,5303,9942,12665,13346,544,10326"
13303,13303,"8562,3950,5495,13346,8413,5303,544,1290,10326,12665"
13321,13321,"1290,11298,7120,2989,544,11024,10326,4798,9942,8562"
13330,13330,"1290,544,10326,4798,8562,9942,7120,12665,6220,11298"
13338,13338,"1290,7120,11298,9295,3464,1244,544,10326,4798,9101"
13380,13380,"10326,9942,275,6971,8562,2218,2140,4798,544,5303"
13389,13389,"1290,7120,4929,4798,544,10663,10326,11298,9942,2989"
13390,13390,"2343,3950,9693,544,1290,5532,10326,4798,9942,8562"
13391,13391,"1290,11298,7120,12665,12869,4576,2989,4798,9730,9101"
13401,13401,"8562,6220,544,4277,3950,5495,3428,10326,4798,5303"
13403,13403,"1290,544,89,8188,9942,10326,4798,8562,11298,7120"
13407,13407,"544,10326,1290,4798,7120,1244,4277,9404,350,2989"
13413,13413,"4798,544,1290,10326,9942,8562,11298,7120,2989,12665"
13414,13414,"11298,1290,2989,9730,9101,12869,1244,11024,8978,7120"
13446,13446,"4798,10326,4277,5303,544,12857,8562,6433,1290,717"
13472,13472,"1290,7120,6971,11298,544,9101,7679,3464,4576,4929"
13488,13488,"4798,8562,3950,13346,5303,10326,4277,13296,544,6971"
13502,13502,"1290,10326,7120,9101,11298,544,2343,11024,1244,7679"
13507,13507,"1290,7120,11298,9101,4576,9730,1244,2989,544,11024"
13512,13512,"4798,3950,10326,8562,6659,13346,7707,544,1290,9942"
13543,13543,"4798,544,4277,12665,5303,3950,8562,11969,217,6220"
13572,13572,"10326,8562,544,4798,6220,6971,5303,1290,3950,11969"
13595,13595,"1290,7120,6971,4929,1244,544,10326,4798,11298,9942"
13599,13599,"6220,4798,2343,3950,5495,544,8562,6971,3428,10326"
13608,13608,"10326,544,4798,12665,9693,13346,8562,5303,1290,9942"
13609,13609,"350,544,10326,1290,4798,9942,8562,11298,7120,2989"
13630,13630,"9942,4798,3950,12665,10326,2218,6220,544,8562,2140"
13635,13635,"10326,4798,8562,5303,544,6971,1290,8421,2140,9942"
13645,13645,"4798,6220,10326,3950,8562,3428,544,1290,9942,8590"
13673,13673,"544,10326,1290,8562,4798,9942,8413,5495,9693,11298"
13683,13683,"9942,544,6220,4798,6971,5303,10326,2343,11969,12665"
13702,13702,"6971,12665,6220,1290,544,8590,89,10326,5545,9942"
13716,13716,"4798,8562,10326,6220,3950,12665,6971,2218,13346,275"
13724,13724,"9730,11298,544,9101,12869,4576,1244,2989,4277,10326"
13746,13746,"12665,4798,10326,6971,6220,8562,5303,3950,9942,544"
13752,13752,"8562,13346,544,1290,10326,9942,4798,11298,7120,5495"
13756,13756,"1290,7120,4929,544,9962,10326,789,11298,4798,9942"
13763,13763,"1290,7120,11298,1244,9101,544,11024,2989,9962,10326"
13774,13774,"10326,6220,8562,544,9942,2218,9101,4798,13296,11969"
13776,13776,"1290,7120,11298,9730,4929,544,4664,10326,4798,9101"
13786,13786,"1290,11298,7120,544,10326,4798,9942,9962,8562,2989"
13788,13788,"544,1290,10326,4798,9942,8562,11298,7120,2989,12665"
13791,13791,"1290,2989,7120,11298,6971,11024,1244,4576,9730,10389"
13810,13810,"8562,13346,6220,10326,2218,5676,12857,6971,9942,544"
13811,13811,"4798,10326,5303,13346,12857,3950,544,1290,8421,8562"
13820,13820,"9942,11024,11298,544,1290,4576,10326,7120,4798,8562"
13826,13826,"12665,5495,6220,3428,3950,544,10326,8562,4798,1290"
13840,13840,"544,10326,1290,8562,4798,9942,11298,7120,2989,5495"
13841,13841,"544,6220,8562,2343,217,4277,717,3428,13296,1290"
13852,13852,"6220,9942,12665,2218,89,5545,544,3950,1290,11298"
13858,13858,"1290,4798,10326,544,8562,9942,6971,7120,6220,11298"
13865,13865,"10326,6659,4798,544,8562,1290,9178,9942,11298,7120"
13871,13871,"10326,544,4798,4277,6220,717,8562,13346,1290,10077"
13877,13877,"8562,2343,13346,13249,4798,544,10326,1290,9942,11298"
13905,13905,"10326,4798,544,8562,4277,13346,5495,6220,8421,12665"
13924,13924,"7120,11298,544,9101,2989,12869,4576,4929,9730,11969"
13929,13929,"4798,10326,544,8562,4277,3950,11969,217,6971,1290"
13935,13935,"3950,8562,6220,13346,544,4798,10326,12857,12665,1290"
13952,13952,"1290,7120,11298,1244,9101,4929,544,2989,12869,10389"
13953,13953,"10326,1290,6971,3950,544,8590,4798,9942,9101,8562"
13962,13962,"10326,544,4798,4277,8562,3950,6971,13346,217,6220"
13965,13965,"6220,5545,544,1290,10326,9942,8562,4798,11298,5495"
13966,13966,"10326,4798,12857,10594,13346,8562,544,1290,9942,13249"
13974,13974,"11298,2989,1290,11024,4576,12869,1244,9101,7120,7679"
13982,13982,"1290,7120,11298,6971,11024,89,4929,544,6220,2218"
13983,13983,"5461,8562,544,1290,10326,4798,9942,11298,7120,13346"
13987,13987,"10326,3950,6220,5495,4798,8562,8483,12857,12470,13346"
13988,13988,"1290,544,7120,11298,4798,6971,2343,9730,10326,1244"
13991,13991,"4798,10326,13346,3950,6220,4277,2218,5303,12857,9942"
13995,13995,"3950,2343,5495,8562,12665,13346,1323,9532,5461,544"
13998,13998,"10326,4798,13346,6971,8562,544,1290,2140,9942,12665"
14021,14021,"6220,3428,5461,5545,544,13110,1290,13296,10326,4798"
14028,14028,"2343,544,10326,4277,9693,3950,5532,1290,5461,4798"
14042,14042,"6220,12665,9942,2218,275,6659,3428,5303,5545,544"
14049,14049,"544,1290,10326,4798,9942,8562,11298,7120,2989,12665"
14060,14060,"8562,6220,3428,2343,5495,13306,10326,9942,13296,4798"
14061,14061,"6220,8413,8562,544,1290,10326,4798,9942,11298,7120"
14067,14067,"7707,544,1290,8562,10326,9693,4798,6220,9942,11298"
14079,14079,"1290,4798,544,6220,12665,9942,6971,5303,3950,8562"
14089,14089,"13346,544,10326,4277,4798,6220,2343,9693,217,3950"
14097,14097,"10326,4798,5303,2218,350,1290,8590,275,5676,544"
14105,14105,"3464,11298,1290,544,7679,10326,4798,2989,9942,8562"
14147,14147,"9942,544,10326,1290,4798,3950,8562,6971,9693,11298"
14155,14155,"9942,8562,4798,2218,13346,6220,10326,3950,12857,6433"
14168,14168,"10326,4798,6971,6220,12857,4277,8562,544,1290,5495"
14170,14170,"8562,10326,6220,4798,6383,544,4277,9942,5303,1290"
14173,14173,"544,2989,11298,10326,4576,13408,1244,11024,7679,13306"
14174,14174,"8562,10326,6220,3428,3950,544,13346,1290,5545,4798"
14196,14196,"6220,12665,8562,8413,3950,9942,4798,544,9693,10326"
14197,14197,"544,1290,10326,4798,9942,8562,11298,7120,12665,2989"
14202,14202,"7120,11298,9101,4576,544,4929,1244,2989,12869,6220"
14204,14204,"544,1290,10326,4798,9942,8562,11298,7120,2989,12665"
14215,14215,"4798,2343,544,6220,5303,9942,810,9693,11969,8483"
14242,14242,"4798,8562,4277,6433,544,5303,3950,10326,1290,10916"
14244,14244,"10326,4798,6220,9942,544,12665,8562,13346,6971,13249"
14249,14249,"1290,7120,544,11298,10326,4798,4929,9942,8562,9101"
14250,14250,"544,1290,10326,4798,9942,8562,11298,7120,2989,12665"
14256,14256,"10326,4798,4277,13346,544,217,8562,717,6433,12857"
14258,14258,"7679,2989,4664,1290,9101,11298,544,10326,7120,4798"
14280,14280,"5303,3950,8562,4798,544,1290,10326,217,9942,6971"
14318,14318,"544,7120,11298,10326,6220,1244,6971,12665,4576,2989"
14325,14325,"10326,1328,350,544,1290,6659,8562,9942,11298,7120"
14328,14328,"1290,10326,4798,6971,544,5303,8590,8562,2140,4277"
14329,14329,"9942,3428,5495,6659,8562,544,13346,1290,3950,10326"
14344,14344,"8562,6971,5303,4798,6220,5495,10326,544,5545,8413"
14366,14366,"1290,7120,4929,544,10326,4798,9942,6971,8562,11298"
14421,14421,"1290,7120,11298,3464,1244,544,7679,10326,4798,9942"
14430,14430,"10326,4798,8562,4277,10568,5303,544,12857,6220,5495"
14435,14435,"9942,275,544,1290,10326,4798,8562,11298,7120,5495"
14472,14472,"2218,6220,1290,4798,544,10326,9942,12665,8590,8562"
14501,14501,"6220,544,1290,12665,4798,7120,8562,9942,6971,2218"
14509,14509,"12665,6971,13346,4798,3950,10326,544,1290,275,8562"
14516,14516,"8562,4798,9942,1290,544,10326,5303,8590,13296,2140"
14521,14521,"4798,10326,6220,3950,2218,8562,13346,6971,5303,544"
14553,14553,"8562,544,1290,4798,10326,9942,5303,11298,7120,13346"
14561,14561,"6220,8562,12665,9942,3950,10326,13346,544,5545,7707"
14562,14562,"5495,12665,9942,13346,10326,5676,5303,544,4798,2218"
14567,14567,"6220,10326,4798,2343,12665,2140,9942,544,8562,1290"
14575,14575,"544,1290,4277,10326,12869,4798,9942,3950,11298,7120"
14581,14581,"544,2343,13346,3950,8562,6220,1290,9693,12665,9942"
14627,14627,"1290,6971,3950,89,544,10326,7120,9942,4798,12665"
14634,14634,"6220,9942,3428,3950,8413,8562,13110,544,12665,5184"
14651,14651,"4798,5303,2218,5495,12857,13346,2140,544,10326,1290"
14659,14659,"2343,10326,4798,544,8562,1290,5495,9942,13346,5461"
14670,14670,"10326,4277,5495,4798,544,8421,1290,350,9942,8562"
14684,14684,"8562,13346,6220,544,10326,1290,4798,9942,3428,12665"
14691,14691,"4798,1290,7120,6971,544,10326,4576,8562,2140,13346"
14695,14695,"1290,4798,2218,6971,7120,12665,6220,544,10326,2343"
14705,14705,"10326,4277,8562,4798,3950,13346,717,217,12857,544"
14711,14711,"1290,10326,6220,4798,544,6971,9942,7120,4277,8562"
14723,14723,"3950,4798,8562,544,9942,1290,10326,5303,11298,7120"
14739,14739,"1290,7120,11298,9730,2989,4576,9101,544,11024,4664"
14740,14740,"10326,4798,6971,8562,5303,544,12857,4277,2140,1290"
14743,14743,"5495,2218,4798,12665,9942,10326,544,1290,6971,8483"
14747,14747,"544,10326,6220,9942,3950,4277,8562,5303,13346,717"
14748,14748,"8562,12665,6220,13346,89,544,9532,1290,13249,5676"
14764,14764,"4798,13346,2343,1290,3950,12665,6971,544,10326,9942"
14771,14771,"9942,544,4576,10326,11969,6220,2989,5495,11298,4664"
14780,14780,"10326,4798,6220,544,4277,8562,8421,1290,5495,12665"
14784,14784,"10326,4798,4277,544,11969,6220,3950,350,1290,1328"
14785,14785,"5495,544,1290,10326,9942,4798,8562,11298,7120,2989"
14798,14798,"2343,12665,9532,544,1290,8562,10326,13346,9942,4798"
14801,14801,"544,4798,9942,10326,6220,2343,9693,1290,6971,4277"
14803,14803,"544,10326,4798,6220,12665,9942,13346,4277,275,3950"
14821,14821,"4798,10326,544,275,13249,4277,6220,13346,217,350"
14832,14832,"1290,544,6220,4798,6971,5303,8562,10326,2343,13296"
14833,14833,"3950,6220,9942,10326,4277,3428,4798,13346,5303,12665"
14853,14853,"4798,9942,6220,544,1290,7792,8421,8562,6971,8590"
14854,14854,"4798,2218,13249,6971,10326,544,13346,1290,8562,9942"
14856,14856,"6220,544,9942,12665,3950,4798,6971,2218,8562,10326"
14858,14858,"10326,2343,4798,544,6220,12665,5532,1290,3950,9942"
14864,14864,"544,1290,10326,4798,8562,9942,11298,7120,2989,12665"
14867,14867,"1290,11298,7120,1244,12665,11024,2989,4576,9101,12869"
14880,14880,"11298,7679,12665,544,1244,11024,2989,4576,1779,12869"
14890,14890,"4798,8562,10326,544,5303,13346,9942,6971,1290,5495"
14892,14892,"10326,544,6220,4798,9693,13346,4277,9942,12665,8562"
14899,14899,"1290,11298,11024,4576,12869,7120,1244,4664,544,10389"
14904,14904,"2343,3950,544,9532,12665,1290,13346,10326,4798,9942"
14906,14906,"1290,11298,7120,1244,4576,9295,3464,9730,12869,544"
14909,14909,"10326,4277,350,6383,544,1290,4798,9942,8562,11298"
14929,14929,"6220,8562,4798,2218,6971,10326,544,5303,12665,1290"
14931,14931,"6220,544,13296,8562,10326,7707,4798,1290,9942,11298"
14938,14938,"4798,10326,3950,4277,6220,8562,13249,544,8483,6971"
14955,14955,"6220,12665,4798,3950,544,8562,10326,2218,9942,2343"
14961,14961,"10326,544,1290,6659,4798,8562,9942,11298,7120,13346"
14969,14969,"1290,11298,7120,12869,11024,9730,9101,544,4664,1244"
14970,14970,"10326,4277,4798,6971,6220,717,217,8562,544,12857"
14977,14977,"8562,5495,9942,12665,13346,3950,5676,6220,7707,544"
14991,14991,"4798,10326,5303,12665,2218,3950,544,6220,1290,8562"
14993,14993,"4798,8562,10326,544,1290,9942,11298,7120,2989,12665"
15009,15009,"13346,10326,4798,3950,8562,8483,12857,13249,6433,544"
15014,15014,"9101,11298,2989,2343,9693,7679,10389,7342,8978,4576"
15028,15028,"7120,11298,1244,4929,12869,9730,544,9295,9101,10663"
15029,15029,"10326,4277,217,4798,3950,717,13249,8562,350,13346"
15030,15030,"8562,5495,13346,9942,3428,5545,12470,544,1290,10326"
15033,15033,"4798,8562,10326,13346,2343,544,8590,3950,4277,1290"
15052,15052,"1290,544,4798,7120,6971,6220,8562,8590,3950,350"
15062,15062,"10326,13346,4798,9942,6220,6433,8562,544,5676,2343"
15074,15074,"1290,6220,9942,5495,8562,10326,4798,6971,544,9693"
15081,15081,"13346,544,4798,10326,9693,2343,6220,8562,3950,9942"
15082,15082,"544,1290,10326,4798,9942,8562,11298,7120,2989,12665"
15097,15097,"13346,4798,10326,2140,544,1290,8562,9942,2218,11298"
15098,15098,"10326,4798,8562,6220,3950,6971,13346,5303,12665,8590"
15107,15107,"1290,7120,4929,11298,10663,9295,544,1244,6971,10326"
15113,15113,"10326,4798,6220,3950,9404,50,544,4277,350,13346"
15120,15120,"10326,8562,4798,6220,13346,3950,5303,2218,217,3428"
15121,15121,"10326,4798,8562,13346,6220,3950,6971,4277,544,217"
15122,15122,"8562,2218,10326,5303,3950,4798,13346,6220,12857,2140"
15141,15141,"10326,544,4798,13249,1290,217,9942,8562,11298,13346"
15143,15143,"10326,4798,544,8562,6433,4277,9942,1290,6971,13346"
15148,15148,"3950,2343,4798,544,9693,13346,9942,10326,8562,1290"
15164,15164,"10326,6220,9942,4798,2343,4277,3950,11969,13346,8562"
15165,15165,"544,1290,9942,6220,12869,6971,4798,10326,89,2989"
15175,15175,"10326,4798,8562,4277,13346,5303,544,9942,6433,717"
15186,15186,"1290,4929,11298,544,1244,10663,9295,10326,4798,9942"
15189,15189,"10326,544,6220,4798,4277,3950,13346,5495,2218,5303"
15200,15200,"10326,4798,6220,544,8562,1290,9942,4277,6971,13346"
15204,15204,"10326,6220,9942,13346,4798,8562,4277,217,717,3950"
15205,15205,"1290,4798,7120,10326,6971,544,6220,13296,2140,9101"
15217,15217,"4798,1290,544,8562,10326,9942,11298,7120,2989,5495"
15240,15240,"2989,1244,11024,12869,7679,9730,1290,8978,4576,10389"
15248,15248,"1290,8562,6220,12665,544,7120,4798,10326,9942,6971"
15253,15253,"8562,4277,4798,544,1290,10326,2140,9942,13346,11298"
15256,15256,"4277,544,3950,10326,6433,13346,4798,1290,12857,9942"
15260,15260,"4798,8562,10326,544,6220,13346,2343,717,5303,4277"
15265,15265,"5495,12470,5461,544,1290,10326,4798,9942,8562,11298"
15274,15274,"544,1290,10326,4798,9942,8562,11298,350,7120,2989"
15275,15275,"4798,6971,544,10326,1290,2218,8562,2140,9942,13346"
15282,15282,"4798,10326,8562,2218,5303,2343,6971,544,13346,2140"
15294,15294,"2343,9693,13346,544,10326,1290,4798,9942,8562,9532"
15304,15304,"1290,11298,7120,1244,4576,11024,4664,544,9101,10326"
15330,15330,"544,1290,10326,6220,2343,9101,11298,1244,4576,9693"
15331,15331,"8562,12665,6220,5495,12470,544,13296,4798,1290,10326"
15332,15332,"1244,544,11298,3464,1290,10326,9942,4798,8562,7120"
15339,15339,"6220,544,8562,1290,9942,10326,4798,11298,7707,7120"
15387,15387,"544,6220,9942,10326,7707,13296,1290,4798,5545,11298"
15391,15391,"544,6220,10326,13346,4798,3950,4277,12665,6971,275"
15396,15396,"10326,4798,12665,13346,8562,6220,6326,5545,544,217"
15397,15397,"2218,2343,4798,6971,5545,544,1290,8562,10326,5495"
15421,15421,"4798,544,1290,10326,9942,8562,11298,7120,2343,2989"
15427,15427,"1290,7120,11298,544,6971,1244,7679,4576,9101,2989"
15434,15434,"1290,7120,11298,544,6220,1244,11024,2989,10326,4576"
15441,15441,"9942,12665,5495,2218,10326,3950,1290,8562,8590,544"
15444,15444,"6220,6971,2218,5303,10326,275,13408,5495,89,9942"
15457,15457,"10326,4798,13346,6220,3950,8562,9942,5303,3428,12665"
15466,15466,"8562,10326,13249,4277,3950,9942,4798,544,1290,13346"
15475,15475,"4798,13249,13346,8483,8413,12857,5495,10326,544,1290"
15483,15483,"1290,11298,544,12665,11024,4576,7120,2989,7679,1244"
15487,15487,"544,1290,10326,8562,4798,9942,11298,7120,12665,2989"
15500,15500,"10326,2140,544,1290,4798,9942,2989,13408,8562,11298"
15511,15511,"6220,2218,544,11024,11298,4798,1290,10326,9532,9101"
15515,15515,"4798,3950,6220,8562,10326,13346,544,1290,9942,3055"
15519,15519,"6971,13346,275,4798,8562,544,1290,9942,12665,11298"
15534,15534,"2343,5545,9693,544,10326,1290,4798,9942,8562,11298"
15545,15545,"1290,7120,11298,12869,9101,11024,4576,1244,544,2989"
15553,15553,"12869,9101,11298,7679,11024,9693,2343,4576,2989,9730"
15556,15556,"5495,8562,5303,12470,8413,6220,3950,2218,4798,544"
15564,15564,"4798,13346,13249,10326,6326,544,1290,8562,9942,3950"
15567,15567,"1290,7120,11298,1244,12869,544,2989,9101,7669,4929"
15582,15582,"8562,12857,5676,4798,4277,6326,217,544,1290,10326"
15585,15585,"10326,4798,4277,6220,5303,13346,3950,6971,8562,12857"
15587,15587,"8562,6220,3950,8413,13346,10326,12665,3428,544,4798"
15589,15589,"6971,8562,5303,6220,10916,10326,4798,544,2140,1290"
15590,15590,"544,9693,9942,3428,5461,10326,6795,13306,11969,1290"
15595,15595,"10326,544,1290,4798,9942,8562,11298,7120,2989,3055"
15611,15611,"11298,9101,1244,9295,544,12869,10326,9730,4576,2989"
15613,15613,"3950,13346,4798,2218,10326,544,8562,12665,5303,9942"
15632,15632,"10326,9942,8562,13346,6220,5303,4277,5495,11969,544"
15633,15633,"10326,544,4798,12857,4277,5303,6433,275,350,8562"
15639,15639,"4798,3950,6971,5303,8483,544,10326,8590,2140,5495"
15648,15648,"10326,4798,544,4277,8562,6220,1290,13346,217,717"
15652,15652,"4798,10326,13346,13249,350,275,544,1290,9942,8562"
15683,15683,"9942,6220,2218,6659,3428,5545,8562,13296,544,1290"
15688,15688,"9942,8562,6220,3950,5495,2218,12665,3428,7707,544"
15703,15703,"3950,9942,8413,544,12665,1290,3428,10326,4798,8562"
15708,15708,"2218,6971,5495,544,1290,10326,4798,9942,8562,3950"
15714,15714,"10326,4798,3950,544,8562,217,9942,6433,717,13249"
15719,15719,"4277,10326,8562,6433,4798,13346,350,12857,10594,544"
15727,15727,"12665,8413,8562,544,1290,10326,4798,9942,3055,6971"
15728,15728,"1290,7120,4929,10663,544,10326,4798,9942,11298,8562"
15735,15735,"10326,4798,8562,13346,7120,217,1290,8483,8590,275"
15736,15736,"4798,5303,9942,6220,544,10326,1290,8562,3950,5495"
15739,15739,"1290,7120,2989,9295,3464,11024,9101,1244,4929,9730"
15742,15742,"4798,6220,9942,12665,3950,10326,8562,5303,3428,2343"
15764,15764,"350,544,13110,8562,10326,1290,4798,9942,1978,9178"
15773,15773,"5495,4798,10326,12857,544,1290,8562,2140,9942,13346"
15774,15774,"11298,7669,1290,7120,2989,544,9942,12869,6591,10326"
15786,15786,"11298,1290,4576,9101,7120,11024,544,4664,12995,10389"
15789,15789,"217,12857,10326,350,13346,544,5303,1290,4798,9942"
15796,15796,"544,9942,6220,10326,2343,12665,9693,3428,5676,4798"
15800,15800,"5495,12470,8562,9942,5303,544,4798,1290,10326,6971"
15802,15802,"1290,7120,11298,544,2343,9730,9101,1244,9693,4576"
15812,15812,"10326,4798,544,217,5303,6220,8562,3950,1290,8590"
15815,15815,"544,10326,1290,4798,9942,8562,11298,7120,2989,12665"
15828,15828,"10326,8562,6220,13346,8483,6433,6659,13249,544,9942"
15831,15831,"1290,7120,1244,11298,9101,544,10326,9942,4798,8562"
15840,15840,"4277,350,717,10326,275,544,1290,50,4798,9942"
15845,15845,"8562,4798,10326,13346,9942,3950,12857,13249,544,1290"
15847,15847,"13346,2218,9942,544,1290,5461,8562,10326,4798,11298"
15856,15856,"4798,8562,10326,3950,13346,5303,12857,544,6971,4277"
15861,15861,"11298,12869,1290,544,10326,4798,9942,9101,7120,8562"
15862,15862,"1290,544,7120,11298,10326,12869,1244,9942,4798,2989"
15871,15871,"5495,12470,5676,64,13346,544,1290,10326,8188,8562"
15872,15872,"8562,3950,5495,10326,12470,12665,6220,544,12857,1290"
15883,15883,"1290,7120,11298,9101,2989,1244,6971,544,9295,4929"
15886,15886,"2343,544,8562,6220,1290,10326,4798,9942,7707,11298"
15888,15888,"544,9942,6220,3428,2218,12665,5303,3950,6971,1244"
15898,15898,"4798,4277,6220,8562,10326,6433,13346,544,3950,1290"
15919,15919,"4798,10326,13346,11298,64,50,544,1290,6795,9942"
15922,15922,"1290,7120,11298,4929,1244,544,10326,4798,9942,10663"
15931,15931,"1290,544,9693,10326,1244,4798,9942,7120,8562,2343"
15941,15941,"8562,13346,6220,9942,2218,12665,8188,10326,7707,5495"
15943,15943,"4798,12857,10326,544,1290,8562,9942,10916,11298,7120"
15956,15956,"10326,6220,4798,6971,12665,5303,3950,89,11969,217"
15958,15958,"1290,6220,7120,6971,10326,544,11298,89,4798,2218"
15960,15960,"12665,10326,3950,4798,275,13346,544,1290,2343,8562"
15973,15973,"2989,3222,544,1290,4890,10326,4576,4798,11298,9942"
15977,15977,"1290,7120,11298,1244,544,9295,9962,10326,9101,4798"
15994,15994,"9942,6220,13110,3950,8562,544,1290,10326,13346,4798"
15995,15995,"1290,7120,1244,6971,6220,4929,11298,544,4798,9730"
15996,15996,"10326,6220,4798,13346,6971,3950,8562,9942,544,1290"
15999,15999,"6220,3950,8562,544,1290,4798,10326,9942,11298,7120"
16060,16060,"1290,4798,10326,7120,6971,8562,12665,6220,5303,4929"
16069,16069,"2218,4798,3950,544,10326,8413,6971,12665,8562,13346"
16076,16076,"1290,11298,7120,544,2989,9101,1244,4576,6220,12869"
16085,16085,"10326,544,8562,1290,4798,9942,6383,11298,7120,2989"
16089,16089,"8562,544,1290,4798,10326,9942,2140,6971,11298,7120"
16097,16097,"10326,544,4798,4277,8562,3950,717,6220,217,9404"
16112,16112,"544,4277,6220,1290,10326,3950,4798,9942,8562,11298"
16116,16116,"12857,4798,5303,2140,544,10326,1290,8562,9942,12665"
16137,16137,"4798,275,5303,10326,3950,350,217,544,2140,8562"
16150,16150,"8562,3950,4798,1328,544,717,10326,1290,13249,6659"
16174,16174,"544,1290,10326,9942,3428,4798,3950,8562,11298,7120"
16176,16176,"8562,3950,8413,544,1290,6220,10326,4798,2989,9942"
16210,16210,"1290,7120,4929,11298,544,4798,6971,10326,10663,1244"
16212,16212,"4798,10326,8562,3950,6220,13346,12665,5303,544,5461"
16230,16230,"10326,8562,4798,544,3428,6971,6220,5303,2218,12857"
16245,16245,"10326,217,4277,544,4798,8562,12857,350,3950,9942"
16293,16293,"8562,3950,13346,6220,4798,10326,2218,13249,544,5676"
16299,16299,"1290,7120,11298,9295,4576,2989,544,12655,10326,4798"
16300,16300,"544,1290,9942,8562,10326,4798,11298,7120,6220,2989"
16303,16303,"6971,10326,544,4798,1290,8562,12857,9942,12665,11298"
16305,16305,"1290,7120,11298,10326,9101,4576,6220,6971,89,12869"
16314,16314,"8562,4798,10326,4277,544,12857,6433,10568,6971,5303"
16328,16328,"4798,12857,544,8562,1290,10326,9942,13346,11298,5495"
16340,16340,"1290,7120,544,1244,11298,9942,6220,10326,12665,9101"
16351,16351,"9942,544,8483,8681,1328,8562,10326,1290,4798,11298"
16363,16363,"4798,544,13346,8562,2343,6220,6383,10326,1290,11969"
16376,16376,"4798,6971,5303,10326,12857,8562,2140,544,1290,6433"
16387,16387,"4798,13346,12857,4277,8483,6433,10326,544,1290,13249"
16395,16395,"4798,13346,6220,10326,3950,8562,4576,5303,544,4277"
16414,16414,"9101,6971,11298,544,7707,4798,6220,810,2343,1290"
16416,16416,"8413,544,8562,1290,10326,4798,9942,11298,7120,2989"
16418,16418,"6220,9942,6971,2218,89,5495,544,5545,1290,8562"
16471,16471,"1290,2989,11298,7120,1244,11024,4576,9101,9730,544"
16489,16489,"8562,4798,3950,2218,9942,12857,10326,544,1290,6220"
16497,16497,"544,6971,9942,10326,1290,2343,4798,12665,2989,8562"
16509,16509,"6971,10326,5303,544,1290,2140,8562,4798,9942,6220"
16510,16510,"9942,13346,3950,12665,8562,5303,8413,6220,5545,544"
16521,16521,"1290,11298,7120,1244,11024,9101,2989,4576,4664,10389"
16524,16524,"544,1290,10326,4798,9942,8562,11298,7120,2989,12665"
16582,16582,"6971,9942,5303,544,12665,1290,1244,10326,4798,6220"
16592,16592,"8562,1290,6220,6971,544,4798,2218,13296,5303,2343"
16604,16604,"1290,11298,7120,12869,9730,8978,2989,12655,9101,11969"
16605,16605,"1290,11298,9101,4576,9942,11024,7120,544,12665,4664"
16617,16617,"1290,11298,2989,7120,11024,2343,9101,4576,12869,544"
16622,16622,"2989,11298,11024,12869,4576,1244,1290,11918,7120,9101"
16624,16624,"3950,8562,544,10326,1290,4798,3428,9942,6220,217"
16628,16628,"3950,4798,8562,544,2218,1290,10326,9942,11298,7120"
16633,16633,"1290,7120,11298,544,1244,6971,4929,9101,2989,4798"
16646,16646,"6220,7707,544,4798,1290,10326,5303,9942,8562,11298"
16651,16651,"5495,3950,13346,8562,4277,10326,3428,12857,544,9942"
16654,16654,"4798,10326,13346,8562,6971,5303,3950,544,1290,12665"
16673,16673,"5303,8562,3950,4798,13346,9942,2140,10326,544,1290"
16675,16675,"10326,4798,6220,8562,3950,13346,4277,9942,13296,12665"
16677,16677,"8562,3950,6971,544,1290,4798,10326,9942,12665,11298"
16679,16679,"6971,8413,2218,5495,8562,4798,12665,9942,275,544"
16686,16686,"11298,1290,544,7120,9101,10326,4798,6220,4664,9942"
16695,16695,"3950,4798,4277,2218,8562,5303,12857,10326,13346,544"
16704,16704,"3428,13346,9942,8562,544,1290,10326,3950,4798,11298"
16709,16709,"6220,13346,9942,12665,544,5545,4798,1290,7707,10326"
16773,16773,"10326,4798,3950,12857,8483,6433,8562,544,1290,217"
16774,16774,"3950,4798,10326,544,1290,13346,12857,9942,8562,11298"
16797,16797,"9942,3950,3428,6220,13346,8562,544,1290,10326,4798"
16803,16803,"217,10326,8562,2140,4798,544,1290,9942,11298,7120"
16804,16804,"10326,4798,13346,4277,12857,3950,217,5303,6220,350"
16806,16806,"8562,2343,544,4798,10326,6220,9693,9942,12665,5676"
16810,16810,"3950,8413,3428,544,9942,1290,4798,10326,8483,8562"
16836,16836,"10326,544,6383,217,1290,4798,8421,9942,8562,4277"
16844,16844,"544,1290,10326,4798,5495,5199,9942,8562,11298,7120"
16861,16861,"1290,1244,11298,7120,544,12869,10326,3464,4798,11024"
16875,16875,"4798,10326,5303,6971,13346,12857,2218,8562,2140,544"
16936,16936,"4798,10326,3950,13346,9942,12857,12665,4277,8562,217"
16946,16946,"13346,3950,217,9942,10326,5303,4798,717,5495,12857"
16965,16965,"10326,4798,6220,8562,2218,12665,13346,5303,544,3950"
16987,16987,"10326,6971,6220,8562,5303,544,4798,4277,8590,2140"
16988,16988,"6971,4798,1290,544,10326,9942,8562,2218,2343,12665"
16989,16989,"8562,10326,9942,12665,6220,3950,4798,2218,13346,5303"
17007,17007,"10326,4798,6220,275,12665,544,2218,1290,2140,8562"
17016,17016,"10326,8562,9942,4798,6220,2343,12665,13346,544,5495"
17030,17030,"5303,544,1290,10326,2140,4798,9942,8562,11298,7120"
17034,17034,"10326,4798,8562,13346,3950,9942,6220,5303,544,12857"
17054,17054,"4277,12857,3950,544,10326,4798,1290,1978,9942,8562"
17056,17056,"10326,1328,4277,544,4798,1290,3950,8562,9942,6383"
17084,17084,"12665,8562,4798,10326,9942,2218,3950,5303,544,1290"
17098,17098,"9101,11298,5495,4576,1290,9942,13408,12470,544,2343"
17102,17102,"4798,544,10326,6971,2218,5303,12665,3950,8590,275"
17109,17109,"3950,544,1290,10326,4798,9942,8562,11298,7120,2989"
17112,17112,"544,1290,4798,6971,2218,7120,3464,6220,1220,2140"
17119,17119,"10326,4798,9730,5303,6971,544,4277,9101,9942,8562"
17124,17124,"6220,8562,10326,13346,2218,3950,9942,13296,5303,4798"
17141,17141,"4798,6220,6971,13346,2343,544,5303,10326,8562,9693"
17160,17160,"12665,9693,7679,7669,2343,12869,544,6220,11024,4277"
17179,17179,"2218,3950,8413,13346,6220,8483,8562,9942,544,12665"
17189,17189,"4277,217,3950,544,10326,8562,13346,4798,1290,9942"
17191,17191,"8562,6220,10326,544,4798,1290,9942,5495,11298,7120"
17194,17194,"13346,4798,5495,2140,8562,544,12857,10326,9942,1290"
17195,17195,"544,1290,10326,5199,9942,4798,8562,5495,6220,11298"
17200,17200,"1290,7120,11298,2989,4576,11024,1244,9101,12869,544"
17212,17212,"10326,6220,3950,12665,13249,544,1290,13110,4798,3428"
17218,17218,"2343,13346,9532,9942,544,6220,10326,8562,5303,4798"
17232,17232,"13346,217,8562,8413,4277,3950,6326,544,10326,6220"
17242,17242,"10326,4798,8562,544,4277,6220,12857,217,3950,6971"
17255,17255,"8562,3950,9942,6220,4798,544,1290,10326,2218,13346"
17262,17262,"11298,1290,1244,7120,11024,12869,4576,2989,9730,544"
17275,17275,"6220,13346,5545,3950,8562,544,10326,9942,13296,1290"
17276,17276,"4277,3950,10326,8562,4798,6220,6971,12857,544,1290"
17278,17278,"544,2343,1290,9693,10326,4798,9942,8562,11298,7120"
17283,17283,"4798,544,13346,1290,6971,5303,2218,1220,6220,10326"
17284,17284,"4798,13346,544,10326,1290,9942,8562,5495,11298,7120"
17295,17295,"9942,544,6220,10326,3428,3950,275,4277,6433,5303"
17298,17298,"1290,7120,11298,2989,9101,544,4576,11024,6971,12869"
17319,17319,"9942,6220,8562,3428,3950,10326,2218,12665,13296,13306"
17320,17320,"544,1290,9101,11298,4576,7120,11024,9730,7679,2989"
17325,17325,"12665,6220,9693,8562,4798,6971,8483,9942,10326,544"
17330,17330,"1290,544,10326,7120,4798,9942,8562,11298,2989,9101"
17334,17334,"2989,1290,1244,11024,12869,7120,9101,544,10326,4798"
17346,17346,"6220,9693,8562,544,4798,1290,2343,10326,9942,9404"
17352,17352,"4798,6971,1290,4277,10326,544,2218,13346,9693,9101"
17353,17353,"1290,7120,544,11298,10326,4798,6220,9962,9942,8562"
17396,17396,"10326,4798,5303,12857,13346,6971,8562,6220,6433,2140"
17408,17408,"544,3950,4277,4798,6220,5303,10326,12857,3428,8562"
17414,17414,"10326,8562,9942,6220,13346,5545,6659,544,1290,4798"
17422,17422,"544,1244,1290,10326,4798,9942,8562,11298,7120,2989"
17424,17424,"4798,10326,6659,6383,6220,5303,350,544,2140,6971"
17427,17427,"1290,7120,544,10326,4798,9942,8562,11298,2989,12665"
17432,17432,"8562,4798,3950,217,13346,12665,12857,10326,5303,9942"
17434,17434,"5303,10326,8562,6971,4798,8590,9404,2140,544,1290"
17439,17439,"8562,3950,9942,5545,6220,6971,275,544,5303,3428"
17442,17442,"6220,544,8562,9942,10326,4798,2343,6971,5303,2218"
17449,17449,"4798,8562,13346,6220,10326,12665,9942,8483,544,3950"
17472,17472,"5495,544,12665,13346,13296,1290,10326,5532,11298,8562"
17509,17509,"1290,11298,7120,9101,1244,11024,4576,544,2989,9295"
17522,17522,"9942,544,1290,10326,4798,8562,11298,7120,2989,12665"
17527,17527,"4798,2140,544,1290,10326,12857,9942,8562,11298,7120"
17535,17535,"1290,7120,11298,11024,2989,7679,1244,11918,12655,10389"
17540,17540,"5303,4798,2140,8562,3428,544,6220,1290,10326,9942"
17541,17541,"1290,11298,2989,1244,11024,9101,9730,544,4576,4664"
17551,17551,"10326,4798,5303,4277,6220,2218,217,2140,6971,8562"
17564,17564,"8562,10326,13346,4798,544,12857,8421,1290,9942,11298"
17565,17565,"10326,544,1290,4798,9942,8562,350,11298,7120,2989"
17581,17581,"10326,12857,3950,9942,8562,4798,2343,4277,544,1290"
17596,17596,"10326,6220,8562,3950,4798,12665,89,9404,13296,1290"
17601,17601,"3950,8562,9942,13346,4798,544,1290,10326,6220,11298"
17611,17611,"9942,6220,13346,10326,8562,275,13296,544,5545,12665"
17612,17612,"10326,8562,217,13296,4798,544,9942,1323,1290,6326"
17620,17620,"12665,8562,3950,8413,6220,13346,8188,544,1290,9942"
17627,17627,"2343,9693,13408,1290,9942,10326,544,6971,4798,5495"
17634,17634,"544,6220,1290,10326,9942,8562,7707,4798,11298,7120"
17649,17649,"8562,6220,4798,544,3950,4277,10326,6383,350,9942"
17654,17654,"2218,6220,12665,7707,544,1290,6971,10326,4798,9942"
17659,17659,"8562,4798,10326,544,1290,13346,9942,11298,7120,6971"
17666,17666,"1290,7120,6220,1244,11298,544,9693,2343,9101,4576"
17674,17674,"13346,4798,4277,544,5676,10326,1290,9942,8562,11298"
17684,17684,"10326,4798,544,11969,2218,3950,350,9942,1290,9693"
17708,17708,"10326,3950,5303,12665,8562,544,1290,275,2140,4798"
17709,17709,"6220,9942,10326,8562,217,12665,3428,544,1290,1328"
17741,17741,"4798,10326,6971,2218,13346,1290,544,6220,9942,8562"
17752,17752,"544,1290,10326,4798,9942,8562,11298,7120,2989,5495"
17765,17765,"2343,12665,9942,13346,544,3950,10326,89,8562,4798"
17770,17770,"1290,544,10326,4798,9942,8562,7120,11298,2989,6971"
17814,17814,"4798,2218,10326,544,6220,8562,6971,1290,13408,9942"
17818,17818,"9942,1244,1290,544,10326,4798,7120,8562,11298,5495"
17822,17822,"1290,7120,544,10326,4798,9942,11298,8562,2989,4929"
17826,17826,"10326,4798,8562,4277,12857,544,6220,8421,1290,2140"
17827,17827,"1290,11298,7120,2989,4576,9101,1244,12869,544,10389"
17840,17840,"10326,6220,4798,544,5495,2218,7707,13296,8562,1290"
17843,17843,"5495,2218,8413,9942,544,1290,10326,4798,6220,8562"
17864,17864,"544,4798,1290,3428,10326,9942,8562,2989,11298,5495"
17871,17871,"544,1290,8188,10326,8562,4798,9942,11298,7120,2989"
17881,17881,"544,12665,3950,2343,4277,10326,1290,11969,9693,4798"
17928,17928,"544,10326,4798,12665,3950,4277,8562,1290,5303,9942"
17931,17931,"544,10326,1290,4798,9942,8562,5495,11298,7120,2989"
17933,17933,"8413,5303,6220,544,1290,8562,10326,4798,9942,2989"
17953,17953,"544,6220,10326,5495,1290,4798,2218,5303,9942,12665"
17970,17970,"9942,3950,13346,12665,89,544,13306,1290,10326,8562"
17977,17977,"10326,8562,544,4277,4798,3950,5495,13346,6220,8681"
17982,17982,"1290,544,11298,7120,9101,9962,10326,12869,1244,9942"
17995,17995,"1290,7120,544,10326,4798,6971,8562,9942,6220,12665"
18002,18002,"10326,4798,6971,8562,717,12857,10594,544,1290,8421"
18006,18006,"544,1290,10326,4798,9942,8562,11298,7120,2989,12665"
18023,18023,"10326,1290,6971,5303,544,275,13346,7120,2218,1220"
18024,18024,"544,10326,1290,4798,9942,8562,11298,7120,2989,12665"
18047,18047,"6220,3428,3950,5545,9942,2343,544,13296,12665,1290"
18050,18050,"9942,6220,544,12665,2218,6971,10326,4798,5303,275"
18078,18078,"4798,10326,8562,544,6971,4277,5303,6220,13346,3950"
18086,18086,"1290,7120,4798,6971,9101,544,10326,11298,4929,2989"
18093,18093,"11298,1290,7120,2989,3464,544,12869,7669,9101,9942"
18115,18115,"10326,4798,4277,3950,350,12857,217,544,8421,2140"
18122,18122,"1290,544,10326,4798,9942,7120,8562,11298,2989,5495"
18124,18124,"4798,544,10326,6971,6220,5303,1290,2218,11969,2140"
18127,18127,"1290,7120,1244,11298,4929,544,10663,4664,9101,10326"
18133,18133,"8562,10326,3950,13346,6220,3428,217,12857,4277,4798"
18148,18148,"3950,2218,8562,544,1290,10326,4798,9942,5495,5303"
18155,18155,"9942,2343,9693,544,1290,10326,4798,8562,13346,11298"
18158,18158,"2989,11298,11024,4576,9101,12655,12995,8978,544,1290"
18166,18166,"10326,4798,544,8562,10568,1290,6220,9942,5303,9072"
18167,18167,"10326,4798,4277,6971,6433,5461,544,3950,12857,5495"
18169,18169,"13346,544,4798,1290,10326,8562,9942,11298,7120,3950"
18175,18175,"6220,9693,12665,8590,9942,544,4798,10326,1290,3950"
18178,18178,"3950,8562,6220,9942,13346,10326,4798,8413,544,5495"
18214,18214,"1290,7120,11298,544,4576,1244,9101,4929,9730,4664"
18217,18217,"8562,13346,6220,9942,3950,4798,10326,5495,2218,12665"
18226,18226,"1290,7120,11298,12869,4576,1244,11024,9101,2989,544"
18229,18229,"6971,5303,4798,2218,10326,2140,544,1290,9942,8562"
18236,18236,"544,4798,10326,1290,9942,8562,11298,7120,2989,12665"
18240,18240,"9942,3950,12665,5545,8562,3428,6220,13306,544,89"
18262,18262,"8562,6220,9942,544,10326,3950,13346,3428,2218,4798"
18266,18266,"1290,11298,544,2989,11024,12869,4576,1244,9101,9730"
18272,18272,"4798,8562,10326,13346,3950,6971,6220,217,5303,2218"
18292,18292,"8562,3950,13346,6220,10326,9942,4798,544,4277,12665"
18299,18299,"544,6220,9942,3428,10326,2218,8562,5303,275,3950"
18321,18321,"7707,544,1290,10326,4798,9942,8562,11298,7120,2989"
18338,18338,"10326,3950,6220,4277,544,5303,12665,4798,810,7707"
18339,18339,"4798,10326,4277,5303,544,10916,12857,8562,1290,6433"
18341,18341,"8562,13346,3950,544,4798,2140,1290,10326,9942,11298"
18355,18355,"1290,7120,11298,1244,4929,9101,9730,9295,10663,544"
18364,18364,"1290,7120,544,11298,6971,6220,4576,11024,2218,4798"
18368,18368,"8562,4798,12665,10326,4277,12857,217,6971,2218,544"
18393,18393,"4798,10326,6971,5303,1220,4277,1290,2343,13346,2140"
18409,18409,"4798,4277,12857,217,3950,13346,6433,10326,544,8562"
18434,18434,"10326,4798,3950,8562,5303,12857,544,217,6433,1290"
18440,18440,"8562,13346,9942,3950,5545,5495,4798,544,4277,10326"
18446,18446,"10326,12665,6220,2343,4277,4798,9693,3950,9942,6971"
18467,18467,"4798,9942,2343,544,8483,12665,11969,275,5495,8562"
18475,18475,"1290,6220,9942,2218,7120,544,8590,6971,2989,9295"
18487,18487,"4798,8562,10326,6220,5495,6971,5303,12857,1290,544"
18489,18489,"544,10326,4798,9693,1290,4277,2343,12869,9101,11969"
18499,18499,"544,1290,10326,4798,8205,9942,8562,11298,7120,2989"
18505,18505,"4798,10326,8562,6220,3950,12665,4277,13346,6971,9942"
18525,18525,"10326,4798,8562,544,6971,5303,4277,8421,1290,13346"
18530,18530,"5495,4798,12470,8562,10326,544,1290,9942,13346,11298"
18539,18539,"1290,7120,544,4798,10326,6220,8562,11298,2989,9942"
18546,18546,"10326,2343,9693,544,12665,13346,6220,4798,1290,8562"
18579,18579,"10326,13346,544,3950,4798,6220,9942,4277,8562,12665"
18585,18585,"2343,9693,13346,9532,544,3950,4798,1290,5532,10326"
18595,18595,"10326,544,6220,4277,3428,4798,5303,50,6433,8562"
18648,18648,"4798,2218,3950,6433,544,5303,1290,10326,9942,11000"
18679,18679,"8562,3950,2218,8413,9942,544,1290,10326,5545,12665"
18683,18683,"6220,8562,2343,10326,5461,3428,544,4798,1290,9693"
18687,18687,"1290,7120,11298,9101,4576,2989,4929,12869,9295,11024"
18718,18718,"8562,6220,12665,544,10326,6971,4798,9693,2343,13296"
18741,18741,"3950,13346,544,1290,10326,9942,4798,8562,5495,11298"
18760,18760,"1290,11298,7120,6971,544,4576,11024,6220,9101,12665"
18771,18771,"6220,3950,3428,4798,544,8483,8562,10326,1290,4277"
18787,18787,"10326,4798,4277,544,8562,5303,6971,2140,1290,9942"
18788,18788,"13346,6220,2218,4798,8483,12857,3950,9942,8562,8413"
18789,18789,"2343,13346,5676,10326,8562,12857,544,9693,1290,4798"
18798,18798,"9942,3950,12665,8562,6220,1323,7707,5495,4798,544"
18800,18800,"10326,12665,544,1290,4798,9942,8562,11298,7120,2989"
18805,18805,"3950,9942,544,13296,1290,4798,10326,8562,11298,7120"
18806,18806,"11298,7120,12869,9101,544,2989,9962,4664,10326,789"
18812,18812,"6220,8562,10326,6971,4798,9942,3950,12665,2218,89"
18818,18818,"6659,10326,8562,544,1290,4798,9942,11298,7120,8483"
18830,18830,"4798,13346,8562,10326,5303,3950,12857,6971,544,1290"
18835,18835,"1290,7120,1244,9101,6220,4798,12665,11024,9942,2343"
18839,18839,"5495,12470,6971,13346,544,10326,1290,4798,8562,9942"
18851,18851,"5676,544,1290,6220,4798,10326,9942,8562,8413,11298"
18854,18854,"10326,13346,4798,8562,5303,6971,3950,6220,12857,6433"
18864,18864,"10326,4798,544,13346,4277,3950,8562,6971,217,6220"
18865,18865,"6220,8562,7707,544,10326,1290,4798,9942,11298,7120"
18874,18874,"544,1290,11298,7120,12869,10326,9101,4576,2989,7679"
18875,18875,"4798,544,10326,2218,1290,13346,9942,10594,8562,3950"
18879,18879,"4576,7679,2989,11024,7669,544,13408,1290,10389,11554"
18882,18882,"1290,6220,11298,9730,544,9101,10326,7120,2989,12869"
18895,18895,"3950,6220,13346,2218,8413,9942,5495,544,1290,4798"
18903,18903,"4798,10326,13346,6220,5303,2218,8562,11969,6971,9942"
18913,18913,"4798,10326,2343,544,13346,9693,6971,8562,6433,4277"
18934,18934,"1290,7120,11298,1244,544,12869,6220,9101,6971,9295"
18935,18935,"1290,7120,6971,9942,6220,544,10326,8590,4798,7707"
18981,18981,"6220,12665,8562,6971,544,2218,8413,4798,13346,5545"
18985,18985,"10326,4798,1290,544,13346,6971,2343,9693,6220,8562"
18987,18987,"544,9295,11298,10326,4798,9942,8562,2989,9101,2916"
18990,18990,"10326,6220,544,8562,5303,6971,4277,4798,9942,10077"
18996,18996,"2218,4798,8562,10326,6971,5303,5545,544,1290,13346"
19010,19010,"10326,4798,4277,544,8562,13346,6433,217,10916,350"
19016,19016,"1290,7120,11298,12869,9101,4576,2989,3464,544,7669"
19018,19018,"8562,544,1290,10326,4798,9942,11298,7120,2989,12665"
19029,19029,"10326,8562,13346,12857,5303,4798,275,2140,544,1290"
19060,19060,"6220,3464,7679,89,9730,1290,544,10326,9942,2989"
19069,19069,"1290,7120,544,1244,11298,6971,4929,9101,5303,10326"
19084,19084,"4798,10326,8562,13346,4277,5303,12857,12665,6433,2140"
19086,19086,"1290,6971,7120,2343,6220,2989,11969,4664,9101,4576"
19105,19105,"1290,7120,9295,11298,4929,9101,2989,544,1244,3464"
19110,19110,"1290,1244,11298,7120,2989,9101,12869,544,4576,9962"
19135,19135,"544,10326,1290,4798,8562,9942,11298,7120,2989,12665"
19144,19144,"3950,6971,8562,3428,8413,10326,5303,1290,544,12857"
19154,19154,"4798,5495,9942,13249,544,1290,10326,8562,11298,7120"
19168,19168,"8562,4277,4798,10326,3950,6220,12857,6971,717,13346"
19173,19173,"1290,2218,7120,4929,6971,544,10326,4798,9942,8562"
19187,19187,"1290,7120,544,6220,10326,8562,4798,9942,11298,1244"
19216,19216,"3950,544,1290,10326,8562,4798,9942,11298,7120,2989"
19227,19227,"2343,544,1290,6795,10326,9942,4798,8562,9693,11298"
19231,19231,"3950,4798,12665,13346,9942,10326,8483,8562,2218,6220"
19234,19234,"1290,11298,1244,2989,7120,4576,11024,9730,9101,1779"
19255,19255,"4798,10326,2343,6220,6971,3950,544,5303,9942,9693"
19258,19258,"5495,12665,6220,544,3950,1290,4798,10326,2218,8562"
19266,19266,"1290,7120,6971,4929,544,4798,4277,10326,9942,3950"
19296,19296,"4798,13346,3950,8562,4277,10326,544,6795,1290,64"
19297,19297,"8562,2218,544,1290,10326,4798,9942,6659,11298,7120"
19308,19308,"3950,13346,544,1290,10326,4798,9942,8562,11298,7120"
19323,19323,"10326,544,1290,8562,4798,9942,11298,7120,2989,12665"
19346,19346,"10326,4798,6220,6971,8562,5303,544,4277,1290,2343"
19347,19347,"7120,12665,3950,10326,4929,11298,6220,4576,4798,9101"
19360,19360,"1290,7120,544,9295,10326,11298,4798,9942,2343,8562"
19364,19364,"3464,7669,544,1290,10326,11298,4798,9942,8562,11024"
19378,19378,"3950,8562,13346,12857,4798,544,3428,10326,1290,12665"
19379,19379,"4798,2218,8562,13408,13346,9942,5303,6971,5495,4277"
19380,19380,"10326,2343,4798,12857,544,5303,8562,4277,13249,9693"
19381,19381,"10326,4798,8562,4277,12857,544,8421,2140,1290,13249"
19384,19384,"8562,10326,10568,4798,13346,544,6971,5303,1290,8421"
19385,19385,"13346,4798,6220,8562,2218,9942,10326,8413,5545,544"
19388,19388,"1290,7120,11298,1244,544,12869,2989,9101,4929,6220"
19406,19406,"10326,8562,4798,13346,6220,5303,6971,12857,5495,4277"
19408,19408,"5495,544,4798,1290,9942,10326,5303,8562,5199,5461"
19415,19415,"1290,544,7120,11298,11024,8978,4576,9295,4664,6971"
19417,19417,"12665,13346,6220,6971,10326,3950,8562,4798,12857,64"
19434,19434,"2343,9693,64,11298,12665,544,1290,10326,12869,4798"
19441,19441,"8562,3950,10326,4798,4277,12857,13346,5303,3428,544"
19461,19461,"1290,7120,9730,4929,1244,11298,544,10663,10326,4576"
19474,19474,"3950,9942,12665,6220,89,8562,4798,13346,2218,544"
19477,19477,"4798,1290,544,10326,9942,7120,8562,11298,2989,12665"
19484,19484,"11298,2989,9101,8978,11024,1244,4576,544,10389,12869"
19502,19502,"544,5495,5303,5676,7707,4277,10326,1290,9942,4798"
19503,19503,"10326,6220,6971,1290,5495,8590,5303,544,12470,4798"
19512,19512,"13346,10326,50,3428,544,4277,9942,1290,12665,4798"
19515,19515,"544,1290,9942,10326,4798,9693,8562,6220,11298,7120"
19518,19518,"1290,7120,11298,2989,9101,4929,544,6220,4576,12869"
19530,19530,"8562,6220,10326,4798,6971,13346,5495,12470,544,12857"
19559,19559,"1290,7120,12665,11298,2989,1244,9101,6971,12869,4576"
19576,19576,"544,4798,10326,1290,8562,9942,11298,13346,12665,7120"
19586,19586,"2343,9942,5495,9693,544,1290,13296,10326,8562,4798"
19594,19594,"1290,8562,7120,12665,10326,544,4798,2989,9942,89"
19605,19605,"544,1290,9942,10326,4798,8562,11298,7120,12665,5676"
19618,19618,"3950,6971,9404,8562,6220,10326,5303,544,4798,1290"
19620,19620,"4798,8562,6220,6971,5303,2140,10326,544,3950,1290"
19623,19623,"4277,10326,544,350,9942,1290,3428,4798,3950,8562"
19628,19628,"10326,4798,6220,3950,4277,13346,6971,8562,544,217"
19631,19631,"7120,1244,9101,11298,4929,544,12655,9730,11024,10663"
19642,19642,"13346,12665,2343,9942,5676,544,9693,10326,5495,5461"
19644,19644,"2218,10326,544,1290,4798,9942,8562,11298,7120,2989"
19648,19648,"1290,7679,544,11298,7669,4798,7707,10326,7120,9942"
19665,19665,"10326,8562,9942,544,4798,1290,6433,11298,5495,7120"
19683,19683,"1290,11298,544,1244,2989,4576,11024,3464,9101,7679"
19684,19684,"10326,4798,544,1290,9942,8562,11298,7120,217,2989"
19693,19693,"10326,2343,4277,544,4798,217,1290,9942,8562,11298"
19696,19696,"10326,4798,6971,9942,9404,275,544,6433,3950,2140"
19707,19707,"4798,5303,6971,10326,12857,8562,275,4277,2140,8590"
19715,19715,"2343,3428,6220,4798,9693,9942,5303,64,13346,5545"
19716,19716,"1290,7120,4929,11298,1244,544,9101,10326,4798,9942"
19729,19729,"1290,7120,10326,4798,6220,6971,12665,8562,544,9942"
19734,19734,"10326,13346,3950,544,4798,2218,1323,5495,1290,2140"
19758,19758,"544,1290,10326,4798,9942,2218,8562,11298,7120,2989"
19764,19764,"8562,10326,4798,6971,13346,2343,5303,2218,6220,544"
19773,19773,"1290,11298,544,6971,1244,4576,11024,9101,4664,9730"
19778,19778,"9942,6220,5495,3950,10326,5461,4798,7707,544,13346"
19780,19780,"8562,2218,6220,3428,3950,13346,5495,9942,544,13306"
19784,19784,"10326,4798,8562,13346,544,4277,6433,1290,350,6383"
19786,19786,"4798,13346,3950,8562,6220,13249,544,9942,717,3428"
19793,19793,"10326,6220,4798,4277,2218,6971,13346,544,275,12665"
19798,19798,"13346,4798,10326,3950,9942,4277,8562,6220,2218,217"
19808,19808,"8562,3950,13346,4798,12665,10326,8413,544,1290,9942"
19812,19812,"1290,7120,12869,2989,1244,11024,4576,4664,544,10389"
19821,19821,"10326,8562,4798,13346,544,3950,1290,9942,7707,6433"
19830,19830,"1244,12869,9730,1290,11298,9101,544,7120,10326,9962"
19843,19843,"1290,7120,544,12869,2989,7669,1244,9101,11298,12655"
19867,19867,"6220,1290,10326,11024,2343,1220,9101,9693,7120,2218"
19889,19889,"8562,9942,3950,6220,8590,13346,544,10326,1290,4798"
19893,19893,"10326,544,6220,2218,8562,4798,9942,13296,5545,3950"
19898,19898,"1290,7120,11298,12869,1244,4929,11024,544,9101,9295"
19902,19902,"8562,10326,544,4798,1290,2140,9942,11298,7120,2989"
19905,19905,"10326,4798,8562,2218,8590,12857,4277,5303,2140,275"
19910,19910,"3950,10326,8562,6220,4798,4277,544,13346,8421,217"
19929,19929,"8562,6220,4798,10326,217,4277,13346,5495,5303,544"
19932,19932,"1290,11298,7120,2989,1244,12869,4576,10389,1779,7679"
19952,19952,"8562,13346,10326,4798,3950,6220,2218,5495,544,3565"
19956,19956,"4798,8562,10326,544,9942,1290,11298,7120,2989,12665"
19987,19987,"8562,13346,10326,6220,4798,544,8421,1290,9942,3950"
20008,20008,"544,4798,1290,9942,6220,9101,7120,6971,11969,4277"
20018,20018,"12665,8562,9942,6220,4798,3950,10326,2218,8413,13346"
20019,20019,"1290,9942,7120,5303,544,4277,11298,6971,6220,12869"
20020,20020,"1290,7120,4929,544,10663,10326,4798,11298,9942,8562"
20023,20023,"8562,13346,5303,4798,64,544,1290,10326,12857,9942"
20031,20031,"6220,2218,8562,8188,544,10326,4798,13296,2343,5545"
20039,20039,"6220,8562,544,2343,13346,3950,8413,9942,5545,12665"
20040,20040,"4798,6220,13346,10326,5461,5495,8562,8483,544,9942"
20041,20041,"13346,12470,5676,8188,13408,2989,544,1323,6971,7707"
20045,20045,"13346,10326,4798,8562,3950,12665,13249,12857,6971,544"
20056,20056,"1290,6220,2343,10326,11298,6971,9101,7120,12665,544"
20069,20069,"10326,4798,2218,3950,5303,6220,9404,544,2343,8590"
20074,20074,"9942,8562,6220,6659,3428,5545,544,10326,1290,5184"
20083,20083,"4798,10326,6220,8562,9942,3428,544,3950,12665,13346"
20085,20085,"11298,9730,11024,1290,7679,7120,12869,4664,544,11918"
20086,20086,"3950,6220,544,8562,8413,1290,10326,4798,9942,11298"
20089,20089,"8562,6220,12665,3950,4798,6971,13346,2218,3428,12857"
20101,20101,"6220,2218,13346,89,275,10326,9942,12665,3950,4798"
20104,20104,"544,1290,10326,4798,9942,8562,11298,7120,2989,6659"
20112,20112,"8562,4798,6220,544,12665,4277,3950,9942,7707,6326"
20115,20115,"8562,3950,6220,10326,4798,544,1290,8413,9942,12665"
20133,20133,"1290,7120,11298,9730,12869,544,10326,4798,789,4664"
20136,20136,"4798,2343,10326,9693,217,4277,13346,1220,544,1290"
20138,20138,"11298,1290,544,7120,1244,11024,10326,4798,9942,9962"
20162,20162,"10326,4798,13346,3950,5303,8562,6971,6220,2140,544"
20176,20176,"4798,6971,1290,10326,2218,8562,275,544,8590,6220"
20200,20200,"10326,9942,4798,8562,6220,217,544,2140,5303,2218"
20222,20222,"544,1290,4798,10326,9942,8562,5495,11298,7120,2989"
20251,20251,"1290,10326,7120,6971,6220,4798,5303,8590,9101,4277"
20256,20256,"12470,5303,8562,13408,544,10326,1290,4798,10594,13346"
20264,20264,"10326,4798,4277,6220,11969,6433,8562,12857,9942,350"
20280,20280,"10326,4798,8562,13249,544,4277,50,3950,350,13346"
20286,20286,"2989,544,1290,7707,8188,11298,10326,4798,9942,6220"
20323,20323,"1290,7120,11298,4929,544,10663,9295,9101,10326,9962"
20324,20324,"1290,7120,4929,544,6971,9101,11298,2343,10326,4798"
20336,20336,"1290,544,11298,7120,9693,6220,9101,4576,1244,2989"
20339,20339,"8562,6220,9942,3950,12665,10326,3428,13346,4798,544"
20344,20344,"1290,6971,10326,7120,544,5495,4798,9942,8562,11298"
20356,20356,"10326,8562,9942,6220,3950,4798,13346,12665,544,3428"
20360,20360,"1290,7120,2343,544,4929,10326,4798,9942,8562,6971"
20362,20362,"2343,9693,5303,10326,5532,544,4798,1290,9942,8562"
20376,20376,"10326,12857,3950,4277,10077,8562,544,8483,2140,4798"
20381,20381,"4798,8562,2218,13408,5676,1290,6971,10326,544,5303"
20394,20394,"544,7120,11298,9942,1244,6971,4576,4798,4929,9730"
20397,20397,"8562,544,10326,1355,1779,5495,1290,1323,9942,4798"
20407,20407,"6220,3950,6659,544,10326,13249,8562,3428,9942,2218"
20413,20413,"1290,7120,11298,2989,544,1244,9101,10389,11024,10326"
20433,20433,"1290,7120,1244,11298,9101,544,4929,10326,2989,9730"
20448,20448,"544,810,1290,10326,4798,9942,7792,8562,11298,2989"
20492,20492,"12665,10326,5545,8562,544,1290,13346,4798,9942,89"
20505,20505,"1290,7120,11298,1244,9101,2989,4576,544,12869,4929"
20512,20512,"8562,10326,3950,4798,12857,9942,6220,6433,544,1290"
20514,20514,"544,1290,10326,4798,9942,8562,11298,7120,2989,12665"
20533,20533,"3950,4277,350,12857,5303,4798,544,217,1290,275"
20543,20543,"1290,4798,7120,2989,1244,6220,13296,544,10326,8421"
20546,20546,"4798,217,4277,717,10326,544,13346,1290,11969,8562"
20557,20557,"10326,4798,8562,544,3950,13346,4277,2218,3428,5676"
20558,20558,"10326,4798,544,1290,8562,9942,4277,9602,11298,7120"
20561,20561,"9942,10326,6220,4798,2218,8562,3950,5303,13346,5545"
20566,20566,"1290,7120,9942,11298,1244,4576,9101,544,10389,9693"
20573,20573,"11298,1290,544,10326,4798,9942,8562,7120,2989,12665"
20623,20623,"1290,7120,544,4798,10326,4929,8590,9942,8562,11298"
20627,20627,"10326,1290,8562,544,4798,7120,4277,6220,11298,6971"
20643,20643,"4798,6971,10326,2140,5303,544,1290,8562,9942,13346"
20645,20645,"1290,7120,11298,1244,544,12869,10326,9942,4576,9101"
20652,20652,"8562,4798,3950,13346,10326,717,4277,544,12857,2140"
20654,20654,"10326,4798,4277,3950,8562,6220,13346,12857,544,717"
20667,20667,"6971,89,1290,544,10326,4798,2343,9942,8562,11298"
20670,20670,"9942,275,544,1290,10326,4798,8562,11298,7120,3950"
20671,20671,"10326,4798,3950,2218,6971,544,9942,8562,6220,13249"
20676,20676,"13346,12665,9942,4798,3950,2140,5676,8562,2343,544"
20694,20694,"1290,544,8562,7120,4277,5303,11298,6971,10326,12655"
20709,20709,"10326,4798,8562,5495,12470,6971,5303,2218,13346,544"
20716,20716,"4798,8562,6971,10326,2218,5495,544,1290,12665,13346"
20739,20739,"5303,12470,13296,544,217,1290,64,10326,1323,4798"
20763,20763,"544,10326,2343,6220,9693,4798,13346,5303,9942,2140"
20779,20779,"1290,7120,11298,4576,1244,9101,6971,11024,544,2989"
20781,20781,"9942,3950,6971,12665,6220,3428,5545,4798,544,7707"
20790,20790,"1290,7120,6971,9295,544,2989,10326,9101,4798,9962"
20792,20792,"10326,4798,8562,12857,8421,717,544,1290,3950,217"
20797,20797,"6220,9942,3950,4798,3428,5303,5495,10326,8562,2218"
20811,20811,"6220,9942,3950,13346,4798,2218,544,5303,8562,1290"
20821,20821,"1290,7120,11298,9730,12869,1244,9101,11024,4929,544"
20830,20830,"10326,8562,544,1328,1290,3950,4798,217,9942,4277"
20861,20861,"10326,6220,2343,6971,9693,4798,13346,544,1220,9942"
20878,20878,"1290,7120,11298,9101,2989,6220,9942,12869,4576,1244"
20891,20891,"8562,544,1290,10326,4798,9942,11298,7120,2989,12665"
20895,20895,"8562,13346,4798,6220,9942,3950,10326,5495,2218,544"
20901,20901,"10326,6220,4798,13346,4277,544,2343,8562,6971,89"
20908,20908,"10326,4798,8562,2343,9942,6220,5303,13346,4277,9693"
20928,20928,"1290,7120,4929,544,6971,10326,4798,9942,11298,8562"
20945,20945,"6220,8562,9942,12665,6971,5303,8483,8188,13296,3950"
20971,20971,"4798,10326,8562,13346,4277,3950,12857,217,13249,544"
20979,20979,"4798,10326,8562,13346,12665,6971,2218,4277,3950,9942"
20982,20982,"10326,5303,13346,4798,217,544,1290,350,8421,717"
20991,20991,"8562,10326,12665,13346,3950,1290,6220,544,2140,12857"
20998,20998,"9942,5495,3950,13346,9404,12470,12665,10326,8562,544"
21006,21006,"3950,6220,4798,544,10326,1290,8562,9942,12665,13346"
21018,21018,"6971,4798,544,1290,10326,8562,9942,11298,7120,2989"
21028,21028,"8562,5676,544,5545,8188,1290,10326,4798,9942,2989"
21041,21041,"8562,5495,3950,12857,12470,6220,13346,3428,4798,10326"
21042,21042,"10326,544,1290,9942,4798,8562,2343,5461,5199,5532"
21064,21064,"1290,7120,11298,544,9101,4929,12869,10326,9942,2989"
21075,21075,"2343,544,12665,6971,2218,1290,10326,9693,5303,5532"
21078,21078,"8562,10326,3950,9942,13346,12665,4798,2218,3428,544"
21081,21081,"5495,12470,6971,5303,10326,12665,8590,1290,544,2343"
21084,21084,"8562,6220,3950,6971,12665,10326,4798,2140,7707,544"
21089,21089,"10326,4798,4277,350,217,10594,8562,8421,544,13346"
21112,21112,"1290,7120,2989,9101,1244,4576,4929,544,11024,9295"
21126,21126,"8562,13346,544,1290,10326,4798,9942,11298,7120,12665"
21129,21129,"1290,7120,6971,11298,6220,1244,4929,8590,9295,2218"
21130,21130,"2343,9693,13346,10326,3950,544,6220,8562,9942,12665"
21137,21137,"3950,6220,2218,8562,5495,10326,544,4798,2140,1290"
21149,21149,"5495,8562,12470,13346,4798,2218,9942,6220,10326,544"
21152,21152,"10326,4798,8562,13346,6220,6971,5303,2218,9942,544"
21177,21177,"3950,13249,544,10326,8562,1290,9942,4798,10916,11298"
21191,21191,"7120,6971,4929,4798,544,10663,10326,9942,8562,11298"
21200,21200,"10326,9942,3950,3428,2218,6220,13306,4798,8562,1328"
21204,21204,"10326,4798,8562,4277,12857,544,13346,3950,1290,6433"
21221,21221,"5495,1290,6971,12470,2218,5303,9942,8562,10326,544"
21228,21228,"1290,7120,11298,9942,12665,544,6971,2218,2989,6220"
21249,21249,"10326,544,4798,13346,5495,1290,8562,2343,9942,9072"
21256,21256,"3950,4798,9942,544,13346,1290,10326,8562,5545,11298"
21261,21261,"13346,3950,8562,9942,10326,8413,8483,544,1290,4798"
21279,21279,"10326,544,6220,4798,9942,13408,11969,5495,1290,2343"
21282,21282,"1290,7120,11298,12869,9101,11024,9730,544,9295,1244"
21305,21305,"10326,4277,4798,8562,717,544,5303,3950,350,1290"
21307,21307,"544,1290,10326,4798,9942,8562,13110,11298,5495,3428"
21315,21315,"9942,810,544,1290,3428,10326,13346,5642,4798,8562"
21342,21342,"7120,544,2989,9101,11298,9693,10326,4798,2343,4576"
21347,21347,"10326,6220,8562,13346,4798,3950,4277,5303,5495,544"
21357,21357,"1290,6220,8562,7120,544,1244,11298,10326,4798,9942"
21358,21358,"5495,10326,12665,544,6971,4798,9942,1290,5532,8562"
21368,21368,"1290,544,10326,7120,4798,9942,11298,9962,8562,2989"
21372,21372,"1290,11298,2989,7120,1244,4576,9730,9101,11024,544"
21373,21373,"9942,4277,13408,6220,3950,5303,2343,2218,5495,9693"
21383,21383,"7120,11298,2343,9101,2989,4929,9730,9693,1244,89"
21393,21393,"9942,6220,8562,13346,3950,12665,10326,5676,2218,3428"
21415,21415,"1290,7120,6971,4929,544,9295,11298,10326,4798,9942"
21421,21421,"1290,8562,9730,11298,2989,9101,6220,1244,4929,9942"
21433,21433,"4798,10326,3950,12857,5303,275,9942,2140,12665,544"
21449,21449,"544,4277,13346,4798,10326,5303,2343,6971,6433,5676"
21483,21483,"10326,8562,4798,13346,9942,3950,6220,4277,5303,12857"
21488,21488,"3950,8562,4798,13346,10326,12857,544,6220,1290,5303"
21518,21518,"1244,2989,3428,544,8978,11298,9101,5461,7679,11024"
21528,21528,"8562,12470,6220,9942,13346,2218,12665,6971,544,4798"
21536,21536,"1290,7120,11298,1244,9730,4576,9101,4929,544,2989"
21585,21585,"9942,8562,6220,4798,10326,3428,2218,544,5545,7707"
21598,21598,"1290,11298,9101,13408,2989,2343,6971,7120,9730,11024"
21602,21602,"8562,5303,3950,13346,12665,544,1290,10326,4798,9942"
21604,21604,"4798,544,1290,10326,9942,13346,8562,11298,7120,12665"
21626,21626,"12665,5495,6220,544,1290,10326,4798,9942,8562,11298"
21636,21636,"9942,2343,3950,9693,544,1290,10326,4798,12665,8562"
21649,21649,"7120,4929,544,10663,10326,4798,9942,8562,11298,2989"
21650,21650,"544,1290,10326,4798,9942,8562,11298,7120,2989,12665"
21655,21655,"1290,7120,11298,2989,9101,11024,4576,12869,4664,544"
21662,21662,"11298,1290,12869,11024,1244,7120,4576,544,10389,9295"
21681,21681,"1290,7120,11298,1244,12869,9101,544,2989,4929,4576"
21686,21686,"10326,544,2140,4798,1290,9942,2411,8562,11298,7120"
21699,21699,"12665,8562,3950,5303,8413,9942,13346,4798,2218,544"
21702,21702,"1290,7120,11298,1244,6971,9101,544,11024,2218,4929"
21709,21709,"4798,10326,8562,3950,12665,13346,2218,544,1290,9942"
21718,21718,"4798,10326,3950,13346,8562,4277,5303,12857,6220,217"
21719,21719,"10326,4798,4277,544,8562,13346,5303,6971,350,1290"
21724,21724,"8562,3950,4798,3428,9942,13346,13306,6220,544,5495"
21741,21741,"544,2989,11298,4576,1290,9101,7679,7120,11024,10389"
21746,21746,"1290,11298,10326,9101,7120,544,11969,1244,12869,11024"
21751,21751,"9942,544,1290,10326,4798,8562,12665,11298,5495,7120"
21754,21754,"4798,10326,4277,8562,13346,12857,6433,13249,217,717"
21768,21768,"3950,4798,12665,6220,10326,6971,13346,544,9942,1290"
21775,21775,"544,2343,1290,10326,4798,9532,9942,5495,8562,11298"
21781,21781,"11298,9730,2989,11024,8978,4576,1290,12995,7679,1244"
21789,21789,"7120,1244,11298,9101,4576,6971,2989,544,4929,11024"
21795,21795,"4798,3950,6971,8562,544,1290,10326,9942,6220,12665"
21812,21812,"8562,3950,12665,8413,9942,544,13346,1290,10326,4798"
21814,21814,"10326,4798,6971,5303,2218,13346,12857,8562,217,3950"
21820,21820,"10326,3950,12665,4798,8562,13346,9942,544,6220,6326"
21827,21827,"10326,9942,4798,6220,1290,2218,12665,4277,6971,3950"
21838,21838,"8562,10326,544,6220,1355,13346,1290,4798,9942,11298"
21855,21855,"2343,9693,9942,11969,544,1290,6795,10326,4798,64"
21881,21881,"12665,9942,275,10326,8562,13346,64,12857,544,5303"
21884,21884,"10326,9942,13346,4798,8562,12665,6220,8483,3428,544"
21889,21889,"1290,7120,544,10326,4798,6971,4929,1244,6220,11298"
21896,21896,"10326,13346,4798,544,4277,5303,6220,8562,6433,275"
21902,21902,"4798,13346,3950,10326,12857,4277,6433,8562,10916,8421"
21916,21916,"10326,4798,4277,6971,5303,544,8562,6383,1328,1290"
21927,21927,"11298,1290,7120,544,11024,10326,9962,4798,9942,8562"
21938,21938,"10326,4798,4277,12857,13346,1290,217,6433,13249,717"
21948,21948,"13346,4277,12857,544,1290,10326,4798,9942,8562,810"
21952,21952,"1290,7120,4929,9295,544,11298,9942,2218,10326,4798"
21954,21954,"2343,5303,8562,13346,4798,2218,544,6795,10326,9693"
21955,21955,"6220,9942,3950,11969,5303,6971,8562,217,275,10326"
21978,21978,"6220,544,1290,8188,10326,9942,4798,11298,7120,2989"
21983,21983,"1290,10326,7120,11298,9101,2343,6220,4798,2989,4576"
22004,22004,"1290,10326,7120,544,4798,2343,6971,5303,8590,11969"
22007,22007,"1290,7120,11298,12869,9730,3464,7679,11024,2989,544"
22014,22014,"9942,6220,2218,3950,3428,89,544,1290,10326,4798"
22020,22020,"12665,6220,13346,8562,12857,10326,3950,6433,4798,544"
22052,22052,"4798,13346,10326,4277,544,8421,12857,1290,8562,5495"
22056,22056,"13346,5495,8562,9942,12665,2218,10326,1323,544,3950"
22064,22064,"4798,13249,8562,10326,544,1290,2343,9942,11298,7707"
22072,22072,"10326,544,6220,4798,4277,2343,5303,9942,3950,2218"
22074,22074,"8562,4798,13346,4277,12857,10326,12665,544,8421,3950"
22102,22102,"6220,13346,12665,3428,5676,9942,5545,3950,544,1889"
22110,22110,"4798,8562,6220,10326,13346,3950,3428,9942,5303,12857"
22111,22111,"544,10326,4798,9942,5303,6220,4277,2343,12857,8483"
22119,22119,"9942,5495,6971,1290,13296,4798,10326,544,8562,6220"
22125,22125,"3950,544,1290,10326,4798,8562,9942,13346,8413,11298"
22150,22150,"544,6971,4798,10326,5495,8562,5303,1290,12665,9942"
22151,22151,"1290,7120,544,10326,6971,4798,1244,4929,11298,4277"
22154,22154,"1290,7120,544,11298,4929,10326,4798,1244,9942,9101"
22213,22213,"9942,3950,5545,6659,544,89,1290,10326,2218,4798"
22256,22256,"1290,544,2343,7120,11298,9101,6220,4576,7679,12665"
22258,22258,"10326,4798,8562,5303,544,3950,217,13346,1290,8421"
22265,22265,"8562,12665,10326,3950,4798,5495,6220,8413,9942,6971"
22279,22279,"13346,2343,6220,3950,2218,89,9942,6971,544,10326"
22280,22280,"544,10326,9942,5303,12665,10568,8562,1220,4798,1290"
22283,22283,"2343,9693,544,1290,10326,4798,9942,8562,11298,7120"
22286,22286,"6220,3950,9942,3428,5545,8413,8681,13346,544,10326"
22288,22288,"2343,10326,13346,4798,544,8562,9693,5495,1290,9942"
22321,22321,"1290,11298,7120,2989,4576,11024,9730,9101,12869,1244"
22336,22336,"4798,10326,12665,8562,6220,13346,3950,5303,4277,12857"
22344,22344,"4798,3950,13346,8562,544,1290,10326,9942,11298,7120"
22353,22353,"544,1290,10326,4798,9942,12665,8562,11298,7120,2989"
22356,22356,"4929,544,11298,10326,4798,6971,9942,1244,8562,9101"
22387,22387,"4798,10326,8562,5303,13346,544,6971,9942,4277,6433"
22427,22427,"6971,8562,1290,544,10326,4798,9942,11298,7120,3950"
22428,22428,"1290,7120,2343,9942,11298,9693,9101,544,2989,9295"
22449,22449,"11298,11024,4576,9101,12665,1290,7679,12655,2989,12869"
22452,22452,"544,6220,9942,13296,1290,5495,11298,10326,8562,4798"
22460,22460,"544,1290,10326,11298,7669,4798,9942,7679,8562,12869"
22467,22467,"1290,7120,4798,6971,10326,544,4929,1244,11298,12857"
22480,22480,"544,1290,7120,1244,11298,9101,10326,11969,10389,4798"
22481,22481,"4798,13346,10326,275,5303,6971,9942,12665,13408,5495"
22484,22484,"4798,3950,12665,12857,2218,544,9942,8562,1290,10326"
22489,22489,"2343,9693,9942,544,1290,10326,5532,4798,9532,8562"
22502,22502,"1290,7120,1244,4576,9101,7679,4664,11298,10389,544"
22510,22510,"1290,11298,9101,544,7120,12869,4576,2989,11024,9730"
22511,22511,"1290,6220,9942,7120,544,10326,8562,4798,11298,9101"
22514,22514,"2343,9693,1290,8562,4798,544,5303,6220,3950,10326"
22520,22520,"1290,7120,544,10326,4798,9942,8562,11298,2989,12665"
22546,22546,"6971,8562,544,4798,1290,10326,5495,9942,12665,11298"
22551,22551,"8562,12665,3950,6220,9942,2218,13346,8413,544,1290"
22582,22582,"11298,7120,1290,9730,3464,11024,12869,7679,544,2989"
22595,22595,"9942,544,6220,2343,13346,2218,3428,12665,5545,9693"
22597,22597,"4798,13346,8562,10326,13249,12857,544,1290,9942,12665"
22605,22605,"3428,3950,544,1290,10326,4798,8562,9942,6220,11298"
22618,22618,"544,4798,1290,7120,2343,9942,10326,9101,12869,11969"
22641,22641,"544,4798,10326,4277,717,10077,11969,350,8421,1290"
22645,22645,"10326,8562,4277,350,544,4798,217,1290,9942,717"
22660,22660,"4798,10326,3950,13346,8562,6220,4277,8483,5303,544"
22666,22666,"8562,3950,13346,10326,544,4798,1290,9942,11298,12665"
22674,22674,"7120,11298,4576,4929,9101,1244,544,10389,9730,10326"
22678,22678,"1290,7120,544,11298,2343,9101,4576,10326,2989,4798"
22697,22697,"1290,11298,544,7120,10326,4798,9942,8562,2343,2989"
22698,22698,"3950,2218,9942,10326,13346,6220,8562,544,1290,6971"
22705,22705,"1290,10326,6971,8562,7120,6220,544,5303,8590,4798"
22710,22710,"8562,5495,5676,2343,13346,544,4798,6971,10326,1290"
22714,22714,"3950,2218,8562,13306,544,4798,1290,10326,9942,13346"
22715,22715,"2218,10326,4798,6220,544,8483,810,1290,8562,1220"
22720,22720,"544,10326,4798,13346,5495,217,4277,3950,9942,5303"
22734,22734,"8562,5303,2218,1290,6971,544,10326,13346,8590,9942"
22735,22735,"3950,6971,2218,4277,10326,12857,4798,8562,13346,9942"
22736,22736,"8562,4798,6971,10326,6220,13346,5303,8590,4277,2140"
22747,22747,"8562,544,2343,10326,4798,12665,9693,4277,9942,2989"
22748,22748,"10326,4798,1290,6971,2140,544,7120,8562,9942,11298"
22759,22759,"2343,12665,9693,6220,2218,13346,3950,5303,4798,544"
22761,22761,"4798,10326,13346,2218,544,8562,1290,3950,9942,12665"
22774,22774,"10326,5495,4798,6971,13346,6220,8562,9942,1290,8590"
22783,22783,"8562,6659,9942,6220,7707,10326,13296,3950,8413,544"
22830,22830,"5495,9693,13346,12470,544,4798,6220,8562,1220,5461"
22831,22831,"7120,11298,4929,1244,2989,10663,4576,544,10326,9730"
22846,22846,"544,10326,6220,8562,4798,13346,3950,6971,5303,2343"
22850,22850,"1290,6971,544,7120,10326,9942,4798,11298,8562,9962"
22883,22883,"5495,2218,8562,12665,544,1290,10326,9942,4798,11298"
22887,22887,"4798,10326,6220,13346,544,9693,3950,2218,4277,217"
22893,22893,"3950,2218,6220,9942,4798,8562,12665,3428,13296,5303"
22905,22905,"13346,4798,6220,6433,2343,3950,544,1290,8562,10326"
22923,22923,"10326,4798,13346,6220,2218,8562,3950,4277,5303,12665"
22956,22956,"10326,3950,8562,4277,13346,4798,717,544,12665,1290"
22964,22964,"6220,544,4798,10326,1290,8562,9942,2989,2343,11298"
22972,22972,"11298,1244,1290,12869,7120,7679,9101,11024,544,4576"
22985,22985,"4798,6971,8562,10326,544,1290,6220,9942,5495,2343"
23011,23011,"10326,4798,544,4277,8562,2343,9693,350,217,12857"
23027,23027,"11298,11024,9101,7679,544,4576,1290,10389,6220,4664"
23036,23036,"6220,9942,8562,3950,6971,5495,10326,2218,3428,89"
23038,23038,"8562,5495,6220,9942,13346,12665,12470,10326,13408,13296"
23046,23046,"10326,1290,4798,11298,7120,2343,1244,9101,2218,12665"
23051,23051,"4277,12857,3950,6220,4798,544,8562,1290,10326,9942"
23057,23057,"544,1290,10326,4798,9942,8562,11298,7120,2989,12665"
23062,23062,"11298,7679,12869,1290,544,1244,7669,9101,11024,7120"
23069,23069,"8562,13346,6220,6971,12665,4798,5303,5495,12857,275"
23078,23078,"6220,8562,2218,9942,6971,5303,1290,544,8590,89"
23113,23113,"6220,4798,9942,2218,5676,5303,5495,544,12470,1290"
23121,23121,"1290,7120,544,9101,10326,4798,9942,11298,8562,2989"
23123,23123,"4798,8562,4277,10326,3950,9942,5303,12665,12869,544"
23136,23136,"8562,13346,4798,5303,2140,544,1290,5495,9942,10326"
23138,23138,"4798,3950,12665,8562,13346,10326,4277,6220,12857,3428"
23140,23140,"10326,4798,1290,6971,2218,6220,12665,5303,544,8562"
23170,23170,"4798,10326,3950,13346,4277,6220,217,5303,12857,544"
23173,23173,"1290,7120,11298,1244,2343,544,9730,3464,4576,7679"
23179,23179,"544,6220,10326,4277,11969,2343,5303,13346,810,3950"
23196,23196,"8562,13346,3950,4798,6220,9942,10326,4277,5303,544"
23199,23199,"6220,2218,3950,9942,544,1290,10326,4798,8562,11298"
23216,23216,"10326,6971,4798,13346,544,1290,8562,9942,11298,7120"
23226,23226,"13346,544,1290,10326,5495,4798,8562,9942,11298,7120"
23233,23233,"10326,2218,8562,6220,4798,5303,544,8590,1290,717"
23253,23253,"6220,4798,10326,2343,6971,3950,13346,9693,1220,9942"
23281,23281,"1290,7120,544,11298,6971,4929,12869,10326,4798,9942"
