ID,user_id,item_id
12,12,"7833,1776,4277,331,2140,8421,5091,10326,10138,6433"
14,14,"589,9668,7637,9689,10918,9564,2847,2020,10241,1429"
17,17,"7480,1221,9759,4072,2924,1328,1261,8673,12210,11461"
21,21,"8421,10326,2140,4798,9072,851,12990,4322,4101,621"
44,44,"5135,789,1290,1851,10607,9962,11775,4036,4664,83"
55,55,"2218,13310,9799,8607,9365,8188,4615,4946,5482,4042"
56,56,"8235,7024,6971,12662,796,5339,11886,3909,8922,6509"
58,58,"10326,6971,9580,8421,2140,331,8922,275,13296,6515"
59,59,"4798,8421,10100,7707,560,811,3992,10326,5516,5642"
79,79,"5999,6220,11357,9799,3018,4924,6971,2822,2571,4117"
81,81,"1290,4929,2916,7120,2989,12869,10674,9295,11298,2885"
85,85,"10241,12680,3149,8053,12757,8353,3138,7172,8071,3055"
92,92,"11117,13370,4036,11846,1170,1366,6329,11143,2989,5135"
97,97,"931,3317,11784,9443,3950,12944,1572,8235,4602,13381"
100,100,"9859,3488,12733,240,13257,6409,8381,9234,5642,1182"
112,112,"9733,5999,7207,12385,4181,4443,11843,7579,10185,1025"
122,122,"4798,2905,11638,851,12665,6326,8562,6220,621,13249"
133,133,"3909,2343,7707,2373,9455,4640,8590,9580,560,7018"
141,141,"4250,13296,5149,2855,8981,6166,1863,9564,9689,2058"
144,144,"12449,13330,9515,1166,6919,12143,8153,5238,816,6954"
149,149,"1290,10674,7120,296,9888,1400,10147,2916,5135,2957"
153,153,"10326,2905,12857,13296,8421,3950,1017,11843,4413,10916"
166,166,"8235,5875,7983,12757,2875,7772,9375,4497,5001,12499"
220,220,"6326,2108,4602,4798,773,220,6220,5642,3340,3317"
231,231,"3507,864,11951,3428,9693,6460,2771,12368,5592,2220"
262,262,"6971,12857,11929,2155,1290,7120,2238,5555,6326,8482"
274,274,"6971,8235,5199,851,9744,1977,3875,8922,8421,8590"
277,277,"1210,5545,3520,8379,3229,12470,7707,5495,11514,9942"
281,281,"1290,12030,9405,3697,9671,8554,2885,13101,12497,9295"
291,291,"1735,519,851,12568,8792,217,8022,13353,11384,2337"
300,300,"6971,5303,13296,9799,9942,12680,8590,2265,6220,4798"
310,310,"8367,4262,2572,9026,11000,10462,2140,4322,8189,275"
332,332,"1642,3357,12158,7890,2268,5155,11720,762,2926,7728"
344,344,"8421,11282,8161,10594,10138,331,851,9580,6971,1776"
359,359,"5731,1290,8593,7707,7383,9689,7120,11117,7706,8022"
380,380,"10835,6529,4924,8262,10529,2019,5592,5999,3909,11357"
386,386,"6220,9799,13296,4413,810,4277,13110,3428,9942,8590"
426,426,"931,8235,5524,6302,3055,6962,11622,12943,5057,316"
436,436,"2140,4277,9580,9515,345,851,10326,6515,7833,11282"
453,453,"89,6220,5875,13191,12757,6971,2453,3055,7692,9799"
461,461,"789,9962,7120,9866,4929,10326,544,10663,7817,5353"
464,464,"7504,2149,2291,6588,2140,10551,3661,10437,9737,9865"
473,473,"1440,5269,11019,896,1629,8519,6417,10402,6016,2039"
481,481,"331,10326,717,6220,13296,217,8421,992,560,10916"
490,490,"9340,8366,16,7138,652,6588,716,6303,350,7197"
494,494,"6220,9799,4413,3055,855,8562,12331,4798,4430,5549"
497,497,"2957,4216,1558,8342,1851,7679,9730,5031,10674,11554"
510,510,"2343,2537,8505,6834,5532,3317,2411,64,7558,3799"
511,511,"12857,5497,5174,11843,1634,9380,851,1769,3867,12875"
512,512,"5532,7590,2343,10835,4576,6834,5861,3292,3238,11298"
524,524,"789,7817,9962,5135,10336,9960,10068,9866,10644,8653"
525,525,"6971,5303,8421,11843,11540,11384,89,851,1978,2580"
545,545,"8421,7833,9072,1912,4162,13123,11384,1180,10594,42"
560,560,"10326,3950,8562,4492,7197,331,1180,4798,4974,8161"
564,564,"2343,6795,4382,5782,9693,6638,2324,12492,7521,3909"
566,566,"3138,7487,967,10299,2218,11540,1469,13350,13296,9072"
568,568,"2158,12793,3770,4679,4315,11000,1286,12969,11540,7835"
570,570,"7706,9937,2301,8562,2218,13296,4698,10429,6166,7619"
573,573,"8421,10916,12990,7197,5303,331,6433,13346,12385,4025"
594,594,"8562,6220,2140,5303,10326,8421,3950,2789,1912,7867"
601,601,"2140,6971,2218,275,1912,11384,8922,12026,7138,8161"
605,605,"2905,12611,5999,785,11357,3035,406,6134,4053,751"
641,641,"6220,2380,2220,5303,9292,1978,544,8279,9729,11751"
650,650,"9275,12353,5502,4257,7197,12611,9489,3035,3950,11010"
675,675,"9799,4413,298,2012,4021,167,8235,6432,9036,7673"
677,677,"1290,12030,3697,9405,1400,4929,10663,7120,11651,10712"
679,679,"5303,6971,12404,2218,7707,11843,652,11000,6742,13296"
683,683,"8572,8746,5610,2506,12198,4113,2996,4930,10448,791"
687,687,"6220,8421,4974,10326,10916,4798,560,13249,6326,717"
705,705,"1912,8161,11320,275,2291,12404,4811,2150,7391,1914"
708,708,"1290,7120,10663,4576,2916,10389,5969,10607,12497,296"
712,712,"10778,6220,13306,10063,5199,10916,3340,6302,5545,1598"
715,715,"7243,4332,8076,4262,10006,560,12476,13261,3173,2149"
728,728,"1290,7120,296,10663,12869,6610,9185,10607,11775,2916"
743,743,"5999,6529,8051,7626,5766,4117,13191,6638,10778,8633"
753,753,"4413,9557,8208,12393,8333,9336,8119,7542,13296,12842"
757,757,"10916,5999,6302,4413,3428,6220,4414,8483,708,331"
768,768,"10986,13346,4229,220,3340,2789,1286,5839,9871,4798"
797,797,"4388,5532,2343,10835,8608,2537,4008,4743,5999,4451"
813,813,"8703,4205,7637,5966,6166,10332,9564,6474,13296,9956"
832,832,"1290,7120,1400,12030,10464,9295,12497,4929,3697,2885"
833,833,"2140,4430,12857,8922,2199,931,4947,9937,5524,316"
844,844,"2218,8235,7578,8359,7024,5642,10835,3670,9938,6589"
858,858,"8421,54,10608,50,4025,331,6812,5303,8590,4358"
874,874,"1923,8714,3222,8254,10137,6610,3772,6954,4576,9229"
875,875,"9733,12656,4798,4277,9593,3295,12680,4084,5999,4053"
892,892,"2199,9799,9937,7637,8922,10614,8703,4698,7558,6892"
897,897,"5524,220,3828,4602,3340,3950,6504,9786,4199,6164"
912,912,"8590,1290,6971,11143,8302,6610,9295,9557,2916,2091"
924,924,"11402,3413,6018,3467,589,5976,7707,6151,5485,10090"
926,926,"9937,6166,6220,8922,2044,4698,1290,12606,9799,9689"
933,933,"37,647,4937,6726,9026,2218,6388,11691,2140,2121"
944,944,"8562,3304,1478,10340,12606,6220,3950,7939,5177,8681"
951,951,"5303,2140,10608,12793,2218,11540,6971,6220,2238,6166"
974,974,"13296,5485,6925,12286,1863,12058,6220,8922,10429,5545"
1010,1010,"9306,5946,13214,12871,383,165,4531,4081,11692,2149"
1013,1013,"7024,8922,13191,3016,12662,7289,7053,3877,6089,12579"
1016,1016,"11994,1937,12787,836,9733,4943,4101,13296,12665,6971"
1023,1023,"1290,89,12133,10663,4111,7120,4929,6220,12665,8302"
1035,1035,"2140,6971,5135,9962,789,851,2218,9671,9837,13309"
1046,1046,"1290,6971,6610,4576,7120,10137,11969,296,2916,6322"
1051,1051,"1290,1487,11615,6971,7715,6892,9668,2020,12265,3088"
1057,1057,"11000,1867,12779,9443,7138,4315,9078,560,12643,1943"
1064,1064,"1290,6971,7120,8922,12030,12497,9098,8590,4929,3779"
1080,1080,"10566,11281,12104,10434,9998,10131,3573,11552,1343,4740"
1089,1089,"217,8161,717,11843,1978,12875,9072,4277,2343,331"
1090,1090,"10425,2169,10138,6515,8421,9105,1180,2896,3295,1871"
1103,1103,"7465,1681,5341,3770,8520,12813,10916,12485,10262,11871"
1123,1123,"1290,12030,6971,2885,1977,2286,8302,1400,5549,6243"
1134,1134,"6515,8421,331,12990,851,9341,9409,5025,837,10594"
1136,1136,"1978,4947,2990,3055,6326,2019,13346,1598,7133,3340"
1139,1139,"10429,1863,6456,6220,3088,5976,6166,2058,13296,13436"
1154,1154,"10914,64,6220,7983,9942,7388,3428,9938,1323,9871"
1169,1169,"1290,10663,4929,296,2916,12497,2218,6220,6243,4028"
1173,1173,"8188,2789,1856,2218,12944,3487,517,8562,8607,9937"
1178,1178,"8235,6373,2201,7053,1746,7983,13191,6611,8570,5549"
1190,1190,"10835,5199,6529,6522,5303,11227,8235,3173,10778,12579"
1205,1205,"9799,9968,6529,7983,2038,12990,4021,2199,3071,4345"
1217,1217,"4576,11024,11298,11918,10144,7120,1803,4664,1290,10206"
1218,1218,"10835,8608,5532,7964,3909,13110,6220,89,9693,2903"
1230,1230,"6220,2019,13296,5545,12099,4798,8235,5524,5303,7983"
1250,1250,"6107,12385,851,1634,1017,11843,8421,11000,11384,682"
1252,1252,"2218,220,10778,8235,3340,13310,2380,3577,12813,4436"
1276,1276,"5999,11357,4117,8279,2469,4266,785,4053,5060,5199"
1279,1279,"789,5135,9962,13309,1290,10644,9866,9564,1400,7120"
1281,1281,"8590,5497,8161,2905,12758,2411,10326,1299,6962,12990"
1288,1288,"13249,3950,7707,10869,11555,1331,5442,1640,7197,10986"
1305,1305,"4036,10147,2769,3539,8284,10607,2582,4552,3737,10963"
1320,1320,"12787,4798,8421,2990,8413,11396,851,7462,4637,5745"
1321,1321,"2140,7578,2218,6529,10326,3340,5999,9404,3577,10835"
1328,1328,"2373,4637,1937,6892,7723,4413,131,10429,9942,10589"
1343,1343,"2140,4798,8421,10326,9580,1776,331,5303,7063,4277"
1345,1345,"4024,8022,8254,8452,6270,12869,2989,9085,12373,10137"
1374,1374,"1851,9732,4664,4552,10674,11020,11775,1244,4216,8399"
1410,1410,"1290,5962,2916,10663,7120,7706,3870,6697,12426,13296"
1414,1414,"2169,9309,10262,10594,13026,7716,7910,482,2789,12476"
1420,1420,"275,13296,5762,7707,5966,5339,6892,4332,9968,9083"
1440,1440,"2343,7964,7707,481,4388,8608,4266,3909,475,12163"
1441,1441,"3487,2327,7619,10429,589,12157,8710,5976,7287,10273"
1443,1443,"4576,1863,589,11247,10429,2343,7619,7101,4664,475"
1458,1458,"1290,7120,10581,9295,10648,4277,1244,3539,10607,296"
1492,1492,"9799,8235,3870,11396,13191,2990,1957,5124,7578,2108"
1496,1496,"6971,5303,10326,8421,8161,2218,275,9580,4798,11282"
1499,1499,"7578,8505,362,12665,4226,6925,13315,8271,8639,7439"
1504,1504,"6610,4664,5672,11298,10607,10137,9101,1851,3070,11024"
1516,1516,"8483,2158,5292,64,11462,2140,4277,2580,7558,31"
1523,1523,"2767,8363,11014,509,12390,7254,638,10551,10262,11042"
1534,1534,"2123,9994,2940,8540,2334,5494,10009,3429,3448,3960"
1539,1539,"6220,12067,1779,544,11024,9942,10581,12995,1290,13182"
1559,1559,"4576,1290,7120,10137,12497,10607,10663,2989,6734,3238"
1572,1572,"3950,5545,13296,1323,6220,10326,1598,2411,4798,2140"
1573,1573,"8421,1180,331,851,3781,6107,9580,13123,12990,11843"
1601,1601,"1863,3088,13377,13296,6220,12822,7707,589,7706,2058"
1603,1603,"13126,8746,2728,10950,5177,5610,1383,6372,13123,10340"
1604,1604,"1978,5025,217,350,10852,837,10242,3870,11000,7441"
1613,1613,"1779,3570,2773,10137,12073,4664,12903,9732,10997,9500"
1634,1634,"4277,2506,12990,11000,331,10077,13394,10326,4798,4512"
1642,1642,"11572,1788,4413,2337,11726,2380,9942,5022,1598,10040"
1643,1643,"1290,7120,4929,10663,1244,12129,6243,8590,10147,5573"
1654,1654,"6220,7892,8562,844,3950,5199,9532,6529,6892,6302"
1657,1657,"7679,4689,12995,5979,1851,4024,3570,11024,10389,13131"
1674,1674,"6302,6971,2220,8922,10778,10835,12665,9264,11403,2140"
1702,1702,"6220,1210,12509,9799,2013,8421,453,7558,1383,220"
1719,1719,"12029,6402,12507,11172,7216,1163,10442,8813,6659,8540"
1725,1725,"10340,8562,2140,2199,4865,11396,2038,12331,1996,6326"
1726,1726,"7063,12030,30,2140,9799,5819,2133,9263,1290,8205"
1728,1728,"4576,2343,652,9532,5485,6220,12088,3238,10063,1220"
1735,1735,"7024,8235,11931,13191,5875,12662,12391,8922,12757,5524"
1739,1739,"1290,7120,12133,9646,4387,4929,8506,11117,3290,5573"
1774,1774,"10916,8421,6971,12990,2140,4277,10326,2882,8161,4798"
1780,1780,"10137,3427,534,331,3678,1323,11969,4024,11918,4277"
1799,1799,"13189,4892,2963,10808,7820,8459,1592,9226,12487,7386"
1813,1813,"10326,8562,3950,5303,1180,12813,8279,1323,9292,220"
1834,1834,"11751,4608,5555,12385,3950,864,4482,8221,8562,7558"
1835,1835,"220,4056,1225,10262,5494,3766,701,12662,8351,1363"
1841,1841,"1290,10607,6811,12869,296,1244,3697,4958,6812,8475"
1863,1863,"13097,1598,2218,12793,12404,8408,2255,13306,2287,10063"
1878,1878,"4602,12967,615,3992,6326,3950,777,2305,8688,5642"
1879,1879,"2343,5532,5999,6795,2537,6834,9799,5896,5422,6302"
1910,1910,"1290,10663,6243,7120,12497,8590,8567,3697,9295,8922"
1911,1911,"6751,10326,392,12404,2004,5471,30,2140,4615,9473"
1919,1919,"2440,3870,5545,7323,1008,5485,9562,3487,10605,10909"
1925,1925,"4163,2957,83,4216,1851,1558,7679,6960,11020,4712"
1926,1926,"5934,1829,83,2957,4216,11330,6329,6960,4163,4642"
1931,1931,"2940,4679,7478,10107,687,9850,10873,7275,11771,11183"
1940,1940,"5303,6971,2140,12680,6445,13346,10100,4798,13296,1421"
1968,1968,"11914,3940,4798,10138,5303,220,12156,7835,9234,12857"
1981,1981,"3950,4798,2108,6220,6326,4865,9128,9799,2140,3055"
1992,1992,"1290,7120,10663,8590,12497,4777,4387,5573,2916,6243"
1998,1998,"10648,10607,4036,3620,11024,10147,8167,7020,7369,9295"
2000,2000,"5135,1290,4929,10663,7120,789,3697,6811,3290,9962"
2017,2017,"4277,331,6515,4798,6433,1776,10138,12331,8161,9799"
2036,2036,"5875,2943,8015,8570,11541,6509,5375,10023,2145,6529"
2044,2044,"12611,2905,3035,10798,8156,3050,13097,9393,127,2337"
2047,2047,"8650,2957,3722,1558,9957,1779,4163,13348,5969,8405"
2052,2052,"10434,12104,5214,7461,11420,1776,8593,11914,8868,9462"
2055,2055,"5495,5760,11542,3545,587,989,9375,6082,11096,4621"
2069,2069,"6166,2218,8413,1746,11752,4823,1564,1747,801,9036"
2075,2075,"8853,4117,2822,4053,2712,854,12404,8633,12793,10138"
2089,2089,"1017,11282,7197,11937,8421,10077,6433,5525,8343,6632"
2093,2093,"11540,12813,10340,1225,2789,13097,4332,4947,6751,2567"
2127,2127,"2291,4877,12476,1240,9771,1912,8402,8161,8675,4376"
2135,2135,"1598,9942,8505,13296,3428,12665,4602,931,12058,4413"
2137,2137,"8235,11289,7024,7983,12550,10835,12253,12579,1585,1746"
2141,2141,"13296,12067,7707,6166,10986,589,5762,7792,7466,2218"
2147,2147,"1290,7120,10674,7669,2916,8810,10581,4929,10663,8342"
2150,2150,"10658,8421,1017,3990,4322,9340,577,10910,1180,4694"
2153,2153,"9880,2140,4101,4798,2789,5303,9799,10792,10551,6971"
2158,2158,"1290,10137,4024,4664,1851,6610,11024,2916,9732,4576"
2178,2178,"1841,8562,8279,10835,4266,1210,1933,8742,7182,2448"
2180,2180,"1478,1681,8279,8221,3306,4414,6220,12531,7426,1664"
2181,2181,"3464,3487,11998,1779,308,2611,12606,2327,2826,7156"
2193,2193,"4413,2789,6676,2567,9729,3326,4007,1478,2705,9089"
2216,2216,"5166,8421,11384,9234,5303,7197,851,6433,1180,6588"
2224,2224,"7063,5497,4679,12092,7923,9026,2218,12484,2728,5485"
2231,2231,"10835,6971,4388,8922,6529,3909,8608,8590,9132,13191"
2242,2242,"2218,5109,4021,1746,2140,7063,976,4633,12055,6270"
2243,2243,"4117,4053,6057,4266,10835,11406,861,3424,5158,3909"
2247,2247,"13043,8579,3799,6459,13162,11406,4443,1464,4388,4266"
2262,2262,"11024,4576,10607,12903,6610,11532,10581,11612,1290,9500"
2271,2271,"976,5303,5545,9799,7707,217,4798,8421,6166,13377"
2284,2284,"11886,2789,11751,11180,7,4021,2567,11994,167,10683"
2287,2287,"10250,10213,1929,2449,3011,558,8188,10342,11702,9078"
2291,2291,"2140,5999,5199,3488,12793,5532,2218,976,5303,9340"
2293,2293,"6971,7817,1082,10462,2384,9496,6433,10336,1879,3822"
2294,2294,"8161,6433,4798,2882,217,851,6588,12857,12779,2108"
2301,2301,"2343,6971,1747,1180,7558,2140,8421,5303,6659,11384"
2310,2310,"6220,13296,1598,5545,9942,2870,9729,3870,12665,9600"
2341,2341,"6971,12026,2789,6326,8205,4798,4499,12857,9799,3055"
2345,2345,"8589,9732,12909,2195,2709,9399,7279,3238,4024,11918"
2348,2348,"1290,7120,6610,10607,9746,296,4576,4028,2916,9962"
2349,2349,"785,4117,11712,5999,2571,3424,10778,3018,4459,4053"
2350,2350,"6971,4277,9938,8590,1290,7138,10241,9580,350,50"
2355,2355,"4277,331,10326,12857,8421,1328,6433,13249,2069,12990"
2383,2383,"1180,9234,8161,7833,1776,8221,1543,7916,4974,13257"
2393,2393,"2291,10462,5946,104,9306,7383,8402,3089,7808,2958"
2399,2399,"6971,7120,2784,8525,8567,4929,9229,9962,6893,296"
2421,2421,"5422,10835,5532,2343,5999,2822,2140,2537,5128,5303"
2435,2435,"7264,9532,11403,10299,515,10736,3420,4563,11610,7897"
2448,2448,"5532,7024,10835,8593,5866,9611,8434,2001,12662,12669"
2452,2452,"11929,9248,6568,7647,3086,4809,1773,9812,8200,3807"
2464,2464,"7723,3870,4413,12515,9799,1598,6467,7360,10340,5545"
2470,2470,"10891,2742,12784,6690,12024,5105,9212,5027,13111,9165"
2478,2478,"6971,10835,13191,2140,7578,377,7024,5999,89,3670"
2506,2506,"3870,6220,7087,1302,9729,5293,10950,3950,11107,10594"
2523,2523,"8235,3670,7824,5875,12757,8359,7289,9997,7053,3016"
2527,2527,"10322,5573,4387,12474,1290,12030,4929,12497,4083,13101"
2528,2528,"8321,6220,3950,8300,4469,11843,5160,1996,2789,4448"
2530,2530,"12595,12793,5240,8300,3055,708,10835,6302,5592,2380"
2533,2533,"5482,13310,11540,4602,3840,3275,1453,7792,7609,12793"
2540,2540,"1001,9450,12425,5177,1478,8483,11622,8412,8746,3828"
2558,2558,"8235,12059,7024,10835,7578,12026,5124,6522,4893,1326"
2559,2559,"8188,4413,1165,5462,1603,9410,10429,11319,4946,8137"
2592,2592,"6971,12680,4798,6220,13346,8922,2140,2291,9229,4101"
2599,2599,"2140,1634,10326,2380,4798,5303,4277,6971,12665,544"
2608,2608,"5545,6220,4413,4971,820,691,13296,9729,2567,309"
2613,2613,"11775,3539,9671,4655,11298,10464,10147,12903,9746,3222"
2616,2616,"10673,9622,1527,5762,10986,4413,6078,4285,839,6166"
2617,2617,"589,5636,10761,8956,2020,7637,3334,1239,5061,5762"
2619,2619,"931,2567,3055,2789,9449,3326,4602,3696,3340,11289"
2622,2622,"1290,5135,789,4036,7120,3697,13309,2885,1750,11143"
2629,2629,"10607,1290,1576,9295,9101,6610,5969,4576,9557,1879"
2648,2648,"13370,4664,6610,1290,6576,4576,1244,10648,5969,10389"
2654,2654,"5610,8349,1912,12680,11506,7707,6445,8675,5642,8562"
2668,2668,"10429,5976,2327,13377,589,11103,11615,3334,13436,9083"
2703,2703,"7917,4118,12190,4924,801,1862,590,2373,270,3576"
2710,2710,"3950,7197,5303,1210,4277,13346,837,10916,4928,217"
2713,2713,"8235,5124,10345,7578,1220,4262,1746,6529,5303,2789"
2722,2722,"7120,3697,296,6322,10663,2916,4929,3989,10607,12497"
2724,2724,"1290,7120,10663,4929,8590,12497,5573,6243,12030,1977"
2727,2727,"5303,6445,6166,8703,5966,10241,9072,4698,8922,9668"
2755,2755,"7669,10674,4163,7349,11554,1558,10102,2957,4216,1779"
2769,2769,"3667,5896,4924,7707,5999,12331,10507,4199,2167,11263"
2776,2776,"11357,2571,785,2218,4117,13218,1408,12464,3797,4459"
2781,2781,"1290,4929,7120,10663,6243,11117,12497,8567,3697,296"
2782,2782,"4929,10663,1290,7120,296,10607,5135,9962,4552,5810"
2789,2789,"10835,4117,8279,1933,5866,796,9880,11384,5532,8505"
2794,2794,"11010,6918,8575,5325,2218,1286,220,9600,12793,2990"
2804,2804,"8235,975,2287,5545,10546,4243,4414,7063,6751,13022"
2819,2819,"5433,2140,8922,6445,7138,11384,6220,2789,1912,3950"
2846,2846,"2020,7637,6892,6474,589,4698,11615,2058,2373,5149"
2851,2851,"3998,7669,12995,4940,5979,11024,1581,10674,4255,10206"
2861,2861,"7707,5908,2172,8505,6925,13315,11405,11121,9602,7084"
2862,2862,"13132,4250,13296,6220,1220,3127,5766,9689,10063,1588"
2867,2867,"9485,9598,12925,13026,13300,2158,11394,6433,4262,3770"
2873,2873,"5866,11856,789,11191,188,8485,4706,12531,12858,10835"
2880,2880,"1863,10429,207,1487,6456,7706,2058,1983,7707,12330"
2881,2881,"12857,4786,5470,10138,1912,331,5341,7954,9317,5610"
2886,2886,"8205,488,9340,10279,7138,11960,5199,13259,13402,5302"
2891,2891,"3909,2343,4388,9132,6529,6026,5999,11202,9693,10529"
2908,2908,"2291,2140,9306,9771,12758,8421,13214,331,10326,4877"
2910,2910,"6971,5303,11377,2327,2343,1863,10429,3909,4298,9744"
2915,2915,"7723,10869,3950,13249,13110,7578,8018,4602,9744,8343"
2935,2935,"5199,5532,11289,8922,9937,3577,3088,10778,7715,6971"
2946,2946,"4576,1290,4028,10607,2916,10389,4387,354,1244,4844"
2948,2948,"8607,11969,1290,7707,10674,589,13296,10389,6220,2870"
2969,2969,"3055,7442,8235,4413,8964,2199,10027,6154,9053,1030"
2979,2979,"1098,11024,7679,11532,1972,11583,8536,11918,8978,7864"
3036,3036,"2769,7220,6248,10009,247,8761,2295,3464,13071,363"
3050,3050,"220,8505,8562,11751,8633,10529,2265,6325,5626,3799"
3056,3056,"4803,9598,4080,9568,2473,10894,12047,6199,7560,4377"
3061,3061,"4277,8421,4798,1776,11993,2140,4865,345,7833,11384"
3066,3066,"7707,6220,6659,1863,6166,5545,9937,5149,6892,7892"
3069,3069,"1180,9580,851,4877,9771,13123,8421,4798,7439,831"
3094,3094,"4277,331,8421,7197,12990,1180,4865,8366,6280,8961"
3106,3106,"4277,11103,12793,8158,12723,5155,1007,7950,9328,3840"
3110,3110,"1290,7120,4929,10663,12497,5573,8567,4387,296,12474"
3115,3115,"4266,8279,3055,4053,12665,5999,5199,2822,4416,7578"
3136,3136,"6971,2140,9637,1220,789,4576,1290,2218,1334,2343"
3159,3159,"1328,2506,13110,12191,3950,134,5184,5642,10891,12029"
3166,3166,"5495,10326,1323,13296,9229,5485,12680,8161,7138,4798"
3172,3172,"8590,6638,2343,789,11992,89,5135,8608,4388,3909"
3200,3200,"4056,8712,11455,11303,12635,6459,11814,4117,5494,6621"
3217,3217,"11540,4323,3950,5303,13346,11384,4332,3606,12768,6962"
3218,3218,"4036,1290,11117,1863,13309,2916,789,10429,5135,9962"
3229,3229,"7138,5326,12793,9340,2140,2290,7851,12779,13259,10326"
3230,3230,"6971,8590,1290,5303,8922,2380,7120,12622,544,2020"
3274,3274,"2291,2264,6971,189,7063,9865,12476,10506,9771,9306"
3285,3285,"8421,7197,1180,7710,12779,4277,716,4315,2172,4865"
3316,3316,"4413,4602,13296,1286,9729,1478,9942,6041,11540,931"
3319,3319,"4277,811,9580,4025,1776,3488,3781,1180,3171,8819"
3323,3323,"8421,5303,7707,8161,1912,4414,7138,13150,275,350"
3346,3346,"12733,8116,11568,1662,9229,5549,7063,9733,8302,9072"
3354,3354,"7063,1543,11969,12055,7707,13346,5307,5485,834,4480"
3368,3368,"4277,13296,12990,6220,2218,217,331,3950,8562,717"
3374,3374,"1598,4413,1290,5545,3870,3750,12030,9729,12606,4929"
3391,3391,"12857,1996,7835,6107,10916,331,13249,9602,11590,8366"
3397,3397,"11171,5875,220,6529,5199,7138,4118,11622,11540,6962"
3404,3404,"5149,1487,10429,10447,7706,1875,11103,8323,1856,10802"
3408,3408,"789,3390,4315,8413,708,6971,4413,1598,11540,12793"
3416,3416,"4388,8608,3909,7964,6026,4451,8274,8354,6638,2140"
3422,3422,"8421,12990,10241,331,8703,5549,6971,9580,837,7637"
3423,3423,"2140,4786,11103,6220,4798,9799,1019,10869,12026,8953"
3426,3426,"3870,7707,2199,8235,9304,12986,914,4413,11869,12788"
3436,3436,"13375,12680,6638,8505,7983,6529,6220,1210,3799,5292"
3448,3448,"3990,9657,3437,9340,7833,7128,8972,9341,1826,6209"
3464,3464,"3950,11540,11800,12857,7529,4323,6326,5642,6839,8413"
3472,3472,"1290,6971,9890,7120,1334,10663,6243,8922,89,4929"
3477,3477,"5303,1926,12887,7986,1118,13296,1299,5482,275,6971"
3488,3488,"5303,10340,2169,10916,7243,13249,607,10594,12156,4277"
3497,3497,"4414,6220,708,3428,9229,11843,10916,12857,11128,4924"
3504,3504,"7637,2020,5846,6043,9954,5962,4205,9564,6900,10332"
3517,3517,"3055,2380,3085,13346,1996,4322,11394,4448,3950,2789"
3538,3538,"11115,5495,3545,1287,1037,1324,8110,10500,6388,12668"
3544,3544,"1788,4436,9532,5700,8746,1042,5999,8235,773,11806"
3547,3547,"11222,9489,12496,851,7197,4974,4025,9848,11871,10950"
3569,3569,"4798,5303,6445,8161,275,2140,11289,10337,1634,6887"
3570,3570,"12191,7616,7902,478,12047,6714,13050,1432,12269,2180"
3575,3575,"11842,1856,2228,9449,6569,3890,396,4974,8221,10792"
3579,3579,"5025,1634,1681,8421,6220,6580,773,5406,1220,5538"
3588,3588,"3487,6220,6283,13296,779,589,5545,6456,9405,8302"
3592,3592,"7020,7755,12435,12289,2874,13106,2195,1210,12606,7707"
3617,3617,"12875,6220,6971,10063,1634,2140,6515,6751,11282,2337"
3632,3632,"2946,2990,12193,8237,2789,11180,4880,1022,12944,2335"
3650,3650,"13214,2291,5946,2149,2065,165,383,6117,7063,6878"
3654,3654,"2506,5610,9105,2291,3809,11817,7833,3282,10388,4262"
3656,3656,"5124,8472,1403,1662,6395,5149,3377,7637,4101,12321"
3678,3678,"1290,6971,7120,8922,4929,789,13309,10663,12497,4277"
3681,3681,"13130,12397,8540,5940,13379,10475,7332,92,8868,11959"
3683,3683,"9880,7696,1912,11384,11414,2091,12858,8205,8021,2789"
3685,3685,"3112,4974,7558,10820,331,8421,4277,8590,4525,10594"
3699,3699,"7120,1290,5573,2769,10663,3570,3464,11626,4929,8679"
3707,3707,"11047,5022,3632,11703,7994,13274,616,12644,1935,5835"
3731,3731,"1290,7120,10663,4929,296,2916,6971,4576,1400,8567"
3737,3737,"13257,9880,11871,9755,1978,1769,1514,11508,2958,10340"
3739,3739,"9799,5966,4101,12026,9937,9668,7344,1429,4323,8472"
3744,3744,"3950,3055,2567,13346,11784,1598,2789,6091,454,4413"
3753,3753,"6971,9505,2218,4332,6515,3766,8161,13259,10916,1358"
3778,3778,"11540,12793,16,6220,2218,3577,4946,976,13296,5497"
3786,3786,"10608,8421,609,9135,5610,4266,12368,4321,4101,11000"
3790,3790,"5610,220,9942,11194,1889,6751,3870,1299,4854,607"
3804,3804,"7197,8421,9234,9489,773,811,2063,12385,4492,6206"
3805,3805,"3950,5303,3055,8746,7532,2910,7312,2789,5199,7578"
3819,3819,"5303,2218,3950,8562,4798,8590,11540,6971,2380,10063"
3827,3827,"2459,10536,2710,5760,8249,5947,11337,7910,9375,516"
3829,3829,"10326,12857,10138,4101,9937,2218,3071,5642,6971,6515"
3841,3841,"2140,6971,10462,12680,7063,9132,1634,7383,6515,9306"
3849,3849,"5135,9962,10644,10464,789,4613,9866,10336,1290,4973"
3928,3928,"1290,7120,296,1977,4929,5135,2916,10663,6811,4111"
3988,3988,"11401,11830,9732,4216,12774,247,6288,2957,11516,428"
3994,3994,"789,13309,9962,5135,3427,10464,4613,9729,10581,2885"
3998,3998,"7138,12417,3799,9942,995,220,11147,10453,12182,4602"
4012,4012,"2990,10340,3950,5293,3532,12417,11751,454,11540,7939"
4021,4021,"6751,9473,7867,2140,11892,5303,12793,7138,11115,1421"
4022,4022,"2140,6971,8161,8590,6220,4798,5303,12990,5485,8562"
4047,4047,"8981,11772,2020,3870,10332,13306,4205,7010,5149,7064"
4073,4073,"1290,4576,4929,2916,2989,296,1244,8254,6610,10607"
4099,4099,"6220,12665,9455,6166,4277,89,10326,11918,566,7983"
4100,4100,"12104,9998,11994,5342,10340,10566,10434,10596,10436,4101"
4120,4120,"12470,3545,3871,12668,1037,10733,3126,5199,6297,609"
4126,4126,"1290,7120,5135,6971,789,4929,10663,10607,12497,8922"
4136,4136,"12026,8675,10340,9437,2265,6795,10835,9886,5642,4915"
4160,4160,"4163,2957,1558,4216,3722,4940,1851,4688,420,8650"
4173,4173,"1290,8608,9101,6326,6971,3070,6576,4576,10607,7120"
4177,4177,"4576,4315,10607,9730,9746,3721,9170,296,10137,7669"
4183,4183,"4277,7197,8421,10594,10326,4798,5303,4492,4974,331"
4191,4191,"4387,1290,12497,4083,5573,7120,1132,5675,12474,8478"
4195,4195,"2140,2905,10326,4277,12611,4453,13249,3992,11282,12990"
4213,4213,"3138,8922,2903,5999,13306,10326,7637,4525,4101,1863"
4226,4226,"607,1804,3774,11671,5884,9340,6751,12611,2882,9807"
4227,4227,"9264,275,7120,4036,1290,11117,12497,4028,4664,8635"
4232,4232,"7041,13346,9023,2882,9786,3810,9555,10138,6291,2255"
4255,4255,"4798,331,345,4277,9489,8421,717,11732,1776,761"
4258,4258,"7706,10802,1888,2327,3560,10429,1856,12569,2113,5922"
4274,4274,"851,350,5020,10891,1328,560,2506,10907,6071,1180"
4289,4289,"9799,8590,8922,1290,8302,8703,8053,7120,7955,7715"
4295,4295,"8018,9410,5839,3565,8590,3507,9338,8418,769,7707"
4300,4300,"9729,11540,6220,7900,3950,16,7707,13346,13110,1859"
4334,4334,"941,7657,13123,7176,13257,2882,9377,64,9473,6751"
4361,4361,"8235,3055,4900,10340,10778,3340,10835,12888,2220,5532"
4377,4377,"9275,12702,11048,2580,1084,9968,12404,10241,837,7232"
4412,4412,"1290,7120,2916,10663,296,4929,6243,4387,3697,12497"
4415,4415,"6483,7919,9809,7095,1080,5348,8032,8386,9366,1042"
4424,4424,"4698,5020,12321,11180,9937,9668,3515,8472,8981,5149"
4425,4425,"2777,6107,8421,1769,8161,3781,811,11939,13257,11742"
4430,4430,"12857,8562,4277,10326,10916,9880,11282,3950,2169,6515"
4433,4433,"3106,11772,4414,12857,4413,167,10388,3870,9968,10594"
4436,4436,"11286,9738,10506,2291,3285,3506,8452,8402,5436,11473"
4458,4458,"10326,7138,2140,3950,13249,1912,331,11622,12990,1543"
4461,4461,"10429,5841,3487,9972,5976,7467,10802,1863,2829,2242"
4488,4488,"4602,2567,3950,3055,3317,1585,6709,6091,454,4432"
4497,4497,"1290,7120,4929,10663,12497,3697,6243,2916,13101,8567"
4498,4498,"5884,9072,331,4277,1868,649,9341,560,10132,6128"
4504,4504,"7723,4398,6848,5067,1530,11362,10082,4413,12986,10468"
4510,4510,"8590,3055,2789,5303,10326,331,2567,9449,12026,8421"
4512,4512,"893,11395,13159,10472,5901,3960,3269,8976,5136,3169"
4513,4513,"9336,8675,2170,1680,9880,7282,8593,5847,5025,12723"
4516,4516,"1290,5135,789,9962,10607,296,7120,11775,12869,10663"
4526,4526,"6220,13296,1598,5485,560,7707,8590,8607,9072,13110"
4528,4528,"11784,4414,11540,10100,5485,6892,4413,820,13346,8421"
4542,4542,"10063,3577,1180,2172,4786,9115,3950,3055,7578,10138"
4559,4559,"1290,4036,12903,3697,7120,6811,9837,9295,1270,5142"
4572,4572,"3055,10340,12104,5124,5549,12353,11540,1662,621,12800"
4575,4575,"8562,3950,773,8413,2265,9886,3870,3509,2990,959"
4583,4583,"1323,8421,350,9938,7159,331,4277,4025,9340,13257"
4602,4602,"1018,652,6185,6458,12286,7707,8703,1156,5565,10132"
4608,4608,"4664,7679,1851,11464,3222,8910,4024,10607,3427,11775"
4609,4609,"7705,8226,12322,1325,802,9032,12309,9786,6302,11772"
4626,4626,"1746,7983,275,7024,12309,13346,8018,12026,11622,10835"
4642,4642,"7707,10835,13375,4984,3340,9356,5240,5199,2822,64"
4653,4653,"8235,1156,4430,6892,71,9937,3909,7707,10429,6166"
4664,4664,"1290,9295,11024,4036,6610,4664,7120,5135,2916,1244"
4665,4665,"1290,5573,7120,12030,4929,4387,12497,12474,2286,10663"
4672,4672,"6610,10607,10389,10137,11024,4664,1290,4576,11918,11298"
4680,4680,"1323,3950,1180,7139,2268,2380,1664,11540,3565,11384"
4705,4705,"7578,6522,10835,5999,4602,10778,10063,5199,2903,6962"
4707,4707,"1912,8145,8373,10560,9535,3990,11059,11194,12041,3071"
4711,4711,"5199,4924,5303,13112,10529,2373,4962,2218,3545,12130"
4732,4732,"5734,3525,2029,997,9973,11357,7207,3884,4671,695"
4734,4734,"1290,4929,10663,7120,8590,6243,5573,8922,6220,12497"
4735,4735,"7637,1290,10322,9083,1487,5573,3122,6474,7120,11103"
4749,4749,"10429,207,1863,9083,10802,589,7706,7764,5922,544"
4751,4751,"6971,10835,10778,3055,6638,3909,4117,9132,9997,4053"
4762,4762,"2789,2567,7024,5875,1746,6971,3055,9799,13381,5549"
4767,4767,"7637,589,9564,1863,12663,9954,8703,2020,4205,6892"
4771,4771,"10326,2140,4798,1996,6220,8590,9942,5485,5502,6971"
4773,4773,"11772,976,5532,708,7010,9203,2164,267,11308,9768"
4776,4776,"7637,11103,12331,5552,3578,12606,1669,2020,7235,2829"
4783,4783,"6220,1598,5545,13306,13296,9729,10431,9942,8830,2218"
4788,4788,"12680,6515,11396,2199,1005,10473,5341,5270,4915,1912"
4808,4808,"12385,10383,3416,1624,4600,13026,716,11384,2158,3628"
4810,4810,"6220,13296,7558,12606,4853,10326,1598,9600,9871,10916"
4818,4818,"4798,9880,5642,11843,3950,4947,11396,10138,7356,9602"
4823,4823,"6062,652,4755,475,11103,9744,5131,7109,6654,1805"
4829,4829,"12026,4413,3028,2600,9799,11795,796,4915,8913,3287"
4842,4842,"6220,8981,8703,8472,2373,5149,7707,9968,7637,481"
4859,4859,"1286,7983,5022,4413,3992,64,953,13296,22,2337"
4866,4866,"7491,2058,544,5386,9083,3587,8607,6220,987,4865"
4881,4881,"10326,2411,4865,7707,3520,8421,1210,4277,3950,13346"
4908,4908,"8703,12871,1487,1856,13214,10918,7637,5946,8663,4250"
4910,4910,"1290,4929,2916,3697,6243,789,13101,12497,9962,296"
4922,4922,"6220,4277,12680,12857,10326,4798,3766,5642,8205,560"
4942,4942,"9962,9866,10336,10241,544,9888,8477,168,1945,12779"
4976,4976,"6445,5303,6971,2140,11024,8922,2380,6220,3055,4576"
4993,4993,"7706,10429,5976,589,6893,13436,3334,10802,1863,5484"
4995,4995,"8421,1776,11939,10326,2140,837,10788,1223,8161,6280"
5020,5020,"7047,3464,1377,9516,2054,11172,2769,1744,6011,4641"
5040,5040,"2140,8562,2380,12857,10916,10196,10340,12359,12331,3106"
5048,5048,"37,2140,7383,1018,4749,3769,647,9511,9963,2121"
5058,5058,"5532,3340,9693,4743,5592,2903,2771,10835,11215,3127"
5067,5067,"6326,9455,8421,11939,6107,275,1210,811,4798,4974"
5087,5087,"6220,5866,5964,11000,4277,64,5303,4117,4679,331"
5090,5090,"5875,7024,7289,13191,6509,914,5766,8570,6696,3352"
5102,5102,"13090,5386,4915,9771,4454,7682,108,5436,2448,11609"
5103,5103,"13296,6166,4430,2380,9799,4413,560,12944,10589,6220"
5105,5105,"2033,1863,10429,1487,836,9083,3088,7637,6474,2327"
5108,5108,"6581,4602,13404,3950,5293,9443,11639,3506,7717,11784"
5119,5119,"1783,7892,7912,10205,12353,9358,4181,2019,5839,6283"
5120,5120,"11024,1779,4664,10389,2989,11298,13182,4024,13370,5969"
5124,5124,"4957,7128,9774,3549,4322,1769,11529,2958,9531,8421"
5132,5132,"10758,12680,4181,7983,2380,5495,6899,11994,13346,4084"
5138,5138,"7063,3539,647,10464,2969,12869,10648,218,11532,12513"
5144,5144,"8421,217,6433,2343,8161,10326,8343,6107,717,11384"
5159,5159,"12990,7197,6220,10326,4679,13296,8421,1776,11495,3950"
5167,5167,"12368,714,3870,4323,11961,3000,1978,6091,7707,3992"
5175,5175,"1328,9306,669,5303,9178,2140,7138,5020,2149,6260"
5176,5176,"1290,7120,10663,4929,2916,12497,10389,10674,1558,10581"
5185,5185,"8235,5524,12026,5875,5999,7024,8590,13191,5057,7489"
5189,5189,"3055,2567,6326,9443,12382,2789,4798,3870,9455,10916"
5191,5191,"4413,13306,12058,7373,12584,10835,1598,789,12596,12382"
5206,5206,"6971,8043,5549,3766,953,10241,11103,2020,4101,2373"
5213,5213,"544,12758,1917,8562,6971,2712,5545,5303,2343,3520"
5224,5224,"8590,5303,331,4277,1180,1996,8161,12990,10916,1776"
5226,5226,"1290,8590,4576,5999,6971,11298,6220,11969,2916,4664"
5241,5241,"10336,1290,3570,2885,13309,789,12686,3697,9837,4613"
5264,5264,"4576,10389,11024,6610,4024,1290,11298,9746,8978,11918"
5268,5268,"10326,2140,2291,8161,1776,4798,6433,9580,331,12875"
5270,5270,"2140,4413,4798,6220,2380,6971,2199,8562,2218,9799"
5287,5287,"8205,7428,3423,12156,10175,1127,8126,9942,4263,9775"
5314,5314,"7637,8703,12990,8472,3870,842,2020,10332,5966,9564"
5318,5318,"1290,5573,4929,6243,7120,10663,4387,12474,8567,4127"
5326,5326,"5149,12622,8981,3088,6166,11615,1487,6892,2020,7637"
5336,5336,"10950,4877,13039,8413,12787,7554,9771,883,917,9409"
5343,5343,"6811,10464,5142,7375,3323,1013,11298,5135,1134,2885"
5347,5347,"3127,7707,861,5914,2013,6220,8423,10835,2989,13306"
5354,5354,"7439,1889,91,12793,3870,4061,7063,8616,9771,2121"
5356,5356,"331,3870,6925,11282,2567,9799,831,5476,8562,2789"
5367,5367,"5545,9799,8590,7706,5484,789,13309,6971,1290,6015"
5373,5373,"11622,6982,5673,4413,13110,3750,12575,10793,7558,5124"
5385,5385,"2870,13044,4234,13115,5241,6166,1761,6892,10443,7623"
5458,5458,"9942,3428,13030,8321,1428,7781,5977,7723,1684,9309"
5463,5463,"5303,2140,8421,9799,10326,6433,6971,275,12680,1634"
5471,5471,"4163,11298,1779,2957,3427,1558,10674,4664,1098,3926"
5476,5476,"6037,6589,11325,2264,4633,7024,7594,4611,11889,9938"
5484,5484,"7053,8235,12813,4854,11506,12059,10608,3340,11194,6841"
5508,5508,"789,5135,9962,1290,10389,3539,6811,13309,7120,9866"
5513,5513,"11540,6971,6220,6166,8413,6638,11103,9454,12685,8421"
5520,5520,"4277,8421,10326,1978,5303,7197,2158,1210,5025,9328"
5524,5524,"12665,1323,6484,9729,8562,1196,3428,3023,11272,6751"
5539,5539,"7723,8235,7983,10029,10136,1742,10082,10589,9937,4413"
5554,5554,"4798,1180,11189,10933,5431,3296,11836,10594,12940,1854"
5564,5564,"1408,1912,2140,12857,1996,2007,9455,8205,6588,11384"
5595,5595,"13296,6971,12404,5303,2218,2291,5545,7063,345,2140"
5601,5601,"2291,10462,3118,1662,5363,3055,6899,7300,10608,1912"
5602,5602,"6515,11384,13346,10916,9799,12331,5303,10594,11396,12606"
5618,5618,"5826,1290,10663,7120,2916,6243,12497,11299,8630,296"
5643,5643,"8235,13191,12026,3909,2373,7024,5875,2220,12057,3670"
5644,5644,"560,6123,11726,11572,12680,8205,2905,4043,7547,7983"
5651,5651,"2218,3275,10916,6971,5091,12990,9733,12925,13249,12857"
5655,5655,"5495,13261,6529,549,12107,10778,3340,7207,3909,12668"
5658,5658,"7425,3596,4002,9953,11396,9030,9799,11282,3515,603"
5660,5660,"4377,11001,7908,11969,5497,4639,992,7191,10326,1521"
5662,5662,"8707,8221,5545,3565,2746,4321,6041,12442,9729,3340"
5670,5670,"7578,1872,12404,1421,9178,8161,8192,5270,6339,4715"
5676,5676,"2372,11024,2957,4036,54,3464,12615,13330,10674,4216"
5680,5680,"5545,3870,2990,3106,9799,10067,10082,3055,7283,4943"
5698,5698,"9942,6220,5532,1634,4388,1978,13296,10137,10326,12470"
5710,5710,"5999,4053,4266,12531,5199,785,4117,11357,3577,2494"
5723,5723,"11024,4576,2989,12995,4545,10648,5672,2773,9318,11532"
5742,5742,"10835,10529,2822,7807,6834,8279,3909,11289,4388,8450"
5748,5748,"6220,11540,8562,3870,2380,1225,11403,4499,1383,4798"
5750,5750,"7707,12944,6220,9668,11615,4413,2380,6302,5532,4430"
5787,5787,"5999,2140,12531,11960,7558,12026,11405,1634,11540,10063"
5798,5798,"6588,11384,13346,2140,9341,5642,9968,7578,12156,10637"
5799,5799,"9306,5946,2291,383,6878,11692,2300,8402,2149,4081"
5815,5815,"789,8608,9962,7964,8342,4163,4451,13309,2957,1558"
5822,5822,"2218,11738,2140,167,6638,5731,5904,11886,1978,8413"
5834,5834,"6971,9550,11540,1359,2238,3908,7609,3578,607,6166"
5846,5846,"2218,5303,6971,7138,2265,6270,5866,9473,9886,4021"
5858,5858,"11726,4436,5700,8084,5495,6751,7377,823,8561,4460"
5882,5882,"3766,9072,8421,11000,3112,1328,11843,4277,12359,560"
5892,5892,"2567,9449,454,2380,13346,6270,11784,3340,8235,931"
5897,5897,"12793,5549,3055,11540,773,3870,7710,2337,1996,10340"
5898,5898,"1331,1933,3992,11180,11751,2337,11622,1286,7652,12417"
5902,5902,"1847,9796,12130,9358,8076,10735,1853,961,4039,8995"
5919,5919,"2140,5976,5303,6283,8562,10594,13397,7707,12053,6971"
5934,5934,"4315,5497,9097,6252,11524,4384,12485,7041,11682,5406"
5946,5946,"789,8922,9962,5135,13309,9405,8053,10963,6971,6126"
5965,5965,"3424,4266,4117,5999,5422,7899,12320,6903,6187,12132"
5995,5995,"5303,6641,12404,6220,13306,3990,9164,6195,4525,1598"
6005,6005,"1290,9942,13296,6971,7120,4413,7605,9600,10663,2197"
6006,6006,"4413,6220,7707,2199,8707,2013,265,1286,10082,1598"
6013,6013,"4798,9699,13123,12680,731,10561,217,13346,7439,8562"
6016,6016,"8505,976,11540,12787,5610,10340,3766,11288,11384,11843"
6023,6023,"10663,7120,6243,12497,8567,4777,8355,13101,1590,5573"
6052,6052,"3055,1478,8235,1100,2220,6638,12680,2903,1598,8633"
6056,6056,"5199,6971,10835,8922,5999,3909,11357,2380,6529,2822"
6059,6059,"12857,8421,9867,167,8562,5495,2580,10241,5303,11843"
6064,6064,"4117,10326,2822,11357,13218,11712,4053,5999,1100,2571"
6091,6091,"3055,12026,11357,5999,1408,3577,2140,3950,4053,11643"
6112,6112,"7120,10663,2916,296,6243,12497,8567,13101,3697,10674"
6133,6133,"7802,3171,13315,3340,7922,5532,5303,5502,741,10873"
6150,6150,"4843,12654,5610,5591,13061,7167,13123,2506,11843,11871"
6155,6155,"2140,9580,1978,4865,8177,479,8221,10326,9072,4101"
6157,6157,"2199,10326,3515,10916,8421,4315,7833,851,4679,4798"
6212,6212,"8285,3094,13310,7136,6641,1890,3275,3911,679,9340"
6218,6218,"1180,8421,331,4277,2169,9234,6107,10916,5303,8562"
6242,6242,"9729,1598,6842,9942,3451,11000,3085,2841,5866,9799"
6243,6243,"10326,11282,5303,4798,851,8421,9580,4277,2140,12990"
6260,6260,"3643,7487,976,6931,8022,4050,6166,961,6506,16"
6262,6262,"2556,1769,7886,3565,12930,9718,2012,5497,9968,6887"
6278,6278,"2140,652,12229,976,796,11843,10529,10916,851,2291"
6280,6280,"13249,11751,10785,11506,7558,12842,10608,3340,11194,4798"
6287,6287,"9668,2291,8922,11609,8126,10241,2165,9229,5549,6971"
6305,6305,"8161,8205,607,1776,6096,4492,6280,7088,1299,2411"
6320,6320,"6971,1290,8590,6220,7707,6638,2140,789,4929,6166"
6339,6339,"220,7781,5010,2990,11641,121,10600,1347,6220,9941"
6360,6360,"3870,7138,2380,13296,2013,9968,4798,4946,11969,6220"
6370,6370,"12611,11540,10326,3950,13097,2411,12793,1598,66,13306"
6376,6376,"6588,5303,7197,1295,217,8483,12404,4974,4277,345"
6378,6378,"7120,10663,4929,6243,2916,12497,9960,8922,8567,296"
6379,6379,"2380,2140,8562,4332,3853,6220,12787,12359,6971,12813"
6398,6398,"2343,6834,2537,544,5179,5782,1892,6795,5532,4388"
6422,6422,"8183,454,4414,931,3428,8177,7672,3696,10029,855"
6424,6424,"11784,398,4090,3078,7213,2169,2976,607,11561,10785"
6436,6436,"10352,2770,5105,6952,3960,5940,2204,10110,3003,9165"
6454,6454,"8608,7964,3909,9132,8274,5532,2343,6026,6834,6964"
6464,6464,"12156,12385,837,2158,11688,6107,891,11000,560,331"
6479,6479,"13346,2012,4602,8235,13352,13121,3992,10507,1532,931"
6485,6485,"7637,589,9083,8981,5149,8703,6040,1487,10429,3122"
6488,6488,"4602,1254,3858,5545,7723,1598,4413,6220,3187,715"
6490,6490,"3147,9541,6482,8820,13281,3176,8047,13349,2210,7300"
6498,6498,"12404,10326,12680,609,5545,5485,10835,6141,13346,2238"
6533,6533,"10137,11969,6610,2989,10326,10389,10648,714,11918,8254"
6577,6577,"13296,3950,4025,9449,5303,4277,2789,2567,12385,811"
6579,6579,"8421,851,4974,837,6107,1180,12857,4798,331,11843"
6583,6583,"6220,1598,4413,2380,2990,9799,2993,538,4947,11396"
6597,6597,"10835,2343,8018,5128,9693,6166,7707,2905,2645,2293"
6599,6599,"13296,6971,2140,9175,1323,2990,8053,5485,7474,6962"
6607,6607,"7138,1286,2140,11540,11843,12026,9942,5999,4332,10340"
6613,6613,"2218,5839,621,12793,13306,9338,11540,861,11289,63"
6622,6622,"1290,7120,10663,4929,4387,6243,12497,5573,2916,11775"
6637,6637,"7303,5165,3055,5823,1361,9365,6522,2218,8438,1445"
6644,6644,"4277,12990,3950,13296,2140,7197,11843,331,9455,7707"
6651,6651,"1290,4024,2916,296,10663,9348,9156,6610,7120,1244"
6674,6674,"5999,64,7207,4053,8049,6638,10778,4136,3859,12531"
6683,6683,"2343,3909,11194,11289,2443,5422,6834,6529,9693,1912"
6686,6686,"6322,8877,1028,6697,9662,4111,12673,12474,1290,164"
6707,6707,"4117,10778,10063,4053,10835,2822,4199,8279,5545,9519"
6724,6724,"7024,4413,5875,1863,12426,10429,11403,2302,952,6456"
6729,6729,"6220,5545,5303,6971,11540,3870,1598,9600,9729,8922"
6739,6739,"438,298,12944,10820,7705,12632,8333,12842,12190,4970"
6756,6756,"1180,8421,4277,10916,9580,9115,5630,331,6107,10326"
6764,6764,"13296,5545,4229,13306,10891,1163,5386,6659,2082,3077"
6768,6768,"5545,2140,3428,9942,6220,13306,10326,2038,13296,8590"
6787,6787,"9550,2218,3055,6971,8562,3866,10063,10031,9886,11540"
6808,6808,"10607,4576,10137,6610,11024,1244,3070,5135,11298,4664"
6811,6811,"851,8421,7191,5996,7232,4798,8102,5642,4733,7534"
6812,6812,"9799,4413,1598,13296,7707,3870,7723,4946,4798,6641"
6831,6831,"2140,1156,8922,5485,7707,9942,5731,1286,589,13296"
6833,6833,"13191,5875,7024,5524,7289,8235,12550,4606,12662,2201"
6840,6840,"7824,9085,2140,5819,10506,1606,2291,12530,9886,12476"
6842,6842,"6811,1290,5135,9962,7120,11626,6322,10644,10607,10000"
6855,6855,"4576,11024,10607,10137,1290,11298,10389,6610,4664,8254"
6869,6869,"2140,8421,9580,1996,10262,851,12026,2499,1022,6326"
6874,6874,"3089,5061,12994,589,5258,9668,12761,9689,13296,3122"
6879,6879,"8279,2140,10835,4266,3577,2771,1100,2903,10326,8922"
6885,6885,"5547,5673,760,9245,3314,9838,12689,1110,11152,2789"
6886,6886,"6220,8562,3870,9938,10273,1761,12665,5545,3858,11000"
6902,6902,"4277,851,4798,1776,9580,4679,4865,8161,4525,7833"
6908,6908,"8714,12903,4664,789,1290,11918,9962,3539,11298,6610"
6911,6911,"2789,2567,1686,13134,11876,10214,3288,4924,12025,8421"
6912,6912,"454,931,6220,9729,1598,5545,1585,3950,4602,6091"
6919,6919,"1290,7120,10581,6610,4576,11024,544,296,4664,12869"
6926,6926,"7673,12923,12334,8221,1104,2990,4161,8636,438,5811"
6934,6934,"11048,1180,6326,11871,5592,13381,773,6115,8562,9886"
6935,6935,"2140,4277,13259,6220,9072,2158,13249,6433,12990,10196"
6939,6939,"4943,3888,1478,9799,7792,6220,8472,2013,1643,4413"
7000,7000,"7707,3428,6220,13306,5545,4602,9226,11951,13110,3799"
7003,7003,"4555,11058,10247,12026,4924,13350,4332,9785,11843,12099"
7005,7005,"1776,10326,4492,331,3112,1180,811,1592,3950,8366"
7042,7042,"9341,11115,4025,10039,2140,4904,2169,10484,2218,10733"
7045,7045,"5485,2337,3506,8452,6302,8593,2220,9668,5731,8022"
7047,7047,"7723,5966,8703,10082,6892,10429,3888,11733,7784,6152"
7053,7053,"7706,12723,3967,10429,3202,10777,3487,792,1716,5976"
7063,7063,"2905,13249,717,9489,12857,7197,8483,8421,12856,1889"
7067,7067,"2218,5445,10063,9507,5121,11084,8018,7890,275,652"
7071,7071,"4277,10326,8421,331,12857,4492,7197,10916,4025,9234"
7078,7078,"7063,2287,16,7086,1990,2337,2169,11288,7484,12348"
7109,7109,"9942,4681,3000,6154,9430,10409,7828,6437,7858,5235"
7118,7118,"9602,12857,10916,8459,11010,8366,2887,479,2169,6805"
7129,7129,"1290,4664,6811,7120,4036,10464,1400,5135,11298,9720"
7133,7133,"9938,9453,3416,11000,3520,11268,3266,4796,12397,9229"
7139,7139,"10464,2885,8209,12903,1290,302,4139,3570,6591,12944"
7142,7142,"2140,1210,4865,4798,6326,9602,773,6971,3950,9072"
7146,7146,"2140,5532,2343,6834,7867,4924,8633,8590,5199,9693"
7172,7172,"851,331,1180,8421,11843,992,5497,2777,1776,6926"
7181,7181,"89,12099,11272,11060,9064,4388,2218,9942,12793,7053"
7195,7195,"4798,4277,9580,331,10138,1776,11282,10326,2140,10916"
7197,7197,"5545,4798,167,4414,5025,5303,1478,3138,1234,2728"
7203,7203,"1290,7120,10663,4929,2916,6243,12497,296,3697,5135"
7223,7223,"2990,8413,12857,2380,11540,11048,9880,13296,4516,4413"
7235,7235,"2957,4216,8342,10674,3722,1851,1290,12808,8057,5135"
7236,7236,"8922,7120,1400,7063,6971,708,6243,1220,8567,10326"
7237,7237,"1290,2020,9083,9564,12030,5573,6474,9229,3088,9284"
7255,7255,"1290,7120,8590,2885,5042,8302,7843,1977,4387,8695"
7297,7297,"6971,5999,4053,2140,4117,6220,5532,8922,12026,12680"
7320,7320,"1788,11726,11572,11357,5700,4199,5199,5999,2822,8746"
7323,7323,"10835,1323,4602,7024,3565,4715,3950,4011,9410,3491"
7326,7326,"8421,12404,1763,11622,2264,9306,6962,9968,1180,6982"
7343,7343,"350,4277,10138,9580,8421,331,6433,9234,11282,12857"
7363,7363,"1230,121,6220,89,10835,5199,6971,3055,8590,10381"
7364,7364,"8235,11488,7900,10224,12026,13346,8922,7053,7092,5951"
7366,7366,"12417,3799,6220,3870,391,4946,2866,10537,1249,13305"
7372,7372,"6302,10778,8413,11772,9422,5532,12944,2437,4924,5999"
7399,7399,"10429,6961,1190,9570,5762,11713,6938,2923,589,5976"
7402,7402,"2218,13296,6166,13381,6270,6220,8235,1634,931,2380"
7406,7406,"4413,5441,2958,9733,7867,6919,4915,9309,12472,6395"
7421,7421,"6395,12680,13150,5545,10241,2199,9867,4576,6641,9942"
7425,7425,"6166,275,4576,7487,335,303,13436,9689,8151,5762"
7431,7431,"4411,7833,6128,5734,8161,6420,1315,12476,4679,11010"
7447,7447,"9880,2140,9799,6280,519,12875,6899,1776,2291,11282"
7451,7451,"8607,1863,8562,6220,7707,6925,12330,10429,2327,6166"
7453,7453,"5135,789,9962,3697,7120,8922,13309,9866,8302,4387"
7456,7456,"789,9962,10336,1400,1554,3886,9837,1290,8653,6625"
7484,7484,"1290,2885,8922,4929,7120,9405,13101,6971,1977,10663"
7486,7486,"2140,4798,2199,796,10896,7558,12990,3340,2990,3950"
7505,7505,"7120,1290,296,10663,1779,4929,3570,13182,2916,3697"
7529,7529,"7808,5935,9699,8053,8562,8961,2264,12296,6982,11282"
7532,7532,"1851,11298,3427,13370,6544,2709,10607,11024,9102,1779"
7548,7548,"9729,6220,4430,9799,4101,4413,12404,8421,5022,64"
7550,7550,"3950,3992,4780,1817,811,12308,11520,5642,8626,9172"
7557,7557,"10326,1180,4492,8421,851,8366,1776,4025,4277,7835"
7574,7574,"13309,789,9295,12212,1812,5135,12681,869,11088,11409"
7586,7586,"7637,1863,8981,9083,12663,2020,5149,8703,2058,4698"
7592,7592,"12204,7800,1219,2263,3314,1912,6082,3960,1213,1521"
7594,7594,"4430,7723,5433,5643,11784,9937,3028,7236,1595,4698"
7600,7600,"10835,2905,2343,5060,10529,1408,4090,5999,4266,751"
7601,7601,"8161,1287,953,3171,6971,11115,9602,6280,2140,7833"
7642,7642,"6220,544,5303,4277,6576,1290,717,4798,5485,13296"
7647,7647,"4414,12309,13026,12725,11843,976,10986,4715,2164,12081"
7650,7650,"8413,9733,12793,5303,11326,5762,11772,2218,1527,839"
7660,7660,"10389,4576,544,3539,3222,10137,4890,11314,6576,6610"
7682,7682,"6220,10326,7707,5303,4277,12990,8421,12680,5545,6971"
7712,7712,"13296,10468,5545,9600,10453,12470,7359,7691,6220,2013"
7728,7728,"2395,13114,5610,9953,10473,1726,10131,4056,11590,1223"
7763,7763,"6220,3870,10326,8562,13296,6326,9729,1598,3428,5642"
7764,7764,"6971,7063,9511,3870,2318,6445,5353,13296,37,8922"
7765,7765,"3222,4024,11532,11024,11918,8978,2989,4890,11775,4521"
7768,7768,"931,6961,2567,8713,6659,4181,4637,8803,454,2984"
7776,7776,"5135,13309,9962,789,3323,10336,7817,7120,6811,9866"
7834,7834,"3968,1390,7044,222,4788,4816,13014,4280,4575,9135"
7850,7850,"4277,1996,8161,11384,8421,1912,717,12990,2140,4679"
7860,7860,"1290,296,7120,10663,10607,4929,6610,2916,11298,4028"
7879,7879,"6971,2140,5303,9098,5549,12026,3055,6515,10778,8235"
7892,7892,"4277,6220,5303,2831,2318,8590,5199,6591,9156,9072"
7895,7895,"8221,9799,6588,9937,2140,4798,7558,9968,796,2199"
7901,7901,"4277,2140,10916,5303,10077,3950,7197,6220,13296,11817"
7922,7922,"6220,560,4277,9455,1598,12665,4010,10258,6968,9875"
7927,7927,"9799,6166,4414,13296,12067,3040,9338,4413,7723,4918"
7931,7931,"2140,4411,5532,220,9693,995,275,1912,4388,4924"
7938,7938,"4053,5999,785,11814,4117,3545,5199,11357,12611,12531"
7942,7942,"9871,2118,12185,7197,2645,4305,9553,8819,8855,6667"
7964,7964,"11560,8413,2990,1378,4413,6041,11621,7828,3306,8174"
7982,7982,"1723,4117,5199,4053,2822,4006,2444,8505,10546,5999"
7988,7988,"1290,12133,2784,8302,11923,9405,12030,10000,85,11117"
7992,7992,"13346,4798,10326,9968,3106,2140,8421,12990,9443,331"
8005,8005,"3909,6529,9132,11403,4388,5339,5199,13191,796,8608"
8019,8019,"6248,2710,6201,13071,10009,247,3464,12698,3429,9375"
8026,8026,"11540,4413,8413,3950,1286,13346,9733,479,2218,1598"
8028,8028,"5532,2343,4388,8608,6834,6026,9693,5339,6529,796"
8085,8085,"6626,12378,11635,2205,6503,10395,1947,11287,2228,2952"
8103,8103,"7024,10835,5199,8235,11289,2567,6962,3909,3670,7578"
8108,8108,"9072,8221,10594,851,7614,3879,1952,7717,1002,5626"
8137,8137,"6529,5303,4266,8590,6971,3909,4388,11289,4199,7707"
8138,8138,"5303,12875,10138,9886,11817,2990,811,6433,4865,3138"
8139,8139,"2905,3035,6971,12990,12793,9393,11930,5999,976,8922"
8148,8148,"2140,13296,6971,2218,5303,6270,2380,8590,6220,9455"
8150,8150,"8161,11115,9865,2169,9234,4679,3085,4798,534,7053"
8160,8160,"1290,6971,8590,7120,10581,11969,1851,6610,9295,6576"
8175,8175,"5956,3319,11639,432,6788,6260,716,2492,9735,10680"
8191,8191,"1556,3075,11079,4734,4688,3645,4111,1522,4552,6811"
8198,8198,"2140,4798,6971,11000,8633,10608,5199,8590,769,13150"
8202,8202,"11677,3427,7369,10607,4576,5853,11298,12995,5570,7755"
8233,8233,"5980,8235,11207,12875,2218,6971,2265,5642,3415,11871"
8251,8251,"5703,5673,534,2260,443,12588,9668,12632,7391,12540"
8252,8252,"331,4277,8161,9580,7833,12990,4798,8421,851,10326"
8265,8265,"6971,2218,275,2380,4698,1487,5303,5149,5545,8981"
8267,8267,"6433,9602,8161,11843,9580,8421,1883,1634,6925,6107"
8268,8268,"12745,12757,959,10250,12725,1162,4861,9870,11540,4602"
8294,8294,"4388,8608,2343,3909,2140,12026,8274,10835,4451,64"
8299,8299,"789,3290,9962,12997,150,1116,13027,10644,10963,13309"
8302,8302,"5303,7063,11010,5282,11115,7833,9072,1223,2218,6899"
8303,8303,"1290,4929,5135,789,12497,12030,8567,9866,1400,3697"
8323,8323,"2238,5422,8590,6971,11289,12026,6166,5362,5199,9098"
8327,8327,"8235,708,3055,89,6971,5303,7983,931,8922,4266"
8331,8331,"8413,1323,2567,1521,7138,10224,3317,3950,9449,1808"
8332,8332,"789,5135,10607,9866,6625,7817,10336,296,10737,11998"
8334,8334,"5610,5964,6220,3950,11572,9799,1598,8746,12026,11726"
8337,8337,"3539,2343,1305,11117,10147,544,10963,1977,10464,789"
8341,8341,"10340,8562,3950,8939,4323,9443,3340,11540,5964,13097"
8361,8361,"6899,8590,13296,7138,5762,6971,9083,11279,9098,538"
8369,8369,"9550,10481,7338,4555,89,8562,2411,5016,8590,2265"
8378,8378,"7578,8161,8421,860,1912,976,6451,8590,12779,5303"
8407,8407,"9732,11024,3464,12373,7047,2769,2989,1779,3435,7679"
8419,8419,"9306,4576,1334,11298,8254,4664,6610,383,13214,9101"
8424,8424,"13296,6166,7706,4698,1856,9668,6971,9083,9799,10429"
8425,8425,"12385,851,2140,8221,3112,7867,1868,9164,6517,8362"
8438,8438,"11117,9405,10787,8302,1290,11651,1400,5135,12030,8733"
8447,8447,"8421,9580,10916,4798,4277,717,12990,331,10326,8161"
8458,8458,"1240,2291,10697,2149,4877,7063,5946,12351,5917,3643"
8463,8463,"6971,12680,8421,11540,10326,9072,8590,5303,3908,2380"
8471,8471,"8235,2265,6971,7024,6529,6515,4516,6962,8161,1776"
8472,8472,"6576,6610,83,4664,1851,7679,10607,54,6960,4163"
8477,8477,"6971,10835,5199,4266,10778,275,1912,6529,1100,7578"
8478,8478,"8235,9132,2140,2343,6971,6026,5199,6529,6834,8922"
8483,8483,"789,9962,5135,8302,2784,13309,11117,89,11770,11992"
8496,8496,"2140,2567,2789,9443,5422,10326,3950,8205,11282,2822"
8497,8497,"6220,560,4798,10326,11540,5964,3507,10916,12857,4416"
8501,8501,"10326,9443,7578,5999,4414,9968,2822,3515,13362,3577"
8506,8506,"13296,5303,9072,13346,2380,2038,7900,2218,2305,3428"
8520,8520,"12857,8421,6326,9580,11843,10608,10916,717,5303,10326"
8524,8524,"5969,5303,544,11024,13370,714,6576,10389,4723,8607"
8531,8531,"2218,3488,6326,8575,9637,8161,8421,13310,9489,4786"
8556,8556,"8421,350,851,4277,11384,10594,1912,2158,953,4798"
8579,8579,"4576,12995,10389,11024,208,10137,3998,11918,9156,10607"
8585,8585,"12422,7707,5545,9729,1433,11587,13296,13110,8607,714"
8591,8591,"6220,3799,2380,8590,7707,8018,11288,11000,1225,11800"
8592,8592,"1290,4929,10663,7120,6243,4777,13101,61,5573,2916"
8596,8596,"5025,3992,2140,3870,8562,10138,1978,773,10340,11993"
8598,8598,"13296,811,8590,5866,6220,10326,2905,3428,2218,9942"
8608,8608,"1290,7120,10663,6243,12030,12497,5573,3697,12474,8567"
8610,8610,"1290,7120,296,5135,9962,4929,789,10663,2916,13309"
8617,8617,"1290,5135,789,9962,13432,7120,11024,1977,11298,6811"
8621,8621,"8130,4786,12379,5073,5698,5610,5199,275,8981,997"
8629,8629,"3420,11013,5766,648,8068,4820,6708,5310,10917,2671"
8649,8649,"1148,2705,362,7715,6414,4007,1108,5036,6438,2353"
8652,8652,"4929,7120,12497,5135,296,6243,5573,2916,1977,8567"
8714,8714,"2870,9331,1041,6018,8590,1863,6481,6883,284,10429"
8718,8718,"7024,5875,8235,5524,10315,5375,12662,11171,12628,6509"
8733,8733,"1290,12655,4576,7120,8254,3427,6576,1779,4358,11298"
8734,8734,"9179,7485,11736,12368,3870,434,10914,11223,5102,8121"
8754,8754,"2822,8505,2905,2362,10835,3950,11406,6529,4053,2218"
8771,8771,"6166,2218,1747,11994,9799,10124,7487,8703,9937,8053"
8791,8791,"2140,1220,13296,1634,8421,10326,12990,6971,1747,6220"
8794,8794,"3340,220,851,10986,7426,1180,8235,11910,9718,5524"
8797,8797,"4560,11758,114,2083,10658,1394,11162,2309,1942,3563"
8804,8804,"11540,11048,10326,10132,1478,4798,4516,6107,13296,10678"
8809,8809,"275,12309,6588,12156,50,3298,10250,10835,5303,11287"
8823,8823,"1290,7120,10663,4929,10607,296,1779,3697,5135,6811"
8833,8833,"6326,8569,2368,7578,1210,6631,7240,11843,8421,1283"
8835,8835,"1290,4163,1977,7120,2957,2885,9295,4929,11626,6812"
8840,8840,"8053,9306,9454,9771,2140,5731,9093,2990,13214,4798"
8842,8842,"8413,2990,13272,11489,7063,2121,9306,10899,4838,238"
8860,8860,"11024,5731,4036,13417,6576,1923,8293,11643,8922,6299"
8866,8866,"666,4199,12398,9651,4918,4117,5999,2728,4053,2822"
8877,8877,"8132,424,12882,5667,5189,4568,10146,7421,11549,1102"
8887,8887,"9733,9264,1286,10081,10340,7824,12274,1661,2220,3287"
8895,8895,"11739,2770,5789,10619,6560,12496,8620,9842,12824,10352"
8907,8907,"1290,5135,3620,789,9962,8302,4576,1244,4036,9405"
8921,8921,"10337,7197,10869,8161,6631,4236,13170,8230,4469,12173"
8928,8928,"7971,11833,11998,1371,6201,11690,1558,11807,3544,12316"
8936,8936,"976,4685,3488,8155,11329,10400,4351,834,3871,3579"
8965,8965,"4388,5532,2343,6638,5999,3909,2140,9132,6529,9229"
8971,8971,"10835,5422,6795,5532,5199,2903,5964,11712,4266,2822"
9000,9000,"4576,6610,1290,11298,10607,1863,11024,4664,296,10389"
9023,9023,"64,8671,4277,7207,1319,716,2343,12891,4679,16"
9025,9025,"5532,5199,8590,2140,1286,1220,89,9901,13296,275"
9031,9031,"2789,5999,7578,11622,2903,8235,1100,2567,2822,3909"
9045,9045,"10326,8514,12857,4798,10124,6971,8922,4277,6809,3990"
9053,9053,"3055,6302,3577,9744,8235,558,4413,12606,2218,6892"
9054,9054,"1286,9733,9942,11048,9729,11800,9410,1328,6482,8681"
9060,9060,"1634,13296,6220,12665,30,2140,1156,2158,13235,11994"
9063,9063,"4413,7723,3509,9799,9729,491,5293,1598,10340,1478"
9071,9071,"5555,4413,4602,8681,3326,4414,8562,2218,3726,1585"
9078,9078,"4388,7964,8608,8274,7547,2822,11357,6302,785,3055"
9101,9101,"621,1210,3799,3565,5610,13257,4414,4376,7194,5166"
9108,9108,"13310,1453,1890,544,12990,3744,6270,2748,5700,3417"
9110,9110,"5731,2140,811,6395,12058,7383,6137,8746,9602,9306"
9114,9114,"11024,6324,2989,11918,10581,7679,12665,4576,8910,4028"
9144,9144,"10607,4576,11024,6610,1290,10389,4028,4664,10648,1334"
9172,9172,"589,5484,9083,1487,6728,3122,12704,9564,1290,7706"
9185,9185,"589,10429,5976,2020,7637,9083,2058,1863,1487,7706"
9190,9190,"2140,4798,10340,8205,6517,4947,9443,2990,5124,5610"
9193,9193,"4277,2140,9602,1788,468,11726,12990,4436,5999,11357"
9198,9198,"4908,7138,2147,11320,812,11921,7712,669,9598,7683"
9200,9200,"1290,5135,789,7120,4929,10663,5008,9866,6243,12680"
9201,9201,"1244,8307,4929,1290,10663,10997,9922,12306,2769,1269"
9204,9204,"11289,8590,12990,7138,13296,3909,10326,3428,5199,5999"
9215,9215,"1290,2140,7120,6971,2916,8421,4929,12680,4865,2808"
9222,9222,"5135,1290,9888,10674,335,4734,4184,11620,4793,8284"
9233,9233,"10039,2158,8343,7867,350,12354,1210,254,4679,9580"
9235,9235,"11536,3202,9564,9101,5135,3122,8472,9185,7637,1290"
9245,9245,"789,9866,13309,7817,3886,10336,10644,1554,5008,4613"
9275,9275,"5875,7024,8235,7692,7289,8879,12312,1571,6696,5524"
9308,9308,"2218,6137,13296,11752,2238,6220,4946,2554,5303,8562"
9323,9323,"851,12232,9942,1634,12404,837,12385,10077,5442,8628"
9329,9329,"5303,6220,13346,4416,2238,8235,844,5532,10835,976"
9355,9355,"3950,844,8922,6971,12579,9338,10778,11784,8235,12067"
9369,9369,"5303,1912,5025,2218,12857,8590,10758,10326,13346,12793"
9386,9386,"11774,6060,9375,7092,12226,1810,7267,11745,6909,5229"
9388,9388,"6166,7707,12606,9937,9668,11615,4698,544,5303,8981"
9401,9401,"9962,6812,11775,4152,2870,789,9618,5135,7417,12339"
9418,9418,"1724,5610,9338,4414,8018,811,9409,9382,6137,10488"
9433,9433,"8421,1421,717,331,4277,217,10916,851,2958,8483"
9440,9440,"8421,4277,12385,992,1017,1180,350,12779,10326,4453"
9446,9446,"12793,10027,8830,1598,3950,7986,9600,5545,9519,2218"
9464,9464,"5495,12086,2585,257,10738,232,1610,6583,5025,8593"
9477,9477,"11843,2789,11384,6302,5303,1912,7138,976,10063,4262"
9488,9488,"1290,4576,7120,4111,296,789,6971,10137,12497,3539"
9500,9500,"10326,8421,4277,2158,10916,5999,12990,4798,331,12385"
9502,9502,"5943,2218,5506,4323,12185,13306,854,2158,3428,3725"
9507,9507,"2903,4388,2343,1481,8235,8608,7578,7024,12606,3127"
9528,9528,"7120,10663,4929,2916,6322,6243,4664,12869,7679,296"
9539,9539,"10326,4798,1978,9580,9733,2777,5540,5303,2905,3600"
9566,9566,"2140,8633,6971,2343,8608,5999,12990,9132,10483,13110"
9575,9575,"5165,7138,13380,7303,4025,9309,7063,37,4915,9178"
9583,9583,"7707,1681,11540,12813,6659,6515,1978,811,7886,6805"
9589,9589,"5485,8590,8421,6971,12155,4453,4277,7578,851,2411"
9591,9591,"6971,8205,10916,9115,8421,11843,851,7578,1180,2169"
9617,9617,"12779,1856,11364,7319,2301,7194,12143,6899,609,6925"
9620,9620,"13296,8505,8562,8408,2278,5673,11622,11455,5545,6925"
9622,9622,"2905,6095,4463,5060,8818,9393,5557,127,6368,10252"
9631,9631,"789,9962,9286,286,5511,6960,7817,4048,11719,4576"
9655,9655,"11910,12130,5293,2570,4652,5061,2950,8283,8118,10984"
9658,9658,"9668,8045,5999,2343,2337,11282,13160,3766,12680,10326"
9660,9660,"1290,6322,7120,4387,10322,9730,9101,1228,5573,1977"
9669,9669,"789,5135,9866,13309,12030,10336,9962,13027,4387,1816"
9672,9672,"11384,7948,12156,1996,7462,3628,7629,2140,10138,5610"
9684,9684,"6952,2770,10352,4832,5940,381,6393,2363,632,8599"
9702,9702,"1290,5142,789,8922,12030,2784,6971,5135,2885,7120"
9705,9705,"1290,8590,7120,6243,10663,13296,2808,10792,11289,8355"
9722,9722,"2291,9771,165,11024,13215,5939,4877,7383,7439,11101"
9732,9732,"4024,83,9962,7679,9730,8714,789,3070,6610,4664"
9781,9781,"10578,1224,3238,6002,11532,2292,2679,7922,8279,9399"
9803,9803,"10778,10835,5303,4199,5532,4266,3909,4053,5495,5422"
9809,9809,"13306,5199,3565,9942,8279,4266,4117,9519,10835,5999"
9814,9814,"2140,11282,6971,1776,7833,8421,9504,8161,1996,4865"
9818,9818,"11384,2218,5303,6971,9067,5199,851,10835,864,1912"
9820,9820,"2905,12611,2981,3035,11930,6134,127,8042,5060,2220"
9848,9848,"4685,811,8161,8421,10608,9848,2140,631,1017,3488"
9856,9856,"4798,12680,12875,5145,2140,6445,10792,10326,8562,2199"
9869,9869,"8235,7024,3016,12662,9454,4715,5433,3055,13191,2218"
9889,9889,"8922,10326,9733,7715,2218,13031,4277,11817,5731,1814"
9923,9923,"4277,3781,11000,560,4915,6107,12990,4679,11843,1634"
9929,9929,"8562,9687,3950,10481,820,2891,2019,11157,5177,7053"
9961,9961,"8235,7024,4175,6962,5766,7796,10464,11403,1746,460"
9969,9969,"6971,9580,4277,331,5896,12858,8205,4924,275,2071"
9974,9974,"8609,7102,12869,1290,10608,708,13191,5555,3945,10779"
9976,9976,"12130,8684,12321,281,10722,3828,9077,7565,7047,1171"
9989,9989,"6220,8590,8421,7707,5495,6302,13346,12470,3950,4602"
9993,9993,"6971,9799,9938,8590,12606,1598,3085,4416,8922,5545"
10002,10002,"5303,3798,3674,10907,6307,11927,5458,6402,275,516"
10011,10011,"10137,13431,11918,11903,1779,3222,11298,4664,2773,12903"
10016,10016,"10326,9072,8161,3515,6220,2199,8590,12680,4947,9580"
10028,10028,"10082,4859,2990,3888,3381,7388,13076,1495,7723,8707"
10029,10029,"6220,2218,1598,12793,10326,9729,12665,2380,2587,13310"
10033,10033,"8922,3055,3173,8235,10524,931,4046,5340,5968,6709"
10042,10042,"10138,9799,2140,3950,2158,5642,3295,7462,6220,1996"
10046,10046,"6588,10132,10196,2108,3628,7558,9846,7243,2958,8348"
10061,10061,"1328,12990,4277,8421,1598,6433,10916,350,9234,11495"
10071,10071,"7707,50,11939,7087,16,1598,13097,6383,2172,13150"
10084,10084,"2140,12856,6166,3055,8221,9937,2199,362,13381,10138"
10091,10091,"10550,8472,3713,6713,30,2712,11180,4482,12578,8221"
10102,10102,"4576,6610,6971,4929,9962,296,789,5135,4111,10464"
10104,10104,"12857,11326,4798,10986,5303,9358,9602,839,3055,12680"
10121,10121,"1290,8922,5135,2140,6971,7120,4929,789,10663,1977"
10131,10131,"1478,4413,1598,12990,8177,8561,2012,8636,8221,6925"
10134,10134,"7439,4877,797,8387,4035,5747,8421,4798,3643,2291"
10139,10139,"1290,7120,4929,12497,6243,12030,10663,3697,2916,8567"
10144,10144,"3055,3766,8221,1180,4315,9651,3340,4448,4199,220"
10155,10155,"6395,4947,11396,2990,2218,10340,3515,10841,1634,12703"
10168,10168,"9564,589,5342,8703,6893,1863,1983,10332,7637,10429"
10178,10178,"6220,89,4117,1598,3055,10326,789,714,8505,2822"
10186,10186,"13259,4110,1493,393,6091,11449,8413,5532,8505,13132"
10190,10190,"7833,851,6120,1776,4974,10594,12779,2502,1407,761"
10194,10194,"4277,9455,3992,8562,6515,3950,11630,4332,2141,10508"
10196,10196,"7723,10901,8321,3810,1598,6466,4229,11592,9023,12632"
10215,10215,"9580,1634,11282,851,11843,4277,2140,1776,837,331"
10218,10218,"2789,9449,3950,1286,12680,2380,9942,7138,4430,2567"
10251,10251,"6220,4413,8293,12606,5145,9942,1323,13406,931,9365"
10252,10252,"5135,1290,789,6811,8554,11088,3697,9405,9962,9295"
10262,10262,"3018,2443,3424,6051,2903,9512,3909,1619,12718,10529"
10266,10266,"9942,5999,13296,2140,13110,3870,1220,4798,8018,7900"
10271,10271,"7558,2260,13090,12680,2140,9593,1747,7578,11121,2199"
10277,10277,"6971,6515,5999,9455,2910,2140,8562,6096,8421,2218"
10282,10282,"6962,8590,8421,12757,8235,4322,6971,7138,9229,1290"
10286,10286,"12030,12651,1290,8954,13309,3805,2286,1400,12994,11117"
10305,10305,"810,7010,10063,8579,254,11455,1889,3025,10762,4053"
10309,10309,"8235,3870,13191,2218,12606,708,6220,5545,12579,9600"
10335,10335,"4929,10663,2916,7120,1290,10607,6243,3697,6236,5135"
10340,10340,"11024,12995,11775,3570,6189,10607,9896,2773,11298,9318"
10375,10375,"2127,4181,4430,9689,1943,2604,7900,6835,9707,7466"
10388,10388,"6971,8472,8922,6638,12680,4516,9098,8205,820,2140"
10397,10397,"10326,4277,2433,11960,1769,11405,8421,9164,12857,11412"
10402,10402,"4413,8235,9799,2199,5875,7539,3870,5676,11048,2789"
10407,10407,"5885,2218,607,810,9917,5248,11603,811,7017,4853"
10408,10408,"7439,13214,4244,9306,3064,11286,2291,5946,5939,8022"
10416,10416,"717,2337,4453,8370,4136,6220,5307,3950,7197,851"
10448,10448,"5642,3950,851,1331,8562,12857,8421,4798,1210,11222"
10454,10454,"3799,4602,5610,12282,11147,2645,9341,6164,1766,3950"
10499,10499,"8421,9380,11384,2158,1180,1813,1281,2808,8104,9580"
10503,10503,"4988,3927,11351,575,5538,5568,3762,11639,4361,12665"
10504,10504,"7679,10643,83,2644,13071,7047,4415,11024,7101,9231"
10508,10508,"12680,5303,8421,10608,717,11282,8161,851,2808,10138"
10514,10514,"2108,553,1598,4413,13367,9799,8084,3950,6220,144"
10526,10526,"8421,5364,5913,240,12385,6280,13346,6107,9489,5491"
10540,10540,"10326,9306,331,7439,4798,2291,2149,1912,2140,4277"
10542,10542,"2158,9340,8421,16,10326,652,3770,9135,3416,1180"
10551,10551,"275,13310,10027,12278,4946,6971,7138,8794,1769,3085"
10554,10554,"11540,5199,6166,9733,5338,1978,1225,9968,931,3870"
10555,10555,"1607,7707,6909,2058,1635,12606,11180,5994,10172,2869"
10556,10556,"9306,4472,2762,5743,8643,5002,12856,4244,680,5578"
10562,10562,"2641,2218,4679,12793,31,11000,10415,5282,7900,8759"
10575,10575,"10674,11775,10607,83,1851,11129,4022,3570,7669,6960"
10576,10576,"331,10326,1776,2140,7833,12990,9340,10916,11495,345"
10582,10582,"10326,8590,6971,2380,13296,331,3950,4277,4798,8922"
10584,10584,"3950,3340,3428,5303,8562,6220,4602,2218,4946,1598"
10606,10606,"12768,7900,10869,2287,1912,1344,10326,3520,4798,12385"
10611,10611,"5470,717,4277,8421,2158,992,9056,4798,331,12990"
10613,10613,"12990,5303,4414,8421,9234,5866,6971,2090,11282,544"
10614,10614,"11844,7725,6892,7706,3487,9461,10614,8028,3467,12773"
10623,10623,"8235,4715,12662,3252,6509,7024,11506,9339,6696,7289"
10647,10647,"4163,2957,1851,83,6960,1558,4216,11020,3722,4688"
10657,10657,"9328,10326,8421,1996,6899,9848,9216,6280,1776,10138"
10670,10670,"6107,8421,976,1223,10594,9115,5214,1180,1776,8888"
10679,10679,"1290,10389,10581,10607,11298,7120,12869,9960,789,10663"
10680,10680,"2140,2218,2199,9799,11784,12793,6520,9886,13097,10027"
10699,10699,"8235,6971,3870,10340,2140,121,10589,4499,1230,8922"
10715,10715,"811,9421,7054,9547,3416,1123,10353,5495,1180,6496"
10720,10720,"10340,167,11097,11871,454,11000,6437,2990,3055,11622"
10735,10735,"5545,13296,8562,6220,1165,12058,2990,6925,7374,1746"
10742,10742,"6971,9799,12944,4414,2380,2218,89,9511,6220,63"
10744,10744,"10242,4616,7166,7305,11517,3659,4957,7243,6211,11253"
10747,10747,"5199,1290,4924,7138,10063,4117,9519,2903,544,7578"
10769,10769,"1933,8891,4876,6839,4246,12348,1112,5073,12269,2238"
10795,10795,"2140,275,11000,9511,2218,6515,5303,5495,6971,8161"
10817,10817,"1244,10607,10963,10648,10147,789,11117,5135,1197,4036"
10819,10819,"10835,6971,5474,6709,11272,11804,9836,2598,8367,5461"
10828,10828,"13296,10468,5545,9600,6220,1634,10453,2013,7691,7359"
10860,10860,"2789,931,9449,4243,4262,11784,9886,4908,7280,10462"
10868,10868,"2343,4605,5782,9693,9097,9664,2537,3222,12910,3704"
10895,10895,"9668,5966,1996,6742,10326,11405,6925,5972,4332,491"
10900,10900,"13114,2140,5999,8161,8421,4101,10326,10473,8472,9098"
10912,10912,"2769,10009,247,363,12458,8315,6201,5760,12776,12698"
10934,10934,"1290,7120,10663,4929,2916,6243,6610,9962,12497,8567"
10947,10947,"5999,4117,2822,6971,5199,5495,785,11357,13218,10835"
10950,10950,"7093,2304,1996,9340,8421,331,2337,9518,4525,4748"
10964,10964,"1290,5135,1244,7120,1228,10648,4664,6610,3539,11651"
10965,10965,"12145,7994,7715,12638,1681,11439,10091,5485,4618,10573"
10968,10968,"10326,2172,4798,8421,7707,2218,11010,7833,8575,851"
10972,10972,"11282,2395,4798,5999,6971,13058,12857,10138,1996,9030"
10975,10975,"8510,12860,9206,9587,2602,8267,8859,1563,2291,12428"
11028,11028,"5545,4798,8562,8421,13346,2199,9729,1978,7388,1598"
11030,11030,"4576,4664,3539,2411,544,9557,3305,13296,1290,12253"
11044,11044,"5545,5555,1747,6971,1856,2019,10778,2596,11492,8235"
11048,11048,"2905,2981,2330,6902,9393,3035,5999,1996,9504,3950"
11065,11065,"6971,9799,8703,10462,6220,8590,10464,236,12869,2291"
11085,11085,"5135,9405,9962,13309,4552,6083,11651,12133,789,9837"
11088,11088,"2373,362,4430,4698,976,8593,2238,5149,8562,6166"
11100,11100,"11775,4028,10137,10607,10389,6576,9732,8714,1244,9746"
11102,11102,"12857,12944,13296,3055,2562,5497,4413,4798,3950,13346"
11105,11105,"13218,11712,11357,785,4053,5999,2571,2822,4459,3797"
11107,11107,"454,13346,9455,3950,12579,8562,4602,931,9292,3992"
11109,11109,"1487,1863,1290,9689,11615,589,7120,5149,3088,4250"
11120,11120,"1290,7120,4929,2916,5135,296,3697,789,10607,5142"
11121,11121,"3950,6962,2567,2789,4602,3340,11289,7578,6326,10124"
11133,11133,"6402,1377,8911,6060,9375,4399,6011,5760,449,8257"
11149,11149,"8022,8243,8452,7824,5341,10340,4915,8053,2012,10594"
11152,11152,"1290,1027,7120,3427,6220,10464,6610,8714,5969,4890"
11160,11160,"2305,8503,2158,275,12331,510,3326,4183,479,2989"
11163,11163,"8421,7707,13346,8562,275,13104,1323,8590,10100,10326"
11168,11168,"8675,5946,6887,9306,2291,362,1242,3769,5970,4877"
11193,11193,"9848,9863,4976,12793,237,5303,12318,4077,20,992"
11200,11200,"9729,3870,9600,9942,13296,3428,13110,6220,3565,1598"
11210,11210,"1290,12030,4929,7120,6846,10663,6243,5810,13101,4777"
11215,11215,"13259,1328,2158,5610,8505,3766,9848,9105,5109,7867"
11219,11219,"1400,5026,1290,9405,10685,8506,9962,7120,11846,2772"
11243,11243,"2291,9865,12476,10462,8303,2287,4262,12925,2149,10326"
11253,11253,"1290,7120,2916,10607,2969,10389,4576,2989,2885,10581"
11261,11261,"6220,13296,8707,4321,9729,4413,8221,9799,6414,1598"
11280,11280,"4388,3909,8274,9132,12398,4451,6026,13362,4266,5422"
11285,11285,"11117,1290,10607,8302,3697,7120,85,4929,8554,12194"
11309,11309,"1978,575,6326,3950,5502,18,4323,13257,9234,7386"
11312,11312,"10040,5307,5642,11289,6522,4006,3745,3127,6342,1746"
11314,11314,"10658,350,1180,12990,652,716,9489,8421,837,13257"
11325,11325,"8633,12990,5292,9132,4277,2343,4798,12858,6433,12680"
11327,11327,"10429,7706,3088,7707,5303,4101,5149,3515,9799,13296"
11359,11359,"6638,3127,7578,10835,5999,5532,2343,4021,10326,2903"
11366,11366,"9289,11554,12242,10960,12483,7267,1371,4185,6377,6396"
11368,11368,"1290,11298,10607,10389,9295,10581,7120,2916,6576,6610"
11371,11371,"13112,3921,4266,7010,4653,8279,5199,796,932,12531"
11376,11376,"7138,10250,9886,2218,10835,5485,4329,6319,10342,13160"
11377,11377,"2580,8161,10594,1996,1592,2140,7462,12026,761,5610"
11383,11383,"2140,6220,31,12156,1598,12793,7558,12967,9668,8421"
11416,11416,"7480,1221,9759,4072,2924,1328,11461,12210,1261,8673"
11444,11444,"1290,4576,6971,8590,296,10607,9295,5969,10326,2916"
11445,11445,"1180,6971,11843,1323,275,1022,2343,12875,8421,10326"
11448,11448,"9693,2537,6795,6834,5782,4605,1220,5179,7521,3909"
11469,11469,"725,12451,273,6971,6796,4308,13162,6373,3167,6140"
11487,11487,"10663,4929,6962,9438,11775,7120,1220,13296,61,6220"
11492,11492,"5303,13310,31,8922,6529,5532,5422,6719,2220,976"
11503,11503,"4755,7919,7707,716,11001,2343,811,4912,1404,4277"
11504,11504,"9275,1943,7175,4956,2127,12019,9351,11772,36,1073"
11515,11515,"13296,6220,3950,4974,4277,10916,8590,2777,5913,5884"
11547,11547,"10835,5532,8279,2220,5199,8235,2343,64,4924,8421"
11552,11552,"10326,64,2140,2380,9532,10835,1634,6302,1220,11726"
11567,11567,"4798,6220,8562,10326,6326,3950,13346,7558,11843,6925"
11581,11581,"1978,6141,12156,2140,12680,9942,5610,9799,4059,7781"
11589,11589,"9962,789,11298,5135,4613,12737,11024,7817,12903,1554"
11591,11591,"576,888,454,12507,2440,8359,2318,12710,13401,11980"
11595,11595,"13309,5135,10464,8302,9405,5558,10147,9671,11143,9962"
11604,11604,"12960,3464,164,8628,4414,2218,1977,7900,3875,2885"
11608,11608,"6220,10326,12990,9799,4315,331,11540,560,8562,11000"
11627,11627,"9799,11784,8421,5761,9454,12331,2905,13097,4430,36"
11646,11646,"976,5199,5303,5545,9729,2822,10589,6220,1700,11308"
11647,11647,"1634,2777,12152,5549,12404,851,9799,6971,11281,12385"
11675,11675,"2140,6638,12632,3117,7578,7172,9744,13235,11282,12710"
11676,11676,"1290,10663,7120,2885,12497,2989,4929,6971,8922,9962"
11696,11696,"7063,7383,13214,8717,2121,12871,165,4827,383,5819"
11700,11700,"7772,9994,7332,10337,3827,13107,725,12723,13130,9375"
11722,11722,"1290,9295,11117,2885,12858,8590,7120,6971,4798,1012"
11754,11754,"1598,5545,2567,2789,931,2440,2548,5524,13346,4414"
11757,11757,"2343,10835,3670,1220,314,8359,5866,454,3909,11263"
11767,11767,"2238,12757,8235,12579,10228,3632,6892,12450,5982,6693"
11773,11773,"1996,10326,8161,2697,13249,8421,3950,851,9848,10594"
11777,11777,"4413,10340,1478,7723,5293,454,4452,2841,2199,6382"
11778,11778,"4163,4688,2957,9330,1851,1290,8342,10674,6960,1558"
11788,11788,"11117,1290,5135,11569,164,2339,7120,13432,8590,9962"
11790,11790,"2291,2670,13314,797,3353,7120,1290,680,7063,8501"
11811,11811,"1290,7120,10663,4929,12497,296,2916,5135,8567,789"
11837,11837,"1290,789,5135,9962,7120,7758,4929,12194,296,10663"
11859,11859,"8235,12662,5524,5875,9799,7024,7692,11751,1286,8879"
11865,11865,"9083,7706,9668,589,1487,2218,10429,9972,10777,207"
11867,11867,"8561,9234,11000,7138,2337,4229,6225,220,13097,4741"
11871,11871,"2218,5303,1926,1299,6971,544,5135,9962,5482,1290"
11879,11879,"10663,296,7120,1244,2916,5135,3620,6243,10607,789"
11880,11880,"10326,4798,8421,851,649,350,1776,4277,13353,1996"
11908,11908,"9132,2140,9306,10835,3909,5999,7578,13214,6834,7383"
11912,11912,"9771,4877,2108,8235,2291,2140,6515,10792,2149,275"
11925,11925,"3565,16,4277,8421,9328,5866,3950,649,8819,10077"
11933,11933,"8681,12944,3334,7619,5615,2303,7706,6220,1862,7340"
11945,11945,"589,10429,5976,10090,10802,8710,12723,7619,779,9689"
11948,11948,"11751,12632,3950,10641,5673,10546,11795,10508,13249,7063"
11952,11952,"3106,8527,7197,4315,4322,5497,6882,3770,1287,6437"
11957,11957,"633,3290,9365,6052,1116,5486,10412,11143,2784,2190"
11959,11959,"4388,2140,12385,9485,6834,3565,11843,3112,11000,12611"
11967,11967,"8235,7024,2218,8562,4602,10340,12368,844,4946,3606"
11969,11969,"12777,6363,5069,779,3148,9459,414,7851,4917,11615"
11970,11970,"12967,13110,3428,9600,9871,1375,3750,6641,11821,3911"
11975,11975,"8562,9450,7715,5545,5124,491,2255,2585,3326,265"
11995,11995,"454,10835,3950,1323,5177,3317,10976,11707,3870,9687"
12002,12002,"1290,8635,12373,2989,10607,12903,7120,10581,11918,8721"
12022,12022,"5135,789,9962,13309,1290,9837,2885,10336,7120,10607"
12032,12032,"9375,6060,2975,5760,5494,8911,4858,7982,7721,10739"
12036,12036,"9101,10607,4576,11024,1290,1334,6610,10137,10648,4664"
12066,12066,"7063,12309,9867,10533,2140,7882,5819,8562,7341,9128"
12077,12077,"5135,9962,789,1290,13309,1977,11117,7120,3697,8525"
12078,12078,"11000,4974,7462,851,5964,5471,5303,4025,2169,5497"
12084,12084,"6445,2140,10792,4877,9771,2291,4698,12026,6892,8053"
12089,12089,"8161,2199,3230,9799,6899,8562,8205,2990,6395,3950"
12106,12106,"10326,11969,5672,2140,8978,3825,7020,10835,4024,4576"
12107,12107,"558,6892,820,7705,7373,7513,470,802,12043,6302"
12111,12111,"13346,11289,3950,3127,275,5292,717,8590,2343,7374"
12131,12131,"2140,9799,4101,5731,12026,12331,2199,12680,3071,3515"
12139,12139,"8161,12026,2518,3506,2169,5896,9515,8562,8221,586"
12141,12141,"8838,11540,722,8358,861,1085,11048,13066,4327,303"
12144,12144,"5135,13309,9866,6625,1554,5008,10737,3886,4613,10644"
12150,12150,"6220,11540,4413,7723,1478,8413,9729,3491,9410,9799"
12151,12151,"10326,12665,4277,9455,6193,6220,1706,6968,10100,2004"
12162,12162,"9182,1624,3525,997,10841,5280,2029,2789,7649,732"
12170,12170,"4940,6651,10687,11554,2709,4163,7971,1558,2849,2957"
12182,12182,"5199,5128,10063,8279,5495,11289,5964,10835,2822,5381"
12185,12185,"12990,6220,2038,4798,6433,7197,10138,3950,1478,5538"
12191,12191,"7197,12053,3456,1981,9880,11384,5270,11983,13249,3870"
12197,12197,"5999,4388,11357,8608,9132,2140,6638,3909,5128,6834"
12204,12204,"789,4028,7817,5135,9962,13309,11775,9866,9101,4613"
12229,12229,"2343,9693,2537,5532,3909,9356,5866,4388,4865,4199"
12231,12231,"544,1290,8714,6591,9101,5135,1779,168,6812,2764"
12234,12234,"5976,589,6892,2327,13314,12265,1863,176,7725,1487"
12238,12238,"6220,8421,5303,2380,2140,6971,9799,11282,7138,6433"
12242,12242,"13346,9733,1328,820,8421,11540,12382,8562,1180,6437"
12260,12260,"11843,8421,13249,10326,10916,9908,4853,5999,10138,11396"
12262,12262,"4117,5199,5999,11357,4924,13218,10778,3577,5532,13058"
12281,12281,"2789,8590,275,1225,4946,6971,9799,121,11283,11289"
12289,12289,"2537,9693,6795,6638,1220,6834,5292,4605,6593,64"
12306,12306,"12990,3950,2882,2140,2580,331,13257,11282,4277,6971"
12326,12326,"7824,3506,8022,9738,10506,6438,5819,8217,12138,6874"
12337,12337,"8235,2140,9744,5485,2343,9886,11886,4332,9454,7053"
12355,12355,"1290,7120,2916,10663,4929,296,4028,10137,6243,4576"
12371,12371,"13346,13249,6326,3456,4798,1524,8279,2448,12029,3870"
12372,12372,"12662,7024,5875,12628,2449,2145,8235,4715,2801,12312"
12373,12373,"1328,2158,350,7480,10326,11000,11732,1634,9598,331"
12390,12390,"2020,4929,7637,7120,10663,8703,8567,2916,3088,9937"
12405,12405,"4388,7964,9132,6026,6529,4451,2343,4359,6964,5999"
12407,12407,"7637,8703,9564,9668,2020,6043,5846,5149,583,1487"
12408,12408,"9942,7236,5545,7723,9799,4413,3884,3870,6456,9410"
12419,12419,"4858,7721,560,8590,11484,2975,2940,2728,9103,7047"
12423,12423,"280,12813,10719,1119,3064,6751,11539,3417,6713,10415"
12426,12426,"7120,10663,4929,6971,296,4664,2916,10607,10137,10389"
12452,12452,"8421,8590,4858,8257,9755,6659,717,217,11484,5592"
12480,12480,"3148,1779,789,9732,4664,5135,8714,11918,4333,6576"
12530,12530,"3088,1487,6892,7637,9799,9083,9668,2847,5149,6474"
12546,12546,"8703,7637,4101,5149,9668,8981,2020,8922,7064,4698"
12556,12556,"1290,7120,4929,10663,2916,4576,12497,296,10607,6243"
12573,12573,"5762,4924,6302,976,6166,9043,11772,7677,10391,7243"
12592,12592,"13296,6638,13249,10835,12990,861,2380,3950,5532,10063"
12596,12596,"3950,2380,13346,10326,7197,6107,8483,7707,1996,1598"
12599,12599,"1290,9671,3697,7120,10607,11117,11298,9295,8733,11569"
12615,12615,"5969,8649,3464,1522,13309,6322,12903,1755,10056,3570"
12618,12618,"13306,1598,3950,13110,9729,5145,5485,11540,3287,3799"
12624,12624,"5866,9733,7138,1634,1210,560,275,4915,5303,4277"
12638,12638,"796,10835,7899,1619,6903,5422,6104,7130,8279,3127"
12641,12641,"5999,5199,11357,10835,4199,4266,2571,11712,2494,8505"
12644,12644,"1290,7120,4929,6243,12497,10663,6811,9438,11938,4286"
12649,12649,"8703,7637,1662,2020,4101,8472,5342,9564,5966,4362"
12654,12654,"11712,11357,4459,2571,825,2218,1082,8745,4324,12464"
12658,12658,"2218,3879,13296,5610,3992,6373,4180,10040,11157,4011"
12659,12659,"6971,7120,544,10663,4929,4277,12497,12990,8421,2916"
12666,12666,"2537,5292,2861,8421,7707,11843,3423,9693,10100,8562"
12669,12669,"12507,12733,11980,2953,10785,220,1606,1521,13310,8452"
12674,12674,"9454,12793,7865,3055,2218,8243,10986,9358,2140,5999"
12688,12688,"4803,8149,1377,10352,5241,10707,10220,4399,12191,8401"
12694,12694,"8413,9733,11326,7707,10429,6220,4947,5731,11772,10608"
12709,12709,"7138,8421,10326,11843,5303,8161,8301,11384,12990,811"
12712,12712,"7024,5875,12662,8570,12253,6509,8235,10023,11931,8015"
12722,12722,"4163,10674,2957,4940,1558,420,8342,4216,6299,10102"
12728,12728,"8981,6892,6391,12058,3483,8256,10589,10429,6138,11271"
12732,12732,"3909,4388,8274,7964,2443,8608,9132,1100,6638,2571"
12736,12736,"9473,8421,9328,2140,4277,6128,7197,716,11843,3171"
12738,12738,"4798,5303,2380,1180,10326,8562,9128,6433,796,8421"
12741,12741,"8421,4025,3520,8161,9341,9871,1912,11222,217,1210"
12756,12756,"12470,3545,13214,7439,9306,11692,5536,8751,8387,165"
12764,12764,"275,13296,8590,6971,1220,13306,5545,3909,4602,3127"
12768,12768,"1230,121,4499,10063,10608,5835,6529,5199,6971,275"
12773,12773,"8562,4798,9968,2265,5341,3909,220,6925,10262,11622"
12789,12789,"10326,1996,8343,10138,4798,7540,4509,1223,491,11540"
12790,12790,"1290,10663,4929,2916,6243,296,12129,4576,12030,9170"
12801,12801,"5495,3770,13112,3545,1408,1862,2362,2822,1286,4924"
12804,12804,"1290,13101,10663,4929,2916,3697,12497,6243,4163,2957"
12833,12833,"5545,6220,9600,4947,6395,7723,4414,2841,3515,4413"
12846,12846,"3950,2910,4323,12857,12611,1996,8018,13249,8746,2789"
12855,12855,"11774,9072,3628,10289,7478,4232,2478,646,1636,12531"
12860,12860,"8562,2910,6589,5642,3950,12632,7578,6982,4332,6166"
12874,12874,"2038,8562,6220,5545,4947,2199,11540,8221,3428,9729"
12875,12875,"5999,11357,785,7547,4117,6095,2905,12611,11712,13218"
12877,12877,"9899,1118,6659,1323,5018,1521,9826,12058,4545,558"
12883,12883,"12470,3491,732,7707,7136,6491,12368,5495,1286,22"
12890,12890,"8703,9668,7637,10332,13228,9954,11336,2847,5846,6938"
12919,12919,"1290,7120,1977,12030,8342,4170,10674,10663,10102,12497"
12927,12927,"13110,9689,2044,4413,8151,13296,9564,9203,7090,12067"
12955,12955,"7303,7707,5165,6646,13380,4323,10340,11579,12026,12353"
12956,12956,"1583,4568,5288,6739,8929,3091,4482,8053,11295,4499"
12958,12958,"7439,9771,5747,2291,8387,3167,5873,12351,8520,10246"
12965,12965,"5292,9867,717,10658,2411,11164,11935,1404,220,217"
12970,12970,"2218,5545,13296,6971,5303,10326,13346,714,3870,454"
12996,12996,"2343,6795,2537,9097,5782,9693,5199,6834,976,251"
13000,13000,"6220,11540,9729,8562,4323,9826,3950,1478,2990,7723"
13017,13017,"4576,6610,2989,11298,3238,4024,4664,714,12435,8978"
13019,13019,"8421,6433,331,5303,1421,9098,6326,479,6128,10326"
13021,13021,"8562,2265,12632,5177,12026,5545,11414,7063,11691,9937"
13022,13022,"9880,4068,63,2002,2140,10326,10126,2318,3763,9178"
13063,13063,"4413,1286,931,1478,4414,8413,13346,2199,6302,9390"
13075,13075,"2291,5747,2602,8402,10462,12476,5436,7439,11865,11101"
13076,13076,"8505,3950,8562,1700,10326,5673,10778,3565,5199,9532"
13101,13101,"5999,4117,11357,3797,7547,785,8922,2905,2478,13058"
13105,13105,"1290,10663,12869,6243,8254,4929,7120,4664,5535,5969"
13115,13115,"2140,10326,8279,13191,3870,12665,8235,10835,11784,1776"
13117,13117,"7705,6006,8283,9409,9689,6591,5036,5022,7792,4576"
13121,13121,"10138,11288,10340,6899,202,12104,7578,1223,2789,454"
13123,13123,"1290,2343,7120,4576,544,6834,10663,8590,1779,2537"
13125,13125,"2199,6395,9937,6166,9733,6751,8593,4798,8562,12404"
13147,13147,"11993,13296,8421,331,7197,811,11495,3628,6270,3950"
13151,13151,"2140,176,1262,682,12232,9182,4429,6638,8569,6751"
13153,13153,"10326,4277,851,12990,8161,331,3870,6326,1180,7197"
13176,13176,"10674,12096,1851,4576,789,9878,4163,6960,5135,10607"
13180,13180,"11540,13296,3428,12156,6971,12969,861,2140,12404,12986"
13192,13192,"7723,3206,3870,11736,3013,7392,11540,4323,1478,9105"
13194,13194,"8235,4715,4602,5875,7024,2567,3016,931,2589,13191"
13195,13195,"1978,2169,2380,8562,11993,1769,4332,4823,3147,4090"
13198,13198,"7138,669,9340,4786,4798,1996,8161,10608,10326,13026"
13231,13231,"12232,1769,2140,3717,4429,1681,12385,11843,682,9485"
13234,13234,"12030,5135,2885,789,1290,3697,11117,13309,1977,2286"
13240,13240,"6971,7120,2916,9730,10663,4929,544,10137,4028,1851"
13273,13273,"2218,10835,8235,8922,11540,11289,6515,12990,10039,5303"
13276,13276,"3870,607,2337,9275,7802,1225,3950,12793,1978,18"
13283,13283,"8421,5747,1180,10594,8161,4974,2140,7833,9436,944"
13297,13297,"7261,11029,7442,10340,6696,7024,5875,5625,9164,1996"
13301,13301,"8707,6220,1478,8472,10132,8421,3106,4413,2199,265"
13303,13303,"11622,5673,6137,7243,11751,2108,4324,13121,12813,2218"
13321,13321,"11651,8302,9405,1228,9266,2834,5135,1545,12133,633"
13330,13330,"13296,8981,5149,8247,2855,11764,12884,9564,11664,2020"
13338,13338,"8284,5135,9962,5142,3539,4613,1779,13196,789,11775"
13380,13380,"2140,12680,9733,10093,4388,4798,9306,2291,7063,12026"
13389,13389,"1290,7120,4929,13101,1977,9646,10663,12030,5573,11117"
13390,13390,"10835,5731,5811,8646,3952,438,751,6091,12389,11791"
13391,13391,"2140,10607,1290,4576,648,9101,7120,10137,1788,8714"
13401,13401,"11000,6220,12665,9473,350,4277,2380,3112,12793,2007"
13403,13403,"10550,8922,9470,8636,4170,4310,8221,6713,3696,1326"
13407,13407,"2219,350,1912,12934,8161,4229,8562,4865,4694,1421"
13413,13413,"1769,2958,2291,9306,5747,4262,2149,8248,11384,4648"
13414,13414,"2989,11024,4664,10931,10607,6610,11298,12869,10581,9125"
13446,13446,"8421,1776,4798,331,1180,12385,12990,11282,7197,4277"
13472,13472,"393,13370,12096,1090,10607,5570,4576,5382,13431,9488"
13488,13488,"4482,8221,12875,10124,4865,2140,9880,1022,11508,12578"
13502,13502,"1290,2343,7679,4664,5135,4929,2916,7120,10663,9960"
13507,13507,"2989,1290,6591,7120,544,2969,5969,2885,1891,11997"
13512,13512,"11653,1695,2484,9699,8626,717,8483,12382,9918,7900"
13543,13543,"11010,12404,12990,10916,8590,1776,9328,7833,10138,8421"
13572,13572,"6971,331,5303,12990,1776,4798,6433,8043,11495,11993"
13595,13595,"12030,1290,6971,4387,10322,5573,6846,5549,12026,5149"
13599,13599,"4117,3577,13367,10835,3909,5999,7578,3950,8126,6515"
13608,13608,"2537,5292,1180,5499,9693,5782,7063,9918,8527,2287"
13609,13609,"9999,3593,9848,742,5241,5796,7480,6199,5990,4063"
13630,13630,"7063,2140,12026,13296,5819,560,1220,5999,5866,9016"
13635,13635,"6515,8421,5303,10976,6351,13413,11282,5747,12476,1223"
13645,13645,"2567,2789,8205,4798,13346,4865,9880,10039,8379,5303"
13673,13673,"8505,2822,12057,8235,4117,4416,5199,8279,3055,5592"
13683,13683,"6971,12793,2140,8235,5303,8922,10027,13296,1453,89"
13702,13702,"12944,708,4430,8922,931,7715,12026,9689,8235,8413"
13716,13716,"2140,8922,8590,5999,6971,12026,89,5303,2380,5819"
13724,13724,"6971,10663,3539,4387,12497,8714,8590,2916,4929,10137"
13746,13746,"6971,4266,11289,5303,6962,6638,5553,5199,2380,12680"
13752,13752,"10434,10566,1478,8707,4740,7723,12788,999,4321,7707"
13756,13756,"5135,1290,789,13309,9962,4387,7120,10336,12497,6243"
13763,13763,"1290,5135,789,9962,10607,7120,13309,11626,6811,10336"
13774,13774,"5485,11540,1983,265,2140,13296,6220,4798,8198,10326"
13776,13776,"1290,3697,7120,6812,10147,9170,9295,5135,4111,7856"
13786,13786,"6811,5135,3697,789,11088,1290,9297,1556,5295,9685"
13788,13788,"6305,6643,12648,7399,4072,2734,10132,11329,10707,10754"
13791,13791,"8922,8235,13131,12026,11024,1290,1558,12665,13191,6971"
13810,13810,"10589,3106,4413,3870,8562,11736,855,5761,479,12868"
13811,13811,"8161,10138,851,1223,1776,11384,9580,1634,11282,837"
13820,13820,"10919,6554,6481,11994,13370,10526,4983,4036,11024,5135"
13826,13826,"714,1933,9455,6712,9819,13253,5705,1862,9924,6665"
13840,13840,"10352,2770,6952,9568,12824,4832,381,5940,4803,5105"
13841,13841,"2091,3870,1912,5303,12404,2140,9340,2580,638,7138"
13852,13852,"10835,5199,2019,3870,3509,12368,9942,84,3052,4602"
13858,13858,"7637,4698,5966,5549,5149,5342,8981,6938,1662,13228"
13865,13865,"9375,2459,10514,5136,11096,516,9644,6082,2732,6528"
13871,13871,"7197,4277,5025,717,12990,851,1978,11384,2808,9880"
13877,13877,"2158,8682,12440,12786,2012,4059,6839,9135,1555,5902"
13905,13905,"12857,2140,10326,8421,4322,4798,10138,9880,9580,7820"
13924,13924,"7120,2916,4929,10607,10663,296,4576,10389,12497,9101"
13929,13929,"8569,8421,11843,10326,851,12385,4277,1634,2140,4798"
13935,13935,"5629,5433,9496,6195,4315,9733,11396,3488,3340,2228"
13952,13952,"1290,7120,4664,296,12497,4576,10663,4929,10607,6610"
13953,13953,"6522,7578,3173,7832,4486,4742,10835,4286,5774,10464"
13962,13962,"8421,1180,2140,10326,12385,1017,4492,8562,331,4679"
13965,13965,"2705,9729,12575,11540,3326,6232,11691,7289,12035,11814"
13966,13966,"11754,10690,6107,1223,8083,9115,36,9953,12476,4957"
13974,13974,"4576,11024,10674,4664,11918,7679,4024,3238,6576,531"
13982,13982,"8922,1290,89,6971,789,11143,13191,10464,2885,8554"
13983,13983,"4199,4117,10835,5199,4332,5999,2903,3055,7781,5461"
13987,13987,"2140,5999,12990,8343,1634,2337,9880,12359,12026,6302"
13988,13988,"1290,7120,4929,2916,296,10326,10663,8633,10137,8590"
13991,13991,"13346,6326,10916,10138,4865,4798,11540,4413,8421,2199"
13995,13995,"5177,3950,4602,3340,6302,11772,13114,2506,3428,5576"
13998,13998,"2291,2140,5303,7439,8041,4811,9306,7063,7578,9771"
14021,14021,"5545,7994,8293,2013,2327,13377,11345,12431,8682,7407"
14028,14028,"10873,11447,9573,11167,8279,4266,12049,10945,9970,4074"
14042,14042,"2380,2218,13185,9600,3911,1433,5184,9729,7986,10468"
14049,14049,"8703,7637,6043,4205,6938,2768,12996,11733,12663,9954"
14060,14060,"3055,2822,8505,64,2548,5999,7578,5734,7547,7484"
14061,14061,"6373,2397,2690,9984,8256,10081,207,1980,131,3487"
14067,14067,"589,12623,1863,2327,8562,5962,7106,2058,6268,10090"
14079,14079,"2140,5303,6971,1290,6220,7138,89,1220,7120,8235"
14089,14089,"976,10658,6420,3416,4882,7919,16,217,1404,9938"
14097,14097,"7800,4924,1912,6962,2140,1524,1421,4942,220,11320"
14105,14105,"4216,2709,4163,7349,10687,10674,2957,9631,11938,4940"
14147,14147,"3064,9337,5996,5731,11860,5705,959,10506,7063,4895"
14155,14155,"4798,11540,3340,7939,9733,12417,773,11048,6326,8421"
14168,14168,"4798,8421,5303,2140,851,6971,4162,8590,4865,8161"
14170,14170,"13110,3428,10835,13296,11951,5381,13306,9600,810,6925"
14173,14173,"13306,13112,3428,13110,4266,4384,4576,11980,2903,10835"
14174,14174,"3106,7723,8562,1598,10326,6356,3950,454,7939,9799"
14196,14196,"12680,10778,11403,844,8205,7715,4602,6220,5036,13375"
14197,14197,"6751,10651,5250,4467,11390,6128,703,3495,7324,1807"
14202,14202,"9962,7120,13309,5135,4576,9866,12256,296,4929,6322"
14204,14204,"2300,6648,8022,383,7063,8703,9306,7615,10889,6938"
14215,14215,"13229,4388,810,3879,10626,8822,11752,6641,534,12009"
14242,14242,"8562,6638,8819,6588,4865,13375,11384,10138,9489,13300"
14244,14244,"13296,2218,1634,6220,13249,11540,1286,1220,10326,6971"
14249,14249,"1290,5135,12030,2916,7120,9962,4805,8302,910,2339"
14250,14250,"11199,6707,7405,587,5436,5290,10903,9738,6305,12648"
14256,14256,"11282,4277,8421,6971,9580,6515,4798,4322,12990,5303"
14258,14258,"136,5683,3041,7679,3438,4664,1431,8714,7375,4024"
14280,14280,"6646,7303,11406,10027,5341,5823,7558,10304,13310,9718"
14318,14318,"8590,6971,4664,7120,10663,544,8922,4576,10648,9960"
14325,14325,"12191,1377,2158,1328,5025,6402,5305,10326,9848,4097"
14328,14328,"1290,8590,10326,10663,6243,5303,4929,1400,12497,13101"
14329,14329,"9410,8321,4457,10516,9927,9459,5545,3077,8681,5574"
14344,14344,"2140,220,8562,2238,10063,8045,7063,9338,12813,976"
14366,14366,"1290,11651,12030,10787,1400,633,9564,4929,8703,5135"
14421,14421,"13309,9962,5135,3464,9866,7817,1290,11775,7120,7047"
14430,14430,"8421,1180,6517,2343,8562,4798,4679,9938,1978,6948"
14435,14435,"3866,4490,11630,12231,6392,11277,1521,6982,10589,4413"
14472,14472,"8922,5199,8590,5532,89,2903,4266,4117,8235,10063"
14501,14501,"5545,5731,5303,454,1680,10340,8413,8922,1598,9098"
14509,14509,"8235,5875,2789,6971,12026,12662,9744,4715,13191,13381"
14516,14516,"9473,4698,9937,1487,5149,7558,9668,8703,1782,7637"
14521,14521,"10326,5303,2140,4798,5199,8590,8562,12875,1996,3770"
14553,14553,"5149,1487,4698,6892,2020,9937,11103,7637,7623,6474"
14561,14561,"8235,11540,4413,3340,7723,1598,12606,2705,11289,4946"
14562,14562,"5495,4924,1421,11320,2140,7983,3871,12470,2789,5303"
14567,14567,"12589,7705,2958,7558,4101,8268,9799,4411,9584,12804"
14575,14575,"2218,9490,9846,9711,12359,2390,12757,2903,12511,2899"
14581,14581,"8608,7964,3909,8922,5532,8274,10835,377,4359,3340"
14627,14627,"8235,6971,2789,2567,8922,12579,2380,3670,11281,3055"
14634,14634,"13110,4413,6220,4256,3565,9729,5540,13306,2927,13296"
14651,14651,"5303,2218,11282,6515,7833,12105,976,3230,5341,10138"
14659,14659,"5999,7578,13058,8209,785,4053,2822,2571,2443,3055"
14670,14670,"8421,9455,3770,350,8409,4798,7364,10326,5362,2556"
14684,14684,"13296,6220,12606,10429,2829,8607,5061,12623,1467,2242"
14691,14691,"4101,479,2129,8235,2373,8922,5762,8302,8759,2335"
14695,14695,"89,1290,8922,7120,12723,7950,8302,7983,5532,13309"
14705,14705,"10326,7138,2169,10608,1223,8366,1776,8562,12857,1180"
14711,14711,"9341,13115,12030,1400,4016,9984,716,887,2199,7950"
14723,14723,"12035,1426,467,12856,388,13346,10035,12890,8421,7558"
14739,14739,"9732,12903,4111,9101,4664,6610,10607,11298,6812,2419"
14740,14740,"6971,8161,9580,2140,5214,4798,10241,1776,5303,11115"
14743,14743,"5303,8699,3488,10829,8590,11396,6437,4346,4315,2091"
14747,14747,"10326,992,10658,12654,8421,1776,350,2411,851,8691"
14748,14748,"4602,4430,9942,2019,2567,8413,8922,8188,5642,6962"
14764,14764,"1007,9410,4907,4243,12113,7184,763,10284,2399,10381"
14771,14771,"589,2964,10429,7707,11615,534,2220,1225,9942,6944"
14780,14780,"560,12779,6220,4277,8421,976,9234,350,6107,8590"
14784,14784,"11384,9848,2808,851,7138,1912,4915,5999,5006,1210"
14785,14785,"9042,1249,3368,9800,9917,6119,520,8178,10391,7986"
14798,14798,"10835,5866,2343,796,11502,8901,3023,5499,6951,8049"
14801,14801,"544,2905,5485,6971,10326,9072,3127,3870,2140,4798"
14803,14803,"4798,2140,2158,5303,4679,8590,560,10795,4277,6517"
14821,14821,"8161,9580,2140,4798,4322,12758,4974,5303,669,11000"
14832,14832,"5999,10835,5532,6529,2380,4053,4199,12680,4117,5199"
14833,14833,"3950,9942,2218,13296,2140,10835,810,8823,5128,12026"
14853,14853,"8590,2140,8922,5534,1933,4430,1290,5999,8161,5966"
14854,14854,"2158,621,860,8483,7041,13249,424,16,5506,2461"
14856,14856,"6220,2218,2140,6638,13296,5303,5292,7558,7867,5545"
14858,14858,"7578,1100,4117,3173,12665,13346,10326,6645,4053,8279"
14864,14864,"6724,3064,3641,9461,9167,4648,12428,1752,8984,1645"
14867,14867,"3427,2969,10607,1851,8910,9295,4028,3222,4655,1290"
14880,14880,"9793,9732,5672,83,6576,7679,4415,4664,3238,6960"
14890,14890,"89,6220,6971,275,3799,2380,5524,10778,13191,5545"
14892,14892,"8421,10063,6326,9693,1180,10608,13346,8343,275,6107"
14899,14899,"5135,1290,789,10607,11775,296,10389,9962,11299,7120"
14904,14904,"8235,4602,1532,7983,11784,8846,9410,5524,4183,12842"
14906,14906,"10607,12903,11314,8284,6812,10581,10648,13196,11298,13370"
14909,14909,"11462,9872,4993,11000,638,350,50,8418,6883,4609"
14929,14929,"8922,9799,8703,5545,12606,1598,4413,10614,6971,3071"
14931,14931,"13296,1863,8981,3122,2774,7637,779,2058,12704,10874"
14938,14938,"8421,10916,4798,11384,9580,13249,12857,851,9098,1996"
14955,14955,"220,11403,7138,8235,4915,1746,11843,3606,275,3766"
14961,14961,"3314,6735,9212,11533,2936,3269,8236,5249,6060,10974"
14969,14969,"9962,5135,3539,7817,9730,10336,11775,1290,9866,11556"
14970,14970,"4277,331,1776,6971,544,2218,9580,350,9328,10326"
14977,14977,"8562,1742,9600,4413,11869,4414,8018,9410,3870,8412"
14991,14991,"13381,3870,5485,4798,2380,10326,8922,5545,9799,12680"
14993,14993,"10462,2140,4262,2291,7445,8452,1763,7824,9216,5946"
15009,15009,"12857,4332,10340,9602,11540,1996,3950,9115,13249,13346"
15014,15014,"12903,4576,8978,4022,10607,10389,11298,13226,4098,4545"
15028,15028,"7120,9295,8284,296,10663,2885,3697,4929,11775,2916"
15029,15029,"9848,12898,8483,717,8421,3828,4679,652,811,10594"
15030,15030,"3870,9942,7723,4413,12104,11736,12417,691,6293,9799"
15033,15033,"5999,10835,6971,1996,5549,8161,5532,1634,2343,11843"
15052,15052,"5303,4798,9072,6971,12990,2140,8421,8590,5025,1776"
15062,15062,"8421,717,5545,10340,7673,13257,1180,1684,3520,1978"
15074,15074,"6220,7707,2218,2380,5485,6166,2013,13296,9410,9942"
15081,15081,"8608,7964,5999,11202,2140,2645,10835,8274,13110,4053"
15082,15082,"4029,3563,5425,13209,9726,10233,10220,3339,1699,9296"
15097,15097,"9771,4827,6463,1287,11115,7439,4877,9737,3206,2140"
15098,15098,"6971,4798,12026,10326,6515,8161,1421,2218,13296,12857"
15107,15107,"1290,7120,12030,10663,4929,3697,6243,5135,6811,296"
15113,15113,"1680,6442,350,11258,1180,12969,50,4798,10326,2411"
15120,15120,"10326,12768,3992,8562,217,5303,4323,2905,4229,7266"
15121,15121,"8421,12857,331,10326,11843,6326,4277,12990,13346,13296"
15122,15122,"7138,5303,10138,8562,3055,2990,8221,8633,2789,2380"
15141,15141,"8421,9375,4641,7886,1210,5494,5760,6150,612,350"
15143,15143,"6742,13296,4798,6433,4277,7558,8421,5485,851,12680"
15148,15148,"11572,147,12793,5532,3992,751,2494,5999,3050,8279"
15164,15164,"6220,5386,7707,2343,6302,12085,1863,2645,9942,8562"
15165,15165,"8590,8922,13306,3055,7010,7466,4266,12026,10224,9352"
15175,15175,"8161,1912,10326,3488,10608,1776,9234,9580,10138,13257"
15186,15186,"1290,5135,4929,1977,13101,13309,11117,6243,4387,1750"
15189,15189,"10326,851,11384,8421,8161,3950,6220,12779,1912,13249"
15200,15200,"10326,4277,2140,6971,8590,12404,2411,11540,331,1290"
15204,15204,"9942,8161,4974,7399,760,8189,12528,717,11010,1022"
15205,15205,"354,4650,8922,2140,4798,3303,12606,7120,1290,5303"
15217,15217,"5532,4266,2373,5339,8703,6166,3088,9668,4101,3055"
15240,15240,"11024,7101,7679,1244,4664,3222,5979,12995,8978,2989"
15248,15248,"1863,8302,9799,11536,3562,5976,10429,3122,3088,8922"
15253,15253,"2140,11855,13235,6638,5486,4785,13110,12852,9771,9155"
15256,15256,"1912,2899,6957,3890,9340,9306,652,4453,7341,8418"
15260,15260,"5303,8421,4786,10326,11843,12385,12856,4414,1328,9580"
15265,15265,"4266,4376,12382,6522,2214,8279,914,11795,3911,12348"
15274,15274,"10743,9994,8054,972,5605,13130,4402,1129,1373,12824"
15275,15275,"7063,2140,7439,11609,13214,5731,10326,8402,10506,2899"
15282,15282,"2140,2606,3281,2038,3950,5532,170,12813,8083,6437"
15294,15294,"4266,3909,5532,4388,7964,10778,6026,6529,8274,2903"
15304,15304,"1290,2885,11298,2295,9295,10607,4036,9962,5135,789"
15330,15330,"2343,13296,1290,9693,6971,1634,7120,10326,354,4929"
15331,15331,"4413,2705,4946,7705,5524,13296,8505,12665,8562,8746"
15332,15332,"2291,362,2988,6644,1244,4471,9587,3798,9962,6248"
15339,15339,"10429,589,9083,1863,13377,9570,5976,13436,7706,779"
15387,15387,"589,5485,3487,7707,1863,10802,7619,7725,3467,5927"
15391,15391,"8590,89,2218,4277,560,5866,2091,13296,11502,1210"
15396,15396,"6326,13296,13346,9098,4413,2380,2789,5303,12665,2990"
15397,15397,"12026,2789,8235,9886,13296,7439,7948,7715,2841,454"
15421,15421,"2899,6648,8071,7063,10554,8441,2140,1763,7615,5025"
15427,15427,"1290,7120,5135,789,4929,9962,11969,3070,296,9837"
15434,15434,"6610,2327,589,10429,9894,9564,3487,7637,6040,1290"
15441,15441,"8333,2469,13296,11800,8279,10241,6971,8325,8562,5495"
15444,15444,"6971,5819,5999,491,4332,7578,1062,2218,8053,9365"
15457,15457,"2140,5999,9733,6302,4469,13249,2380,9968,11000,6220"
15466,15466,"9848,5649,9309,3842,12898,3977,36,12847,11000,717"
15475,15475,"13249,11843,7314,5177,10340,5642,4332,13097,8561,1783"
15483,15483,"1290,10464,8284,9295,4036,1779,1851,4109,10674,7120"
15487,15487,"8235,12662,5875,13191,3016,12757,11328,9997,12882,5095"
15500,15500,"9771,9306,7683,13214,4877,7063,2149,7439,5946,2602"
15511,15511,"12339,9032,3870,12321,13296,197,2548,6962,1100,248"
15515,15515,"8562,6220,2218,11540,7983,3428,9600,4323,1634,9036"
15519,15519,"7578,11403,8235,931,6971,2140,6522,8922,2567,6326"
15534,15534,"4698,2343,8703,11540,3787,4605,9459,2327,5545,12341"
15545,15545,"1290,9170,7120,7679,2916,6322,4022,11475,10137,5752"
15553,15553,"2343,7679,1851,9730,10126,9330,3721,6189,10137,4576"
15556,15556,"8413,7466,11326,3870,2108,11772,4430,708,5433,5839"
15564,15564,"4448,7063,3488,1996,13249,2218,9901,2140,9733,6005"
15567,15567,"4163,2957,1558,8342,10674,4216,4793,7669,12869,8033"
15582,15582,"8848,5731,7093,9518,9880,6513,10081,11384,11843,8321"
15585,15585,"8421,10326,2140,851,4798,4277,9580,5303,331,2158"
15587,15587,"8413,11540,10916,1598,12857,6220,7707,1210,11693,607"
15589,15589,"10594,7083,7979,7138,11000,1889,4845,8483,5445,2169"
15590,15590,"9693,5964,2537,3127,4388,5782,8505,6795,3799,64"
15595,15595,"10835,7526,3055,6522,2555,7832,11227,3173,9988,3950"
15611,15611,"12497,296,3539,2916,3697,10607,6243,5135,6811,1779"
15613,15613,"3340,13346,5303,3055,12107,6302,6420,4414,4323,3428"
15632,15632,"5303,6971,9771,2140,13346,2167,64,3565,9455,5495"
15633,15633,"10326,3809,8575,2218,9072,2291,11010,12238,3766,11222"
15639,15639,"3770,1180,8421,11288,13211,5303,7498,6719,8590,12990"
15648,15648,"851,331,1912,6107,275,11384,4277,1180,1017,10241"
15652,15652,"9340,1634,13346,12156,1912,12404,2169,2158,11843,3766"
15683,15683,"3964,4413,8608,13296,13306,6220,4388,7707,3911,9356"
15688,15688,"11784,2705,5036,4413,2380,9942,12067,4946,6166,9733"
15703,15703,"8413,4413,11751,5310,13121,3340,10896,4947,3908,1378"
15708,15708,"2724,4213,2385,5879,7222,5346,1087,5875,8235,7395"
15714,15714,"8421,4865,10326,1210,2882,7197,3950,4798,9455,12857"
15719,15719,"4277,350,8421,4679,717,9938,10594,7063,331,2140"
15727,15727,"1230,2789,2291,2567,362,10462,5731,4947,5124,11180"
15728,15728,"12030,5573,4387,1290,12474,2339,11997,10322,12497,7120"
15735,15735,"4262,10326,8421,4679,2808,9580,12925,8053,10100,8590"
15736,15736,"31,6293,3870,2218,7886,607,953,1978,3171,270"
15739,15739,"3570,7903,4734,6811,9883,11299,5142,2372,12903,5691"
15742,15742,"6395,4947,11643,2905,1871,5516,5124,8205,11345,2956"
15764,15764,"12226,220,6060,11506,11194,1478,2770,1810,11871,1769"
15773,15773,"6515,4877,7439,6982,12680,4827,2380,11282,9771,2602"
15774,15774,"4527,6591,3848,12959,1366,9113,7669,2419,11847,169"
15786,15786,"11298,4576,6610,4664,10607,10389,10137,8714,9746,11024"
15789,15789,"6107,1180,12857,10241,9489,4525,1223,11394,9580,9105"
15796,15796,"2343,13296,966,9584,5642,9693,10326,6925,10835,9532"
15800,15800,"9718,5495,1783,10820,11288,3186,3871,2108,10388,12856"
15802,15802,"1290,2343,9730,1819,1220,7120,4977,8284,6322,2885"
15812,15812,"811,2140,1912,8161,2218,1180,12857,10326,2169,3990"
15815,15815,"8503,10154,12636,11320,13140,7138,7975,7712,10976,5302"
15828,15828,"10132,4430,4277,811,64,7138,13296,1634,3906,3442"
15831,15831,"9962,1290,5135,285,7120,4929,7265,789,10663,7792"
15840,15840,"9340,4974,11010,1769,350,9328,7138,11320,811,1223"
15845,15845,"7723,4413,11540,4007,2199,1937,4943,9089,2497,10082"
15847,15847,"1766,12156,9871,4870,3689,13392,10236,400,9641,12856"
15856,15856,"2140,12857,10326,11282,5642,4798,12875,8161,9198,4865"
15861,15861,"4163,2957,1558,4216,4688,3722,8342,13024,5135,10194"
15862,15862,"789,5135,9962,7817,9866,1554,10336,1290,5008,12903"
15871,15871,"5495,9589,10027,8373,10531,7663,3565,10560,7705,8145"
15872,15872,"10340,9880,13346,1872,8421,11414,3524,454,4846,4804"
15883,15883,"1290,9295,2885,7120,10607,6971,10581,2969,2140,4929"
15886,15886,"5976,1863,2327,2058,3487,13377,6456,8562,589,5927"
15888,15888,"13296,454,5303,9942,3428,12665,9600,9877,1210,4930"
15898,15898,"331,4277,1996,6971,13296,9580,8421,8161,11843,2218"
15919,15919,"6842,5540,7312,2140,6889,4941,4359,9016,8900,10453"
15922,15922,"5135,13309,9866,1290,9837,3697,3886,10147,6811,7856"
15931,15931,"589,10743,5251,5495,10233,9668,6658,8401,5532,5425"
15941,15941,"5303,8562,71,2380,1983,2238,10429,2218,4250,1856"
15943,15943,"8022,7824,3506,1776,4811,10506,9085,6899,8161,9580"
15956,15956,"11289,13310,2822,6971,5482,13112,8505,4199,6645,5964"
15958,15958,"6971,2140,6220,8922,13296,1290,6962,13185,8590,9295"
15960,15960,"7138,12733,3908,10608,13409,6302,2343,560,9733,7063"
15973,15973,"12330,8790,6601,9748,13377,12406,8387,208,494,921"
15977,15977,"11117,2885,5142,1290,789,9405,9962,10607,1977,4036"
15994,15994,"4413,13110,2013,9637,1478,2705,7024,1742,11751,8636"
15995,15995,"9405,5549,1290,5135,7856,8302,1244,3737,2988,10963"
15996,15996,"4266,12404,7084,1210,9449,2789,9719,2567,5545,4798"
15999,15999,"3870,2990,220,10785,5497,1996,8690,710,607,13249"
16060,16060,"6971,1290,4798,9455,9229,4277,4865,4929,2380,2789"
16069,16069,"13346,7084,7705,10976,11622,6736,12626,2741,959,2780"
16076,16076,"6610,1290,10607,4576,4664,4024,7120,5672,3427,2989"
16085,16085,"12047,6306,12191,4097,134,6714,5241,6197,7025,4158"
16089,16089,"8703,5342,2140,9937,4698,7637,7344,5149,7706,6166"
16097,16097,"11843,851,8421,331,12857,5610,2411,12990,4277,1180"
16112,16112,"1030,6999,4726,1899,11955,7857,3884,10748,1598,6847"
16116,16116,"5486,9848,8083,4562,9953,12875,4068,9155,2158,4766"
16137,16137,"4322,10462,275,12913,9580,350,3428,7138,1912,5495"
16150,16150,"6528,5338,6157,1328,350,5292,7797,8853,5293,13249"
16174,16174,"4413,10952,3950,11638,12575,2592,6995,6338,13368,4984"
16176,16176,"11910,8454,2116,657,5248,2610,9049,540,12069,9831"
16210,16210,"1290,789,5135,13309,10336,9962,4929,7120,9866,4613"
16212,16212,"3055,13346,7899,10916,7707,8590,3950,220,8421,11843"
16230,16230,"9072,8590,13249,10326,8161,5497,3308,1634,851,12990"
16245,16245,"5884,2506,544,10289,12990,2598,3950,9895,7253,8491"
16293,16293,"8221,220,1978,2140,8562,8590,4482,12875,5303,2789"
16299,16299,"2870,179,10607,1779,7120,12088,8590,1290,9874,10466"
16300,16300,"10429,7706,589,3542,2829,11103,1669,1983,13436,1863"
16303,16303,"4915,6751,12857,7197,1996,5999,7532,4411,6280,7716"
16305,16305,"1290,89,6220,1634,1851,560,2411,12869,544,4028"
16314,16314,"8421,331,12990,4277,1180,2411,4679,2071,6433,1017"
16328,16328,"11540,6584,3458,5819,11048,6107,6289,9984,10752,7088"
16340,16340,"5135,9962,789,1290,13309,10147,5008,9866,10336,3886"
16351,16351,"1328,1664,13026,8230,12213,3774,759,1437,11362,6469"
16363,16363,"13346,240,12053,12457,9719,9968,4798,9205,2958,7484"
16376,16376,"7063,5303,2291,4827,8452,4679,4798,9309,13413,7439"
16387,16387,"3274,598,112,8190,3295,11414,11540,6899,2007,4324"
16395,16395,"1978,10241,5545,2140,5303,3451,5538,13296,2670,9495"
16414,16414,"11502,11821,7707,4497,64,12606,1156,1495,7979,10028"
16416,16416,"10506,13010,12138,2165,167,5819,362,11180,4696,12346"
16418,16418,"7983,2218,1634,10474,12029,7264,10733,9799,4563,953"
16471,16471,"1290,2916,3427,7120,1851,10674,10663,296,10137,2195"
16489,16489,"9733,2218,3295,5341,11048,6220,4323,6899,6005,7487"
16497,16497,"7578,3127,1273,6795,8279,5622,13110,8235,10793,3750"
16509,16509,"4698,2265,7383,9937,1118,9306,12632,8922,7063,10776"
16510,16510,"2789,2567,2218,9449,931,2903,11784,11886,11622,4413"
16521,16521,"10607,4664,1244,1779,11298,10663,3238,1290,6811,5135"
16524,16524,"1987,4868,5755,5140,9568,840,716,3770,2734,8092"
16582,16582,"3275,7609,1926,7136,7986,12253,11931,12193,7620,5482"
16592,16592,"1487,13296,1856,10429,3088,7707,9229,7706,3487,6892"
16604,16604,"10997,9942,4576,11918,11298,4094,11024,6053,4028,1366"
16605,16605,"4576,6610,7605,12373,5979,11024,13370,4024,4664,4545"
16617,16617,"3070,9110,7679,1779,1851,10137,7605,12096,4732,10607"
16622,16622,"2989,7747,4576,11024,11918,7279,11298,4520,11775,10607"
16624,16624,"7238,1957,10589,6997,6220,9463,4947,4759,13284,4798"
16628,16628,"13380,6646,5823,11406,3055,8235,10304,3340,1361,7150"
16633,16633,"1290,4929,7120,6243,2916,8567,4777,13101,296,1590"
16646,16646,"9083,7706,5702,7637,4897,1349,2058,5307,8035,10424"
16651,16651,"3204,11814,9942,959,810,4414,1447,7359,5025,8367"
16654,16654,"10326,12793,6166,8922,11540,11886,12990,3055,2140,10916"
16673,16673,"9105,12594,11000,8561,10138,1634,7705,12105,7558,11180"
16675,16675,"6220,2140,10916,3428,13296,3000,12857,4277,4025,9871"
16677,16677,"7578,5199,6971,10778,13375,3909,5339,9744,5896,6033"
16679,16679,"4117,10366,1267,12635,2218,10795,6794,13058,9226,4230"
16686,16686,"1576,9102,12903,2831,5142,9874,6812,1829,982,9971"
16695,16695,"4277,12156,2140,837,8221,11194,12385,1912,477,11384"
16704,16704,"5749,3141,4067,9407,621,1497,10993,63,3418,11567"
16709,16709,"12606,11667,6220,4947,9410,8188,10606,8235,12457,10429"
16773,16773,"2140,8421,10916,6433,6096,331,13097,12793,9115,13346"
16774,16774,"9026,12296,9984,12440,12733,9901,4895,3321,11048,11010"
16797,16797,"9729,1598,6220,4413,13110,13306,4947,2705,12606,3428"
16803,16803,"7063,6751,37,2169,4573,9473,6260,10391,5089,2602"
16804,16804,"4277,4798,10326,331,3950,12857,12990,8421,6326,10916"
16806,16806,"2140,9409,7383,12871,6638,8022,10326,8188,13090,5615"
16810,16810,"11506,12895,220,7844,6641,7087,3950,1889,7684,3870"
16836,16836,"581,8822,992,9340,5576,2131,2140,4236,6558,1915"
16844,16844,"2770,9129,13271,3628,4266,1087,2936,8124,8246,2597"
16861,16861,"4163,2957,1290,4688,1244,4552,4216,5295,1558,83"
16875,16875,"4798,2140,2789,2990,12787,1996,454,773,6220,8421"
16936,16936,"4798,8161,8421,2140,1996,8483,13346,11751,4323,12768"
16946,16946,"851,217,3871,1328,13235,2218,4853,976,8939,8421"
16965,16965,"4798,12026,6220,9799,8421,5303,6418,2265,1776,12990"
16987,16987,"6971,5303,2140,12026,4101,8043,851,8161,11384,5549"
16988,16988,"6529,7024,13191,12662,5875,6509,3016,7289,220,7983"
16989,16989,"10326,8562,2140,10608,11282,13346,12842,3870,10820,4413"
17007,17007,"9668,6899,1529,4101,9799,1747,13406,7706,9083,5962"
17016,17016,"1996,11357,785,11712,4117,12531,1408,2571,2362,11960"
17030,17030,"851,6624,5524,11384,12504,6641,7462,7426,1018,13375"
17034,17034,"8421,6326,12990,11282,10916,2140,12385,5303,6433,3950"
17054,17054,"10594,8562,3458,12036,10132,7063,12913,12322,6767,10752"
17056,17056,"1328,10326,811,2004,2069,6549,10891,3992,12155,12857"
17084,17084,"63,11772,708,7802,11308,9833,2218,659,267,10345"
17098,17098,"8846,4960,7374,7707,4928,11103,3875,58,2214,6839"
17102,17102,"2140,6971,5303,8590,12990,12793,4798,1776,6270,12026"
17109,17109,"9908,6164,2624,782,7673,4416,5592,5700,1407,6484"
17112,17112,"12960,3464,164,7900,3875,4414,8628,1977,2885,13330"
17119,17119,"857,9580,6971,4315,10453,11382,13296,1084,1220,10907"
17124,17124,"2380,5303,9937,1598,10326,3055,4414,7723,4698,6925"
17141,17141,"5999,3055,4388,8608,4266,7964,4117,2140,10835,7532"
17160,17160,"4163,2957,10674,4216,8810,3722,4940,8650,169,8033"
17179,17179,"1598,4413,8413,6220,4414,12606,6302,1478,7558,12857"
17189,17189,"3619,11384,3628,8421,837,1210,6533,13346,9105,1358"
17191,17191,"8981,11536,5149,5762,9668,9799,9083,10429,4698,11984"
17194,17194,"5085,16,3770,275,1017,7133,13150,10337,3565,1661"
17195,17195,"5199,5999,4053,11357,11712,13218,5532,785,4266,5422"
17200,17200,"1290,7120,10137,6610,10663,2916,4576,4024,4929,10389"
17212,17212,"4947,6220,9799,4413,11396,1634,9729,8261,1598,2990"
17218,17218,"2343,9693,2905,13346,2537,6220,3340,12611,10063,976"
17232,17232,"6326,3950,11048,11540,5576,607,1022,7462,8092,12787"
17242,17242,"4277,4865,331,8421,1180,1776,9580,6433,10326,2140"
17255,17255,"1478,5999,2990,7723,5124,7053,4413,454,6089,9799"
17262,17262,"10607,6610,6812,11775,3539,1829,5135,10648,8167,12869"
17275,17275,"4946,3428,1478,4413,12368,5293,12973,7707,12278,538"
17276,17276,"9164,2012,11384,9234,7197,6380,9580,10127,6805,12875"
17278,17278,"475,1863,4250,2303,589,4098,10802,11402,9083,3202"
17283,17283,"6638,12858,1220,6220,2140,4798,4277,8590,9799,4865"
17284,17284,"5534,12034,2140,2728,5999,13054,11000,3825,4244,8303"
17295,17295,"8972,7547,10326,5677,13249,2411,13306,544,3346,10993"
17298,17298,"1290,4576,10607,10137,296,6610,10389,4664,12373,7120"
17319,17319,"6220,7359,6641,9942,1598,13306,3428,7707,3870,13296"
17320,17320,"3148,11298,5670,11918,5480,1703,7679,4024,3438,9730"
17325,17325,"8235,5292,2903,9229,1220,2091,6638,5422,220,9693"
17330,17330,"8235,12253,5375,1571,12662,377,10147,5875,12193,6509"
17334,17334,"789,8714,1554,3704,12903,12774,3427,10336,12910,10464"
17346,17346,"1478,12058,3799,12799,8562,12382,2237,131,9744,5104"
17352,17352,"2571,5999,4117,785,7899,4053,12858,4067,2411,1634"
17353,17353,"1290,789,9962,13309,5135,12030,9564,2286,7120,8302"
17396,17396,"10124,12857,2140,12875,8205,12680,2958,8413,9580,8562"
17408,17408,"8822,8161,851,3781,5303,1180,7900,9580,10196,4025"
17414,17414,"12813,1210,11843,11540,4332,4602,3340,2337,8830,607"
17422,17422,"12262,2938,2989,12022,11376,7089,7889,11990,12316,11869"
17424,17424,"1912,8421,1408,9504,9393,3628,8279,2318,13150,4162"
17427,17427,"2339,4738,5135,10644,4613,3502,789,12333,4139,4983"
17432,17432,"8421,6517,5303,13346,3423,6925,11590,11396,8562,13249"
17434,17434,"6420,1634,7138,6311,12321,5302,9799,3308,3766,8922"
17439,17439,"5545,5549,454,9942,3428,3870,3071,4947,2199,8699"
17442,17442,"6971,5545,13296,2343,9799,6220,1863,10429,9557,89"
17449,17449,"10340,6326,2013,4413,4846,11540,8293,8421,4324,7939"
17472,17472,"8408,12611,2905,5199,5381,5495,4477,13097,3127,6782"
17509,17509,"4576,10389,11024,5969,4664,1290,10607,6576,544,9170"
17522,17522,"4413,1742,9952,11869,3166,3509,434,5235,3583,1326"
17527,17527,"2291,12733,7063,2140,1912,4324,8161,7138,13026,1543"
17535,17535,"9732,8650,8098,4688,4333,8342,5969,7679,11918,1290"
17540,17540,"16,10924,4679,8022,280,11019,13296,7138,3064,6260"
17541,17541,"1290,5135,4664,11775,1851,789,9730,3539,10663,9962"
17551,17551,"11000,12990,5470,11721,5091,5363,31,6226,12793,2140"
17564,17564,"6899,9937,2169,1634,2585,5610,6505,7172,8562,5642"
17565,17565,"6306,8149,7733,5796,5605,4063,92,7973,9408,4803"
17581,17581,"8366,12990,4315,2158,10326,10916,3774,10568,6280,3853"
17596,17596,"6220,1598,454,4277,11236,4173,2995,9600,3143,12026"
17601,17601,"4413,10340,7723,820,1957,3106,3532,6899,2199,3870"
17611,17611,"12378,2867,12295,11635,2218,2205,12606,6503,8198,4414"
17612,17612,"4323,3507,10326,12857,11594,9719,4097,2158,9942,8198"
17620,17620,"8413,6302,4602,5199,12579,11772,708,11288,11784,5999"
17627,17627,"5199,10835,5532,10778,58,13375,3909,2537,6834,7983"
17634,17634,"9083,1863,10429,1983,13269,6523,6697,5669,2643,7787"
17649,17649,"4277,9938,5025,2882,12404,11455,1978,4798,652,10326"
17654,17654,"8562,7998,10504,1479,3103,2292,6141,9128,604,6293"
17659,17659,"9668,5549,4101,6166,5149,7064,4698,12704,11186,7706"
17666,17666,"1290,4929,10663,7120,4199,544,6243,2916,11775,12497"
17674,17674,"851,9711,7916,3261,12439,11843,8132,8822,12779,3262"
17684,17684,"10326,12990,652,350,4025,9970,4993,11384,9340,9178"
17708,17708,"12779,6107,1223,9352,9880,11405,5233,4804,2808,8413"
17709,17709,"3799,8454,6220,4097,1897,12831,3500,10121,696,4256"
17741,17741,"3055,2140,6326,13121,5999,7578,5549,2199,11540,6962"
17752,17752,"9375,6307,10739,516,873,5249,6060,8911,12204,2975"
17765,17765,"8235,6834,2343,11289,1220,89,9532,3127,7024,5532"
17770,17770,"8703,7637,6938,9954,13255,9668,10332,11733,12663,2020"
17814,17814,"3275,3138,9718,6166,1863,12944,10140,1514,6445,6529"
17818,17818,"10987,8189,146,13267,5011,1769,11574,8497,9340,11161"
17822,17822,"11117,2286,1290,12030,8302,7120,4638,5573,2339,1977"
17826,17826,"2140,9580,10326,2169,10608,2291,8421,331,8590,5025"
17827,17827,"1290,11298,10607,12903,4576,4036,7120,13370,3238,12869"
17840,17840,"13296,3487,8360,3303,2058,8188,5545,5976,5622,10529"
17843,17843,"2218,13310,11772,7986,205,4413,6137,512,7136,1943"
17864,17864,"12785,5445,6639,9409,13329,3980,9984,6461,5992,8746"
17871,17871,"862,10918,10429,5149,1863,12723,4698,13377,8981,9083"
17881,17881,"8671,7138,4277,64,8018,12990,5532,717,2411,544"
17928,17928,"6166,13296,6220,10326,4413,1165,4277,5642,9234,6302"
17931,17931,"9375,2123,8236,6487,5103,7721,2263,516,12838,7220"
17933,17933,"7466,9203,12747,802,6220,5437,6872,12278,4257,1783"
17953,17953,"2380,8922,2218,9203,5303,3055,12026,3303,275,7707"
17970,17970,"931,1585,4413,3317,5460,6091,5545,3326,1598,12788"
17977,17977,"1180,11540,11886,3103,10537,13249,6270,2169,5471,7053"
17982,17982,"9962,7817,10644,4613,3886,13027,12306,1241,8653,10737"
17995,17995,"2286,9799,61,13296,7390,10217,12030,5573,7955,8302"
18002,18002,"4679,10608,6971,13346,12857,7138,9328,4443,9340,3767"
18006,18006,"2137,9107,12744,9759,7706,10775,7619,10378,1487,2250"
18023,18023,"8421,7063,13214,5303,1912,8590,4679,851,2291,10916"
18024,18024,"7439,5747,9771,4877,797,2291,9073,764,3643,362"
18047,18047,"723,12058,4602,10749,8188,9502,386,7802,11994,12665"
18050,18050,"2218,6971,12813,4332,11403,3055,3578,5303,9942,5545"
18078,18078,"8421,12385,851,2808,331,1634,4798,4865,6971,9580"
18086,18086,"789,1290,5135,6971,9962,2140,7856,10147,10648,3737"
18093,18093,"2493,2114,12869,11997,8342,420,3986,9330,7669,6656"
18115,18115,"12385,851,4277,1912,4453,1180,8421,4679,837,1776"
18122,18122,"6971,1856,11884,7783,8922,5339,8981,9689,5187,10429"
18124,18124,"2140,1747,6971,8922,10326,89,6638,2343,5999,8633"
18127,18127,"1290,7120,5135,10663,296,4929,6811,2916,12497,2969"
18133,18133,"12857,3950,3992,7197,1328,11590,10916,10340,11540,13249"
18148,18148,"2380,10835,10529,2218,4237,7673,2905,12268,5497,8922"
18155,18155,"2867,12378,6503,2205,10395,11345,641,5748,1532,12009"
18158,18158,"11298,4576,2153,1803,770,171,208,3238,13370,1779"
18166,18166,"2882,7356,5999,2140,13160,9880,8822,10138,4798,4199"
18167,18167,"2140,5303,9072,3853,9341,13235,4025,6638,3950,2218"
18169,18169,"3641,5747,10954,6724,8984,4877,12551,4648,5385,2291"
18175,18175,"7024,12662,12253,13191,5532,11403,7983,3909,7289,3127"
18178,18178,"3340,13346,2789,6982,10340,11622,11751,5177,12425,1286"
18214,18214,"1290,7120,10389,10663,11775,11024,10607,4664,4036,10581"
18217,18217,"2140,11843,9901,12404,12793,6588,275,1328,2199,851"
18226,18226,"1290,9170,7120,2916,7679,5752,6322,4022,10137,1851"
18229,18229,"2140,9968,9851,7887,7312,8806,3529,13257,12990,2384"
18236,18236,"9546,8793,6341,12159,4049,12248,2599,13327,1438,840"
18240,18240,"9942,3428,3340,5545,8454,3950,5199,3992,3509,9410"
18262,18262,"5545,6220,8590,7723,13296,1598,9942,4430,9365,13110"
18266,18266,"4576,10389,10581,1290,11298,1891,4024,10137,12903,8978"
18272,18272,"12606,11993,13346,12793,8505,8421,3055,810,8562,4798"
18292,18292,"7707,9799,10608,10869,8421,1478,6220,12606,12440,5307"
18299,18299,"4277,2218,10993,1598,16,6751,1017,11000,10326,5184"
18321,18321,"6525,10100,129,4560,4860,8876,9178,2193,7963,13201"
18338,18338,"7707,6220,3950,2645,9410,11502,12180,13296,2343,8562"
18339,18339,"8043,1776,8161,10594,10916,4277,6515,10326,9580,5999"
18341,18341,"12104,7723,3888,10082,4452,9454,1077,11772,6166,13346"
18355,18355,"1290,7120,3697,9295,4929,10663,6811,2885,2916,10607"
18364,18364,"544,8922,1290,2343,8135,8514,106,789,89,6322"
18368,18368,"4798,13346,9455,4865,12857,9450,10340,5545,6326,10138"
18393,18393,"4798,9132,2140,5303,12990,9306,4786,2291,851,10326"
18409,18409,"8885,6588,2140,7941,2031,10006,9178,2218,12156,3488"
18434,18434,"10326,12990,2140,6971,331,4525,5303,10077,544,1180"
18440,18440,"1182,5545,1254,1978,9487,10507,11488,5303,12442,714"
18446,18446,"8421,4199,1180,4277,12359,4798,331,8562,5303,10326"
18467,18467,"11969,8593,12933,2140,6320,4775,13331,3488,5619,10434"
18475,18475,"4387,9837,2218,12474,10322,4083,3697,12030,9072,2841"
18487,18487,"9937,9799,3295,4698,1634,12622,3950,12680,6220,6166"
18489,18489,"342,10674,544,4163,10798,1558,9330,6914,4898,4025"
18499,18499,"4949,3296,9514,10551,2748,7503,152,117,3076,11803"
18505,18505,"4798,8421,8562,6220,11622,6445,11843,10326,3138,13346"
18525,18525,"9799,331,11822,6107,2808,9580,8421,1662,8161,350"
18530,18530,"9953,6183,8421,331,10245,10936,4917,13279,9155,2395"
18539,18539,"589,9083,9689,1290,9564,1863,5636,13436,4250,5976"
18546,18546,"2343,8279,9693,5199,5532,10063,11289,89,3127,6834"
18579,18579,"3799,9942,4277,11540,8562,811,1579,5109,1978,1323"
18585,18585,"4117,10529,6795,2343,1124,3424,5782,5422,10835,5999"
18595,18595,"2218,11000,50,8830,13296,13306,2380,8562,11405,3950"
18648,18648,"12309,11000,12813,10980,3012,10073,5534,10159,3402,7232"
18679,18679,"3950,4602,8413,8562,7024,5875,1585,5293,5524,3992"
18683,18683,"7706,860,1856,9968,5582,1189,560,1430,8188,7637"
18687,18687,"1290,7120,10663,4929,5135,9960,3697,6811,11775,2916"
18718,18718,"8562,7707,13296,6220,12606,5642,12944,4865,3303,837"
18741,18741,"11751,5673,11396,1957,4448,5293,12813,11622,6982,11983"
18760,18760,"13309,10464,5135,12903,789,3305,6554,3539,8590,5663"
18771,18771,"1912,10121,16,5302,9215,2164,10127,3422,1598,8590"
18787,18787,"10326,331,8421,2808,4798,4679,1776,6971,851,10916"
18788,18788,"4323,12793,607,7053,6220,12958,9115,4413,2990,9454"
18789,18789,"4266,5734,220,646,5866,8643,9134,13315,13058,5610"
18798,18798,"2380,12831,8562,5303,3950,6220,2580,607,7890,2990"
18800,18800,"847,2411,8579,909,2995,5485,3571,4388,4177,8894"
18805,18805,"11772,4323,8325,7133,11540,9410,10241,4413,11795,1527"
18806,18806,"11775,789,9962,6811,9960,83,10336,10644,8475,10607"
18812,18812,"6971,7024,8235,12944,8922,7983,5532,11784,12026,3340"
18818,18818,"5822,6659,9375,3938,6011,2541,4399,12838,7604,2806"
18830,18830,"2789,3106,2567,254,1634,6971,5621,4413,7723,4430"
18835,18835,"5969,13370,4664,9637,6971,1879,1290,9567,8554,4576"
18839,18839,"5495,9668,5540,5966,7664,12147,8472,10410,9996,662"
18851,18851,"4915,7865,10608,1726,9799,2220,13265,10293,12353,3870"
18854,18854,"3055,7578,8161,9997,4798,2789,2567,9449,4322,8421"
18864,18864,"1180,4277,5303,851,12990,2140,11384,837,7197,2411"
18865,18865,"1156,3088,589,9564,8703,9668,12579,13436,12414,7892"
18874,18874,"11024,789,11298,6971,6610,4664,10607,9962,3539,1755"
18875,18875,"976,7112,1180,9135,7578,2343,4199,5964,10063,30"
18879,18879,"1558,4163,7669,10674,420,8033,2957,4216,2709,11554"
18882,18882,"1779,6971,13296,11024,1290,9960,4576,12775,12869,12874"
18895,18895,"8235,4413,2990,3950,12662,5875,3992,3606,4947,9550"
18903,18903,"5303,1912,10326,4798,7800,1524,3990,6371,577,10661"
18913,18913,"2140,2343,9744,8633,8922,12990,1220,8126,13346,7116"
18934,18934,"789,5135,9962,1290,10336,13309,6971,3886,4613,9837"
18935,18935,"8608,4388,3909,8590,10835,5532,7964,5073,3424,4117"
18981,18981,"10608,9983,7692,2218,6220,7060,9968,7487,6166,12104"
18985,18985,"8922,5402,6971,9693,2343,2291,2140,8421,8302,10326"
18987,18987,"12030,13101,6243,8567,5573,2916,12497,4387,10322,296"
18990,18990,"10326,9115,6220,11384,2905,12359,7197,10916,8562,12990"
18996,18996,"89,10288,9550,959,10592,10794,2199,2019,8922,1287"
19010,19010,"331,10326,8421,4277,1180,851,1776,8161,12990,10916"
19016,19016,"11938,9438,10164,8337,4286,4111,1556,10674,4467,7669"
19018,19018,"2042,992,13259,3313,9167,11683,1010,6325,6847,1046"
19029,19029,"7063,6515,2140,2291,12875,5025,851,9865,1018,5341"
19060,19060,"7679,9732,3833,12435,9826,1598,7266,110,12162,12556"
19069,19069,"1290,7120,8590,10663,4929,5303,5135,6243,2885,12497"
19084,19084,"4798,11282,10326,2140,5303,12990,8205,6433,7197,8161"
19086,19086,"1290,10389,5976,589,11969,9732,6283,7707,2989,1863"
19105,19105,"1290,6660,9295,12681,1812,6243,12030,13101,1400,11243"
19110,19110,"789,5135,10607,10336,6811,3070,9962,11143,2885,4036"
19135,19135,"1081,134,10326,8540,13130,8949,6027,5105,4832,9629"
19144,19144,"9413,12875,2019,8205,10916,6373,5549,3055,4117,5553"
19154,19154,"9800,3585,7063,2910,5009,37,2023,3950,6982,8130"
19168,19168,"4277,4865,8562,3950,4798,12857,5610,2140,3295,331"
19173,19173,"4083,4387,12474,5573,12559,5962,1132,7345,1475,7491"
19187,19187,"589,2058,836,6697,9564,1487,13436,6893,1856,5962"
19216,19216,"227,13159,6528,12539,9258,5001,1219,5947,4623,10732"
19227,19227,"3534,614,7528,10835,10645,13436,13363,3500,6893,6570"
19231,19231,"10326,12026,1996,9799,2140,12990,2789,10340,1634,4915"
19234,19234,"1779,4576,11024,1290,10607,7120,6610,10674,4111,9170"
19255,19255,"2140,6971,10326,12026,8235,4798,8922,13296,6515,6962"
19258,19258,"10340,13132,5067,11751,5293,6848,2199,2671,4413,3106"
19266,19266,"9799,1290,12030,6243,4929,10712,11117,1977,13348,5573"
19296,19296,"2537,6834,1220,13257,6795,2411,5866,2140,2905,12156"
19297,19297,"12888,6582,13234,11917,9258,5871,7447,6659,8257,7302"
19308,19308,"11622,11751,8235,6982,3950,5414,3055,931,11795,11403"
19323,19323,"12047,6027,6306,8949,5796,10352,7878,2363,7447,3481"
19346,19346,"7138,6971,4277,1634,10326,12990,544,8421,5303,12680"
19347,19347,"4929,7120,6243,12497,2916,8567,296,4777,8590,13101"
19360,19360,"12133,8302,12991,12512,2286,8554,12030,4638,11569,9284"
19364,19364,"9500,2709,10687,9857,1079,11897,9330,7072,27,5287"
19378,19378,"13346,11886,8421,10039,2789,10835,3340,2990,4090,5999"
19379,19379,"4798,8421,11843,1210,6326,851,8279,11871,11384,560"
19380,19380,"12990,851,12857,6280,4277,331,10326,5307,5642,9380"
19381,19381,"8421,10326,9580,331,6107,12779,10916,12990,11282,4798"
19384,19384,"1634,1978,2777,11320,12665,7063,575,13245,1746,9340"
19385,19385,"13296,1286,13346,3428,9729,3950,2218,538,9292,2038"
19388,19388,"1290,2916,4929,10663,7120,7856,296,12869,4028,10464"
19406,19406,"2140,6971,5303,10326,6433,4277,331,7138,1776,1634"
19408,19408,"4053,5999,11357,785,2571,11712,13218,13058,4459,115"
19415,19415,"1334,3148,1290,4576,10607,11298,3427,1588,10963,12807"
19417,19417,"1598,8235,10326,10642,6270,7578,3055,9886,12309,11048"
19434,19434,"3663,5918,10855,358,8127,7060,3387,6805,2537,9627"
19441,19441,"10138,1378,9580,10608,2218,4974,3950,3340,3112,8018"
19461,19461,"1290,7120,10663,12497,4929,2916,1977,6243,4777,10607"
19474,19474,"931,3950,708,1585,6302,1598,3317,2567,5199,8235"
19477,19477,"10658,5409,11051,6957,11682,2695,9887,2907,239,11757"
19484,19484,"4576,10607,8978,2989,11775,3438,1244,5672,11024,4664"
19502,19502,"6967,7707,566,10255,3799,10071,4117,9734,2074,12665"
19503,19503,"6767,6586,12538,2461,6641,1079,5545,11262,3853,1933"
19512,19512,"50,9093,1783,16,9767,3306,13346,12604,8671,11966"
19515,19515,"975,3373,9247,6259,7495,2890,5195,4237,7374,3016"
19518,19518,"2218,1290,5135,6283,4929,9962,61,9671,6243,789"
19530,19530,"6220,13296,1634,6925,6166,9799,12680,8421,7487,6971"
19559,19559,"1290,6971,7120,4028,4576,11024,10663,12665,12869,296"
19576,19576,"8235,5875,1662,7024,5999,6509,7200,11180,4715,6311"
19586,19586,"2537,3565,5803,8220,9721,2135,5199,4391,5608,9097"
19594,19594,"6962,8235,12662,5875,377,3870,4322,13191,7024,1290"
19605,19605,"9570,7792,2170,1716,6256,684,589,1544,12150,3294"
19618,19618,"2380,3950,5422,8562,12026,8590,3055,9550,11751,2905"
19620,19620,"9799,9937,3071,4698,8703,6395,6892,1662,9668,3515"
19623,19623,"8819,761,607,10736,2135,2118,9817,5913,10952,11338"
19628,19628,"5999,10326,11357,10835,8421,10529,13249,2905,2140,12990"
19631,19631,"7120,2916,4929,296,9730,4387,9421,2264,10663,13101"
19642,19642,"10835,5199,3799,8279,4416,2771,2645,3468,5999,393"
19644,19644,"9306,7138,2291,5946,4648,7439,10697,3089,8400,8402"
19648,19648,"3742,2969,5558,337,1789,11291,8505,58,2929,5903"
19665,19665,"1319,6115,13107,3076,1302,3000,12940,6901,7344,12053"
19683,19683,"1290,10663,10389,2916,3570,544,4664,5135,4929,1851"
19684,19684,"11390,3568,11788,9578,11014,1180,831,1727,10820,3470"
19693,19693,"11921,12793,7138,9340,5866,2158,2140,12636,8503,10326"
19696,19696,"5819,2199,7948,8205,2291,4798,5303,7454,2264,9699"
19707,19707,"6971,851,1776,12758,5303,3770,10462,4484,12119,649"
19715,19715,"2343,5532,4117,64,12665,5866,2822,5592,9693,5999"
19716,19716,"1290,13309,7120,9866,2784,4929,8525,296,7817,10336"
19729,19729,"6220,2140,1290,8590,9229,7707,6971,12030,1662,8302"
19734,19734,"10326,10629,13346,2861,12813,9699,9880,13249,1426,1681"
19758,19758,"9786,5460,12425,453,10339,12632,11910,7294,220,10589"
19764,19764,"7138,9473,10027,2238,5292,10835,8922,7558,5104,4853"
19773,19773,"1290,9962,5135,789,13309,4929,2916,10581,9295,4664"
19778,19778,"3871,12143,9835,9164,9292,3677,22,2218,9245,12639"
19780,19780,"10153,2218,6166,9733,8562,12955,5445,3509,487,12665"
19784,19784,"350,10326,7063,9875,6433,8562,4277,13123,9568,7383"
19786,19786,"8562,8161,810,9216,5303,7672,544,8018,2140,1017"
19793,19793,"6971,11843,1776,13310,2218,12990,5214,12857,10326,9056"
19798,19798,"4798,13346,8590,1640,5303,7900,7983,3950,4277,1912"
19808,19808,"9799,2990,10473,7723,12331,4947,5124,11396,3515,6395"
19812,19812,"7101,10674,11299,9732,12869,83,4664,12903,7679,10607"
19821,19821,"8575,220,7064,13346,12309,3422,10986,9358,9078,12944"
19830,19830,"9962,789,5135,12869,11775,4642,13309,7817,10336,9888"
19843,19843,"4163,8342,2957,1558,10102,11554,8810,8085,10674,1290"
19867,19867,"6220,1863,1983,558,4718,11230,8113,475,1789,5976"
19889,19889,"11751,12382,4944,5761,959,4865,12173,950,4199,3340"
19893,19893,"6166,12606,5966,13377,9937,211,1863,10429,12330,7784"
19898,19898,"1290,7120,6610,6322,3539,9170,2916,10607,13309,296"
19902,19902,"10352,5789,1129,680,2356,1916,9568,4832,7486,12824"
19905,19905,"8421,11000,1180,7138,8590,11843,4679,13249,12779,2169"
19910,19910,"1996,4025,8421,1180,3781,11384,12385,5166,8156,3980"
19929,19929,"6220,5303,10326,11843,13346,4277,4798,331,1776,1220"
19932,19932,"1779,4664,1371,2901,6576,7679,12995,10389,10607,13370"
19952,19952,"2140,8421,5545,9799,851,1543,12680,5540,12331,3085"
19956,19956,"4733,2456,4315,2814,10571,6260,1347,851,10869,7701"
19987,19987,"12026,2808,9799,4865,8421,851,3085,6326,10138,6515"
20008,20008,"8590,2140,11969,1290,4277,12990,4798,7120,13296,6610"
20018,20018,"11622,6982,11795,2910,4413,10546,10340,5673,12425,9799"
20019,20019,"5199,5303,5731,7063,12758,7383,8053,1290,8483,2885"
20020,20020,"1132,4083,5675,10322,10317,4929,1290,8478,7120,1475"
20023,20023,"3055,11751,2789,2567,11622,13346,11886,714,4602,8413"
20031,20031,"7706,6971,2327,7707,10429,5545,1863,8607,6892,6220"
20039,20039,"6220,9799,11540,8562,7707,820,3340,6166,1220,2990"
20040,20040,"5303,2380,4798,4865,11406,3571,9449,7532,2789,2567"
20041,20041,"3545,12470,2373,4095,10429,8593,8188,5199,7707,13436"
20045,20045,"3055,13346,2789,8205,12857,3106,6326,9098,3515,13381"
20056,20056,"560,8575,7707,12606,3055,12757,2789,9455,4101,9559"
20069,20069,"2218,5303,544,11288,3275,13346,7138,10677,2369,11000"
20074,20074,"3870,4413,13110,961,6659,4090,9426,2013,7939,8562"
20083,20083,"7103,7133,13296,13121,5545,10196,10326,5461,2903,13306"
20085,20085,"281,1639,11532,3570,9730,4689,4664,7971,4024,1779"
20086,20086,"2176,11784,2218,275,10608,5485,6166,12733,6220,11000"
20089,20089,"8562,6220,2140,5485,3870,9799,1988,7392,3950,12813"
20101,20101,"8235,8922,12026,9890,12757,89,7983,7053,12193,13381"
20104,20104,"6011,4399,5105,5760,1521,5822,6690,1796,6306,12204"
20112,20112,"8562,2380,13296,8607,1664,5303,8590,7706,12831,6326"
20115,20115,"6220,11540,5642,10063,12665,2822,8505,2903,10340,13315"
20133,20133,"789,5135,7817,10644,4642,12869,4955,11998,10336,4613"
20136,20136,"2343,10093,7063,5292,8505,2140,11001,10827,4181,6985"
20138,20138,"9962,5135,789,1197,7817,4613,13309,4036,4973,4552"
20162,20162,"12680,3308,331,851,4679,7867,2318,6141,12857,12990"
20176,20176,"6971,6515,4798,8922,10027,8590,2140,2218,11630,12026"
20200,20200,"2140,5485,7063,275,1018,6962,2670,6971,2411,4827"
20222,20222,"5946,9306,13214,2291,165,8402,7439,2149,7504,362"
20251,20251,"6971,2140,12680,9229,8922,331,1290,11282,8514,1776"
20256,20256,"12470,10733,12668,5199,609,5867,10677,3871,2218,1945"
20264,20264,"7197,2140,4277,1017,6632,12990,851,6433,11843,4056"
20280,20280,"2861,12369,10326,10916,8421,11384,8561,7558,13259,2158"
20286,20286,"9962,10429,10867,8607,5930,13376,12723,7471,3620,5544"
20323,20323,"1290,7120,5135,9962,13309,789,10607,5573,1977,3697"
20324,20324,"1290,7120,6971,10663,12129,7707,12030,4929,5142,9689"
20336,20336,"1747,6220,9693,4576,1863,4664,10389,4036,9500,6610"
20339,20339,"8562,3055,5731,3992,4947,6326,2990,1648,4430,4798"
20344,20344,"354,1912,12030,9072,2885,5911,12026,7637,4101,8302"
20356,20356,"6220,1598,8562,5545,9729,3870,4413,13346,1478,10326"
20360,20360,"12474,1132,5675,4019,10322,7075,4083,9646,8478,4388"
20362,20362,"2343,2443,4605,9097,2537,9693,5782,5592,8279,3909"
20376,20376,"9340,1697,1763,5091,717,13040,9380,4322,5470,9514"
20381,20381,"2218,9083,7241,8359,9668,254,10697,7707,1716,7892"
20394,20394,"7120,296,4929,9668,10663,9348,12497,2916,1747,2530"
20397,20397,"6653,13296,1669,4413,7236,7157,6810,9410,12038,8119"
20407,20407,"6220,220,3799,10589,11194,2108,660,5403,3858,1210"
20413,20413,"9888,12869,3539,11775,6812,1290,9306,8090,3737,10607"
20433,20433,"5135,1290,4184,8506,6811,789,9962,7120,6733,3682"
20448,20448,"9553,7879,8623,11454,7792,1558,7971,3544,5368,2118"
20492,20492,"13296,1412,7487,2994,4345,2218,7264,4602,3428,5545"
20505,20505,"1290,6610,7120,296,8254,2885,2916,5135,789,9962"
20512,20512,"13346,1634,491,9098,6107,9580,9744,11886,1996,167"
20514,20514,"6306,1706,13013,7495,11445,3597,10537,6634,13259,5184"
20533,20533,"350,5109,11718,5996,811,11010,9341,12618,12747,6588"
20543,20543,"8421,11384,9927,12049,4694,7232,9711,9340,10712,6184"
20546,20546,"9580,4974,10594,6824,8161,7833,1776,4798,13114,11282"
20557,20557,"5303,7707,5485,8421,8562,12757,5545,4798,8590,12934"
20558,20558,"2882,9602,2395,10473,3673,76,13114,9953,12857,10666"
20561,20561,"3870,12793,11540,11751,11622,8590,13296,2380,5673,4183"
20566,20566,"1290,10674,3070,8590,6811,10648,9295,10607,11299,9746"
20573,20573,"12184,12021,2286,9671,1429,5582,2784,6203,589,6283"
20623,20623,"6971,8922,13296,12474,1747,5573,1487,4698,4387,10322"
20627,20627,"837,6107,8421,8161,7707,8575,13296,8635,1891,1290"
20643,20643,"2291,8161,8421,5747,11939,7979,9380,3434,5468,8022"
20645,20645,"789,5135,9866,7817,10336,13309,1290,1554,3886,10644"
20652,20652,"717,4798,220,7960,3950,6326,3072,3678,8421,4492"
20654,20654,"8421,4277,12990,1776,10916,1180,331,2140,9489,10326"
20667,20667,"7024,6589,12944,8235,10835,540,6688,7289,708,11557"
20670,20670,"5524,3802,307,4090,12794,831,4888,7578,3525,1612"
20671,20671,"11540,8413,4277,6971,12875,11784,10916,6515,12990,691"
20676,20676,"2140,8221,6517,12240,6426,6638,12788,12404,7079,9164"
20694,20694,"8590,1290,10326,6288,8823,89,4277,1891,10581,1210"
20709,20709,"2140,2218,9799,12857,11282,4322,9580,7197,6220,4388"
20716,20716,"9937,167,4698,11282,6892,6515,5149,2380,11751,5270"
20739,20739,"5541,9927,13235,5117,3565,1668,8503,12404,10400,1715"
20763,20763,"8608,4388,10778,2903,5199,5532,13375,13296,4451,11535"
20779,20779,"1290,296,10607,3070,4576,12373,2885,4958,3620,10648"
20781,20781,"12579,2789,5545,2380,4430,10340,9799,7707,8235,3422"
20790,20790,"9962,789,9405,13309,5135,6126,6991,869,4163,13004"
20792,20792,"8421,12857,10326,6326,331,7833,1996,2808,12990,11384"
20797,20797,"8590,6515,13346,254,5303,5199,4865,6962,560,9455"
20811,20811,"10082,6220,5399,12404,7723,854,7867,1478,8177,454"
20821,20821,"1290,10663,7120,4929,6243,2916,12497,6591,296,9295"
20830,20830,"1912,10594,4448,851,7844,2158,9580,4453,9164,10039"
20861,20861,"5545,2343,8279,9693,2537,9942,8590,5073,5307,4266"
20878,20878,"2238,9771,8279,10798,10613,7983,8590,7156,10835,1879"
20891,20891,"7024,2906,2145,634,2201,5875,12628,4715,13191,12253"
20895,20895,"1478,2265,4946,10340,3507,5293,5545,4602,2580,9164"
20901,20901,"1634,9072,5292,6220,12680,8421,5303,4679,6302,4382"
20908,20908,"2140,10326,4798,8562,11993,1180,5303,4277,5866,4865"
20928,20928,"1290,2286,12030,11117,8302,2885,10217,1977,7637,1750"
20945,20945,"13310,9733,2380,3275,13296,6270,680,1105,9600,12758"
20971,20971,"4798,4839,12385,13249,12404,1912,9799,1634,5884,10677"
20979,20979,"6971,2140,8590,4322,9799,10916,12990,9072,5303,9580"
20982,20982,"6107,906,1017,10579,5412,9580,4322,9573,9340,4974"
20991,20991,"8472,9799,8922,8590,8562,8235,5549,11282,12944,11751"
20998,20998,"4469,7691,64,9733,3565,9128,1091,5866,2343,11843"
21006,21006,"5999,8505,4266,2822,2478,4117,11289,11357,11622,5622"
21018,21018,"6515,8043,1821,11115,5214,4721,10402,370,6805,1684"
21028,21028,"513,8188,11772,4090,12606,8694,9453,4413,11749,10067"
21041,21041,"5700,3950,10196,9942,1788,777,11572,3871,9485,5642"
21042,21042,"4266,5199,10873,8279,3533,11289,11613,9422,2001,4097"
21064,21064,"9962,1290,13309,10336,10607,9866,7120,7817,10644,4929"
21075,21075,"10835,5199,8235,6529,6971,11289,5422,8922,6026,5999"
21078,21078,"4413,11540,5293,9729,5022,1598,3870,5761,6326,2990"
21081,21081,"5199,12470,5495,8235,5532,1746,4376,13235,10677,3088"
21084,21084,"6971,3055,6166,7964,1249,5485,1681,10835,11993,8562"
21089,21089,"12385,4277,1776,4974,331,7197,1180,8421,851,10916"
21112,21112,"1290,4576,10663,4929,7120,296,10607,11775,2989,5142"
21126,21126,"10340,8636,12026,3888,5999,10082,3713,7201,1478,8472"
21129,21129,"1290,9438,1977,1400,6971,2380,12133,8714,4387,12474"
21130,21130,"2343,393,4388,9693,5199,10835,12417,6834,5532,8608"
21137,21137,"8421,13211,4117,10835,3781,4053,6786,2148,10594,7197"
21149,21149,"11622,6982,10835,5673,4117,6529,4266,12632,12680,5610"
21152,21152,"7138,2218,89,5303,8562,11384,8514,10326,5199,13296"
21177,21177,"3950,1763,3870,8626,4263,6080,4492,5844,4118,7197"
21191,21191,"12030,4929,10217,7120,8567,10663,6243,8703,4777,2286"
21200,21200,"4685,13097,11540,12793,1328,11788,8939,3565,4679,714"
21204,21204,"851,8161,1210,5303,9115,1912,331,9580,6107,11000"
21221,21221,"11540,2218,12757,6166,6220,4413,89,2019,2380,5495"
21228,21228,"6971,8922,9668,1290,8053,9229,12858,1108,10963,10389"
21249,21249,"12152,2218,3416,2172,2777,4077,1978,10658,652,5552"
21256,21256,"11396,2199,11751,5124,9550,2990,2140,12026,4947,3515"
21261,21261,"10340,2218,13121,3950,11751,2910,6982,5482,8413,3340"
21279,21279,"8633,5292,3306,8922,5545,7678,2090,7948,816,377"
21282,21282,"1290,6610,12869,7120,10607,296,11298,9295,10663,10674"
21305,21305,"3781,1328,8421,4277,9340,10326,12779,12990,9369,16"
21307,21307,"5734,5040,10748,1765,7857,7225,6999,12152,9090,997"
21315,21315,"4365,10040,11094,3689,10152,12423,4245,4068,5642,4846"
21342,21342,"544,7120,10389,6610,4576,5969,6971,6576,2969,7605"
21347,21347,"5999,10326,1996,6220,4117,1598,10916,13346,11540,3055"
21357,21357,"4698,5149,12426,8981,6474,2327,11103,1856,7784,9083"
21358,21358,"5999,4117,4266,10835,5199,5532,4053,10778,2903,1100"
21368,21368,"9405,8525,789,5135,9962,13309,2784,2838,10147,11117"
21372,21372,"9746,2989,10607,9295,4576,11298,6610,4036,9101,4111"
21373,21373,"9600,5971,8766,4823,13296,11272,9942,9292,3331,4367"
21383,21383,"7120,296,10663,343,89,4664,4111,4929,5142,11449"
21393,21393,"9942,7707,13296,6220,5545,3950,3870,1598,3088,931"
21415,21415,"1290,11117,8302,8922,12030,85,7120,1012,9405,65"
21421,21421,"1290,4929,10663,6243,12497,296,13101,2916,8567,8590"
21433,21433,"2140,6971,31,2218,7063,4679,2380,1220,5303,3565"
21449,21449,"8562,10835,5545,12813,12665,6638,10326,9600,8421,4798"
21483,21483,"5545,5303,6220,2218,10326,13296,4277,8562,5485,10916"
21488,21488,"2789,11180,11886,13381,9443,10138,2199,3106,12026,12768"
21518,21518,"8593,12963,8138,4231,6820,9043,5964,5748,2989,2771"
21528,21528,"3545,12470,4413,4924,11326,167,3799,5022,3491,7983"
21536,21536,"1290,7120,10663,4929,296,12497,6243,6610,1779,10607"
21585,21585,"6220,9729,3870,6166,6925,4413,8520,1165,5545,7619"
21598,21598,"2989,11903,7258,3238,6729,11298,10137,450,7066,2218"
21602,21602,"6395,4947,931,2990,8922,4602,12685,4414,7079,11751"
21604,21604,"13214,2373,71,383,2081,9306,7498,8675,5149,5592"
21626,21626,"8,506,7977,3058,8215,3442,8205,9287,11643,11803"
21636,21636,"8235,861,11951,9532,3870,5184,10835,89,3127,6522"
21649,21649,"5573,4929,8567,12474,12030,10663,12497,6243,13101,7120"
21650,21650,"12859,1025,4512,5023,3738,5927,10913,2650,7852,2895"
21655,21655,"4576,3238,1290,6610,10674,296,3070,4664,11298,7590"
21662,21662,"5303,11024,12373,4890,5979,10389,7823,9156,10581,11298"
21681,21681,"1290,7120,296,4028,11775,10663,5135,4929,789,1851"
21686,21686,"9733,644,2158,8378,7275,3240,9649,5025,350,1825"
21699,21699,"4499,5875,10589,5835,7261,4715,6166,12105,10262,11029"
21702,21702,"1290,10607,10648,7120,5135,10963,9837,1244,12991,11354"
21709,21709,"12857,8161,9098,8421,4101,11282,5642,9880,9443,9580"
21718,21718,"10326,1996,5303,3950,8161,10916,8421,12359,11843,9580"
21719,21719,"8421,2140,12990,11843,331,1776,851,1634,12385,4277"
21724,21724,"8562,7886,13249,3950,2380,8043,607,5485,4025,13306"
21741,21741,"4024,4028,12995,8635,2989,648,3612,2709,4576,12653"
21746,21746,"11024,3519,10581,10840,4024,4545,2769,10389,4664,6189"
21751,21751,"6982,11622,10546,11795,12632,5495,6271,11780,10508,3510"
21754,21754,"331,10138,12990,1634,6433,7462,8421,6107,11000,6632"
21768,21768,"2380,3950,9449,2567,9443,11784,7707,5303,10326,6371"
21775,21775,"5703,12540,7706,1281,147,4444,10293,3334,8238,2137"
21781,21781,"12995,11024,9500,11532,1779,9048,7279,13131,12903,10389"
21789,21789,"7120,1244,10607,4576,5969,296,4929,11024,4664,10137"
21795,21795,"8413,8235,6962,4243,10006,10340,12875,3870,5073,11540"
21812,21812,"2567,5761,2789,1286,3340,9937,8986,9449,8413,3028"
21814,21814,"8421,2218,4101,560,6326,6899,4798,2808,9580,13346"
21820,21820,"2380,6971,931,2905,11622,3950,11540,1788,11289,468"
21827,21827,"10326,6971,2905,2411,5485,1776,13296,4277,8161,717"
21838,21838,"2802,13129,4702,3068,5976,2790,13044,2789,4430,7265"
21855,21855,"2343,4388,8608,6795,5782,5532,7150,220,1447,6593"
21881,21881,"6626,2867,11635,12378,6503,1634,2205,10395,2140,31"
21884,21884,"12606,3055,10835,7578,8421,2140,8562,11843,1700,8505"
21889,21889,"1290,7120,12030,6243,10663,6971,4929,296,2916,9962"
21896,21896,"10138,2140,10063,7558,1180,3766,8421,8562,12331,6433"
21902,21902,"7833,6120,5303,8161,9072,8421,2789,10138,10916,6515"
21916,21916,"10326,12857,9580,4865,2140,4798,6128,10063,9115,2169"
21927,21927,"5135,11117,9962,9405,789,8399,4552,12690,8733,6864"
21938,21938,"5025,5896,6107,331,7462,851,8421,11843,11384,4974"
21948,21948,"11603,6666,12266,6844,1514,13289,13008,2748,5610,11085"
21952,21952,"1290,12030,5573,7120,12497,4929,6243,8567,4387,5810"
21954,21954,"5532,13058,4053,5999,3424,11357,2903,12531,8505,4266"
21955,21955,"13310,7136,1453,4858,6307,6418,11019,11547,11484,3275"
21978,21978,"8981,10429,5149,5976,6166,4413,12704,12775,2058,1669"
21983,21983,"8590,1290,789,11969,6220,10137,2343,12858,708,296"
22004,22004,"8922,1290,6971,6638,2140,10835,4929,11384,7120,5422"
22007,22007,"12903,11299,5032,3464,13309,3704,10142,9185,6550,247"
22014,22014,"12541,4602,5826,9203,801,3774,7674,2429,1493,11683"
22020,22020,"6220,8562,9938,6107,12857,479,6433,12404,560,12665"
22052,22052,"8421,9711,5999,12385,1223,11767,5610,275,11000,9380"
22056,22056,"5819,1278,10730,11286,8837,10267,189,6438,4332,7715"
22064,22064,"9454,11403,5091,5966,10677,11180,1983,12105,131,8113"
22072,22072,"6742,13296,10241,12857,10326,12680,5126,12758,6506,811"
22074,22074,"2218,4315,4322,1017,16,9877,13249,3050,5506,4679"
22102,22102,"5654,9390,6270,7503,5461,4413,11371,11795,9455,13306"
22110,22110,"2199,13346,5545,13381,3071,1598,8421,4414,3106,5303"
22111,22111,"5303,4277,12990,11000,10326,9056,8421,13097,331,6220"
22119,22119,"6220,7715,7792,831,11357,5964,9625,10496,1598,5040"
22125,22125,"11751,6982,2910,10837,10508,2895,11795,11622,6676,1024"
22150,22150,"8922,4053,5199,4179,5819,12026,6638,4266,11357,7578"
22151,22151,"1290,12030,3697,11117,4277,1400,6971,4387,1977,7120"
22154,22154,"1290,2020,8703,7120,9564,4929,10663,5135,4205,7713"
22213,22213,"2218,7723,5545,13296,3870,9942,714,13310,10990,2013"
22256,22256,"2343,2537,7120,4929,1290,10137,10663,1220,5179,12858"
22258,22258,"2218,10462,2777,1724,7243,9865,2149,2291,4322,10437"
22265,22265,"6166,9799,2380,5642,13296,2789,9443,4946,2567,3085"
22279,22279,"121,1230,5583,5532,4499,9733,3306,11886,1564,5199"
22280,22280,"11749,13026,4685,10326,10235,9413,9438,8418,13329,119"
22283,22283,"6892,1337,1487,5149,8981,12265,5608,3088,9083,11943"
22286,22286,"5293,4413,6220,8454,3428,10340,7707,8681,2990,5488"
22288,22288,"2343,2537,5199,10063,2140,8853,8343,9819,8279,10279"
22321,22321,"11024,7120,1290,12869,10607,6610,11298,2989,11775,3222"
22336,22336,"8421,12026,2140,10326,8161,11282,8562,11843,5341,10340"
22344,22344,"2789,2567,4053,11405,2905,649,1957,4117,9443,11282"
22353,22353,"7862,12024,7797,5105,13111,3960,7486,9375,7974,1599"
22356,22356,"1977,12497,1400,12030,5135,3697,4929,13309,6243,11117"
22387,22387,"331,5303,8421,12990,9799,4277,837,8675,9580,11282"
22427,22427,"7330,3562,12026,11536,9997,9799,1942,12680,1539,6693"
22428,22428,"2343,5135,9962,10336,9866,7817,2537,3886,6322,4605"
22449,22449,"12995,11024,11918,4576,9500,13370,7864,9960,12903,8167"
22452,22452,"10429,589,12157,13377,341,7619,10431,12438,9894,2152"
22460,22460,"4163,2957,1558,3722,10194,1371,8342,8057,8650,778"
22467,22467,"1290,7120,1244,4929,12497,296,2395,6971,350,12758"
22480,22480,"789,544,10336,5135,9962,3487,9083,9866,1290,4613"
22481,22481,"4877,4798,7063,2140,275,2291,7138,8161,5303,10326"
22484,22484,"2905,9380,12611,5497,3514,10337,10546,1996,11843,3035"
22489,22489,"2343,5782,2537,9693,251,6834,5179,5532,5866,6593"
22502,22502,"10674,9170,8475,4958,2769,9109,3464,1269,12096,7758"
22510,22510,"3427,6576,5135,4163,789,2957,8650,9962,12148,4688"
22511,22511,"589,9689,9083,1669,7637,5762,1487,1863,2020,1239"
22514,22514,"8483,8922,4798,1912,2140,9164,12026,377,8590,12990"
22520,22520,"6133,1482,3851,5573,10770,10895,8478,13288,12474,10322"
22546,22546,"2304,2140,9193,8022,5882,11357,240,7824,2580,10721"
22551,22551,"4413,1478,7723,4430,8413,10340,2990,11784,11540,1783"
22582,22582,"11024,9962,11775,10581,5874,11213,7073,7930,12903,9671"
22595,22595,"13296,9942,9410,2140,5545,2343,3870,12387,6220,9693"
22597,22597,"13114,1100,479,2395,10794,7425,1996,6326,3106,9098"
22605,22605,"9768,1783,3894,12952,7128,11010,12341,258,13109,5358"
22618,22618,"1290,8650,296,1598,1558,4798,4929,7120,2957,12264"
22641,22641,"5098,717,1017,11384,544,8421,652,4525,837,10077"
22645,22645,"170,652,9938,811,10658,4453,4728,716,7941,992"
22660,22660,"8421,1328,811,10326,9455,8562,12857,3950,13346,11048"
22666,22666,"3950,6270,12813,1146,2380,2140,1299,8205,4448,9472"
22674,22674,"4929,7120,6243,12497,789,2916,8567,5135,9962,8355"
22678,22678,"1290,7120,8590,4576,4664,10326,10389,9295,10607,6610"
22697,22697,"3539,789,11651,5135,1114,9837,12811,3019,9962,12306"
22698,22698,"2789,11289,4414,3799,2822,3127,3950,4199,8505,9443"
22705,22705,"6971,2140,5303,1290,2380,10241,8922,13296,5549,6638"
22710,22710,"4117,13084,9593,12156,2903,796,4388,12990,468,1273"
22714,22714,"8235,13381,13132,7883,2905,5564,9744,2019,11751,3055"
22715,22715,"2990,11289,1978,275,3055,11784,10916,6962,6982,5341"
22720,22720,"2140,11384,4798,8421,12385,1180,717,8161,649,6515"
22734,22734,"9668,3138,6166,1017,6971,8703,6302,11615,12385,11288"
22735,22735,"8161,12026,6326,9637,9128,4482,9580,11540,10986,6515"
22736,22736,"2140,5549,851,9799,12026,12331,8161,6220,10340,9072"
22747,22747,"2238,9336,8607,7619,3467,6220,13296,1196,4746,10909"
22748,22748,"7637,9668,2020,12663,2291,12680,4698,6043,5149,10332"
22759,22759,"5866,2343,8049,2380,7207,13346,7983,31,12967,11000"
22761,22761,"2905,3035,6529,12611,5060,8922,10529,5999,5422,1996"
22774,22774,"7723,3888,2373,4413,5199,9799,8590,7792,6529,3106"
22783,22783,"10589,10255,9823,10029,9161,5761,9861,3799,110,1859"
22830,22830,"8608,4388,1220,9693,12470,5495,2537,3799,10798,3909"
22831,22831,"7120,2916,4929,10663,6243,3697,12030,12497,296,13101"
22846,22846,"6220,2140,13296,3950,544,6971,11405,6326,6742,2380"
22850,22850,"10147,7856,3737,12811,12762,6054,10202,789,5135,13309"
22883,22883,"5061,9799,5022,4183,2315,5835,9942,12944,7705,13274"
22887,22887,"13346,3950,4798,1220,5292,544,7707,10608,10326,9693"
22893,22893,"13097,3870,11540,11869,5549,773,2580,6971,1768,1000"
22905,22905,"10924,13134,9786,8221,2370,6504,11740,6220,621,2789"
22923,22923,"10326,5025,2140,8161,9580,773,11010,2499,4798,12875"
22956,22956,"607,773,1996,10326,11384,6326,8575,1180,3770,8161"
22964,22964,"7706,1487,11103,9083,5545,12723,2327,6892,3487,5976"
22972,22972,"10607,83,6610,1851,8475,10674,13431,6960,3238,4664"
22985,22985,"8703,6982,12632,5966,4941,11622,3088,589,9160,7637"
23011,23011,"10326,4277,8421,4798,331,12990,350,950,1776,4694"
23027,23027,"7619,1863,4664,589,11024,5976,10429,9732,4576,11298"
23036,23036,"6220,5545,6971,1598,8590,1478,2013,9072,9799,5999"
23038,23038,"13296,3950,8505,5642,2990,1286,4798,2585,3491,12842"
23046,23046,"5303,8590,6971,1290,1747,2140,4798,560,1634,8633"
23051,23051,"11557,352,1328,11843,9340,976,12857,4025,6220,4915"
23057,23057,"2204,3960,5901,13383,9165,10221,2770,5940,11757,2877"
23062,23062,"4163,7679,2957,1851,6960,10674,1558,11918,8978,1371"
23069,23069,"6971,8562,2380,12875,6270,1453,11010,3950,2169,5303"
23078,23078,"2343,2903,6504,3055,8922,12606,13191,6638,89,708"
23113,23113,"2218,5532,11751,4117,13362,2220,5866,4416,6638,10835"
23121,23121,"1863,4576,9730,4250,5187,12606,8607,12944,862,29"
23123,23123,"8562,2162,13259,11194,10594,12813,607,7138,4482,220"
23136,23136,"2199,5495,6971,11994,10241,12104,9207,12704,13346,6166"
23138,23138,"3950,2380,3317,1572,11784,5303,10326,4924,454,4798"
23140,23140,"5303,8922,6971,354,9229,4798,5199,1912,1290,7948"
23170,23170,"8421,10326,5303,3950,13346,1180,4798,4694,2158,13249"
23173,23173,"1290,2916,10663,7120,5303,4777,89,6243,8922,12497"
23179,23179,"10063,12635,11384,5610,12606,1180,393,1824,2343,9557"
23196,23196,"10138,13346,8221,6326,9880,9580,5303,3781,10077,4924"
23199,23199,"11784,12249,4413,4560,1519,6270,6626,13310,6997,4674"
23216,23216,"7578,2291,5549,6971,8161,6522,4101,6561,8235,4332"
23226,23226,"8562,10196,9738,2448,3103,5474,8636,3628,12813,12425"
23233,23233,"2020,4698,2238,5149,2373,976,9937,8590,5303,6166"
23253,23253,"10835,3909,3055,8235,7899,1100,5422,4117,5999,1619"
23281,23281,"12184,9671,4655,544,1453,7120,1290,4387,13310,10466"
