ID,user_id,item_id
12,12,"10326,4277,13346,4798,2140,6433,5303,8421,7833,1776"
14,14,"589,9668,7637,9689,13296,10918,9564,10241,2847,2020"
17,17,"1328,7480,1221,2924,9759,4072,1261,8673,12210,11461"
21,21,"10326,4798,8421,2140,9072,6326,6971,851,12990,10916"
44,44,"1290,11298,789,5135,7120,4664,9962,10607,1851,11775"
55,55,"2218,8188,8562,8607,6220,13310,10326,5184,9799,13296"
56,56,"6971,8235,7024,796,8922,12662,11886,5339,3909,7983"
58,58,"10326,6971,4798,8421,275,2140,13296,4277,9580,6433"
59,59,"4798,10326,8421,7707,3950,12857,10100,5642,811,3992"
79,79,"6220,2343,6971,5999,3950,13346,11357,2140,9942,8421"
81,81,"1290,7120,2989,11298,12869,4929,9295,9101,2916,2343"
85,85,"10241,3055,4798,5676,6971,12680,12757,9733,3149,8053"
92,92,"2989,4036,13370,11117,6220,5135,11846,1170,6329,1366"
97,97,"3950,931,3317,11784,9443,3055,4602,12944,2218,8235"
100,100,"5642,6433,10594,4798,9859,9234,3488,12733,9602,240"
112,112,"5495,9733,12385,7707,5999,4181,7207,4443,6383,11843"
122,122,"4798,12665,8562,6220,3950,13249,6326,2905,851,11638"
133,133,"2343,7707,6659,8590,9455,3909,64,2373,9580,4640"
141,141,"13296,1290,4250,1863,5149,8981,2855,6166,9564,9689"
144,144,"12449,13330,6954,9515,1166,6919,12143,5199,8153,5238"
149,149,"1290,7120,10674,4664,2916,296,5135,9888,2957,6248"
153,153,"10326,3950,12857,6220,13296,8421,12665,10916,2905,1220"
166,166,"7983,5875,2875,8235,12757,7772,9375,5001,4497,6659"
220,220,"4798,6220,8562,6326,12665,13249,5642,3055,4602,2108"
231,231,"9693,3428,3507,8562,5676,7707,5199,864,11951,2771"
262,262,"1290,7120,6971,12857,6326,10077,4277,11929,4929,9602"
274,274,"6971,544,5199,8590,8421,8235,2140,851,8922,1977"
277,277,"9942,5495,12470,5545,1210,7707,3950,1220,8379,3520"
281,281,"1290,7120,9295,6971,3697,4929,12497,12030,9405,2885"
291,291,"217,1735,851,519,11384,12568,3428,8792,8188,8022"
300,300,"9942,4798,6971,6220,5303,1290,8562,13296,4277,8590"
310,310,"9942,10326,275,2140,11000,8367,4262,13249,2572,5303"
332,332,"3357,1642,12158,7890,5155,2268,11720,762,2926,7728"
344,344,"6971,10326,8421,12857,10594,4277,8161,8562,4798,11282"
359,359,"1290,7120,9101,7707,5731,5303,1862,8593,7383,8922"
380,380,"10835,6529,4924,8279,8262,10529,5495,2019,6795,5532"
386,386,"6220,9942,4277,3428,13296,3950,810,13110,8590,12665"
426,426,"13346,3055,3950,6302,931,6220,5524,844,8235,5199"
436,436,"10326,544,4277,4798,2140,8562,6433,6971,9580,13346"
453,453,"6220,89,6971,9942,3055,5875,12757,13191,8562,1634"
461,461,"7120,544,10326,4929,9962,789,10663,6971,9942,9866"
464,464,"2140,7504,2149,6588,2291,10551,3661,10437,9737,9865"
473,473,"275,1440,5269,11019,896,1629,8519,6417,10402,6016"
481,481,"10326,6220,4798,217,717,13296,331,8421,10916,1290"
490,490,"4277,350,9340,8366,652,7138,16,2218,716,6588"
494,494,"6220,8562,4798,12665,3055,4413,3950,13346,9799,89"
497,497,"1290,9730,7679,12655,7120,2957,544,4545,11554,4216"
510,510,"2343,8562,13346,544,3950,64,5532,2537,2411,6834"
511,511,"12857,9380,1634,5497,5174,11843,10326,851,9580,1769"
512,512,"2343,11298,544,4576,5532,9693,10835,6834,11299,3238"
524,524,"1290,7120,789,9962,5135,9960,7817,10336,10068,9866"
525,525,"6971,5303,89,8562,8421,1978,2218,8590,11384,11540"
545,545,"8421,9072,10594,1912,11384,7833,4277,4162,13123,1180"
560,560,"10326,8562,3950,4798,13346,10077,4492,7707,13249,8161"
564,564,"2343,9693,6795,6638,5782,2537,4382,13249,2324,12492"
566,566,"2218,13296,9072,3138,11540,7487,967,10299,1469,13350"
568,568,"10326,11000,2158,12793,4798,6220,1286,4679,3770,11540"
570,570,"8562,2218,13296,7706,9937,2301,10429,4698,7707,6166"
573,573,"13346,10326,5303,217,8421,10916,6433,4798,717,4277"
594,594,"8562,6220,10326,3950,5303,4798,2140,8421,13249,7867"
601,601,"2140,6971,2218,275,4798,11384,6270,3950,1912,8161"
605,605,"2905,12611,5999,3950,785,11357,406,3035,6134,4053"
641,641,"6220,544,4798,5303,1978,1323,9693,2380,8279,13346"
650,650,"3950,9942,4257,217,9275,12353,5502,12611,7197,4453"
675,675,"4413,9799,298,2012,4021,167,9036,13110,8235,3577"
677,677,"1290,7120,4929,3697,10663,12030,789,9405,9962,1400"
679,679,"5303,6971,2218,7707,50,12404,13296,8590,11000,5545"
683,683,"5610,8746,8572,2506,4113,12198,350,2996,8092,4930"
687,687,"10326,6220,4798,13249,8421,717,10916,12665,3950,6326"
705,705,"275,8161,12404,1912,11320,4798,2291,2150,4811,7391"
708,708,"1290,7120,4576,10663,544,10389,11024,1244,2916,6971"
712,712,"6220,3950,13346,13306,10916,5545,5199,13296,5303,6302"
715,715,"7243,4332,8076,4262,560,10006,12476,13261,2218,3173"
728,728,"1290,7120,12869,7679,10663,4929,2989,10607,296,11024"
743,743,"2343,89,6529,5999,2140,8051,6638,7626,5766,8279"
753,753,"6220,13296,4413,5495,8333,9557,8208,9336,12393,8119"
757,757,"6220,3428,8483,10916,6302,12857,4413,3055,5999,4414"
768,768,"13346,4798,5303,13249,3950,10986,1286,8413,220,3340"
797,797,"2343,5532,10835,2537,4388,6834,8608,6795,12136,4008"
813,813,"12665,13296,8703,4205,7637,5966,6166,10332,9564,6474"
832,832,"1290,7120,9295,11298,4929,6591,12497,10464,9438,12869"
833,833,"2140,12857,6433,8922,4430,9942,6220,931,2199,2255"
844,844,"2218,5642,7707,6326,3428,8235,10835,7578,8359,7024"
858,858,"6220,50,5303,8421,4277,8590,4576,810,54,6812"
874,874,"4576,3222,10137,8714,11298,11024,1923,9229,10389,6954"
875,875,"4798,4277,10326,9733,6433,12656,2580,9593,3295,12680"
892,892,"4798,2199,8922,9799,9937,7637,10614,8703,7558,4698"
897,897,"3950,5524,6504,4602,220,3340,3828,3799,2343,4199"
912,912,"1290,6971,8590,9295,2916,12995,2091,4664,12857,6610"
924,924,"7707,11402,5485,6018,3413,3467,13346,589,5976,10429"
926,926,"1290,6220,7120,2218,8922,4929,13296,9937,12606,6166"
933,933,"8562,2218,2140,10326,9178,37,647,4937,6726,9026"
944,944,"8562,6220,3950,8681,12606,3304,1478,10340,5177,7939"
951,951,"4798,6220,5303,8562,2218,6971,2140,9404,89,2343"
974,974,"6220,13296,8562,4798,544,5545,6925,5485,11969,1863"
1010,1010,"9306,5946,13214,12871,383,165,4531,4081,11692,2149"
1013,1013,"7024,8922,13191,3016,12662,7289,89,7053,3877,3950"
1016,1016,"12665,6971,4798,275,13296,6220,9733,8590,11994,12787"
1023,1023,"1290,7120,12665,6220,89,4929,10663,2218,13296,6971"
1035,1035,"6971,1290,2218,2140,6220,9962,4277,5303,5135,789"
1046,1046,"1290,7120,6971,10326,4576,9101,11969,11298,10137,2989"
1051,1051,"1290,6971,7120,4929,7715,1487,11615,10663,6892,9668"
1057,1057,"11000,8483,7138,1867,12779,3055,9443,4315,9078,560"
1064,1064,"1290,7120,6971,10326,4929,8590,12497,8922,8421,2140"
1080,1080,"10566,11281,12104,10434,9998,10131,3573,11552,1343,4740"
1089,1089,"217,2343,8562,717,4277,6220,3950,1978,8161,13346"
1090,1090,"8421,10138,9105,11000,10425,2169,1889,6515,1180,9580"
1103,1103,"10916,8562,6433,1681,7465,5341,3770,8520,12813,12485"
1123,1123,"1290,6971,7120,4929,2885,12030,1977,10663,2286,8302"
1134,1134,"4277,8421,5303,10594,12857,10326,6515,6971,9341,331"
1136,1136,"1978,13346,3950,8562,3055,6326,4798,8413,4947,13249"
1139,1139,"6220,13296,1863,10429,544,13110,6456,5976,3088,6166"
1154,1154,"9942,6220,3428,12665,64,1323,6659,13306,5303,7983"
1169,1169,"1290,4929,6220,2218,10663,2916,4576,6971,544,1244"
1173,1173,"8562,8188,2218,2789,8607,1856,13296,3487,12944,517"
1178,1178,"1746,7983,8235,6373,2201,7053,13191,6611,8570,5549"
1190,1190,"5303,5199,10835,7707,6529,13346,3950,6522,8421,11227"
1205,1205,"6433,8562,7983,4798,2140,6529,9799,9968,7707,12990"
1217,1217,"11298,1290,7120,4576,11024,11918,4664,1779,3464,10607"
1218,1218,"6220,9693,544,10835,89,5532,13110,2343,2903,8608"
1230,1230,"6220,4798,13296,5545,5303,12099,2019,8590,3950,6326"
1250,1250,"8421,11000,12385,10594,1634,1017,6107,851,11384,11843"
1252,1252,"2218,220,1225,3577,5199,3340,10778,8235,13310,8279"
1276,1276,"8279,5199,5999,11357,4117,2903,2469,4266,9942,5532"
1279,1279,"1290,7120,789,9962,5135,6971,13309,10644,9866,9564"
1281,1281,"10326,8590,9942,8161,2411,350,217,2905,12758,5497"
1288,1288,"3950,13249,7707,3428,10869,2218,6220,1331,11555,5442"
1305,1305,"11298,4036,10607,3539,7679,10147,2769,1779,8284,4664"
1320,1320,"4798,8413,10326,8421,8562,6433,12787,8161,2990,6326"
1321,1321,"10326,2140,2218,9404,6971,3950,5495,3428,13249,7578"
1328,1328,"9942,8188,6659,2373,4413,4637,1937,10429,6892,13110"
1343,1343,"4798,10326,2140,4277,5303,8421,6326,9580,10916,9602"
1345,1345,"2989,12869,1290,4024,544,1244,6270,4576,8022,11024"
1374,1374,"1244,11298,4664,1851,9732,7679,10674,9101,11918,1779"
1410,1410,"1290,7120,10663,2916,13296,4929,3870,5962,7706,7707"
1414,1414,"10594,2169,9309,10262,8161,13026,7716,7910,8483,2789"
1420,1420,"275,13296,8562,7707,5495,5762,5966,5339,6892,8188"
1440,1440,"2343,7707,6795,7964,4388,481,8608,4266,3909,9693"
1441,1441,"2327,3487,10429,7619,589,12157,5976,8710,7287,10273"
1443,1443,"4576,2343,1863,9693,11298,11247,4664,7679,10429,589"
1458,1458,"1290,7120,1244,4277,9295,10581,10607,544,3539,10648"
1492,1492,"4798,3870,3950,9799,8235,3055,5545,11396,13191,2990"
1496,1496,"10326,4798,6971,5303,2218,275,8421,1290,8161,11969"
1499,1499,"12665,13315,6925,8505,7578,362,4226,5610,8562,8271"
1504,1504,"11298,9101,4664,11024,10137,10607,11918,6610,7679,5672"
1516,1516,"8483,4277,2343,64,2140,3428,13249,2158,5303,5292"
1523,1523,"2767,8363,11014,509,12390,7254,638,10551,10262,11042"
1534,1534,"2123,9994,2940,8540,2334,5494,10009,3429,3448,3960"
1539,1539,"544,6220,9942,1290,11024,1779,3428,12869,12995,7120"
1559,1559,"1290,7120,2989,4576,10137,6971,4929,10663,9730,10607"
1572,1572,"3950,10326,6220,4798,5545,13296,1323,8562,4277,9942"
1573,1573,"4798,10326,8421,717,1180,851,331,3781,9580,10916"
1601,1601,"6220,13296,544,7707,2343,1863,1290,3088,13377,12822"
1603,1603,"8562,8746,13126,5610,10950,5177,1383,2728,6372,13123"
1604,1604,"217,9942,350,1978,11000,3870,717,1328,5025,10852"
1613,1613,"1779,11298,4664,10137,6220,12995,3570,12903,4576,3704"
1634,1634,"10326,4798,4277,544,8562,10077,11000,6971,6220,217"
1642,1642,"9942,5495,6220,8562,3950,11572,5642,4413,1788,3565"
1643,1643,"1290,7120,1244,4929,6220,10663,8590,5545,2343,6243"
1654,1654,"6220,8562,3950,13346,9532,5676,5199,844,89,7892"
1657,1657,"7679,11024,12995,8978,4576,10389,5979,4024,12655,1779"
1674,1674,"12665,6971,544,2343,6220,6302,2140,8922,10835,9693"
1702,1702,"6220,1210,8421,13110,3870,12509,2013,9799,1383,453"
1719,1719,"6659,8188,12029,11172,6402,12507,8813,7216,1163,10442"
1725,1725,"8562,2140,3950,13346,10340,4798,10326,6326,7707,5303"
1726,1726,"1290,2140,7063,8205,12030,30,7120,9799,5819,2133"
1728,1728,"2343,6220,4576,9532,6971,11298,2218,1220,652,5303"
1735,1735,"7024,8235,5875,11931,8922,13191,12662,12757,1746,12391"
1739,1739,"1290,7120,4929,12133,9646,4387,10663,8506,11117,3290"
1774,1774,"10326,4798,6971,4277,10916,8421,3950,2140,6326,5303"
1780,1780,"544,4798,9101,11969,4277,10137,1323,3427,11298,10389"
1799,1799,"13189,4892,2963,10808,7820,8459,1592,9226,6562,12487"
1813,1813,"10326,8562,3950,4798,5303,13346,1323,12665,12857,8279"
1834,1834,"8562,3950,2140,12385,4608,11751,5555,10594,864,4482"
1835,1835,"1225,220,1574,4056,5494,10262,3766,1912,701,6795"
1841,1841,"1290,12869,1244,10607,6811,296,11298,3697,9295,6812"
1863,1863,"2218,13346,10326,13306,5303,12404,1598,13097,2255,5545"
1878,1878,"3950,13346,9942,3428,6326,5642,4602,3992,7707,12967"
1879,1879,"2343,6795,5532,2537,6834,6302,5999,5199,9799,5896"
1910,1910,"1290,7120,10663,10326,8590,9295,12497,6243,3697,8922"
1911,1911,"10326,717,2140,12404,11969,4798,1328,6751,392,2004"
1919,1919,"8562,5545,3870,2343,6220,5485,2440,9562,7323,1008"
1925,1925,"7679,12869,4163,2957,83,4216,1851,1558,9732,9730"
1926,1926,"2957,5934,4216,1829,83,4163,6329,11330,6960,7279"
1931,1931,"2940,4679,7478,8421,10873,7275,10107,9850,687,350"
1940,1940,"4798,10326,13346,6971,5303,2140,8562,13296,7707,275"
1968,1968,"4798,5303,3950,12857,11914,10138,3940,9234,7835,220"
1981,1981,"4798,3950,6220,6326,12857,2140,13346,3055,5303,5545"
1992,1992,"1290,7120,8590,10663,12497,2916,3697,4777,6243,4387"
1998,1998,"11298,11024,10607,9295,4036,12869,10648,3427,1290,9101"
2000,2000,"1290,7120,4929,5135,10663,789,9962,3697,6811,6243"
2017,2017,"4798,4277,6433,10326,10594,5303,8161,331,6515,3950"
2036,2036,"5875,2943,8015,8570,11541,6509,6529,5375,10023,2145"
2044,2044,"9942,2905,12611,3565,13097,3035,10798,8156,3050,9393"
2047,2047,"12869,1779,2957,8650,4163,10607,5969,1558,3722,9957"
2052,2052,"10434,12104,5214,7461,11420,1776,11914,8593,8868,10907"
2055,2055,"5495,5760,11542,587,3545,989,11096,9375,6082,4621"
2069,2069,"2218,8413,8562,5303,1746,5545,13296,11752,1747,6166"
2075,2075,"6220,12665,4798,3950,12404,8413,4277,8853,4117,854"
2089,2089,"6433,10077,8421,1017,4277,9178,11282,7197,11937,5525"
2093,2093,"8562,1225,12665,11540,12813,13097,10340,2789,9942,4332"
2127,2127,"2291,8161,10326,1912,4877,12476,1240,9771,4798,1295"
2135,2135,"9942,12665,3428,13346,1598,13296,6220,5545,8505,4602"
2137,2137,"3950,8235,7983,11289,7024,12550,10835,1746,8562,1585"
2141,2141,"13296,2218,7707,6220,9942,8681,3950,7792,5545,12067"
2147,2147,"1290,7120,7669,12869,4576,4929,10663,2916,10674,9730"
2150,2150,"8421,10326,1017,12857,9340,10658,4277,4694,3416,350"
2153,2153,"4798,5303,6971,2140,9880,6326,10326,4101,2789,12857"
2158,2158,"1290,7120,11024,9101,4664,10137,4576,7679,11298,4024"
2178,2178,"8562,8279,1210,10835,6971,1841,1933,4266,2448,8742"
2180,2180,"6220,13346,8279,1681,1478,8221,4414,3306,1664,8092"
2181,2181,"3464,1779,3487,12606,11998,308,2327,2611,5969,2826"
2193,2193,"9942,4413,2789,6676,9729,2567,3326,2705,1478,4007"
2216,2216,"4798,5303,4277,8421,6433,11384,9234,350,5166,1210"
2224,2224,"10326,2218,7063,12092,4679,5485,5497,7923,9026,12470"
2231,2231,"6971,8590,10835,1220,8922,4388,6529,5199,3909,8608"
2242,2242,"2218,8562,2140,5109,1746,6270,12055,4021,7063,976"
2243,2243,"2343,9693,10835,2903,861,4117,5199,4053,11406,6057"
2247,2247,"5676,3799,8579,13043,11406,6459,4443,13162,10835,4388"
2262,2262,"1290,11024,4576,11298,544,7679,10607,10389,7120,12903"
2271,2271,"4798,8562,217,5303,5545,13346,7707,4277,8421,10326"
2284,2284,"11886,2789,11751,11180,7,4021,2567,3992,11994,167"
2287,2287,"8188,13306,558,10250,10213,1929,3011,2449,10342,5875"
2291,2291,"2218,2140,5495,5303,5199,5532,275,4277,10326,12793"
2293,2293,"6971,6433,5303,2140,7817,4798,1082,7605,10462,2580"
2294,2294,"4798,217,10326,6433,12857,8161,6326,2882,851,6220"
2301,2301,"2343,6971,6659,5303,2140,8421,2218,1747,8590,1220"
2310,2310,"6220,9942,13296,12665,5545,1598,10326,3428,4576,3870"
2341,2341,"6971,4798,10326,12857,6326,8205,3950,2140,3055,5642"
2345,2345,"7679,12655,3704,11918,8978,9732,3238,8589,4024,9399"
2348,2348,"1290,7120,9730,4576,11298,9101,10607,544,9962,4028"
2349,2349,"10326,4277,10916,4798,6971,785,5303,4117,11712,5999"
2350,2350,"1290,6971,4277,8590,50,350,7120,12857,6220,717"
2355,2355,"10326,4277,12857,1328,6433,8421,13249,3950,331,2069"
2383,2383,"10326,4798,8161,13346,9234,6433,1180,1543,7833,1776"
2393,2393,"2291,10462,5946,9306,104,7383,8402,7808,3089,2958"
2399,2399,"7120,6971,4929,9962,9229,2784,789,8525,10663,8567"
2421,2421,"2343,544,5303,5532,2140,10835,5422,2537,5999,2822"
2435,2435,"9532,2989,11403,7264,10299,515,10736,4563,4602,3420"
2448,2448,"5532,10835,5866,7024,3127,8593,9611,8434,2001,12662"
2452,2452,"6971,11929,9248,6568,7647,3086,1747,4809,1773,9812"
2464,2464,"6220,3870,5545,4413,7723,1598,13110,12515,9799,6467"
2470,2470,"10891,2742,12784,6690,12024,5105,9212,5027,13111,9165"
2478,2478,"6971,1290,2140,89,10835,13191,7578,1746,377,7024"
2506,2506,"6220,3950,217,3870,10594,7087,13110,3428,9072,9729"
2523,2523,"8235,6971,5875,12757,3670,7824,8359,7289,9997,7053"
2527,2527,"1290,7120,4929,10322,5573,4387,12497,12474,10663,12030"
2528,2528,"6220,3950,2903,8421,4469,8321,12857,8300,11843,5160"
2530,2530,"10326,3055,12793,6302,10835,12595,5240,8300,708,2218"
2533,2533,"8413,7792,11540,5482,13310,4602,3275,3840,12793,1453"
2540,2540,"8562,8483,3950,1001,9450,5177,12425,1478,652,8412"
2558,2558,"3950,8235,10835,12059,7024,8590,7578,12026,5124,6522"
2559,2559,"8188,4413,6659,1165,9410,10429,5462,1603,11319,10224"
2592,2592,"4798,6971,6220,13346,10326,2140,2218,6433,7707,12680"
2599,2599,"10326,4798,544,12665,4277,5303,6971,2140,1634,2380"
2608,2608,"6220,5545,3428,2343,13296,4413,3870,9942,4971,820"
2613,2613,"11298,12869,9730,11024,11775,3539,1290,3222,10464,12903"
2616,2616,"10673,4413,9622,1527,5762,10986,6078,4285,839,9454"
2617,2617,"589,5636,8956,10761,2020,3334,7637,11222,1863,1239"
2619,2619,"3950,3055,931,2567,4602,2789,3696,9449,8188,3326"
2622,2622,"1290,7120,5135,789,4036,3697,10663,13309,2885,4929"
2629,2629,"1290,9101,7120,9295,4576,10607,11298,1576,10389,5969"
2648,2648,"1290,1244,4664,4576,9101,7120,10389,13370,6610,10137"
2654,2654,"8562,4798,7707,13408,5642,5610,1912,12665,8205,8349"
2668,2668,"10429,5976,2327,13377,589,11103,11615,3334,13436,9083"
2703,2703,"1862,5495,7917,4118,12190,4924,12136,801,1001,590"
2710,2710,"3950,13346,4277,5303,217,9942,10916,1210,7707,717"
2713,2713,"12665,5303,1220,1746,6971,8235,5124,3950,10345,7578"
2722,2722,"7120,4929,9730,10663,4664,12869,3697,2916,6322,296"
2724,2724,"1290,7120,4929,10663,8590,12497,9295,6243,6220,5573"
2727,2727,"5303,6220,544,9072,6445,6166,2140,8922,8703,10241"
2755,2755,"7669,1244,12869,11554,1290,1779,10674,4163,4664,11298"
2769,2769,"7707,2343,3667,4924,5896,5999,12331,10507,4199,2167"
2776,2776,"2218,11357,2571,785,4117,8421,13218,1408,12464,3797"
2781,2781,"1290,7120,4929,10663,12497,8590,6243,9295,3697,6220"
2782,2782,"1290,7120,4929,10663,7679,1244,10607,9962,5135,296"
2789,2789,"10835,8279,5532,5866,1933,12665,11384,4117,6326,796"
2794,2794,"2218,11010,1286,64,6918,8575,5325,9942,12793,5731"
2804,2804,"5545,5303,8235,975,89,2287,2218,7063,10546,4414"
2819,2819,"6220,3950,2140,5303,8922,6971,11384,7138,5433,8205"
2846,2846,"2020,4798,7637,2140,6971,8562,6892,6474,589,11615"
2851,2851,"7669,11024,12995,4664,5979,3998,4940,10674,1581,9156"
2861,2861,"7707,13315,6925,9602,8505,1210,5908,2172,9072,11121"
2862,2862,"6220,9942,12665,13296,1220,5545,3127,9072,13132,4250"
2867,2867,"6433,9485,9598,2158,12925,13026,13300,11394,4262,3770"
2873,2873,"5866,789,9693,5532,11856,10835,11191,188,8485,4706"
2880,2880,"6220,1863,7707,10429,207,8562,1487,6456,7706,2058"
2881,2881,"12857,13249,10916,10138,1912,4786,5470,5610,5341,331"
2886,2886,"8205,9340,3950,5199,7138,488,13259,10279,7087,13402"
2891,2891,"2343,9693,3909,5532,4388,6529,9132,5199,6026,5999"
2908,2908,"10326,2140,2291,9306,8421,12758,9771,1290,7120,13214"
2910,2910,"6971,2343,5303,8562,1863,7707,2327,10429,11377,3909"
2915,2915,"3950,13249,13110,10869,5642,7723,8018,4602,2903,7578"
2935,2935,"5199,6971,5532,2218,89,5303,8922,3577,2903,6220"
2946,2946,"1290,4576,1244,9730,10389,4929,4028,10607,2916,544"
2948,2948,"1290,11969,6220,544,7707,8607,13296,10389,7120,2989"
2969,2969,"3055,4413,3950,7442,8235,2199,8964,10027,12665,6154"
2979,2979,"11024,7679,11298,12869,8978,11918,10389,11532,1098,7864"
3036,3036,"3464,6248,2769,7220,2295,10009,247,8761,7679,13071"
3050,3050,"8562,4798,3950,9942,8505,220,11751,8633,3799,2343"
3056,3056,"4803,9598,4080,9568,2473,10894,12047,6199,7560,4377"
3061,3061,"4798,4277,8421,2140,10326,9455,11993,2218,1776,11384"
3066,3066,"6220,7707,6659,5545,1863,13346,8590,6166,8562,4413"
3069,3069,"4798,10326,8421,13346,9580,6326,1180,851,4877,9771"
3094,3094,"4277,5303,8421,10326,8562,10568,350,4798,331,8366"
3106,3106,"4277,12793,2218,11103,12723,8188,6270,8158,5155,7950"
3110,3110,"1290,7120,4929,10663,6971,12497,296,2916,5573,3697"
3115,3115,"12665,3055,8279,4266,5199,4053,5999,4416,2343,6220"
3136,3136,"6971,1290,2140,1220,4576,2343,2218,9101,11298,789"
3159,3159,"1328,3950,10326,13110,9404,6659,13249,2506,5184,5642"
3166,3166,"10326,5495,4798,1323,13296,13346,5303,9295,9229,1290"
3172,3172,"2343,8590,89,9693,789,9532,6638,1220,5532,5135"
3200,3200,"3950,4056,8712,11455,11303,12635,8279,6459,11814,1978"
3217,3217,"3950,13346,5303,8562,2218,11540,5676,4323,3428,11384"
3218,3218,"1290,7120,11024,4036,4664,2916,789,9962,1863,5135"
3229,3229,"10326,2140,217,9340,7138,12793,5326,10594,13259,2290"
3230,3230,"1290,544,7120,6971,5303,8590,8562,2218,10326,4929"
3274,3274,"6971,2291,2264,7063,189,9865,10506,12476,10326,2140"
3285,3285,"4277,8421,350,10326,7197,1180,7710,5303,716,12779"
3316,3316,"9942,13296,3428,8562,4413,4602,1286,6220,13306,5545"
3319,3319,"4277,4798,10326,13249,811,10077,9580,4025,6383,9340"
3323,3323,"5303,7707,8421,275,217,4798,350,717,8562,8161"
3346,3346,"4798,9229,9072,8116,8483,12404,12733,9733,11024,11000"
3354,3354,"10326,13346,11969,7707,1543,12055,1328,7063,13110,5485"
3368,3368,"4277,6220,8562,13296,3950,217,2218,717,4798,3428"
3374,3374,"1290,5545,4929,3870,1598,4413,7707,12606,7120,10663"
3391,3391,"12857,10326,13249,10916,4277,1996,7835,9602,6107,8822"
3397,3397,"8562,5199,89,3950,2343,9532,5875,7138,11171,220"
3404,3404,"10429,5149,1487,10447,7706,11103,1875,1856,8323,10802"
3408,3408,"6971,8413,789,275,4277,2140,3390,4413,1598,4315"
3416,3416,"2343,2140,4388,8608,3909,7964,6638,6026,4451,9693"
3422,3422,"4798,1290,6971,8421,544,12857,4277,12990,5303,10241"
3423,3423,"4798,6220,2140,544,5642,1019,10869,4786,11103,3950"
3426,3426,"7707,6659,3870,6971,2199,914,8235,4413,9304,7983"
3436,3436,"6220,544,8562,13346,12665,13375,6971,5545,6638,7983"
3448,3448,"9340,3990,9657,3437,9341,7833,8972,10869,7128,11345"
3464,3464,"3950,8562,12857,8413,6326,5642,9404,11540,6220,6839"
3472,3472,"1290,7120,6971,10663,11298,89,4929,9890,6220,6243"
3477,3477,"5303,544,6971,275,13296,9942,1926,11752,12887,7986"
3488,3488,"5303,4277,3950,10326,13249,10916,10594,2140,217,10340"
3497,3497,"6220,3428,12857,10916,9229,13346,4414,3055,2343,708"
3504,3504,"7637,2020,5846,6043,9954,5962,4205,9564,6900,1863"
3517,3517,"13346,3950,3055,10326,4277,2380,2140,3085,6270,1996"
3538,3538,"5495,11115,12668,609,1037,3545,1287,1324,8110,10500"
3544,3544,"5495,3950,9532,12665,10326,1788,4436,1042,89,8746"
3547,3547,"217,717,11222,9489,851,8421,12496,7197,4974,4025"
3569,3569,"4798,5303,275,2140,8161,8562,8205,11000,6445,1634"
3570,3570,"12191,7616,7902,478,12047,6714,13050,1432,12269,2180"
3575,3575,"1856,11842,6569,2228,9449,3890,396,4974,8221,1295"
3579,3579,"6220,8562,8421,3428,1220,10568,12665,4798,1634,1681"
3588,3588,"6220,13296,5545,3487,6283,779,7707,589,9942,1290"
3592,3592,"2874,7679,12869,7707,11024,1210,7755,7020,12435,4576"
3617,3617,"6220,6971,2140,4277,10063,1634,12875,4798,10326,9234"
3632,3632,"8413,2946,2990,12193,2789,8237,12606,11180,4880,1022"
3650,3650,"10326,2140,13214,2291,5946,2149,2065,5485,12404,7063"
3654,3654,"9105,5610,10326,2506,2291,3809,3282,11817,9072,7833"
3656,3656,"5124,1403,8472,5303,1662,6395,4798,5149,3377,8205"
3678,3678,"1290,7120,6971,544,4929,4277,10663,789,8922,12497"
3681,3681,"13130,12397,8540,5940,13379,10475,7332,8112,92,8868"
3683,3683,"1244,10326,8205,11384,1912,2091,9880,7696,5642,11414"
3685,3685,"4277,8590,8421,10326,10594,3112,4974,3428,7558,10820"
3699,3699,"7120,1290,3464,10663,4929,11024,5573,3570,2769,1779"
3707,3707,"11047,5022,13274,3632,11703,7994,12644,616,1935,5835"
3731,3731,"1290,7120,4929,6971,10663,4576,11024,2916,296,8590"
3737,3737,"1978,4798,13257,2140,9880,11871,9755,1769,1514,11508"
3739,3739,"9799,5966,6220,8188,4101,13296,3055,12026,9937,4323"
3744,3744,"3950,13346,8562,3055,12665,1598,2567,9942,4413,11784"
3753,3753,"6971,2218,10916,8161,10594,9505,13259,4332,6515,3766"
3778,3778,"6220,2218,13296,11540,12793,8421,3577,3950,16,6971"
3786,3786,"6220,12665,8421,3950,609,8562,11000,9942,5610,10608"
3790,3790,"9942,8562,1889,5610,3870,220,5495,11194,2580,10594"
3804,3804,"8562,8421,9234,2063,7197,811,9489,4492,12385,773"
3805,3805,"3950,5303,13346,3055,5199,13249,8746,7532,2910,7312"
3819,3819,"8562,4798,3950,2218,5303,10326,544,6971,8590,13408"
3827,3827,"2710,2459,10536,5760,8249,6248,5947,7047,11337,7910"
3829,3829,"10326,12857,2218,13346,8562,3950,6971,5642,4277,5303"
3841,3841,"6971,2140,10326,5303,10462,12680,1634,7063,8421,769"
3849,3849,"1290,12869,9962,5135,7120,789,11298,9101,9295,9730"
3928,3928,"1290,7120,4929,12869,10663,296,2916,5135,9295,1977"
3988,3988,"6288,7342,3464,9732,11401,4216,11830,2957,8978,12774"
3994,3994,"1290,789,9962,7679,3427,5135,13309,10464,6220,10581"
3998,3998,"9942,10326,12470,10453,7138,5495,3799,7707,12417,50"
4012,4012,"3950,2990,10340,3870,11540,8562,5293,12417,3532,11751"
4021,4021,"5303,8562,2140,7867,6751,9473,12793,7138,11892,11115"
4022,4022,"4798,6220,6971,8562,2140,8590,5303,13346,4277,8161"
4047,4047,"13306,3870,8188,8981,11772,3428,2020,10332,1863,4205"
4073,4073,"1290,4576,2989,1244,4929,2916,11024,4664,10389,6971"
4099,4099,"12665,6220,10326,4277,4798,544,89,9455,11918,2343"
4100,4100,"12104,2218,9998,11994,5342,10340,10566,10434,10596,10436"
4120,4120,"12470,12668,5199,12099,609,3545,9942,3126,1037,3871"
4126,4126,"1290,7120,6971,10326,544,4929,4576,10663,5135,789"
4136,4136,"4798,6795,5642,10835,12026,8675,10340,9437,2265,9886"
4160,4160,"4163,2957,7669,1558,4216,4940,1851,9330,3722,420"
4173,4173,"1290,9101,7120,6971,4576,6326,10137,10607,2343,4664"
4177,4177,"9730,4576,1290,544,12869,9101,7669,10607,10137,7120"
4183,4183,"10326,4798,4277,5303,10594,8421,8483,10077,11969,7197"
4191,4191,"1290,7120,12497,4929,4387,10663,4083,5573,1132,5675"
4195,4195,"10326,2140,4277,2905,4798,13249,6433,12857,4453,12611"
4213,4213,"10326,13306,6220,6971,2903,8188,8922,13110,3138,5999"
4226,4226,"9340,3774,607,1804,11671,5884,12611,6751,2882,8366"
4227,4227,"1290,7120,275,4664,4036,11298,4028,9264,12497,9295"
4232,4232,"13346,3950,10326,7041,2255,13150,2882,9023,10138,9786"
4255,4255,"4798,4277,717,8421,3950,331,345,9489,9455,8483"
4258,4258,"7706,10802,2327,10429,1888,3560,7047,1856,12569,2113"
4274,4274,"350,1328,851,5303,10891,5020,560,2506,1634,10907"
4289,4289,"1290,7120,8590,7707,8922,9799,8302,8703,7715,8053"
4295,4295,"8590,3565,7707,769,8018,13306,5545,3507,9410,8562"
4300,4300,"6220,3950,10326,13346,7707,13110,50,11540,12857,9729"
4334,4334,"64,941,7657,13123,50,7176,13257,2882,9377,6751"
4361,4361,"3055,3428,8562,8235,4900,5532,10835,6326,8421,13346"
4377,4377,"10326,12404,2580,12702,9275,11048,9190,1084,3577,9968"
4412,4412,"1290,7120,9730,4929,10663,2916,296,1244,12497,3697"
4415,4415,"7919,6483,9809,7095,1042,1080,5348,8032,8386,9366"
4424,4424,"4698,5020,12321,3515,11180,9937,13346,9668,8981,8472"
4425,4425,"4798,10326,8421,2777,8161,3416,6107,811,9340,3781"
4430,4430,"8562,10326,12857,4277,4798,3950,10916,13346,6220,5303"
4433,4433,"12857,10594,3106,3870,4413,11772,4414,5303,167,10388"
4436,4436,"11286,10506,9738,2291,3285,3506,8452,8402,5436,11473"
4458,4458,"10326,3950,13249,2140,4277,13346,7138,10594,1912,3870"
4461,4461,"10429,5841,3487,1863,13296,9972,5976,10802,7467,2829"
4488,4488,"3950,3055,4277,13346,4602,12665,2567,8413,3317,1585"
4497,4497,"1290,7120,4929,10663,12497,1244,9295,2916,10607,3697"
4498,4498,"4277,9072,6433,13249,5884,331,9341,9340,1868,649"
4504,4504,"7723,4398,6848,4413,5067,11362,1530,10082,7359,12986"
4510,4510,"10326,8590,1290,5303,13346,4798,3055,6220,544,4277"
4512,4512,"893,11395,13159,10472,5901,3960,3269,294,8976,5136"
4513,4513,"8562,9336,8675,1680,2170,7792,1328,217,9880,7282"
4516,4516,"1290,7120,12869,11298,9962,4929,789,5135,4576,10607"
4526,4526,"6220,13296,4798,12665,4277,8590,7707,5485,13110,1598"
4528,4528,"13346,5485,8421,7707,5303,10100,11540,8562,4414,11784"
4542,4542,"3950,8562,3577,10063,3055,12857,1180,2172,9115,4786"
4559,4559,"1290,7120,9295,12903,4036,10663,4929,3697,6811,11299"
4572,4572,"3055,11540,10340,12104,5124,5549,12353,8018,3515,1662"
4575,4575,"8562,3950,8413,5545,7707,3428,3870,3509,773,5642"
4583,4583,"4277,8562,1323,350,3950,8421,12857,217,4798,50"
4602,4602,"7707,652,8590,1018,64,6185,6458,12286,1156,10132"
4608,4608,"7679,4664,11298,1290,3222,1244,11024,3464,10389,11918"
4609,4609,"6302,7705,1325,8226,12322,12309,802,9032,9786,11772"
4626,4626,"13346,275,1746,7983,12309,8018,10835,7024,13249,13296"
4642,4642,"7707,2343,64,13375,10835,1355,5199,13346,3565,810"
4653,4653,"8562,4798,7707,8235,1156,5303,844,4430,5545,6892"
4664,4664,"1290,7120,11024,9295,1244,11298,4664,4576,4036,2989"
4665,4665,"1290,7120,4929,10663,12497,5573,12030,2916,4387,6243"
4672,4672,"1290,10389,11298,11024,10607,4576,7120,4664,10137,2989"
4680,4680,"3950,1323,2343,4798,3565,1180,8161,11540,1664,11384"
4705,4705,"10326,3950,10835,5199,2903,2140,7578,4602,6522,10063"
4707,4707,"1912,8373,8145,10560,9535,3990,11059,11194,5610,5996"
4711,4711,"5303,5495,2218,5199,13112,4924,10529,5532,4962,2373"
4732,4732,"5734,5199,3525,5532,2029,9973,997,11357,7087,7207"
4734,4734,"1290,7120,4929,6220,8590,10663,12665,9942,89,6243"
4735,4735,"1290,7120,7637,10322,9083,1487,5573,3122,4929,6474"
4749,4749,"544,9942,10429,1863,207,9083,10802,6220,589,7706"
4751,4751,"6971,3428,13346,10326,3055,10835,13296,89,6638,5545"
4762,4762,"6971,1746,3055,2789,5875,2567,7024,2218,13381,9799"
4767,4767,"8562,1863,7637,589,9564,12663,9954,8703,2020,4205"
4771,4771,"10326,4798,9942,6220,12665,2140,6971,8590,12857,3950"
4773,4773,"5532,275,2218,976,11772,89,2140,708,9768,9203"
4776,4776,"12606,11103,5552,7637,2140,12331,3578,1669,2020,8562"
4783,4783,"6220,9942,2218,5545,13306,13296,3950,1598,5184,810"
4788,4788,"12680,6515,2199,11396,5341,1005,1912,10473,5270,4915"
4808,4808,"3416,12385,10383,11384,716,1624,4600,2158,13026,10077"
4810,4810,"6220,10326,13296,3950,2218,10916,5303,12606,4853,7558"
4818,4818,"4798,3950,8562,5642,10916,717,9602,13346,9880,8205"
4823,4823,"6220,652,8188,6062,4755,11103,475,1598,9744,10916"
4829,4829,"4413,12026,3028,2600,796,9799,11795,4915,4602,10835"
4842,4842,"6220,2343,7707,8981,8703,8472,3799,2373,1863,5149"
4859,4859,"64,7983,1286,13296,4413,3992,5022,11540,3577,953"
4866,4866,"544,6220,4664,7491,8607,2058,9962,9083,5386,3587"
4881,4881,"10326,13346,3950,4798,4277,7707,2411,6433,8421,12857"
4908,4908,"8703,12871,1856,1487,13214,10918,7637,5946,8663,4250"
4910,4910,"1290,4929,2916,789,9962,3697,12497,544,6243,9295"
4922,4922,"6220,10326,4798,4277,12665,12857,3950,8562,5642,7707"
4942,4942,"544,9101,9962,9866,10336,10241,5303,9888,789,8477"
4976,4976,"544,6220,1290,6971,5303,11024,4576,11969,2140,7120"
4993,4993,"10429,7706,5976,1863,589,6893,13436,3334,10802,5484"
4995,4995,"10326,8421,2140,5303,4277,2411,8161,1776,11939,837"
5020,5020,"3464,7047,1377,11172,9516,2769,2054,1744,6011,7679"
5040,5040,"8562,12857,2140,10916,10326,2218,2380,10196,12359,4798"
5048,5048,"2140,1018,37,7383,5731,4749,3769,9511,647,9963"
5058,5058,"9693,5532,2343,4798,2903,6795,3340,3127,10835,861"
5067,5067,"4798,275,6326,13346,8421,9455,8562,13249,4277,1210"
5087,5087,"6220,4798,4277,5303,64,6971,11000,12665,5866,1978"
5090,5090,"5875,89,7024,914,7289,13191,6509,5766,8570,6696"
5102,5102,"13090,5386,4915,9771,4454,7682,2448,108,5436,11609"
5103,5103,"6220,12665,13296,4413,6166,2380,4430,9799,5532,560"
5105,5105,"1863,10429,2033,1487,836,9083,3088,2327,7637,12606"
5108,5108,"3950,4602,6581,11639,13404,5293,9443,3506,7717,11784"
5119,5119,"4277,10205,1783,2218,7892,7912,12353,4181,13249,9358"
5120,5120,"11024,11298,2989,1779,4664,10389,1290,4576,7120,1244"
5124,5124,"8421,4957,7128,9774,3549,4322,1769,11529,2958,9531"
5132,5132,"5495,9942,13346,8562,7983,4181,10758,12680,5199,2380"
5138,5138,"12869,11024,3539,7063,10464,12995,2969,647,11532,1576"
5144,5144,"217,10326,2343,6433,8421,8562,544,717,6220,8161"
5159,5159,"10326,6220,3950,13296,6971,8421,4798,5303,8413,12990"
5167,5167,"8562,3428,714,3870,7707,1978,50,12368,4323,89"
5175,5175,"5303,1328,2140,9178,10326,9306,669,7138,275,4453"
5176,5176,"1290,7120,4929,10663,1244,10389,2916,7679,12497,11298"
5185,5185,"3950,8235,8590,5524,12665,5875,12026,5999,89,7983"
5189,5189,"4798,3950,6326,3055,10916,9455,3870,10326,2567,404"
5191,5191,"13306,4413,789,10835,12058,1598,7373,13346,12584,13112"
5206,5206,"6971,7707,8043,5549,3766,10241,953,11103,2020,4101"
5213,5213,"544,8562,2343,6971,5303,2989,5545,13346,12758,9404"
5224,5224,"4277,5303,8562,8590,4798,10916,544,3950,717,8161"
5226,5226,"1290,11298,6220,7120,4576,6971,8590,11969,7679,1244"
5241,5241,"1290,7120,9295,789,3570,10336,4929,9962,2885,13309"
5264,5264,"1290,4576,11298,11024,10389,7120,8978,4024,4664,11918"
5268,5268,"10326,4798,2140,6433,6971,4277,8161,275,2291,9580"
5270,5270,"4798,6220,8562,10326,6971,2218,2140,5303,8413,4413"
5287,5287,"9942,8205,7428,3423,12156,10175,1127,8126,8505,9775"
5314,5314,"3870,10326,7637,12990,8703,8472,6220,842,2020,10332"
5318,5318,"1290,7120,4929,10663,6243,5573,4387,12474,8567,4127"
5326,5326,"5149,8981,12622,3088,6166,11615,1487,6892,2020,12723"
5336,5336,"8413,10950,4877,13039,12787,7554,9771,883,5177,917"
5343,5343,"11298,10464,6811,5142,5135,7375,789,9730,9962,3323"
5347,5347,"6220,2989,544,7707,3127,13306,9693,861,10835,3870"
5354,5354,"1889,3870,12793,7439,91,64,7063,4061,1331,8616"
5356,5356,"8562,6971,3870,6925,12857,8413,3055,331,11282,2567"
5367,5367,"1290,5545,6971,8590,789,9799,9962,11299,7706,6220"
5373,5373,"13110,6220,4413,11622,6982,5673,3750,12575,7558,10793"
5385,5385,"6220,4277,2870,13044,13115,4234,7983,5241,6166,1761"
5458,5458,"9942,3428,1574,13030,8321,1428,7781,5109,5977,7723"
5463,5463,"10326,5303,2140,8421,6971,6433,275,1290,4277,13346"
5471,5471,"11298,1779,4664,11024,4163,3427,2957,10674,789,1558"
5476,5476,"6037,1290,6589,11325,2264,4633,7024,9938,7594,8922"
5484,5484,"3950,7053,8235,12813,4854,11506,3340,12059,10608,2140"
5508,5508,"1290,7120,789,9962,5135,10389,11298,3539,1779,10607"
5513,5513,"6220,6971,8413,2218,11540,8421,6638,13296,5545,6166"
5520,5520,"10326,4277,5303,4798,8421,1978,1328,1210,2140,11969"
5524,5524,"12665,8562,3428,1323,11272,1196,9729,6484,1210,7707"
5539,5539,"7983,7723,8235,10029,10136,4413,1742,10082,10589,9937"
5554,5554,"4798,10326,10594,1180,11189,10933,12940,5431,3296,11836"
5564,5564,"12857,4277,2140,9404,3950,10077,9455,8205,1912,1408"
5595,5595,"6971,2218,5303,13296,9942,3428,5545,10326,12404,12470"
5601,5601,"10326,275,3055,2291,3118,10462,2140,1662,5363,1912"
5602,5602,"13346,5303,8562,6220,10916,6971,10594,11384,6515,8421"
5618,5618,"1290,7120,10663,2916,11299,12497,5826,6243,296,9730"
5643,5643,"2343,8235,13191,12026,3909,5676,5875,2373,7024,10835"
5644,5644,"8205,11572,560,2905,4798,6123,11726,7983,12680,7547"
5651,5651,"2218,6971,4277,10916,12857,13249,5303,3275,10326,9733"
5655,5655,"5495,5303,12668,6529,13261,549,3340,12107,10778,3909"
5658,5658,"3596,7425,10326,4002,9953,11396,3515,9030,11282,9799"
5660,5660,"10326,11969,6383,13306,4377,11001,7908,2140,992,5497"
5662,5662,"5545,6220,3565,5303,544,9942,64,8707,8221,12665"
5670,5670,"10326,12404,9178,8161,8421,7578,1872,1421,8192,1912"
5676,5676,"11024,3464,2957,2372,4036,1779,3238,10674,54,12615"
5680,5680,"4798,5545,3870,3055,2990,13110,3106,9799,12606,10067"
5698,5698,"9942,6220,10326,5532,12470,11298,7679,3428,5495,13296"
5710,5710,"5199,5999,9942,5532,4053,4266,3577,12531,785,2905"
5723,5723,"2989,11024,4576,11298,12995,4545,11918,10607,10648,11532"
5742,5742,"9693,10835,6834,6795,8279,10529,2822,7807,3909,12665"
5748,5748,"6220,8562,4798,12665,5303,3870,1225,11540,2380,11403"
5750,5750,"6220,7707,4798,544,5532,6302,8562,4413,12944,844"
5787,5787,"2140,9942,6433,5999,1634,12531,11540,7558,3565,11960"
5798,5798,"13346,2140,5642,4798,11384,2343,6588,9341,5532,9968"
5799,5799,"9306,5946,2291,383,6878,11692,2300,8402,2149,4081"
5815,5815,"789,1290,9962,4163,4664,8608,2957,7964,9101,8342"
5822,5822,"2218,2140,8413,1978,5731,8562,6638,13249,3055,11738"
5834,5834,"6971,5495,89,11540,9550,1359,2238,3908,7609,3578"
5846,5846,"2218,6971,5303,4798,13346,4277,6270,5866,7138,2265"
5858,5858,"5495,11726,4436,5700,8084,2905,6751,2140,7377,12668"
5882,5882,"4798,10326,544,4277,8421,1328,9072,11000,8483,10916"
5892,5892,"13346,2567,9449,454,6270,5303,2218,2380,1286,3340"
5897,5897,"3950,3055,12793,3870,11540,5549,773,2905,7710,10916"
5898,5898,"3992,1933,1331,5199,1286,5495,11180,11751,2337,11622"
5902,5902,"1847,9796,12130,9358,8076,10735,1853,961,8995,4039"
5919,5919,"8562,5303,10326,2140,6971,4277,10594,7707,5976,6283"
5934,5934,"544,4315,5497,9097,1328,6252,11524,4384,12485,12611"
5946,5946,"1290,6971,789,9962,89,1244,5135,8922,9730,275"
5965,5965,"5532,3424,4266,4117,8279,5999,5422,861,7899,12320"
5995,5995,"6220,5303,13306,12404,4277,3428,6641,1598,3990,5866"
6005,6005,"1290,9942,7120,6971,11298,13296,12655,4576,4929,7605"
6006,6006,"6220,7707,4413,3428,3950,2199,5495,9942,1286,1598"
6013,6013,"4798,8562,13346,217,717,6433,6326,5545,12857,9699"
6016,6016,"3950,13346,6220,8505,8413,11540,976,5199,5610,11384"
6023,6023,"7120,10663,10326,544,1244,4576,12497,6243,10137,12655"
6052,6052,"3055,2903,8421,6638,1478,5199,8235,1598,3950,1100"
6056,6056,"6971,544,5199,10835,13346,8922,3055,2343,5999,3909"
6059,6059,"8562,5495,12857,4798,6220,5303,8421,5545,13249,2580"
6064,6064,"10326,13346,4117,4798,2822,11357,13218,6971,11712,4053"
6091,6091,"3950,3055,2140,8413,6971,3577,12026,11357,5999,5199"
6112,6112,"7120,10663,1244,2916,12869,7679,12497,296,6243,8567"
6133,6133,"5303,13315,5532,10326,7802,3171,3340,7922,10873,7707"
6150,6150,"5610,9178,4843,12654,5591,13061,7167,2506,13123,11843"
6155,6155,"10326,2140,1978,4798,6220,9072,9580,12857,2343,4865"
6157,6157,"10326,4798,10916,8421,12857,2199,3515,5303,8161,851"
6212,6212,"6641,7136,13310,8285,9340,3094,3275,3911,3428,1890"
6218,6218,"4277,8562,10326,8421,5303,10916,4798,6433,13346,1180"
6242,6242,"9942,11000,1598,9729,5866,6842,10453,10326,3451,3085"
6243,6243,"10326,4798,5303,4277,2343,544,2218,8562,8421,6971"
6260,6260,"4798,976,3643,7487,6931,8022,4050,6166,961,16"
6262,6262,"3565,2556,7886,1769,12930,9718,2012,5497,9968,6887"
6278,6278,"2140,10916,652,5303,6971,976,796,12229,11384,217"
6280,6280,"4798,13249,3950,8483,2140,5495,10785,11751,11000,7558"
6287,6287,"6971,4798,8922,6433,9229,9668,2291,11609,8126,10241"
6305,6305,"8205,717,8161,12857,2411,4492,8562,10326,10594,607"
6320,6320,"1290,6220,6971,10326,7120,4798,8590,9942,7707,4929"
6339,6339,"6220,220,5010,7781,9941,2990,6834,11641,121,2580"
6360,6360,"4798,544,6220,12665,11969,13296,3870,7138,9072,10453"
6370,6370,"10326,3950,6220,13306,2411,5545,11540,12611,5303,2218"
6376,6376,"5303,217,8483,4277,9942,4798,10326,2218,12404,544"
6378,6378,"7120,4929,544,10663,2989,12869,2916,12497,6243,4545"
6379,6379,"8562,6220,6971,2218,2140,13296,3950,544,2380,4332"
6398,6398,"544,2343,6795,6834,2537,9101,5532,10326,5782,5179"
6422,6422,"3428,6971,8183,931,4414,454,3696,8177,7672,4413"
6424,6424,"11784,4090,5676,398,8413,3078,7213,2169,11561,2976"
6436,6436,"10352,2770,5105,6952,3960,2204,5940,10110,3003,9165"
6454,6454,"2343,9693,5532,8608,7964,3909,6834,9132,6795,8274"
6464,6464,"11000,12385,2158,12156,837,6107,9234,11688,891,560"
6479,6479,"13346,3428,13306,4602,3992,2012,8235,12470,13352,13121"
6485,6485,"7637,589,9083,8981,5149,8703,6040,10429,1487,3122"
6488,6488,"6220,9942,5545,4602,3428,1598,3858,1254,4413,7723"
6490,6490,"3147,9541,6482,8820,13281,3176,8047,4654,13349,13097"
6498,6498,"10326,13346,5495,5545,12404,5303,8562,2343,609,5485"
6533,6533,"10326,2989,1290,11969,10137,10389,11024,544,11918,8978"
6577,6577,"3950,4798,4277,10326,5303,13296,9942,8562,6220,2218"
6579,6579,"4798,8421,12857,10326,4277,350,851,6433,4974,837"
6583,6583,"6220,8562,3428,1598,13110,3950,4413,5545,3055,2380"
6597,6597,"2343,9693,4798,6971,7707,10835,13296,10326,3950,8018"
6599,6599,"6971,13296,2140,1323,5303,8590,89,5485,12665,9295"
6607,6607,"9942,2140,3950,1286,7138,11540,3428,5676,8413,13346"
6613,6613,"2218,3950,13306,12793,3565,275,861,5839,11540,8562"
6622,6622,"1290,7120,1244,4929,10663,12497,2916,6243,11775,4387"
6637,6637,"2218,3055,3950,7707,8562,7303,5165,5823,1361,9365"
6644,6644,"3950,4277,10326,13296,2140,12857,8483,7707,8590,13346"
6651,6651,"1290,7120,1244,9730,12869,11298,10663,4024,2916,2989"
6674,6674,"3950,5495,64,13346,13306,3428,5999,6638,8413,7207"
6683,6683,"2343,9693,1220,6834,3909,8205,11194,2903,11289,1912"
6686,6686,"1290,6322,6971,8877,1028,6697,4111,9662,12673,12474"
6707,6707,"2343,5545,5303,6220,9519,10063,10835,4117,8279,10326"
6724,6724,"4413,1863,7024,5875,10429,12426,11403,2302,952,6456"
6729,6729,"6220,1290,10326,12665,6971,5303,5545,3950,8562,3870"
6739,6739,"8562,438,298,12944,8333,10820,7705,12632,4413,12842"
6756,6756,"10326,4277,8421,10916,5303,3950,8562,1180,6433,9580"
6764,6764,"6659,13296,5545,13306,6220,10891,4229,5126,9072,8562"
6768,6768,"9942,3428,6220,10326,5545,2140,13306,13296,8590,5303"
6787,6787,"8562,2218,6971,3950,12665,3055,9550,6326,10063,2140"
6808,6808,"4576,11298,1244,10607,9942,11024,10137,1290,4664,7120"
6811,6811,"4798,8421,5642,5996,851,7232,7191,4694,350,7707"
6812,6812,"4798,13296,7707,8562,10326,4413,1598,3870,9799,5545"
6831,6831,"9942,2140,7707,13296,5485,8922,3950,5731,1156,2218"
6833,6833,"5875,13191,5524,7024,7289,8235,7983,12550,4606,12665"
6840,6840,"2140,4798,2218,7824,9085,8161,10506,5819,6270,1606"
6842,6842,"1290,7120,5135,9962,6811,10607,6322,4929,10663,789"
6855,6855,"1290,11298,4576,11024,2989,7120,10389,10137,4664,10607"
6869,6869,"4798,10326,2140,8421,6326,9580,10916,1996,851,10262"
6874,6874,"1290,2218,13296,544,3089,5061,7120,12994,589,6220"
6879,6879,"10326,2140,8279,544,2903,10835,3577,4266,5199,2771"
6885,6885,"5676,9245,5547,5673,760,3314,9838,12689,1110,2789"
6886,6886,"8562,6220,12665,5545,3870,11000,9938,10273,810,1761"
6902,6902,"4798,4277,10326,717,851,9580,8161,1776,9072,4679"
6908,6908,"1290,11298,4664,11918,12903,4576,789,8714,9962,10389"
6911,6911,"1404,8421,217,13346,2789,2567,1686,13134,11876,10214"
6912,6912,"6220,9942,3950,3428,5545,12665,931,454,1598,9729"
6919,6919,"1290,7120,544,4576,11024,11298,9101,12869,4664,10581"
6926,6926,"8413,7673,12923,12334,8221,1104,2990,4161,5811,8636"
6934,6934,"8562,6326,10326,11048,12665,12857,8421,1180,3870,4798"
6935,6935,"6220,4277,4798,2140,13249,8562,6433,10326,9942,9072"
6939,6939,"6220,7792,4943,3888,8188,1478,9799,4413,2013,8472"
7000,7000,"6220,3428,7707,13306,2343,5545,1220,13110,1355,3950"
7003,7003,"10077,1323,12099,4555,8562,11058,3950,10247,4924,12026"
7005,7005,"10326,8562,3950,350,4492,1776,544,13249,10594,811"
7042,7042,"2218,2140,8562,9341,10326,11115,4025,4798,5495,10039"
7045,7045,"5485,6302,5731,2337,5532,3506,8452,3565,8593,2220"
7047,7047,"7723,5966,10429,8703,10082,6892,3888,7784,11733,6152"
7053,7053,"10429,12723,7706,8205,3967,3202,3487,10777,7983,792"
7063,7063,"13249,3950,717,12857,8483,13346,2905,8421,5303,1889"
7067,7067,"2218,275,810,10063,5445,8018,652,5866,2537,9507"
7071,7071,"10326,4277,12857,8421,3950,10916,4492,331,6326,9234"
7078,7078,"8562,1323,1990,7063,2287,16,7707,7086,7484,2337"
7109,7109,"9942,4681,3000,10409,6154,9430,7828,6437,7858,1634"
7118,7118,"12857,10916,9602,10594,8366,10326,11010,4798,8459,6433"
7129,7129,"1290,7120,11298,4664,4576,11299,4036,5135,6811,10464"
7133,7133,"8562,10326,3416,11000,9453,350,9938,9229,3520,11384"
7139,7139,"1290,12903,10464,6591,2885,8209,3570,9101,3464,769"
7142,7142,"4798,3950,8562,6971,2140,6326,1210,2218,9602,9072"
7146,7146,"2343,2140,9693,5532,4798,8590,6834,5199,7867,2218"
7172,7172,"8421,10326,851,4277,331,1180,350,2777,992,11843"
7181,7181,"9942,89,2218,6220,12869,5495,12099,64,11272,11060"
7195,7195,"4798,10326,4277,8562,2140,10916,5303,6326,9580,6971"
7197,7197,"4798,5545,5303,4277,8562,13296,4414,167,12470,5025"
7203,7203,"1290,7120,4929,10663,2916,12869,11298,9295,12497,6243"
7223,7223,"12857,4798,8413,8562,12665,10326,13296,10916,6220,6971"
7235,7235,"1290,544,7120,5303,2957,4216,10674,1851,6971,5135"
7236,7236,"7120,10326,6971,4277,1220,8922,4929,4798,10663,2140"
7237,7237,"1290,7120,9229,9083,2020,4929,9564,12030,5573,6474"
7255,7255,"1290,7120,8590,10663,2885,4929,5042,8302,8695,1977"
7297,7297,"6971,6220,2140,12665,13346,5532,8562,5999,4053,4798"
7320,7320,"1788,11572,11726,544,5199,11357,8205,5700,4199,3577"
7323,7323,"8562,3950,1323,5495,3565,10835,7707,13296,4602,275"
7326,7326,"8421,12404,8483,4798,2218,1763,11622,9306,2264,6962"
7343,7343,"4277,10326,350,4798,6433,12857,5303,8421,10138,9580"
7363,7363,"6220,6971,89,1230,8590,5199,10326,3055,10835,121"
7364,7364,"13346,3950,8483,10224,8235,8922,11488,7900,5303,1747"
7366,7366,"6220,3870,3799,3428,12417,10537,391,4946,4602,2866"
7372,7372,"8413,3428,6302,5532,13346,844,10778,9422,11772,4924"
7399,7399,"10429,6961,1190,9570,5762,11713,6938,2923,589,5976"
7402,7402,"2218,6220,13296,13346,6270,3950,9942,3055,13381,6166"
7406,7406,"4413,9733,7867,5441,3870,2958,4915,6919,9309,6395"
7421,7421,"9942,4576,5545,3428,13150,4798,7707,6395,2140,12680"
7425,7425,"275,4576,6220,1290,13296,4664,6166,335,7487,303"
7431,7431,"10326,4277,12857,8161,12665,4411,8421,7833,4798,9602"
7447,7447,"2140,4798,9880,10326,9799,8562,6280,519,12875,6899"
7451,7451,"8562,6220,7707,8607,6925,1863,5545,10429,2327,12330"
7453,7453,"7120,9962,5135,789,4929,3697,8922,13309,9866,10663"
7456,7456,"1290,789,7120,9962,9295,4929,10336,1400,1554,12099"
7484,7484,"1290,7120,4929,6971,2885,8922,10663,1244,11298,9405"
7486,7486,"4798,3950,6220,9942,2140,2199,796,3055,8483,7558"
7505,7505,"1290,7120,11298,544,4929,1779,10663,4664,10389,296"
7529,7529,"8562,4798,13346,7808,5642,6326,5935,9699,8053,8961"
7532,7532,"11298,11024,3427,12869,4664,1779,1851,10607,7679,11918"
7548,7548,"6220,64,3428,8421,9942,12404,275,9729,4413,12665"
7550,7550,"3950,5642,3992,64,1978,4277,811,12308,4780,6326"
7557,7557,"10326,4277,8421,4492,1180,10594,10916,8366,851,350"
7574,7574,"9295,789,13309,12869,5135,9962,12903,12212,1812,10464"
7586,7586,"7637,1863,8981,9083,12663,2020,5149,8703,2058,4698"
7592,7592,"12204,1912,7800,1219,2263,3314,6082,3960,873,1521"
7594,7594,"2218,4430,7723,5433,8413,5643,11784,9937,7236,3028"
7600,7600,"2343,9693,10835,2905,5532,10326,5060,4798,10529,4090"
7601,7601,"6971,8161,4798,2140,8562,9602,1287,953,10326,3171"
7642,7642,"544,6220,1290,5303,4798,4277,12665,717,11969,12869"
7647,7647,"50,12309,4414,12725,13026,976,11843,10986,4715,1286"
7650,7650,"8413,5303,2218,9733,12793,3055,11326,1598,5762,12857"
7660,7660,"544,4576,10389,9101,11024,12869,11298,10137,3222,4890"
7682,7682,"10326,6220,4277,5303,8562,7707,6971,13346,5545,8421"
7712,7712,"6220,12470,13296,5545,10453,12869,7359,5495,8590,2989"
7728,7728,"3950,1328,5610,810,2395,13114,9953,10473,4056,8562"
7763,7763,"10326,6220,8562,3428,13296,3870,12665,6326,13346,5303"
7764,7764,"6971,13346,13296,3870,7063,89,2140,4277,9511,8922"
7765,7765,"2989,11024,8978,3222,12869,11298,11918,7679,4024,4890"
7768,7768,"8562,4798,6659,931,6961,2567,4181,8713,4637,8803"
7776,7776,"7120,1290,9962,5135,789,13309,10336,3323,7817,6811"
7834,7834,"3968,1390,7044,222,4788,4816,13014,13150,4280,9135"
7850,7850,"4277,717,8421,8161,11384,2140,1996,1912,9178,10916"
7860,7860,"1290,7120,11298,10663,4929,296,10607,4576,10389,9295"
7879,7879,"6971,5303,2140,4798,2218,275,3055,8590,13346,844"
7892,7892,"6220,4277,1290,5303,6971,8590,7120,6591,5199,217"
7895,7895,"4798,8562,6220,2140,8221,6588,9799,9937,7558,796"
7901,7901,"4277,3950,10326,6220,5303,2140,10077,10916,13296,717"
7922,7922,"6220,12665,4277,4798,9455,8562,1598,12655,560,13296"
7927,7927,"13296,11969,6971,5303,7707,9799,4414,6166,4413,12067"
7931,7931,"9693,2140,275,2343,5532,2218,10326,5199,4798,4411"
7938,7938,"3950,12470,5199,4053,5999,785,11814,4117,2905,3545"
7942,7942,"4277,544,9942,2118,9871,11000,12185,2645,10594,1978"
7964,7964,"8413,11560,4413,2990,1378,6041,11621,7828,3306,3340"
7982,7982,"5461,5199,64,1723,4117,4053,8505,2822,9532,4006"
7988,7988,"1290,7120,12133,2784,8302,5135,11923,9405,8922,12030"
7992,7992,"4798,10326,13346,8562,2140,12857,8590,8421,3055,13249"
8005,8005,"6971,5199,89,3909,2218,6529,11403,9132,4388,9733"
8019,8019,"6248,3464,2710,7679,13071,6201,10009,247,2295,12698"
8026,8026,"3950,13346,9942,8413,6220,4798,2218,11540,10326,4413"
8028,8028,"2343,9693,5532,6834,4388,8608,6529,6026,1220,5199"
8085,8085,"6626,2343,12378,11635,2205,6503,11287,10395,1947,1634"
8103,8103,"6971,5199,10835,7024,8235,11289,2567,7983,6962,3909"
8108,8108,"10594,9072,8221,851,3428,7614,3950,7867,3879,1952"
8137,8137,"5303,6971,8590,13346,7707,6529,275,1220,4266,4798"
8138,8138,"5303,6433,13346,4277,6326,10326,10138,217,9602,811"
8139,8139,"6971,10326,5303,2905,12793,8421,3035,12990,5532,8922"
8148,8148,"6971,6220,2218,13346,4798,5303,13296,2140,3428,8590"
8150,8150,"4798,8161,275,9234,11115,9865,2169,4679,534,1978"
8160,8160,"1290,7120,6971,10326,11969,8590,1244,9295,9101,11298"
8175,8175,"2343,11639,64,5956,3319,432,716,6788,6260,2777"
8191,8191,"1290,7120,1556,3645,3075,11079,6591,4734,4688,10607"
8198,8198,"4798,6971,2140,8590,11000,544,769,5199,8483,8421"
8202,8202,"11298,4576,3427,12995,10607,11677,1290,7605,7369,7120"
8233,8233,"2218,6971,3950,4798,5980,8235,11207,5642,12875,12857"
8251,8251,"534,5703,5673,9693,2260,443,12588,9668,12632,7391"
8252,8252,"4798,10326,4277,6220,13249,717,8161,5303,8421,331"
8265,8265,"6971,2218,275,4798,5303,6220,5545,8562,7707,10326"
8267,8267,"6433,9602,8421,8161,217,1328,6925,9580,1634,11843"
8268,8268,"6220,12757,275,9870,1889,12745,959,12725,10250,11540"
8294,8294,"2343,9693,2140,64,275,6971,4388,8608,10835,3909"
8299,8299,"789,1290,9962,3290,12997,13027,150,1116,13309,10644"
8302,8302,"5303,10326,2218,9072,7063,8421,11010,5282,11115,7833"
8303,8303,"1290,4929,5135,789,12497,544,3697,12030,8567,9866"
8323,8323,"6971,8590,2238,5422,9693,5676,5199,13346,11289,8562"
8327,8327,"6971,5303,89,3055,8235,8590,7983,708,5545,6220"
8331,8331,"8413,3950,1323,7138,10224,1521,2567,3317,1225,9449"
8332,8332,"1290,11298,789,10607,5135,7120,9866,9101,296,10663"
8334,8334,"6220,3950,5610,5964,11572,5642,1598,5495,5545,9799"
8337,8337,"544,2343,1290,7120,9693,3539,789,1779,9962,1305"
8341,8341,"8562,3950,4323,10340,3870,11540,10326,3340,8939,9443"
8361,8361,"4798,6971,8590,13296,7138,13346,6899,5762,9083,11279"
8369,8369,"8562,89,8590,9532,2411,9550,10481,7338,4555,5676"
8378,8378,"13346,5303,8421,8590,8161,6971,7578,1912,976,860"
8407,8407,"2989,11024,3464,7679,1779,9732,1244,7047,12373,11298"
8419,8419,"11298,9101,4576,4664,11024,1244,9306,11918,1334,8254"
8424,8424,"13296,6971,10326,6166,7706,8562,1856,4698,8607,10429"
8425,8425,"2140,5303,12385,851,7867,8822,8221,3112,9072,1868"
8438,8438,"1290,11117,9405,5135,10787,8302,7120,11651,1400,3697"
8447,8447,"4798,10326,4277,8421,10916,717,6433,217,9580,12857"
8458,8458,"1240,2291,10697,7063,2149,4877,5946,12351,12869,5917"
8463,8463,"10326,6971,3950,5303,9942,8421,8590,4277,6220,8562"
8471,8471,"6971,8235,8161,2265,6529,3055,7024,6515,8922,4798"
8472,8472,"1290,7679,11298,4664,4576,9101,6576,10607,6610,1851"
8477,8477,"6971,5199,275,10835,5303,8590,8421,4266,1912,6529"
8478,8478,"2343,6971,2140,9693,5495,5199,2218,8235,9132,6834"
8483,8483,"9962,89,789,5135,13309,8302,2784,1290,11117,5142"
8496,8496,"10326,2140,3950,13346,12665,2567,2789,6971,8205,9443"
8497,8497,"4798,10326,6220,3950,12857,5303,10916,3507,11540,8413"
8501,8501,"10326,13346,4798,6220,9443,7578,5999,4414,8421,9968"
8506,8506,"13346,5303,13296,2218,3428,12665,3950,9072,5545,10077"
8520,8520,"12857,10326,4798,544,8421,5303,717,6326,10916,3950"
8524,8524,"544,5303,11024,10389,5969,4576,12470,714,10137,8607"
8531,8531,"2218,4798,6326,3950,5676,5303,8421,13249,8161,275"
8556,8556,"4798,4277,544,350,8421,8483,5303,10594,6220,6971"
8579,8579,"4576,11024,10389,12995,10137,11918,4664,10607,9156,1779"
8585,8585,"9942,8562,7707,5545,5676,13296,13110,714,12422,8607"
8591,8591,"6220,8590,12665,3428,7707,10326,13408,3799,13346,9942"
8592,8592,"1290,7120,4929,10663,6220,1220,2916,6243,4777,13101"
8596,8596,"8562,4798,2140,9942,3992,5025,3870,6433,1978,12857"
8598,8598,"10326,6220,9942,3428,13296,2218,8590,89,5866,4277"
8608,8608,"1290,7120,10663,12497,6243,3697,9295,12030,5573,12474"
8610,8610,"1290,7120,1244,4929,9962,6971,11298,10663,5135,9295"
8617,8617,"1290,7120,11298,11024,9962,789,5135,13432,4929,1977"
8621,8621,"275,5199,8130,5610,4786,12379,5073,7983,5698,8981"
8629,8629,"3420,11013,5766,648,8068,4820,6708,13182,5310,10917"
8649,8649,"2705,5495,7715,1148,362,6414,4007,1108,5036,6438"
8652,8652,"7120,4929,12497,5135,2916,296,6243,5573,789,10607"
8714,8714,"8590,9942,13296,2870,1863,9331,6018,1041,10429,284"
8718,8718,"9942,5875,7024,5524,8235,5199,10315,5375,12662,11171"
8733,8733,"1290,7120,11298,12655,4576,9101,1779,10389,3427,7679"
8734,8734,"3870,7485,9179,11736,12368,434,5199,10914,5109,11223"
8754,8754,"3950,2218,5495,2905,1404,8505,10835,2822,3428,5303"
8771,8771,"2218,6971,6166,8413,1747,12857,13296,8205,11994,8562"
8791,8791,"10326,6220,1220,6971,2140,12665,13296,3428,8421,5545"
8794,8794,"3950,64,3340,220,851,10986,6220,7426,1180,4469"
8797,8797,"4560,11758,10658,114,2083,1394,11162,2309,3563,3416"
8804,8804,"10326,4798,8562,4277,13296,11540,6220,11048,2411,13346"
8809,8809,"275,13346,50,5303,12309,2218,10835,6588,12156,3298"
8823,8823,"1290,7120,11298,4929,10663,11024,1779,10607,4576,10389"
8833,8833,"6326,1210,8421,6971,8569,2368,7578,10326,6631,6925"
8835,8835,"1290,7120,9295,4929,9693,4163,2957,6591,10663,1977"
8840,8840,"4798,5495,2140,5731,12470,9306,8053,9093,9454,9771"
8842,8842,"8413,2990,7063,13272,11489,9306,2121,238,10899,12274"
8860,8860,"11024,1244,5731,10389,12869,4664,4036,6220,9942,6576"
8866,8866,"666,4199,12398,9651,4918,4117,5999,11406,2728,4053"
8877,8877,"8132,424,12882,5667,5189,4568,10146,7421,11549,11431"
8887,8887,"9733,1286,9264,12274,10081,10340,1661,7824,5532,2220"
8895,8895,"11739,2770,5789,10619,6560,12496,8620,9842,12824,10352"
8907,8907,"1290,1244,11298,4576,7120,9962,5135,789,4929,3620"
8921,8921,"10869,8161,4277,10337,7197,4469,6631,4236,13170,8230"
8928,8928,"1371,7971,3464,11833,11554,1558,11998,6201,10674,7047"
8936,8936,"976,4685,3488,8155,11329,10400,4351,834,3871,3579"
8965,8965,"2343,10326,5532,9693,2140,4798,4388,6638,9229,5999"
8971,8971,"6795,5532,10835,5199,2903,5422,6220,2343,5303,5964"
9000,9000,"1290,4576,11298,9101,11024,7120,4664,10389,544,6610"
9023,9023,"4277,2343,64,12665,10077,50,8671,716,4416,7207"
9025,9025,"8590,5532,89,1220,275,2140,5199,13296,12665,1286"
9031,9031,"3950,2903,2789,5999,7578,11622,8235,1100,2567,2822"
9045,9045,"10326,4798,12857,6971,4277,8514,10916,8922,10124,4492"
9053,9053,"3055,6302,6220,2218,3577,3950,12665,558,9744,4413"
9054,9054,"9942,13346,1328,8681,1286,9733,8562,3950,5495,12857"
9060,9060,"12665,6220,8562,4798,13296,2140,5303,1634,10326,4277"
9063,9063,"3509,4413,8413,7723,1598,9729,9799,491,3870,5293"
9071,9071,"8562,2218,8681,6220,5495,5545,4413,7707,4602,5555"
9078,9078,"2343,6302,3055,4388,7964,7547,8608,3127,9532,8274"
9101,9101,"8562,2343,3565,1210,5303,3799,3428,5610,621,6504"
9108,9108,"544,6270,13310,1453,3744,1890,12990,5303,2411,50"
9110,9110,"5731,2140,2218,13296,811,9602,6433,8413,6395,12058"
9114,9114,"2989,12665,11024,7679,11298,4576,11918,6220,12869,5495"
9144,9144,"1290,4576,11024,11298,10607,544,10389,7120,4664,9101"
9172,9172,"1290,6220,589,5484,9083,1487,6728,3122,12704,9564"
9185,9185,"10429,589,5976,2020,7637,1863,9083,2058,1487,13296"
9190,9190,"4798,2140,10326,8205,8562,10340,5642,6517,5610,4947"
9193,9193,"4277,10326,2140,2218,9602,1788,468,11726,12990,3950"
9198,9198,"7138,4908,2147,11320,4277,812,11921,811,669,7712"
9200,9200,"1290,7120,9942,6220,4929,10326,10663,789,5135,544"
9201,9201,"1290,1244,4929,10663,12995,7120,8307,10997,9922,2769"
9204,9204,"10326,8590,3428,13296,11289,8483,11969,7707,5199,7138"
9215,9215,"1290,7120,6971,2140,4929,8421,6433,2916,4277,4798"
9222,9222,"1290,5135,4576,10674,11299,9888,7120,335,4734,4184"
9233,9233,"4798,350,9942,11969,4277,8590,1210,7867,2158,10039"
9235,9235,"9101,1290,5135,11536,3202,9564,3122,8472,9185,7637"
9245,9245,"1290,789,13309,9866,7120,7817,10336,3886,5008,10644"
9275,9275,"5875,7024,8235,7692,89,7289,8879,5524,12312,1571"
9308,9308,"6220,2218,8562,13296,5303,3428,11752,3870,6137,2238"
9323,9323,"9942,10077,12404,5303,13296,9962,1634,851,9072,12232"
9329,9329,"6220,13346,5303,9693,5532,2343,4416,844,6326,8562"
9355,9355,"3950,8562,6971,844,8922,8413,12099,12665,9338,7707"
9369,9369,"10326,5303,13346,2218,12857,8562,8590,3950,1912,5025"
9386,9386,"8562,8188,11774,6060,9375,12226,7092,11484,1810,8607"
9388,9388,"544,7707,4798,5303,12606,6166,13296,13249,6220,9937"
9401,9401,"1290,9962,789,12995,6812,11775,5135,4929,4152,2870"
9418,9418,"5610,3428,12857,9245,8018,811,1724,9338,3950,4414"
9433,9433,"217,4277,717,6220,8421,8483,10916,9404,12857,1421"
9440,9440,"4277,10326,8421,544,350,217,717,12385,1017,8562"
9446,9446,"3950,10326,2218,5545,12793,9519,6220,1598,10027,8830"
9464,9464,"5495,2585,257,12086,12470,232,10738,1610,6583,5025"
9477,9477,"5303,8562,6302,11384,9404,11843,2789,2140,1912,7138"
9488,9488,"1290,7120,4576,6971,9730,10137,789,11024,4664,11298"
9500,9500,"10326,4798,4277,8421,10916,6220,717,11000,2158,10594"
9502,9502,"2218,544,3428,8562,13306,4323,5943,5506,854,2158"
9507,9507,"2343,2903,9693,3127,4388,12606,1481,8235,8608,7578"
9528,9528,"7120,12869,4929,10663,7679,9730,4664,2989,2916,12655"
9539,9539,"10326,4798,5303,1978,4277,717,2140,9733,2218,9580"
9566,9566,"2343,6971,2140,544,11969,1220,13110,9101,8633,8608"
9575,9575,"13249,9178,7138,5165,13380,7063,7303,4025,9733,9309"
9583,9583,"6659,5495,7707,4798,3950,13346,1978,1323,1681,11540"
9589,9589,"10326,6971,4798,4277,8590,8421,5485,275,2140,2411"
9591,9591,"6971,3950,10916,8562,8205,8421,9115,851,11843,11540"
9617,9617,"609,6925,1856,12779,13296,11364,7194,7319,2301,7138"
9620,9620,"8562,12665,13296,5545,10326,3950,8408,8505,6925,8279"
9622,9622,"2905,6095,4463,5060,8818,9393,5557,127,6368,10252"
9631,9631,"4576,9962,789,12869,7679,286,9286,5511,7817,6960"
9655,9655,"11910,12130,3428,5293,2570,4652,5061,2950,13296,8283"
9658,9658,"2343,10326,13249,9668,8045,5999,2140,11282,5495,2337"
9660,9660,"1290,7120,9101,9730,4576,6322,4929,9295,10607,11299"
9669,9669,"789,5135,1290,9962,13309,9866,10336,12030,13027,4387"
9672,9672,"3950,11384,2140,4798,12857,7948,12156,6433,1996,3628"
9684,9684,"6952,2770,10352,4832,5940,381,6393,2363,632,8599"
9702,9702,"1290,7120,6971,789,5142,8922,5135,9962,12030,2784"
9705,9705,"1290,7120,10326,8590,4798,6220,13296,10663,4929,4277"
9722,9722,"11024,11298,2291,9771,165,1244,13215,5939,7383,4877"
9732,9732,"9730,7679,4024,11298,9962,4664,789,83,8714,3238"
9781,9781,"12655,3238,1224,12995,11532,10578,8279,6002,9399,2292"
9803,9803,"5495,5303,5532,10835,2218,10778,6971,4199,4266,3909"
9809,9809,"9942,13306,3428,3565,5199,9519,8279,10835,4266,4117"
9814,9814,"10326,6971,2140,5303,8421,8562,8161,11282,10594,10916"
9818,9818,"2218,6971,5303,11384,5199,10835,851,9067,1912,864"
9820,9820,"2905,12611,2981,4798,3035,11930,6134,127,8042,5532"
9848,9848,"8421,2140,8161,811,4685,1017,10608,9848,6433,631"
9856,9856,"4798,10326,8562,12665,3950,2140,12857,8205,12680,810"
9869,9869,"2218,3055,6220,8235,7024,3016,12662,9454,4715,12665"
9889,9889,"10326,2218,4277,12665,4798,5303,6971,8922,9733,5731"
9923,9923,"4277,10326,11000,8483,350,3781,560,4915,1634,6107"
9929,9929,"8562,3950,9687,10481,820,2891,2019,5177,11157,7053"
9961,9961,"1290,8235,1746,7024,10464,4175,6962,5766,11403,7796"
9969,9969,"6971,4277,275,4798,2218,8205,9580,544,331,5896"
9974,9974,"1290,12869,11298,2218,8609,7102,2989,10608,13191,708"
9976,9976,"3464,9730,12130,7047,8684,12321,9077,281,89,10722"
9989,9989,"6220,5495,13346,9942,3950,12470,8590,8562,7707,8421"
9993,9993,"6971,8590,12665,5545,50,3428,12606,9938,1598,4416"
10002,10002,"5303,275,3464,3798,3674,10907,6307,11927,5458,6402"
10011,10011,"11298,10137,11918,11024,1779,4664,8978,3222,3464,13431"
10016,10016,"10326,6220,4798,9072,8161,8590,9942,5303,3515,8562"
10028,10028,"10082,4859,2990,3888,3381,7388,13076,1495,7723,8707"
10029,10029,"6220,10326,12665,2218,13346,9942,5303,4277,5545,13249"
10033,10033,"3055,8922,3173,931,8235,10524,4046,8205,5340,4602"
10042,10042,"3950,6220,4798,2140,5642,10138,717,11000,2158,9799"
10046,10046,"8562,3950,13346,10132,6588,10196,9404,9846,3628,2108"
10061,10061,"4277,1328,6433,6220,350,8421,10916,11969,8590,1598"
10071,10071,"9942,50,7707,6383,5545,7087,3428,13249,12857,1598"
10084,10084,"2140,4798,3055,8562,6220,12856,6166,8221,2199,9937"
10091,10091,"2343,10550,8472,3713,2712,6713,30,11180,4482,8505"
10102,10102,"4576,6971,4929,11298,9962,12869,789,10663,6610,4664"
10104,10104,"4798,12857,5303,13346,4277,2218,9602,3055,11326,10986"
10121,10121,"1290,7120,6971,4929,2140,8922,5135,10663,789,12497"
10131,10131,"13346,3428,4413,1598,1478,6925,13306,12990,5545,6220"
10134,10134,"4798,10326,275,6433,8421,13346,7439,4877,797,350"
10139,10139,"1290,7120,4929,10663,12497,2916,1779,6243,3697,12030"
10144,10144,"3055,3766,13346,8221,1180,3340,4315,3992,9651,64"
10155,10155,"2218,6395,4947,11396,1634,2990,3515,10340,11540,2140"
10168,10168,"9564,589,1863,5342,8703,6893,10429,1983,10332,7637"
10178,10178,"6220,89,10326,5495,7679,3055,4117,1598,1244,789"
10186,10186,"8413,13259,5532,6795,1493,4110,12665,393,11449,2537"
10190,10190,"10594,10077,851,8421,7833,6120,1776,4974,12779,8366"
10194,10194,"8562,4277,3950,9455,4798,3992,13296,6515,12665,11630"
10196,10196,"1598,7723,10901,8321,3810,6466,11592,4229,9023,12632"
10215,10215,"4277,2140,1634,9580,13249,6433,11282,851,8421,11843"
10218,10218,"9942,3950,10326,2789,13249,9449,13296,1286,8205,7138"
10251,10251,"6220,9942,4798,6659,3950,1323,4413,12606,8562,8293"
10252,10252,"1290,5135,789,9295,7120,11298,8590,9962,5303,3697"
10262,10262,"5495,2903,3018,2443,3424,6051,1619,3909,9512,12718"
10266,10266,"9942,4798,13296,2140,1220,8483,13110,11969,6220,13408"
10271,10271,"8562,2140,6971,12665,1747,7558,2260,13090,12680,9593"
10277,10277,"8562,6971,12665,10326,2218,2140,9455,8421,4798,6515"
10282,10282,"1290,6971,8590,4798,8421,1244,3950,9229,6962,12757"
10286,10286,"1290,12030,12651,13309,7120,8954,3805,2286,1400,3697"
10305,10305,"810,1889,10063,6971,6795,7010,8579,11455,8279,254"
10309,10309,"6220,2218,5545,3870,13296,6659,6971,12606,8235,13191"
10335,10335,"1290,7120,4929,10663,2916,10607,5135,3697,6243,11299"
10340,10340,"11298,11024,12995,2989,10607,4545,11775,3570,3222,6189"
10375,10375,"9942,4181,2127,4430,9689,1943,2604,7900,7715,6835"
10388,10388,"6971,13346,2140,8922,8205,8472,6638,12680,4516,9098"
10397,10397,"10326,4277,12857,8421,4798,8413,3950,2433,1978,11960"
10402,10402,"5676,4413,4798,3870,5199,8235,2199,5875,9799,8590"
10407,10407,"2218,810,5885,11603,8822,607,811,9404,9917,4853"
10408,10408,"7439,13214,9306,4244,3064,11286,2291,5946,5939,8022"
10416,10416,"6220,3950,717,2343,810,4453,3428,2337,8421,8370"
10448,10448,"8562,4798,3950,5642,12857,13346,8421,717,13249,1210"
10454,10454,"3950,12857,3799,8413,4602,5610,3870,9341,2645,12282"
10499,10499,"5495,8421,9380,11384,2158,1180,1813,9580,1281,2808"
10503,10503,"12665,4988,3927,5538,11639,1978,11351,575,5568,3762"
10504,10504,"7679,2989,11024,8978,3464,7047,10643,7101,83,13071"
10508,10508,"5303,717,4798,8421,12857,12665,8161,13249,2140,12680"
10514,10514,"6220,3950,1598,11000,4413,810,2108,3055,553,13367"
10526,10526,"13346,8421,217,5364,12385,5913,240,6280,6107,9489"
10540,10540,"10326,4798,4277,3950,2140,11969,9306,8483,6220,331"
10542,10542,"10326,8421,217,9340,2158,3416,652,4277,350,16"
10551,10551,"275,10326,6971,4798,8562,13310,12278,10027,7138,5866"
10554,10554,"8562,5199,8413,1978,9532,11540,1225,9733,1220,3870"
10555,10555,"7707,12606,6909,1607,11484,2058,8607,1635,11180,5994"
10556,10556,"9306,5743,4472,2762,3055,8643,2140,5002,12856,4798"
10562,10562,"2218,11969,11000,31,12793,2641,9072,4679,10415,5282"
10575,10575,"1290,7120,9730,10674,11298,7669,7679,10607,12869,11775"
10576,10576,"10326,2140,10916,6433,331,8421,4798,9340,12857,1776"
10582,10582,"10326,4798,1290,3950,6971,4277,8590,12665,13296,5303"
10584,10584,"3950,3428,8562,6220,5303,2218,3340,8681,8413,13346"
10606,10606,"10326,4798,3950,5303,8562,10869,13408,9942,12768,1912"
10611,10611,"4798,4277,717,217,544,8421,13346,8483,5470,5303"
10613,10613,"544,1290,5303,6971,7120,8421,8483,5866,9234,12857"
10614,10614,"7725,11844,6892,7706,3487,9461,10614,8028,3467,5976"
10623,10623,"8235,4715,12662,3252,6509,7024,11506,9339,6634,6696"
10647,10647,"4163,2957,1851,7679,83,1558,4216,6960,11020,4688"
10657,10657,"10326,8421,9404,9328,11384,10594,1996,8161,6899,10138"
10670,10670,"8421,10594,6107,976,1223,9115,1180,5214,1776,8888"
10679,10679,"1290,11298,7120,12869,1244,10389,11024,10607,4929,10663"
10680,10680,"2218,10326,2140,4798,13346,275,13110,6971,2199,12793"
10699,10699,"6971,2140,3870,8235,275,1746,6220,1230,8922,10340"
10715,10715,"5495,3416,811,9421,7054,9547,1123,10353,6326,1180"
10720,10720,"11000,3055,10340,167,11871,11097,454,6437,2990,8413"
10735,10735,"8562,6220,5545,13296,4798,544,6925,1746,1165,2218"
10742,10742,"6971,544,6220,2218,89,13296,5303,2140,9799,4414"
10744,10744,"10242,4616,7166,7305,11517,3659,2580,4957,7243,6211"
10747,10747,"1290,544,7120,5199,9519,2903,7138,10063,10568,4924"
10769,10769,"6839,1933,8891,9455,4876,1112,4246,12348,5073,12269"
10795,10795,"5495,275,2218,9942,2140,5303,6971,11000,10326,12470"
10817,10817,"1244,11298,10607,789,1290,5135,10963,10648,4036,10147"
10819,10819,"6971,5461,10835,11272,5474,6709,11804,9836,2598,89"
10828,10828,"6220,13296,5545,12470,5495,10453,2989,12869,8590,7359"
10860,10860,"13346,10326,931,2789,9449,4243,4262,11784,4908,9886"
10868,10868,"2343,9693,3704,3222,11298,2537,4605,5782,6834,4890"
10895,10895,"10326,6925,10916,6742,9668,5966,1996,11405,5972,4413"
10900,10900,"10326,2140,8421,8161,4798,6971,13114,5999,4101,10473"
10912,10912,"2769,10009,8315,247,363,3464,12458,12776,6201,5760"
10934,10934,"1290,7120,4929,10663,2916,4576,4664,9962,2989,10607"
10947,10947,"5495,6971,5199,12470,5999,4117,2822,2903,10835,785"
10950,10950,"8421,5303,9340,6326,7093,2304,1996,4277,12857,331"
10964,10964,"1290,7120,1244,4664,5135,10607,3539,9962,789,10648"
10965,10965,"7715,5485,1681,12145,7994,12638,11439,10091,12136,10573"
10968,10968,"10326,4798,2218,12665,7707,8421,6220,217,13315,2172"
10972,10972,"4798,6971,12857,5303,13346,6433,2140,11282,2395,5999"
10975,10975,"6971,8510,12860,9206,9587,2602,8267,1563,8859,2291"
11028,11028,"4798,8562,13346,5545,9942,3428,8421,10326,1978,6433"
11030,11030,"544,1290,4576,12869,4664,7120,2343,2411,13296,89"
11044,11044,"6971,5545,7707,1747,5555,13296,1856,2019,3509,10835"
11048,11048,"3950,2905,6902,10326,2981,2330,9393,3035,5999,1996"
11065,11065,"6971,6220,10326,12869,8590,10464,9799,275,8703,10462"
11085,11085,"5135,9962,789,9405,13309,4552,6083,1779,12133,11651"
11088,11088,"8562,7707,2373,275,362,4430,6971,976,4698,2238"
11100,11100,"1244,11298,10389,10137,4576,4028,10607,11775,11024,12869"
11102,11102,"4798,12857,13346,3950,10326,13296,3055,8413,9404,12944"
11105,11105,"13218,11712,11357,785,10568,4053,5999,2571,2822,7547"
11107,11107,"13346,8562,3950,9455,3428,454,3565,4602,3992,10326"
11109,11109,"1290,7120,1863,4929,1487,9689,6220,11615,589,8922"
11120,11120,"1290,7120,4929,2916,5135,789,10607,296,3697,9962"
11121,11121,"3950,4798,6220,6326,5303,13346,8421,4602,6962,2567"
11133,11133,"6402,1377,8911,6060,9375,6011,4399,5760,449,8257"
11149,11149,"10594,8022,8243,8452,5341,7824,4915,10340,8822,8053"
11152,11152,"1290,7120,6220,2989,3427,4664,11298,4890,1027,5969"
11160,11160,"2989,275,13346,5303,1355,2305,2158,8503,510,8546"
11163,11163,"8562,13346,10326,4798,275,7707,8421,3428,1323,8590"
11168,11168,"8675,5946,9306,6887,1220,2291,362,1242,3769,5970"
11193,11193,"5303,8562,12793,9848,6220,9863,4976,2218,237,769"
11200,11200,"9942,6220,3428,6659,13296,3870,13110,3565,5495,5184"
11210,11210,"1290,7120,4929,10663,6971,12030,6243,6846,2916,13101"
11215,11215,"1328,13259,5610,2158,5109,8505,9105,7867,10326,10835"
11219,11219,"1290,7120,9962,1400,5026,5135,9405,789,10685,8506"
11243,11243,"10326,2291,9865,3416,12476,2287,10462,8303,4262,12925"
11253,11253,"1290,7120,2989,4576,9101,11298,10389,2916,10607,4929"
11261,11261,"6220,9942,13296,12665,5545,3428,3870,4413,8707,9729"
11280,11280,"4388,3909,8274,5532,9132,12398,4451,6026,4266,2903"
11285,11285,"1290,7120,4929,10607,11117,3697,6220,8302,10663,85"
11309,11309,"3950,12665,6326,1978,9234,575,4323,5502,18,3992"
11312,11312,"5461,6971,5642,3127,1746,5307,10040,11289,1220,6522"
11314,11314,"350,13346,2343,8421,4798,64,6383,652,10658,1180"
11325,11325,"4798,10326,2343,4277,6433,1220,10568,13346,8562,8633"
11327,11327,"6220,5303,10429,7707,13296,7706,5545,3088,5485,3515"
11359,11359,"10326,2343,4798,9693,3127,5532,6220,6638,2140,10835"
11366,11366,"11554,1371,9289,12483,12242,10960,11484,7267,6377,4185"
11368,11368,"1290,11298,7120,9101,10389,9295,1244,11024,10607,7679"
11371,11371,"13112,5199,8279,3921,4266,7010,10835,4653,796,932"
11376,11376,"2218,7138,217,5485,10835,10250,10453,9886,275,4329"
11377,11377,"4798,10326,10594,2140,8161,2580,6971,6220,2343,1996"
11383,11383,"6220,2140,4798,31,8421,13249,1598,217,12793,10326"
11416,11416,"1328,7480,1221,2924,9759,4072,11461,12210,9453,8673"
11444,11444,"1290,10326,6971,4576,8590,11298,9295,10607,12869,10389"
11445,11445,"10326,6971,2343,8562,275,1323,4798,8421,3950,1180"
11448,11448,"9693,544,6795,1220,2537,6834,5782,5532,4605,64"
11469,11469,"6971,12451,725,273,6796,4308,13162,6373,3167,3303"
11487,11487,"7120,6220,4929,10663,1220,13296,9438,9942,10326,12869"
11492,11492,"5303,5495,31,5532,6220,13310,8922,89,6529,275"
11503,11503,"2343,544,217,4277,7707,2218,9693,1404,7919,64"
11504,11504,"9275,1943,7175,4956,2127,12019,9351,11772,36,1073"
11515,11515,"6220,3950,4277,8562,13296,12665,9404,8590,10916,717"
11547,11547,"2343,5532,6220,10835,8279,64,5199,13346,8421,9693"
11552,11552,"10326,64,9532,2140,4798,4277,2343,544,1220,2380"
11567,11567,"4798,8562,6220,10326,13346,3950,9942,6326,4277,13296"
11581,11581,"9942,1978,2343,2140,6220,6141,5610,12156,12680,12385"
11589,11589,"11298,9962,1290,11024,789,5135,12869,12903,4576,4613"
11591,11591,"576,6270,888,454,12507,1779,2440,8359,2318,11980"
11595,11595,"1290,5135,13309,10464,9962,8302,9295,5558,9405,10147"
11604,11604,"3464,2218,544,1290,6971,12960,7120,8628,164,4414"
11608,11608,"10326,6220,8562,4798,4277,3950,13346,3428,12665,10916"
11627,11627,"8421,13346,9799,2905,11784,9454,5761,13097,12331,6326"
11646,11646,"6220,5303,2218,5545,5199,13346,976,9729,2822,10589"
11647,11647,"6971,5303,9942,12404,1634,4277,2777,12152,4798,851"
11675,11675,"2140,2343,3950,6638,12632,3117,7578,7172,9744,11282"
11676,11676,"1290,7120,2989,11298,10663,6971,4929,1244,12497,4664"
11696,11696,"7063,7383,13214,8717,2121,12871,165,4827,383,5819"
11700,11700,"7772,9994,9229,7332,10337,350,3827,12723,8562,13107"
11722,11722,"1290,4798,7120,9295,6971,8590,4277,4929,2885,11117"
11754,11754,"13346,5545,8590,1598,3950,12857,931,2567,2789,5524"
11757,11757,"2343,1220,10835,5866,7707,3670,11752,314,6971,8359"
11767,11767,"6971,12757,2238,8235,844,12579,10228,3632,6892,12450"
11773,11773,"10326,3950,13249,6659,8421,8161,217,4798,10594,1996"
11777,11777,"9942,4413,10340,1478,7723,5293,454,2199,4452,2841"
11778,11778,"1290,7120,4163,9330,7669,4576,9101,2957,1851,4688"
11788,11788,"1290,7120,12869,8590,5135,9962,11024,11117,4929,789"
11790,11790,"1290,7120,8562,6971,10326,2291,2670,10663,13314,797"
11811,11811,"1290,7120,4929,10663,12497,2916,1244,9295,789,5135"
11837,11837,"1290,7120,4929,789,9962,5135,10663,4664,7679,9101"
11859,11859,"9942,8235,5524,12662,5875,1286,9799,7024,1746,7692"
11865,11865,"2218,13296,9083,7706,10429,9668,589,1487,9972,10777"
11867,11867,"11000,9234,7138,8561,2337,6925,13097,4229,220,6225"
11871,11871,"544,2218,1290,5303,6971,9962,5135,7120,1926,1299"
11879,11879,"7120,1244,10663,2916,296,5135,10607,789,11298,6243"
11880,11880,"10326,4798,4277,350,8421,8590,13249,851,8483,10077"
11908,11908,"2140,5495,10835,9132,6834,9306,3909,5999,7578,4798"
11912,11912,"4798,275,2140,8421,9771,4877,2108,8235,2291,6515"
11925,11925,"4277,3950,3565,8421,10077,6383,4798,1328,13346,5866"
11933,11933,"6220,8681,1862,6659,12944,3334,5485,7619,5615,2303"
11945,11945,"10429,589,5976,10090,10802,12723,8710,7619,1863,779"
11948,11948,"3950,8562,13249,11751,12632,10641,1746,5673,10546,7063"
11952,11952,"3106,8527,7197,4315,13150,4322,5497,6882,1287,3770"
11957,11957,"633,3290,9365,6052,1116,5486,10412,11143,2784,2190"
11959,11959,"4388,2140,3565,12385,9485,13110,9942,11000,13306,6834"
11967,11967,"8562,2218,3950,8235,7024,844,4602,12368,13249,10340"
11969,11969,"3148,12777,6363,5069,779,9459,4917,414,7851,11615"
11970,11970,"3428,13110,6220,13306,9942,12967,5545,6641,9600,9871"
11975,11975,"8562,10326,5545,2255,7715,7707,2585,9450,12606,5124"
11995,11995,"3950,8562,1323,13346,10326,10835,3870,454,5177,3317"
12002,12002,"1290,2989,7120,11298,1244,8635,11918,10607,4929,10663"
12022,12022,"1290,7120,12869,9101,789,9962,5135,4664,10607,13309"
12032,12032,"9375,6060,2975,5760,5494,8911,4858,7982,7721,10739"
12036,12036,"9101,1290,11024,4576,1244,10607,8978,4664,2989,10137"
12066,12066,"8562,4277,2140,217,7063,12309,9867,10533,1323,7882"
12077,12077,"1290,7120,9962,5135,789,13309,1977,3697,11117,10607"
12078,12078,"5303,11000,2218,4974,851,8161,7462,2140,5964,5471"
12084,12084,"12665,4798,2140,5303,9229,6445,10792,4877,9771,2291"
12089,12089,"8562,4798,3950,8161,8205,2140,2199,3230,9799,6899"
12106,12106,"10326,11969,8978,2989,9693,4576,2140,11024,10389,12869"
12107,12107,"558,13346,6302,6892,820,7705,7373,7513,5642,470"
12111,12111,"13346,3950,10326,2343,275,12665,4798,717,8590,5303"
12131,12131,"2140,10326,4798,9942,5731,5303,12404,9799,4101,12026"
12139,12139,"8562,8161,12026,13346,2518,3506,2169,5610,5896,9515"
12141,12141,"11540,861,6220,8838,722,8358,11048,1085,13066,4327"
12144,12144,"1290,5135,11298,13309,9866,5008,6625,1554,3427,10737"
12150,12150,"6220,4798,8413,3950,11540,13346,4413,7723,1478,9410"
12151,12151,"10326,12665,6220,4277,4798,12655,544,9455,217,13296"
12162,12162,"9182,1624,3525,997,10841,5280,2029,2789,7649,732"
12170,12170,"11554,4940,4163,6651,10687,2709,8033,2957,1558,7971"
12182,12182,"5495,5199,8279,10063,544,12470,10835,5128,13112,2218"
12185,12185,"4798,6220,3950,6433,8483,7707,12990,5642,6326,10138"
12191,12191,"9942,4798,8562,13249,12053,11384,3870,7197,6326,3456"
12197,12197,"2343,2140,5999,9693,4388,6638,6834,11357,8608,2903"
12204,12204,"9101,1290,789,12869,4576,12665,4028,9962,11298,5135"
12229,12229,"2343,9693,4798,1290,8562,5532,10326,2537,6220,8590"
12231,12231,"544,1290,9101,6591,1779,8714,6971,12869,5135,7120"
12234,12234,"5976,589,2327,6892,1863,13314,7725,12265,176,10429"
12238,12238,"6220,5303,6971,8562,8421,12665,2140,13346,6433,10326"
12242,12242,"13346,8562,1328,8421,9733,5303,11540,5495,12668,820"
12260,12260,"10326,13346,13249,8421,10916,6220,12857,11843,4853,10138"
12262,12262,"5199,5495,12665,5532,4117,5999,2903,3577,4924,11357"
12281,12281,"275,6220,6971,8590,1225,2989,13408,2789,9072,8562"
12289,12289,"9693,6795,1220,2537,64,6834,6638,3127,5292,544"
12306,12306,"3950,4277,6971,2140,1328,2580,12857,6220,12990,2882"
12326,12326,"7824,3506,8022,10506,9738,6438,5819,8217,12138,6874"
12337,12337,"2343,2140,8235,5485,13346,9744,10835,11886,9886,4332"
12355,12355,"1290,7120,9101,1244,4929,9730,4576,7679,10663,2916"
12371,12371,"4798,13346,13249,2218,6326,6220,6971,8279,3870,3456"
12372,12372,"12662,5875,7024,12628,2145,2449,8235,4715,2801,2201"
12373,12373,"10326,1328,350,11000,2158,8483,1634,7480,4277,11732"
12390,12390,"7120,4929,10663,2916,2020,7637,8703,8567,12497,6243"
12405,12405,"2343,10326,4388,7964,5495,6529,9693,9132,5532,5866"
12407,12407,"7637,8703,1290,9564,9668,2020,6043,5846,5149,583"
12408,12408,"9942,5545,8188,3428,6220,13110,3870,7236,4413,13306"
12419,12419,"8590,11484,4858,6248,7047,560,7721,2975,2940,2728"
12423,12423,"8562,280,12813,10719,1119,3064,6751,8276,3417,11539"
12426,12426,"7120,6971,4929,544,10663,4664,11298,1244,10389,10326"
12452,12452,"217,6659,8590,8421,717,11484,1220,4858,8257,9755"
12480,12480,"1779,4664,3148,9101,7679,1290,4576,789,11918,10389"
12530,12530,"3088,1487,6892,7637,9083,9799,9668,2847,5149,6474"
12546,12546,"2343,6433,8703,7637,8922,4101,5149,8981,9668,2020"
12556,12556,"1290,7120,4929,4576,9101,1244,10663,6971,8590,9730"
12573,12573,"6302,5303,2343,4924,5762,976,5199,6166,9043,11772"
12592,12592,"13296,3950,13249,8562,9693,6220,6971,4277,5532,1220"
12596,12596,"3950,10326,13346,8483,7707,2380,4798,2140,13249,12857"
12599,12599,"1290,7120,11298,11024,9295,3697,12869,9671,10607,9962"
12615,12615,"3464,5969,9101,7120,12903,6322,8649,13309,1522,1755"
12618,12618,"3950,13306,13110,3428,5545,1598,5485,9532,89,11540"
12624,12624,"4798,10326,2343,4277,275,5303,5866,8590,1210,9733"
12638,12638,"2343,10835,796,3127,1619,8279,7899,6903,5422,6104"
12641,12641,"5199,6971,10835,5999,11357,5461,8279,544,4199,4266"
12644,12644,"1290,7120,4929,9101,10663,9438,12497,6243,10568,6811"
12649,12649,"8703,7637,1662,2020,4101,8472,5342,9564,1290,5966"
12654,12654,"2218,11712,11357,4459,2571,825,1082,8745,4324,12464"
12658,12658,"2218,3950,13296,9942,13249,3992,5610,10568,9072,3879"
12659,12659,"544,7120,6971,4277,6220,4929,10326,10663,5303,11969"
12666,12666,"8562,9693,7707,8421,2537,5292,9229,6795,64,10100"
12669,12669,"1244,11980,12507,12733,10785,2953,220,1521,13310,1543"
12674,12674,"2218,3055,2140,12793,9454,7865,2905,10986,8243,31"
12688,12688,"4803,8149,1377,10352,5241,10707,10220,12191,4399,8401"
12694,12694,"6220,8413,7707,8562,9942,9733,5731,13296,10429,11326"
12709,12709,"10326,4798,5303,8421,7138,10916,8161,13296,275,11384"
12712,12712,"5875,7024,12662,8570,12253,6509,8235,10023,11931,8015"
12722,12722,"4163,10674,12869,2957,4940,9295,1558,420,6299,10102"
12728,12728,"8981,6892,12058,6391,10429,3483,8256,10589,6491,6138"
12732,12732,"2343,3909,4388,8274,6638,7964,5532,8608,2443,9693"
12736,12736,"4277,8421,2140,350,6433,8562,10916,217,9473,5303"
12738,12738,"4798,10326,8562,5303,6433,10916,8421,8590,2380,13346"
12741,12741,"217,8421,3428,8161,3950,350,3520,11222,1210,4025"
12756,12756,"12470,3545,13214,9306,7439,5199,11692,5536,8751,8387"
12764,12764,"275,6971,13296,8590,1220,13306,2989,5545,3428,1355"
12768,12768,"12665,2989,10326,6971,275,1230,5199,8562,4576,10063"
12773,12773,"8562,4798,6220,5303,2343,6925,6795,9968,5341,2265"
12789,12789,"10326,4798,10138,1996,8343,11540,7540,4509,1223,491"
12790,12790,"1290,4929,1244,4576,10663,4664,2916,12655,6971,6243"
12801,12801,"5495,1862,13112,12470,3770,1286,3545,1408,2362,2822"
12804,12804,"1290,4929,10663,12869,2916,1244,12497,13101,3697,4163"
12833,12833,"6220,9942,5545,13306,13110,3950,3428,9600,810,4947"
12846,12846,"3950,12857,13249,5303,4323,10326,2910,8018,12611,10594"
12855,12855,"9072,11774,3628,10289,7478,1889,4232,2478,646,1636"
12860,12860,"8562,3950,4798,5642,6971,2910,6589,12632,7578,6982"
12874,12874,"8562,6220,10326,3428,5545,4798,2038,7707,11540,4947"
12875,12875,"5999,11357,7547,2905,785,4117,12611,6095,11712,13218"
12877,12877,"6659,6220,1323,4545,9899,1118,8607,558,5018,1521"
12883,12883,"12470,5495,7707,3428,2218,3491,7136,732,6491,1286"
12890,12890,"8703,9668,7637,10332,13228,9954,11336,2847,5846,6938"
12919,12919,"1290,7120,10663,4929,1977,10674,12030,8342,12497,10102"
12927,12927,"13110,6220,13296,3428,7707,4413,9689,2044,8151,9203"
12955,12955,"7707,2218,9404,7303,4323,5165,6646,13380,12793,10340"
12956,12956,"1583,4568,5288,6739,8929,3091,4482,12757,8053,11295"
12958,12958,"6971,7439,9771,4798,5747,2291,8387,3167,5873,12351"
12965,12965,"717,217,1404,2411,5292,350,9867,10658,3416,11164"
12970,12970,"10326,2218,13346,6971,5545,5303,6220,13296,714,3870"
12996,12996,"2343,9693,6795,2537,5199,6834,5866,5782,9730,9097"
13000,13000,"6220,8562,3950,11540,10326,9729,9942,4323,8413,5545"
13017,13017,"4576,2989,11298,544,8978,4664,11024,6610,7679,9101"
13019,13019,"10326,5303,6433,4277,8421,6326,6220,8483,6971,331"
13021,13021,"8562,5545,7707,5177,2265,12632,7063,12026,11691,11414"
13022,13022,"10326,2140,9178,6383,5642,9880,4068,63,2002,10126"
13063,13063,"13346,8413,2218,1286,4413,6302,931,4414,1478,1862"
13075,13075,"9229,2291,5747,2602,8402,10462,12476,5436,12869,7439"
13076,13076,"8562,10326,3950,9532,3565,8505,5199,1323,1700,3577"
13101,13101,"4798,2140,5999,4117,7547,8922,2905,11357,3797,3950"
13105,13105,"1290,7120,12869,4929,10663,4664,4576,9295,11024,12995"
13115,13115,"10326,12665,2140,6220,6971,8279,3870,9532,13249,3127"
13117,13117,"4576,6591,4664,7792,7705,89,6006,9229,9438,8283"
13121,13121,"3950,10138,11288,10340,8421,6899,202,12104,7578,1223"
13123,13123,"1290,544,7120,2343,4576,11298,6971,1244,8590,10326"
13125,13125,"4798,8562,9733,2199,12404,6395,8421,12857,9937,6166"
13147,13147,"3950,12665,13296,8421,11993,6270,9602,811,331,7197"
13151,13151,"2140,5495,4798,176,6638,1262,9340,682,12232,9182"
13153,13153,"10326,4277,4798,6326,851,10916,8161,3870,717,10594"
13176,13176,"1290,4576,11298,10674,789,10137,1851,10607,4163,12096"
13180,13180,"3428,6971,6220,13296,2140,1220,11540,12404,5545,861"
13192,13192,"3870,7723,11540,3206,4323,11736,9105,7392,3013,1478"
13194,13194,"4602,3950,8235,4715,5875,7024,931,6839,2567,3016"
13195,13195,"8562,1978,13346,2380,2169,11993,4823,1769,4332,8681"
13198,13198,"4798,10326,10568,13249,9340,1328,7138,8161,12857,669"
13231,13231,"4277,2140,3950,2218,4798,8413,8421,12232,1681,1769"
13234,13234,"1290,5135,789,12030,2885,7120,3697,9962,13309,11117"
13240,13240,"7120,6971,544,9730,10326,6220,4929,10663,11024,4277"
13273,13273,"2218,10326,8562,6220,5303,4277,3950,10835,8413,8922"
13276,13276,"3950,8562,3870,1225,1978,607,2337,12793,9275,3992"
13283,13283,"4798,8421,10594,2140,5303,8161,5747,1180,9340,4974"
13297,13297,"13346,7261,11029,7442,10340,5875,6696,7024,9093,6442"
13301,13301,"6220,8421,13296,8707,7707,1478,10132,4413,8472,1290"
13303,13303,"2218,8413,11622,5673,6137,7243,11751,2108,4324,13121"
13321,13321,"11651,5135,1290,8302,9405,1228,4163,9266,2834,12133"
13330,13330,"13296,8981,5149,8247,2855,11764,12884,9564,11664,2020"
13338,13338,"11298,9962,1779,5135,3464,11024,3539,789,8284,5142"
13380,13380,"4798,2140,10326,9733,12680,10093,4388,4277,7063,9306"
13389,13389,"1290,7120,4929,10663,13101,1977,2916,9646,6243,3697"
13390,13390,"6220,5676,5731,10835,5811,8413,8646,8279,3952,438"
13391,13391,"1290,7120,9101,4576,11298,2140,10607,6971,10137,648"
13401,13401,"12665,6220,544,4277,11000,8562,350,217,4798,3950"
13403,13403,"6971,8922,10550,9470,8636,4170,3696,4310,89,8221"
13407,13407,"8562,544,1290,350,4664,12934,8161,7120,1912,4694"
13413,13413,"1769,11384,2958,9306,217,2291,5747,4262,2149,8248"
13414,13414,"2989,11298,11024,12869,4664,4576,10607,2343,10137,4890"
13446,13446,"4798,10326,4277,8421,717,2140,12385,1776,331,1180"
13472,13472,"4576,9101,5303,10607,8978,393,7679,13370,11298,11299"
13488,13488,"8562,4798,10326,2140,3950,5303,4482,8221,8205,4865"
13502,13502,"1290,2343,7679,7120,4664,4929,11024,11298,544,5135"
13507,13507,"1290,2989,544,7120,11298,6591,4929,5969,2969,2916"
13512,13512,"3950,8483,717,217,13346,4798,12857,11653,1695,2484"
13543,13543,"8590,10916,12404,4277,5303,8421,11010,2140,12990,9072"
13572,13572,"4798,6971,5303,10326,6433,6220,2140,331,2218,12990"
13595,13595,"1290,6971,12030,4387,4929,10322,5573,7120,6846,8922"
13599,13599,"3950,3577,2140,10835,8483,13249,5303,4117,5199,10326"
13608,13608,"9693,2537,10326,5292,4798,1180,5499,7063,5782,2140"
13609,13609,"9999,3593,9848,742,5241,5796,7480,6199,5990,4063"
13630,13630,"9942,2140,13296,1220,12665,7063,5866,5545,12026,5731"
13635,13635,"5303,8421,6515,10976,6351,11282,8161,13413,5747,12476"
13645,13645,"4798,13346,10326,5303,217,8205,8590,2567,2789,4865"
13673,13673,"8505,2343,13346,2822,5199,6795,12057,3055,4416,8279"
13683,13683,"6971,4798,5303,9942,2140,89,13296,6220,10326,12793"
13702,13702,"8413,8922,12944,931,708,769,4430,7715,12026,2903"
13716,13716,"6971,4798,10326,2140,8590,5303,13346,89,275,8922"
13724,13724,"6971,11298,10663,4929,8590,1244,3539,9730,10137,12497"
13746,13746,"6971,5303,13346,3950,12665,8562,8590,5199,4266,8205"
13752,13752,"5676,7707,10434,1478,10566,8707,4740,7723,2343,12788"
13756,13756,"1290,7120,5135,789,9962,4929,13309,12497,4387,10336"
13763,13763,"1290,7120,9962,789,5135,10607,9295,13309,6811,3697"
13774,13774,"4798,10326,6220,9942,13296,2140,5485,11540,5545,3870"
13776,13776,"1290,7120,12869,9295,1244,3697,9730,4929,6812,5135"
13786,13786,"1290,5135,789,6811,3697,7120,1244,11088,1556,9297"
13788,13788,"6305,6643,12648,7399,10132,4072,2734,11329,10707,10754"
13791,13791,"1290,12665,11024,10326,6971,7120,8922,4664,10663,8235"
13810,13810,"8562,3870,5303,4413,10589,3106,6326,855,11736,10594"
13811,13811,"4798,8161,10138,11384,2140,851,1634,9580,1223,1776"
13820,13820,"11024,10919,6554,5135,4036,6481,13370,11994,9962,10526"
13826,13826,"714,9455,1862,1933,13346,6712,9819,3055,13253,5705"
13840,13840,"10352,2770,6952,9453,9568,12824,4832,1328,381,5940"
13841,13841,"5303,4277,6220,8483,13249,2140,3870,2091,12404,9340"
13852,13852,"9942,12665,5199,3870,10835,5545,275,13296,3509,2989"
13858,13858,"7637,4698,5966,5549,5149,8981,5342,6938,1662,13228"
13865,13865,"8483,9375,2459,11096,9178,10514,6528,5136,9644,516"
13871,13871,"4277,544,717,1978,217,12857,4798,350,7197,11384"
13877,13877,"9942,2158,6839,12440,8682,12934,12786,2012,4059,9135"
13905,13905,"10326,4798,12857,8562,2140,6220,8421,6433,6326,10138"
13924,13924,"7120,4929,9101,11298,4576,2916,10663,10607,10389,9295"
13929,13929,"10326,4798,4277,8421,2140,8569,12385,11843,851,1634"
13935,13935,"8413,2218,2140,9733,5629,5433,9496,6195,2580,10916"
13952,13952,"1290,7120,4576,4664,2989,1244,11298,4929,10663,12497"
13953,13953,"6522,10835,7578,3173,7832,10464,1290,4486,4742,6971"
13962,13962,"10326,8562,8421,4277,2140,13249,1017,12385,1180,4492"
13965,13965,"6220,2705,11540,9729,12575,11691,6232,3326,12035,7289"
13966,13966,"8483,11754,6107,10690,8421,1223,11000,9115,8083,36"
13974,13974,"11024,4576,11298,7679,4664,11918,10674,9101,544,4024"
13982,13982,"1290,6971,89,8922,7120,789,11024,11298,4929,1244"
13983,13983,"5461,5199,2903,10835,3055,9404,4199,4117,13112,4332"
13987,13987,"2140,3950,6220,3428,6302,1634,5999,12990,8343,12359"
13988,13988,"1290,7120,10326,4929,7679,8590,10663,2916,1220,10137"
13991,13991,"13346,4798,3950,10326,6326,10916,6220,5303,12857,8421"
13995,13995,"3950,3428,6302,5177,4602,3340,11772,12606,2506,13114"
13998,13998,"5303,10326,2140,4798,2291,7439,8041,4811,7063,9306"
14021,14021,"6220,5545,13296,3428,7994,8293,5184,2327,2013,11345"
14028,14028,"544,4277,10873,5461,8279,11447,9573,11167,4266,12049"
14042,14042,"10326,2218,6220,5184,12665,2380,13185,10453,3911,9600"
14049,14049,"8703,7637,6043,4205,6938,2768,12996,11733,12663,9954"
14060,14060,"64,3055,6220,3950,13346,8505,10326,2822,13306,7547"
14061,14061,"2218,13296,6373,9984,2397,2690,10081,8256,207,1980"
14067,14067,"8562,1863,589,2327,12623,5962,7106,2058,7707,6268"
14079,14079,"1290,6220,7120,6971,5303,4798,2140,89,2218,275"
14089,14089,"217,3428,3416,1404,976,10658,7919,5676,2411,10916"
14097,14097,"2140,275,7120,2218,10326,1290,1912,4924,8590,7800"
14105,14105,"4163,4216,7679,3464,10674,7349,2709,2957,10687,4940"
14147,14147,"5731,5996,4895,3064,9337,11860,959,7063,5705,10506"
14155,14155,"4798,8562,10326,9404,6326,3950,11540,8421,9733,3340"
14168,14168,"4798,5303,6971,6220,8421,2140,12857,8590,217,8161"
14170,14170,"3428,13110,13296,13306,810,7707,10835,6925,11951,5381"
14173,14173,"544,3428,13306,4576,13110,13112,2903,3464,10835,4266"
14174,14174,"8562,10326,3950,2218,1598,3106,7723,13110,6356,3055"
14196,14196,"6220,13346,8562,12665,8205,12680,844,11403,10778,3950"
14197,14197,"6751,10651,5250,4467,11390,1807,6128,703,3495,7324"
14202,14202,"7120,4576,12869,9962,1244,4929,5135,10663,13309,6322"
14204,14204,"2300,6648,7063,8022,383,9306,8703,7615,10889,6938"
14215,14215,"544,2343,810,8822,11752,4388,13229,6641,10626,3879"
14242,14242,"8562,10326,4798,12857,13375,6638,10916,13346,11384,4865"
14244,14244,"2218,6220,10326,13296,9942,13249,3428,6971,4277,12665"
14249,14249,"1290,7120,4929,5135,9962,2916,10663,12030,4805,8302"
14250,14250,"11199,6707,587,7405,5436,5290,10903,9738,6305,12648"
14256,14256,"4798,4277,10326,6971,5303,8421,11282,11000,9580,8161"
14258,14258,"7679,4664,136,4024,5683,8714,3222,3041,3438,7375"
14280,14280,"2140,6646,11406,3950,10916,7303,5341,10027,3055,7558"
14318,14318,"544,7120,6971,8590,4664,4576,10663,10389,6220,11298"
14325,14325,"10326,1328,12191,2158,350,1377,5025,5305,6402,9848"
14328,14328,"1290,10326,4798,8590,5303,4929,10663,6971,2140,6243"
14329,14329,"9942,5545,8681,9410,8321,4457,10516,9927,9459,3077"
14344,14344,"8562,2140,10326,12857,220,5199,10063,2238,6971,7063"
14366,14366,"1290,7120,4929,11651,5135,12030,10787,1400,633,9564"
14421,14421,"1290,7120,3464,9962,5135,13309,10663,11024,11775,7047"
14430,14430,"8562,4798,2343,10326,8421,9693,1978,5532,6433,1180"
14435,14435,"3866,4490,11630,12231,6392,1521,4413,11277,6982,10589"
14472,14472,"8590,89,5199,1290,5532,2903,8922,3055,5545,10063"
14501,14501,"5545,5731,5303,8413,12857,1680,8922,454,1598,10340"
14509,14509,"6971,8235,5875,2789,12026,12662,4715,9744,13191,13381"
14516,14516,"9473,4698,9937,1487,7558,5149,8562,9668,8703,1782"
14521,14521,"10326,4798,8562,5303,3950,2140,8590,544,6220,5199"
14553,14553,"5149,1487,4698,6892,2020,9937,11103,8922,8562,7637"
14561,14561,"11540,8235,4413,3340,89,8413,3950,3428,12606,1598"
14562,14562,"5495,12470,9942,13346,5303,2140,9404,275,7983,5532"
14567,14567,"2343,12589,7705,7558,2958,4101,8268,9799,11000,4411"
14575,14575,"2218,1290,2903,9846,9490,12359,9711,12757,2390,9942"
14581,14581,"10326,544,13346,4798,5532,8922,8608,10835,7964,8590"
14627,14627,"6971,8235,3055,8922,2789,89,2567,2380,12579,12757"
14634,14634,"6220,13110,3428,13306,3565,13296,4413,5184,4256,6659"
14651,14651,"2218,5303,11282,6515,10916,976,7833,10138,31,12105"
14659,14659,"3055,5999,8209,7578,13058,785,4053,2822,2571,9580"
14670,14670,"4798,10326,350,8421,9455,3770,8409,5495,7364,5362"
14684,14684,"6220,13296,12606,8607,10429,9942,2829,8562,5061,1843"
14691,14691,"2218,89,8922,4101,479,2129,8235,2373,5762,8302"
14695,14695,"1290,7120,4798,89,2218,5303,5532,8922,7983,769"
14705,14705,"10326,8562,4798,4277,12857,3950,350,7138,8366,2140"
14711,14711,"9341,13115,9984,12030,6220,1400,716,4016,7950,2199"
14723,14723,"13346,10326,8421,12035,2140,1426,467,12856,388,10035"
14739,14739,"9101,11298,7120,4664,1290,9732,12903,4576,10607,10389"
14740,14740,"4798,6971,10326,5303,8562,2140,8161,10916,9580,13346"
14743,14743,"5303,8590,8699,2091,3488,10829,2343,11396,6437,4346"
14747,14747,"10326,544,4277,350,11969,8421,2411,50,5303,992"
14748,14748,"9942,8413,8188,5642,4602,8922,4430,2019,1286,2567"
14764,14764,"9410,1007,5495,4907,4243,12113,763,7184,2585,8333"
14771,14771,"9942,6220,7707,1225,10429,589,2343,2964,534,11615"
14780,14780,"6220,4277,217,350,8421,8590,560,9234,12779,13346"
14784,14784,"10326,11384,8421,1210,7138,1912,9848,851,2808,350"
14785,14785,"9042,1249,3368,9800,9917,6119,520,8178,10391,2705"
14798,14798,"2343,5866,10835,5545,796,1323,11502,3992,8901,3023"
14801,14801,"544,10326,4798,6971,6220,5676,5485,9072,2140,2905"
14803,14803,"4798,10326,5303,4277,2140,8590,2158,8421,4679,6220"
14821,14821,"4798,10326,5303,2140,2218,275,8161,9580,11000,12758"
14832,14832,"5532,10835,5999,6971,6220,6529,13296,8590,2380,5199"
14833,14833,"9942,3950,2218,8562,13296,2140,810,6220,10326,10835"
14853,14853,"1290,8590,2140,11969,13296,9532,8922,1933,7120,8161"
14854,14854,"8483,13249,9942,2218,2158,621,860,7041,16,1383"
14856,14856,"6220,2218,5303,2140,13296,3428,3950,2343,9942,5545"
14858,14858,"10326,12665,13346,3950,544,7578,4798,1100,8279,4117"
14864,14864,"6724,3064,3641,9461,9167,4648,12428,1752,8984,1645"
14867,14867,"1290,9295,3427,10607,3222,2969,7120,4028,4890,1851"
14880,14880,"7679,4664,9732,12869,4576,3238,6576,9793,5672,83"
14890,14890,"6220,8562,6971,89,275,13346,5545,12665,3799,3055"
14892,14892,"9693,13346,8562,4798,8421,6326,275,12665,10063,3565"
14899,14899,"1290,7120,9730,10389,5135,789,10607,1244,9962,11299"
14904,14904,"2343,7983,4602,8235,64,1532,12665,9410,1746,8279"
14906,14906,"11298,10607,5303,12903,3464,11024,4576,10389,1290,11314"
14909,14909,"50,350,11000,11462,9872,4993,9340,638,717,716"
14929,14929,"8922,5545,6971,12606,9799,1598,8703,4413,2140,7707"
14931,14931,"13296,6220,1863,8981,3122,2774,7637,10429,779,2058"
14938,14938,"4798,8421,12857,13249,10916,10326,2218,275,6220,6971"
14955,14955,"3950,275,4798,1746,7138,11403,220,5642,8235,12665"
14961,14961,"3314,6735,9212,11533,2936,3269,5249,8236,6060,10974"
14969,14969,"1290,9730,11298,9962,7120,5135,4576,3539,3222,11024"
14970,14970,"544,4277,10326,6971,4798,2218,5303,350,8483,717"
14977,14977,"8562,3870,4413,9600,1742,8018,4414,9410,11869,8412"
14991,14991,"4798,10326,6220,5545,12665,3870,13381,5485,5303,13296"
14993,14993,"2140,10462,4262,2291,7445,8452,8562,1763,7824,9216"
15009,15009,"12857,3950,13346,13249,3428,9602,8421,11540,4332,10340"
15014,15014,"11298,8978,4576,10389,12903,4545,10607,12995,7120,9101"
15028,15028,"7120,9295,1244,4929,11298,10663,4664,3464,296,2916"
15029,15029,"8483,717,8421,10594,217,544,12898,652,9848,10916"
15030,15030,"9942,3870,4413,7723,12104,11736,12417,8562,691,6293"
15033,15033,"6971,2343,5532,10835,8161,5999,1634,1996,5549,11843"
15052,15052,"4798,5303,6971,544,1290,8590,9072,2140,8421,350"
15062,15062,"8421,717,5545,6971,1220,1978,4798,2343,10340,3520"
15074,15074,"6220,9942,8562,2218,544,7707,12869,13296,4576,2343"
15081,15081,"9693,2343,13346,2140,13110,8608,5676,10835,7964,5999"
15082,15082,"4029,3563,5425,13209,9726,10233,10220,3339,1699,9296"
15097,15097,"4798,2140,9771,4827,1287,6463,11115,7439,4877,9737"
15098,15098,"4798,10326,6971,2218,12857,5303,13296,4277,8562,8161"
15107,15107,"1290,7120,4929,10663,5135,3697,1244,12030,6243,296"
15113,15113,"4798,10326,350,50,8562,6659,6442,6383,1323,1680"
15120,15120,"10326,8562,217,5303,3950,4798,12857,13249,3992,5545"
15121,15121,"10326,12857,13346,4798,4277,6220,3950,8421,6326,8562"
15122,15122,"8562,5303,13346,10326,3055,7138,2140,10138,4798,2990"
15141,15141,"8562,8421,350,6659,1210,8590,9375,4641,7886,5494"
15143,15143,"4798,4277,6433,13296,6220,544,8421,10326,6742,5303"
15148,15148,"11572,5532,11969,6220,12793,147,3565,3992,8279,64"
15164,15164,"6220,2343,9942,8562,7707,6302,3950,1863,5386,12085"
15165,15165,"8590,13306,3055,12665,8922,10224,7010,3428,4266,7466"
15175,15175,"10326,4798,8161,275,1912,9234,6326,13346,8421,5303"
15186,15186,"1290,4929,5135,10663,789,1977,9295,13101,13309,6243"
15189,15189,"10326,6220,3950,13346,217,8562,13249,8421,4277,544"
15200,15200,"10326,1290,4277,6971,6220,8590,2140,6433,544,4798"
15204,15204,"9942,717,6220,8161,2140,10326,4974,7399,8189,760"
15205,15205,"4798,1290,7120,13346,5303,2140,7707,8922,4277,354"
15217,15217,"5532,3055,4266,2373,5339,8590,8703,6166,2903,3088"
15240,15240,"11024,1244,7679,2989,8978,4664,7101,12995,4576,3222"
15248,15248,"1290,1863,8302,10429,9799,8922,11536,5976,3562,3122"
15253,15253,"4798,10326,2140,13110,6638,11855,4785,13235,5486,12852"
15256,15256,"1912,9340,652,2899,4453,6957,3890,9306,7138,12758"
15260,15260,"10326,5303,8421,4786,6433,1328,13249,11843,4277,12385"
15265,15265,"8279,4266,2903,4376,914,12382,2214,6522,3911,5199"
15274,15274,"10743,9994,8054,972,9453,5605,13130,4402,1129,1373"
15275,15275,"10326,2140,7063,5731,7439,11609,13214,10506,8402,2899"
15282,15282,"3950,2140,5532,10326,2606,3281,2038,12665,170,8922"
15294,15294,"5532,4266,2343,3909,2903,9532,4388,7964,6529,10778"
15304,15304,"1290,11298,9295,1244,10607,7120,2295,2885,9962,11024"
15330,15330,"1290,2343,10326,7120,9693,6971,2989,13296,4929,6220"
15331,15331,"8562,12665,13296,9942,4413,3950,2705,5524,4946,7705"
15332,15332,"1244,1290,10389,9962,6248,2291,3464,362,2988,6644"
15339,15339,"9942,10429,1863,589,9083,13377,9570,5976,13436,7706"
15387,15387,"7707,5485,8562,1863,589,544,3487,7725,10802,7619"
15391,15391,"10326,2218,4277,89,8590,2343,13296,1220,275,64"
15396,15396,"13346,12665,4798,6326,13296,5303,8562,6220,6971,10916"
15397,15397,"3950,13296,9942,10326,12026,2789,12470,8235,9886,7715"
15421,15421,"2140,2899,8071,7063,6648,10554,8441,1763,5025,7615"
15427,15427,"1290,7120,11969,4929,789,9962,5135,10663,1220,7679"
15434,15434,"1290,4576,6610,2327,10429,7120,589,2916,7792,9894"
15441,15441,"8562,5495,6971,13296,8333,8279,8590,9229,2469,13110"
15444,15444,"6971,2989,2218,10326,5819,5999,491,4332,7578,1062"
15457,15457,"6220,9942,2140,13249,6302,8562,6326,9733,11000,12857"
15466,15466,"8562,717,11000,5649,9848,9309,12898,3842,1017,3977"
15475,15475,"13249,3950,5642,12857,11843,7314,5177,13097,10340,4332"
15483,15483,"1290,7120,11298,9295,1779,12665,8590,10464,4664,11024"
15487,15487,"2218,8235,5875,12662,12757,13191,3016,11328,9997,4602"
15500,15500,"2140,9306,9771,7063,7683,13214,4877,2149,7439,5946"
15511,15511,"13296,89,3870,12339,9032,9942,12321,6659,6220,1244"
15515,15515,"8562,6220,2218,3428,5545,7983,7707,11540,6971,4323"
15519,15519,"6971,12665,7578,2140,6326,11403,8235,931,8922,5731"
15534,15534,"2343,5545,11540,64,4698,8703,4605,3787,2327,9459"
15545,15545,"1290,7120,7679,10137,2916,4929,11298,10663,6322,9170"
15553,15553,"2343,9730,7679,4576,9693,12655,9330,10137,8978,1851"
15556,15556,"9942,8413,5495,3870,12099,7466,3950,11326,3055,12857"
15564,15564,"2218,13249,12857,2140,7063,4448,6326,9733,3488,1996"
15567,15567,"1290,12869,7120,7669,4163,2957,10674,1558,4216,8342"
15582,15582,"12857,5731,217,9942,8848,11384,7093,9518,5545,9880"
15585,15585,"10326,4798,4277,8421,2140,5303,717,13249,12857,6220"
15587,15587,"6220,8413,3950,12857,217,10916,7707,10326,11540,6326"
15589,15589,"10594,8483,1889,11000,7138,7083,2140,7979,6270,6971"
15590,15590,"9693,64,6795,3127,2537,5964,6220,3799,8505,4388"
15595,15595,"3950,3055,10835,7526,6522,2555,10326,7832,11227,7547"
15611,15611,"12497,2916,1779,10607,3539,296,3697,5135,11298,9730"
15613,15613,"13346,5303,3428,3950,2218,3055,6302,3340,13306,5545"
15632,15632,"13346,6971,5303,5495,64,2140,8483,2343,3565,9455"
15633,15633,"10326,544,2218,4798,9072,3809,11222,8575,12238,8161"
15639,15639,"5303,8421,8590,3770,1180,4798,11288,5495,13211,6719"
15648,15648,"4277,275,6971,1912,851,11384,331,4798,13150,8590"
15652,15652,"13346,10326,9340,12404,1634,4798,1912,350,12156,2158"
15683,15683,"6220,13306,13296,8188,7707,4413,5545,3964,8608,8562"
15688,15688,"9942,3950,8188,4413,2705,11784,8562,13296,5036,2380"
15703,15703,"8413,3428,4413,11751,3340,5310,13121,10896,4947,3908"
15708,15708,"2218,2724,4213,2385,5879,7222,5875,5346,1087,8235"
15714,15714,"10326,4798,3950,8421,12857,1210,6433,717,4865,10916"
15719,15719,"4277,350,8421,717,217,10594,12857,2140,4679,6433"
15727,15727,"1230,5731,12857,2789,2291,2567,362,10462,8413,4947"
15728,15728,"1290,7120,4929,12030,5573,4387,12497,12474,2339,11997"
15735,15735,"10326,13346,4798,8421,8590,5303,2140,4262,275,10100"
15736,15736,"2218,5495,9942,3870,31,12470,275,1978,6293,5184"
15739,15739,"9101,1290,3570,11299,7903,3464,12903,3704,6288,6811"
15742,15742,"8205,2905,6395,4947,11643,1871,3055,3950,11345,5516"
15764,15764,"12226,220,6060,4798,11506,11194,1478,2770,1810,11871"
15773,15773,"6971,5303,5495,6515,4877,7439,12680,6982,2380,4827"
15774,15774,"7669,6591,4527,3848,12959,1366,9113,12869,9732,2419"
15786,15786,"11298,4576,4664,10389,11024,10607,10137,9101,6610,1290"
15789,15789,"12857,4277,217,6383,6107,13249,1180,10241,9489,9105"
15796,15796,"2343,10326,9693,13296,3428,9532,5642,4277,6925,10835"
15800,15800,"5495,12470,9718,1783,10820,11288,2580,3186,3871,2108"
15802,15802,"1290,2343,7120,9730,9101,11298,1244,1220,9693,4664"
15812,15812,"10326,2218,12857,4277,2140,5303,8161,811,8562,1912"
15815,15815,"8503,7138,10154,12636,11320,13140,7975,7712,10976,811"
15828,15828,"4277,10326,13346,64,10132,13296,8413,6433,811,12404"
15831,15831,"1290,7120,4929,9962,5135,10663,789,7792,285,7265"
15840,15840,"2218,350,9340,275,4277,11010,4974,7138,811,1769"
15845,15845,"13346,4413,7723,11540,8413,2199,4007,10916,3870,1598"
15847,15847,"1766,9871,12156,4870,3689,13392,10236,400,9641,12856"
15856,15856,"10326,4798,12857,2140,5642,8562,6971,8161,8205,11282"
15861,15861,"4163,2957,1558,4216,789,5135,4688,3722,8342,13024"
15862,15862,"1290,7120,789,9962,5135,7679,11298,13408,12903,9730"
15871,15871,"5495,3565,8373,9589,10027,12470,10531,7707,7663,10560"
15872,15872,"13346,8562,8421,5642,10340,9880,1872,11414,3524,454"
15883,15883,"1290,7120,9295,6971,11298,4929,10607,2140,10663,2885"
15886,15886,"8562,1863,5976,2327,2343,2058,3487,6220,13377,6456"
15888,15888,"9942,12665,3428,5303,13296,10326,10916,544,4277,3950"
15898,15898,"4277,6971,2218,13296,717,8421,3950,331,6220,10594"
15919,15919,"2140,275,10453,6842,5540,7312,6889,4941,4359,4323"
15922,15922,"1290,5135,7120,13309,4929,9866,3697,9837,6811,3886"
15931,15931,"5495,1244,5532,589,10743,12470,5251,10233,9668,6658"
15941,15941,"8562,5303,2218,6220,1225,2380,10429,71,1983,2238"
15943,15943,"4277,8022,8161,7824,3506,1776,4811,10326,10506,13346"
15956,15956,"6971,6220,13112,13310,11289,13249,2822,8505,4416,5482"
15958,15958,"1290,6971,6220,544,2140,13296,9295,8590,89,5303"
15960,15960,"2343,7138,12857,6302,12733,5532,9733,3908,10608,8413"
15973,15973,"12330,8790,6601,9748,13377,12406,8387,208,494,921"
15977,15977,"1290,7120,789,9962,2885,5142,10607,11117,11298,1244"
15994,15994,"13110,4413,9637,2013,2705,1478,13346,7024,1742,11751"
15995,15995,"1290,1244,7120,6971,5135,9405,5549,4929,7856,8302"
15996,15996,"4798,6220,13346,10326,12404,5545,5303,1210,8562,4266"
15999,15999,"10326,3870,13249,2218,220,10785,2990,5497,1996,2905"
16060,16060,"1290,4798,6971,4277,10326,7120,4929,9455,9229,10916"
16069,16069,"13346,8562,7084,1978,7705,10976,9455,11622,6736,12626"
16076,16076,"1290,7120,2989,4576,9101,544,11298,4664,10607,6610"
16085,16085,"12191,12047,6306,4097,134,6714,5241,811,6197,7025"
16089,16089,"2140,8703,5342,9937,4698,7637,7344,5149,7706,6166"
16097,16097,"12857,4277,8421,544,1328,2411,350,851,11843,717"
16112,16112,"6220,10568,13110,1030,6999,4726,1598,1899,6641,11955"
16116,16116,"8483,5486,9848,8083,4562,9953,2158,12875,4068,9155"
16137,16137,"5495,275,3428,350,4322,9580,10462,13346,11000,7138"
16150,16150,"3950,350,1328,13249,6528,6383,5338,6157,5292,6659"
16174,16174,"3950,3428,4413,10952,11638,12575,2592,4984,6995,2116"
16176,16176,"8454,2116,11910,657,5248,2610,9049,3950,540,12069"
16210,16210,"1290,7120,4929,789,9962,5135,10663,13309,10336,2916"
16212,16212,"13346,3055,3950,8562,10326,10916,7707,8590,8483,8421"
16230,16230,"10326,8562,544,13249,8590,13346,9072,11969,3950,8161"
16245,16245,"544,3950,5884,13346,2506,2140,10289,12990,2598,717"
16293,16293,"8562,10326,3950,5303,9942,6220,8590,2140,1978,4798"
16299,16299,"1290,7120,1779,8590,10607,9295,11298,2870,179,4576"
16300,16300,"10429,7706,589,3542,1863,11103,2829,1669,1983,13436"
16303,16303,"12857,3950,6971,4915,6751,7197,1996,5999,8161,2140"
16305,16305,"1290,6220,544,12869,89,7120,11969,2411,1244,8590"
16314,16314,"4277,10326,8421,544,6433,9404,8483,2411,717,350"
16328,16328,"11540,6584,3458,11048,5819,9984,6107,6289,10752,7088"
16340,16340,"1290,9962,7120,5135,789,11298,6220,13309,5008,4576"
16351,16351,"1328,1664,13110,544,3774,13026,4694,8230,12213,759"
16363,16363,"13346,4798,2218,11969,8188,12053,240,6433,12457,9719"
16376,16376,"4798,5303,7063,2140,10326,2291,4827,4679,8452,3055"
16387,16387,"3274,11540,598,112,5642,8190,12665,3295,11414,12857"
16395,16395,"5303,10326,5545,1978,2140,13296,6220,10241,1574,5538"
16414,16414,"64,7707,12606,11502,11821,4497,9101,1156,3428,12665"
16416,16416,"8413,10506,13010,12138,2165,167,5819,362,11180,4696"
16418,16418,"2218,7983,1634,9072,6220,13110,12029,89,10474,13296"
16471,16471,"1290,7120,2989,11024,11298,3427,2916,10663,4664,4929"
16489,16489,"6220,2218,8562,9733,5341,4323,6326,3295,11048,1328"
16497,16497,"6795,2343,3127,13110,8279,2218,9693,7578,1273,2140"
16509,16509,"2218,8421,4698,7383,2265,8922,5731,9937,1118,2140"
16510,16510,"2218,9942,13346,2789,2903,5545,3950,2567,6971,931"
16521,16521,"11298,1290,1244,7120,4664,1779,4576,10607,2989,10663"
16524,16524,"1987,4868,8092,5755,5140,716,9568,840,3770,2734"
16582,16582,"5303,3275,7136,7609,1926,11752,7986,12253,11931,12193"
16592,16592,"13296,7707,10429,1487,1856,9229,2343,5303,3088,6971"
16604,16604,"9942,11298,4576,11024,11918,12869,12995,10997,4028,10137"
16605,16605,"1290,4576,11298,11024,12869,7605,9101,4664,4545,5979"
16617,16617,"7679,1779,10137,4576,7605,12995,11024,4664,11298,9110"
16622,16622,"2989,11298,11024,4576,12869,11918,10607,9156,7747,4545"
16624,16624,"6220,4798,7238,1957,10589,6997,9463,4947,10138,4759"
16628,16628,"3055,11406,13380,6646,5823,11484,3340,8235,3565,10304"
16633,16633,"1290,7120,4929,2916,6971,6243,8590,1244,6220,296"
16646,16646,"5461,9083,7706,5702,7637,4897,1349,2058,5307,8035"
16651,16651,"9942,8562,810,7359,11814,3204,959,1447,4414,5025"
16654,16654,"10326,6971,6220,12665,12793,2140,10916,4798,3055,8590"
16673,16673,"11000,9105,6220,1634,10138,12594,8561,7705,7558,12105"
16675,16675,"6220,3428,10326,2140,10916,4277,12857,13296,12665,6433"
16677,16677,"6971,5199,5303,13375,7578,13315,10778,2218,3909,8562"
16679,16679,"2218,4117,4230,10366,1267,12635,89,10795,6794,13346"
16686,16686,"11298,3464,12903,1576,1779,5142,9102,12869,6812,2831"
16695,16695,"4277,3950,2140,4798,5303,12156,12385,11384,2411,1912"
16704,16704,"8562,7707,717,5749,3141,4067,9407,10993,3428,621"
16709,16709,"6220,9693,8188,4798,13346,5545,12606,13110,9410,11667"
16773,16773,"13346,6433,2140,10916,8421,3950,10326,8562,12793,13097"
16774,16774,"10326,2218,4895,9984,9026,12440,12296,12857,12733,9901"
16797,16797,"6220,9942,3428,13306,13110,1598,9729,4413,12606,4947"
16803,16803,"7063,2140,6751,37,2169,4573,9473,6260,10391,5089"
16804,16804,"4798,10326,4277,3950,12857,13249,6326,8421,10916,5303"
16806,16806,"10326,2140,8188,8562,6638,7383,9409,12871,8022,13090"
16810,16810,"3950,1889,6641,7087,3870,11506,220,12895,7844,9340"
16836,16836,"10326,8822,2140,9340,992,581,5576,2131,1915,4236"
16844,16844,"2770,9129,13271,3628,4266,1087,2936,8124,8246,2597"
16861,16861,"1290,1244,7120,4163,2957,3464,9730,4216,4688,4664"
16875,16875,"4798,10326,6220,8562,2140,13346,5303,8421,3950,2789"
16936,16936,"4798,13346,8483,2140,8421,10326,8161,6971,12857,1996"
16946,16946,"217,2218,5495,1328,8421,851,5642,2140,4853,3871"
16965,16965,"4798,6220,5303,4277,3950,8421,12026,9799,11384,6418"
16987,16987,"6971,5303,2140,275,8421,8161,11384,12026,851,4101"
16988,16988,"6529,6971,7024,13191,844,5875,7983,12662,89,6509"
16989,16989,"10326,8562,4798,13346,3950,2140,6220,12857,3870,10608"
17007,17007,"10326,1747,9668,3428,6899,1529,9602,4101,9799,13406"
17016,17016,"3950,10326,8590,1996,11357,785,11712,4117,12531,1408"
17030,17030,"11384,851,6641,5524,13375,6624,1018,12504,7462,7426"
17034,17034,"10326,3950,6220,8421,5303,6326,6433,10916,2140,4798"
17054,17054,"8562,10594,10132,3458,7063,12036,6767,12913,12322,10752"
17056,17056,"10326,1328,12857,6326,811,2069,3992,3950,2004,10891"
17084,17084,"2218,2140,63,11772,708,7802,11308,9833,659,267"
17098,17098,"2343,7707,9295,4576,8846,6839,4960,8590,7374,11103"
17102,17102,"4798,6971,5303,2140,8590,6270,12793,1290,8421,12990"
17109,17109,"4416,9908,6164,782,2624,7673,5592,5700,1407,6484"
17112,17112,"3464,544,2218,1290,12960,7120,164,7900,4414,3875"
17119,17119,"6971,10453,13296,1220,9580,9101,857,6925,8161,13346"
17124,17124,"10326,5303,6220,9942,2218,2380,3055,8562,1598,13346"
17141,17141,"3055,6220,5999,5495,4798,2140,10326,4388,8608,5532"
17160,17160,"4163,4798,2957,10674,11554,4216,4940,8033,8810,8650"
17179,17179,"6220,8413,12857,2218,1598,8483,6302,4413,12606,4414"
17189,17189,"13346,8421,4798,11384,1210,6433,3619,3628,9340,9105"
17191,17191,"8981,11536,5149,6925,5762,10429,9668,9799,5642,9083"
17194,17194,"275,3565,13150,11000,1017,16,5085,7133,3770,2580"
17195,17195,"5199,5532,5999,4053,11357,11712,13218,785,4266,10835"
17200,17200,"1290,7120,4576,10137,10663,4929,9101,11298,10389,11024"
17212,17212,"6220,13110,4947,3428,4413,1634,5545,9799,1598,3870"
17218,17218,"2343,9693,13346,6220,2537,2905,6795,9532,3340,10063"
17232,17232,"3950,6326,12857,11540,11048,8092,9455,1323,5576,607"
17242,17242,"4277,10326,4798,6971,6433,8421,2140,13346,4865,10916"
17255,17255,"1478,5999,4413,2990,7723,5124,7053,3515,8413,454"
17262,17262,"11298,12869,10607,6812,11775,2989,6610,3539,5135,11024"
17275,17275,"3428,7707,3950,5545,8562,4413,4946,1478,12368,12278"
17276,17276,"11384,9234,9164,2012,9580,7197,8681,6380,6805,10127"
17278,17278,"1863,475,4250,2303,589,4098,10802,11402,9083,987"
17283,17283,"4798,6220,1290,4277,1220,2140,8590,6638,7120,13296"
17284,17284,"2140,11000,10326,5534,12034,2728,5999,10594,13054,3825"
17295,17295,"10326,544,6220,13249,13306,3950,2411,7547,8972,13346"
17298,17298,"1290,4576,7120,9101,2989,11298,10137,10389,12869,11024"
17319,17319,"6220,9942,3428,13306,7359,7707,13296,6641,2140,544"
17320,17320,"11298,9730,7679,3148,11918,2989,7120,1290,9101,4024"
17325,17325,"9693,1220,2903,9229,2091,10326,5292,8235,3950,6795"
17330,17330,"8235,12253,5375,1571,12662,5875,377,10147,12193,6509"
17334,17334,"3704,789,9101,4576,3427,8714,12903,4028,1554,10464"
17346,17346,"8562,3950,6220,3799,1478,3055,12058,2237,12799,12382"
17352,17352,"2411,10916,10326,2571,5999,4117,785,1634,7899,6971"
17353,17353,"1290,7120,9962,789,5135,13309,6971,4929,12030,9564"
17396,17396,"8562,12857,10326,4798,8413,2140,8205,10124,6433,12875"
17408,17408,"5303,8822,8161,810,851,11000,3781,9580,217,1180"
17414,17414,"1210,6220,11540,12813,4602,3565,11843,3340,4332,8830"
17422,17422,"2989,12262,2938,12022,7889,11376,7089,11990,12316,11869"
17424,17424,"4798,8421,5676,4277,1912,8279,6383,13150,13249,1978"
17427,17427,"5135,789,2339,4738,10644,4613,3502,12333,4139,4983"
17432,17432,"13346,8562,5303,8421,13249,6925,217,5545,3428,6517"
17434,17434,"1634,7138,6420,6311,8922,9733,6971,5199,12321,5302"
17439,17439,"9942,3428,5545,3870,5549,454,3071,4947,2199,8413"
17442,17442,"6971,2343,6220,5545,13296,89,4576,544,1220,5199"
17449,17449,"8562,6326,13346,8421,10340,9942,4413,11540,5642,2013"
17472,17472,"5495,5676,5199,8408,2905,3127,12611,1210,13097,5381"
17509,17509,"1290,544,4576,11024,7120,10389,4664,1244,5969,9101"
17522,17522,"4413,3509,8413,3870,1742,9952,11869,3166,434,5235"
17527,17527,"2140,9404,8161,7063,1912,2291,12733,1543,7138,4324"
17535,17535,"1290,7679,9101,7342,7120,11918,9732,4333,12995,5969"
17540,17540,"13296,5184,16,4679,10924,7138,8022,280,11019,8483"
17541,17541,"1290,9730,4664,5135,11024,789,11775,10663,1851,10389"
17551,17551,"10326,11000,2218,2140,11969,12990,31,4277,8483,5470"
17564,17564,"8562,5642,1634,2585,6899,9937,5610,2169,6505,7172"
17565,17565,"350,6306,8149,7733,5796,5605,4063,2069,92,7973"
17581,17581,"10326,10568,10916,3950,8366,2140,2158,12990,3774,4315"
17596,17596,"6220,4277,3950,1598,5545,1779,454,4173,11236,9600"
17601,17601,"4413,10340,7723,820,3870,1957,3106,11540,2199,3532"
17611,17611,"2218,10916,3950,13296,3428,12378,12606,6270,4277,2867"
17612,17612,"10326,9942,12857,5461,3507,4323,217,9404,2069,12404"
17620,17620,"8413,6302,5199,2343,4602,13346,5532,12579,11772,708"
17627,17627,"5199,5532,10835,13375,2537,6834,7983,10778,58,5866"
17634,17634,"1863,10429,9083,1983,13269,6523,5669,6697,7707,2643"
17649,17649,"4798,10326,4277,6220,717,12404,1978,9938,350,652"
17654,17654,"8562,7998,10504,6141,1479,3103,2292,9128,604,6293"
17659,17659,"9668,5549,4101,6166,5149,7064,4698,12704,11186,7706"
17666,17666,"1290,544,7120,4929,10663,6220,10568,3950,89,2916"
17674,17674,"851,8822,9711,7916,3261,12439,11843,8132,11000,12779"
17684,17684,"10326,544,350,11969,652,1328,9178,9340,12990,11384"
17708,17708,"8413,8562,12779,6107,1210,1223,9352,9880,11405,5233"
17709,17709,"6220,3799,8454,8483,3500,1897,4097,12831,4256,696"
17741,17741,"2140,3055,13346,6326,10326,6971,13121,5999,4798,7578"
17752,17752,"9375,6307,873,10739,516,5249,6060,8911,12204,2975"
17765,17765,"2343,89,1220,6971,9532,13346,6834,5532,3127,4798"
17770,17770,"8703,7637,6938,9954,13255,9668,10332,11733,12663,2020"
17814,17814,"6220,2218,3275,544,1863,8562,3138,9718,6166,12944"
17818,17818,"1244,1290,7120,8189,10987,9340,146,13267,5011,1769"
17822,17822,"1290,7120,11117,2286,12030,8302,4638,2885,5573,1977"
17826,17826,"10326,4798,2140,8562,717,8590,8421,12857,9580,4277"
17827,17827,"1290,11298,7120,2989,4576,12869,1244,7679,10607,12903"
17840,17840,"13296,8188,5545,10326,3487,3303,8360,12606,2058,5976"
17843,17843,"2218,8413,13310,4413,11772,7986,7136,205,6137,512"
17864,17864,"12785,5445,6639,9409,9984,13329,3980,6461,8746,2905"
17871,17871,"10429,862,1863,10918,12723,5149,8981,4698,13377,9083"
17881,17881,"544,4277,4798,64,717,5532,7138,2411,8018,8671"
17928,17928,"10326,6220,4277,8562,13296,12857,5642,6302,4413,6166"
17931,17931,"9375,2123,8236,6487,5103,7721,2263,516,7220,12838"
17933,17933,"6220,12747,9203,7466,4257,802,12278,6872,5437,3428"
17953,17953,"544,2218,5303,275,8922,2380,3055,7707,13346,8590"
17970,17970,"3950,5545,931,4413,1585,3055,3317,1598,3428,5460"
17977,17977,"13249,6270,11540,1180,10537,11886,3103,13408,2169,1912"
17982,17982,"9962,7817,10644,4613,3886,13027,1290,12306,1241,8653"
17995,17995,"1290,6220,13296,2286,9799,61,7390,10217,12030,5573"
18002,18002,"13346,6971,12857,8590,4679,9340,7138,10608,350,4443"
18006,18006,"2137,9107,12744,9759,7706,2875,10775,7619,10378,1487"
18023,18023,"10326,5303,8421,8590,10916,2140,7063,1912,13214,11384"
18024,18024,"7439,5747,9771,4877,797,2291,9073,764,3643,362"
18047,18047,"12665,8188,2343,6220,13296,4602,5545,12058,723,6795"
18050,18050,"9942,2218,6971,12665,5303,5545,3055,1220,275,11403"
18078,18078,"4798,8421,6971,544,217,13249,12385,6433,1634,851"
18086,18086,"1290,6971,789,9962,2140,5135,9295,4798,7120,1244"
18093,18093,"12869,7669,9330,2493,2114,420,10102,11997,8342,10674"
18115,18115,"4277,8421,12385,10594,4453,1912,851,2140,10077,9340"
18122,18122,"6971,5303,8922,1856,11884,7783,8981,10429,5339,9689"
18124,18124,"10326,1290,6971,2343,2140,89,1220,1747,11969,8922"
18127,18127,"1290,7120,4929,10663,1244,5135,2916,9962,296,12497"
18133,18133,"3950,12857,10326,1328,8562,13249,4277,10916,3992,13346"
18148,18148,"2218,10835,2380,2905,1862,10529,8279,8922,4237,7673"
18155,18155,"2867,12378,6503,2205,11345,10395,641,5731,5748,1532"
18158,18158,"11298,4576,2989,1779,11918,3238,11024,10607,2153,1803"
18166,18166,"4798,6971,2140,10594,8822,2882,7356,12404,5999,10138"
18167,18167,"9942,4798,5303,3950,2140,2218,10326,8562,4277,9072"
18169,18169,"3641,5747,10954,6724,8984,4877,12551,4648,5385,2291"
18175,18175,"5532,7024,12662,12253,7983,3127,13191,11403,9532,9693"
18178,18178,"13346,8562,3340,2789,6982,10340,11622,5177,1286,11751"
18214,18214,"1290,7120,11024,10389,9730,10663,11298,4664,9295,2989"
18217,18217,"2140,275,1328,2218,12404,12793,3428,11843,9901,3565"
18226,18226,"1290,7120,7679,2916,4929,10137,10663,9170,6322,11298"
18229,18229,"2140,6326,9602,9968,9851,7887,7312,8806,7707,3529"
18236,18236,"8793,9546,12159,6341,4049,12248,2599,13327,1438,840"
18240,18240,"9942,3428,3950,5545,5199,3565,8454,13296,3340,3509"
18262,18262,"6220,9942,10326,8562,5545,8590,13296,13110,7707,3950"
18266,18266,"1290,11298,4576,544,10389,2989,10326,8978,10581,10137"
18272,18272,"13346,4798,8562,6220,4277,810,8421,12606,10326,3055"
18292,18292,"6220,7707,8421,8562,2343,10869,13110,9799,3565,12606"
18299,18299,"10326,4277,2218,544,12665,11000,5184,3950,1598,350"
18321,18321,"9178,10100,6525,129,4560,4860,8876,2193,7963,10993"
18338,18338,"6220,3950,8562,2343,10326,7707,4277,13296,12665,544"
18339,18339,"10326,4277,10594,10916,350,8161,8043,1776,9580,6515"
18341,18341,"13346,8483,8562,12104,7723,3888,10082,9454,4452,1077"
18355,18355,"1290,7120,9295,4929,10663,3697,2916,10607,5135,6811"
18364,18364,"544,1290,2343,9693,7120,12665,89,11298,8922,4576"
18368,18368,"4798,13346,10326,8562,12857,9455,5545,6326,4865,9072"
18393,18393,"4798,5303,10326,2140,2343,9132,8421,12990,9306,6433"
18409,18409,"5495,2218,2140,217,9178,8885,6588,12470,9404,7941"
18434,18434,"10326,544,6971,5303,2140,10077,4798,6433,12990,12857"
18440,18440,"13346,5545,5495,5303,9942,1978,12470,714,50,1182"
18446,18446,"4798,8562,10326,4277,8421,5303,2343,6220,1290,4199"
18467,18467,"11969,2140,6971,8593,12933,3507,5495,6320,4775,8205"
18475,18475,"2218,7120,1290,9072,4387,544,3697,13296,9837,12474"
18487,18487,"3950,6220,8562,9937,9799,13296,3055,1634,3295,12857"
18489,18489,"544,10326,4798,2343,4277,9330,10674,4163,2140,350"
18499,18499,"4949,3296,9514,10551,2748,7503,152,117,3076,11803"
18505,18505,"4798,8562,10326,6220,13346,3950,6971,8421,8483,544"
18525,18525,"9799,331,350,8421,11822,6107,10916,4798,8161,6433"
18530,18530,"8421,5642,9953,6183,331,4917,10245,10936,13279,9155"
18539,18539,"1290,7120,589,1863,9083,6971,9689,9564,5636,13436"
18546,18546,"2343,9693,89,544,5532,5199,8279,13346,3127,10063"
18579,18579,"9942,8562,4277,5495,6220,4798,1323,3799,3950,1978"
18585,18585,"2343,6795,5532,4117,10529,10835,1124,5782,3424,5422"
18595,18595,"8562,2218,3950,50,13306,13296,11000,4277,13249,10326"
18648,18648,"11000,12309,12813,10980,3012,10073,5534,7232,10159,3402"
18679,18679,"3950,8562,8413,4602,7707,6220,3992,5875,7024,1585"
18683,18683,"8188,7706,1856,6220,860,9968,5582,560,1189,544"
18687,18687,"1290,7120,11298,4929,1244,10663,4576,7679,9101,5135"
18718,18718,"8562,6220,7707,13296,4798,5642,13346,8590,12606,5485"
18741,18741,"11751,5673,11396,3950,1957,4448,5293,12813,11622,6982"
18760,18760,"1290,8590,11024,12903,789,5135,10464,1779,13309,9962"
18771,18771,"6220,8590,1912,16,10121,1598,5302,9215,3422,2164"
18787,18787,"10326,4798,6971,8421,4277,10916,331,6433,2808,4679"
18788,18788,"6220,8413,4323,12793,607,10916,4413,7053,8483,3950"
18789,18789,"13315,64,5866,4266,5734,220,646,5610,8643,9134"
18798,18798,"8562,6220,3950,5303,13296,6971,12665,2380,2580,12831"
18800,18800,"2411,5485,847,810,8579,909,3571,7919,2995,4388"
18805,18805,"4323,11540,7133,11772,8325,9410,4413,10241,11795,1527"
18806,18806,"11298,789,9962,11775,9960,10607,6811,83,10336,11299"
18812,18812,"6971,5532,6220,2140,7024,8235,8922,7983,5199,12944"
18818,18818,"6659,5822,9375,3938,6011,2875,2541,4399,12838,8112"
18830,18830,"10326,6971,2789,1634,3106,2567,4413,254,12857,13346"
18835,18835,"1290,6971,2989,4664,4576,5969,11024,13370,9637,5303"
18839,18839,"5495,1355,9668,5540,5966,4798,7664,12147,8472,10410"
18851,18851,"4915,3870,2218,7865,10608,8161,1726,9799,2220,5461"
18854,18854,"4798,3055,10326,6971,8161,10916,13346,8421,7578,9997"
18864,18864,"4277,4798,10326,5303,13346,217,2140,9404,3950,6383"
18865,18865,"7707,1156,3088,589,6971,9564,8703,1863,2140,9668"
18874,18874,"11024,11298,6971,1290,9101,4664,4576,789,12869,9962"
18875,18875,"2343,544,8562,976,7112,1180,9135,7578,10063,4199"
18879,18879,"7669,11024,4163,1558,11554,11298,3464,10674,1779,8033"
18882,18882,"1290,6971,11024,12869,544,1779,4576,13296,89,2989"
18895,18895,"3950,4413,8235,2218,8413,2990,3992,5875,12662,3055"
18903,18903,"10326,4798,5303,13346,6971,2218,8562,2140,1912,4277"
18913,18913,"2343,13346,4798,2140,1220,10326,6433,8922,6971,4277"
18934,18934,"1290,6971,789,9962,5135,6220,7120,10336,13309,11298"
18935,18935,"8590,6971,5532,10835,8608,4388,3909,1220,1290,2903"
18981,18981,"6220,2218,6971,9730,10608,9983,7692,7060,9968,7487"
18985,18985,"10326,1290,2343,9693,6971,13346,4798,8922,2140,6433"
18987,18987,"2916,6243,12497,12030,13101,9295,8567,5573,296,4387"
18990,18990,"10326,6220,544,8562,4277,10916,10077,13249,11384,11969"
18996,18996,"89,4798,10288,6326,959,9550,8922,10592,2199,10794"
19010,19010,"10326,4277,4798,8421,6433,331,10916,544,8161,717"
19016,19016,"1290,7669,9438,9101,3464,12869,4545,11938,10607,10674"
19018,19018,"13259,992,2042,3313,9167,11683,1010,6325,6847,1046"
19029,19029,"4798,2140,7063,6515,2291,1018,12758,851,12875,5025"
19060,19060,"7679,9732,12869,1598,8978,12435,3833,9826,7266,13182"
19069,19069,"1290,7120,8590,4929,5303,10663,9295,11298,6971,5135"
19084,19084,"4798,10326,5303,4277,6433,2140,8562,2218,11282,8205"
19086,19086,"1290,2989,11969,10389,7120,6220,7707,1779,9693,9732"
19105,19105,"1290,9295,7120,4929,10663,6660,6243,12681,2916,1812"
19110,19110,"1290,11298,789,10607,5135,9962,9295,10336,6811,7120"
19135,19135,"10326,1081,134,8540,13130,8949,6027,5105,4832,9629"
19144,19144,"10916,8205,3055,9413,8413,12875,2019,6373,5553,5549"
19154,19154,"3950,9800,7063,13249,3585,2218,2910,5009,37,2023"
19168,19168,"8562,4798,4277,3950,10326,12857,2140,6326,717,4865"
19173,19173,"1290,4083,4387,12474,5573,12559,5962,7345,1132,7491"
19187,19187,"589,2058,836,6697,9564,1487,13436,1856,6893,5962"
19216,19216,"227,6528,13159,5001,12539,9258,1219,5947,4623,10732"
19227,19227,"9693,10835,7528,3534,614,3500,10645,13436,13363,7707"
19231,19231,"10326,2140,12857,6326,13249,12026,13346,3950,1996,1634"
19234,19234,"1290,4576,11024,7120,1779,11298,10607,1244,10389,9730"
19255,19255,"10326,4798,6971,2140,2343,12857,3950,13296,8590,8922"
19258,19258,"5495,10340,13132,5067,11751,4413,5293,2199,6848,2671"
19266,19266,"1290,4929,7120,9799,4798,12030,6243,6971,12497,10712"
19296,19296,"1220,6795,2537,2140,6834,2411,64,5532,5866,4798"
19297,19297,"6659,12888,6582,13234,11917,9258,5871,7447,8257,8092"
19308,19308,"3950,3055,11622,11751,8235,6982,931,5414,11403,7087"
19323,19323,"10326,1328,12047,6027,6306,8949,5796,10352,7878,2363"
19346,19346,"10326,544,6971,4277,5303,2218,12665,7138,6220,8421"
19347,19347,"7120,4929,10326,6220,12665,9942,8590,2916,12497,6243"
19360,19360,"1290,12133,8302,12991,7120,12512,2286,8554,3697,12030"
19364,19364,"9330,9500,2709,4890,10687,9857,1079,11897,7072,27"
19378,19378,"13346,4798,10326,8421,3950,8562,10835,11886,8413,10039"
19379,19379,"4798,8421,6326,1210,5303,8279,6971,11384,11843,7707"
19380,19380,"10326,4277,12857,5642,5303,10916,8421,12990,851,9380"
19381,19381,"10326,4798,8562,8421,4277,10916,9580,6433,331,9602"
19384,19384,"12665,1978,10326,1634,2777,1746,275,9340,7063,11320"
19385,19385,"13346,3950,3428,10326,6220,2218,13296,5545,1286,8590"
19388,19388,"1290,7120,12869,4929,10663,11298,2916,8590,9730,7679"
19406,19406,"10326,6971,5303,4277,2140,4798,6433,8421,8562,7138"
19408,19408,"4053,5999,11357,785,2571,11712,13218,13058,5532,4459"
19415,19415,"1290,11298,7120,4576,3148,8978,10607,3427,1244,1334"
19417,19417,"10326,6270,3055,1598,8235,2140,10642,12309,7578,1574"
19434,19434,"2343,3663,2537,5918,10855,358,8127,7060,6805,3387"
19441,19441,"4798,3950,2218,8562,10138,13249,9580,10916,5303,13346"
19461,19461,"1290,7120,4929,10663,4576,6971,12497,2916,10607,9101"
19474,19474,"3950,12665,13346,6302,931,5199,1598,89,1585,708"
19477,19477,"10658,5409,11051,12497,6957,11682,9887,2695,2907,3416"
19484,19484,"2989,1244,4576,8978,11024,7679,10607,11298,4664,12869"
19502,19502,"12665,7707,217,566,3799,6967,2343,10255,10071,4117"
19503,19503,"6220,5545,5461,2989,6641,6767,2461,6586,544,12538"
19512,19512,"13346,50,9093,16,1783,1323,9767,3306,7138,12604"
19515,19515,"975,3373,9247,6259,7495,2890,5195,4237,7374,3016"
19518,19518,"1290,2218,4929,7120,9962,5135,789,6283,6220,10663"
19530,19530,"6220,13296,6971,10326,8562,6925,1634,13249,4798,8421"
19559,19559,"1290,7120,12665,6971,11298,12869,11024,4576,2989,10663"
19576,19576,"5875,8235,1662,7024,5999,6509,7200,4715,11180,6311"
19586,19586,"3565,2537,5199,9693,609,5803,8220,2135,9721,5532"
19594,19594,"1290,4798,6962,3870,8235,3950,5875,89,12662,3055"
19605,19605,"7792,9570,2170,1716,6256,12606,684,589,1544,2327"
19618,19618,"8562,3950,8590,3055,2140,12665,2380,89,5422,2905"
19620,19620,"5303,9799,8562,9937,3071,4698,8703,6395,8590,3515"
19623,19623,"8819,761,2118,607,10736,2135,9817,5913,6270,10594"
19628,19628,"10326,13249,3950,8421,5999,2140,10916,10835,2905,11357"
19631,19631,"7120,9730,4929,1244,2916,10326,10663,296,3222,4387"
19642,19642,"5199,10835,5495,5676,3799,8279,6220,4416,5532,2771"
19644,19644,"7138,2218,2140,9306,10326,2291,9602,5946,4648,7439"
19648,19648,"7679,2969,12655,3742,5558,9229,337,8505,1789,11291"
19665,19665,"1319,6115,12940,13107,3076,1302,3000,12053,11639,6901"
19683,19683,"1290,544,10389,10663,9730,3464,7679,4664,4929,1244"
19684,19684,"10594,11390,3568,11788,10326,9578,11014,1180,831,1727"
19693,19693,"10326,2140,4277,9340,5866,12793,7138,11000,11921,2158"
19696,19696,"4798,5303,6971,8205,6220,12857,5642,2199,5819,7454"
19707,19707,"6971,5303,10326,12758,851,8161,1776,4277,3770,10462"
19715,19715,"2343,12665,9693,64,5532,5866,8562,5303,11000,4117"
19716,19716,"1290,7120,4929,13309,9866,2784,296,3697,8525,10336"
19729,19729,"1290,6220,6971,2140,8590,12665,7120,7707,10326,9229"
19734,19734,"10326,13346,13249,8590,10916,10629,2861,1681,12813,6971"
19758,19758,"9786,5460,453,12425,10339,12632,11910,220,7294,10589"
19764,19764,"4798,2218,1220,7138,10835,8922,9473,10027,6971,5292"
19773,19773,"1290,544,9962,4929,2989,9295,789,5135,9730,4576"
19778,19778,"2218,9245,3871,12143,9835,9292,9164,22,3677,12639"
19780,19780,"8562,2218,12665,64,9733,10153,3509,5184,6166,1323"
19784,19784,"10326,8562,350,4277,6433,1328,7063,50,8822,9875"
19786,19786,"8562,544,5303,810,3950,8161,13249,2140,10916,10594"
19793,19793,"10326,6971,2218,4277,12857,3950,13310,11843,1776,12990"
19798,19798,"4798,13346,3950,5303,4277,8590,717,275,50,217"
19808,19808,"9799,2990,4798,10473,7723,12331,4947,3515,5124,11396"
19812,19812,"1290,12869,7679,7120,4664,11299,7101,10674,4576,12903"
19821,19821,"13346,7707,220,8575,12309,12857,7064,3422,10986,5610"
19830,19830,"12869,1244,9962,789,5135,9730,11775,13309,4642,10336"
19843,19843,"1290,7120,7669,11554,4163,2957,10102,1558,9330,8342"
19867,19867,"6220,1863,558,1983,8113,4718,11230,1598,475,5976"
19889,19889,"8562,10916,11751,12382,4944,959,4865,6326,5761,13346"
19893,19893,"8562,12606,13296,6166,10326,1863,5966,10429,13377,9937"
19898,19898,"1290,7120,11298,6322,4576,1244,2916,10607,3539,4929"
19902,19902,"350,10352,5789,1129,680,2356,1916,9568,4832,7486"
19905,19905,"8421,10326,11000,8590,13249,10916,7138,9072,1180,8483"
19910,19910,"8421,1996,4025,13249,1180,3950,3781,11384,12385,8562"
19929,19929,"10326,6220,4798,13346,5303,4277,1220,8562,12857,3950"
19932,19932,"7679,1244,4664,1779,10389,12995,1371,12869,10607,4545"
19952,19952,"2140,5545,8421,10326,8562,1543,275,9799,851,9942"
19956,19956,"8421,4733,2814,2456,10869,4315,10571,851,6260,1347"
19987,19987,"4798,12665,8421,6326,275,6971,13346,12026,4865,5642"
20008,20008,"1290,4798,7120,11969,4277,8590,2140,544,4576,9101"
20018,20018,"9942,8562,8413,11622,4413,6982,11795,5731,2910,10546"
20019,20019,"1290,5303,8483,5199,5731,7120,12758,7063,12404,1286"
20020,20020,"1290,7120,4929,1132,10663,4083,5675,10322,12497,10317"
20023,20023,"13346,3055,8413,12665,714,11751,2789,2567,4602,11622"
20031,20031,"6971,6220,7707,5545,8562,4798,7706,8607,2327,2218"
20039,20039,"6220,8562,7707,1220,5545,8681,11540,9799,3340,13296"
20040,20040,"4798,5303,4277,5495,2380,4865,11406,12934,3571,5866"
20041,20041,"12470,8188,7707,5199,2218,3545,10429,2373,4095,2585"
20045,20045,"13346,3055,12857,4798,3950,8205,6326,2789,10916,3515"
20056,20056,"1290,7707,6220,3055,9455,12606,8421,560,2916,8575"
20069,20069,"544,2218,13346,5303,13306,4798,11000,3950,11969,7138"
20074,20074,"8562,6659,13110,3870,4413,3565,961,4090,5184,714"
20083,20083,"10326,5461,13296,9942,5545,3950,13306,2903,8562,3428"
20085,20085,"9730,1290,4664,1779,7120,11532,3570,4024,281,3464"
20086,20086,"2218,6220,275,5485,11000,10326,2176,5495,11784,10608"
20089,20089,"8562,6220,3950,2140,3870,5485,7707,1210,13296,1988"
20101,20101,"89,2218,8922,8235,7983,12757,2140,12026,9890,6220"
20104,20104,"6011,4399,5105,5760,1521,5822,6690,1796,6306,12204"
20112,20112,"8562,4798,3950,5303,13296,8590,6326,8607,10326,13249"
20115,20115,"6220,12665,5642,2903,11540,13315,10063,8505,8421,6326"
20133,20133,"12869,789,5135,7817,10644,4642,10336,4955,13309,11998"
20136,20136,"2343,8562,4798,2140,2411,7063,5292,10093,8505,1328"
20138,20138,"9962,789,5135,11024,4036,13309,7817,1197,4613,4973"
20162,20162,"10326,12857,10568,3950,6220,4277,13249,12680,7867,3308"
20176,20176,"4798,6971,1290,2218,8590,2140,8922,6515,5545,10027"
20200,20200,"275,4798,2140,6971,10326,5485,7063,1018,2411,13346"
20222,20222,"9306,5946,13214,2291,165,8402,7439,2149,7504,362"
20251,20251,"1290,6971,10326,2140,4798,9229,5303,13296,3950,8922"
20256,20256,"12470,2218,5199,12668,609,11000,10733,9404,5867,10677"
20264,20264,"4277,2140,6433,717,8421,1017,10326,217,7197,3950"
20280,20280,"10326,10916,8421,11384,2861,217,12369,652,13259,9340"
20286,20286,"9942,9962,8607,10429,11298,10867,12723,789,5930,13376"
20323,20323,"1290,7120,5135,9962,789,10607,4929,13309,3697,10663"
20324,20324,"1290,7120,544,6971,4929,10663,7707,9730,2916,8590"
20336,20336,"6220,9693,4576,544,4664,10389,1747,11298,6795,769"
20339,20339,"8562,4798,3055,6326,8413,12857,3950,5731,3992,8205"
20344,20344,"6971,7120,9295,9072,1912,1290,354,2885,12030,5911"
20356,20356,"8562,6220,10326,13346,4798,5545,3950,1598,3428,3870"
20360,20360,"1290,7120,2140,12474,1132,5675,12497,4019,10322,7075"
20362,20362,"2343,9693,2537,8279,4605,2443,5532,9097,5782,10063"
20376,20376,"717,9340,10916,9380,1697,1763,5091,13040,652,11384"
20381,20381,"2218,7707,8562,4798,6971,7241,9083,8359,9668,254"
20394,20394,"7120,4929,1244,10663,296,2916,12497,4576,1747,9348"
20397,20397,"13296,9942,4413,6653,1669,7236,9410,7157,6810,12038"
20407,20407,"6220,8562,6659,13110,3799,5642,1210,220,3428,7707"
20413,20413,"1290,12869,9730,7120,9295,11024,3539,11775,10607,9888"
20433,20433,"1290,7120,5135,789,9962,4929,6811,4184,8506,10607"
20448,20448,"7792,9553,7879,8623,1558,11454,7971,2118,5979,3544"
20492,20492,"2218,13296,3428,12665,5545,8562,1412,10916,7487,2994"
20505,20505,"1290,7120,11298,6610,2916,296,4576,10389,9962,789"
20512,20512,"13346,3950,1634,8483,9580,491,6107,9098,10916,12857"
20514,20514,"5184,6306,13013,1706,13259,10537,7495,11445,3597,13402"
20533,20533,"350,5109,5996,811,11718,9341,11010,12747,9485,12618"
20543,20543,"8421,4694,11384,4277,9340,7232,9927,12049,1210,6302"
20546,20546,"4798,10594,8161,9580,4974,10326,6824,10869,7833,1776"
20557,20557,"8562,4798,5303,9942,7707,5545,8421,8590,13346,5485"
20558,20558,"12857,9602,2882,2395,10473,3673,76,13114,9953,10666"
20561,20561,"13346,12665,8590,3870,3950,13296,6220,12793,11540,10326"
20566,20566,"1290,7120,8590,9295,4664,10389,2989,10674,11299,10607"
20573,20573,"12184,12021,2286,9671,1429,5582,2784,6283,6203,589"
20623,20623,"6971,13296,5303,8922,5545,1747,1290,12474,5573,1487"
20627,20627,"1290,10326,9730,7707,8421,13296,8161,6971,10137,6107"
20643,20643,"4798,8421,8161,9380,10916,2291,5747,10594,11939,7979"
20645,20645,"1290,789,12869,7120,5135,4576,11024,1244,9866,11298"
20652,20652,"4798,3950,717,8562,6326,8421,350,220,1210,4492"
20654,20654,"4277,10326,4798,8421,8562,10916,2140,12990,717,6433"
20667,20667,"10835,7024,6589,12944,8235,540,6688,7289,1220,708"
20670,20670,"5524,12794,3802,4090,307,831,4888,7578,3525,1612"
20671,20671,"544,4277,6971,8413,3950,2218,10916,12857,11540,12875"
20676,20676,"2140,12404,6638,8221,6517,6270,12240,6426,12788,7138"
20694,20694,"1290,10326,4277,7120,8590,6288,89,9295,10389,9532"
20709,20709,"2218,6220,10326,12857,2140,12470,13346,6433,9799,9580"
20716,20716,"8483,9937,2218,5303,167,11282,4698,13346,6515,6892"
20739,20739,"3565,12404,5541,9927,13235,5117,1668,8503,1715,4453"
20763,20763,"2903,13296,5532,5199,13375,12470,2140,8608,544,4388"
20779,20779,"1290,4576,7120,11298,10607,2989,9295,4929,296,3070"
20781,20781,"5545,6971,7707,12579,8413,2789,2380,4430,10340,13346"
20790,20790,"9962,789,5135,13309,4163,9405,1244,6126,6991,869"
20792,20792,"10326,12857,8421,6326,4798,10916,2140,11384,10594,8590"
20797,20797,"13346,5303,8590,4277,3950,4798,6971,5199,8483,9455"
20811,20811,"6220,3950,12404,10082,7867,854,5399,7723,1598,2158"
20821,20821,"1290,7120,11298,10663,4929,9730,11024,9295,10389,1244"
20830,20830,"10594,1912,4453,851,2158,4448,9580,7844,12385,9164"
20861,20861,"9942,2343,9693,5545,8590,1220,6220,8279,2989,2537"
20878,20878,"6220,8590,5495,8279,5303,7983,2238,10613,9771,10835"
20891,20891,"7024,2145,2906,5875,634,2201,4715,12628,13191,1856"
20895,20895,"8562,3950,5545,1323,3507,9942,1478,2580,2265,4946"
20901,20901,"6220,13346,5303,8483,9072,8421,1634,3428,4798,8562"
20908,20908,"10326,4798,8562,4277,5303,2140,2343,5866,8421,11993"
20928,20928,"1290,2286,12030,7120,11117,4929,2885,8302,10663,1977"
20945,20945,"13296,12665,4277,6270,9733,13310,2380,3275,5731,12758"
20971,20971,"4798,10326,13249,8562,12404,4839,12385,9942,12934,1912"
20979,20979,"6971,4798,10326,8590,2140,4277,5303,1290,10916,9072"
20982,20982,"217,1017,6107,8421,9340,906,9580,10579,5303,5412"
20991,20991,"8562,10326,13346,8590,12665,1290,6326,8922,8472,9799"
20998,20998,"8562,2343,64,12665,3950,3565,4469,9942,9733,5866"
21006,21006,"3950,6220,5999,9404,8505,5532,4266,8279,2822,5199"
21018,21018,"6971,6515,8043,1821,11115,5214,4721,10402,6805,370"
21028,21028,"8188,6659,12606,513,9453,13110,4090,6220,11772,4413"
21041,21041,"9942,3950,5495,5642,9404,10196,5700,2140,11572,1788"
21042,21042,"544,5199,8279,10873,4266,5532,9532,3533,11289,9422"
21064,21064,"1290,7120,9962,10607,4929,13309,10336,10663,2916,9866"
21075,21075,"6971,5199,10835,6529,8235,5532,8922,11289,5422,3055"
21078,21078,"3950,4413,6326,5545,8562,11540,9942,3870,1598,12857"
21081,21081,"5495,12470,5199,5532,1746,8235,3127,4376,8922,13235"
21084,21084,"6971,8562,3055,4277,5485,10835,1681,6166,7964,3950"
21089,21089,"4277,12385,8421,10916,12857,10326,4798,1776,4974,331"
21112,21112,"1290,7120,2989,4576,4929,10663,9101,10607,296,10137"
21126,21126,"10340,8636,12026,3888,5999,10082,3713,1478,7201,8472"
21129,21129,"1290,7120,6971,6220,9438,9295,4929,10663,1977,8714"
21130,21130,"2343,9693,9942,13346,5199,393,5532,89,10835,4388"
21137,21137,"8421,13249,3950,10594,10835,13211,4117,3781,4053,6786"
21149,21149,"10835,11622,6982,5673,4117,5495,6529,2343,5610,4266"
21152,21152,"8562,10326,2218,5303,2343,6220,89,13346,13296,7138"
21177,21177,"3950,8562,3870,13346,350,4492,1763,8626,13375,4263"
21191,21191,"7120,4929,10663,12030,6971,10217,6243,8567,2916,12497"
21200,21200,"1328,13306,3565,50,10326,11540,13097,12793,714,4685"
21204,21204,"10326,5303,4798,275,8161,1210,8562,851,50,11000"
21221,21221,"6220,2218,5495,4798,8562,89,11540,8413,9404,3950"
21228,21228,"1290,6971,7120,4576,10389,89,9229,8922,10607,9668"
21249,21249,"2218,3416,1978,2343,12152,2777,652,2172,10658,4077"
21256,21256,"2140,4798,2199,11396,11751,5124,9550,2990,3515,12026"
21261,21261,"3950,2218,8562,8413,5303,10340,10916,13121,11751,2910"
21279,21279,"5545,275,10326,89,9942,8922,11969,5292,8633,3306"
21282,21282,"1290,7120,12869,11298,9295,10607,10663,6610,8590,11024"
21305,21305,"10326,4277,1328,8421,717,350,9340,3781,6326,9404"
21307,21307,"10568,5734,5040,10748,1765,7225,7857,12152,6999,9090"
21315,21315,"5642,4365,11094,10040,3689,10152,12423,4245,4068,4846"
21342,21342,"544,7120,9101,4576,6971,10389,9730,11298,4664,4929"
21347,21347,"10326,6220,13346,5999,4277,10916,1996,5545,3428,3055"
21357,21357,"2218,4698,12426,5149,8981,2327,6474,11103,1856,10429"
21358,21358,"5532,5199,2903,10835,5999,4117,4266,4053,8279,10778"
21368,21368,"789,9962,5135,9405,8525,13309,1290,2784,2838,10147"
21372,21372,"2989,11298,9101,4576,9295,1290,11024,10607,4664,10389"
21373,21373,"9942,13296,12665,3428,11272,9600,3950,4823,5971,8766"
21383,21383,"7120,89,10663,4664,4929,6971,7707,9730,296,10137"
21393,21393,"9942,6220,3950,7707,13296,3428,5545,8562,5303,8413"
21415,21415,"1290,7120,6971,4929,8922,11117,8302,12030,85,9295"
21421,21421,"1290,4929,6220,10326,10663,1244,8590,9942,12497,2916"
21433,21433,"6971,2218,2140,5303,4798,5495,1220,9942,31,3565"
21449,21449,"8562,10326,12665,4798,5545,10835,1323,50,8421,6220"
21483,21483,"10326,6220,8562,5303,5545,2218,9942,4277,3428,13296"
21488,21488,"4798,10326,2789,8562,11886,11180,10138,13381,3950,9443"
21518,21518,"2989,9942,8978,6659,5495,7679,6795,9693,9101,8593"
21528,21528,"12470,9942,4798,7707,4413,3950,6220,3545,3799,4924"
21536,21536,"1290,7120,4929,2989,10663,4576,11298,1779,11024,10137"
21585,21585,"6220,8562,12665,9942,4798,5545,3870,6925,9729,4413"
21598,21598,"2989,11298,2218,7258,1290,10137,3238,10389,7120,4890"
21602,21602,"8562,8922,931,6395,4947,4602,5303,3055,2990,12685"
21604,21604,"13214,2373,71,383,9306,2081,7498,8675,5149,5592"
21626,21626,"6220,8205,8,506,7977,3058,8215,3442,9287,11643"
21636,21636,"9532,89,5184,861,3870,11969,3127,8235,10835,11951"
21649,21649,"7120,4929,10663,12497,5573,8567,12474,6243,12030,2916"
21650,21650,"12859,1025,4512,5023,3738,5927,10913,2650,7852,2895"
21655,21655,"1290,4576,11298,7120,9101,3238,4664,3464,10389,11024"
21662,21662,"11298,11024,5303,544,10389,4890,4576,12869,9295,6288"
21681,21681,"1290,7120,12869,4929,10663,4028,1244,11298,296,11775"
21686,21686,"350,10326,9733,2158,6383,1328,7275,644,8378,3240"
21699,21699,"8562,5303,5875,4499,10589,5835,4715,7261,6166,12105"
21702,21702,"1290,7120,1244,10607,10648,2218,5135,9962,9295,4576"
21709,21709,"12857,13346,8161,8421,5642,10916,9098,717,4798,4101"
21718,21718,"10326,3950,5303,4798,8562,4277,12857,10916,8421,8161"
21719,21719,"8421,2140,4277,4798,10326,6971,12857,12990,1634,11843"
21724,21724,"8562,3950,10326,13249,13306,5485,7886,3428,2380,9733"
21741,21741,"2989,7120,1290,12995,4576,8978,4024,4028,1244,8635"
21746,21746,"11024,1244,2989,4545,10389,4664,7679,4024,10581,3519"
21751,21751,"5495,6982,11622,10546,11795,12632,6271,11780,10508,3510"
21754,21754,"6433,4277,8421,8483,11000,10138,1634,5303,331,13249"
21768,21768,"3950,10326,5303,13346,7707,2380,9449,2567,9229,12665"
21775,21775,"4798,6220,5703,12540,7706,1281,147,4444,10293,3334"
21781,21781,"11024,12995,1779,10389,4664,11532,12903,9730,1244,9500"
21789,21789,"7120,1244,4576,11024,4929,11298,10607,4664,5969,10137"
21795,21795,"8413,2140,3870,8235,6962,4243,11540,10006,10340,8922"
21812,21812,"8413,1286,2567,5761,2789,3340,9937,8986,9449,3028"
21814,21814,"4798,2218,13346,8421,6326,5303,9602,12857,10916,13315"
21820,21820,"6971,3950,2380,2905,6220,931,8413,11540,89,11622"
21827,21827,"10326,6971,4277,4798,1290,9942,717,2218,13296,2411"
21838,21838,"10326,2802,13129,4702,3068,5976,3870,2790,13044,2789"
21855,21855,"2343,6795,5532,4388,64,5495,8608,11000,2580,5782"
21881,21881,"2140,6626,1634,2867,5731,11635,31,8205,12378,6503"
21884,21884,"8562,13346,3055,2140,8421,12606,10326,10835,7707,1210"
21889,21889,"1290,7120,6971,10326,4929,10663,6220,9730,9962,11969"
21896,21896,"8562,2140,6433,8421,5303,10138,10063,7707,7558,1180"
21902,21902,"5303,10326,13346,8421,9072,10916,8161,4798,7833,6120"
21916,21916,"10326,4798,12857,1290,2140,6971,4277,350,9580,1328"
21927,21927,"9962,5135,789,1244,11117,9405,8399,4552,12690,4036"
21938,21938,"4277,8421,5025,6433,5896,6107,11384,331,851,7462"
21948,21948,"11603,6666,12266,6844,5610,1514,13289,13008,2748,11085"
21952,21952,"1290,7120,4929,12497,10663,12030,5573,6243,8567,4387"
21954,21954,"2343,5532,2903,13058,4053,9693,5999,3424,11357,8505"
21955,21955,"5303,11484,7136,13310,4858,1453,11547,6307,6418,6528"
21978,21978,"8188,8981,10429,4413,5149,5976,6166,1863,12704,12775"
21983,21983,"1290,8590,6220,2343,7120,11969,13408,10137,789,7258"
22004,22004,"1290,7120,6971,2343,4929,2140,8922,6638,10835,5199"
22007,22007,"3464,11299,3704,12903,4545,5032,11298,7679,13309,10142"
22014,22014,"4602,12541,3774,9203,5826,1493,801,3055,7674,2429"
22020,22020,"8562,6220,12665,12857,6433,12404,9938,275,4798,6107"
22052,22052,"13408,275,8421,11000,12385,9711,5999,5610,9380,1223"
22056,22056,"10730,5819,1278,11286,5731,8837,566,1323,10267,7715"
22064,22064,"13346,11403,9454,5091,5966,10677,11180,8205,1983,8113"
22072,22072,"10326,8562,12857,13296,6220,4277,13249,6742,7707,5126"
22074,22074,"2218,13249,12857,10326,1017,4315,4322,16,5866,9877"
22102,22102,"5461,3428,2218,6270,13306,9455,5654,4413,9390,7503"
22110,22110,"13346,5545,5303,6220,8421,2199,1328,10326,12470,1598"
22111,22111,"10326,4277,5303,6220,217,4798,2218,11000,8421,544"
22119,22119,"6220,7792,7715,1598,831,11357,5964,9625,10496,12668"
22125,22125,"11751,6982,2910,10837,10508,2895,11795,11622,6676,1024"
22150,22150,"5199,8922,5495,4053,6638,4179,11384,5819,12026,4266"
22151,22151,"1290,7120,4277,6971,9295,3697,4929,12030,11117,1400"
22154,22154,"1290,7120,4929,10663,2020,8703,9564,5135,9962,1244"
22213,22213,"9942,2218,5545,13296,3870,714,13110,3950,7723,8188"
22256,22256,"2343,1290,7120,544,4929,1220,10137,2989,10663,2537"
22258,22258,"2218,5495,2777,10462,1724,7243,9865,5303,2149,2291"
22265,22265,"6220,13296,10326,5642,8562,13249,13346,6270,6166,9072"
22279,22279,"2343,5532,8590,9942,6220,1230,5199,9733,121,9532"
22280,22280,"10326,9438,11749,13026,1290,4685,10869,6591,9413,4798"
22283,22283,"6892,1337,1487,8981,5149,12265,5608,9083,3088,10429"
22286,22286,"6220,3428,7707,8681,4413,5545,8454,5293,1598,10340"
22288,22288,"2343,9693,10326,2140,5199,2537,12665,8413,10063,8279"
22321,22321,"1290,7120,11298,2989,11024,12869,9730,4576,8978,10607"
22336,22336,"10326,8562,8421,2140,4798,8161,12026,10916,4277,11282"
22344,22344,"4798,13346,2905,2789,8205,2567,4053,11405,3950,649"
22353,22353,"7862,12024,7797,5105,13111,3960,7486,9375,9453,7974"
22356,22356,"4929,12497,5135,1977,3697,1400,12030,9962,13309,6243"
22387,22387,"5303,8421,4277,4798,10326,331,6971,6433,717,12990"
22427,22427,"2140,7330,3562,12026,11536,9997,9799,12680,1942,1539"
22428,22428,"2343,1290,9693,9962,5135,2537,6322,10336,9866,7120"
22449,22449,"11024,11298,4576,12995,12869,2989,11918,7679,7864,4664"
22452,22452,"10429,589,12157,341,13377,7792,7619,10431,12438,9894"
22460,22460,"4163,2957,1371,1558,3722,10194,10674,6299,8342,8650"
22467,22467,"1290,7120,1244,4929,6971,350,12497,10663,296,12758"
22480,22480,"544,1290,9693,6971,789,2343,1244,9962,1779,5135"
22481,22481,"4798,10326,275,5303,2140,6971,8161,8421,7063,4877"
22484,22484,"13249,2905,9380,8483,717,12611,6326,5497,3514,10337"
22489,22489,"2343,9693,2537,5532,6834,5782,5866,251,5179,6593"
22502,22502,"3464,10674,1244,9170,8475,3238,2769,4958,7120,1779"
22510,22510,"3427,11298,789,5135,9962,4163,6576,2957,6591,8650"
22511,22511,"6220,589,9083,9689,1863,9942,1669,7637,544,5762"
22514,22514,"4798,8483,4277,2140,13346,8590,8922,8421,3950,1912"
22520,22520,"6133,1482,3851,5573,10770,10895,8478,13288,12474,10322"
22546,22546,"2140,2304,2580,9193,8022,11357,5882,240,7824,10721"
22551,22551,"8413,4413,13346,1478,7723,7983,11540,4430,10340,2990"
22582,22582,"11024,11298,9962,8978,11775,3464,10581,12903,2989,5874"
22595,22595,"9942,2343,6220,9693,13296,5545,2140,4798,3870,1978"
22597,22597,"6326,13114,1100,479,2395,8161,13249,10794,7425,1996"
22605,22605,"9768,1783,3894,11010,12952,7128,3428,12341,258,13109"
22618,22618,"1290,4798,7120,544,7679,4929,296,10663,1598,8650"
22641,22641,"544,717,10077,8421,11384,1017,5098,652,1978,4277"
22645,22645,"10326,652,217,350,811,170,4453,9938,3416,10658"
22660,22660,"10326,8562,13346,3950,12857,1328,8421,6220,9455,13110"
22666,22666,"3950,8562,6270,2140,8205,12813,2380,1146,1323,1299"
22674,22674,"7120,4929,789,12497,2916,9962,11918,6243,5135,9101"
22678,22678,"1290,7120,10326,544,4576,8590,12869,4664,10389,9295"
22697,22697,"789,3539,5135,9962,1779,11651,1114,9837,6812,12869"
22698,22698,"3950,10326,2218,3127,7707,3799,2789,4414,11289,5545"
22705,22705,"1290,6971,5303,2140,13296,7120,8922,6220,2380,6302"
22710,22710,"2903,2343,4117,544,13084,9693,9593,3055,796,12156"
22714,22714,"3950,3055,13249,2905,8235,13381,13132,7883,5564,9744"
22715,22715,"275,1978,6971,10916,3055,1220,2990,11289,11784,6962"
22720,22720,"4798,2140,717,8421,8562,11384,5303,8161,12385,5866"
22734,22734,"6971,8562,4277,6302,1017,9668,9229,3138,544,6166"
22735,22735,"6326,6971,8161,275,9637,12026,2140,11540,9580,9128"
22736,22736,"2140,6220,4798,5549,13346,851,13296,8161,8562,9072"
22747,22747,"6220,13296,717,8607,9336,2238,1196,7619,3467,8590"
22748,22748,"10326,6971,7637,9668,2020,12663,12680,2291,4698,6043"
22759,22759,"2343,13346,12665,5866,5303,11000,5545,89,7983,2380"
22761,22761,"10326,2905,5199,2903,2140,6529,8922,12611,3035,5060"
22774,22774,"6971,8590,5199,7792,404,4413,7723,3888,2373,8922"
22783,22783,"10589,11484,10255,3799,2989,9823,10029,9161,5761,9861"
22830,22830,"5495,9693,12470,1220,4798,7707,2537,8608,4388,3799"
22831,22831,"7120,4929,10663,2916,2989,3697,12497,6243,296,5135"
22846,22846,"544,6220,3950,4798,10326,6971,13296,2140,8562,6326"
22850,22850,"1290,1244,789,10147,9962,5135,7856,3737,12811,12762"
22883,22883,"9942,5545,5061,9799,5022,4183,2315,13274,5835,12944"
22887,22887,"4798,13346,544,3950,10326,9693,1220,7707,2140,2411"
22893,22893,"8562,6971,3870,13097,11540,2580,11869,5549,773,6220"
22905,22905,"6220,13346,6504,10924,13134,9786,8221,6925,2370,11740"
22923,22923,"10326,4798,2140,717,8161,810,4277,5025,9580,1978"
22956,22956,"10326,8562,12857,6326,11384,607,773,8161,1996,1210"
22964,22964,"5545,7706,11103,1487,9083,6220,1355,12723,2327,3487"
22972,22972,"1290,10607,11298,7679,4664,1851,83,6610,9730,4277"
22985,22985,"6971,8703,6982,12632,5966,4941,11622,3088,589,13296"
23011,23011,"10326,4798,4277,350,8421,4694,544,10916,2411,2140"
23027,23027,"11298,11024,4664,4576,1863,7619,7679,9101,1779,589"
23036,23036,"6220,10326,6971,5545,9942,544,8590,8562,89,9072"
23038,23038,"4798,3950,6220,13296,8562,5642,10326,5545,13346,8505"
23046,23046,"1290,4798,5303,6971,10326,8590,2140,11969,7120,1747"
23051,23051,"6220,12857,1328,8413,9340,11557,352,11843,976,4277"
23057,23057,"2204,3960,5901,13383,9165,10221,2770,5940,11757,2877"
23062,23062,"7679,8978,12869,4163,11918,4664,2957,11024,1851,10674"
23069,23069,"8562,6971,3950,5303,6270,9404,2140,1323,2380,9733"
23078,23078,"2343,2903,89,13346,3055,9693,6504,1220,8922,12606"
23113,23113,"2218,5532,2343,13346,5866,4416,89,11751,10835,6638"
23121,23121,"9730,4576,1863,8607,12606,4250,4413,5187,862,12944"
23123,23123,"8562,10594,5303,3950,13259,2162,11194,7138,1017,12813"
23136,23136,"5495,6971,13346,2199,10241,11994,9455,12104,9207,12704"
23138,23138,"10326,3950,4798,8562,5303,12665,2380,10916,3317,717"
23140,23140,"4798,1290,5303,6971,13346,9229,5199,8922,7120,3950"
23170,23170,"10326,4798,13346,3950,5303,8421,4277,13249,8590,544"
23173,23173,"1290,7120,5303,2343,10663,89,2989,9295,2916,11298"
23179,23179,"2343,3950,6220,544,2218,11384,10063,8421,7707,13249"
23196,23196,"13346,4798,6220,5303,6326,4277,10077,10138,6433,12857"
23199,23199,"2218,6270,4413,11784,12249,652,4560,1519,13310,6626"
23216,23216,"6971,8161,7578,2291,5549,6522,5303,4101,6561,8235"
23226,23226,"8562,13346,1323,10196,2448,9738,5474,3103,3628,8636"
23233,23233,"10326,5303,2218,8590,275,2020,2238,4698,5149,976"
23253,23253,"2343,3055,10835,1220,9693,3909,8235,7899,2140,5199"
23281,23281,"544,1290,7120,11298,9295,12184,4655,9671,9101,12497"
