ID,user_id,item_id
12,12,"2140,10916,9580,4798,8421,4277,10608,4101,331,10138"
14,14,"7637,9668,5149,2020,589,8981,9564,4698,1863,1487"
17,17,"7480,11461,5241,5352,8149,8093,5796,1328,669,5155"
21,21,"8421,10326,2140,10916,4798,331,6971,11384,4277,8161"
44,44,"1290,10607,789,5135,9962,11775,11024,11298,4036,4664"
55,55,"6751,8562,652,11326,10138,3950,4229,11772,11180,4525"
56,56,"8235,7024,8922,5875,13191,89,6971,7489,6529,3909"
58,58,"2140,6971,5303,10326,8421,1634,4798,4277,12990,6515"
59,59,"4798,3950,8421,6971,13346,2140,1287,5642,4915,1681"
79,79,"2140,5303,2380,6220,9799,6971,4413,3950,5545,8562"
81,81,"1290,7120,4929,4576,2916,10607,4664,10581,12497,11298"
85,85,"8053,10462,560,9799,6971,2380,8205,6445,2140,4262"
92,92,"1290,789,5135,9962,13309,1244,11775,4576,7120,1779"
97,97,"454,3340,4413,3950,4602,931,8235,11784,2910,3055"
100,100,"8421,2291,6899,851,331,10594,2140,6588,6280,11843"
112,112,"9455,1025,6220,8205,5177,1128,6326,10185,8562,3950"
122,122,"11396,3950,4277,7138,8562,9968,1776,3428,12368,10916"
133,133,"8590,3909,2343,5532,6659,11484,9693,13296,10835,5495"
141,141,"8703,7637,5149,2020,3088,1487,9564,8981,1863,4698"
144,144,"7188,1166,816,5238,13330,153,6272,12449,6954,12143"
149,149,"1290,10674,5135,7120,9962,789,296,13309,3697,2957"
153,153,"2140,8421,4798,6220,8562,6971,10326,2218,5303,13296"
166,166,"8235,9532,5001,4715,9375,8590,7024,989,11403,3464"
220,220,"8746,2789,2567,11784,8562,5700,3317,5545,4602,2990"
231,231,"4266,9532,5199,5592,8279,4602,2822,4199,12309,4117"
262,262,"1290,6971,4929,7120,10663,331,11282,12497,6243,9580"
274,274,"6971,6220,2140,8922,1290,2218,13296,12680,12026,1220"
277,277,"6220,5545,89,5485,544,13296,3428,9942,6971,2380"
281,281,"1290,7120,5135,6971,4929,789,10663,12030,12497,1400"
291,291,"1735,8792,2291,5935,7439,10619,1564,1182,1124,10262"
300,300,"6971,5303,6220,2140,13296,9799,4798,10326,1634,2380"
310,310,"31,2140,976,8421,1912,4798,12793,3488,5303,6433"
332,332,"11025,1642,9200,7477,1143,9762,8868,3357,11337,12024"
344,344,"8421,1180,331,11282,1776,1223,4277,10594,11384,851"
359,359,"1290,8922,6971,89,7983,9689,13296,6283,8022,1588"
380,380,"4117,5999,11357,10778,10529,2822,11406,5622,13058,4053"
386,386,"6220,13296,3870,4413,7707,9942,9799,3950,2380,9072"
426,426,"8235,5524,3055,11784,5875,7024,2789,931,5199,7053"
436,436,"8421,2140,851,4277,10326,331,9580,6107,12857,6971"
453,453,"5875,8235,12757,2218,7983,89,7024,12026,6962,6971"
461,461,"6971,2140,789,10326,9962,544,7120,4798,4576,1244"
464,464,"2291,9306,6588,7063,37,2149,3661,4262,4877,8717"
473,473,"1440,8224,6378,527,457,11484,6999,5494,691,896"
481,481,"10326,2158,8421,1210,4694,331,350,217,811,5303"
490,490,"9340,9489,7138,1543,716,811,4566,9870,3770,10391"
494,494,"4413,5545,8562,9799,6220,4798,4430,11540,6166,12331"
497,497,"2957,1558,4216,10674,8810,420,1851,7669,83,9732"
510,510,"2343,10835,5532,6834,3950,4388,4117,8608,3799,10063"
511,511,"8421,4798,12857,10326,2140,10916,6433,9880,1769,8161"
512,512,"3292,6914,6026,3909,772,1290,6834,2903,2530,2281"
524,524,"1290,7120,789,9962,5135,10663,4929,2916,296,3697"
525,525,"10326,5303,4277,8421,2140,13346,6971,9072,10916,9580"
545,545,"8421,1180,12856,7833,1223,6120,1070,10933,10916,6095"
560,560,"3950,10326,8562,7197,8421,6220,6326,10132,9455,12857"
564,564,"2343,6795,9693,6834,7987,2537,8846,5999,12670,5532"
566,566,"9799,6220,2417,12944,13296,10299,454,2380,2013,13110"
568,568,"1533,1598,2380,11886,8221,5303,4915,6326,13346,3950"
570,570,"10429,12606,5976,1863,7707,6220,7706,2327,3487,9937"
573,573,"2140,8421,10916,13346,12385,12680,10063,12857,837,9580"
594,594,"5303,6220,3950,8421,6971,12990,2218,13346,5610,2380"
601,601,"6971,8922,10326,2140,4798,7138,6962,6220,5303,11384"
605,605,"12611,2905,11357,5999,406,3035,785,4053,2330,1408"
641,641,"6220,9942,3950,2380,1598,3428,13110,2218,12606,3870"
650,650,"2218,2140,3950,5303,5545,2411,6220,10063,1220,11000"
675,675,"6220,4413,6971,2990,12026,6141,5532,9799,12665,3055"
677,677,"1290,12030,7120,4929,10663,11117,789,8567,3697,1400"
679,679,"4277,6971,10326,6220,9942,8421,8590,217,13296,12990"
683,683,"8572,8746,4113,11548,4365,2904,5610,6736,11871,5700"
687,687,"5303,331,4798,10326,6220,8421,13296,10916,2140,6971"
705,705,"9340,9771,9306,2291,4877,4277,797,7063,7439,12335"
708,708,"1290,6971,4664,4576,2989,11024,7120,1863,5962,10607"
712,712,"13306,2380,3950,1598,6220,8562,13346,5999,12768,2218"
715,715,"9771,9306,2291,10954,7558,7439,2149,4877,3173,9865"
728,728,"1290,10607,4576,9962,5135,8714,789,11775,11024,11298"
743,743,"8235,11403,4117,2218,3577,3055,2903,4199,7983,10835"
753,753,"6220,8119,8208,4413,8333,12606,5545,8413,7559,1355"
757,757,"9799,5303,5999,2140,12793,3870,10340,1220,12026,3106"
768,768,"220,10986,3340,13346,11622,9733,3055,5199,2380,5495"
797,797,"2343,4388,5999,10835,6795,5532,2771,8608,4117,3799"
813,813,"7637,8703,13228,9668,3122,4205,2847,5342,7713,2020"
832,832,"1290,7120,10663,4929,12497,12030,6243,5135,296,8567"
833,833,"5303,2140,6220,10462,8235,10326,6971,2291,2265,2218"
844,844,"8359,8235,7024,1622,5545,10537,5307,12665,9306,454"
858,858,"4277,544,6220,10326,4576,5303,10607,331,12665,11969"
874,874,"4576,11024,6610,12869,4024,11298,10137,4890,11918,8714"
875,875,"12470,2140,3545,2380,5303,9733,13296,11384,8562,4798"
892,892,"9668,8703,4698,9937,7637,6892,12622,8472,7064,2260"
897,897,"8235,3950,2567,2789,4602,5524,931,1585,3340,12499"
912,912,"1290,6971,8590,12030,331,7120,4929,11117,8567,10663"
924,924,"3413,2327,5485,12606,11402,8956,5061,5976,5258,12905"
926,926,"13296,10429,1487,3088,7792,589,7706,1863,9668,5149"
933,933,"9306,37,4827,647,2291,7383,2264,9178,12404,5303"
944,944,"6220,7707,5545,7723,11540,13346,89,1598,6166,8562"
951,951,"6971,5303,5495,2218,8922,2140,6220,3055,6166,8590"
974,974,"7707,6220,5545,3870,13296,9942,1220,5485,4946,6925"
1010,1010,"9306,5946,13214,12871,383,9771,165,5747,7439,4877"
1013,1013,"7024,13191,12662,11403,7289,12253,3016,3670,6509,7983"
1016,1016,"6971,6220,1937,1290,9942,2380,13296,2218,5303,9886"
1023,1023,"1290,6220,89,9799,13296,5545,4413,6971,7120,7707"
1035,1035,"6971,5303,12665,89,4277,2140,6220,544,789,1290"
1046,1046,"1290,6971,4576,7120,544,5303,1244,10607,2140,11969"
1051,1051,"11615,1487,10429,5149,7706,1863,3088,7637,8981,2020"
1057,1057,"8421,8161,6515,5497,851,7138,5303,2169,1776,12779"
1064,1064,"6971,1290,8590,4929,2140,7120,8922,10663,4387,6243"
1080,1080,"12104,10434,10566,7688,9998,4740,9798,3672,9740,11552"
1089,1089,"4277,8421,10326,2140,811,5303,9580,331,350,11843"
1090,1090,"8421,10916,3950,2140,4798,1180,6899,4786,10138,8161"
1103,1103,"3770,8421,7465,1223,10138,10916,13346,8161,851,9580"
1123,1123,"1290,12030,6971,4929,6243,8302,10663,7120,8567,4387"
1134,1134,"8421,851,10326,5303,11282,6515,8161,331,1776,10916"
1136,1136,"2380,6971,1598,5303,5545,10326,8590,13296,3055,7707"
1139,1139,"1863,7707,3088,10429,6220,8703,9689,1487,5976,3122"
1154,1154,"6220,9942,4414,13296,7707,3428,1598,3870,9072,3950"
1169,1169,"1290,8590,10663,4929,6971,4576,2916,296,6220,1244"
1173,1173,"10429,12606,5149,11615,7707,5976,1856,3088,7706,8981"
1178,1178,"8235,5875,7289,13191,12579,2281,4846,7053,10340,7024"
1190,1190,"2789,2567,12026,8235,9744,5303,3950,6971,10340,9443"
1205,1205,"9799,7723,3106,3950,4101,11540,5303,8707,220,5549"
1217,1217,"4576,11024,11298,4664,3222,7679,10607,1779,11918,11775"
1218,1218,"8608,7964,2343,3909,5532,5545,13296,10835,6220,5866"
1230,1230,"2218,6220,8235,8922,11403,12665,6962,7983,2238,5545"
1250,1250,"8421,851,331,10326,12232,6107,6433,9580,10138,9515"
1252,1252,"5999,10835,11357,8235,2822,9443,10778,5532,4117,12579"
1276,1276,"5999,4117,11357,2822,785,1408,5532,4053,5199,13218"
1279,1279,"8703,1290,7637,5135,789,7120,9564,13309,12030,8302"
1281,1281,"8590,8421,8161,10326,9580,851,3770,3766,4277,9848"
1288,1288,"3950,7707,6220,12793,9733,10063,5303,13346,8562,5495"
1305,1305,"5135,9962,789,6960,1290,10674,1851,10607,83,6811"
1320,1320,"6899,11772,12331,7283,3106,11180,7723,9699,10138,5022"
1321,1321,"5999,2140,11357,2822,5199,8590,10835,4786,8505,11289"
1328,1328,"13296,7707,9942,8590,6220,1937,6659,2870,9729,10429"
1343,1343,"8421,2140,10326,331,4277,9580,12990,851,11282,4798"
1345,1345,"4277,2140,4576,11969,10326,544,10137,2989,10389,1244"
1374,1374,"1851,9732,2957,4163,11020,10607,4664,10674,54,4216"
1410,1410,"1290,1487,8703,589,3122,9564,1863,6893,8869,7637"
1414,1414,"1328,1180,12925,8421,9489,2291,5470,2395,11742,12771"
1420,1420,"4413,5545,9799,9937,6220,4698,2990,5966,8703,12026"
1440,1440,"4266,11660,6018,6819,536,8590,8256,11507,8524,3487"
1441,1441,"3487,10429,5976,2327,7619,10802,1174,12157,6268,551"
1443,1443,"4576,1863,475,10429,11024,10389,9189,1019,7619,7679"
1458,1458,"1290,7120,10607,10674,5135,1244,9962,296,789,544"
1492,1492,"7723,4413,3950,2789,3428,220,3870,2567,9799,13346"
1496,1496,"6971,5303,8590,8421,10326,8161,851,12026,9580,1634"
1499,1499,"8922,8235,3055,1100,2903,12026,7578,10835,220,2443"
1504,1504,"11024,10137,2989,6610,544,10389,10607,4664,11298,4028"
1516,1516,"1598,3428,7707,3950,2140,10326,9072,4277,13346,1210"
1523,1523,"2767,8363,638,11014,12390,10262,11042,509,191,12434"
1534,1534,"2940,5140,7275,6952,3960,2770,7220,6060,10009,3883"
1539,1539,"4576,1290,10389,10137,6610,11024,8590,89,7679,544"
1559,1559,"1290,4576,10607,7120,2989,6610,296,11024,1244,544"
1572,1572,"6220,1598,13296,5545,2218,2380,12665,9942,3950,4413"
1573,1573,"10138,8421,851,331,4277,1180,12857,10916,13249,1776"
1601,1601,"6220,8703,1290,6971,544,1863,6166,9083,7707,5976"
1603,1603,"8746,13126,6630,6502,2108,5610,2443,5700,220,1900"
1604,1604,"4277,1978,3112,217,7197,811,350,3950,8421,5445"
1613,1613,"4576,11024,10137,4664,10389,6610,2989,1244,11298,10607"
1634,1634,"1328,2905,2506,350,12990,9485,6383,1210,504,4277"
1642,1642,"3950,12309,3992,5700,2108,11886,5592,5642,2789,11622"
1643,1643,"1290,7120,6971,10663,4929,2916,1244,296,5135,1863"
1654,1654,"13296,8562,6220,11403,6971,5545,4414,4413,5303,8607"
1657,1657,"11024,4576,10389,10137,12655,4664,1779,1972,4024,7679"
1674,1674,"6971,5199,6302,9229,4117,2903,8922,10835,5999,2140"
1702,1702,"9942,11540,7707,13110,2013,3870,6220,4924,4413,5545"
1719,1719,"6659,4256,8590,10431,12029,6402,1432,7983,11172,1832"
1725,1725,"5303,4798,8562,8421,10326,13346,10138,6515,3950,4277"
1726,1726,"6971,2140,8053,5819,10241,1290,12026,7715,2178,4101"
1728,1728,"6971,6220,13296,7707,5303,2343,4576,4277,10326,544"
1735,1735,"8235,7024,5875,13191,3016,12662,11403,4715,7489,5524"
1739,1739,"1290,4929,1400,7120,10663,8567,11117,4387,6243,12497"
1774,1774,"8421,3950,10916,10326,4798,2140,8562,4277,13249,12990"
1780,1780,"10326,4277,544,4865,11969,9072,217,2411,9942,811"
1799,1799,"4892,13189,2880,5858,12487,1854,2963,9024,406,2981"
1813,1813,"8562,3950,220,2380,11540,8421,5610,4315,6326,10608"
1834,1834,"8221,10340,8636,4482,12578,3950,2038,1378,6899,5177"
1835,1835,"8911,2204,12898,13329,2263,10732,4569,1385,4644,6060"
1841,1841,"5135,789,10607,1290,9962,11775,6811,11298,3539,8475"
1863,1863,"3950,275,4277,1598,3428,12768,9871,2411,3870,4453"
1878,1878,"4413,7723,3950,11800,6154,11737,2990,691,4090,11540"
1879,1879,"5999,2343,10835,5532,3909,7578,6834,11357,12026,2537"
1910,1910,"1290,6971,10663,8922,7120,6243,12497,2140,1400,9306"
1911,1911,"392,8421,2291,9880,3295,2580,11939,12606,10608,8593"
1919,1919,"8607,12264,10909,9562,7323,5545,5669,1007,5057,5230"
1925,1925,"4163,2957,4216,1558,83,1851,6960,10674,4688,9732"
1926,1926,"2957,83,4642,6960,54,11020,3291,9732,4163,9360"
1931,1931,"2940,10107,9850,2158,7275,4993,6859,227,1328,350"
1940,1940,"2140,5303,6971,4798,8421,10326,9580,12990,1634,851"
1968,1968,"8590,8421,851,3770,350,10326,4277,5303,9580,1328"
1981,1981,"2380,3950,6326,9799,4798,9880,5642,2218,3055,12944"
1992,1992,"1290,7120,10663,6243,4387,12497,5573,8567,12474,13101"
1998,1998,"1290,4576,4036,789,5135,11024,10607,4664,11298,11775"
2000,2000,"5135,1290,789,9962,13309,9866,10336,7120,4613,4929"
2017,2017,"8421,4277,331,8161,5303,6971,851,1180,1776,4798"
2036,2036,"5875,8235,12662,8570,13191,7489,8359,7289,5766,12669"
2044,2044,"12156,11357,4436,785,12611,11712,11572,2820,1788,6626"
2047,2047,"1290,8650,4036,10607,4664,789,6591,1779,5135,12903"
2052,2052,"8590,833,11420,8161,851,350,669,8421,2291,10145"
2055,2055,"5495,3545,5760,6082,8911,9375,6060,5494,11484,1213"
2069,2069,"13296,6220,4413,5545,13110,9799,2218,9942,8922,1478"
2075,2075,"4117,5999,11357,4053,10835,2822,5532,1598,10063,2337"
2089,2089,"7833,1180,8421,7197,4911,9489,8161,331,10916,2556"
2093,2093,"5303,11540,3950,3340,6326,13097,2990,8018,9410,3577"
2127,2127,"2291,2140,7063,9306,9340,10462,1240,4877,7715,8053"
2135,2135,"9942,6220,2380,3870,12665,4413,5545,2440,2218,2990"
2137,2137,"8235,7024,5524,5875,1585,11403,7983,10835,7839,12579"
2141,2141,"7707,6220,7792,1863,4413,7491,10429,5976,6166,9570"
2147,2147,"1290,6971,9942,6220,544,7120,5545,5303,4576,10663"
2150,2150,"4277,10326,8421,10916,1017,12857,331,4322,9905,3048"
2153,2153,"6326,10124,8421,8782,10916,11508,13249,4798,9580,6899"
2158,2158,"4576,4664,1244,11024,10607,10137,11298,2989,6610,13370"
2178,2178,"10529,5999,861,5199,2905,6529,10835,5495,5622,3909"
2180,2180,"3950,8562,13346,3428,3766,12768,13150,13249,6326,10835"
2181,2181,"4664,3487,11024,4576,10389,11298,3427,2989,7679,1244"
2193,2193,"4413,5293,11622,380,4602,3340,2789,10340,6982,13381"
2216,2216,"8421,4277,10916,10326,11384,13249,331,10594,6433,7197"
2224,2224,"5303,6529,714,220,5199,10835,8413,3577,2499,2140"
2231,2231,"8235,8922,3909,6962,6971,2343,8590,5199,12026,9132"
2242,2242,"13306,4969,9178,12898,4277,12793,11000,714,4025,9485"
2243,2243,"4117,10835,5999,11357,4053,785,10529,4266,5622,2822"
2247,2247,"13043,4388,7240,13162,4443,8608,8579,6701,7024,5999"
2262,2262,"4576,544,4664,11024,10137,10389,6610,8590,10607,1244"
2271,2271,"13296,5485,10326,5303,8421,13346,6925,837,9937,5545"
2284,2284,"11622,13381,13346,10690,11784,8221,7578,3340,3103,12579"
2287,2287,"8899,10213,2650,8334,2425,7442,10342,11011,10913,12575"
2291,2291,"5999,2140,1912,8575,4411,11357,8421,6588,12026,5199"
2293,2293,"1290,6418,6971,1299,7120,10462,4929,1747,12404,5303"
2294,2294,"4798,8421,5303,10326,9580,851,331,6971,4679,2808"
2301,2301,"2140,5303,8421,6971,12026,8590,851,8922,10326,3055"
2310,2310,"6220,13296,5545,7707,9942,1220,2218,12665,6971,8607"
2341,2341,"6971,2140,5303,8922,12026,2220,2218,12680,1746,10326"
2345,2345,"9732,4024,11024,4576,11918,1851,83,4664,7679,10389"
2348,2348,"1290,10607,789,5135,9962,11775,7120,4664,4576,11298"
2349,2349,"5999,785,4117,5532,2571,10835,3909,6971,1100,4459"
2350,2350,"4277,8590,2140,6971,10326,544,5303,1290,6220,4694"
2355,2355,"4277,8421,10326,331,811,9340,10916,12990,7197,12857"
2383,2383,"12156,1180,8421,331,9733,7916,6626,2158,851,10138"
2393,2393,"2291,9306,13214,5946,8402,10462,7439,4877,9771,383"
2399,2399,"3122,6971,8302,7120,8703,1863,10241,9689,2784,7892"
2421,2421,"2343,5999,5532,2537,4117,6795,5866,10835,5303,5199"
2435,2435,"9447,12483,7024,5524,89,4602,10299,3420,12791,931"
2448,2448,"5875,8235,7289,7024,4715,10835,12662,2220,12669,3055"
2452,2452,"9248,11929,6568,1290,3086,5573,12474,10663,7120,4929"
2464,2464,"7723,4413,12515,1478,3888,10082,9799,3106,5549,8562"
2470,2470,"12191,4588,8236,2063,4692,945,9489,9850,3048,9453"
2478,2478,"6971,12026,7024,5999,10835,6962,5532,89,5199,13191"
2506,2506,"652,12857,10100,13211,11000,9733,10891,10916,7359,560"
2523,2523,"8235,5875,7289,3016,12662,8359,12253,8022,7715,7824"
2527,2527,"1290,4387,5573,4929,10322,12474,12030,10663,6243,8567"
2528,2528,"1598,3950,10340,2990,4798,12857,3870,6220,607,1378"
2530,2530,"8235,9886,11886,1432,11784,13346,5875,2789,3340,5592"
2533,2533,"13310,5482,1453,1286,3870,4413,8235,8188,12887,11784"
2540,2540,"11622,6982,5673,11751,13121,8483,13045,12425,11000,2444"
2558,2558,"2789,2567,8235,4413,3950,2380,931,10340,10778,5545"
2559,2559,"13296,9942,6220,6659,7707,10429,8188,1598,2870,4946"
2592,2592,"6971,9229,2140,8922,8590,10241,9668,6445,5303,10608"
2599,2599,"6971,5303,4277,10326,12990,2140,331,9580,8421,4798"
2608,2608,"6220,4413,5545,9799,1598,9942,7723,9729,7707,12606"
2613,2613,"1290,11298,10607,11024,11775,4036,3539,9295,6811,7120"
2616,2616,"9275,9622,802,10986,9454,9203,4181,10673,7532,36"
2617,2617,"7637,5976,10761,10429,1863,2020,5149,13377,5962,1983"
2619,2619,"7723,3888,2990,8235,11650,10082,2497,454,3055,820"
2622,2622,"1290,789,5135,8554,2885,5142,13309,3737,11651,10963"
2629,2629,"1290,10607,1244,4576,7120,6610,10581,10389,789,9962"
2648,2648,"1290,4576,1244,6971,4664,2989,6610,7120,10137,10389"
2654,2654,"6220,6971,2140,7707,8562,5303,6166,10326,6925,4798"
2668,2668,"10429,5976,7637,7706,3487,1487,589,5149,9083,779"
2703,2703,"4118,8920,3576,4264,7917,8863,4117,801,590,9369"
2710,2710,"4277,9455,8421,10132,2380,5303,8161,1210,6326,8722"
2713,2713,"8235,6971,8922,7578,5303,2199,13346,12026,2343,2140"
2722,2722,"7120,10663,4929,2916,5135,296,789,12497,3697,6243"
2724,2724,"1290,7120,4929,10663,6243,12497,296,6971,2916,8567"
2727,2727,"2140,5303,5386,6971,13296,8922,10241,9799,12680,10608"
2755,2755,"10674,1558,4163,7669,4576,4216,2957,3427,10102,11554"
2769,2769,"2140,1776,331,2585,1996,8562,10916,645,12331,1180"
2776,2776,"4117,11357,785,2571,5999,4459,2822,4053,2218,13218"
2781,2781,"1290,10663,4929,7120,6243,8567,12497,6971,4387,296"
2782,2782,"1290,5135,789,6811,9962,10607,10663,296,7120,11998"
2789,2789,"10835,5199,5999,5532,10529,4053,4117,8505,3055,11357"
2794,2794,"8235,2903,4602,5240,3055,5325,6918,12944,10835,11622"
2804,2804,"10835,8235,2343,5524,3127,11403,7983,708,5875,9693"
2819,2819,"6220,5303,6971,2380,2140,10835,544,5495,9942,12665"
2846,2846,"8922,9668,4698,9937,2020,7983,7637,11615,5149,8703"
2851,2851,"4163,7669,2957,1558,10674,4216,1851,4940,10102,83"
2861,2861,"5908,8421,1996,3977,11843,10473,4266,331,2443,8885"
2862,2862,"13296,6220,9942,7707,5545,89,6971,9729,7792,8590"
2867,2867,"9598,12191,13257,13026,6588,2861,10594,3770,350,3781"
2873,2873,"6971,5866,789,2343,11856,13408,9942,12665,3127,11191"
2880,2880,"1863,5976,7707,10429,589,7706,7637,9083,6220,1983"
2881,2881,"12857,6107,5470,8421,11282,10594,851,13123,2395,10326"
2886,2886,"10279,11639,9340,6515,8575,9409,8205,240,10326,6300"
2891,2891,"3909,4388,6529,2343,5532,8608,7964,10835,1100,4728"
2908,2908,"2291,2140,9771,4877,7439,5747,12476,9306,12758,5303"
2910,2910,"6971,6220,13296,7707,4250,9799,544,6166,1863,5976"
2915,2915,"3055,2789,2567,3577,10340,11751,220,4413,2990,4602"
2935,2935,"8922,6971,13296,8590,6220,5199,11289,5303,9799,3055"
2946,2946,"1290,4576,4664,1244,6971,10389,10663,6610,8922,11024"
2948,2948,"6220,13296,544,8590,7707,4576,2870,8607,4664,1863"
2969,2969,"8235,2218,6217,8076,4602,7442,3340,11784,7705,2533"
2979,2979,"9732,11024,1851,2957,7679,83,4216,11532,10607,13431"
3036,3036,"6248,2769,3464,7220,10009,1317,13071,363,8315,2710"
3050,3050,"3950,8421,11403,11540,2380,6326,9443,4924,9404,12026"
3056,3056,"12191,9848,5020,9598,1948,1328,9568,350,2356,6391"
3061,3061,"8421,4277,4798,2140,10326,10916,9580,10594,851,12857"
3066,3066,"7707,13296,6220,8981,9937,1863,6166,8590,1487,5976"
3069,3069,"8421,8161,8452,6388,8022,1180,482,11053,5534,717"
3094,3094,"4277,8421,10326,331,851,4865,350,217,13150,1180"
3106,3106,"6220,13296,8590,7707,8188,6659,7983,12606,12723,4946"
3110,3110,"1290,4929,7120,10663,8567,12497,2916,6971,296,11117"
3115,3115,"5999,5532,5199,2343,4053,2822,11357,3055,10529,11289"
3136,3136,"6971,1290,6220,2140,5303,544,2218,1220,9799,9637"
3159,3159,"1328,11590,4256,10891,2164,2506,9453,4153,8590,6659"
3166,3166,"5303,2140,4277,10326,6971,6220,9229,2218,13296,5495"
3172,3172,"1290,6971,8590,5135,6283,13309,10963,789,3737,1400"
3200,3200,"8156,4053,8505,4117,1210,12266,9393,11590,1408,2822"
3217,3217,"11540,3950,11843,4323,9733,13346,8421,10340,10326,1978"
3218,3218,"1290,8590,9083,3487,11117,2870,4250,7120,1863,5135"
3229,3229,"331,9340,8421,5326,12404,10242,1996,9072,3112,4277"
3230,3230,"6971,1290,5303,544,2140,7120,8922,8590,11969,10326"
3274,3274,"7063,2140,2291,6971,5303,9306,3089,2264,10462,10795"
3285,3285,"4277,8421,5303,3766,10326,8161,11010,9580,851,12857"
3316,3316,"4413,6220,3428,5545,9942,9600,7723,13306,10468,13110"
3319,3319,"8421,4277,811,4679,4453,350,7197,331,9340,1180"
3323,3323,"4277,2140,8421,3950,13346,5303,10916,10326,811,1978"
3346,3346,"7063,6971,5819,2140,7715,12733,9306,2264,697,9229"
3354,3354,"13346,3565,4243,6220,11540,1684,12831,8794,2978,1978"
3368,3368,"4277,560,5303,10326,331,11843,6220,8421,13346,2380"
3374,3374,"9799,12606,4413,1598,5545,9942,6971,5102,7071,13296"
3391,3391,"8421,4277,12857,1328,10326,2158,350,4798,4025,716"
3397,3397,"8235,5875,11403,2380,10835,8590,3055,7983,5532,5303"
3404,3404,"5149,7706,10429,7637,4698,8703,8981,5976,12723,1875"
3408,3408,"6971,13108,12793,6719,2140,11630,13367,2380,8562,12668"
3416,3416,"3909,2343,8608,4388,6026,7964,8274,5747,6834,1100"
3422,3422,"6971,4798,5303,2140,10326,331,4101,1290,1662,8590"
3423,3423,"2218,8562,6220,5545,12053,3870,7609,544,7706,10429"
3426,3426,"4413,3870,5545,6220,7723,1478,4414,4430,7707,2990"
3436,3436,"6971,13296,6220,5303,8590,10326,2140,8922,12680,10241"
3448,3448,"3990,3221,13114,8561,9953,10473,5393,6515,9341,12434"
3464,3464,"4602,3950,2218,6220,5545,9942,4413,8562,13110,2380"
3472,3472,"1290,6971,6962,89,8922,11403,8235,7120,13296,9799"
3477,3477,"6220,3870,12793,12887,7707,7609,5495,5482,7986,1926"
3488,3488,"3950,8421,5303,10138,13346,4277,10916,6220,2140,10326"
3497,3497,"2380,5199,11784,3055,9799,8590,11751,12793,6220,5999"
3504,3504,"7637,8703,2020,5962,9564,5149,4205,1863,1487,13228"
3517,3517,"5303,13346,8421,10340,2140,3950,4448,12793,2380,3870"
3538,3538,"5495,3545,12668,11115,5303,3106,1037,2140,4262,5214"
3544,3544,"1788,8235,4436,5999,7024,4602,2567,2789,5524,89"
3547,3547,"9455,9234,8562,11871,16,13249,1210,8421,4025,217"
3569,3569,"2140,5303,10326,5199,8421,275,13257,8562,6971,2411"
3570,3570,"7616,5020,4054,1328,6306,1623,7902,6125,13050,7447"
3575,3575,"9771,7063,4411,11842,7439,2291,1543,1592,2140,8032"
3579,3579,"4277,8421,5025,2140,1634,13296,275,6971,10326,5303"
3588,3588,"13296,6220,3487,7706,589,10429,8703,9083,9799,9689"
3592,3592,"9942,2874,1779,10389,12995,4565,4576,7755,13370,5102"
3617,3617,"4798,9580,8421,12857,2140,5303,1634,851,1996,3950"
3632,3632,"8235,3583,12944,4880,11403,2567,12193,8237,7024,10794"
3650,3650,"7063,7383,13214,2291,5946,2065,383,9771,7341,11609"
3654,3654,"7138,8590,2140,10326,5303,2158,2506,350,3809,8421"
3656,3656,"4947,7637,9937,2199,6395,5124,8703,8472,6971,4698"
3678,3678,"6971,1290,1220,8922,13296,5545,6220,89,9072,5532"
3681,3681,"13130,8112,8540,5241,381,6306,4029,7763,2356,9568"
3683,3683,"851,8421,10138,331,4974,976,1776,9580,4798,11282"
3685,3685,"5303,8421,8590,4277,10326,7138,8161,331,12385,560"
3699,3699,"3464,1290,7047,7120,2769,10009,98,2870,7220,6248"
3707,3707,"11047,4413,11103,7892,1935,9336,7637,1863,5149,2020"
3731,3731,"1290,7120,10663,4576,4929,296,2916,6971,6610,10607"
3737,3737,"5673,1180,11405,5999,10100,8421,5177,13257,7710,13413"
3739,3739,"7707,6166,5540,11844,3870,13296,9937,10429,7723,10589"
3744,3744,"3950,11751,3340,13306,2789,13346,454,3055,2567,4413"
3753,3753,"5303,10326,2140,6971,8421,4798,1634,10138,851,331"
3778,3778,"2218,5303,11540,3577,3950,5999,4924,9733,8562,6220"
3786,3786,"5761,3950,609,6899,3870,2789,2199,2993,7723,9937"
3790,3790,"220,5610,5303,11194,4915,11540,13097,11506,13346,3950"
3804,3804,"4277,8819,13259,9340,3628,7197,9489,8421,350,5025"
3805,3805,"3950,3340,220,2789,5610,9443,10340,3577,7578,5999"
3819,3819,"6220,5303,13296,6971,2218,9942,8562,2380,7707,10326"
3827,3827,"1213,5760,9375,516,2414,2732,3269,5103,10536,6060"
3829,3829,"6971,8421,4798,2140,10326,4101,12857,10138,6326,8205"
3841,3841,"6971,2140,5303,9306,10326,7063,2264,10462,12680,13214"
3849,3849,"5135,789,9962,1290,13309,11775,10607,11298,7120,10336"
3928,3928,"1290,7120,296,4929,6971,10663,5135,2916,8590,789"
3988,3988,"2957,4163,4216,9732,11830,9631,6960,11401,83,54"
3994,3994,"4576,4664,1290,6610,789,11024,10137,2989,544,9962"
3998,3998,"3799,995,5610,3950,13346,7087,2411,13402,3112,1572"
4012,4012,"10340,11622,5700,220,5673,3340,4804,8746,8084,12425"
4021,4021,"2140,2291,6971,5303,8161,4798,12990,976,5847,1421"
4022,4022,"6971,2140,331,4277,6220,4798,8562,1634,5303,12990"
4047,4047,"2020,8703,8981,12663,13228,5149,6166,6938,9937,3088"
4073,4073,"1290,4576,4929,2916,6971,296,4664,544,1244,2989"
4099,4099,"6220,544,5303,12665,4576,10137,8590,13296,6610,2989"
4100,4100,"7637,4101,8472,8703,13228,5966,6166,5549,12104,9799"
4120,4120,"3545,12470,3871,1037,12668,12099,3126,6297,9722,10733"
4126,4126,"1290,6971,789,7120,4576,5135,6220,8590,13309,13296"
4136,4136,"8413,10340,8053,2140,2990,6971,11751,5532,11622,6982"
4160,4160,"4163,2957,1558,4216,1851,6960,83,3722,4688,11020"
4173,4173,"5545,6971,89,2567,9942,4576,10039,13296,621,2989"
4177,4177,"4576,1290,10607,8590,544,13297,10137,296,7120,11298"
4183,4183,"4277,8421,331,7197,1180,10326,10916,851,9580,12385"
4191,4191,"1290,10663,4929,7120,6243,8567,4387,5573,4083,12497"
4195,4195,"10916,2140,8562,4798,13249,4492,10340,3112,4679,10326"
4213,4213,"10835,5999,3909,558,10429,10529,2343,3088,4117,6971"
4226,4226,"607,7798,1804,4663,1152,5109,13097,4090,11671,10504"
4227,4227,"1290,7120,10607,9962,5135,789,4576,10581,1244,3539"
4232,4232,"9786,7079,3950,11396,7041,8450,9555,2789,3770,9309"
4255,4255,"4277,10326,5303,8421,8161,9938,811,10916,851,9340"
4258,4258,"3560,475,7345,7706,2113,1863,9125,10429,1190,2691"
4274,4274,"1328,8421,9848,3770,2169,8590,350,716,851,12779"
4289,4289,"6971,13296,1290,7707,9799,6220,9229,8922,89,4430"
4295,4295,"7707,3870,5545,66,9410,13296,7983,1724,8590,6925"
4300,4300,"3992,7087,13306,3950,12768,3428,1210,13346,393,1640"
4334,4334,"7657,7176,941,3968,11017,9904,9346,5856,12825,1358"
4361,4361,"8235,10340,7578,11784,220,11886,2789,8562,1286,3055"
4377,4377,"220,12702,9275,11194,10785,13097,11772,6751,6588,607"
4412,4412,"1290,7120,10663,2916,4929,6243,12497,5573,3697,4387"
4415,4415,"1080,5348,3040,7095,1042,1065,6483,2718,12967,9809"
4424,4424,"8703,9668,2291,1662,7637,9306,4262,9937,10462,5149"
4425,4425,"8421,10594,4277,350,3781,1180,5470,1017,9598,3072"
4430,4430,"8421,4798,10916,5303,8562,8161,4277,2140,10326,12857"
4433,4433,"8421,10340,11772,4798,1996,837,10916,5549,11048,6166"
4436,4436,"9306,10506,7063,5731,7383,3506,1018,2291,697,238"
4458,4458,"8421,6899,851,12793,10138,11622,1180,6588,10916,11000"
4461,4461,"10429,5976,9083,3487,6523,8981,589,12723,1863,11615"
4488,4488,"4602,2567,454,3950,2789,3317,8235,4413,5545,1585"
4497,4497,"1290,7120,4929,10663,2916,6243,2291,13101,12497,8567"
4498,4498,"8421,331,4277,851,5303,1776,9580,12857,10326,12990"
4504,4504,"4398,1530,5067,6848,11362,1388,961,9976,3559,3696"
4510,4510,"6971,6220,9942,5303,13296,8590,9072,10326,5545,2380"
4512,4512,"3960,5027,11337,6060,3193,3169,11395,5901,2204,6269"
4513,4513,"6220,2218,4277,5025,7138,810,6433,1978,12990,5303"
4516,4516,"1290,789,5135,10607,9962,11775,4664,4576,3539,11298"
4526,4526,"6220,12606,7707,13296,8562,9942,1598,4413,12053,12665"
4528,4528,"4413,8562,7723,11540,3696,8153,2990,13346,9799,5022"
4542,4542,"3950,6220,2567,8562,9449,5642,9455,13296,6326,3577"
4559,4559,"1290,10663,7120,4929,4387,2916,5135,3697,5573,12497"
4572,4572,"9799,4413,2789,3950,10340,5124,12800,8562,2380,4101"
4575,4575,"2990,5545,6220,3950,7707,3870,13346,3340,11622,6326"
4583,4583,"4277,8421,217,1180,1323,4025,7197,9309,8366,8483"
4602,4602,"12156,1018,6626,4915,12440,5025,10986,275,12733,13296"
4608,4608,"4576,4664,1290,10607,11024,11298,10389,11775,1779,3620"
4609,4609,"8226,8505,8300,10013,4445,11000,491,5177,2426,13346"
4626,4626,"8235,5524,8359,1286,11403,6220,5875,6529,6638,10835"
4642,4642,"7707,3950,820,9937,2218,11540,5545,6529,4947,12793"
4653,4653,"5545,9410,7707,9937,4698,9799,5339,8235,13110,4430"
4664,4664,"1290,5135,789,4576,4036,9962,11298,7120,4664,13309"
4665,4665,"1290,4929,12030,6243,10663,5573,7120,8567,4387,12497"
4672,4672,"4576,11024,10389,10607,4664,10137,6610,1290,1779,11298"
4680,4680,"10326,8590,8421,4798,2158,2169,6326,2140,9178,1328"
4705,4705,"2789,4117,11751,5999,10340,2567,4413,3340,2910,12026"
4707,4707,"5733,7829,8373,5996,1912,4947,7170,1610,13340,6497"
4711,4711,"8562,5199,4924,13112,8590,7138,2380,12606,6220,5532"
4732,4732,"12665,5199,145,10835,8279,9973,3940,5532,9941,1100"
4734,4734,"1290,6971,4929,7120,10663,4387,89,6243,4413,8567"
4735,4735,"1290,7637,8703,5149,1487,7120,2020,9083,12030,4929"
4749,4749,"6220,1863,5545,10429,5976,7707,3487,7619,8607,13436"
4751,4751,"6971,8235,9886,8922,3055,13296,5303,8590,11403,2140"
4762,4762,"7024,7053,5875,7578,12579,8922,2789,5524,7289,2019"
4767,4767,"8703,7637,9564,589,2020,9668,1863,5976,10429,5962"
4771,4771,"2140,10326,2380,4798,6220,6971,13296,5303,8590,8562"
4773,4773,"11772,9203,2343,7138,1862,11308,6220,544,3428,11643"
4776,4776,"7637,4698,5149,6474,11615,11103,10429,2020,1487,9381"
4783,4783,"6220,13110,9942,13296,5545,13306,9072,1598,7087,6659"
4788,4788,"10340,7833,4798,4448,12857,10473,9880,11282,10916,10841"
4808,4808,"1624,220,13257,3992,4308,5533,10470,6212,10340,11194"
4810,4810,"6971,6220,3950,2380,3870,9799,8562,4413,13346,3428"
4818,4818,"5642,11540,3950,8421,13346,10916,9880,9602,7197,1478"
4823,4823,"12606,475,987,6062,2327,10177,11908,9337,6220,8846"
4829,4829,"11622,2102,5673,4413,11795,4436,503,1788,6982,10040"
4842,4842,"6166,6220,7707,9799,8188,12606,12331,3138,5303,2373"
4859,4859,"5999,11751,454,11622,2990,3950,9942,4602,10835,3870"
4866,4866,"8590,1290,2870,1863,7491,13296,7120,12339,9083,6218"
4881,4881,"4277,8421,4798,4865,10326,6326,12990,6433,6220,3950"
4908,4908,"8703,7637,589,5149,1487,3122,7706,1863,4250,8981"
4910,4910,"1290,4929,2916,12497,296,3697,6243,8590,13101,13309"
4922,4922,"8421,6220,10326,4277,2140,5303,275,217,9455,1598"
4942,4942,"544,789,9962,5135,1290,4277,1244,5008,9866,13309"
4976,4976,"6220,2218,6971,5303,8922,10326,9072,89,12665,544"
4993,4993,"7706,1863,10429,5976,7491,3487,7637,589,7707,5962"
4995,4995,"8421,331,1776,3295,8161,6107,851,10594,10916,10326"
5020,5020,"7679,3464,8590,12339,4861,4277,1328,1210,6248,2870"
5040,5040,"8562,8421,5303,4786,2380,12990,10916,6326,10608,13249"
5048,5048,"9306,37,2291,7383,12733,4749,647,6665,4937,2149"
5058,5058,"2343,10835,5532,4199,6795,4266,3909,5199,4117,5422"
5067,5067,"10594,8421,4277,6107,6326,10326,8562,11000,9455,560"
5087,5087,"5999,2140,11357,2218,3950,5303,6971,8562,2380,12793"
5090,5090,"7024,5875,7289,13191,4715,12253,7489,8359,11403,5524"
5102,5102,"9306,13090,13214,12871,5946,2065,12322,2291,7341,2300"
5103,5103,"9799,4413,2990,6971,6220,11540,5549,8562,5303,2789"
5105,5105,"1487,10429,5149,1863,3088,7637,5976,7706,12723,9083"
5108,5108,"9443,11406,13404,2789,8746,3950,10340,4053,12771,11622"
5119,5119,"7707,6220,2327,7912,4413,13296,12099,9729,7892,1783"
5120,5120,"8590,1290,4576,13296,7120,2870,544,11969,6971,10389"
5124,5124,"9598,8032,2861,13193,7063,10594,11282,4377,3434,6665"
5132,5132,"1286,11784,8413,2218,5761,4413,11540,7558,11622,11994"
5138,5138,"4576,10607,11298,1779,7383,10389,3238,8635,11024,3222"
5144,5144,"10326,8421,4277,9580,2140,5303,6433,5485,11843,13257"
5159,5159,"10326,8421,1776,6971,811,851,2411,3950,6220,9072"
5167,5167,"2218,3992,7010,714,6220,13310,9733,8590,4602,7087"
5175,5175,"2291,2169,8421,2140,7138,12857,8161,13026,9771,13300"
5176,5176,"1290,7120,10663,4929,2916,1244,12497,5135,9962,789"
5185,5185,"8235,7024,4602,5875,3340,3950,7053,3055,8359,2567"
5189,5189,"2789,4947,11784,8235,3950,2567,454,9443,12579,3317"
5191,5191,"7024,8235,931,8562,4413,321,4880,6441,13004,5524"
5206,5206,"8703,13296,9937,9668,8043,6971,6220,5549,5303,4698"
5213,5213,"5303,2343,6220,5532,5545,9693,1220,2140,6971,8590"
5224,5224,"4277,8590,811,331,5303,2140,1210,1328,4798,7138"
5226,5226,"6971,1290,4576,544,12665,89,8590,2343,7120,6610"
5241,5241,"1290,10663,7120,4929,2916,789,5135,9962,6243,12497"
5264,5264,"4576,4028,11918,1290,6610,10389,10137,4664,12655,11024"
5268,5268,"8421,11843,2140,6971,851,5303,8161,4679,331,12758"
5270,5270,"6971,9799,13296,2140,8590,6220,8922,5303,2380,8562"
5287,5287,"12156,6626,12392,10175,1127,12378,9573,9775,3423,13063"
5314,5314,"7637,9937,9799,8703,2020,7723,5549,4698,5762,6220"
5318,5318,"7637,10322,1308,5573,2020,13265,8703,2339,6585,4720"
5326,5326,"5149,8981,7637,7706,6166,3088,12723,8703,6892,10429"
5336,5336,"10950,13097,883,3667,9523,12787,1564,4567,5177,5240"
5343,5343,"5135,789,9962,1290,13309,4664,10336,10607,7120,11775"
5347,5347,"4413,9942,5545,6220,9637,13306,4602,3799,2013,2343"
5354,5354,"7063,9306,4053,2140,7084,37,11010,4615,2291,1889"
5356,5356,"9799,10326,4798,8520,8562,8205,5549,2140,4413,9602"
5367,5367,"4413,9689,5149,6971,4430,4250,2213,89,9799,10429"
5373,5373,"11622,6326,11751,8235,3577,4924,7578,13296,6982,2199"
5385,5385,"8590,9083,9937,7637,13296,2020,2870,7706,12339,1863"
5458,5458,"4413,6154,454,7723,5096,2990,9463,11800,8221,8321"
5463,5463,"2140,6971,5303,8421,4798,6220,10326,12680,13296,10241"
5471,5471,"10607,11298,4664,11024,6811,1779,4036,83,4552,10581"
5476,5476,"9306,4101,8922,7063,1662,3138,6037,4633,9132,8703"
5484,5484,"10340,7578,13346,9886,2789,3950,1378,4846,2567,8300"
5508,5508,"789,1290,9962,5135,4576,10607,1244,11775,13309,7120"
5513,5513,"4413,9799,6971,2140,6220,12026,8922,7715,8413,4943"
5520,5520,"4277,10326,8421,331,9580,811,9072,716,2158,12990"
5524,5524,"9729,5495,3870,8611,7707,10153,6484,5022,10913,12470"
5539,5539,"2990,8413,11751,7983,6982,7723,4413,5303,8333,12632"
5554,5554,"5829,8957,4648,5431,1947,2887,11624,8363,6183,38"
5564,5564,"2169,1408,12857,4277,8421,851,3770,5303,2140,4798"
5595,5595,"11384,8452,5303,9733,2140,12990,2380,8421,9004,2218"
5601,5601,"10462,2291,2140,7063,7439,6971,9306,8053,8022,12026"
5602,5602,"6515,9799,12331,4101,10138,12857,8161,4798,4413,1478"
5618,5618,"5826,1290,10663,7120,12497,6243,2916,7176,4387,8567"
5643,5643,"8235,11357,10835,3909,10778,5999,5199,7489,7578,5422"
5644,5644,"6123,2905,4444,1788,560,12665,11572,2199,11726,10410"
5651,5651,"2218,5303,6971,3950,12793,6220,3275,12835,8922,2380"
5655,5655,"5495,3545,5999,12668,3340,491,5293,11622,3871,8413"
5658,5658,"3596,10841,9030,7425,4101,3515,4002,1662,11396,603"
5660,5660,"11001,992,7138,275,7908,7983,652,11817,5137,13401"
5662,5662,"2990,6220,4602,2746,5545,12368,9410,931,1598,9942"
5670,5670,"9880,8421,13346,6588,5497,2291,8161,7578,6270,12857"
5676,5676,"789,9962,1290,6811,5142,4036,10607,2885,9405,10674"
5680,5680,"2990,3888,9799,10082,1478,11048,2380,11540,454,5545"
5698,5698,"2343,6220,1220,4576,9693,6795,11969,9072,5545,13296"
5710,5710,"5999,11357,4117,5532,785,4266,4053,2822,10835,5303"
5723,5723,"11024,4576,12995,1779,11298,6610,10137,2989,11918,7679"
5742,5742,"4388,10835,5532,2343,4117,4199,8608,5999,7807,9693"
5748,5748,"3870,3428,6220,2789,11540,5485,1978,11599,9942,13346"
5750,5750,"9799,8235,6971,4430,6220,4413,3055,8922,2380,12026"
5787,5787,"5999,10063,3950,7899,2905,4053,4117,11622,5177,13346"
5798,5798,"2343,5303,13346,2140,6638,4388,9744,1978,12990,7558"
5799,5799,"9306,5946,2291,383,8402,165,11692,2300,9771,7439"
5815,5815,"8608,789,9962,1290,7964,13309,10336,4451,10607,11775"
5822,5822,"2218,3055,1286,6418,12156,5303,1299,9886,13310,10835"
5834,5834,"1286,10031,12665,8922,8205,6220,3908,6971,9550,8235"
5846,5846,"6971,4277,10326,5303,4798,393,2789,2380,8421,3055"
5858,5858,"11726,4436,5700,5999,1408,1536,10340,1996,2905,4101"
5882,5882,"5303,10326,4277,8421,12990,2140,4798,11969,331,8161"
5892,5892,"9449,2567,11784,8235,454,9443,220,1700,10340,3992"
5897,5897,"3106,10340,5549,8413,5303,4413,12026,12793,2199,4448"
5898,5898,"4413,11751,3870,11048,11772,6166,7707,10340,5673,5761"
5902,5902,"12130,1847,5002,1631,2108,4039,9358,1853,5149,9796"
5919,5919,"1290,6971,9580,544,10326,8161,331,4277,4576,2140"
5934,5934,"11524,4384,992,6505,12485,9097,5518,11682,6252,4976"
5946,5946,"1290,10963,3737,7856,3697,12030,6971,1400,12497,6243"
5965,5965,"8707,13112,12132,10410,861,5199,1099,3247,9454,12305"
5995,5995,"3428,11384,4277,9455,5642,12404,3950,8421,5545,6326"
6005,6005,"4576,5303,8590,6220,544,2343,13296,6610,5532,6971"
6006,6006,"4413,5545,7707,9799,2990,8235,89,9942,6220,3950"
6013,6013,"8562,6326,13346,12990,3950,6433,9880,10326,2380,6107"
6016,6016,"3950,5999,4117,10340,8505,1408,4053,5964,11357,13346"
6023,6023,"10663,7120,6243,8567,12497,4777,13101,5573,4387,8355"
6052,6052,"4117,5532,11357,10835,5303,6971,3055,3950,5199,2218"
6056,6056,"6971,2140,8590,10835,5532,8922,5199,5303,1220,544"
6059,6059,"5303,12680,6220,851,2140,8421,6971,10326,10138,4798"
6064,6064,"5999,11357,785,4117,4053,2571,11712,10835,2822,5199"
6091,6091,"5999,10835,4053,5199,11357,8235,11406,5532,3055,1100"
6112,6112,"7120,10663,2916,12497,296,3697,5135,6243,10607,789"
6133,6133,"1100,10835,4266,5199,5532,11289,6529,773,3909,3950"
6150,6150,"4843,7167,10340,13061,12309,5813,52,5591,7532,8538"
6155,6155,"2140,10326,5303,12857,4798,8421,3950,2158,4277,1210"
6157,6157,"8421,4798,2140,12857,8161,9580,10326,851,10916,331"
6212,6212,"8285,3094,11845,7868,10156,4010,12277,1595,13306,11266"
6218,6218,"8421,1328,11000,851,12857,1180,5610,4277,3950,7835"
6242,6242,"275,13296,8590,10326,2140,560,5303,4798,1634,6971"
6243,6243,"2140,10326,5303,1776,8421,331,11384,4798,8161,10916"
6260,6260,"2218,5303,12331,2291,12632,2140,3488,6751,8593,5091"
6262,6262,"13097,12225,11930,3,2815,7774,10473,11966,9859,11843"
6278,6278,"2140,5303,7578,2218,6971,12099,8205,8922,851,8421"
6280,6280,"6220,11784,11194,11506,2380,2990,5610,10785,9455,3950"
6287,6287,"2140,2291,6971,8922,9306,7439,8402,7063,10241,13214"
6305,6305,"8161,8421,851,12528,717,6107,6588,4798,6515,4277"
6320,6320,"6971,1290,8590,8922,13296,2140,5303,2380,7120,6220"
6339,6339,"8205,11751,9886,8235,12632,1286,2220,13121,6302,3340"
6360,6360,"7138,6220,5303,6971,3870,11000,2218,544,2140,4277"
6370,6370,"9733,5303,6220,10326,9072,3950,4277,12793,1598,2140"
6376,6376,"4277,10326,8421,6220,2140,4798,5303,13296,331,811"
6378,6378,"7120,10663,1244,4929,2916,4576,6243,296,9295,4664"
6379,6379,"3950,2140,8205,1634,4798,2199,5303,8421,12857,621"
6398,6398,"2343,6834,3909,4388,8608,6795,1892,2537,785,5532"
6422,6422,"11396,4947,7723,4413,6395,8183,454,12331,1957,5124"
6424,6424,"11484,398,11784,5676,7989,8157,5972,10589,11707,9719"
6436,6436,"2770,6952,9482,4569,12447,10221,9258,3960,5494,12024"
6454,6454,"8608,7964,2343,3909,9132,8274,5532,9693,6795,6026"
6464,6464,"8421,851,5177,1223,11843,331,10138,1180,10916,4277"
6479,6479,"4011,3950,5642,4602,3340,9053,12278,10132,6141,11264"
6485,6485,"7637,8703,5149,8981,2020,1487,589,1863,13228,12663"
6488,6488,"4413,5545,9729,3870,1478,2990,6220,3509,1585,931"
6490,6490,"7723,3888,4413,2990,5549,10082,2335,3147,10990,6482"
6498,6498,"3950,6529,11384,6220,1978,12680,3055,5303,10326,7707"
6533,6533,"544,10326,6220,8590,2343,13370,12665,6610,10137,13296"
6577,6577,"11384,4277,3950,10326,8421,5303,9580,331,4025,12857"
6579,6579,"8421,331,851,4974,8161,12857,10326,4277,4798,1776"
6583,6583,"6220,6971,7707,4413,9799,9600,3950,8590,1598,13296"
6597,6597,"9799,8562,6220,5303,13296,5999,2380,13346,6638,5485"
6599,6599,"6971,6220,5303,2218,11403,8922,8235,12944,9799,89"
6607,6607,"2380,3950,13346,8562,6220,4413,5303,2218,9942,4414"
6613,6613,"3950,8562,2789,5303,4602,3340,13306,3577,3317,6220"
6622,6622,"1290,9295,8590,2885,7024,89,8922,11024,5135,7120"
6637,6637,"7303,5165,1361,5823,10304,11406,12842,7723,10082,10835"
6644,6644,"4277,5303,1978,12990,10326,2140,13296,6220,2218,12857"
6651,6651,"4576,10607,10389,11024,4664,1779,11298,4024,3222,6610"
6674,6674,"2218,10340,13112,3950,9443,4053,11357,2789,6260,2220"
6683,6683,"2343,10835,9693,4266,3909,8279,5199,11289,2903,6834"
6686,6686,"1863,12067,1290,10429,3487,5061,7892,4413,6220,89"
6707,6707,"10835,4117,4053,4199,5532,2822,8279,5999,6220,4266"
6724,6724,"10429,7024,1863,5875,5976,6456,1487,8235,12606,9336"
6729,6729,"6220,13296,4413,5545,1598,9799,3870,275,3950,6971"
6739,6739,"438,298,11622,6982,2990,4413,12632,11751,4602,5673"
6756,6756,"2140,10916,3950,10138,12793,8161,8421,5303,1996,2958"
6764,6764,"13296,6659,4256,7484,8590,11012,6925,10431,5386,3770"
6768,6768,"13296,6220,5545,275,9942,8590,1598,3428,4414,12665"
6787,6787,"2218,3055,10031,9550,8235,3340,8922,2789,2449,5549"
6808,6808,"1290,4576,544,1244,789,10607,10137,4664,11024,5135"
6811,6811,"2004,5676,2202,2140,544,7232,13110,10785,1941,9895"
6812,6812,"13296,7707,8562,5545,1598,5303,3870,9942,3950,4413"
6831,6831,"5303,2140,9668,6220,13296,4413,6971,5485,10241,7983"
6833,6833,"7024,13191,4606,8235,5524,11403,2019,12550,10023,4715"
6840,6840,"5819,2291,7824,2140,7715,7439,9306,2357,9085,8053"
6842,6842,"1290,5135,789,9962,13309,7120,2916,10663,6811,10607"
6855,6855,"4576,11024,10137,6610,10389,10607,11298,1290,2989,4664"
6869,6869,"8421,10326,2140,851,3171,1776,5214,4277,4798,1180"
6874,6874,"6971,8703,7715,8053,589,3122,9799,7063,11609,1487"
6879,6879,"5999,5199,4117,8235,1100,5532,3909,8279,10835,5622"
6885,6885,"5673,11622,6982,9870,36,4566,5700,10410,7710,8697"
6886,6886,"6220,8788,13296,5545,12264,3950,13346,9455,10273,5485"
6902,6902,"4277,2140,851,10326,8161,9580,12990,1776,4798,11282"
6908,6908,"1290,4576,10607,4664,9962,10389,789,11298,5135,6610"
6911,6911,"2567,12611,2789,3950,4277,5494,10491,9942,2905,11484"
6912,6912,"3950,5545,931,4602,3340,8279,454,4413,5124,4947"
6919,6919,"1290,4576,544,1244,6610,6971,2989,11024,4664,7120"
6926,6926,"7673,8899,11506,9786,13168,10035,6287,2049,3340,5700"
6934,6934,"220,3317,3992,9443,11784,2624,13261,3950,13249,11751"
6935,6935,"4277,2140,4798,8421,10326,1978,10916,2158,13257,9340"
6939,6939,"4413,5549,6166,6971,9799,4430,9937,8413,12026,6220"
7000,7000,"6220,7707,5545,9942,12665,3870,12606,5495,5199,8562"
7003,7003,"2343,8590,811,275,5866,4555,2140,10063,5532,4277"
7005,7005,"331,8421,1776,811,11384,10326,1180,1592,851,1328"
7042,7042,"11843,8421,2140,6141,10916,5303,12026,4904,3950,1996"
7045,7045,"2140,6134,1426,8562,8452,2905,12611,8746,8421,9968"
7047,7047,"10429,8703,1863,5976,3088,1487,7637,5149,12723,5962"
7053,7053,"3967,10429,12606,1487,10098,7892,5976,1863,6166,9689"
7063,7063,"2905,8421,9489,1180,4679,3035,220,7197,13249,1640"
7067,7067,"4277,5025,10063,11084,5121,9507,4557,3112,864,1634"
7071,7071,"8421,4277,10326,5303,1017,12857,2140,851,12990,331"
7078,7078,"5999,2140,12793,5495,10262,3950,1889,7138,773,5532"
7109,7109,"3870,13346,10262,1355,1598,13110,3189,1726,855,9729"
7118,7118,"4798,8421,12857,11010,851,11282,9602,6899,10916,6141"
7129,7129,"1290,7120,4576,1244,2916,4664,10663,789,5135,13309"
7133,7133,"2082,3416,12404,9938,10326,4056,9176,4796,6365,8421"
7139,7139,"8922,6971,10464,1290,9229,769,6962,302,13309,8590"
7142,7142,"6220,8562,2140,1598,5303,13211,5545,7558,3950,2337"
7146,7146,"5999,10835,5199,5532,8922,4315,11289,5303,2343,8590"
7172,7172,"8421,331,851,11843,8161,10916,1776,837,4525,4277"
7181,7181,"64,10063,12967,544,89,9064,1664,2343,5303,5794"
7195,7195,"4277,2140,10326,331,851,6971,4798,8161,12990,9580"
7197,7197,"5545,8562,13346,4414,5022,3950,6925,3870,5642,3428"
7203,7203,"1290,7120,10663,4929,5135,789,2916,296,10607,9962"
7223,7223,"2990,560,5303,2380,3950,11751,10916,6220,4798,6326"
7235,7235,"2957,4216,10674,3722,8650,4688,8342,789,420,9962"
7236,7236,"544,2140,6971,5303,2343,10326,8922,11969,4277,7120"
7237,7237,"8703,7637,2020,5149,1290,3088,9564,9083,7713,8981"
7255,7255,"1290,8590,6971,7120,10663,4929,12497,6243,9295,2885"
7297,7297,"6971,6220,5545,10835,9942,5485,3950,13296,5999,5532"
7320,7320,"5999,1788,11726,11357,11572,4117,12793,2218,12611,4053"
7323,7323,"10835,2343,8235,2903,11403,64,2218,6220,4199,5199"
7326,7326,"8590,2140,7138,2291,5819,6971,5731,5303,10463,976"
7343,7343,"8421,9340,4277,350,8161,10594,331,9580,2169,2158"
7363,7363,"1230,121,4413,8922,3055,7707,6971,2218,9799,3870"
7364,7364,"8235,12274,1049,13346,5497,13381,931,12943,9799,11403"
7366,7366,"1598,12417,6087,3799,9908,12282,5545,3950,854,2645"
7372,7372,"3055,5999,8413,2380,11289,11784,10778,4413,13058,220"
7399,7399,"10429,3487,589,7983,1863,6961,2058,9689,5976,1487"
7402,7402,"2218,6220,5303,6971,7983,8235,2380,3055,6166,13296"
7406,7406,"4262,5441,11693,11886,2373,4842,10923,11994,12944,6892"
7421,7421,"544,13296,9942,6971,12665,2218,275,89,6395,9072"
7425,7425,"1290,6971,1863,7120,13403,6220,9799,13296,5962,10326"
7431,7431,"8421,1223,7833,851,10916,12857,331,2140,1912,2808"
7447,7447,"8421,4798,10138,9880,9443,10340,6326,11282,6515,4101"
7451,7451,"10429,5976,1863,7707,3487,5545,589,6220,2327,11103"
7453,7453,"6971,7120,8302,1400,4929,12030,12497,10462,5135,10663"
7456,7456,"789,9962,1290,10963,3737,1400,953,9405,3697,10336"
7484,7484,"1290,7120,10663,6971,4929,5135,789,1400,4387,1977"
7486,7486,"2218,5999,6220,2380,3055,6971,10835,3950,5532,5199"
7505,7505,"1290,7120,4576,4664,1244,10389,1779,10663,544,2916"
7529,7529,"2140,9699,3488,10916,4608,240,9098,8562,2291,6588"
7532,7532,"4576,11024,10674,10607,3427,11298,4664,6610,1851,10389"
7548,7548,"6220,2218,12665,8562,9942,5303,2140,5545,7707,2380"
7550,7550,"1328,11843,9404,811,12278,3950,4025,10891,3774,3141"
7557,7557,"8421,10326,851,4277,350,1776,4798,10138,12779,1328"
7574,7574,"1290,5135,789,9962,13309,7120,13024,6811,10663,11299"
7586,7586,"7637,8703,2020,5149,5976,1863,8981,9083,12704,9564"
7592,7592,"12204,3960,2291,2857,2334,13360,6060,9482,8356,3705"
7594,7594,"4413,7723,8413,1202,3950,12575,10986,11540,2497,10082"
7600,7600,"2905,5999,7547,1996,4416,3035,11357,8421,2337,11406"
7601,7601,"8421,2140,5303,4798,8161,10916,851,331,10138,1180"
7642,7642,"4277,5303,544,9072,1290,6971,6220,1244,12665,1776"
7647,7647,"10986,11326,1645,6220,9128,7466,5642,8413,10124,2048"
7650,7650,"1912,5303,8413,13381,12793,220,5610,8562,6137,6220"
7660,7660,"4576,10607,6610,10137,4664,2989,11024,1290,10389,11298"
7682,7682,"5303,6220,2140,10326,6971,8590,8421,275,9799,560"
7712,7712,"6220,5545,13296,544,13110,6971,4576,12665,9600,7707"
7728,7728,"11000,6824,6560,12857,9953,8819,10138,6899,2395,10594"
7763,7763,"13296,6220,5545,3870,8562,4414,5303,3317,2380,2218"
7764,7764,"6971,8922,6220,5303,2140,12026,2380,3055,1598,12665"
7765,7765,"4576,11918,11024,3222,2989,10137,4024,10607,3238,11532"
7768,7768,"931,7723,2984,4413,1415,1598,7948,2990,5096,10082"
7776,7776,"789,5135,13309,9962,11143,6811,475,10336,1290,11117"
7834,7834,"3968,1390,7044,222,4843,5239,13014,1546,12541,10280"
7850,7850,"8421,4277,1996,2140,12385,5999,331,1912,12857,7197"
7860,7860,"1290,4576,7120,10607,11024,6610,296,11298,10389,1244"
7879,7879,"6971,12026,2140,5303,8421,9098,1912,6515,8590,11282"
7892,7892,"1290,4576,11024,789,5135,10607,544,10137,5532,5199"
7895,7895,"7705,13346,6982,9937,11751,2380,5673,10986,11180,11622"
7901,7901,"5303,4277,2140,8421,10916,6971,12990,11384,1634,6220"
7922,7922,"4277,1598,11495,6220,9072,217,560,5098,2158,12665"
7927,7927,"5303,6220,6166,8421,10326,6971,2199,11969,8562,2218"
7931,7931,"5303,2343,2140,6971,1912,5999,13346,10326,8922,8590"
7938,7938,"5999,11357,4117,785,2822,4053,2571,12470,11712,2905"
7942,7942,"4277,6220,1978,6433,9871,5025,3950,217,811,12990"
7964,7964,"12368,3992,2489,4602,1585,10913,13253,1817,12417,11622"
7982,7982,"1723,10835,5199,7707,10546,4602,11751,2903,3055,8505"
7988,7988,"1290,8302,12030,11117,1400,4929,7120,2784,9405,8567"
7992,7992,"8421,4277,4798,331,12857,2140,12990,851,10916,5303"
8005,8005,"3909,8922,7578,10835,9132,1100,6529,2140,6971,3055"
8019,8019,"3464,6248,10009,13071,2710,5504,12458,4619,7681,6201"
8026,8026,"6220,4413,3950,1598,3870,9455,9729,13346,6326,2380"
8028,8028,"4388,2343,8608,5532,10835,5999,6529,9693,5866,5199"
8085,8085,"6626,12378,11635,2205,6503,10395,1947,9509,3907,2952"
8103,8103,"7024,8235,13191,5524,11403,5875,12253,8359,7289,4602"
8108,8108,"5626,8421,11843,837,1640,8569,3950,5913,4915,2369"
8137,8137,"5532,3909,4388,2343,8608,8590,5866,6971,6529,7964"
8138,8138,"13346,12857,8421,7138,11540,6326,8562,1978,4915,10326"
8139,8139,"2905,5303,8421,3035,10326,1996,9733,331,4798,5999"
8148,8148,"6220,13296,6971,8590,2140,10326,9942,4277,2218,5303"
8150,8150,"8235,5303,6220,2140,11886,8922,12026,2265,2199,7053"
8160,8160,"1290,4576,544,6971,10607,1244,6610,2989,11024,10674"
8175,8175,"9676,11639,432,10495,2952,3319,5956,4733,9430,11173"
8191,8191,"1290,7120,5135,12497,10663,13309,4929,3697,9962,296"
8198,8198,"6220,6971,10326,2140,4798,544,7138,3055,2218,11969"
8202,8202,"4576,6610,11024,4024,7679,12995,10137,11298,3427,11918"
8233,8233,"8235,5875,8590,6971,7010,8922,5980,9886,953,10835"
8251,8251,"2260,443,737,11746,7164,2291,11076,403,1031,4282"
8252,8252,"8421,331,10326,9580,8161,1180,4277,851,2140,717"
8265,8265,"5303,2140,6971,9668,8590,9937,6166,8703,6220,10326"
8267,8267,"8421,5303,8161,1912,7138,851,7833,4322,5386,2169"
8268,8268,"3770,5881,10121,6326,8454,8562,2557,12725,220,3950"
8294,8294,"4388,8608,6971,3909,10835,5532,5999,2343,10063,8922"
8299,8299,"789,1290,9962,13309,3290,8506,9405,11117,11143,9866"
8302,8302,"2140,4798,8421,9580,4277,10916,851,1223,6515,12857"
8303,8303,"1290,4929,12497,789,5135,8567,12030,4387,13101,3697"
8323,8323,"6971,5532,8590,5199,5999,12680,3909,6529,2220,12026"
8327,8327,"8235,11403,2218,8922,5545,4413,89,6220,2567,6971"
8331,8331,"3950,9733,2789,11484,12029,3317,6402,1432,12268,6659"
8332,8332,"789,4576,5135,1290,10607,1244,6610,11024,11298,4664"
8334,8334,"11572,11726,5610,6220,3950,8746,3992,11000,5700,8084"
8337,8337,"1290,1244,4576,7120,544,10389,10607,8714,13370,6610"
8341,8341,"5999,10340,3950,2789,11622,9443,11357,4117,3340,1408"
8361,8361,"6971,4101,2199,13296,5545,5762,9799,8472,7723,7138"
8369,8369,"10481,9733,2411,2140,2905,9072,7338,10568,5532,1825"
8378,8378,"8421,8161,6971,2140,5999,5532,976,6280,1180,1912"
8407,8407,"7679,3464,4576,2769,1779,11024,9732,10389,13370,7047"
8419,8419,"9306,7383,4576,1290,383,5946,13214,4664,7063,10776"
8424,8424,"5303,8703,3088,6971,9668,13296,589,4250,9799,1863"
8425,8425,"8421,2140,1912,851,5610,5303,10138,10916,1180,4277"
8438,8438,"1290,5135,11117,7120,12030,789,9405,1400,9962,4929"
8447,8447,"8421,4277,331,9580,851,1180,2140,10326,8161,12990"
8458,8458,"2291,1240,9771,9306,5946,5747,4877,12096,797,12869"
8463,8463,"5303,8421,10326,2140,4277,6220,6971,1912,8590,9072"
8471,8471,"6971,5303,2140,3055,8922,8235,7578,12680,6515,9744"
8472,8472,"4576,1290,1851,4664,10674,10607,11024,83,10389,6576"
8477,8477,"6971,5303,10835,2140,5199,6529,8421,5532,1912,2220"
8478,8478,"8235,6971,2140,2343,10835,6529,5532,9132,6795,7578"
8483,8483,"1290,789,5135,8302,10963,3737,13309,9962,11117,1400"
8496,8496,"6971,5303,12875,8922,2380,8590,8205,8562,9799,6220"
8497,8497,"1598,811,10326,8562,8421,2905,3950,5610,12857,2380"
8501,8501,"10340,7723,9799,5549,7578,12026,4947,8472,2199,11784"
8506,8506,"3950,9942,6220,5999,10224,5545,13306,8562,5177,11406"
8520,8520,"8421,5303,10326,4798,2140,10916,6971,11282,12990,331"
8524,8524,"4576,4277,10137,10389,1290,6610,10607,12665,544,4028"
8531,8531,"8421,4277,13346,5025,4798,12404,12990,11540,9340,1978"
8556,8556,"350,1634,5303,4277,9580,9340,1017,10326,544,6220"
8579,8579,"4576,11024,10389,6610,10137,3238,10607,11298,2989,11918"
8585,8585,"5545,6220,7707,12606,12944,7983,1598,1863,1433,13296"
8591,8591,"6220,5303,13296,2380,2218,6659,8590,3870,5545,4413"
8592,8592,"1290,7120,4929,10663,6243,8567,2916,6971,789,13309"
8596,8596,"3950,9942,13346,2411,4323,10340,5642,8562,1598,6326"
8598,8598,"5303,10326,2140,6971,2343,2380,4277,8421,2218,13296"
8608,8608,"1290,7120,10663,6243,12497,8567,12030,4387,5573,10322"
8610,8610,"1290,5135,789,7120,9962,13309,11117,296,4929,1400"
8617,8617,"1290,5135,10607,789,7120,4036,6811,3539,13309,9962"
8621,8621,"2218,5123,5610,5999,220,13310,10529,6515,5199,11812"
8629,8629,"8068,3420,4820,11013,2671,5766,5310,8806,10917,2281"
8649,8649,"1456,13215,8806,12923,4750,10059,11629,3082,2857,3705"
8652,8652,"7120,4929,6243,12030,12497,5573,2916,8567,4387,5135"
8714,8714,"1863,8773,6018,7345,11660,9826,2769,284,13296,417"
8718,8718,"8235,7024,5875,5524,13191,7289,12662,11403,4715,10023"
8733,8733,"4576,12655,10137,1290,1779,10389,6610,4664,10997,11024"
8734,8734,"4602,434,7485,12368,1585,3509,11736,931,5102,4413"
8754,8754,"11289,3055,9733,8505,4117,3950,5999,2822,1912,714"
8771,8771,"9799,5549,6166,9668,9937,11994,6971,4698,8053,4430"
8791,8791,"6971,4277,10326,6220,8590,2140,2343,12680,13296,5303"
8794,8794,"220,810,802,5524,9410,5199,3340,13346,5545,8235"
8797,8797,"11162,10810,11758,3563,788,12621,4560,1699,2193,10107"
8804,8804,"8590,13346,3950,6326,8421,13296,8562,4865,2140,4798"
8809,8809,"275,9489,10063,8421,4277,4679,2140,11639,8262,7867"
8823,8823,"1290,7120,10663,10607,4929,2916,11298,296,12497,4576"
8833,8833,"8421,851,2380,1180,5545,1776,4322,11282,331,9449"
8835,8835,"1290,7120,5135,12497,4929,789,10663,9962,11775,13309"
8840,8840,"2291,4877,2140,9771,6971,9306,7063,13214,8022,362"
8842,8842,"9306,3506,7824,4985,8053,384,2291,5939,7715,383"
8860,8860,"4576,11024,10674,4664,2989,10389,10137,6610,5545,2343"
8866,8866,"666,7578,12398,5999,4053,6139,4199,9651,8505,8019"
8877,8877,"1102,8235,4568,5980,8839,5524,1326,5302,6515,13230"
8887,8887,"2218,3055,5819,12944,9733,9264,3992,609,3870,1378"
8895,8895,"1328,2770,8620,12496,2861,8092,50,8746,2926,716"
8907,8907,"1290,5135,789,9962,9405,8302,3737,11117,10963,7471"
8921,8921,"8421,1287,10916,7197,2958,4162,851,11282,4679,1996"
8928,8928,"10674,1779,11024,7679,9732,4036,2957,3464,1371,4163"
8936,8936,"4685,834,3579,7246,3013,9675,11384,9460,2285,4939"
8965,8965,"2343,6971,4388,3909,5532,10835,6638,5303,9693,7964"
8971,8971,"10835,4117,5999,5532,5199,2343,3055,4053,5866,2822"
9000,9000,"4576,544,11024,4664,1290,1244,6220,6610,2343,10389"
9023,9023,"1319,12665,1692,11357,4277,11495,5999,3990,10063,2571"
9025,9025,"8590,8922,6971,89,2343,5303,6220,544,10326,5532"
9031,9031,"5999,8235,11357,2789,4053,12026,7578,3340,820,2443"
9045,9045,"1421,12990,7138,4798,8053,9229,7063,2140,12758,1290"
9053,9053,"8922,6220,7707,8235,10835,13296,12026,5545,4413,6971"
9054,9054,"9942,4413,2990,11048,13249,6220,5545,2380,4654,3428"
9060,9060,"2140,6971,6220,5303,13296,10326,2380,4798,5485,8562"
9063,9063,"4413,7723,8413,4947,3888,10082,11396,454,11540,11326"
9071,9071,"4413,6220,4602,11800,8235,8681,2218,3950,3428,13110"
9078,9078,"11357,2343,4388,5999,7964,785,4117,5866,8608,2822"
9101,9101,"3870,5545,13110,2380,2140,4414,9942,6220,13296,3950"
9108,9108,"3992,3950,13310,2140,6220,12793,5903,4277,4414,10039"
9110,9110,"13296,2140,9733,560,7138,5731,10326,12990,1912,9602"
9114,9114,"4576,544,2989,6220,275,9942,10389,2343,10137,13296"
9144,9144,"1290,4576,10607,6971,1244,4664,6220,6610,544,11298"
9172,9172,"589,7637,1863,8703,9564,1290,9083,5149,6220,10429"
9185,9185,"10429,1863,5976,9083,7637,3487,7706,7707,589,2020"
9190,9190,"2140,2199,6971,8421,4798,3950,10326,12793,5303,2380"
9193,9193,"1788,5999,3950,11726,4436,10138,12793,3870,468,4053"
9198,9198,"4908,2291,9598,2147,9306,10462,11115,4262,11010,9340"
9200,9200,"1290,6971,5303,2140,13296,10326,7120,8922,6220,544"
9201,9201,"2769,7047,3464,247,12776,4048,13071,7679,2920,162"
9204,9204,"5303,8590,544,2140,13296,6971,10326,8922,11969,2218"
9215,9215,"1290,6971,2140,7120,4929,6243,10663,7063,10241,8567"
9222,9222,"1290,5135,789,9962,10674,10607,13309,4664,7120,3539"
9233,9233,"4277,9580,8421,7197,331,11843,1210,8961,4679,811"
9235,9235,"1290,6971,8590,7637,8703,7120,9668,2020,5342,13436"
9245,9245,"789,9866,13309,1554,10336,5008,3886,7817,10644,4613"
9275,9275,"7024,5875,8235,4715,7289,12253,13191,2801,6089,8359"
9308,9308,"13296,6220,5545,7707,9942,4414,5184,1598,12606,3870"
9323,9323,"9340,4277,8421,11969,9580,12404,5303,10326,544,9072"
9329,9329,"3950,10916,13346,6220,2380,10778,5303,8205,10063,6326"
9355,9355,"2218,2990,4413,3055,6220,5303,3950,2789,9799,12026"
9369,9369,"2140,8421,5303,2169,12990,12758,9580,851,4277,12857"
9386,9386,"9083,5922,8188,9375,3987,989,9937,10429,4858,8911"
9388,9388,"7707,6220,5545,6971,13296,9799,4430,4413,6166,5303"
9401,9401,"1290,789,5135,9962,13309,7120,6811,296,3697,2916"
9418,9418,"5610,8562,811,9178,12680,10326,13346,8421,1328,6925"
9433,9433,"2140,8421,8161,2264,7503,10916,2291,11843,10326,4277"
9440,9440,"4277,8421,10326,331,2140,217,9580,350,1210,9072"
9446,9446,"3950,13306,3992,2905,12768,3317,6091,12611,3050,1210"
9464,9464,"5495,12086,1610,232,10738,12375,2218,3545,12470,7784"
9477,9477,"5303,2140,8562,11384,8421,16,2218,6326,3950,2169"
9488,9488,"4576,1290,10607,544,11024,1244,11298,6971,4664,10389"
9500,9500,"8421,4277,10326,331,9580,12990,1180,12857,10916,350"
9502,9502,"3950,2140,13346,11384,8188,3428,5610,6442,7558,1378"
9507,9507,"8235,7024,5875,5524,2903,7578,13191,11931,7708,6089"
9528,9528,"7120,10663,4929,2916,12497,4387,296,6243,10607,5573"
9539,9539,"6971,1634,6220,4798,2140,4277,13296,275,9580,1978"
9566,9566,"6971,2140,2343,9072,10326,544,4576,12404,1299,8608"
9575,9575,"9340,11871,9455,13257,13380,11000,11010,9105,5165,2448"
9583,9583,"13346,6326,8421,3950,2380,4798,5495,9880,9602,9733"
9589,9589,"8421,13346,2140,6971,12680,9580,5303,2169,7578,12990"
9591,9591,"6971,5303,2140,8421,8922,4277,851,331,10916,10326"
9617,9617,"6166,5966,12143,4101,7637,13403,9799,7948,3515,4332"
9620,9620,"11622,5673,11751,6982,8333,6925,10546,10835,7707,3577"
9622,9622,"2905,9393,5060,6368,5557,8238,8746,6902,406,5999"
9631,9631,"4142,3570,2809,2831,1803,11918,208,789,11775,13385"
9655,9655,"11910,3149,8283,10984,1042,8333,2950,12130,2570,11622"
9658,9658,"2140,6638,8575,6971,6220,12990,10326,10138,12680,7138"
9660,9660,"1290,7120,10663,4929,9295,2916,6243,3697,4387,2885"
9669,9669,"1290,12030,4929,10663,4387,7120,5573,6243,12474,12497"
9672,9672,"8421,4798,3770,851,1634,4315,9580,10138,12857,6899"
9684,9684,"8540,8599,8673,6952,12824,10352,4803,7763,6306,5241"
9702,9702,"1290,789,5135,10663,7120,4929,9962,6243,6971,12030"
9705,9705,"8590,1290,6971,13296,4277,7120,5303,10326,8922,12990"
9722,9722,"9306,5946,2291,9771,12871,5747,4877,383,797,13214"
9732,9732,"4576,10607,1290,4664,1244,6610,4028,789,9730,10137"
9781,9781,"10578,2292,1224,6002,9327,2679,7922,11532,3238,8822"
9803,9803,"10835,4117,5532,10778,5999,4199,1100,5422,8279,10529"
9809,9809,"5999,11357,4117,12611,785,2905,2822,5199,4199,2218"
9814,9814,"8421,331,11282,10916,851,2140,10138,12857,1996,1776"
9818,9818,"10835,5999,5532,11357,4199,4053,11751,6971,5199,785"
9820,9820,"5999,11357,2981,11930,406,12611,2330,8011,1408,6134"
9848,9848,"2140,5303,8421,4679,851,10326,1912,6971,4277,4798"
9856,9856,"5303,2140,560,12680,6971,8562,5145,11000,8421,7138"
9869,9869,"8235,7024,4715,7289,12662,13191,5524,8922,11403,2704"
9889,9889,"5303,9771,8022,2291,7063,7439,10608,8922,8452,5819"
9923,9923,"8421,331,4277,1180,12385,6751,1634,811,6280,7197"
9929,9929,"10340,11622,3950,3340,11751,4602,5673,454,12425,2910"
9961,9961,"7024,8235,6962,13191,8922,89,11403,12662,1290,5875"
9969,9969,"6971,2140,9580,1634,4277,10326,12990,5303,1290,5025"
9974,9974,"7024,12253,8235,12662,8609,13191,5875,515,4563,5524"
9976,9976,"6018,3487,2336,10071,9241,4001,2769,10674,7725,3222"
9989,9989,"6220,6971,2140,3950,5303,12680,2380,10326,9942,8562"
9993,9993,"6742,12606,6971,13346,7063,1225,5545,13375,3870,6638"
10002,10002,"7138,6659,11484,7047,6307,134,9375,3464,10078,7220"
10011,10011,"4576,7679,10607,11918,4664,11024,10137,1779,11298,6610"
10016,10016,"5303,6971,9580,10326,8421,331,4277,9072,1634,851"
10028,10028,"1254,2559,11800,13076,12724,5077,5855,7323,5545,10104"
10029,10029,"12793,3950,1598,12318,13306,66,16,995,1210,5610"
10033,10033,"8922,8235,6971,12026,1230,121,10835,2789,1286,5339"
10042,10042,"8421,1996,6971,2140,6899,4798,10138,331,3950,4101"
10046,10046,"12385,10138,2924,1180,5610,8421,4229,4853,9489,5626"
10061,10061,"4277,8421,9580,12990,331,5303,811,7197,1180,2158"
10071,10071,"3950,13346,4414,3428,3799,8421,811,3340,12768,1978"
10084,10084,"2140,8421,4798,2218,3950,8562,13346,9443,10138,976"
10091,10091,"4482,8221,3423,7578,12578,9470,1378,8472,2789,9443"
10102,10102,"6971,4576,1244,10663,544,4929,296,4664,10607,8922"
10104,10104,"5303,9358,8922,2218,11326,2380,10986,10340,12793,6166"
10121,10121,"1290,6971,7120,4929,8922,10663,6243,12497,789,5135"
10131,10131,"4413,3950,5545,1478,2990,12793,31,4947,3306,13346"
10134,10134,"7439,4877,2291,5747,12758,13214,9306,797,5946,8402"
10139,10139,"1290,7120,5135,4929,3697,789,10663,12030,12497,9962"
10144,10144,"5999,11357,8505,2822,5199,3950,13058,3340,4117,4743"
10155,10155,"11396,4947,6395,2199,2789,3950,3515,3071,6311,10841"
10168,10168,"8703,9564,7637,1863,10429,589,9799,6893,5976,2847"
10178,10178,"6220,2343,13296,9942,9072,9693,5866,544,8590,1598"
10186,10186,"5545,2537,6834,5532,13306,9693,9942,13112,6795,13346"
10190,10190,"9489,1017,851,13257,8366,8421,10736,12999,1223,9119"
10194,10194,"2218,8562,3950,5673,12813,9455,4602,11540,3317,4798"
10196,10196,"10901,5676,8412,8321,4398,1530,5806,1020,9309,2995"
10215,10215,"8421,331,4277,2140,851,9580,10326,1776,1634,5303"
10218,10218,"4413,3138,5303,2789,4414,4101,3950,3870,10340,9799"
10251,10251,"4413,5545,3870,6220,7707,9799,2218,3950,2013,2990"
10252,10252,"1290,5135,789,9962,11117,9405,13309,7120,10607,9295"
10262,10262,"13191,7024,8235,4266,5199,5875,2903,4900,12099,89"
10266,10266,"5545,9942,6220,13296,1598,4414,7707,2218,3870,2380"
10271,10271,"2140,2260,13090,7063,2448,796,9668,4332,6742,10835"
10277,10277,"5303,6971,8421,10608,4798,8562,331,1017,11384,11540"
10282,10282,"5303,6971,2218,8922,12680,6962,9229,4322,2140,4277"
10286,10286,"1290,12030,4929,7120,5573,8567,4387,6243,10663,1400"
10305,10305,"1408,5999,4053,2905,9504,10326,12611,4659,7010,2822"
10309,10309,"8235,4413,8075,931,8922,7024,13296,6220,11403,13381"
10335,10335,"1290,7120,10663,2916,4929,296,5135,10607,3697,9962"
10340,10340,"4576,11024,4664,11298,12995,2989,11918,10137,1779,6610"
10375,10375,"4798,9372,5819,7900,4430,1574,2127,3506,2264,7383"
10388,10388,"6971,2140,5303,11282,2199,12026,3515,12680,4798,8053"
10397,10397,"10326,4798,5025,12857,5303,8421,6433,1978,13346,12990"
10402,10402,"8235,4413,5524,5875,454,931,4602,2567,7723,2789"
10407,10407,"10907,12779,7454,9340,811,1912,350,12635,3770,5885"
10408,10408,"2291,9306,7439,9771,3064,13214,4877,5946,3506,2149"
10416,10416,"10063,6220,3950,4277,3870,7197,13211,4798,10326,12793"
10448,10448,"2140,8562,13110,6220,1912,220,2380,5303,5610,13346"
10454,10454,"3799,6164,3950,2645,12382,9908,12282,5610,4602,4090"
10499,10499,"4277,8421,2291,2140,331,1223,2158,9580,1776,2808"
10503,10503,"4988,8296,5568,11351,5943,8245,11109,12310,6661,6999"
10504,10504,"2644,2989,7047,4576,1972,3464,11918,4664,10919,4277"
10508,10508,"8421,851,5303,2140,6971,8161,10326,7063,331,976"
10514,10514,"2990,2108,3950,11000,1598,6326,8562,11622,11396,2789"
10526,10526,"8421,12385,4277,9880,10594,9164,1180,3950,1328,851"
10540,10540,"9306,2140,5303,1912,8235,2291,9771,6971,13214,13346"
10542,10542,"4277,9340,8421,2905,4679,9598,10907,9489,4025,717"
10551,10551,"10326,5303,6220,6971,4277,12665,2140,8590,13296,544"
10554,10554,"5199,10835,3055,1230,2380,11289,4266,121,5422,4199"
10555,10555,"7637,1607,2020,8703,1863,3244,3088,3487,10802,9748"
10556,10556,"2108,5999,227,5002,3390,3766,618,7745,11406,37"
10562,10562,"2140,1180,1912,12813,8452,9880,6637,9072,7673,717"
10575,10575,"2957,83,10674,9732,10607,1851,4163,4216,11775,11298"
10576,10576,"8421,851,331,2140,1223,1776,2291,10462,12857,6107"
10582,10582,"6971,5303,2380,4277,2218,8421,10326,8562,12665,13296"
10584,10584,"3950,13346,3340,9292,2789,3992,6220,2567,8562,12107"
10606,10606,"2140,8421,10326,4798,4229,2905,10658,12768,6141,2287"
10611,10611,"8421,331,1180,4277,717,1776,350,9580,1017,9340"
10613,10613,"8421,10326,5303,9580,9072,8590,331,12990,544,1912"
10614,10614,"7707,7706,5976,2373,7725,4430,3487,1856,10429,9461"
10623,10623,"7024,8235,4715,7289,12550,12662,6696,6509,3252,5524"
10647,10647,"4163,2957,1851,83,4216,6960,11020,1558,4688,54"
10657,10657,"8421,851,4277,10594,9328,1912,1776,5303,331,12857"
10670,10670,"2291,851,4322,8421,2556,6515,5214,8161,2140,4877"
10679,10679,"1290,10607,7120,4576,9295,11298,11775,11024,4664,5135"
10680,10680,"2140,5303,6515,4798,8161,10916,8421,10326,6971,2218"
10699,10699,"8235,5999,7578,6971,2380,3055,4499,10345,2789,10835"
10715,10715,"8452,9105,2815,1813,7128,8626,1018,13257,9489,717"
10720,10720,"10340,11622,2789,3950,454,11751,220,4947,13346,3317"
10735,10735,"6220,6971,13296,5303,2218,8922,8590,9229,9942,89"
10742,10742,"5999,3055,2218,6220,6971,2789,2567,12026,9942,2380"
10744,10744,"4616,7166,3659,7305,6211,7890,4957,4392,10242,11517"
10747,10747,"5199,5303,13235,8575,1912,10835,4679,11384,3950,1661"
10769,10769,"1933,6839,4876,4246,4199,8891,2343,2903,4117,12269"
10795,10795,"2140,12793,1996,4453,12092,1912,9733,8421,12907,11000"
10817,10817,"789,5135,1290,9962,10607,6811,13309,11298,11117,4036"
10819,10819,"5474,6971,5866,2140,5303,5461,12092,2380,10326,3055"
10828,10828,"6220,13296,5545,4576,544,13110,6971,12665,9600,7707"
10860,10860,"4908,2789,3950,8746,9449,4262,11784,9443,4046,11836"
10868,10868,"2343,9693,4605,2537,6834,8608,4388,5782,4576,10137"
10895,10895,"10916,6899,8161,8421,220,8562,8022,7715,10326,2958"
10900,10900,"6971,2140,8161,8421,5303,11282,851,9580,331,6515"
10912,10912,"2769,10009,3464,5504,363,12458,1317,8315,13426,12776"
10934,10934,"1290,6971,2140,8922,7120,4576,8590,789,9799,5303"
10947,10947,"5999,4117,11357,785,2822,10835,2571,11712,5303,5199"
10950,10950,"7093,2304,9193,3295,6588,2815,6280,8421,5303,11384"
10964,10964,"1290,789,5135,9962,10607,1244,13309,11298,4576,296"
10965,10965,"12638,9454,8707,11772,9203,4321,710,7994,7723,7707"
10968,10968,"5303,2140,8421,10326,6515,1634,331,8161,8593,851"
10972,10972,"2395,8421,331,2789,5999,9443,4162,11282,6971,4798"
10975,10975,"8510,7063,9306,238,2291,3172,8267,7383,7445,1287"
11028,11028,"2380,5545,10326,9942,13296,5303,4277,1598,8562,3428"
11030,11030,"1290,8590,6220,13296,4576,12665,10326,544,9072,12680"
11044,11044,"12606,6220,6971,7707,13296,3509,9083,8922,89,2343"
11048,11048,"2905,2330,3035,2981,1741,9393,11458,1996,1788,8011"
11065,11065,"6971,1747,10462,5303,8922,2140,1290,10241,4101,354"
11085,11085,"5135,789,9962,9671,9405,6811,11117,10336,13309,1290"
11088,11088,"9937,4698,6166,8703,8562,8922,11180,9668,7637,5149"
11100,11100,"4576,11024,10607,10137,1244,12869,2989,4664,6610,544"
11102,11102,"4798,4413,10340,3950,2990,7723,2380,454,8321,11622"
11105,11105,"5999,11357,785,10835,2571,4053,11712,13218,2822,4459"
11107,11107,"3950,2789,8590,13346,8421,10326,6220,5303,8562,11784"
11109,11109,"1863,10429,1487,7637,3088,1290,9689,4250,5149,9083"
11120,11120,"1290,7120,789,5135,4929,9962,3697,296,13309,12497"
11121,11121,"2789,2567,3950,8562,7578,6971,12026,10326,2380,4798"
11133,11133,"8911,8257,6402,1377,5494,4465,5105,7982,4256,4858"
11149,11149,"8421,2140,8452,9886,10506,12857,11843,13346,11010,6709"
11152,11152,"1290,7120,4576,10607,10663,11024,11298,4664,4929,1244"
11160,11160,"2140,1593,4413,510,1776,9729,13346,5022,8421,331"
11163,11163,"5303,10326,3950,9455,6220,4277,2218,8421,12990,12665"
11168,11168,"2291,10462,5946,9306,8675,7063,13214,9865,7445,8402"
11193,11193,"9863,5694,11808,4976,30,6220,3950,13097,9733,10924"
11200,11200,"9942,6220,13296,3428,1598,9600,3950,3870,7707,4413"
11210,11210,"1290,6971,7120,4929,12030,10663,8567,6243,6846,4387"
11215,11215,"11384,9733,9105,1681,2958,7867,864,6588,8421,13220"
11219,11219,"1290,7120,5135,9962,789,13309,12030,10663,6811,13101"
11243,11243,"2149,9771,4877,9306,4262,5946,2291,3296,6388,4648"
11253,11253,"1290,4576,7120,1244,11298,10607,789,5135,11775,296"
11261,11261,"6220,4413,9799,5303,13296,7723,5545,2380,12606,6166"
11280,11280,"4388,3909,12398,8274,5532,4451,8235,9132,13362,8354"
11285,11285,"1290,5135,11117,789,8554,8302,7120,7471,9962,2784"
11309,11309,"3950,810,11540,7710,1978,4323,13249,10340,7133,6925"
11312,11312,"5329,12944,4199,5240,4006,10529,11431,13063,5555,2218"
11314,11314,"10326,8421,1180,9328,350,716,9489,11843,2158,10594"
11325,11325,"10326,4277,8421,12990,4798,5303,331,275,8590,1912"
11327,11327,"7707,8703,9799,6166,6220,9937,7637,2373,3088,1856"
11359,11359,"6220,6971,9942,5485,89,8235,6638,13296,12026,275"
11366,11366,"7220,11547,1213,1521,4858,5504,12672,11484,11072,9265"
11368,11368,"1290,10607,4576,11298,4664,10389,10581,1244,11775,7120"
11371,11371,"13112,8590,8235,4653,4602,3921,89,11289,7024,2343"
11376,11376,"12846,10835,544,2343,6971,2098,9886,5010,3407,9421"
11377,11377,"5303,4798,10326,8421,6971,8562,6326,6220,3950,12990"
11383,11383,"9799,6971,4798,2140,9580,1747,10326,331,1634,8562"
11416,11416,"7480,11461,5352,5155,5241,8093,8149,1328,5776,669"
11444,11444,"2140,6971,1290,5303,8590,10326,9072,12990,4277,4576"
11445,11445,"8421,10326,2140,851,8590,6971,4798,9580,5303,4277"
11448,11448,"9693,6834,2537,6795,5782,3909,5179,8608,4605,9132"
11469,11469,"6796,725,4308,12451,13162,5206,273,6373,12882,10241"
11487,11487,"2343,89,2064,6220,64,9693,9229,10581,544,10607"
11492,11492,"5303,5999,10835,13310,5532,6529,4053,2822,4117,11357"
11503,11503,"3870,10326,6220,8562,10453,4453,11540,961,4755,2218"
11504,11504,"9275,12019,1073,2127,11772,1943,4956,36,3357,3454"
11515,11515,"3950,4277,6220,2411,9072,2140,8421,5303,1210,10326"
11547,11547,"5532,8590,5999,5199,10835,6220,2380,10326,5303,6971"
11552,11552,"2343,5545,9693,89,64,2537,220,13110,2380,6220"
11567,11567,"10326,8562,5303,2140,6220,4798,2380,6925,3950,13346"
11581,11581,"2140,6971,5303,8421,544,275,13296,560,10326,4798"
11589,11589,"1290,789,10607,4664,7120,11024,11775,5135,2989,11298"
11591,11591,"9730,1779,10137,11298,4576,12995,11024,12665,3238,9101"
11595,11595,"1290,5135,9962,13309,7120,2885,11117,10663,10336,11992"
11604,11604,"1290,6971,2140,544,6220,8590,7120,2218,10326,7138"
11608,11608,"8562,3950,6971,13296,6220,9799,3870,12990,7707,2140"
11627,11627,"2218,12793,11751,3055,3950,2990,3340,13346,13310,5761"
11646,11646,"2218,4602,7707,5545,3950,9410,10986,4413,9937,6220"
11647,11647,"8421,10916,4277,5303,1776,851,9340,8483,7232,12990"
11675,11675,"5610,5999,2264,2343,6026,10529,11357,9132,971,1100"
11676,11676,"1290,7120,789,5135,10663,9962,13309,4929,296,10607"
11696,11696,"13214,7383,12871,5946,7063,9771,383,2065,2291,7439"
11700,11700,"7332,10868,10434,10566,3827,3672,7772,4740,6129,696"
11722,11722,"1290,6971,5135,11117,789,1400,7120,8302,9962,2140"
11754,11754,"2218,1598,7679,275,12779,7000,5545,12665,6538,11611"
11757,11757,"8235,7707,2343,9532,3670,10835,11403,4266,7024,5532"
11767,11767,"7024,8235,4413,4715,5875,7053,13191,9458,3632,11403"
11773,11773,"8421,12308,6326,2697,8161,1328,3766,7368,9580,10138"
11777,11777,"4413,3950,7723,3888,2789,9443,3106,10082,454,3992"
11778,11778,"4163,2957,1558,10674,1290,4216,1851,10607,9330,5135"
11788,11788,"1290,7120,1400,789,10607,11117,3697,11651,1750,10663"
11790,11790,"1290,7120,4929,10663,6971,2916,8567,6243,12497,10608"
11811,11811,"1290,7120,10663,4929,2916,12497,789,5135,296,3697"
11837,11837,"1290,5135,7120,10607,296,1244,13309,10663,789,4929"
11859,11859,"8235,4413,11751,11622,931,2789,2990,13346,7723,2567"
11865,11865,"7637,9689,8703,9668,9083,10429,131,9564,5149,11103"
11867,11867,"11871,1328,10132,11590,1225,9234,4229,3422,8018,5145"
11871,11871,"2218,1290,7120,6971,4929,296,10663,10607,5482,2916"
11879,11879,"7120,10663,5135,2916,296,789,10607,13309,9962,3697"
11880,11880,"4277,8421,11282,331,851,10326,1776,12990,12385,7197"
11908,11908,"2291,2140,9306,5303,6971,8922,2343,9132,10778,7578"
11912,11912,"9799,4877,10340,6445,11609,3071,4798,7439,3106,8205"
11925,11925,"10326,4277,8421,2905,717,5866,1912,11010,3770,4865"
11933,11933,"7707,5149,9937,13296,8981,6166,4698,12723,6659,10429"
11945,11945,"10429,5976,589,7637,1863,10802,5149,7619,7467,1487"
11948,11948,"5673,11795,11751,12632,10641,11780,10508,12425,2103,11933"
11952,11952,"1223,4315,3770,851,8421,12857,8527,7833,6899,7197"
11957,11957,"62,4562,6976,8302,331,11515,7427,5636,5486,4041"
11959,11959,"12611,2905,6641,50,12385,3770,13306,11814,1328,4388"
11967,11967,"8235,7024,5524,5875,4602,4413,7983,8359,13191,931"
11969,11969,"7851,2377,11939,9570,5069,10195,2922,2580,12777,4908"
11970,11970,"5545,13306,3911,3799,4947,11821,6220,11502,1375,2990"
11975,11975,"6220,5545,8359,7707,12665,4413,8235,5524,11403,12309"
11995,11995,"3340,3950,8279,454,5199,2789,12611,4602,861,2896"
12002,12002,"1290,4576,4664,11298,7120,1244,10607,2989,10137,11024"
12022,12022,"789,5135,9962,1290,13309,6811,8342,8650,4664,10336"
12032,12032,"9375,8911,4858,5494,5760,6082,6307,1521,1213,6060"
12036,12036,"1290,10607,1244,4576,7120,4664,11024,789,544,5135"
12066,12066,"5819,10506,7063,2140,4277,5731,5303,9093,8452,12934"
12077,12077,"1290,789,5135,9962,13309,1400,9866,7120,10336,3697"
12078,12078,"8421,9580,2140,851,5303,4798,1180,12857,1634,4679"
12084,12084,"6971,5303,2140,4101,5549,9799,2380,8472,6166,8703"
12089,12089,"8562,2199,2990,11396,4101,9799,5124,2380,5303,4947"
12106,12106,"10326,4576,1244,5303,2140,11969,4277,6220,10607,12858"
12107,12107,"802,7707,9680,6617,4413,11194,3950,11784,9729,11555"
12111,12111,"3950,10326,8562,8421,13346,11540,2380,5199,7558,7900"
12131,12131,"5303,2140,6971,4798,10326,4101,8421,1634,12990,275"
12139,12139,"5999,4101,8707,3106,6437,3071,7954,12026,2140,3506"
12141,12141,"13437,7707,8188,12606,2802,6166,8358,5976,6416,457"
12144,12144,"5135,1290,13309,9866,7120,1244,1554,10607,5008,296"
12150,12150,"4413,6220,7723,3870,9799,5545,11540,3950,9729,2990"
12151,12151,"11495,4277,12665,2158,10326,5098,9072,217,1210,9455"
12162,12162,"9182,3525,997,3980,2029,5280,5992,4841,5834,7649"
12170,12170,"4163,4216,2957,4940,2709,1558,13321,4688,7971,3722"
12182,12182,"5999,5199,10529,2343,10835,4117,11357,3909,11289,5128"
12185,12185,"5303,8421,3950,12990,13346,12857,10138,6326,6220,8562"
12191,12191,"6433,7197,8477,4277,9733,1978,1996,4056,13150,10326"
12197,12197,"5999,11357,4117,785,4053,8608,4388,3909,5532,7547"
12204,12204,"1290,4576,1779,1244,10389,11298,9730,10607,789,5135"
12229,12229,"2343,9693,6971,6220,544,8590,13296,6638,5303,2537"
12231,12231,"1290,6971,4576,7120,544,8590,296,10607,5303,1244"
12234,12234,"8703,7637,1863,5976,7706,9564,10429,9083,589,7707"
12238,12238,"5303,6971,2140,8590,8922,8421,12026,6220,2380,5999"
12242,12242,"11871,13097,3950,1180,5470,9880,5270,1328,4482,11396"
12260,12260,"1996,8421,10138,12611,1180,10916,1408,2905,13249,9504"
12262,12262,"4117,5999,11357,5532,10835,5199,785,2822,11712,13058"
12281,12281,"6971,5303,8922,6220,8590,2218,9229,2380,2140,9937"
12289,12289,"9693,6834,2537,6795,3909,4605,10835,5179,5532,8608"
12306,12306,"5610,220,8562,3950,997,1408,5476,7710,4376,5964"
12326,12326,"7824,8022,3506,5819,10506,7063,9738,2899,1606,10262"
12337,12337,"2140,3950,2343,8235,9164,7578,8205,10546,12026,7558"
12355,12355,"1290,7120,4576,544,10663,10137,296,2916,6610,4929"
12371,12371,"7707,1323,2218,3950,9733,3298,10063,12793,3870,6220"
12372,12372,"7024,5875,8235,12662,13191,12628,5524,12550,2145,4715"
12373,12373,"8421,4277,2158,7138,811,1328,12857,851,350,6433"
12390,12390,"7637,8703,2020,5149,4698,9668,3088,1487,9083,3122"
12405,12405,"4388,7964,2343,9132,5532,10835,4451,6026,4359,6795"
12407,12407,"7637,8703,5149,2020,9564,1487,9668,6043,12663,3122"
12408,12408,"5545,6220,9942,4413,7707,13296,3870,13110,9799,7723"
12419,12419,"8590,4858,11484,5676,1290,2975,5532,7721,585,12315"
12423,12423,"12111,280,2273,4323,10719,1889,9105,12140,12191,5305"
12426,12426,"6971,7120,544,6610,10137,10607,1244,10389,8590,10663"
12452,12452,"8590,6659,10326,4256,13296,3770,2169,9733,10431,2506"
12480,12480,"4576,2989,1851,11024,8714,10389,10607,4664,6576,83"
12530,12530,"8703,7637,9668,5149,9937,8981,4698,1487,5966,2020"
12546,12546,"4101,6971,8703,3515,560,9799,5303,7637,9937,9668"
12556,12556,"1290,7120,10663,4929,2916,296,12497,4576,1244,6243"
12573,12573,"5545,7710,6025,7707,802,4413,4181,8288,926,9833"
12592,12592,"6220,8562,10835,3577,10326,13346,4117,12665,3950,13296"
12596,12596,"8421,10326,4277,12990,2380,3950,8562,11000,6220,10138"
12599,12599,"1290,7120,5135,789,10663,9962,4929,10607,3697,13309"
12615,12615,"2957,1558,11298,11024,4163,4664,1779,1244,12903,10674"
12618,12618,"5495,7707,5545,5676,1598,8562,13306,9942,9455,13296"
12624,12624,"8562,10326,12665,6971,6220,4798,4277,8590,8421,9942"
12638,12638,"10835,6026,2343,3909,4199,9693,4117,5999,782,1100"
12641,12641,"5999,11357,785,5199,2571,7547,10835,2822,11712,1100"
12644,12644,"1290,7120,4929,10663,6243,2916,12497,4576,544,9101"
12649,12649,"8703,7637,5149,2020,5549,6166,4698,4101,7713,9799"
12654,12654,"11357,8590,11712,5999,13218,4459,2571,9358,3770,2443"
12658,12658,"1135,4826,10796,2049,3387,2316,1493,3879,5877,5022"
12659,12659,"544,6971,10326,7120,8590,5303,10663,4277,4798,4929"
12666,12666,"9693,3909,6834,6795,2537,4388,9132,8421,8608,5025"
12669,12669,"5137,7982,11711,9511,13401,10732,4303,4644,2414,5494"
12674,12674,"2218,2140,12793,5303,2380,3870,9203,10326,9580,12990"
12688,12688,"12191,5305,11590,1377,8149,9453,1328,10891,1987,5241"
12694,12694,"5545,7707,6220,4413,12606,9729,8413,10429,8562,9410"
12709,12709,"8421,5303,10326,7138,4277,8161,2291,331,811,12857"
12712,12712,"7024,5875,8235,12662,12253,7489,1712,10023,6509,8570"
12722,12722,"4163,2957,4216,1558,10674,10687,4940,3722,4688,6960"
12728,12728,"11772,10986,8028,8981,802,7707,2397,6676,3392,6569"
12732,12732,"2443,3909,5999,10835,8235,9132,11357,7578,4117,1100"
12736,12736,"4277,8421,2140,331,5303,10326,811,1776,9340,2158"
12738,12738,"10326,810,6326,3950,8421,4798,10916,2140,811,5303"
12741,12741,"2218,4277,8421,9341,3950,4453,1323,9942,3428,11000"
12756,12756,"9306,13214,383,12470,4895,5946,3545,8402,12871,7439"
12764,12764,"6220,5545,13296,12665,544,2343,3870,6971,2218,5532"
12768,12768,"6971,8235,8922,10835,7983,12026,2140,89,6962,3577"
12773,12773,"2140,8205,5303,6971,2218,8562,2265,1912,12680,13346"
12789,12789,"4798,10326,8421,8161,2140,9580,240,5819,331,10916"
12790,12790,"1290,10663,4929,3697,296,12497,2916,789,6243,5135"
12801,12801,"5999,4053,13112,10529,4117,8279,6645,11357,7922,10835"
12804,12804,"1290,4929,5135,3697,10663,13101,9962,2916,6243,12497"
12833,12833,"4947,11396,3950,1634,2199,5642,3750,12857,6395,13346"
12846,12846,"4786,6326,3950,1996,9880,8221,9968,8746,12611,8421"
12855,12855,"3991,8830,6914,8505,350,6362,10732,7922,4858,5861"
12860,12860,"6166,11281,11540,8413,7578,6971,12944,9668,5341,2380"
12874,12874,"8562,4798,4947,10916,2199,10326,8421,6220,9602,6395"
12875,12875,"11357,5999,785,4117,2571,2822,11712,7547,3797,4459"
12877,12877,"8607,2870,7707,10429,12029,10431,7236,6659,6220,5976"
12883,12883,"5495,12470,12668,3545,9601,997,3871,1037,3525,7743"
12890,12890,"8703,7637,9668,5149,13228,9954,10332,2020,2847,12663"
12919,12919,"1290,7120,12497,4929,10663,12030,6243,4387,8567,13101"
12927,12927,"1863,1588,10429,6220,589,7792,544,7784,6456,9689"
12955,12955,"13380,8235,7303,5165,6646,1361,8205,12026,4053,10835"
12956,12956,"1583,4568,5288,7715,8929,8053,3091,5036,8235,8839"
12958,12958,"9771,7439,9306,2291,5747,5946,13214,8402,2602,2149"
12965,12965,"5495,10279,5025,8421,8166,11871,217,1383,6751,4608"
12970,12970,"6220,5545,3950,4413,5485,3870,2218,12665,1598,2380"
12996,12996,"2343,6795,9693,3909,5782,10835,6834,2537,4388,8608"
13000,13000,"5545,3870,9410,3950,2990,9729,8562,9799,6220,4602"
13017,13017,"4576,11024,2989,10607,11298,10137,4664,6610,11918,10389"
13019,13019,"8421,331,10326,5303,4277,2140,10916,6971,12857,6326"
13021,13021,"12606,3870,4413,7707,2990,12944,4430,8562,6166,9937"
13022,13022,"12779,2140,10326,7802,6220,3781,10594,4786,9848,8421"
13063,13063,"4413,13346,8413,9937,9799,12632,5819,6220,6166,2464"
13075,13075,"2291,2602,4877,9771,10462,5946,9306,5747,7439,8402"
13076,13076,"3950,9443,2789,4117,4685,2218,9292,4853,1408,1788"
13101,13101,"5999,11357,785,4117,2140,5199,2571,2822,7547,2905"
13105,13105,"1290,4576,10607,4664,12869,7120,11024,10137,3427,544"
13115,13115,"6971,8922,10326,3577,5303,6638,6220,8235,12665,89"
13117,13117,"1290,8283,4413,4929,5061,10663,1334,9637,8336,1879"
13121,13121,"2789,10340,9443,11396,3950,11622,8707,10916,5673,4602"
13123,13123,"2343,544,4576,6971,13296,6834,10137,1290,5303,2989"
13125,13125,"8452,10506,3506,10340,8022,5642,7824,2990,5819,3106"
13147,13147,"1978,8421,217,13150,12990,10326,717,10916,11993,7197"
13151,13151,"682,12232,8569,4429,220,7715,2220,8205,491,7116"
13153,13153,"10326,331,4277,851,4798,1180,10594,10916,11282,6433"
13176,13176,"4163,1558,10674,1851,4576,2957,1290,9732,83,12869"
13180,13180,"6220,3870,5485,7707,3428,5545,13296,9799,5303,4413"
13192,13192,"11871,12156,1328,6626,8092,4946,4998,8178,10891,11590"
13194,13194,"8235,5875,7024,4715,4602,5524,931,13191,2567,7289"
13195,13195,"11871,6982,5303,4593,11993,1978,8421,3992,2169,7138"
13198,13198,"8421,9340,4277,4679,10326,12857,851,10594,811,331"
13231,13231,"3950,2380,12232,11843,3717,5545,2140,682,5303,5999"
13234,13234,"1290,4929,10663,7120,6243,12030,8567,789,12497,5135"
13240,13240,"4576,10581,789,6971,544,12869,10607,6610,10326,5135"
13273,13273,"2218,8235,3950,6220,2380,2789,3055,12026,8922,5303"
13276,13276,"4602,3950,3992,443,10913,615,11396,4011,9275,10224"
13283,13283,"8421,1180,11843,6788,8161,7833,1912,10462,2140,9771"
13297,13297,"5875,11029,7261,4715,2012,220,1340,6696,5625,12662"
13301,13301,"5549,7723,6166,4413,5966,8413,9799,9937,8472,8707"
13303,13303,"5495,11622,2910,4448,732,11772,10340,13346,11795,5592"
13321,13321,"1290,5135,789,9405,8302,6811,2885,11117,9962,9295"
13330,13330,"8703,7637,2855,2020,5149,5966,8247,9564,5279,2812"
13338,13338,"5135,789,9962,1290,13309,10607,11298,11775,9295,6811"
13380,13380,"6971,5303,2140,10326,9306,2291,7063,8022,2264,2380"
13389,13389,"1290,7120,4929,10663,6243,12030,4387,13101,2916,8567"
13390,13390,"8502,4602,7240,12225,3952,13381,4388,11791,11439,4053"
13391,13391,"1788,5999,8714,9072,4576,12793,544,6971,4117,1290"
13401,13401,"4277,275,9473,11000,8421,3950,3428,5495,1912,2411"
13403,13403,"9470,4482,6971,10550,8922,8235,1326,12944,1290,8636"
13407,13407,"350,2219,9580,4277,1018,1912,1290,4694,8421,4974"
13413,13413,"2291,9598,9306,4648,2149,10594,2861,3434,9340,5946"
13414,13414,"10607,11024,11298,1290,4576,2989,12903,11775,1779,10581"
13446,13446,"8421,2140,8590,6971,331,1634,10326,8161,5303,12990"
13472,13472,"7047,544,3464,4576,1090,6248,1891,12655,4028,4277"
13488,13488,"4482,8221,4798,13381,12578,12757,5642,6971,5303,13346"
13502,13502,"4576,2343,6220,2989,8590,13296,6610,10607,1290,4664"
13507,13507,"1290,7120,4576,10607,11775,1244,5135,11298,789,10581"
13512,13512,"8626,4256,227,10785,1225,11194,2169,11590,1377,8911"
13543,13543,"4277,8421,331,5303,10916,851,8161,9580,1912,9072"
13572,13572,"5303,8590,8421,10326,6971,9580,2140,331,811,544"
13595,13595,"1290,4387,12030,7120,10322,6243,4929,6971,5573,10663"
13599,13599,"5999,5495,2218,10835,5532,2822,2343,8279,10529,11357"
13608,13608,"2291,2140,2264,10463,9132,7063,5292,1912,7138,1421"
13609,13609,"9848,350,7480,5241,170,5796,500,478,5990,2016"
13630,13630,"2140,5819,6971,2380,9942,5303,2265,2218,5532,5866"
13635,13635,"1180,6338,8421,7803,10594,1223,11498,7138,10138,6107"
13645,13645,"2789,2567,6220,4798,5545,5485,3950,12857,8205,6326"
13673,13673,"4053,5999,10835,4117,3340,5622,3055,220,8235,4266"
13683,13683,"6220,5303,12793,1453,2140,9942,8922,6971,13296,2380"
13702,13702,"8235,6971,7024,11403,12026,3055,3088,8922,13191,7578"
13716,13716,"2140,6971,7707,10326,3950,2380,5303,9799,6220,8562"
13724,13724,"10607,4576,1244,2989,6971,10581,544,4664,11298,10137"
13746,13746,"6971,5303,2140,2380,10835,5532,2218,6220,11403,10326"
13752,13752,"10566,10434,8707,4740,5351,3672,4321,7723,10277,4413"
13756,13756,"1290,789,5135,9962,4929,10663,13309,7120,4387,12030"
13763,13763,"1290,5135,789,9962,7120,13309,11117,10607,10663,296"
13774,13774,"6220,13296,6971,7707,5303,8590,544,5485,10326,9799"
13776,13776,"789,5135,9962,1290,13309,11775,10147,10336,3539,6811"
13786,13786,"5135,789,1290,6811,9962,9405,5142,11117,13309,11088"
13788,13788,"6305,8356,9598,350,6643,9453,10658,2937,9340,9165"
13791,13791,"6971,1290,8922,7120,11024,2989,4576,544,10663,4929"
13810,13810,"6326,10326,8562,6751,10891,11540,2013,3870,275,12857"
13811,13811,"8421,8161,10916,1180,851,11282,9580,11843,1776,331"
13820,13820,"10919,9942,6554,10526,12100,5831,6428,589,12566,3776"
13826,13826,"7078,6628,11622,11707,2895,4654,3317,1405,7468,9532"
13840,13840,"6952,2770,8093,10352,1328,5241,12191,5305,3960,8092"
13841,13841,"11843,4277,12990,1776,6326,12665,9580,837,331,8161"
13852,13852,"8235,3509,11403,9942,89,12368,9600,931,6962,3950"
13858,13858,"7637,5149,5549,4698,5342,2020,5966,9564,13228,3515"
13865,13865,"9375,1210,4858,2806,9178,7739,1328,8911,516,5105"
13871,13871,"11384,1634,2140,12990,12857,851,6433,1223,10916,1776"
13877,13877,"7063,10986,7983,37,9306,4648,2291,4262,5386,167"
13905,13905,"10326,4798,8421,2140,2158,851,4277,9580,6971,331"
13924,13924,"7120,4576,10607,4664,11298,10663,296,5135,2916,789"
13929,13929,"8569,8421,10326,9580,4277,345,5303,331,851,9340"
13935,13935,"3428,8421,12793,6270,854,13346,3340,5610,3870,976"
13952,13952,"1290,789,9962,10607,5135,7120,13309,296,1244,4664"
13953,13953,"6522,7578,4486,4742,7832,6971,11227,5774,1290,11102"
13962,13962,"8421,2140,331,811,4277,2169,10326,851,8590,4798"
13965,13965,"4602,8235,5524,931,5761,5875,3055,3992,1585,9701"
13966,13966,"11754,4957,12374,10594,6588,851,9953,1769,11843,5470"
13974,13974,"11024,4216,4576,10674,4163,1558,2957,9732,7679,1851"
13982,13982,"1290,89,8235,10464,7471,7024,13191,8922,5135,6971"
13983,13983,"5999,4117,11357,5532,13112,785,7618,4743,2822,5199"
13987,13987,"8421,5303,3950,10326,1323,1180,2140,4277,13249,10138"
13988,13988,"1290,8590,7120,6971,2343,5303,10663,4929,2140,10326"
13991,13991,"5303,2140,8421,10326,4798,13346,6220,2199,6326,4865"
13995,13995,"13058,5199,11751,4266,8505,4602,5999,7087,8764,11289"
13998,13998,"5303,2291,2140,6971,8922,6588,4262,9306,331,10462"
14021,14021,"6220,13110,13296,7707,7792,12431,544,1863,13377,2411"
14028,14028,"11357,4266,785,10873,6383,5999,4117,9733,10835,5199"
14042,14042,"3870,6220,2218,5545,6659,3911,9942,10453,12665,8590"
14049,14049,"7637,8703,4205,2020,13228,12663,9954,5149,10332,5846"
14060,14060,"8505,3799,13110,2337,10835,6220,5545,4602,13306,2990"
14061,14061,"2676,13361,4559,8562,9570,9107,2585,1980,11872,5445"
14067,14067,"5976,1863,10429,7706,589,779,2327,7619,9083,5962"
14079,14079,"6971,5303,1290,13296,2140,275,7983,7138,12858,2343"
14089,14089,"2140,217,8421,10916,12940,2169,4056,851,10326,4882"
14097,14097,"8590,5303,10326,275,1290,12758,2140,8593,4798,12990"
14105,14105,"4163,4216,2957,1558,9732,10674,10687,7679,2769,1851"
14147,14147,"2140,7063,10506,6887,1912,7715,4786,7232,10241,12710"
14155,14155,"11540,6220,8562,12990,3950,2990,9455,1978,13346,6326"
14168,14168,"6971,10326,8421,2140,4798,5303,4277,331,9580,560"
14170,14170,"607,810,12779,6220,5495,9800,7881,2218,1316,7138"
14173,14173,"4576,544,10137,2989,5545,6610,10389,5672,13370,9942"
14174,14174,"2990,11540,7723,1478,3870,3106,3950,4323,7133,13097"
14196,14196,"3055,8235,2903,4199,7715,12579,10835,5073,11403,5532"
14197,14197,"2042,9739,8361,1127,5226,10566,10434,5250,6621,11368"
14202,14202,"5135,9962,10607,13309,1779,4036,11298,12256,11775,4576"
14204,14204,"2291,9306,13214,383,5939,2300,11609,3506,7439,4877"
14215,14215,"810,560,544,1912,2140,5303,12990,275,3628,689"
14242,14242,"4798,8421,10916,8819,5470,11993,6433,10326,10594,4277"
14244,14244,"6971,6220,13296,10326,2380,5303,13346,4277,9942,4798"
14249,14249,"1290,11117,12030,7120,1400,8703,13309,2286,4929,6243"
14250,14250,"9306,5946,12871,9771,165,13214,2291,8402,11461,383"
14256,14256,"10326,8421,9580,2140,5303,851,8161,11282,4322,12779"
14258,14258,"12534,1984,136,8714,2957,4163,4536,7375,5683,7971"
14280,14280,"6646,7303,5823,10304,11406,2910,10677,6982,4219,8205"
14318,14318,"6971,8590,4576,7120,544,2989,10663,6220,5303,11024"
14325,14325,"1328,350,8421,3770,12191,2004,2506,8092,10326,2169"
14328,14328,"8590,1290,4929,6971,10663,10326,2140,7138,6243,8421"
14329,14329,"11751,4457,5564,8425,9459,755,9136,5474,8293,9729"
14344,14344,"5303,2140,8205,2218,6971,5199,8922,7138,220,12680"
14366,14366,"1290,12030,4929,7120,8567,10663,6243,12497,4387,5573"
14421,14421,"5135,1290,9962,13309,3464,7120,2769,3570,3697,10336"
14430,14430,"8421,4277,2140,5303,10326,331,10792,11843,345,1912"
14435,14435,"10340,36,8413,1383,12575,8850,7723,5887,4296,10986"
14472,14472,"5999,5532,8590,5199,8922,4117,12026,2140,10835,3055"
14501,14501,"8922,6971,9229,5303,1978,6220,2140,8421,275,13296"
14509,14509,"8235,5875,7024,6971,12026,2789,8922,12662,9744,7053"
14516,14516,"8562,9937,13296,4698,8981,5149,7707,6166,2020,8590"
14521,14521,"10326,8590,2140,5303,2380,5999,6220,5199,8421,3950"
14553,14553,"7637,2020,5149,9937,8703,4698,6166,9668,6474,6892"
14561,14561,"7707,5545,13296,7983,8235,4413,4602,3870,12944,3950"
14562,14562,"10835,2140,6220,13346,2380,5303,4413,3428,4414,8235"
14567,14567,"9668,12589,2140,9299,453,13322,5615,9937,12026,10127"
14575,14575,"1290,10663,7120,4929,6971,5819,8590,2140,12497,8922"
14581,14581,"8608,6971,7578,8235,5532,7964,3909,2380,5303,5866"
14627,14627,"8235,7024,6971,12253,8922,12026,6678,12757,1290,9997"
14634,14634,"6220,13110,4413,7707,12606,5184,7723,7359,7983,9942"
14651,14651,"6351,2140,4262,11282,9443,6899,5303,2291,8472,11384"
14659,14659,"5999,11357,785,4117,2822,13058,11712,4053,2571,4459"
14670,14670,"10326,9580,4277,9340,350,716,1912,1854,8421,8161"
14684,14684,"6220,7707,7706,10429,13296,1863,6166,11103,12723,5976"
14691,14691,"8922,4101,8703,7063,7715,8053,5762,6971,1747,5819"
14695,14695,"6971,13296,4413,6962,9942,1290,5303,89,9799,8590"
14705,14705,"8421,1328,10326,4277,10916,350,2158,3781,2140,1223"
14711,14711,"1290,12030,4929,10663,7491,10241,7120,6243,10322,8567"
14723,14723,"12856,12035,10916,4396,851,5022,6213,2220,4010,1180"
14739,14739,"4576,4664,11298,10607,10389,11024,3222,9732,11918,4024"
14740,14740,"2140,8161,6971,5303,10326,8421,11282,2291,851,331"
14743,14743,"5999,4117,976,1788,5128,4053,3085,12026,11357,4118"
14747,14747,"4277,350,8421,2140,2158,811,12857,331,5303,1210"
14748,14748,"8235,13191,7983,7024,11403,3055,5545,89,4602,7707"
14764,14764,"8235,9890,7024,5875,1571,2490,49,10688,8922,7489"
14771,14771,"7707,9942,10429,6220,12606,7983,5545,4576,544,2343"
14780,14780,"8421,2140,560,331,10326,851,2158,4277,9580,5303"
14784,14784,"9580,8590,9848,12779,10326,10594,4277,8421,2169,4798"
14785,14785,"9042,1496,7178,43,9917,9800,5506,2962,1838,3368"
14798,14798,"10835,4388,2343,7966,4199,8505,4117,12582,3909,8608"
14801,14801,"6220,6971,544,2140,5303,2343,10326,2218,1220,9942"
14803,14803,"2140,10326,5303,8421,4277,9340,6971,4679,331,1912"
14821,14821,"5303,12758,4277,2140,10326,4798,8421,9580,8161,275"
14832,14832,"13296,10835,5199,8922,6971,1220,5532,10529,12680,2140"
14833,14833,"8590,6971,3950,8922,5303,13296,2789,9072,6220,560"
14853,14853,"6971,7792,9758,4430,12026,6220,7707,8590,1775,2140"
14854,14854,"13249,5610,8483,12990,11843,8421,5642,3491,6220,217"
14856,14856,"6220,13296,5545,5303,6971,8590,7707,9942,4414,8562"
14858,14858,"11357,5999,785,4117,5199,2571,1100,4053,2822,2443"
14864,14864,"9306,4877,9771,6724,7439,2291,7063,13214,12871,797"
14867,14867,"4576,11024,11298,1290,10607,10389,6576,6610,9101,4036"
14880,14880,"1851,7679,9732,11918,83,4163,4664,13370,4576,1558"
14890,14890,"6971,8922,10608,8205,12026,8235,4413,8472,6220,10241"
14892,14892,"10326,9693,6834,6220,8421,4277,6326,5303,13296,5545"
14899,14899,"11024,10607,4576,1244,1290,1851,11298,789,9962,5135"
14904,14904,"2343,7024,4602,8235,12788,6795,5524,5866,6834,4388"
14906,14906,"10607,4664,11298,11775,4576,12903,3570,9960,1290,11024"
14909,14909,"350,4277,9340,2158,6751,9328,12758,716,4694,7138"
14929,14929,"8703,9668,4698,9937,5149,5549,9799,12622,6166,7637"
14931,14931,"8703,1863,7637,5976,1487,6166,10429,5149,3122,7707"
14938,14938,"4798,8421,10326,2140,6971,13249,9580,10916,11384,3950"
14955,14955,"6220,2380,6971,10326,10063,8590,796,5303,2343,2140"
14961,14961,"1328,11590,8178,1377,5645,9453,3314,350,8092,12191"
14969,14969,"5135,9962,1290,11775,10607,1244,11298,3539,10674,4664"
14970,14970,"4277,8421,1776,331,851,1180,8161,9580,837,2158"
14977,14977,"4413,7707,6220,12368,1742,1225,8607,2990,3950,3870"
14991,14991,"5303,12026,6220,9799,2380,2140,13381,8922,4798,6166"
14993,14993,"2291,9306,4262,7439,4877,8452,9771,13214,10462,5946"
15009,15009,"8421,10138,1776,13249,8161,1996,6899,1957,7833,1223"
15014,15014,"4576,2343,2989,6610,10137,11298,11918,10389,10607,4024"
15028,15028,"7120,5135,789,296,3697,9962,10663,13309,10607,4929"
15029,15029,"4277,8483,217,717,13249,8421,7197,1180,4679,571"
15030,15030,"8188,4413,7723,2990,10340,3950,5839,8562,11800,1742"
15033,15033,"1634,6971,331,5999,2140,10326,4798,8421,8161,851"
15052,15052,"8421,8590,6971,9580,2140,5303,1776,12990,1290,851"
15062,15062,"6326,13346,13249,8562,8421,8161,1287,8510,12990,7673"
15074,15074,"6971,9942,8922,2343,6220,544,89,5545,13296,7707"
15081,15081,"8608,4053,5999,7964,5532,10506,6141,8274,10835,2220"
15082,15082,"4029,3563,9994,2436,10233,5251,7332,9296,11337,12621"
15097,15097,"2291,4877,9771,2149,7439,13214,13261,220,9306,2762"
15098,15098,"5303,6971,10326,8562,4798,8421,8590,6220,4277,560"
15107,15107,"1290,7120,4929,10663,5135,12497,6243,12030,789,8567"
15113,15113,"1328,12339,350,6659,811,4229,13296,10431,11462,6383"
15120,15120,"6220,13296,2380,8562,13346,3870,10326,5303,3428,3950"
15121,15121,"8421,4277,6971,4798,6326,10326,2140,8562,851,12857"
15122,15122,"5303,10326,2140,4798,10916,8421,10138,6326,3950,12990"
15141,15141,"3766,4277,8590,7886,11484,350,2158,6528,4641,8421"
15143,15143,"4798,6433,6971,10326,5485,2140,12990,331,8421,6220"
15148,15148,"10835,4602,8235,2903,5128,5532,12768,5199,7087,1286"
15164,15164,"6220,13296,7707,6971,2343,5303,5386,5545,2140,9942"
15165,15165,"7707,6220,9942,6971,2380,89,8922,4413,13296,5545"
15175,15175,"8421,10326,4277,851,2140,1180,9580,8161,4798,10594"
15186,15186,"1290,4929,10663,12030,6243,5135,12497,11117,1400,2916"
15189,15189,"8421,4277,10326,5303,331,6220,2140,9580,851,11384"
15200,15200,"5303,6971,6220,10326,2140,8590,4277,13296,9580,331"
15204,15204,"4915,1017,2140,9580,9340,8161,8421,331,10916,9938"
15205,15205,"1290,6971,8590,7120,5485,13296,6220,789,5135,12858"
15217,15217,"8235,3088,9668,12026,8922,6971,4266,9937,6166,9799"
15240,15240,"11024,4576,3238,7679,13431,12869,9732,10607,3998,1851"
15248,15248,"8703,3088,1487,6971,9668,1863,5149,7784,7637,4698"
15253,15253,"12990,8421,837,9580,8161,4277,10326,2291,2140,331"
15256,15256,"2899,7138,1912,2857,238,7063,3705,8822,8452,6957"
15260,15260,"8421,5303,10326,5999,9580,8562,11357,2822,1912,3950"
15265,15265,"11622,5592,13061,5700,287,5495,5673,5842,12309,2278"
15274,15274,"4029,5251,10233,10743,6129,13130,3563,11337,8401,6487"
15275,15275,"13214,383,11609,8235,8402,12871,2065,7063,4877,2300"
15282,15282,"560,8205,9880,12793,4101,8421,8590,6270,976,1996"
15294,15294,"4388,3909,4266,10835,5999,7964,7578,1100,5532,4117"
15304,15304,"1290,5135,789,9962,13309,10607,7120,1244,3697,296"
15330,15330,"6220,13296,5545,544,6971,4576,2343,6283,7707,9693"
15331,15331,"10529,3055,8987,4602,4006,7705,4946,5240,3950,5199"
15332,15332,"2291,3464,6248,9306,5946,8407,98,12871,383,7047"
15339,15339,"10429,5976,1863,3487,6220,7619,779,7707,13436,9083"
15387,15387,"1863,10429,3487,589,6220,7706,12606,7707,9083,7619"
15391,15391,"8590,6971,6220,2343,89,10326,13296,544,2218,8922"
15396,15396,"2380,6971,9799,6326,4798,2990,6445,4413,2199,5303"
15397,15397,"9229,1286,8235,6166,2343,6971,5303,7715,8922,5999"
15421,15421,"9306,2291,9771,13214,5946,12871,383,11609,4877,7439"
15427,15427,"1290,7120,10663,4929,6971,8590,2916,296,6243,1244"
15434,15434,"9083,4576,3487,10429,589,2327,1290,4664,9689,1863"
15441,15441,"8590,6971,2218,1746,11622,8922,9229,13296,11751,1286"
15444,15444,"6971,9229,8359,89,5819,7024,5303,8053,12026,6445"
15457,15457,"6220,2140,10326,4798,6971,3950,6326,8562,3055,5485"
15466,15466,"3950,13249,11000,9309,217,36,1225,8562,12847,12543"
15475,15475,"13249,6107,12857,10138,13257,9338,5610,10340,5177,8421"
15483,15483,"4576,11024,1290,9295,11298,5135,789,10674,10607,5142"
15487,15487,"7024,8235,5875,7289,6509,4715,12662,13191,5375,1102"
15500,15500,"9771,9306,4877,7063,5946,7439,13214,37,362,5747"
15511,15511,"12339,698,2218,6220,2343,785,9532,11357,2822,3909"
15515,15515,"11784,220,12309,7707,4413,6220,4414,3870,3055,8562"
15519,15519,"8235,7578,6971,6522,11403,9886,12579,3055,2265,5819"
15534,15534,"2343,9693,1105,3909,2218,6420,4605,13296,6971,1220"
15545,15545,"1290,4576,10137,4028,11775,2343,7120,544,10607,6610"
15553,15553,"4576,11024,2343,10389,9693,12869,11918,6610,2989,5545"
15556,15556,"5495,10986,11772,7707,12470,3545,8413,8681,11326,3870"
15564,15564,"7063,13249,8421,2264,11384,13346,9580,11843,37,2140"
15567,15567,"4163,1558,8342,2957,10674,1290,4216,7120,8810,4793"
15582,15582,"8848,4915,5642,4608,6326,12857,12797,7197,12875,2563"
15585,15585,"8421,10326,4277,2140,9580,4798,851,331,5303,1776"
15587,15587,"8413,8562,2380,11540,66,3950,9338,5610,2218,5642"
15589,15589,"6971,8590,2140,5999,7243,11357,6517,2380,8421,10006"
15590,15590,"9693,5999,6795,2771,10835,5866,13306,8279,2218,6834"
15595,15595,"8235,6522,3055,1100,3909,7526,5999,10002,11886,7832"
15611,15611,"12497,2916,5135,3697,789,296,6243,13309,9962,10607"
15613,15613,"3340,3950,2789,8235,11751,3055,12107,13346,2567,11784"
15632,15632,"2380,6220,5303,10326,9942,544,12665,13296,7707,3870"
15633,15633,"3809,275,2140,9306,10326,8593,5025,1634,2291,9072"
15639,15639,"5999,5303,4117,3770,8421,6971,1408,1220,13218,9580"
15648,15648,"851,331,8161,4277,2140,10326,9580,1776,6971,4974"
15652,15652,"1912,9340,2140,9580,3770,8421,3766,1634,2007,4798"
15683,15683,"6220,13296,5545,7707,4413,8922,89,9942,8235,12606"
15688,15688,"4413,6220,7723,7707,8681,9942,13110,5545,6166,8562"
15703,15703,"4413,8413,10340,7723,5673,10896,4602,4090,11622,1598"
15708,15708,"4213,2724,5879,2385,5346,10125,141,11040,4464,839"
15714,15714,"8421,10326,2140,7138,331,8590,4798,13249,9580,811"
15719,15719,"4277,331,8421,851,2140,350,9580,12990,10326,4798"
15727,15727,"8235,1230,4430,8922,7715,4413,11180,844,5583,3055"
15728,15728,"1290,12030,5573,4929,4387,8567,10322,12474,6243,7120"
15735,15735,"8590,4262,2140,12758,9580,2808,5303,12990,1912,1018"
15736,15736,"4453,31,4853,4118,7717,5177,12793,6220,1681,10034"
15739,15739,"1290,7120,10607,1779,12903,11024,4664,2989,10663,3464"
15742,15742,"6971,89,4413,2990,11540,538,7710,13346,8421,1978"
15764,15764,"9453,11590,1377,7739,10891,10431,716,12226,10732,8822"
15773,15773,"2291,4877,7439,9771,851,10340,6982,1912,7578,4244"
15774,15774,"2957,4216,4163,1290,8342,6811,1851,10674,9732,8650"
15786,15786,"4576,1290,11024,4664,10137,1779,10389,544,6610,12903"
15789,15789,"9489,6621,8822,9340,9105,5470,4025,12747,4277,8421"
15796,15796,"2343,6220,3799,1598,3977,2645,10326,1210,9072,9584"
15800,15800,"3871,5495,7490,2328,9718,5177,12470,6325,12668,9733"
15802,15802,"1290,4576,10607,7120,296,5135,4664,11298,11024,789"
15812,15812,"8421,4277,331,5303,851,811,1634,12857,9580,2140"
15815,15815,"8503,6751,9473,10154,9737,7975,4108,11666,11115,11320"
15828,15828,"6220,10132,4277,2580,8562,811,1598,4414,3950,10326"
15831,15831,"9170,4664,13309,7120,9962,789,5135,1290,6322,7265"
15840,15840,"350,4277,9340,9328,1328,2158,12404,716,5155,4453"
15845,15845,"10340,4413,7723,4947,2990,11540,12331,2789,4101,5549"
15847,15847,"10799,7485,3361,1943,11986,4870,10315,4180,8334,8773"
15856,15856,"4798,11282,1996,851,12857,2140,8562,12990,10326,8421"
15861,15861,"4163,2957,1558,4216,4688,789,9962,5135,8342,3722"
15862,15862,"789,9962,5135,1290,7120,4576,10607,12903,1779,9960"
15871,15871,"8076,6751,9473,9247,5495,12831,7395,8699,12375,6074"
15872,15872,"3055,9733,3950,5610,1286,7705,11097,4323,11540,4924"
15883,15883,"1290,7120,10663,4929,6971,296,10607,9295,1244,2916"
15886,15886,"1863,5976,10429,779,9083,589,2327,7706,1487,6456"
15888,15888,"9942,6220,13296,2380,5303,2343,12665,4414,6971,454"
15898,15898,"8421,331,4277,1017,11843,1776,3950,10326,6971,1634"
15919,15919,"6842,773,64,7312,8198,50,2343,8900,6795,2657"
15922,15922,"1290,5135,13309,9866,7120,3697,4929,10663,6811,12497"
15931,15931,"5251,589,10743,7637,375,2020,3114,10233,8593,11614"
15941,15941,"12606,8188,7707,9942,6220,8562,1863,4413,10429,5976"
15943,15943,"8022,6899,10340,7824,220,8161,6588,1872,3506,10437"
15956,15956,"6220,6971,5545,5303,3950,8562,3055,1634,12665,1286"
15958,15958,"6971,1290,5303,2140,8922,6220,89,9229,8590,13296"
15960,15960,"2140,7063,13346,7138,5819,12990,275,8421,10326,1018"
15973,15973,"475,921,12406,6601,11417,5979,8360,12330,3222,1438"
15977,15977,"1290,789,9962,13309,7120,10607,3697,5142,1244,11117"
15994,15994,"4413,11650,7723,3577,13110,4602,10468,11800,1478,3888"
15995,15995,"1290,7120,6971,4929,10663,5135,12497,789,1400,6243"
15996,15996,"13296,6220,13346,10326,4679,7084,1808,1210,2580,12916"
15999,15999,"220,11396,10470,5610,2108,1996,3950,13097,10138,1543"
16060,16060,"6971,5303,1290,8922,2140,2218,10326,6220,9229,7120"
16069,16069,"2958,220,9380,13346,1978,8421,9580,2741,10138,9275"
16076,16076,"4576,1290,544,10607,6610,1244,11024,2989,11298,4664"
16085,16085,"12191,4097,11999,10891,9200,13262,10941,500,1377,6306"
16089,16089,"8703,9668,7637,5149,4698,9937,2020,5342,6892,1662"
16097,16097,"8421,4277,10326,1912,851,9580,331,5303,2140,1180"
16112,16112,"13097,1030,997,4384,6505,9078,3525,11751,5025,4726"
16116,16116,"9953,4562,331,1180,10594,11282,8421,2395,6515,9580"
16137,16137,"350,2140,9580,10462,1634,716,3766,4068,1180,10077"
16150,16150,"1323,13359,3950,3992,3565,13249,10520,393,1180,9489"
16174,16174,"12575,10952,4413,4485,4468,1847,9547,4090,11599,9575"
16176,16176,"10726,11910,11537,4460,4413,7802,3340,5579,11772,1478"
16210,16210,"1290,7120,4929,10663,5135,13309,789,12030,6243,9962"
16212,16212,"10326,9455,8421,12990,13346,1180,8562,3950,2218,5303"
16230,16230,"10326,8421,8590,1328,5303,2140,4798,11843,7138,331"
16245,16245,"4277,8421,717,9340,7197,811,9234,4525,2598,12990"
16293,16293,"8221,6220,3950,13346,4482,10608,2990,4413,9455,2199"
16299,16299,"1290,2870,5135,8590,9962,12339,789,10607,7120,13309"
16300,16300,"10429,1863,7637,7706,11103,3542,3487,1487,7619,589"
16303,16303,"1223,10340,1788,11004,6751,2091,8746,3281,5610,12857"
16305,16305,"1290,89,6971,4576,12665,7120,5303,8590,789,8714"
16314,16314,"2140,4277,12990,10326,8421,331,4798,5303,1210,4679"
16328,16328,"3488,13160,9699,7088,5025,11010,6584,652,3458,240"
16340,16340,"1290,7120,789,5135,9962,6971,10663,4929,13309,544"
16351,16351,"13340,3628,1328,13249,2158,3770,10573,12121,10869,2150"
16363,16363,"12457,5495,8953,4043,2343,5532,7707,9886,6638,9942"
16376,16376,"7063,5303,2140,2264,37,2291,6971,2169,1912,11384"
16387,16387,"598,3274,112,8190,10434,12104,5880,6326,6899,10566"
16395,16395,"1978,10608,2140,275,2476,6220,5485,6971,10241,12990"
16414,16414,"1495,11821,5545,7707,4430,842,7466,3581,11103,6166"
16416,16416,"10506,3506,9306,5819,9454,8452,7715,9738,7063,13214"
16418,16418,"5303,2218,8590,6220,2265,11029,2140,5875,12156,560"
16471,16471,"4576,11024,2989,10389,4664,1290,11298,10137,1244,11918"
16489,16489,"8562,4798,4413,3950,6326,4101,11048,12331,10340,10138"
16497,16497,"8235,7578,220,5875,8922,3909,7024,10835,2548,5524"
16509,16509,"2140,10608,2291,2264,4877,6887,1912,9306,7439,9668"
16510,16510,"4413,2789,454,2218,3950,2567,11784,931,3340,9449"
16521,16521,"789,5135,1290,9962,10607,11298,11024,4036,4664,6811"
16524,16524,"4868,8540,5241,1328,4054,8093,12824,10107,1377,10352"
16582,16582,"5482,1926,7136,3275,7609,8235,7024,12253,13191,7986"
16592,16592,"7707,6220,6971,8922,10429,7983,1290,3088,6166,9799"
16604,16604,"1290,7120,4576,3222,10607,1244,11298,12655,10674,544"
16605,16605,"4576,11024,544,6610,4545,11298,10137,4664,1244,12869"
16617,16617,"4576,11024,10607,1290,4664,2989,6610,11298,1779,13370"
16622,16622,"4576,10607,11024,11918,4664,11298,11775,1851,10389,3238"
16624,16624,"7238,3950,7441,4413,10138,11396,1598,12787,4296,6414"
16628,16628,"6646,13380,11406,1361,10304,5823,8084,4924,3340,5592"
16633,16633,"1290,7120,4929,6243,6971,8567,2916,4387,8590,12030"
16646,16646,"9083,11615,13269,8981,6523,58,5149,10429,1863,7706"
16651,16651,"11384,50,4277,8421,12404,3950,1859,7867,1978,3428"
16654,16654,"6971,12793,5303,4117,11357,8421,2140,4315,2380,10326"
16673,16673,"4947,11396,220,4413,13346,1478,1957,6326,11540,12793"
16675,16675,"6220,8421,3950,6326,5303,8562,13346,11540,10326,2380"
16677,16677,"10835,6971,2218,5532,7578,9886,8205,11751,3340,10795"
16679,16679,"11732,12641,52,3738,2448,13375,12987,11121,5497,2178"
16686,16686,"9962,789,5135,10607,4664,3539,1244,1290,13309,11298"
16695,16695,"4277,8421,3950,4798,851,331,1634,5303,2140,10916"
16704,16704,"11772,3992,5749,57,9407,802,10993,8801,12153,8850"
16709,16709,"4413,6220,12606,3799,9410,5545,12944,10429,9729,4602"
16773,16773,"8421,4798,11843,1996,9098,12857,9580,851,1223,8527"
16774,16774,"6899,9443,1180,9885,3950,8421,3072,5977,3295,8575"
16797,16797,"4947,4413,3428,4602,453,2990,1478,12278,4414,12368"
16803,16803,"7063,37,91,2196,4915,13040,3200,12156,9306,4014"
16804,16804,"8421,4277,10326,4798,10916,1180,331,12857,2140,851"
16806,16806,"2140,5303,7138,7983,8562,5731,8593,4266,7707,1018"
16810,16810,"6220,3950,2705,3340,9942,1598,1249,7684,1408,3828"
16836,16836,"581,350,9423,6788,6558,2158,4679,9936,2748,950"
16844,16844,"140,3403,9129,7160,11814,8145,2414,3799,10132,1422"
16861,16861,"2957,4163,1558,4216,6960,11020,10674,5135,9962,1851"
16875,16875,"3055,4798,6971,2789,10340,9799,4101,9880,2140,2990"
16936,16936,"13346,3950,12857,8421,4798,6141,10916,1978,12665,6220"
16946,16946,"8421,217,13257,8562,13249,12857,6326,5642,1180,9880"
16965,16965,"2140,5303,8421,10326,6220,3950,4798,4865,851,12680"
16987,16987,"2140,6971,5303,8421,10326,8161,851,8590,2291,4798"
16988,16988,"5875,7024,8922,12026,13191,7489,3016,7578,6529,10778"
16989,16989,"8562,3950,13346,7900,2380,3870,13296,6925,7558,6326"
17007,17007,"8703,9668,4101,7715,8472,8053,9937,4698,6892,11180"
17016,17016,"4117,11357,785,2905,4053,10326,7547,5532,1996,5199"
17030,17030,"11406,4486,12504,691,8421,11843,7578,2910,3532,4068"
17034,17034,"8421,10916,10326,4798,4277,5303,9580,331,12857,13346"
17054,17054,"3458,9340,5177,220,560,4277,5610,331,12359,8421"
17056,17056,"1328,12191,6306,9848,10891,2334,8092,170,2164,350"
17084,17084,"63,11772,9203,7802,2343,5495,5303,11308,6220,5485"
17098,17098,"7707,1824,9083,11103,4277,7808,11195,2844,5303,7063"
17102,17102,"6971,2140,5303,1912,5999,8421,10063,10326,3055,12793"
17109,17109,"8746,5700,5673,1788,11572,11726,6287,9908,8321,2624"
17112,17112,"6971,1290,2140,544,8590,10326,2218,7120,6220,8922"
17119,17119,"6971,857,4798,2140,10326,5303,10916,12680,9580,1220"
17124,17124,"7707,6220,13296,5303,2013,6971,4414,560,9799,3870"
17141,17141,"6971,2140,12026,5303,6638,10326,5999,9799,4798,12680"
17160,17160,"4163,2957,10674,4216,4277,6220,1851,8629,4940,8483"
17179,17179,"4413,8413,3870,1478,12793,2380,11784,220,8221,1598"
17189,17189,"9340,8421,4277,6433,10326,7197,9105,4679,11939,331"
17191,17191,"7637,9937,5149,4698,8981,8703,2020,6892,6166,13228"
17194,17194,"11843,8421,10326,1328,4453,2158,3950,10730,12857,13257"
17195,17195,"5999,11357,5199,785,4053,2822,11712,10835,5532,2571"
17200,17200,"4576,10137,10389,10607,4664,11024,6610,11298,1244,4028"
17212,17212,"4947,4413,6220,13296,2199,12029,2990,13110,5124,9600"
17218,17218,"10835,4117,5199,4199,5999,8279,2822,11357,11406,7867"
17232,17232,"1328,11843,9234,4843,1426,10891,5155,217,7197,4153"
17242,17242,"4277,2140,7138,8421,10326,9580,4798,1210,331,1776"
17255,17255,"4602,2789,4413,11784,454,220,7723,3340,3950,2567"
17262,17262,"10607,11298,789,5135,4576,11024,9962,4664,11775,1244"
17275,17275,"4413,6220,3870,2380,1598,9410,9799,5545,9729,9942"
17276,17276,"9234,4798,4277,6326,10326,11495,13211,12787,8421,9880"
17278,17278,"589,987,1863,4250,5962,7706,3334,2113,7637,6040"
17283,17283,"6971,6220,2218,8922,9229,6962,5303,13346,1290,2140"
17284,17284,"2624,5999,3282,5060,12034,10388,8232,12552,9443,11357"
17295,17295,"2905,5999,1996,3428,785,11814,11712,11357,2822,1978"
17298,17298,"4576,1290,544,6610,2989,6220,10137,4664,11024,10389"
17319,17319,"9942,6220,13296,5545,7707,4413,1598,9729,275,3870"
17320,17320,"11918,4576,7679,10997,10137,10389,4664,1779,11024,4024"
17325,17325,"6220,10835,5532,2218,10063,3909,1286,89,6971,2380"
17330,17330,"7024,5875,8235,7289,13191,12662,1571,3016,6089,4715"
17334,17334,"4163,9732,2957,83,6960,10607,9962,789,11775,1851"
17346,17346,"10082,4413,13380,7723,6646,2237,9828,8183,7303,1302"
17352,17352,"5999,4117,2571,785,4053,3055,11712,2905,3577,4459"
17353,17353,"1290,789,8703,5135,5962,8302,13309,1863,9564,8554"
17396,17396,"8421,2140,10326,5303,12875,9580,6971,4798,8161,10608"
17408,17408,"8421,4277,9580,560,2158,11000,10326,217,3950,4679"
17414,17414,"6220,12813,11843,3422,2108,4323,220,4448,5002,11751"
17422,17422,"2957,4163,4216,8358,10981,6416,7889,1558,12122,2938"
17424,17424,"2140,1912,10326,7138,4277,8421,8590,1328,12990,3770"
17427,17427,"2339,9484,4738,4983,1487,5065,12021,5432,8382,5149"
17432,17432,"8562,3950,2990,220,4924,11396,607,11384,3050,7710"
17434,17434,"8922,5303,6971,8590,10326,976,2380,9733,6166,8421"
17439,17439,"7063,13296,13110,9600,13249,12606,12368,7707,8562,6220"
17442,17442,"6220,13296,5545,10429,6971,1863,10835,6283,8562,9942"
17449,17449,"10340,3950,2789,4413,3106,11540,6326,11622,5673,9443"
17472,17472,"12611,5199,2905,4199,1408,8590,10835,4117,5338,6782"
17509,17509,"1290,1244,4664,4576,5135,13309,789,10607,11298,7120"
17522,17522,"7024,8235,1742,4413,7053,8333,931,434,9952,1326"
17527,17527,"2291,1912,2140,9865,7138,8452,4679,12733,9340,7439"
17535,17535,"1290,7120,4929,10663,2916,4387,8098,12497,12903,5573"
17540,17540,"280,2140,7063,37,1912,6751,11019,5302,8452,4679"
17541,17541,"1290,10607,1244,4576,4664,5135,789,11024,2989,3427"
17551,17551,"4798,11282,142,5303,5999,8421,8161,12990,9580,11000"
17564,17564,"11284,8421,1180,9164,10561,7248,11202,1084,6899,11922"
17565,17565,"1948,9848,6071,350,12191,13262,6306,500,10941,7973"
17581,17581,"11871,5610,3507,8421,4277,10326,3774,10138,12385,9880"
17596,17596,"5303,6971,3428,6220,9072,1598,560,8018,4277,8421"
17601,17601,"4413,7723,10340,2990,3106,8707,11784,3950,454,11540"
17611,17611,"12378,2867,11635,6503,12295,2205,10395,10507,7723,13296"
17612,17612,"11594,4861,8590,4277,1323,13296,8421,10326,6383,11590"
17620,17620,"8235,4602,3055,2990,7983,10835,4413,11784,8413,12579"
17627,17627,"8235,10835,1156,914,12026,5532,2343,2537,13381,2220"
17634,17634,"8981,7637,1863,5149,1487,13269,6938,9083,2643,8703"
17649,17649,"4277,8421,2140,1978,10326,2158,8562,6220,1776,10916"
17654,17654,"10504,6655,5474,3055,10353,12813,7578,8452,10589,8092"
17659,17659,"9668,7637,8703,4698,5149,2020,6166,9937,7064,8981"
17666,17666,"1290,6971,89,7120,4929,10663,8590,6220,5545,12368"
17674,17674,"7916,8132,7285,11000,12439,2544,560,2452,9711,5006"
17684,17684,"8421,4277,4025,1640,4898,1328,3292,652,2166,4453"
17708,17708,"8421,9105,6588,12779,4479,10326,2926,3072,1543,10792"
17709,17709,"1478,1897,3870,9846,11016,3428,4153,13346,5303,11396"
17741,17741,"12026,6971,7578,5303,6962,2789,11622,9744,2567,3055"
17752,17752,"9375,6060,8911,6307,5494,1213,10739,5105,10441,4858"
17765,17765,"2343,8235,10835,11403,5999,5532,89,3909,6971,64"
17770,17770,"7637,8703,5149,2020,2847,6938,13228,12663,9668,10332"
17814,17814,"2218,3275,6220,6971,7707,11806,7983,8922,5303,13296"
17818,17818,"10987,146,12156,11574,8158,6626,1390,2867,5011,8038"
17822,17822,"1290,8302,11117,12030,2286,2339,9405,8554,1400,11088"
17826,17826,"2140,8421,4277,9580,10326,331,12990,8590,1776,851"
17827,17827,"4576,1290,10607,11298,4664,1244,1779,7120,10389,13370"
17840,17840,"13296,1018,11615,7707,8703,1856,9083,8590,3487,9668"
17843,17843,"2218,13310,11772,7609,7986,8413,205,1286,9338,7136"
17864,17864,"12785,6639,3980,5992,13329,8746,4908,7890,2697,9489"
17871,17871,"7637,8703,5149,10429,1487,4698,9668,8981,3088,2020"
17881,17881,"4277,10326,1210,7779,9580,12665,2091,5303,10337,6220"
17928,17928,"6166,10326,13296,6220,5386,8562,10608,4798,2091,9733"
17931,17931,"9375,7721,5760,7220,5105,5494,5103,6307,10739,6060"
17933,17933,"5437,8413,3340,4602,4199,13340,839,4413,9203,1286"
17953,17953,"2140,8922,8590,2380,12026,5303,6220,1299,7707,9799"
17970,17970,"931,1585,2567,4413,454,8235,3317,5524,3950,10237"
17977,17977,"2169,8421,4915,851,5303,11180,6899,12793,8562,5386"
17982,17982,"9962,10644,7817,4613,3886,13027,1290,1241,12306,9837"
17995,17995,"8302,1290,5549,7487,12030,6971,8922,2339,3088,2286"
18002,18002,"8421,851,331,10594,4277,10326,7833,4322,11282,1180"
18006,18006,"8028,10429,7345,2869,2058,12723,5976,1863,2137,7637"
18023,18023,"2140,5303,2291,6971,2264,7063,275,13214,1912,12990"
18024,18024,"7439,9771,4877,5747,2291,13214,5946,9306,12476,10912"
18047,18047,"5545,4413,4602,6795,386,10989,9502,723,1595,454"
18050,18050,"2218,6971,5303,2140,9942,6220,8922,5532,8235,12665"
18078,18078,"8421,2140,5303,10326,331,851,9580,4798,8161,6971"
18086,18086,"1290,6971,789,5135,7120,9962,4929,10663,2140,13309"
18093,18093,"1290,10674,2957,4163,5135,1558,8342,10102,420,9962"
18115,18115,"4277,8421,4679,2140,331,851,12385,7462,1776,4453"
18122,18122,"7637,5149,8703,2020,8981,9689,10429,12723,1863,7706"
18124,18124,"6971,5303,8922,2140,10326,1220,1290,1747,12026,12680"
18127,18127,"1290,5135,789,7120,9962,10607,10674,10102,13309,4163"
18133,18133,"3950,13249,8562,1328,13346,1640,4453,8421,9733,3992"
18148,18148,"5999,11357,4053,3340,2218,4199,4117,4743,8505,2822"
18155,18155,"2867,12378,6503,2205,10395,10291,3907,9509,1947,276"
18158,18158,"4576,12655,11918,3464,10389,10643,1851,11532,83,13370"
18166,18166,"9072,9234,5303,10326,3950,2140,5109,13249,1426,11843"
18167,18167,"4277,6220,10326,11010,13296,6433,9072,12067,5025,6638"
18169,18169,"9306,5946,12871,13214,8402,2291,383,2149,165,9771"
18175,18175,"7024,13191,12253,4715,12662,10835,7289,3909,7489,3127"
18178,18178,"11622,2990,10340,13346,220,2380,11751,3950,6326,5642"
18214,18214,"1290,7120,10607,10663,11298,11775,296,4929,5135,4664"
18217,18217,"8421,7138,5303,2140,560,8562,13346,9901,12385,4798"
18226,18226,"1290,4576,10137,4028,11775,2343,7120,10607,544,6610"
18229,18229,"5303,6418,7673,5549,4332,5532,5999,10340,8221,1384"
18236,18236,"6341,5572,170,9546,3825,4049,12248,10940,2184,8999"
18240,18240,"3950,8235,3992,3509,5545,9942,931,3055,13306,1598"
18262,18262,"6220,5485,13296,5303,2380,3950,5545,4413,3870,1598"
18266,18266,"4576,10137,4664,11024,10389,544,10607,11298,1244,11918"
18272,18272,"3950,3870,6971,2380,5303,6220,8421,2218,4798,13346"
18292,18292,"8562,6220,3950,7707,13346,3870,5145,9799,13296,13110"
18299,18299,"12779,6220,5303,4277,8421,10326,811,2172,9072,2140"
18321,18321,"6525,13168,4560,856,7334,12424,11337,3911,11853,8265"
18338,18338,"5545,13296,2343,3127,89,9942,6220,3577,2013,2645"
18339,18339,"4277,8421,1776,1180,851,7197,331,9580,1223,9340"
18341,18341,"8707,11784,4321,12104,7705,6899,4262,11180,10340,3247"
18355,18355,"1290,7120,5135,3697,789,10663,4929,9962,296,9295"
18364,18364,"6971,1290,8922,544,6220,7120,89,1220,8590,4576"
18368,18368,"4798,1978,2140,5303,8421,10326,560,6971,1634,4277"
18393,18393,"6971,2140,9771,2291,12680,2264,9132,4877,4798,5292"
18409,18409,"8885,7941,10006,1180,3766,6362,1328,4025,8421,455"
18434,18434,"10326,12990,9580,331,9340,7197,8421,5303,4974,4798"
18440,18440,"4413,5545,4414,9410,6220,1478,13346,3428,931,3870"
18446,18446,"6971,2343,5999,10326,8590,10835,2140,5303,4117,6638"
18467,18467,"2140,2380,8562,3106,7503,11048,6320,12990,725,4933"
18475,18475,"1290,2218,6971,6220,13296,7120,7715,10663,13310,4929"
18487,18487,"9937,6166,6220,13296,9799,4101,4698,12680,4798,4315"
18489,18489,"342,4798,544,2140,6914,4898,4277,10798,9938,2343"
18499,18499,"1006,3296,6335,10181,2973,4904,12875,10500,11688,4703"
18505,18505,"6220,8562,5303,6971,10326,13296,4798,8590,2380,8421"
18525,18525,"10326,8421,331,4798,6971,851,8590,8161,9580,12857"
18530,18530,"9953,2395,851,11843,6280,9155,9880,13054,2882,11760"
18539,18539,"8703,7637,1487,1863,9564,3122,589,5149,10429,9689"
18546,18546,"2343,9693,64,89,8235,6834,5999,10835,5532,8279"
18579,18579,"3799,4277,3950,11384,2411,10326,8421,5610,5109,9072"
18585,18585,"5999,10835,5532,3909,2343,4117,10529,5199,11357,4388"
18595,18595,"50,12779,8265,11000,5303,2007,8421,1912,4277,6023"
18648,18648,"11000,1912,8421,7232,11843,9309,4323,5177,12309,5999"
18679,18679,"5875,4602,3950,7024,1585,4413,5524,8235,2145,13191"
18683,18683,"13296,7706,7707,1856,6220,9937,10429,2343,5976,11462"
18687,18687,"1290,11024,11298,7120,11775,4036,1779,12903,4576,4664"
18718,18718,"6971,6220,2140,9799,5303,13296,7707,5485,4798,9942"
18741,18741,"11622,5673,10913,1530,6982,8746,12309,380,5700,11751"
18760,18760,"1290,6971,5135,7120,789,10464,13309,9962,1244,4664"
18771,18771,"1912,220,10835,5999,3340,3428,6270,7547,8505,2411"
18787,18787,"8421,331,2140,5303,9580,2556,4721,8675,11282,7439"
18788,18788,"4413,7723,10340,3106,9799,4323,12857,8413,3870,10138"
18789,18789,"9798,7836,5610,13058,4266,1091,10778,66,6655,536"
18798,18798,"3950,8562,1323,6220,10224,6326,9942,9729,4602,2380"
18800,18800,"5731,12665,847,275,7063,7383,9306,10642,12346,13076"
18805,18805,"11772,11622,11795,4413,11751,2990,6982,9410,8413,2127"
18806,18806,"789,9962,11775,10607,4664,11298,8475,9960,10336,1779"
18812,18812,"8235,6971,12026,8922,6962,6220,2218,8590,7983,12944"
18818,18818,"8590,6659,4256,6402,2875,1377,12339,4861,3321,8178"
18830,18830,"491,2789,2380,4413,9799,220,3106,10340,3950,6899"
18835,18835,"1290,4576,10607,789,1244,6971,10663,4929,5135,544"
18839,18839,"11622,517,6982,9668,5836,5549,5673,10340,10410,6123"
18851,18851,"9799,4946,7063,8022,11609,4838,1747,10608,11784,5485"
18854,18854,"5303,8421,2140,8161,12875,6971,6515,9580,7578,851"
18864,18864,"4277,331,2140,851,12990,10326,4798,4525,7197,12857"
18865,18865,"7063,3088,8703,6892,1156,1487,11615,8235,3138,7637"
18874,18874,"4576,544,4664,2989,1290,6610,10607,11024,10137,10389"
18875,18875,"2789,9443,2567,9338,9449,12138,773,10027,9264,5999"
18879,18879,"1558,4163,10674,2957,4216,7669,9732,7679,8810,3464"
18882,18882,"4576,6220,1863,5545,7707,7892,6971,544,12775,1290"
18895,18895,"4602,11622,2990,8235,4413,11751,3055,3992,2567,931"
18903,18903,"5303,2140,10326,6971,4798,560,8590,1912,4865,6326"
18913,18913,"10326,2140,6971,5303,11282,4798,8421,9340,10916,8205"
18934,18934,"1290,789,5135,9962,7120,13309,6971,10663,4929,3697"
18935,18935,"6971,5532,8590,3909,5303,8922,10835,1290,5199,2218"
18981,18981,"7792,6971,8235,9454,12026,10241,11286,4413,1286,2218"
18985,18985,"6971,8922,2140,5303,9668,6220,1290,8703,8590,1747"
18987,18987,"6243,12030,8567,4387,13101,5573,2916,12497,10322,12474"
18990,18990,"4277,11384,5303,8421,851,6220,331,10077,12359,10326"
18996,18996,"12026,6971,8235,5199,5999,9504,2443,7578,1408,9443"
19010,19010,"4277,8421,331,10326,9580,1776,10916,12990,8161,851"
19016,19016,"1290,4576,9438,7120,4286,10607,2989,11775,4664,11938"
19018,19018,"9598,11193,1328,473,2703,12191,9936,10034,11760,5352"
19029,19029,"2140,7138,8421,5303,2958,2291,7063,12990,1912,6515"
19060,19060,"5545,6970,9826,1598,9942,12313,5487,12916,6220,13110"
19069,19069,"1290,7120,6971,10663,2140,4929,8590,296,5303,12497"
19084,19084,"2140,4798,8421,4277,10916,10326,331,12857,12990,5303"
19086,19086,"1290,6220,4576,1863,4664,10429,2989,1244,9942,7120"
19105,19105,"1290,7120,4929,10663,6243,2916,12497,8567,12030,4387"
19110,19110,"1290,5135,789,9962,7120,13309,4576,1244,10607,4664"
19135,19135,"350,1328,8093,1948,10201,12824,9568,134,6306,8149"
19144,19144,"12606,8922,8562,10537,6166,8235,5303,953,11403,12680"
19154,19154,"1546,9800,5111,4449,6709,3585,6982,2910,1473,3763"
19168,19168,"4277,8562,10326,8421,12990,331,8590,9580,4798,13249"
19173,19173,"4387,5573,10322,12474,8922,6971,7637,12559,4083,3138"
19187,19187,"8703,1487,7637,5962,1863,589,3122,9564,2020,10429"
19216,19216,"8911,449,9375,4858,10732,5494,2806,11484,5592,2263"
19227,19227,"5545,9693,3801,614,3582,3548,5204,6597,4876,3799"
19231,19231,"3950,11843,5303,8421,2140,13346,2789,6971,11540,10326"
19234,19234,"4576,1779,11024,7679,1244,1290,10389,2870,6610,2989"
19255,19255,"6971,8922,2140,12026,5303,13296,10326,6220,6638,12680"
19258,19258,"6848,1020,5067,380,5806,11622,5293,1388,5777,10340"
19266,19266,"1290,6971,4929,8567,12030,7120,10663,7955,6243,12497"
19296,19296,"2140,5999,6971,6834,2537,3950,10916,8421,5532,10835"
19297,19297,"7752,12888,4054,6582,9592,8540,1432,7878,12000,12824"
19308,19308,"4602,8235,3055,3340,5414,11406,11622,1698,11751,931"
19323,19323,"350,1328,8093,9848,9462,5020,8149,5155,4054,7480"
19346,19346,"5303,6971,8421,10326,4277,9580,6220,4798,544,1634"
19347,19347,"4929,7120,6243,2916,8567,12497,5573,4387,13101,4777"
19360,19360,"1290,8302,8554,1400,7120,4387,12030,12133,2286,4929"
19364,19364,"4216,2957,4163,2709,9732,3427,1558,7544,2095,83"
19378,19378,"11622,2789,5673,13346,9443,9449,3950,11751,5642,10340"
19379,19379,"2140,9942,6220,1210,12990,5303,275,6971,4277,5532"
19380,19380,"8421,10916,2140,13249,12857,8483,331,5303,13150,1210"
19381,19381,"8421,851,4277,331,2140,12857,12990,8161,1180,10326"
19384,19384,"8421,10568,2380,1978,331,6805,12857,5538,3950,5025"
19385,19385,"4413,9799,3950,4430,8562,5545,6220,13346,12606,4414"
19388,19388,"1290,7120,296,5135,10607,2916,10663,4929,789,9962"
19406,19406,"2140,5303,8161,10326,8421,6971,331,1634,9580,12990"
19408,19408,"5999,11357,4053,785,2571,11712,2822,10835,5532,4459"
19415,19415,"1290,1244,13309,7120,5135,789,1863,4664,9962,4250"
19417,19417,"8235,13346,12665,2789,64,5303,10537,9886,10835,12680"
19434,19434,"2537,7060,2343,3663,5918,64,7066,3387,4028,4576"
19441,19441,"8421,2140,6326,4277,4798,1180,10916,8562,1996,851"
19461,19461,"1290,7120,10663,2916,4929,8590,2885,6243,3697,10674"
19474,19474,"931,8235,2567,2789,2019,10835,5199,454,3340,3950"
19477,19477,"6957,1993,6186,1126,12397,13318,5409,2402,11682,3416"
19484,19484,"13431,1639,9732,11024,10607,4689,3238,4576,83,1851"
19502,19502,"9352,566,2343,5626,10529,5676,7707,796,5495,7793"
19503,19503,"1598,6220,5545,6586,3428,177,560,714,8922,4413"
19512,19512,"50,12794,6781,11571,1889,1543,9182,1328,4566,1331"
19515,19515,"975,7024,8235,9247,7495,11403,3016,10835,5875,12944"
19518,19518,"1290,7120,10663,5135,4929,789,12497,6243,89,3697"
19530,19530,"5303,2218,2380,5485,6971,6220,5545,8922,8562,8413"
19559,19559,"6971,1290,9942,8590,6220,4576,12665,5303,7120,789"
19576,19576,"8235,7024,7578,5875,4715,6529,6509,1100,8922,9744"
19586,19586,"2343,8220,9693,6834,3909,64,1156,5553,10094,4205"
19594,19594,"6962,8235,7024,6971,89,976,9229,5199,12026,11403"
19605,19605,"5976,10429,9570,1387,2327,8323,12905,6075,7265,10802"
19618,19618,"11751,11622,8922,8235,6971,5999,2380,11784,10835,5532"
19620,19620,"6971,3515,9799,12026,2199,4101,5549,8922,9668,9937"
19623,19623,"10736,3416,10658,8819,11338,9489,350,652,9262,13257"
19628,19628,"5999,8421,11357,4117,2905,5199,11384,4053,3950,785"
19631,19631,"2916,7120,9962,5135,10607,12497,789,11775,10005,10663"
19642,19642,"3799,10835,4053,2645,2343,5532,5999,8505,3950,11357"
19644,19644,"2291,9306,9771,4877,7439,13214,5946,8402,5747,7063"
19648,19648,"11291,9068,3742,8374,3354,337,2929,4737,12750,13142"
19665,19665,"1223,12990,331,10138,6652,1319,6128,958,2091,13107"
19683,19683,"1290,4576,11298,10607,4664,11024,3464,1244,12903,296"
19684,19684,"3568,1727,11390,1180,638,3470,12302,13054,4051,10820"
19693,19693,"9880,11921,10594,7138,6588,812,1912,4679,12636,12857"
19696,19696,"10340,6515,9886,9450,5303,4798,9880,3071,8022,3106"
19707,19707,"8421,2140,851,6971,5303,3930,1776,4798,10916,331"
19715,19715,"5999,4117,2343,5532,11357,2822,3909,4053,9693,5199"
19716,19716,"1290,13309,7120,10336,9866,4929,3697,1400,8302,9405"
19729,19729,"6971,1290,6220,13296,2140,5303,4798,8590,7120,1747"
19734,19734,"8421,13346,6433,9733,10326,5303,3950,1426,5557,13150"
19758,19758,"11910,5460,10589,11705,13284,4602,9358,9908,5700,2910"
19764,19764,"5303,7138,13346,854,10326,8421,3950,4798,5292,7558"
19773,19773,"1290,544,6971,789,4576,1244,5135,9962,10607,6610"
19778,19778,"3871,10224,7744,1048,9800,1037,10588,2866,13406,8423"
19780,19780,"8562,11019,13296,6220,7983,8590,13306,12029,7707,3428"
19784,19784,"12871,7383,13214,2065,2291,5946,9771,383,7439,10122"
19786,19786,"8421,12990,13249,6326,13346,12857,4277,8562,4798,1996"
19793,19793,"2140,2218,5303,4277,12793,6107,10326,11843,1634,10063"
19798,19798,"6220,12665,10326,9455,8562,11000,4277,1323,13249,13306"
19808,19808,"4947,6395,5124,2199,11396,7723,454,2990,3515,10473"
19812,19812,"10674,4664,1290,9732,789,9962,10607,2957,1851,83"
19821,19821,"9937,10473,8981,8562,6899,6892,13296,4698,13114,2585"
19830,19830,"789,9962,5135,13309,10674,1290,3539,10336,12869,4664"
19843,19843,"1290,4163,10674,1558,2957,7120,10102,420,1851,11775"
19867,19867,"1863,12723,6220,10429,5976,7707,589,1856,12606,7950"
19889,19889,"3950,3870,8562,9729,8707,2218,4637,6220,11540,2380"
19893,19893,"7707,12606,1863,13296,10429,9937,6220,13377,6166,5976"
19898,19898,"1290,7120,10663,4929,2916,10607,296,12497,4387,5135"
19902,19902,"350,8093,7486,5020,8673,10257,10743,2363,9759,9848"
19905,19905,"8590,3770,2140,8421,4315,2169,10326,7138,1328,331"
19910,19910,"8421,3950,4453,10138,1180,11843,5177,5913,10594,12385"
19929,19929,"6220,5303,12990,4277,10326,8590,13296,8421,11000,6326"
19932,19932,"4576,1779,10607,4664,11298,2989,6610,10389,3427,10137"
19952,19952,"13346,6971,12680,1286,2218,8562,6220,3950,12793,6326"
19956,19956,"2814,5119,5497,10890,10150,6988,2456,10571,2383,8575"
19987,19987,"10340,8562,6899,851,6326,8421,3106,9880,4798,4101"
20008,20008,"1290,6971,4576,544,8590,4277,7120,5303,11969,2140"
20018,20018,"11622,6982,4413,10340,8413,8235,5673,11795,3055,2380"
20019,20019,"5303,8593,1290,6971,2140,7063,8922,5819,3501,176"
20020,20020,"1290,4929,4083,10663,10322,1132,5675,6243,8567,7120"
20023,20023,"11622,11751,5673,6982,12793,10340,2789,2910,8413,11784"
20031,20031,"6220,10429,3487,5545,7707,12723,7706,4413,1863,5976"
20039,20039,"6220,7707,4413,5545,8562,2380,9799,3870,10835,8681"
20040,20040,"220,9455,3055,9942,5545,10835,5506,9164,3870,3571"
20041,20041,"12470,7707,3545,12668,6220,12099,7491,6166,8188,13296"
20045,20045,"8421,3950,13346,9733,10916,11540,10138,8562,1180,5642"
20056,20056,"6971,6220,5545,5303,89,560,12665,8922,9229,9072"
20069,20069,"2218,3275,5303,12835,7138,8421,10326,2140,4798,4277"
20074,20074,"4413,6659,4256,5184,12898,10082,3870,2013,3888,2990"
20083,20083,"2380,220,8505,10326,3950,8562,13346,6220,9733,9309"
20085,20085,"8650,4163,2957,83,6960,10607,4688,4216,1851,11298"
20086,20086,"6515,5549,9454,8413,6166,6971,11994,9937,8472,6899"
20089,20089,"3950,3870,1478,6751,6220,9799,8562,1598,10835,13346"
20101,20101,"8235,8922,12026,6220,11403,7024,89,3055,7578,5875"
20104,20104,"5105,1377,8911,5494,1101,6011,5760,6060,6402,449"
20112,20112,"6220,7707,8590,8562,9937,13296,275,6971,9799,4413"
20115,20115,"3950,8562,3055,10340,3992,11540,220,5999,2789,2903"
20133,20133,"789,5135,13309,7817,10644,10336,4613,9866,6811,8012"
20136,20136,"2343,3628,11010,2140,6141,8421,4277,4679,11384,6971"
20138,20138,"2957,5135,789,4036,9962,8399,13309,9732,6811,13330"
20162,20162,"8421,9880,2140,8562,1996,12680,4679,4798,851,10916"
20176,20176,"2140,6971,8922,8590,10326,2218,6220,1290,1912,7138"
20200,20200,"2140,6971,5819,10326,1912,7063,5731,5303,4798,275"
20222,20222,"9306,5946,13214,383,2291,3064,165,7439,4877,8402"
20251,20251,"6971,1290,2140,5303,8922,10326,2218,9229,12680,6220"
20256,20256,"12470,12668,2218,3871,3126,10733,4411,609,12099,1037"
20264,20264,"4277,10326,2140,9580,6433,350,12990,8421,5303,6220"
20280,20280,"8421,4277,10326,11384,12990,10594,9340,2861,12857,2158"
20286,20286,"10429,1863,6456,3487,1487,7619,12606,779,5976,5962"
20323,20323,"1290,5135,7120,789,10663,4929,13309,9962,3697,12497"
20324,20324,"1290,8590,6971,7120,11117,12030,8922,8703,8302,4929"
20336,20336,"1290,544,4576,4664,9693,6610,1244,10137,10389,10607"
20339,20339,"3950,2990,4413,11540,11784,3340,11751,3870,13346,931"
20344,20344,"6971,1290,2218,2140,8703,12030,10241,4929,7120,1945"
20356,20356,"13296,6220,7707,5545,3950,13346,3870,8562,4413,9942"
20360,20360,"12474,4083,4019,5675,10322,1132,1290,12559,6971,10317"
20362,20362,"2343,3909,6834,9693,4388,10778,8608,5532,4605,5999"
20376,20376,"13040,4456,11384,4277,1697,9340,8421,851,4679,7187"
20381,20381,"6220,7707,5303,6971,12606,10429,13296,4430,8562,10140"
20394,20394,"7120,10663,4929,6971,6243,1244,2916,12497,296,9668"
20397,20397,"6810,7707,7491,7792,3487,7619,1863,9570,6220,779"
20407,20407,"6659,7087,12029,4912,1328,7707,5494,10431,3799,9680"
20413,20413,"1290,789,5135,9962,11775,7120,10607,13309,4664,8650"
20433,20433,"1290,5135,789,13309,9962,7120,8506,3697,4929,296"
20448,20448,"7879,9553,11454,8623,11265,11702,12745,1350,8373,810"
20492,20492,"11384,89,540,5260,8166,167,48,8409,9455,1412"
20505,20505,"1290,7120,5135,789,11298,2916,296,10663,1244,9962"
20512,20512,"12857,5642,6326,4798,8421,8562,7314,13346,13249,6899"
20514,20514,"8264,1706,6594,8285,13349,11445,13013,12453,3828,2204"
20533,20533,"4277,9580,350,5109,811,2169,331,2140,1634,345"
20543,20543,"2140,5303,331,9072,6971,1290,4277,12036,2808,1776"
20546,20546,"9580,3221,4277,8161,9340,3990,2767,11993,7197,8421"
20557,20557,"6971,2380,13296,10326,5485,4798,7707,8562,5545,5303"
20558,20558,"3673,2289,9127,76,2395,13114,13257,11282,13324,2882"
20561,20561,"3870,3950,9449,13346,11622,8421,5673,2789,5545,5022"
20566,20566,"1290,4576,10607,789,4664,5135,296,11775,7120,9962"
20573,20573,"11117,5962,9564,5582,12184,54,4638,1750,1545,2286"
20623,20623,"1290,8703,6971,8922,9668,7637,4929,5573,1487,4698"
20627,20627,"8590,544,10326,4277,5303,1290,331,8421,2343,6971"
20643,20643,"2291,2140,6971,4877,5747,9771,8161,7439,10462,4262"
20645,20645,"789,4576,5135,1290,10607,11298,1244,10326,13309,6610"
20652,20652,"4277,8421,10976,9455,10326,5775,11348,717,7960,3072"
20654,20654,"4277,8421,10326,2140,5303,9580,331,4798,10916,12990"
20667,20667,"7024,11403,8235,1290,10464,3909,9758,8302,13191,5875"
20670,20670,"8698,4893,4800,1002,12107,11625,4602,12425,12309,5264"
20671,20671,"5303,10138,12793,4798,2218,8421,6326,11540,4101,10326"
20676,20676,"6638,2140,11751,10340,6971,1100,2380,5999,1998,10326"
20694,20694,"1290,12665,8590,6610,10137,4576,10389,2064,4277,10326"
20709,20709,"2140,5303,8562,10986,4798,6220,7707,8421,12470,9937"
20716,20716,"5303,9668,11994,2140,2380,2291,11384,6515,177,7578"
20739,20739,"5541,11258,12315,1715,5117,1668,10400,9114,3490,8503"
20763,20763,"6971,8608,2903,5303,2140,4388,5532,10835,2343,3909"
20779,20779,"1290,6971,4576,10607,7120,1244,6610,544,5135,11298"
20781,20781,"2218,5532,2380,11540,2789,9799,10778,976,6971,12026"
20790,20790,"1290,12030,5135,12497,7120,3697,9962,4929,9295,789"
20792,20792,"8421,2140,10916,4798,331,9580,10326,1180,11282,12857"
20797,20797,"6220,2218,2380,9455,8562,5303,66,2265,9799,10326"
20811,20811,"7723,4413,10082,1598,1478,5399,13346,854,3870,9799"
20821,20821,"1290,7120,10663,4929,12497,2916,4576,11024,10607,296"
20830,20830,"13259,2395,11282,7197,11843,7844,4448,1996,2815,10594"
20861,20861,"2343,3909,9693,5532,5999,2903,13296,1220,4266,10529"
20878,20878,"6220,12869,4576,11024,6302,789,2989,6971,10581,5485"
20891,20891,"7024,5875,5524,8235,7289,12662,4715,2145,1571,10023"
20895,20895,"3870,3950,4413,11540,2990,12793,1286,1598,1478,3317"
20901,20901,"6971,10326,4277,5303,2140,12990,8421,2380,6220,8590"
20908,20908,"2140,10326,6971,5303,2380,4865,4798,5866,8562,4277"
20928,20928,"1290,12030,8703,2286,2339,7637,8302,5573,7120,8567"
20945,20945,"7983,6220,13310,13296,5303,9733,3870,6659,2903,1453"
20971,20971,"8421,10594,10326,217,4798,1180,851,11843,331,13249"
20979,20979,"6971,5303,2140,8421,4277,12990,331,13296,10326,4798"
20982,20982,"2140,9340,8421,10579,1017,4786,6433,4322,851,13092"
20991,20991,"4101,9799,5303,2199,3106,12026,2789,2140,10340,8472"
20998,20998,"3950,1225,8562,10224,64,3992,9871,2380,5109,4602"
21006,21006,"5999,3950,1408,5199,2822,11406,11357,2789,2567,3317"
21018,21018,"6515,8043,2291,8161,7578,2140,1821,10608,6140,8110"
21028,21028,"11772,513,4285,5987,5391,2350,3992,10873,2116,8694"
21041,21041,"3950,2905,5700,12611,8562,10594,2337,10326,6326,3871"
21042,21042,"4266,5199,10835,5999,5532,5422,9134,4117,11357,9733"
21064,21064,"1290,9962,13309,7120,10607,3697,296,9866,10336,3737"
21075,21075,"5199,8235,5532,10835,2903,6529,6971,8922,5999,2343"
21078,21078,"4413,3870,3950,11540,8562,13346,1598,2497,9729,9942"
21081,21081,"5303,8922,2218,8235,6962,10835,13296,3055,5545,3950"
21084,21084,"4413,2380,6971,3950,11540,6220,8562,7710,6513,5999"
21089,21089,"8421,10594,1180,851,350,4277,1223,1328,2158,6107"
21112,21112,"1290,7120,10663,4929,296,4576,10607,9730,9295,6971"
21126,21126,"8636,10340,11622,9443,6982,5673,10589,4482,2108,3106"
21129,21129,"1290,7120,6971,4929,10663,8590,2916,12497,296,6243"
21130,21130,"2343,10835,6638,5545,11403,11013,3799,5532,9942,9693"
21137,21137,"1788,2905,11572,11726,3950,8707,2789,10138,13211,10040"
21149,21149,"220,5495,454,9454,491,3055,10340,11622,11784,4413"
21152,21152,"6220,5303,10326,13346,13296,9229,8421,6971,9580,275"
21177,21177,"9443,10138,11396,3992,3317,3950,6899,12528,5610,8746"
21191,21191,"12030,4929,6971,8567,4387,7120,6243,10322,10663,5573"
21200,21200,"1328,11788,13259,4685,3950,13097,11590,12611,11960,12191"
21204,21204,"8161,851,331,10326,5497,5303,11843,9580,837,1978"
21221,21221,"6971,6166,8922,2218,9799,5495,6220,5303,2380,5549"
21228,21228,"6971,1290,8922,2218,544,1747,2140,5303,9229,6962"
21249,21249,"12152,10658,11010,13257,9341,6588,4895,4453,9733,6141"
21256,21256,"2789,3071,5124,2199,11396,2567,454,3950,4947,8235"
21261,21261,"13346,10340,220,4413,11622,8413,2990,6982,11784,3950"
21279,21279,"13296,2343,10326,275,6220,7707,4576,12665,1220,248"
21282,21282,"1290,10607,7120,5135,10581,296,789,4576,4664,9295"
21305,21305,"4277,8421,9340,12990,13123,717,10326,9580,10594,350"
21307,21307,"997,3525,5734,2029,5280,4133,1765,10748,1720,9800"
21315,21315,"11094,4365,3964,10152,3689,13231,12625,10040,6360,7079"
21342,21342,"4576,6971,2989,6610,544,5303,10389,1244,11969,8714"
21347,21347,"5303,10326,2140,4277,6220,8421,13346,1912,275,5485"
21357,21357,"10429,9083,5976,7707,5149,1863,589,7784,2327,7792"
21358,21358,"4117,5999,10835,4266,5199,1100,10778,11357,2903,4053"
21368,21368,"5135,11117,789,9405,3737,9962,1290,2784,10147,9671"
21372,21372,"1290,4576,10389,11024,10607,9730,4664,10137,7120,2989"
21373,21373,"6220,4602,6459,5532,9292,6638,13306,12665,8766,4277"
21383,21383,"7120,296,89,9295,8590,343,2343,2885,7471,11992"
21393,21393,"6220,13296,4413,3950,5545,3870,7707,8562,9942,3055"
21415,21415,"1290,7120,11117,4929,8922,12030,6971,10663,5135,8567"
21421,21421,"1290,10663,13296,8590,4929,9799,4413,6971,9600,8567"
21433,21433,"2140,5303,31,12990,4798,2924,5819,1978,12793,275"
21449,21449,"4277,2140,10326,6971,5303,8421,6220,811,9072,13296"
21483,21483,"4277,6220,10326,5303,3950,13296,8562,3428,8421,9072"
21488,21488,"8421,9443,2789,4798,10340,6326,13346,7462,9880,9309"
21518,21518,"1633,11918,2989,1147,235,12963,6820,6758,715,4576"
21528,21528,"4413,6220,2218,2380,6166,7723,12470,3545,11326,8562"
21536,21536,"1290,7120,10663,4929,4576,10607,1244,296,11298,12497"
21585,21585,"4413,7707,3870,6220,9729,4798,8562,9942,7723,13296"
21598,21598,"1290,2989,9295,6610,11024,10607,10137,5969,4028,4664"
21602,21602,"5124,4602,3340,4947,3950,7079,931,2910,6395,2789"
21604,21604,"2291,976,9771,4877,9105,7439,6563,8183,2384,9306"
21626,21626,"8215,1583,9881,3442,4073,8598,3058,9287,475,5288"
21636,21636,"8235,11403,5875,7024,13191,5524,3340,7578,2903,10835"
21649,21649,"5573,4929,4387,12030,10663,12474,8567,6243,4083,10322"
21650,21650,"12859,1025,2650,10182,76,4512,7852,5023,10508,6695"
21655,21655,"1290,10607,11024,7120,4664,4576,1244,10674,1779,11298"
21662,21662,"4576,11024,4664,10607,544,6610,10389,11298,1244,5979"
21681,21681,"1290,10607,789,9962,5135,11298,11775,1244,7120,4664"
21686,21686,"7063,9511,12758,2140,1018,37,7484,3628,350,2158"
21699,21699,"8235,5875,2990,8018,11751,4413,7983,11886,2789,4715"
21702,21702,"1290,7120,296,10607,3697,1244,10663,5135,4576,11298"
21709,21709,"4798,6971,9799,13296,2140,10340,2199,4101,8562,6515"
21718,21718,"8421,4277,12857,10326,10916,5303,4798,3950,10138,8161"
21719,21719,"8421,851,4277,10326,331,2140,8161,12990,11282,9580"
21724,21724,"13306,3428,1598,8562,6220,3950,6326,8590,8917,3870"
21741,21741,"4576,10607,4664,10137,6610,11298,11024,10389,1244,1851"
21746,21746,"1290,4576,7120,11298,3427,10581,13370,8590,10137,1779"
21751,21751,"6982,11622,11795,11751,10508,12632,10913,5673,11780,12425"
21754,21754,"8421,9580,331,11282,12990,8161,4277,837,5025,4798"
21768,21768,"2567,3950,9449,13296,3055,8505,10835,2380,3577,9942"
21775,21775,"4444,8238,10835,5703,7983,12540,3909,9247,8235,11547"
21781,21781,"11024,4664,10607,12995,1779,11775,11298,4576,9960,1290"
21789,21789,"7120,789,5135,4576,10607,1244,4929,9962,296,6971"
21795,21795,"8235,8922,7578,12026,7024,5999,4411,6962,89,2910"
21812,21812,"8235,6166,5124,2199,4947,3340,2789,10589,6395,3950"
21814,21814,"8421,6971,2140,10326,8161,9580,4798,5303,10138,6326"
21820,21820,"2380,5999,3950,5303,3577,454,3340,11751,8279,5642"
21827,21827,"5303,6971,10326,6220,2140,2218,4798,4277,8590,9072"
21838,21838,"7265,12606,7637,10429,5149,13129,3068,12723,1355,5976"
21855,21855,"2343,10835,6795,5532,4388,5782,10529,2822,6026,7150"
21881,21881,"6626,12378,2867,11635,2205,6503,10395,2140,31,1437"
21884,21884,"2380,8562,2789,5303,5545,4947,6971,9443,8421,9942"
21889,21889,"1290,7120,6971,8590,4929,10663,6243,5303,12030,8567"
21896,21896,"10326,8421,5303,6220,2380,2218,4798,8562,5545,331"
21902,21902,"331,8421,1180,1776,11282,10916,10138,4277,8161,6971"
21916,21916,"8421,8590,5303,10326,8161,331,9580,1912,851,2140"
21927,21927,"5135,789,9962,13309,6811,10644,10336,1290,1241,11117"
21938,21938,"8421,5025,331,1634,4277,12857,10326,12875,851,1776"
21948,21948,"4821,6844,7114,9839,11094,12266,8798,4804,8746,4911"
21952,21952,"1290,4387,4929,7120,12030,10663,6243,8567,5573,12474"
21954,21954,"5999,10835,5532,10529,10778,5199,4053,6795,8505,2822"
21955,21955,"13310,7138,5303,6220,2140,11484,11969,275,544,12990"
21978,21978,"5149,7706,4698,5976,10429,8981,1487,7637,8703,7707"
21983,21983,"1290,2343,6220,5545,13296,12665,89,544,4576,8590"
22004,22004,"2140,6971,10326,5303,8421,12858,8922,331,1290,254"
22007,22007,"1290,7120,10663,789,5135,4929,9962,2916,10607,13309"
22014,22014,"12541,5826,13306,5145,5199,9032,3992,802,3500,1444"
22020,22020,"6220,8562,4277,8421,12665,2140,5303,6107,9455,8188"
22052,22052,"9580,8421,12779,8161,4322,5303,1180,1912,2882,331"
22056,22056,"4924,10730,6302,11751,8562,1278,2218,6501,5819,12278"
22064,22064,"10989,9799,7487,4976,9777,12944,8188,1478,8794,4698"
22072,22072,"2140,10326,12990,4277,1978,6971,13296,8421,2291,12857"
22074,22074,"8421,9880,1180,9580,12857,10326,6418,331,5303,6325"
22102,22102,"2380,9455,5654,11622,5303,7280,1292,1598,9032,9942"
22110,22110,"10589,13346,7723,8794,12831,4414,652,2140,10224,3870"
22111,22111,"2140,5303,10326,8421,6220,4277,9580,11000,331,2218"
22119,22119,"7792,7715,13296,9625,8590,5545,2238,5303,6220,7236"
22125,22125,"11622,6982,5673,10340,11795,10837,10913,2910,10508,11751"
22150,22150,"5303,8922,1912,1018,2291,10326,8421,8590,6971,7063"
22151,22151,"1290,7120,4929,10663,6971,12497,6243,12030,5135,8567"
22154,22154,"8703,1290,2020,9564,4205,13228,7120,7713,2847,5342"
22213,22213,"3870,5545,4946,9942,8235,4602,9729,11784,3509,7707"
22256,22256,"2343,4576,2537,1290,6795,10137,544,4605,5782,7521"
22258,22258,"10462,5303,31,10138,11115,10642,1164,2140,10093,3296"
22265,22265,"6166,3055,2380,2218,6220,5303,6971,8562,11751,121"
22279,22279,"1230,121,10835,796,4499,5583,5532,3055,10778,5999"
22280,22280,"7138,5303,13296,8590,2169,10326,9937,2140,6971,10241"
22283,22283,"7637,11615,10429,8703,5976,1863,2020,1487,589,5149"
22286,22286,"4413,3870,9410,6220,8454,3950,9729,1598,5545,2990"
22288,22288,"4117,5199,2499,6645,4053,11714,8853,1912,1100,13346"
22321,22321,"1290,11024,10607,4576,11298,4664,7120,1244,2989,10389"
22336,22336,"6220,5303,2140,4798,8421,6326,10916,2990,8562,3950"
22344,22344,"9880,1180,8421,2789,2905,4798,10326,5999,8235,9443"
22353,22353,"6402,1377,12029,6011,8178,1101,12024,8911,7862,5494"
22356,22356,"4929,12030,12497,6243,5573,1400,1977,3697,2916,13101"
22387,22387,"2140,5303,10326,8675,12990,4798,9668,331,8421,6971"
22427,22427,"9799,4413,7330,3562,8703,5149,4698,4430,7637,9668"
22428,22428,"5135,1290,9962,2343,10607,11775,10464,9693,9295,11298"
22449,22449,"4576,11024,10389,11298,4664,10137,10607,1779,13370,6610"
22452,22452,"7619,10429,5976,1863,3487,9083,12265,1767,987,10802"
22460,22460,"4163,2957,1558,3722,10194,5738,8342,4688,1371,9913"
22467,22467,"1290,9340,7120,9580,331,6971,851,4929,9962,8421"
22480,22480,"1290,789,9689,7120,9083,1244,9962,6971,5135,5149"
22481,22481,"2140,2291,5303,4877,6971,7063,9306,5747,8421,2264"
22484,22484,"11572,8746,5700,1788,11726,4436,3514,2815,11930,12611"
22489,22489,"2343,9693,5782,6834,2537,5179,3909,4388,251,5532"
22502,22502,"2957,10674,4163,9732,4216,54,4664,1851,1558,83"
22510,22510,"1290,4576,544,10137,4028,1244,2989,12869,789,6971"
22511,22511,"7637,589,8703,9689,10429,5149,9083,1863,9564,7706"
22514,22514,"6971,851,8421,2140,10916,5303,8483,331,1634,8590"
22520,22520,"6133,4387,12474,5573,10322,4083,3851,1482,5675,9646"
22546,22546,"2304,9193,12875,2291,6588,8205,7824,2815,2958,7455"
22551,22551,"4413,2990,11540,10340,2380,3950,3055,4602,2789,454"
22582,22582,"789,1290,10607,9962,5135,11298,11775,4664,12903,7120"
22595,22595,"6220,3870,5545,1598,9729,5502,9495,9410,12606,4602"
22597,22597,"10473,2395,11282,1996,13114,1543,10138,12331,220,851"
22605,22605,"10370,997,9768,1503,12566,6303,258,4271,1788,11010"
22618,22618,"7707,13296,544,1558,5545,8607,4277,12264,11969,8590"
22641,22641,"8421,4277,10077,717,4525,331,5098,1776,12990,3711"
22645,22645,"350,9340,2158,10658,9489,9848,1328,652,1813,4453"
22660,22660,"8421,10326,1634,331,2140,9580,8590,13296,1328,12990"
22666,22666,"3950,4469,3340,2380,4413,3992,7723,2990,8707,454"
22674,22674,"7120,4929,12497,6243,2916,789,5573,3697,4387,5135"
22678,22678,"1290,6971,8590,4576,2343,10607,544,7120,11024,13296"
22697,22697,"6840,1754,12645,10537,1290,6432,286,5135,9962,789"
22698,22698,"8505,5999,2789,3340,4199,4117,5199,4602,3950,4053"
22705,22705,"6971,2140,8922,5303,1290,10326,6220,9668,9799,9229"
22710,22710,"9593,13084,4117,4053,12156,1408,7138,13306,5676,2822"
22714,22714,"3992,4602,5564,3055,11622,3340,3317,13306,8235,11751"
22715,22715,"2199,2990,4947,12026,6395,3055,8018,8235,5549,1684"
22720,22720,"11384,2169,8421,2140,10326,4798,5303,851,9580,10916"
22734,22734,"9668,6971,2140,5303,8703,8922,3088,2218,4698,3138"
22735,22735,"6971,2140,2789,8421,10138,4798,5303,6515,4101,8161"
22736,22736,"6971,2140,5303,2218,12026,9799,8922,8161,10916,2380"
22747,22747,"6220,8562,11540,4413,7707,5545,12606,10429,7619,4414"
22748,22748,"9668,6971,2140,2291,8053,7637,12680,5303,8520,4698"
22759,22759,"2343,2537,9693,4388,6834,10835,6795,8608,4728,9532"
22761,22761,"5999,2905,11357,4117,5199,12611,4053,1408,3035,5060"
22774,22774,"6971,6220,7723,9799,5303,4413,2380,13296,12026,8590"
22783,22783,"9937,4698,9799,6659,13296,8590,10255,6892,855,7983"
22830,22830,"6220,5532,5495,9693,10835,13296,5676,12470,5866,3909"
22831,22831,"7120,10663,4929,12030,3697,2916,6243,5135,789,12497"
22846,22846,"5303,6220,8421,10326,2140,6971,8562,2343,560,4798"
22850,22850,"3737,10147,7856,12762,12811,6054,10202,5135,11117,789"
22883,22883,"9799,9937,1746,8235,12632,7983,8562,6962,4413,5061"
22887,22887,"2140,5303,4798,10326,12680,6971,12990,3950,2380,8421"
22893,22893,"3870,11540,4413,2990,9729,6220,4947,1478,1598,2218"
22905,22905,"4161,2287,5545,11384,7707,8681,1598,562,4305,66"
22923,22923,"4798,1634,8421,5303,5025,560,6220,9580,12665,2218"
22956,22956,"11843,8690,10063,6326,1002,7278,1180,8161,11622,13346"
22964,22964,"5976,1863,7706,3487,7619,9083,7792,12723,589,779"
22972,22972,"4576,1851,10607,83,4664,1290,11298,1244,4024,6610"
22985,22985,"8703,4698,5549,6971,11630,5149,5966,7637,3088,9937"
23011,23011,"8421,4277,7197,350,10326,9580,2158,1017,716,331"
23027,23027,"1863,7619,5976,589,10429,11024,4664,2327,12775,1972"
23036,23036,"6220,6971,5545,89,8590,2380,13296,1598,4413,9942"
23038,23038,"6220,4413,6971,13346,7723,10537,2218,8221,6166,3870"
23046,23046,"6971,5303,10326,1290,8590,4576,4277,8922,2140,13296"
23051,23051,"3766,2905,2218,352,976,10205,12611,10242,12813,1788"
23057,23057,"2770,3960,9482,4569,9994,6060,2414,12204,2877,8911"
23062,23062,"4163,2957,1558,1851,10674,6960,9732,11020,4688,7679"
23069,23069,"12793,9733,5303,3950,5610,2380,1286,7558,1453,3340"
23078,23078,"8235,8922,11403,6962,12026,6220,4413,7983,7024,89"
23113,23113,"2218,6971,11784,3055,10778,7558,5999,2220,8235,4117"
23121,23121,"9689,8053,5962,8302,8342,2530,4250,11609,7383,589"
23123,23123,"3950,8562,8421,8161,220,10916,12793,4798,4277,5303"
23136,23136,"9799,6971,5549,4101,6515,6166,9668,2140,1662,4413"
23138,23138,"3950,3317,454,931,10326,13346,6971,11784,8421,1700"
23140,23140,"6971,8922,8235,9799,12026,1290,7983,6962,5303,12665"
23170,23170,"4277,8421,12857,2140,10326,331,13150,4798,2158,12990"
23173,23173,"1290,8590,7120,10663,2916,4576,12497,296,2343,8922"
23179,23179,"5303,8421,13296,1912,10608,10326,2343,12635,6220,3127"
23196,23196,"6220,3950,8562,1598,4798,3870,2380,9799,6326,10138"
23199,23199,"13099,9653,6617,4285,4007,12104,1937,2562,8853,6164"
23216,23216,"9668,7578,2291,6899,8235,4262,844,4322,10462,8053"
23226,23226,"6391,5495,5226,9914,8092,11406,1889,6484,6839,1987"
23233,23233,"8590,8421,5303,2169,9668,2140,10326,331,6515,976"
23253,23253,"10835,6529,3909,1100,5532,5199,4117,8235,5999,4199"
23281,23281,"1290,7120,8714,1244,9295,10607,12497,10663,5135,5969"
