ID,user_id,item_id
12,12,"4798,10326,4277,5303,8562,2140,12857,8421,544,6971"
14,14,"6220,13296,1290,9942,6971,8562,10326,4798,544,7120"
17,17,"1328,10326,1290,544,4798,9942,7120,8562,11298,2989"
21,21,"10326,4798,6220,4277,544,6971,2140,8562,8421,13346"
44,44,"1290,11298,7120,1244,11024,9101,9962,4664,789,10607"
55,55,"10326,8562,4798,2218,13296,4277,6220,3950,13346,10916"
56,56,"6971,2343,5495,12665,89,4798,544,2218,6220,1290"
58,58,"10326,4798,6971,8562,4277,544,13346,5303,3950,6220"
59,59,"4798,6220,3950,10326,13346,9942,4277,6971,5545,12857"
79,79,"10326,6220,4798,13346,4277,8562,2343,6971,544,3950"
81,81,"1290,7120,11298,2989,9101,544,12869,1244,4576,4929"
85,85,"4798,10326,8562,6971,2140,5303,6220,8590,2218,12857"
92,92,"1290,11298,7120,11024,12869,4576,10389,1779,4664,2989"
97,97,"3950,12665,9942,13346,4798,2218,5495,10326,6971,1290"
100,100,"4798,10326,8562,13346,2140,3950,8421,4277,10916,6433"
112,112,"3950,6971,4798,6220,2140,8562,7707,10326,12857,544"
122,122,"10326,8562,4277,3950,6220,4798,217,13296,717,3428"
133,133,"2343,9693,544,9942,8590,9532,6220,6659,8483,4798"
141,141,"1290,6220,13296,8562,7120,544,6971,10326,9942,4798"
144,144,"9295,1290,544,10326,9942,4798,7120,8562,6954,11298"
149,149,"1290,7120,11298,4929,4576,10663,1244,7679,2916,9730"
153,153,"3950,10326,6220,4798,2218,8562,5303,13346,12857,13296"
166,166,"1290,6971,7120,544,10326,2989,9942,3464,9532,11298"
220,220,"8562,4798,6220,13346,9942,2218,5545,8413,13296,12665"
231,231,"3950,2343,9693,12665,9532,13346,8562,9404,5532,5199"
262,262,"1290,10326,6971,7120,4798,4929,12857,5303,544,13346"
274,274,"6220,6971,2218,544,1290,4798,10326,2140,3950,12665"
277,277,"2343,544,4277,4576,6971,12665,10326,13346,1290,12470"
281,281,"1290,7120,6971,4929,11298,9295,10663,789,544,1244"
291,291,"217,3428,4798,8421,717,9942,1290,10326,544,5303"
300,300,"10326,6220,8562,6971,4798,5303,4277,9942,544,13296"
310,310,"4798,5303,10326,8562,2218,544,2140,6220,4277,9942"
332,332,"5495,12470,13306,1290,544,9942,10326,8188,7120,4798"
344,344,"10326,4798,4277,8562,217,12857,6433,8421,13249,3950"
359,359,"1290,6220,544,7120,13296,2989,9101,11298,4576,2218"
380,380,"5495,2343,5199,1290,9942,544,10835,10326,3950,5532"
386,386,"6220,9942,8562,3950,12665,4798,4277,3428,6971,13296"
426,426,"3950,13346,6220,2218,8562,3055,12665,1290,9942,544"
436,436,"10326,4798,4277,8562,6971,544,13346,12857,2140,3950"
453,453,"6220,6971,4798,544,2218,8562,89,10326,5545,13346"
461,461,"7120,544,10326,6971,2989,4929,1244,9101,11298,10663"
464,464,"4798,2140,10326,1290,544,9942,7120,8562,4277,7138"
473,473,"5495,12665,1290,544,8562,10326,9942,7120,4798,11298"
481,481,"10326,6220,4798,217,6383,8421,717,12665,11969,350"
490,490,"4277,275,350,10326,4798,544,8483,6220,3428,9340"
494,494,"4798,8562,6220,10326,6971,5303,3950,12665,9942,2218"
497,497,"1290,2989,7120,12869,9730,7679,11298,544,11024,7669"
510,510,"2343,544,3950,6220,9942,13346,12665,8562,3428,10326"
511,511,"10326,4798,6220,8562,8421,12857,4277,2140,5303,544"
512,512,"1290,2343,9693,544,7120,4576,1244,5532,11298,2989"
524,524,"1290,7120,12869,9962,11298,789,1244,4929,4664,5135"
525,525,"10326,4798,544,4277,5303,6971,3950,2218,8562,2140"
545,545,"10326,4798,8421,8562,1290,544,9942,7120,12857,217"
560,560,"10326,8562,3950,6220,4798,13346,544,3428,217,5303"
564,564,"2343,9693,6795,10326,275,544,8562,4277,9942,3055"
566,566,"2343,13346,9942,4798,3950,8562,6220,12665,5303,6971"
568,568,"6220,4277,10326,217,2343,3428,4798,544,5495,8562"
570,570,"8562,6220,7707,13296,2218,544,10326,1290,8681,9942"
573,573,"4277,10326,4798,3950,13346,8562,6220,544,2140,217"
594,594,"6220,8562,3950,10326,4277,4798,13346,5303,12665,2140"
601,601,"10326,4798,2218,6220,5303,8562,1290,6971,3950,544"
605,605,"3950,5495,2905,4798,10326,1290,544,9942,7120,8562"
641,641,"6220,9942,3950,4798,2343,10326,13346,3428,5495,544"
650,650,"9942,6220,3950,2218,217,5545,3428,4277,8562,5303"
675,675,"6220,9942,6971,8562,12665,3950,4798,7707,5545,10326"
677,677,"1290,7120,4929,10663,789,9962,2916,544,1244,10326"
679,679,"10326,544,6971,6220,9942,4277,5303,8562,4798,2218"
683,683,"3950,13346,8562,4798,1290,544,10326,9942,7120,5610"
687,687,"10326,544,4798,8562,6220,13346,1290,12665,5303,3950"
705,705,"4798,5303,275,4277,544,10326,1290,12404,9942,7120"
708,708,"1290,7120,544,11298,1244,6971,11024,4576,9101,2989"
712,712,"6220,9942,3950,8562,5495,2218,12665,13346,10326,13306"
715,715,"4798,2140,6971,5303,10326,8562,13346,1290,3950,544"
728,728,"1290,7120,11298,1244,9101,4576,9962,2989,789,544"
743,743,"2343,2218,12665,544,10326,9693,6971,3950,6220,5532"
753,753,"6220,7707,544,8562,9942,5495,2989,1290,3950,10326"
757,757,"4798,10326,5303,6971,9942,6220,13346,2218,3950,8421"
768,768,"5495,3950,2218,10326,8562,13346,8413,6220,5303,12470"
797,797,"2343,5532,6220,544,6795,10835,1290,10326,9532,9942"
813,813,"12665,1290,6220,6971,544,7120,9942,10326,11298,2343"
832,832,"1290,7120,11298,4929,6971,10663,9101,2989,12869,1244"
833,833,"10326,6220,9942,4798,8562,5303,3950,13346,2140,5545"
844,844,"2343,12665,13346,6220,6971,9942,10326,5545,4277,544"
858,858,"10326,4277,544,3950,6220,8562,1290,8590,4798,50"
874,874,"11298,4576,12869,11024,6220,1290,7120,544,9730,10389"
875,875,"10326,12470,8562,4277,5303,4798,544,6220,13296,2218"
892,892,"4798,6220,8562,5303,2140,7707,10326,1290,6971,9942"
897,897,"3950,3428,13346,6220,9942,12665,1290,544,8562,10326"
912,912,"1290,7120,4798,8590,6971,4929,10326,5303,544,9295"
924,924,"6220,13346,8562,9942,5545,7707,4798,13296,12665,544"
926,926,"6220,1290,13296,544,5545,9942,7707,10326,8562,12665"
933,933,"4277,5303,6220,10326,2140,544,5495,8562,2218,9942"
944,944,"8562,6220,9942,3950,2343,5545,13296,13346,89,3428"
951,951,"5495,2218,6971,4798,6220,5303,8562,8590,10326,544"
974,974,"8562,6220,544,9942,13296,4798,3950,5545,7707,13346"
1010,1010,"1290,544,10326,4798,9942,7120,8562,11298,2989,6220"
1013,1013,"6971,12665,1290,89,544,10326,3950,8562,9942,4798"
1016,1016,"1290,4798,2218,7120,6220,9942,8562,6971,8590,5303"
1023,1023,"1290,7120,6220,6971,1244,13296,11024,2218,89,11298"
1035,1035,"544,6971,12665,1290,10326,5303,4277,6220,2218,2140"
1046,1046,"1290,544,7120,10326,11298,6971,4576,5303,9101,2989"
1051,1051,"1290,7120,8590,9942,2218,2989,544,8562,6220,10326"
1057,1057,"10326,5303,6971,8421,4798,8562,12857,1290,544,9942"
1064,1064,"1290,7120,4798,6971,10326,8590,4929,10663,2140,5303"
1080,1080,"1290,10326,544,4798,9942,7120,8562,11298,2989,3950"
1089,1089,"10326,8562,4277,4798,544,6220,3950,6971,217,13346"
1090,1090,"13346,8562,10326,4277,3950,6971,4798,8421,10916,2140"
1103,1103,"8562,10326,4798,13346,3950,10916,4277,217,6433,544"
1123,1123,"1290,7120,6971,4929,10663,544,6220,10326,9942,4798"
1134,1134,"10326,4798,8562,4277,5303,13346,8421,3950,2140,12857"
1136,1136,"3950,8562,4798,10326,9942,2218,4277,13346,12665,5545"
1139,1139,"6220,13296,5495,9942,544,7707,6971,1290,5545,8562"
1154,1154,"6220,12665,544,3428,9942,10326,4277,2343,7707,4798"
1169,1169,"1290,6220,11298,544,4576,4929,1244,2989,6971,9101"
1173,1173,"8562,8188,6220,7707,3950,13296,4798,2218,10326,1290"
1178,1178,"1290,544,10326,9942,7120,4798,8562,11298,12665,13346"
1190,1190,"8562,3950,4798,6971,10326,5303,13346,2218,6220,12665"
1205,1205,"6220,8562,4798,3950,6971,10326,5303,9942,13346,2218"
1217,1217,"1290,11298,11024,7120,2989,4576,12869,1244,9730,7679"
1218,1218,"544,2343,6220,9693,9942,9101,13296,89,4576,5532"
1230,1230,"6220,10326,8562,4798,2218,3950,12665,544,6971,2343"
1250,1250,"10326,8562,4798,4277,5303,2140,6433,6220,544,1290"
1252,1252,"3950,2343,4798,6971,12665,5303,6220,8562,544,10326"
1276,1276,"2343,9693,2218,9942,5532,544,5199,1290,10326,4798"
1279,1279,"1290,7120,789,6971,9962,11298,4929,5135,1244,544"
1281,1281,"10326,217,4798,8590,5303,4277,8421,12857,9942,8562"
1288,1288,"3950,6220,8562,4277,3428,5303,2218,7707,5495,13346"
1305,1305,"11298,1290,9730,1244,9962,789,4664,10607,5135,7120"
1320,1320,"8562,4798,3950,10326,6326,8413,10916,6220,1290,544"
1321,1321,"3950,5495,10326,6971,13346,2218,6220,2343,5303,4798"
1328,1328,"9942,6220,6659,13296,2218,8562,7707,5545,5303,10326"
1343,1343,"10326,4798,8562,4277,6971,544,12857,2140,13346,8421"
1345,1345,"1290,7120,544,2989,4277,11298,4576,10326,4798,4664"
1374,1374,"11298,7120,12869,1244,4576,7679,4664,11024,9101,10389"
1410,1410,"1290,7120,4929,10326,10663,544,9942,11298,4798,6220"
1414,1414,"12857,10326,6433,1290,544,8562,10594,8161,9942,8483"
1420,1420,"8562,6220,9942,4798,2218,13296,3950,5545,7707,13346"
1440,1440,"8590,2343,8562,1290,10326,544,7120,9942,4576,9693"
1441,1441,"2989,6220,9942,544,1290,10326,8562,7120,11298,4798"
1443,1443,"4576,1290,11298,11024,1244,9101,2989,544,4664,7120"
1458,1458,"1290,7120,11298,10326,544,1244,9101,4277,4929,4576"
1492,1492,"6220,9942,3950,13346,4798,5545,6971,10326,8562,1290"
1496,1496,"10326,6971,4798,1290,5303,8562,544,2218,8590,4277"
1499,1499,"3950,12665,10326,4798,3055,5303,13346,2343,544,8562"
1504,1504,"1290,7120,11298,9101,544,11024,2989,12869,1244,4664"
1516,1516,"6220,8562,13346,2343,9942,4277,3950,10326,2140,4798"
1523,1523,"4798,217,9455,1290,544,10326,9942,7120,13346,8562"
1534,1534,"1290,544,10326,9942,7120,4798,8562,11298,2989,6220"
1539,1539,"1290,7120,6220,544,11024,11298,9942,4576,11969,10389"
1559,1559,"1290,7120,2989,4576,6971,11024,1244,10389,9101,4664"
1572,1572,"6220,9942,3950,12665,8562,2218,544,10326,4277,13296"
1573,1573,"10326,4277,4798,12857,544,5303,8421,717,6220,217"
1601,1601,"544,6220,1290,7707,9942,7120,6971,13296,9101,4798"
1603,1603,"4798,8562,3950,10326,1290,544,13346,9942,6220,7120"
1604,1604,"544,217,4277,4798,13346,350,10326,1978,3950,717"
1613,1613,"1290,11298,2989,4576,11024,7120,544,1244,4664,7679"
1634,1634,"4798,10326,4277,6220,6659,3950,8562,6971,9942,1328"
1642,1642,"3950,8562,4798,6220,13346,2218,9942,10326,1290,13249"
1643,1643,"1290,7120,2989,6220,1244,6971,11298,4929,544,10663"
1654,1654,"8562,6220,3950,4798,9942,544,10326,13296,6971,2343"
1657,1657,"11298,11024,2989,544,4576,12655,7679,10389,1244,9101"
1674,1674,"1290,6971,2343,6220,9942,544,2218,4798,10326,89"
1702,1702,"6220,10326,8562,7707,13346,9942,5545,3950,13110,6326"
1719,1719,"6659,3950,6220,9942,13296,1290,544,10326,8562,3428"
1725,1725,"8562,4798,6220,10326,3950,13346,4277,12857,13296,9942"
1726,1726,"1290,6971,7120,4798,4929,10326,8562,544,2140,9942"
1728,1728,"544,1290,2343,4576,6971,11969,9693,8590,10326,2989"
1735,1735,"1290,544,10326,89,9942,7120,12665,4798,8562,11298"
1739,1739,"1290,7120,4929,10663,544,10326,9942,11298,4798,3697"
1774,1774,"10326,4798,3950,8562,4277,6220,6971,3428,13346,5303"
1780,1780,"10326,4798,544,4277,6220,9101,11969,217,350,1323"
1799,1799,"217,1290,544,10326,9942,7120,8562,4798,6270,11298"
1813,1813,"8562,10326,4798,3950,9942,2218,13346,6220,5303,13296"
1834,1834,"8562,3950,13346,12857,4798,10326,10916,6326,6971,1290"
1835,1835,"5495,12470,8562,6659,1290,544,10326,9942,7120,4798"
1841,1841,"1290,11298,1244,12869,9962,789,10607,5135,9101,9730"
1863,1863,"6220,3950,8562,3428,9942,5545,4277,12665,10326,2140"
1878,1878,"8562,9942,3950,13346,6220,3428,12857,5545,6326,4798"
1879,1879,"2343,6971,4798,10326,8562,13346,5532,544,5303,1290"
1910,1910,"1290,7120,6971,10663,4798,10326,8590,2343,2140,544"
1911,1911,"8562,4798,10326,5303,13249,544,1290,8421,6220,9942"
1919,1919,"13346,2343,6220,9693,9942,5545,6971,544,2989,1290"
1925,1925,"12869,7679,11298,9730,4163,2957,1290,544,11024,3464"
1926,1926,"11298,11024,1290,9962,7120,789,544,1244,4664,10326"
1931,1931,"10326,1290,544,9942,7120,4798,8562,11298,2989,6220"
1940,1940,"10326,4798,6971,6220,2218,8562,5303,4277,13346,8590"
1968,1968,"4798,10326,5303,1328,8483,4277,8590,13249,217,544"
1981,1981,"4798,3950,6971,13346,10326,8413,12857,5303,4277,12665"
1992,1992,"1290,7120,11298,10663,1244,2916,2989,12497,544,10326"
1998,1998,"11298,11024,1290,1779,4664,9295,10607,9101,2989,7120"
2000,2000,"1290,7120,4929,10663,9962,789,11298,5135,1244,9101"
2017,2017,"8562,3950,4798,13346,4277,6971,10326,6220,12857,5303"
2036,2036,"1290,544,10326,9942,7120,4798,8562,11298,2989,12665"
2044,2044,"2343,9693,544,6220,11969,8562,10326,9942,4798,3950"
2047,2047,"1290,11298,7120,1244,9101,1779,12869,10607,4664,9962"
2052,2052,"10326,5303,544,1290,6971,9942,8562,7120,4798,350"
2055,2055,"5495,1290,544,10326,9942,7120,4798,8562,11298,6220"
2069,2069,"6220,8562,2218,9942,13296,5545,3950,8413,2140,3428"
2075,2075,"2343,6220,3950,4798,9693,10326,9942,4277,5303,13346"
2089,2089,"4277,10326,4798,8421,8562,717,1290,544,10077,9942"
2093,2093,"4798,12665,6220,8562,5303,3950,2218,9942,6971,10326"
2127,2127,"10326,4798,2140,1290,544,4277,9942,7120,8562,6971"
2135,2135,"6220,9942,12665,3950,5545,2218,3428,8562,7707,13346"
2137,2137,"6220,12665,3950,13346,8562,2343,5545,89,1290,544"
2141,2141,"6220,2218,8562,7707,9942,13296,5545,544,8413,8188"
2147,2147,"1290,544,7120,4576,6220,8562,4664,9942,9101,7669"
2150,2150,"10326,4277,8562,12857,4798,350,544,717,8421,3950"
2153,2153,"4798,10326,6220,8562,5303,12857,6971,4277,6326,13249"
2158,2158,"1290,11298,2989,544,7120,4576,9101,1244,12869,11024"
2178,2178,"8562,5495,13346,2343,8590,4798,9942,13249,5199,10326"
2180,2180,"6220,8562,13346,3950,2343,9942,12665,3428,6383,4277"
2181,2181,"2989,1290,11298,7120,3464,544,1779,4576,11024,6220"
2193,2193,"6220,3950,9942,1290,544,10326,8562,4798,2218,7120"
2216,2216,"10326,4277,8562,4798,13346,544,7707,8421,6433,217"
2224,2224,"8562,5495,3950,10326,2343,5303,12470,6220,5545,2218"
2231,2231,"6971,2343,8590,1290,5532,544,9942,5199,89,10326"
2242,2242,"6220,4277,3950,5495,13306,5545,10326,8562,217,3428"
2243,2243,"2343,5495,544,9693,10326,1290,2903,5532,3127,4798"
2247,2247,"9730,1290,544,10326,9942,7120,5495,4798,8562,2343"
2262,2262,"544,1290,11298,11024,4576,1244,9101,7120,4664,2989"
2271,2271,"8562,10326,4798,3950,4277,2218,544,5303,13296,7707"
2284,2284,"3950,6971,13346,6220,8562,4798,8413,5495,1290,10326"
2287,2287,"8562,8188,13306,1290,544,3950,10326,5495,9942,7120"
2291,2291,"5303,2140,2218,10326,6971,6220,8590,4798,3950,4277"
2293,2293,"4798,1290,5303,7120,2218,6971,544,2343,11298,9730"
2294,2294,"4798,10326,8562,12857,5303,4277,6433,6326,544,10594"
2301,2301,"4798,6971,6220,2218,8590,10326,5303,1290,5545,8421"
2310,2310,"6220,9942,544,12665,10326,13296,1290,8562,3950,5545"
2341,2341,"8562,4798,6971,10326,6220,13346,3950,2218,5303,12857"
2345,2345,"11298,9101,4576,11024,7679,2989,11918,12655,12869,10137"
2348,2348,"1290,7120,11298,1244,4576,544,9101,2989,4929,9730"
2349,2349,"6971,10326,4798,13346,4277,544,2343,8562,3950,5303"
2350,2350,"10326,4798,1290,6220,4277,544,6971,7120,5303,8590"
2355,2355,"10326,4277,4798,8562,3950,12857,6220,8421,13346,217"
2383,2383,"10326,4798,8562,4277,13346,3950,12857,6326,1290,544"
2393,2393,"4798,6971,10326,1290,544,2140,9942,7120,8562,11298"
2399,2399,"7120,4929,10326,1244,10663,544,4798,6220,6971,9101"
2421,2421,"2343,544,10326,4798,12665,5532,6971,13346,5495,8562"
2435,2435,"9532,9942,2343,2989,11024,1290,544,10326,4576,11298"
2448,2448,"5495,1290,8590,9942,544,10326,10835,4798,7120,8562"
2452,2452,"1290,7120,4929,6971,10663,544,12497,10326,2989,2343"
2464,2464,"8562,6220,9942,5545,3950,13296,10326,4798,6971,13346"
2470,2470,"12857,3950,8562,10326,217,5642,1290,544,9942,10594"
2478,2478,"6971,1290,2218,8590,5303,10326,544,12665,7120,4798"
2506,2506,"6220,3950,3428,4798,8562,10326,4277,5495,9942,544"
2523,2523,"6971,10326,1290,544,4798,9942,7120,8562,12665,11298"
2527,2527,"1290,7120,4929,10663,544,10326,9942,12497,4798,8562"
2528,2528,"3950,4798,8562,12857,6220,6326,10326,9942,1290,544"
2530,2530,"3950,2218,13346,8562,6220,10326,5303,9942,1290,544"
2533,2533,"6220,9942,3950,8562,13296,1290,544,10326,8188,7120"
2540,2540,"8562,8483,13346,3950,4277,10326,4798,217,9942,1290"
2558,2558,"3950,8562,13346,10326,2343,12665,6971,9942,1290,5545"
2559,2559,"6220,8188,12665,3950,6659,5545,9942,13296,7707,8562"
2592,2592,"4798,10326,6220,6971,13346,544,8590,1290,4277,275"
2599,2599,"10326,8562,4277,4798,5303,6220,6971,3950,2140,544"
2608,2608,"6220,9942,8562,5545,3950,12665,13296,3428,2343,7707"
2613,2613,"11298,1290,2989,11024,7120,9730,4576,12869,4664,9295"
2616,2616,"8413,9942,1290,544,8562,10326,4798,5495,7120,6220"
2617,2617,"544,1290,6220,4798,8562,10326,7120,9942,7707,1863"
2619,2619,"3950,9942,6220,8562,1290,10326,544,13346,5545,7120"
2622,2622,"1290,7120,11298,1244,789,5135,544,11024,9295,2989"
2629,2629,"1290,11298,1244,544,7120,4576,9101,11024,6220,2989"
2648,2648,"1290,1244,7120,9101,544,4576,2989,10389,10326,12869"
2654,2654,"4798,6220,10326,8562,6971,5303,3950,7707,2140,12665"
2668,2668,"6220,1290,544,8562,7120,9942,10326,8188,4798,7707"
2703,2703,"5495,4576,3565,9942,1290,544,10326,2343,3950,5199"
2710,2710,"4277,13346,10326,3950,4798,8562,9942,544,12857,13249"
2713,2713,"4798,10326,6971,13346,5303,8562,3950,9942,6326,8590"
2722,2722,"7120,2989,11298,4929,9101,1244,4576,10663,544,9730"
2724,2724,"1290,7120,4929,10663,6971,8590,1244,9942,2916,544"
2727,2727,"6220,10326,2218,6971,5303,8562,4798,9942,13296,2140"
2755,2755,"1290,11298,4576,7669,2989,12869,544,11024,9101,7120"
2769,2769,"4277,13346,4798,7707,8562,275,10326,3950,12404,6220"
2776,2776,"10326,2218,5303,9942,544,8562,1290,5532,12665,6971"
2781,2781,"1290,7120,4929,10663,6971,1244,4576,8590,544,6220"
2782,2782,"1290,7120,11298,4929,1244,7679,10663,4576,10607,2989"
2789,2789,"2343,9693,3950,5532,10326,4798,544,5199,13346,9942"
2794,2794,"9942,3950,7707,5545,12665,6220,2903,8562,2343,1290"
2804,2804,"6220,2218,3950,5303,5545,8562,9942,13296,2343,64"
2819,2819,"6220,544,12665,3950,8562,10326,5495,5303,2343,4798"
2846,2846,"6971,9942,6220,8562,7707,544,5303,10326,4798,2218"
2851,2851,"12869,2989,7669,11024,11298,4576,10389,1290,544,4664"
2861,2861,"10326,4277,7707,9404,8562,544,3950,9532,1290,5495"
2862,2862,"6220,9942,12665,13296,11024,8590,1290,2343,4576,7707"
2867,2867,"13346,10326,4277,1290,544,350,4798,9942,8562,7120"
2873,2873,"2343,544,5495,9693,1290,13408,5532,6971,10326,7120"
2880,2880,"6220,8562,7707,9942,13296,544,1290,10326,4798,1863"
2881,2881,"10326,4798,12857,8562,4277,10916,8421,13346,10594,13249"
2886,2886,"4277,4798,5303,12665,6220,10326,2140,544,3950,8562"
2891,2891,"2343,9693,10326,6971,13346,4798,5532,6220,9942,12665"
2908,2908,"544,1290,10326,7120,4277,4798,2140,6971,5303,275"
2910,2910,"544,6220,9693,2343,6971,5303,7707,8562,9942,4798"
2915,2915,"10326,4798,3950,9942,8562,2218,5495,6220,5303,544"
2935,2935,"6971,6220,2218,544,5303,1290,8590,10326,3950,9942"
2946,2946,"1290,544,2989,11298,4576,12869,9101,1244,4929,10389"
2948,2948,"544,1290,6220,2989,7120,11298,4576,11024,9101,7707"
2969,2969,"2218,6971,3950,9942,2140,4798,1290,544,10326,7120"
2979,2979,"11298,1290,11024,12869,7120,10389,4576,1244,2989,7679"
3036,3036,"1290,7120,3464,11298,2989,7679,544,6248,10326,9942"
3050,3050,"3950,10326,2343,4798,13346,8562,9942,6220,2218,544"
3056,3056,"6659,10326,1290,544,9942,4798,7120,8562,6220,11298"
3061,3061,"10326,4798,4277,8562,5303,3950,8421,217,12857,2140"
3066,3066,"6220,8562,7707,4798,13296,10326,5545,6659,9942,3950"
3069,3069,"10326,4798,13346,2218,12857,217,6326,13249,1290,544"
3094,3094,"10326,4277,8562,4798,5303,217,544,350,12857,8421"
3106,3106,"6220,3950,12665,8562,2218,9942,10326,8188,4277,13296"
3110,3110,"1290,7120,4929,10663,2916,544,8590,6971,10326,12497"
3115,3115,"2343,5532,6220,10326,544,5199,6971,9693,12665,8562"
3136,3136,"1290,6971,6220,2218,8562,544,9101,10326,7120,5303"
3159,3159,"10326,3950,8590,4798,8562,1328,6659,9404,13346,9942"
3166,3166,"10326,544,5495,6220,4277,2343,4798,1290,5303,12665"
3172,3172,"1290,2343,11298,544,9693,7120,9101,1244,89,789"
3200,3200,"13346,3950,10326,2343,4277,4798,8562,544,1290,9942"
3217,3217,"10326,3950,13346,2218,4798,6220,8562,9942,5545,10568"
3218,3218,"1290,7120,1244,11298,4664,544,11024,13296,10389,6220"
3229,3229,"4798,10326,13346,4277,275,5303,544,2140,1210,1290"
3230,3230,"1290,544,7120,10326,6971,6220,4798,2989,5303,9101"
3274,3274,"6971,4798,5303,2140,10326,1290,544,9942,2218,7120"
3285,3285,"10326,4277,5303,8562,3950,544,4798,12857,6220,8421"
3316,3316,"6220,9942,8562,3428,13346,13296,5545,2218,12665,13110"
3319,3319,"4277,8562,10326,4798,3950,350,13346,8421,5303,544"
3323,3323,"10326,8562,3950,4277,6220,4798,5303,13346,12665,544"
3346,3346,"6971,1290,4798,5303,2989,2140,12665,7120,11024,10326"
3354,3354,"10326,8562,13346,9942,11969,4798,6220,3565,2218,3950"
3368,3368,"4798,3950,6220,4277,10326,8562,2218,217,13346,544"
3374,3374,"1290,9942,5545,7120,7707,3428,13296,8562,12665,6971"
3391,3391,"10326,8562,4277,3950,6220,12857,4798,217,8421,3428"
3397,3397,"8562,2343,6220,10326,13346,3950,9942,9693,4798,89"
3404,3404,"7707,8562,6220,544,10326,5495,1290,4798,9942,7120"
3408,3408,"8562,6971,4798,2218,5303,9942,6220,12665,2140,3950"
3416,3416,"2343,9693,544,2989,6971,6795,1290,5532,9942,10326"
3422,3422,"4798,1290,10326,544,6971,6220,7120,5303,4277,8590"
3423,3423,"544,6220,8562,5303,7707,10326,12665,4277,2218,5495"
3426,3426,"6220,9942,5545,6971,3950,7707,4798,12665,8562,3870"
3436,3436,"6220,10326,8562,544,6971,13346,4798,12665,13296,1290"
3448,3448,"12857,8562,6220,10326,4798,1290,544,2140,4277,9942"
3464,3464,"9942,8562,3950,12665,5545,6220,13346,2218,3428,13306"
3472,3472,"1290,7120,6971,11298,6220,1244,2218,4929,544,8562"
3477,3477,"6220,9942,544,8562,10326,5303,3950,5495,5545,13296"
3488,3488,"3950,6220,4277,13346,5303,10326,4798,8562,12857,2140"
3497,3497,"13346,4798,3950,8562,9942,6971,12665,10326,3428,2218"
3504,3504,"1290,7120,544,10326,9942,11298,1244,4798,6220,8562"
3517,3517,"8562,13346,3950,5303,4798,10326,12857,6220,2140,6971"
3538,3538,"5495,5303,10326,217,2218,4798,6971,12668,1290,2140"
3544,3544,"3950,6220,4798,9942,12665,2343,10326,13346,1290,9532"
3547,3547,"6220,4277,10326,4798,217,3950,13249,717,8421,13346"
3569,3569,"10326,6971,275,8590,12665,2343,2140,6220,5303,4798"
3570,3570,"1290,10326,544,9942,7120,4798,8562,11298,2989,6220"
3575,3575,"10326,4277,4798,3950,9942,13346,544,6220,1290,5303"
3579,3579,"4277,544,6220,2343,13346,10326,217,4798,3950,717"
3588,3588,"1290,6220,7120,544,13296,8590,6971,7707,9942,10326"
3592,3592,"2989,1290,12869,11024,4576,544,9942,11298,6220,7679"
3617,3617,"10326,4798,6220,8562,4277,2140,5303,3950,8421,6971"
3632,3632,"3950,6220,9942,1290,544,10326,12665,8562,7120,4798"
3650,3650,"2140,544,10326,4798,1290,9942,7120,11298,8562,2989"
3654,3654,"10326,4277,5303,12857,350,1328,2140,4798,13346,2218"
3656,3656,"1290,5303,10326,7120,6220,4798,9942,544,2218,8562"
3678,3678,"1290,6220,544,7120,6971,9942,4798,3950,9693,2343"
3681,3681,"1290,544,10326,9942,7120,4798,8562,11298,2989,6220"
3683,3683,"10326,4798,5303,6971,8421,4277,1290,544,8562,9942"
3685,3685,"10326,4277,4798,3950,2218,544,5303,8590,2140,6971"
3699,3699,"1290,7120,11298,3464,1244,2989,11024,544,7679,10389"
3707,3707,"6220,8562,8590,9942,1290,544,10326,7120,4798,5495"
3731,3731,"1290,7120,1244,4576,2989,4929,544,10663,11024,6971"
3737,3737,"4798,8562,2218,10326,5303,3950,1978,6433,12857,8483"
3739,3739,"8562,7707,544,10326,13346,4798,6220,6659,8188,9942"
3744,3744,"3950,6220,9942,13346,12665,8562,5545,4798,3428,2218"
3753,3753,"10326,4798,6971,13346,5303,3950,8421,12857,2140,8562"
3778,3778,"6220,2218,3950,8562,5303,9942,4798,10326,5495,13346"
3786,3786,"6220,8562,3950,9942,13346,2140,5545,5303,10326,4798"
3790,3790,"8562,3950,13346,6220,2218,9942,4798,5495,10326,5303"
3804,3804,"4277,217,8421,3950,544,717,10077,13346,10326,350"
3805,3805,"3950,8562,10326,5303,4798,6220,2218,544,13346,3428"
3819,3819,"10326,544,6220,2218,3950,8562,4798,5303,4277,9942"
3827,3827,"1290,544,10326,9942,7120,4798,8562,11298,2989,6220"
3829,3829,"10326,4798,8562,5303,6971,13346,12857,3950,4277,6220"
3841,3841,"10326,6971,2343,6220,544,2140,5303,8562,13346,4277"
3849,3849,"1290,7120,11298,9730,789,9962,12869,5135,1244,9101"
3928,3928,"1290,7120,11298,1244,4929,4576,10663,12869,9101,544"
3988,3988,"11298,8978,6288,11024,7679,2957,4163,1290,3464,544"
3994,3994,"1290,7120,2989,11298,6220,9101,1244,544,11024,4664"
3998,3998,"13346,9942,3950,10326,4277,3428,2411,2343,6220,12665"
4012,4012,"3950,13346,4798,1290,544,10326,8562,9942,7120,11298"
4021,4021,"5303,2343,6971,2140,10326,4798,544,8161,6220,1290"
4022,4022,"4798,6220,8562,4277,6971,3950,12665,13346,5303,1290"
4047,4047,"9942,6220,544,1290,8562,10326,3428,8188,4798,7707"
4073,4073,"1290,2989,544,11298,1244,4929,4576,9101,6971,11024"
4099,4099,"1290,544,6220,5495,7120,2218,6971,5303,8590,4576"
4100,4100,"1290,544,9942,10326,8562,7120,4798,5495,11298,6220"
4120,4120,"12470,6220,13408,2218,10326,7707,9942,544,5303,5199"
4126,4126,"1290,7120,544,11298,9101,4576,4929,11024,10326,6971"
4136,4136,"4798,8413,8562,12857,10326,1290,3950,13346,544,9942"
4160,4160,"1290,7669,12869,11298,7679,7120,4163,2957,544,9330"
4173,4173,"1290,7120,6971,4576,544,8590,1244,6220,11298,10389"
4177,4177,"1290,7120,11298,544,4576,9730,2989,11024,9101,1244"
4183,4183,"10326,4277,4798,5303,544,8562,6220,8421,6971,3950"
4191,4191,"1290,7120,4929,10663,1244,544,2916,10326,9942,4798"
4195,4195,"8562,10326,4277,4798,13346,2218,2140,5303,12857,9942"
4213,4213,"6220,544,2343,6971,5495,9942,10326,9693,13306,1290"
4226,4226,"9942,5495,217,3950,4277,13346,13249,3428,12665,1290"
4227,4227,"1290,7120,9295,11298,9101,4576,275,1779,2989,1244"
4232,4232,"13346,3950,10326,4798,8562,9942,1290,13249,544,6220"
4255,4255,"10326,4798,4277,13346,8562,8421,544,5303,350,217"
4258,4258,"544,12869,1290,11024,11298,10326,7120,9295,9942,1244"
4274,4274,"5303,10326,8421,1328,350,4798,8483,544,1290,4277"
4289,4289,"1290,2218,6220,8590,7707,7120,9942,13296,10326,544"
4295,4295,"10326,8562,6220,4277,4798,7707,5545,3950,544,13346"
4300,4300,"6220,3950,13346,8562,3428,9942,4798,10326,12665,5545"
4334,4334,"10326,12857,4277,13346,8562,4798,1290,544,217,9942"
4361,4361,"4798,8562,10326,3950,13346,5303,9942,1290,544,6971"
4377,4377,"4798,3950,8562,10326,13346,9942,1290,6220,544,3428"
4412,4412,"1290,7120,11298,9730,4929,2989,1244,10663,4576,3464"
4415,4415,"13346,12857,8413,10326,3950,1290,544,8562,9942,4798"
4424,4424,"4798,13346,6971,10326,1290,8562,544,9942,7120,11298"
4425,4425,"4277,10326,350,4798,8562,8421,217,10594,1978,12857"
4430,4430,"8562,10326,4798,3950,13346,6220,4277,5303,6971,12857"
4433,4433,"4798,8562,10326,6220,5303,8413,8421,12857,5495,2218"
4436,4436,"10326,6220,544,4798,9942,8562,1290,5495,2140,7120"
4458,4458,"10326,4798,3950,5303,13346,8562,13249,6220,4277,12665"
4461,4461,"7707,544,1290,8562,10326,9942,6220,7120,5495,4798"
4488,4488,"3950,6220,9942,12665,13346,5545,3055,8590,4798,5676"
4497,4497,"1290,7120,4929,1244,11298,10663,4576,8590,544,10326"
4498,4498,"10326,4277,5303,544,2140,4798,3950,350,9942,8421"
4504,4504,"6220,9942,3950,5495,1290,544,10326,4798,7120,8562"
4510,4510,"6220,1290,9942,6971,3950,12665,2218,5303,8590,7120"
4512,4512,"1290,544,10326,9942,7120,4798,8562,11298,2989,6220"
4513,4513,"6220,10326,2218,544,5303,4798,7707,3428,8562,5495"
4516,4516,"1290,7120,11298,11024,12869,4576,1244,9730,9101,2989"
4526,4526,"6220,8562,544,9942,4798,12665,3428,4277,3950,13296"
4528,4528,"8562,13346,4798,10326,6971,2218,6220,5545,12665,3950"
4542,4542,"3950,4798,8562,6971,13346,6220,4277,12857,2343,9942"
4559,4559,"1290,7120,11298,9295,9730,1779,2989,10663,4929,11024"
4572,4572,"8562,3950,13346,1290,544,10326,6220,9942,4798,7120"
4575,4575,"8562,6220,3950,4798,5303,4277,12665,7707,5545,9942"
4583,4583,"4277,217,8562,4798,13346,10326,12857,8421,1323,6326"
4602,4602,"6220,6971,8562,7707,5545,4798,1290,3950,2140,275"
4608,4608,"11298,1290,7120,11024,1244,4576,2989,7679,4664,10389"
4609,4609,"13346,3950,10326,8562,5495,8590,9942,6220,1290,9072"
4626,4626,"13346,8562,3950,2343,6220,5545,64,9942,13296,6971"
4642,4642,"3950,8562,6220,2343,5495,7707,13346,3428,5545,9942"
4653,4653,"8562,2343,6971,6220,7707,9942,12665,5545,9693,544"
4664,4664,"1290,7120,11298,11024,1244,4576,4929,9101,9295,2989"
4665,4665,"1290,7120,4929,10663,544,2916,10326,9942,12497,1244"
4672,4672,"1290,11298,7120,11024,2989,1244,544,4576,9101,10389"
4680,4680,"4277,3950,10326,4798,6220,12857,217,13346,350,1328"
4705,4705,"10326,4798,8562,3950,5495,12665,9942,5303,6971,5532"
4707,4707,"8562,1290,544,10326,9942,12857,7120,4798,2218,1912"
4711,4711,"5495,8562,3950,6220,12470,8590,544,5199,9942,10326"
4732,4732,"12665,3950,544,5461,5199,5495,10326,6220,1290,13346"
4734,4734,"1290,7120,6220,6971,4929,10663,9942,12665,8590,4798"
4735,4735,"1290,7120,4929,10663,544,10326,2989,9942,11298,4798"
4749,4749,"544,6220,9942,2343,7707,5545,9693,4576,1290,2989"
4751,4751,"10326,6971,4798,13346,9942,5303,3950,8562,12665,544"
4762,4762,"6971,2218,8562,4798,3055,13346,6220,1290,10326,544"
4767,4767,"10326,1290,8562,6220,4798,544,7120,9942,8188,8590"
4771,4771,"10326,4798,8562,6220,3950,5303,544,4277,13346,9942"
4773,4773,"2218,10326,12665,6220,6971,5495,2140,5303,3950,4798"
4776,4776,"8562,12665,544,1290,2989,10326,9942,7120,4798,11298"
4783,4783,"9942,6220,3428,5545,3950,2218,8562,13306,6659,10326"
4788,4788,"4798,12857,8562,10326,3950,10594,8421,2140,13346,1290"
4808,4808,"3950,4798,350,13346,4277,1328,1978,10326,2140,1290"
4810,4810,"3950,6971,10326,6220,8562,4798,13346,9942,2218,5303"
4818,4818,"4798,8562,3950,13346,217,10326,5303,4277,717,6220"
4823,4823,"544,6220,3428,2343,8562,3950,10326,9942,8483,4277"
4829,4829,"8562,5545,3950,6220,1290,9942,544,2343,10326,4798"
4842,4842,"6220,8562,10326,9942,4798,7707,544,2343,13346,8421"
4859,4859,"6220,3950,9942,5495,2343,12665,13346,4798,64,10326"
4866,4866,"544,6220,1290,8590,7120,13296,6971,8562,10326,7707"
4881,4881,"10326,4798,4277,3950,13346,6220,12857,9942,6433,544"
4908,4908,"544,1290,10326,4798,9942,7120,8562,6220,11298,2989"
4910,4910,"1290,4929,1244,11298,544,9101,4576,2989,789,9962"
4922,4922,"10326,4798,6220,8562,12665,3950,4277,6971,217,2218"
4942,4942,"544,10326,11298,1290,4277,6220,7120,9962,789,9101"
4976,4976,"6220,10326,6971,4576,12665,11298,9942,544,1290,5303"
4993,4993,"1290,544,7707,13296,8562,7120,2989,9942,10326,9101"
4995,4995,"10326,4277,4798,5303,8562,8421,2140,544,13249,350"
5020,5020,"7679,3464,11298,10326,544,1290,7120,4576,9942,2989"
5040,5040,"8562,3950,2218,5303,10326,6220,12857,2140,12665,4277"
5048,5048,"2140,1290,544,10326,9942,4798,5303,7120,8562,11298"
5058,5058,"2343,9693,5532,9532,12665,10326,6220,6795,544,4798"
5067,5067,"4798,10326,4277,6220,544,8562,217,350,1978,13346"
5087,5087,"4798,6220,8562,6971,3950,10326,4277,13346,5495,544"
5090,5090,"89,1290,6220,12665,9942,544,13346,10326,8562,7120"
5102,5102,"2218,1290,544,10326,9942,7120,4798,8562,5495,11298"
5103,5103,"8562,6220,4798,6971,3950,5303,12665,2218,9942,8413"
5105,5105,"1290,544,7707,7120,9942,10326,6220,8562,4798,1863"
5108,5108,"3950,5495,4798,13346,10326,12470,6220,2218,1290,544"
5119,5119,"6220,4277,544,2218,7707,8562,9942,5495,4576,3950"
5120,5120,"1290,11298,2989,11024,7120,544,4576,9730,9101,1244"
5124,5124,"1290,544,10326,9942,7120,4798,4277,8562,6220,11298"
5132,5132,"8562,2218,5495,5303,10326,3950,4798,13346,5199,9942"
5138,5138,"11298,4576,2989,12869,11024,10389,544,1779,4664,3222"
5144,5144,"10326,4277,8562,2343,544,13346,6220,3950,217,8421"
5159,5159,"10326,6220,3950,4798,13346,8562,544,13296,8421,9942"
5167,5167,"3950,2218,6220,9942,8562,10326,4798,3428,714,12665"
5175,5175,"10326,4798,4277,12857,2140,8421,10916,8562,275,717"
5176,5176,"1290,7120,1244,11298,4929,4576,2989,10663,544,11024"
5185,5185,"3950,12665,6971,2218,8590,10326,8562,4798,13346,5545"
5189,5189,"4798,3950,12665,8562,6220,10326,6326,6971,9942,9455"
5191,5191,"8562,6220,13296,9942,10326,13306,13346,3428,1290,544"
5206,5206,"6220,9942,8562,5303,6971,544,2218,7707,13296,10326"
5213,5213,"6220,544,12665,2343,4798,8562,10326,4277,5303,5545"
5224,5224,"4798,4277,8562,6220,13346,544,8590,217,13296,717"
5226,5226,"1290,7120,11298,544,6971,4576,11024,2989,9101,12665"
5241,5241,"1290,7120,4929,11298,10663,789,9962,1244,2916,5135"
5264,5264,"1290,11298,7120,4576,11024,2989,544,9101,1244,10389"
5268,5268,"6971,4277,5303,10326,544,4798,8562,2140,6220,8421"
5270,5270,"4798,8562,6220,10326,6971,2218,12665,5303,8590,13346"
5287,5287,"9942,11969,1290,544,10326,2343,4798,7120,8562,13346"
5314,5314,"6220,13296,1290,8562,6971,9942,10326,4798,544,7120"
5318,5318,"1290,7120,4929,10663,544,2916,10326,9942,12497,4798"
5326,5326,"6220,2218,7707,8562,1290,10326,4798,544,7120,9942"
5336,5336,"4277,8413,3950,13346,10326,1290,544,4895,4798,9942"
5343,5343,"11298,1290,9962,789,1779,9942,7120,5135,10607,1244"
5347,5347,"9942,6220,2343,8562,3950,3428,544,9693,12665,13296"
5354,5354,"8562,4798,3950,5495,13346,10326,2140,1290,9942,544"
5356,5356,"10326,4798,3950,6971,6220,8562,2140,13346,544,1290"
5367,5367,"1290,7120,6220,6971,8562,5545,544,9942,89,4798"
5373,5373,"8562,6220,3950,5303,5545,9942,1290,6971,10326,4798"
5385,5385,"6220,8590,544,4277,7707,10326,13296,8562,6659,1290"
5458,5458,"9942,6220,3428,3950,13306,2343,8562,13110,5545,1290"
5463,5463,"4798,6220,10326,8562,5303,4277,6971,9942,544,2140"
5471,5471,"11298,1290,11024,1779,7120,2989,7679,1244,12869,9962"
5476,5476,"1290,6220,4798,7120,10326,12665,544,13346,275,4929"
5484,5484,"3950,8562,13346,4798,2218,12665,10326,6971,1290,544"
5508,5508,"1290,7120,11298,9101,1244,4576,11024,2989,12869,789"
5513,5513,"6220,9942,2218,8562,5303,12665,5545,8413,13296,3950"
5520,5520,"10326,4277,544,8562,4798,5303,217,717,13346,3950"
5524,5524,"13346,6220,6971,7707,8562,9942,3950,13296,3428,13306"
5539,5539,"5495,9942,6220,8413,5303,5545,4798,2218,8562,544"
5554,5554,"10326,1290,544,9340,4277,4798,9942,7120,8562,11298"
5564,5564,"4798,10326,4277,5303,8562,544,2140,12857,3950,8421"
5595,5595,"10326,5495,4798,8562,5303,13346,2140,9942,6220,13296"
5601,5601,"10326,6971,5303,4798,275,2140,8562,8590,1290,544"
5602,5602,"10326,8562,4798,5303,3950,6971,2218,2140,12857,6220"
5618,5618,"1290,7120,11298,10663,12869,11024,2989,9730,1244,4576"
5643,5643,"6220,544,6971,1290,2343,13408,10326,9942,7120,8562"
5644,5644,"4798,5495,10326,9942,544,2343,1290,13346,8562,5532"
5651,5651,"6220,8562,2218,4798,3950,10326,5303,4277,13346,2140"
5655,5655,"5495,8562,2218,3950,10326,544,1290,9942,13346,8413"
5658,5658,"10326,4798,8562,8421,6971,12857,13346,1290,544,9942"
5660,5660,"10326,2218,6659,11969,13110,544,6220,2140,1323,4277"
5662,5662,"6220,5545,3950,2218,9942,12665,3428,89,6971,544"
5670,5670,"4798,10326,3950,4277,8562,5303,12857,13346,6326,8421"
5676,5676,"1290,7120,11298,11024,1244,9295,12869,1779,10607,4036"
5680,5680,"6220,4798,13346,9942,5545,8562,3950,12665,10326,1290"
5698,5698,"6220,10326,2343,544,9942,11298,9101,12665,9693,4576"
5710,5710,"5495,2343,3950,10326,6971,8590,5532,6220,544,4798"
5723,5723,"11298,11024,4576,1290,2989,10389,1244,7120,11918,1779"
5742,5742,"2343,9693,544,5532,10835,10326,3950,1290,9942,8562"
5748,5748,"6220,4798,8562,12665,3428,9942,13346,10326,2140,5545"
5750,5750,"544,6220,8562,6971,2218,5495,10326,5303,8413,4798"
5787,5787,"3950,9942,2343,10326,4798,13346,6220,544,2140,2218"
5798,5798,"2343,4798,10326,13346,6971,5303,3950,2140,9693,8562"
5799,5799,"1290,544,10326,9942,4798,7120,8562,11298,2989,6220"
5815,5815,"1290,2343,11298,7120,9693,9101,9962,789,544,12869"
5822,5822,"10326,2218,5303,6971,3950,2140,4798,544,8562,12665"
5834,5834,"12665,8562,6220,3950,5495,4798,5303,10326,6971,3055"
5846,5846,"4798,10326,544,3950,13346,2218,4277,6971,5303,8562"
5858,5858,"4798,3950,8562,2140,10326,5495,544,1290,5303,9942"
5882,5882,"10326,4798,2218,4277,544,5303,8562,11969,2140,217"
5892,5892,"13346,8562,4798,6971,2218,10326,5303,9942,1290,544"
5897,5897,"3950,6220,8562,8413,5303,10326,2218,4277,8421,2140"
5898,5898,"3950,8562,6220,10326,4798,9942,2218,12665,8413,1290"
5902,5902,"8413,1290,544,10326,9942,7120,8562,4798,11298,2989"
5919,5919,"1290,7120,10326,12869,4277,544,4576,6220,1244,8562"
5934,5934,"544,6220,2343,1290,10326,9942,2218,7120,4798,8562"
5946,5946,"1290,7120,6971,4929,9295,789,544,12869,10326,9942"
5965,5965,"2343,9693,5199,5532,1290,544,10326,9942,13346,7120"
5995,5995,"6220,3950,10326,4277,2343,9942,3428,13346,544,4798"
6005,6005,"1290,544,11298,6220,2989,9101,4576,6971,11024,12655"
6006,6006,"6220,9942,3950,8562,7707,5545,13346,5495,13296,12665"
6013,6013,"10326,8562,4798,6220,4277,3950,9942,13346,217,6433"
6016,6016,"3950,2218,13346,10326,5495,6220,8562,4277,4798,5303"
6023,6023,"7120,1244,4576,544,10663,9101,11298,2989,6971,4277"
6052,6052,"3950,6971,10326,5495,2343,8562,4798,9942,13346,2218"
6056,6056,"544,6971,5495,10326,2343,8590,6220,12665,1290,13346"
6059,6059,"4798,6220,10326,5303,5495,3950,6971,12857,544,12665"
6064,6064,"8562,10326,3950,4798,2343,9942,6220,13346,5303,544"
6091,6091,"3950,2218,6971,6220,9942,3055,8562,5199,12665,10326"
6112,6112,"7120,11298,2989,1244,10663,4576,11024,12869,3464,2916"
6133,6133,"6220,5303,9942,2343,3950,2140,5532,9693,10326,6971"
6150,6150,"4798,10326,1290,544,9942,7120,8562,11298,2989,5610"
6155,6155,"10326,4798,8562,5303,9942,12857,3950,2140,4277,544"
6157,6157,"10326,4798,5303,8562,8421,3950,4277,2140,12857,6971"
6212,6212,"6220,8562,4277,9942,1290,544,3428,10326,13296,3950"
6218,6218,"10326,3950,4277,13346,8562,6220,5303,4798,8421,10916"
6242,6242,"6220,4798,6971,10326,13296,9942,8590,5545,8562,3950"
6243,6243,"10326,4798,544,8562,5303,4277,5495,2343,6220,2140"
6260,6260,"4798,10326,8421,810,1290,8562,6220,544,7120,9942"
6262,6262,"10326,2140,6220,4798,1290,9942,544,8562,7120,3950"
6278,6278,"2218,6971,5303,544,6220,275,2140,7707,5495,10326"
6280,6280,"6220,3950,8562,4798,5303,13346,9942,13249,3055,8483"
6287,6287,"8562,4798,6971,10326,2140,544,1290,7120,5303,12665"
6305,6305,"10326,4277,5303,717,544,9942,4798,8562,217,8421"
6320,6320,"1290,7120,6220,6971,2343,9942,5303,8590,10326,13296"
6339,6339,"2343,4798,6220,8562,9942,13346,3950,10326,544,12665"
6360,6360,"544,6220,4798,2218,3950,5303,8562,6971,275,11969"
6370,6370,"8562,6220,10326,3950,2218,4277,4798,13346,9942,5545"
6376,6376,"10326,4798,4277,6220,8562,5303,3950,13346,9942,275"
6378,6378,"7120,11298,1244,2989,9101,11024,4576,9295,544,12869"
6379,6379,"8562,10326,6971,6220,4798,3950,544,2218,5303,4277"
6398,6398,"2343,544,1290,1244,7120,9101,6795,10326,2903,7679"
6422,6422,"8562,13346,8413,9942,6220,4798,544,6971,10326,1290"
6424,6424,"3950,2218,4798,9942,6971,1290,10326,13346,544,8562"
6436,6436,"1290,544,10326,9942,7120,8562,4798,11298,2989,6220"
6454,6454,"2343,544,9693,9101,5532,9942,11298,6795,6971,2989"
6464,6464,"4798,10326,8421,5303,2343,4277,544,1290,9942,13346"
6479,6479,"3950,4798,13346,2218,8483,7707,9942,10326,6220,1290"
6485,6485,"1290,544,10326,8562,7120,9942,4798,1863,11298,7707"
6488,6488,"9942,6220,3950,5545,8562,12665,3428,4798,7707,1290"
6490,6490,"9942,13110,8562,1290,544,10326,7120,3950,4798,6220"
6498,6498,"10326,8562,6220,9942,3950,3428,5545,13296,4277,7707"
6533,6533,"1290,2989,11298,544,7120,9101,12869,12665,6220,8590"
6577,6577,"10326,9942,3950,6220,4798,4277,2218,13346,8562,217"
6579,6579,"10326,4798,4277,12857,544,5303,8421,2140,350,1290"
6583,6583,"6220,10326,3950,8562,6971,3428,544,9942,5545,13346"
6597,6597,"8562,9942,2343,10326,6220,9693,544,13346,5303,13296"
6599,6599,"1290,6220,6971,2218,8590,13296,12665,9942,7120,8562"
6607,6607,"9942,6220,8562,3950,5303,3428,13346,4798,2218,8483"
6613,6613,"8562,6220,3950,13346,5545,12665,10326,3428,2218,7707"
6622,6622,"1290,7120,9295,8590,11298,4929,89,2989,4576,6971"
6637,6637,"2218,6220,2343,6971,8562,3950,9532,12665,9942,544"
6644,6644,"10326,4798,4277,6220,8562,3950,5303,2218,13346,1290"
6651,6651,"1290,11298,7120,4576,2989,11024,9101,1244,544,12869"
6674,6674,"10326,3950,8562,12665,13346,3428,2343,9942,5495,4277"
6683,6683,"2343,9693,10326,13346,8590,5532,4798,3950,5199,12665"
6686,6686,"1290,7120,9101,544,11298,9942,6971,6220,10326,2989"
6707,6707,"544,2343,6220,8562,5303,10326,5495,4277,3950,13346"
6724,6724,"6220,1290,544,10326,9942,7120,1244,2989,4798,8562"
6729,6729,"6220,10326,8562,3950,9942,4798,6971,5303,2218,5545"
6739,6739,"3950,8562,12665,9942,6220,1290,544,10326,7120,4798"
6756,6756,"3950,8562,10326,5303,6220,4798,2218,2140,275,13346"
6764,6764,"8562,5545,6659,5303,50,6220,13296,2218,544,10326"
6768,6768,"6220,9942,8562,10326,5545,6971,3428,12665,13296,4277"
6787,6787,"12665,2218,8562,3950,6971,3055,4798,6220,13346,10326"
6808,6808,"1290,7120,1244,11298,544,4576,2989,11024,12869,4664"
6811,6811,"544,10326,4277,4798,8483,12665,350,6220,2343,11969"
6812,6812,"8562,4798,3950,10326,9942,5545,7707,12665,13296,3428"
6831,6831,"6220,9942,10326,544,6971,5303,2218,8562,13296,7707"
6833,6833,"2343,6220,12665,8562,1290,544,9942,9693,10326,7120"
6840,6840,"4798,2140,5303,10326,1290,544,2218,9942,7120,8562"
6842,6842,"1290,7120,1244,11298,4929,9962,789,10607,10663,5135"
6855,6855,"1290,11298,7120,4576,9101,1244,2989,544,11024,12869"
6869,6869,"10326,4798,5303,4277,8562,6971,3950,2140,12857,8421"
6874,6874,"6220,6971,1290,544,4798,7120,9942,12665,10326,13296"
6879,6879,"544,2343,6971,6220,2218,9942,5532,3950,10326,5199"
6885,6885,"3950,13346,5676,1290,544,10326,4798,9942,7120,8562"
6886,6886,"6220,9942,13346,2343,12665,3950,4798,5545,4277,1290"
6902,6902,"10326,4798,4277,8562,6971,544,3950,13346,2140,6433"
6908,6908,"1290,11298,7120,2989,9101,12869,1244,11024,544,4664"
6911,6911,"3950,6659,9942,6220,10326,1290,544,3428,8562,7120"
6912,6912,"6220,3950,12665,9942,6971,5545,8562,544,13346,4798"
6919,6919,"1290,7120,544,11298,2989,4576,1244,11024,9101,12869"
6926,6926,"5532,6220,9942,1290,544,10326,3950,7120,4798,8562"
6934,6934,"8562,10326,3950,217,8421,13346,1290,9942,544,4798"
6935,6935,"10326,4798,4277,544,8562,6220,12665,13346,3950,2140"
6939,6939,"6220,4798,5303,9942,10326,1290,6971,8413,2218,8562"
7000,7000,"6220,9942,2343,544,3950,8562,7707,5303,9693,5545"
7003,7003,"8562,3950,2343,6220,10326,9942,8590,5495,12665,6971"
7005,7005,"10326,544,4798,217,3428,3950,6220,8562,6433,8421"
7042,7042,"10326,8562,4798,12665,5303,3950,13346,6971,2140,8421"
7045,7045,"4798,10326,6971,8562,544,2140,3950,13346,6220,7707"
7047,7047,"1290,544,9942,6220,10326,7120,4798,8562,10429,11298"
7053,7053,"6220,544,8562,7707,10326,9942,13296,4798,1290,12665"
7063,7063,"10326,3950,13346,4277,13249,717,4798,8421,1328,217"
7067,7067,"2343,2218,3950,544,4277,13346,9693,6220,217,717"
7071,7071,"10326,4277,4798,13346,3950,6220,12857,8421,5303,217"
7078,7078,"6220,8562,3950,2218,9942,3428,2140,13346,5495,2343"
7109,7109,"10326,8562,6220,6326,9942,6659,4798,1290,13346,6433"
7118,7118,"4798,10326,12857,6433,5303,4277,8562,2140,10594,8421"
7129,7129,"1290,7120,11298,1244,9101,4576,2989,11024,4664,10389"
7133,7133,"10326,4798,217,3416,350,9942,544,5495,6220,5303"
7139,7139,"6971,8590,1290,544,769,9295,10326,2989,7120,10464"
7142,7142,"3950,6220,4277,12665,4798,10326,8562,5303,2218,544"
7146,7146,"2343,5303,6971,4798,10326,9693,2218,8590,12665,544"
7172,7172,"10326,4277,4798,8562,217,8421,350,13249,544,12857"
7181,7181,"5495,6971,2343,12665,89,64,13346,10326,3950,2218"
7195,7195,"10326,4798,4277,8562,6971,544,6220,13346,5303,2140"
7197,7197,"4798,8562,9942,10326,3428,5545,5303,2218,3950,217"
7203,7203,"1290,7120,11298,1244,4929,2989,10663,4576,9101,11024"
7223,7223,"8562,3950,6220,4798,6971,2218,10326,13296,5303,12857"
7235,7235,"1290,12869,544,7120,6971,11298,11024,4576,2989,9101"
7236,7236,"7120,544,10326,12665,4277,6971,4798,6220,4576,5303"
7237,7237,"1290,7120,4929,1244,544,10663,10326,9942,11298,4798"
7255,7255,"1290,7120,6971,8590,4929,544,10663,4798,9295,4277"
7297,7297,"6220,8562,6971,12665,10326,4798,2140,9942,9693,3950"
7320,7320,"3950,2218,10326,4798,8413,6971,8562,9942,544,5495"
7323,7323,"2343,12665,6220,13346,3950,9942,9693,64,13296,8562"
7326,7326,"2218,8590,10326,5303,4798,2140,8483,12404,1290,544"
7343,7343,"10326,4277,4798,8562,6433,350,8421,217,5303,717"
7363,7363,"6220,2218,13296,13346,6971,8562,9942,3950,8590,10326"
7364,7364,"6971,2218,13346,4798,10326,3950,9942,5303,12665,3055"
7366,7366,"6220,9942,3950,3428,4277,544,1290,8562,10326,13346"
7372,7372,"8413,2218,13346,4798,3055,5303,8562,5495,3950,9942"
7399,7399,"7707,544,9942,6220,1290,10326,8562,7120,4798,9693"
7402,7402,"2218,6220,12665,5303,8562,3950,6971,5495,13296,4798"
7406,7406,"8562,10326,2140,544,4798,1290,6971,9942,3950,7120"
7421,7421,"544,9942,6971,4798,10326,2343,3950,2218,8562,4576"
7425,7425,"1290,7120,6220,544,10326,8562,4576,13296,9942,9101"
7431,7431,"10326,4798,6971,12857,4277,8562,10916,8421,13346,8161"
7447,7447,"4798,10326,8421,8562,3950,6971,1290,544,9942,2140"
7451,7451,"6220,8562,7707,13296,5545,544,10326,4798,1290,9942"
7453,7453,"7120,4929,789,10663,9962,1244,5135,544,6971,11298"
7456,7456,"1290,544,789,9962,7120,2989,10326,6971,9942,8562"
7484,7484,"1290,7120,11298,4929,6971,10663,1244,9730,9295,544"
7486,7486,"2218,3950,5495,4798,5303,6220,10326,6971,8562,2140"
7505,7505,"1290,7120,11298,2989,1244,9101,4929,4576,544,11024"
7529,7529,"8562,4798,13346,10326,2140,4277,13296,3950,544,9942"
7532,7532,"11298,2989,11024,4576,544,1244,1290,10389,8978,9101"
7548,7548,"6220,10326,8562,13346,12665,3950,4798,6971,9942,5545"
7550,7550,"3950,6220,8562,4277,1978,10326,9404,4798,217,1290"
7557,7557,"10326,4277,4798,8421,217,12857,3950,544,350,8562"
7574,7574,"1290,7120,11298,4929,10663,789,9962,5135,2989,11024"
7586,7586,"9942,6220,544,1290,8562,10326,7707,7120,4798,11298"
7592,7592,"1290,544,10326,9942,7120,4798,8562,11298,2989,6220"
7594,7594,"3950,8413,9942,8562,2218,12857,6220,13346,4798,1290"
7600,7600,"2343,10326,8562,4277,9942,9693,13346,5495,4798,544"
7601,7601,"10326,4798,6971,8562,13346,4277,5303,2140,12857,2218"
7642,7642,"10326,544,1290,6220,4798,9942,7120,4277,12869,5303"
7647,7647,"5303,8413,6971,2140,8562,544,2218,6220,10326,1290"
7650,7650,"6220,8562,2218,3950,544,8413,5303,10326,4798,12665"
7660,7660,"1290,11298,4576,7120,12869,544,9101,2989,11024,1244"
7682,7682,"6220,10326,4798,8562,6971,3950,4277,2218,13346,9942"
7712,7712,"6220,10326,544,3428,3950,5303,13296,2218,8562,4798"
7728,7728,"8562,3950,4798,4277,10326,1290,544,10594,12857,11000"
7763,7763,"8562,6220,4798,10326,13346,3428,5545,12665,13296,5303"
7764,7764,"10326,544,6971,6220,2218,4277,9942,3950,13296,13346"
7765,7765,"2989,11298,11024,4576,1290,7120,9730,12869,11918,10389"
7768,7768,"9942,6659,6220,4798,8562,3950,5545,7707,1290,10326"
7776,7776,"1290,7120,9962,789,5135,11298,544,10326,9942,9101"
7834,7834,"1290,10326,544,4798,9942,7120,8421,8562,11298,2989"
7850,7850,"4277,4798,544,2140,8421,8562,2218,6220,217,12857"
7860,7860,"1290,7120,11298,2989,1244,4576,9101,4929,544,11024"
7879,7879,"6971,4798,10326,5303,2140,1290,8590,8562,544,2218"
7892,7892,"544,1290,9101,7120,11298,2343,4277,6220,9693,10326"
7895,7895,"6220,4798,8562,7707,2140,10326,5303,3950,5495,9942"
7901,7901,"6220,4798,4277,3950,10326,8562,544,5303,9942,12857"
7922,7922,"6220,12665,544,4277,4798,3950,6971,13346,9942,8562"
7927,7927,"10326,8562,4798,6220,11969,5303,6971,544,2140,2218"
7931,7931,"2343,9693,544,13346,5303,4798,10326,6220,2218,6971"
7938,7938,"12470,3950,9942,6220,8562,10326,3428,13346,13306,544"
7942,7942,"4277,8562,544,3950,10326,6220,217,350,9942,8421"
7964,7964,"3950,2218,9942,1290,1323,544,10326,5495,8562,12665"
7982,7982,"2343,3950,5495,64,7707,12665,9942,2218,5199,8562"
7988,7988,"1290,7120,4929,6971,544,10326,10663,9942,4798,11298"
7992,7992,"4798,8562,10326,13346,6220,4277,5303,9942,12857,8421"
8005,8005,"2218,6971,2343,5303,5532,4798,10326,544,12665,1290"
8019,8019,"3464,1290,7120,11298,544,2989,10326,6248,9942,7679"
8026,8026,"6220,3950,8562,4798,13346,10326,9942,12665,2218,4277"
8028,8028,"2343,9693,544,6220,5532,6971,13346,9942,10326,9404"
8085,8085,"13346,9942,1290,2343,544,10326,7120,4798,8562,50"
8103,8103,"89,6971,12665,9942,1290,544,10326,3950,13346,7120"
8108,8108,"6220,3950,4277,10326,8562,3428,9072,217,1290,544"
8137,8137,"2343,6971,9942,12665,3950,544,9693,6220,5303,8590"
8138,8138,"10326,8562,13346,4277,5303,3950,217,6433,12857,2218"
8139,8139,"10326,4798,6971,5303,8562,2218,3950,6220,4277,8421"
8148,8148,"9942,6220,10326,8562,4798,3950,6971,13346,2218,12665"
8150,8150,"10326,8562,4798,6220,3950,12665,275,13346,5303,4277"
8160,8160,"1290,7120,544,2989,11298,9101,4576,11024,12869,6971"
8175,8175,"12665,4277,544,1328,5495,9942,10326,2343,1290,3950"
8191,8191,"1290,7120,2989,12869,4929,9730,9101,10663,11298,4576"
8198,8198,"6220,4798,6971,10326,9942,2218,4277,544,3950,8562"
8202,8202,"11298,9101,4576,11024,1290,2989,1244,7120,12995,11918"
8233,8233,"10326,4798,6971,12665,2343,3950,13346,8590,5303,1290"
8251,8251,"4798,6971,13346,544,9942,6220,1290,10326,2343,7120"
8252,8252,"10326,4798,4277,8562,3950,6220,12857,8421,217,6971"
8265,8265,"544,6220,10326,4798,6971,2218,8562,5303,7707,12665"
8267,8267,"10326,4798,8562,8421,5303,13346,12857,6433,10916,8161"
8268,8268,"8562,13346,12665,10326,9942,6326,12857,4798,5303,3950"
8294,8294,"2343,544,6971,9693,2140,6220,10326,5532,5303,1290"
8299,8299,"1290,7120,789,9962,11298,1244,4929,12869,544,9101"
8302,8302,"10326,2218,4798,5303,4277,2140,12857,3950,8562,9072"
8303,8303,"1290,4929,1244,789,11298,6971,9101,2989,544,5135"
8323,8323,"6971,2343,8590,6220,10326,8562,4798,2218,9693,544"
8327,8327,"2218,6971,6220,3950,5303,12665,4798,5545,9942,1290"
8331,8331,"3950,6220,2218,9942,6659,5303,4798,3055,3428,6971"
8332,8332,"1290,11298,7120,4576,9101,1244,11024,789,4664,2989"
8334,8334,"6220,3950,8562,2218,4798,5545,5495,9942,12665,13296"
8337,8337,"1290,7120,544,11298,2989,1244,4576,9295,4277,4929"
8341,8341,"13346,3950,8562,4798,10326,6326,9942,1290,544,6220"
8361,8361,"10326,6971,4798,9942,13296,8562,1290,5303,6220,5545"
8369,8369,"3950,2218,9404,6971,6220,9072,4277,10326,2411,544"
8378,8378,"6971,10326,5303,8421,544,13346,2343,8161,8590,9942"
8407,8407,"11298,11024,7679,4576,2989,3464,10389,1290,8978,544"
8419,8419,"1290,7120,544,1244,11298,4576,9101,2989,11024,4664"
8424,8424,"13296,544,8562,5303,6971,10326,1290,8590,2218,4798"
8425,8425,"4277,6220,8562,5303,10326,2218,2140,4798,3950,13346"
8438,8438,"1290,7120,4929,10663,5135,789,9962,11298,544,10326"
8447,8447,"10326,4798,4277,12857,8562,5303,6971,8421,217,10916"
8458,8458,"12869,9962,11298,1290,544,7120,2989,10326,9942,4798"
8463,8463,"10326,6220,4798,8562,544,6971,2218,5303,4277,9942"
8471,8471,"6971,4798,3950,10326,12665,8562,2218,2343,13346,2140"
8472,8472,"1290,7120,11298,9101,4576,11024,544,7679,1244,12869"
8477,8477,"6971,5303,6220,4798,2343,10326,8562,544,4277,1290"
8478,8478,"2343,544,6971,9693,12665,6220,2218,5495,5303,2140"
8483,8483,"1290,11298,7120,789,89,9295,544,2989,9942,9962"
8496,8496,"10326,6971,1290,3950,8562,8590,5303,7120,544,13346"
8497,8497,"8562,10326,6220,3950,13346,4798,217,12857,3428,544"
8501,8501,"10326,4798,8562,13346,3950,6220,2218,9942,1290,544"
8506,8506,"6220,9942,3950,13346,2218,10326,13296,4798,5545,8562"
8520,8520,"10326,4798,8562,4277,6971,3950,544,5303,6220,12857"
8524,8524,"544,6220,4576,4277,12665,11024,10326,11298,11969,2989"
8531,8531,"4798,8562,3950,13346,10326,8413,2140,4277,6326,50"
8556,8556,"10326,544,8562,4277,6220,4798,5303,350,2218,9942"
8579,8579,"11298,4576,11024,9730,1290,2989,9101,10389,1244,12869"
8585,8585,"6220,2218,544,10326,13296,7707,3950,5495,5545,9693"
8591,8591,"6220,10326,12665,3428,9942,4798,13346,13296,11969,5545"
8592,8592,"1290,7120,4929,10663,6971,544,9101,2916,2343,2989"
8596,8596,"3950,9942,6220,8562,4798,2218,3428,13346,5545,10326"
8598,8598,"10326,3950,6220,9942,4277,544,2218,5303,8562,3428"
8608,8608,"1290,7120,10663,6971,11298,12497,1244,544,9101,12869"
8610,8610,"1290,7120,11298,1244,4929,10663,9962,4576,789,12869"
8617,8617,"1290,7120,11298,1244,9295,11024,4929,2989,4664,10607"
8621,8621,"2218,5303,5495,6971,4798,5199,8562,10326,1290,544"
8629,8629,"1290,544,10326,9942,7120,4798,8562,11298,2989,6220"
8649,8649,"12665,1290,544,5495,10326,5532,9942,7120,4798,8562"
8652,8652,"7120,4929,1244,11298,2916,789,9962,5135,544,10326"
8714,8714,"1290,2989,6220,7120,8590,13296,9942,11298,544,9101"
8718,8718,"9942,3950,6220,1290,544,12665,2343,10326,13346,2218"
8733,8733,"1290,11298,9101,544,4576,12655,11024,7120,2989,1244"
8734,8734,"6220,3950,3428,5545,13306,12665,1290,13110,544,10326"
8754,8754,"8562,2218,5495,544,5303,3950,6220,217,10326,2343"
8771,8771,"6220,8562,2218,4798,8413,6971,9942,13296,10326,2140"
8791,8791,"544,10326,6220,2343,4798,4277,6971,13346,8562,3950"
8794,8794,"8562,6220,4798,3950,10326,13346,5303,5545,3428,810"
8797,8797,"10326,1290,8562,544,350,9942,7120,4798,11298,8822"
8804,8804,"10326,4798,13346,6220,3950,8562,4277,13296,8590,9942"
8809,8809,"6971,10326,13346,12857,275,4798,4277,2140,5303,544"
8823,8823,"1290,7120,11298,4929,11024,4576,2989,10663,4664,9101"
8833,8833,"10326,4277,8562,3950,10916,9404,12665,5545,6220,8421"
8835,8835,"1290,7120,2343,11298,9693,4929,12869,1244,9295,10663"
8840,8840,"6971,4798,2140,9942,1290,8562,544,10326,3950,5303"
8842,8842,"8413,1290,544,10326,9942,7120,8562,4798,11298,5495"
8860,8860,"1290,6220,544,11024,11298,4576,12665,2989,9942,12869"
8866,8866,"10326,4277,4798,8562,8421,2343,544,13346,1290,9942"
8877,8877,"8562,1290,544,10326,6971,4798,9942,6220,7120,13346"
8887,8887,"8562,8413,6220,544,10326,3950,9942,5532,1290,2218"
8895,8895,"10326,1290,544,9942,7120,4798,8562,350,11298,2989"
8907,8907,"1290,7120,1244,11298,9962,789,4929,9101,5135,11024"
8921,8921,"4277,10326,4798,350,2140,5303,8562,9942,544,8161"
8928,8928,"1290,11298,11024,3464,7120,7679,9942,12869,9101,4576"
8936,8936,"2218,1290,544,9942,10326,217,10594,13408,7120,4798"
8965,8965,"2343,10326,9693,4798,6220,544,6971,9942,1290,13346"
8971,8971,"2343,9693,12665,6220,9942,5532,8562,3950,6971,544"
9000,9000,"1290,544,7120,11298,4576,1244,11024,9101,2989,10389"
9023,9023,"12665,4277,544,2343,3950,6220,2218,9942,9693,10077"
9025,9025,"1290,6971,8590,10326,5303,12665,7120,6220,544,2218"
9031,9031,"3950,6971,9942,10326,2218,8562,4798,1290,13346,544"
9045,9045,"4798,1290,10326,6220,4277,2218,9942,5303,7120,6971"
9053,9053,"6220,12665,8562,3950,6971,7707,2218,13346,10326,3055"
9054,9054,"9942,6220,3950,3428,12665,2218,4798,13346,5545,2343"
9060,9060,"6220,8562,10326,5303,544,2218,3950,4798,2343,6971"
9063,9063,"8562,3950,8413,6220,9942,13346,2218,1290,544,10326"
9071,9071,"6220,8562,9942,3950,2218,3428,12665,7707,13296,13346"
9078,9078,"2343,544,9693,4798,10326,5532,13346,1290,9942,9101"
9101,9101,"4798,8562,6220,10326,3950,9942,13346,4277,13296,5545"
9108,9108,"6220,3950,5303,9942,2140,3428,544,5545,10326,4798"
9110,9110,"10326,4798,2218,8562,12665,4277,12857,6220,5303,6433"
9114,9114,"2989,11298,6220,1290,544,4576,11024,5495,11969,12665"
9144,9144,"1290,11298,7120,1244,544,11024,4576,9101,6220,10326"
9172,9172,"1290,6220,7120,544,9942,10326,4798,9101,11298,8562"
9185,9185,"6220,7707,544,8562,1290,9942,13296,10326,5495,7120"
9190,9190,"4798,3950,10326,6220,8562,5303,6971,12857,2140,2218"
9193,9193,"3950,6220,10326,8562,4798,2218,2140,12857,13346,9942"
9198,9198,"4277,10326,2140,5303,4798,1290,544,9942,7120,8562"
9200,9200,"1290,7120,544,6971,6220,10326,9942,2218,1244,4798"
9201,9201,"1290,7120,7679,11298,4576,12995,3464,2989,11024,544"
9204,9204,"544,10326,5303,4798,6971,2343,3950,8590,13296,13346"
9215,9215,"1290,7120,4929,6971,4798,2140,10663,10326,544,2916"
9222,9222,"1290,7120,12869,9730,11298,9101,4576,4664,544,1244"
9233,9233,"4277,4798,5303,544,3950,8562,12665,13346,8421,350"
9235,9235,"1290,7120,4576,544,11024,9101,1244,6220,2989,9942"
9245,9245,"1290,7120,789,1244,4929,544,11298,12869,9942,9101"
9275,9275,"1290,12665,89,544,9942,7120,10326,8562,4798,11298"
9308,9308,"6220,9942,544,8562,3428,13296,5545,2218,7707,3950"
9323,9323,"4277,2218,544,10326,8421,217,4798,717,9942,6220"
9329,9329,"10326,8562,3950,6220,12665,13346,5303,5495,2343,9942"
9355,9355,"8562,6220,3950,4798,2218,6971,10326,5303,5545,8413"
9369,9369,"10326,4798,5303,12857,2140,4277,13346,2218,6433,13249"
9386,9386,"8188,6220,8562,7707,5495,1290,544,9942,10326,11484"
9388,9388,"544,4798,6220,5303,12665,6971,7707,13296,9942,5545"
9401,9401,"1290,7120,11298,4929,9962,1244,789,10607,4664,5135"
9418,9418,"6220,10326,9942,2218,3950,4798,5545,2140,7707,544"
9433,9433,"4798,4277,8562,10326,13346,3950,217,8421,8483,12665"
9440,9440,"10326,544,4277,8562,217,6220,4798,3950,8421,350"
9446,9446,"3950,2218,13346,10326,9942,8562,4277,13306,3428,4798"
9464,9464,"5495,544,12470,7707,5676,2218,8188,8562,2989,1290"
9477,9477,"8562,4798,5303,6220,3950,5495,10326,275,2140,544"
9488,9488,"1290,7120,11298,4576,6971,11024,1244,544,12869,10389"
9500,9500,"10326,4798,4277,13346,8562,350,8421,717,6220,12857"
9502,9502,"4798,8562,3950,3428,13346,544,10326,2218,4277,5545"
9507,9507,"2343,9693,2903,544,1290,2218,10326,9942,5199,3055"
9528,9528,"7120,11298,2989,4929,4576,10663,9101,7679,12869,11024"
9539,9539,"4798,10326,2218,6220,4277,8562,3950,544,2140,13346"
9566,9566,"544,10326,2343,6971,9693,9101,4798,11298,4277,1290"
9575,9575,"10326,4798,13346,2218,8562,12857,8483,5495,1290,4277"
9583,9583,"4798,5495,13346,10326,3950,9942,6220,5303,2218,4277"
9589,9589,"10326,4798,4277,3950,13346,6971,6220,8562,544,275"
9591,9591,"10326,4798,6971,3950,5303,2218,8562,2140,12857,8421"
9617,9617,"5495,1290,10326,544,4798,8562,9942,7120,11384,11298"
9620,9620,"8562,6220,9942,13346,3950,10326,2343,12665,5495,7707"
9622,9622,"5495,3950,10326,2905,4277,1290,544,4798,9942,7120"
9631,9631,"1290,12869,4576,9101,3222,11298,7120,11918,544,11024"
9655,9655,"8562,3950,1290,544,9942,10326,13296,1042,8822,7120"
9658,9658,"10326,4798,544,2343,6220,2140,5495,5303,6971,7707"
9660,9660,"1290,7120,9730,9101,11298,4929,4576,2989,10663,1244"
9669,9669,"1290,7120,4929,789,9962,5135,10663,544,10326,9942"
9672,9672,"4798,5303,13346,3950,10326,4277,12857,6220,544,1290"
9684,9684,"1290,544,10326,9942,7120,8562,4798,11298,2989,6220"
9702,9702,"1290,7120,4929,11298,1244,789,9962,10663,6971,5135"
9705,9705,"1290,7120,10326,8562,6971,8590,6220,2218,4929,4798"
9722,9722,"1290,12869,1244,7120,11298,544,4576,11024,12665,10326"
9732,9732,"1290,11298,7120,1244,4576,9730,9101,11024,7679,4664"
9781,9781,"12655,4576,11298,2989,7679,3238,2874,11024,544,9101"
9803,9803,"5495,5303,544,2218,2343,6971,5532,10835,12665,1290"
9809,9809,"10326,2218,8562,3950,2343,5495,64,9942,5532,1328"
9814,9814,"10326,4277,6971,8562,2140,12857,8421,5303,3950,13346"
9818,9818,"2218,6971,6220,2343,3950,5303,5532,4798,5495,10326"
9820,9820,"6220,3950,4798,9693,2343,1290,544,10326,9942,5532"
9848,9848,"10326,4277,544,5303,4798,2140,6220,3950,350,5495"
9856,9856,"4798,10326,8562,3950,6971,5303,544,4277,9942,2140"
9869,9869,"6220,12665,6971,5303,3950,1290,10326,4798,544,9942"
9889,9889,"10326,2218,5303,6971,6220,2140,4798,8562,12665,9942"
9923,9923,"4798,4277,10326,8562,5303,3950,8483,6971,6220,350"
9929,9929,"8562,3950,13346,12665,4798,1290,10326,9942,544,3055"
9961,9961,"1290,7120,12665,11298,11024,4929,89,1244,10663,544"
9969,9969,"4798,10326,6971,2218,4277,1290,5303,544,8421,217"
9974,9974,"1290,7120,2343,11298,9101,89,4576,11024,4929,9730"
9976,9976,"1244,11298,12869,11024,1290,3222,11918,544,12995,7120"
9989,9989,"6220,9942,8562,3950,5495,4798,5303,6971,10326,12470"
9993,9993,"12665,6971,8562,2343,4798,5303,5545,9942,3950,7707"
10002,10002,"10326,6659,544,1290,2989,9942,7120,4798,8562,11298"
10011,10011,"1290,7120,11298,9730,11024,4576,2989,7679,4664,1244"
10016,10016,"10326,4798,6220,8562,9942,544,5303,2218,6971,3950"
10028,10028,"9942,6220,3428,5545,1290,544,10326,7120,8562,4798"
10029,10029,"9942,6220,13346,10326,2218,3950,5495,3428,5545,13249"
10033,10033,"12665,5303,3950,2218,3055,2343,544,1220,1290,6971"
10042,10042,"10326,6971,3950,5303,4798,6220,12857,8562,2140,4277"
10046,10046,"4798,10326,8562,4277,3950,13346,217,12857,13249,10916"
10061,10061,"4277,4798,6220,8562,544,3950,9942,8421,217,5303"
10071,10071,"6220,4277,3950,9942,2218,217,13346,10326,13249,5495"
10084,10084,"4798,6971,13346,8562,10326,6220,2140,8421,12665,544"
10091,10091,"8562,4798,6220,10326,3950,1290,544,13346,9942,12665"
10102,10102,"11298,1244,4576,544,4929,2989,6220,11024,10663,4664"
10104,10104,"8562,2218,3950,5303,4798,4277,6220,5495,10326,6971"
10121,10121,"1290,7120,6971,4929,544,10663,789,11298,1244,2343"
10131,10131,"6220,3950,13346,9942,4798,5545,3428,8562,6971,10326"
10134,10134,"10326,4277,4798,2140,544,6971,275,12665,5303,1290"
10139,10139,"1290,7120,4929,10663,11298,1244,2916,4576,9101,544"
10144,10144,"3950,6220,8562,13346,3055,2218,10326,4798,9942,5199"
10155,10155,"2218,3950,4798,8562,10326,6971,5303,6220,1290,9942"
10168,10168,"1290,13296,6220,10326,7120,9942,544,4798,8562,1863"
10178,10178,"1290,544,2989,9942,9101,6220,10326,11298,6971,7120"
10186,10186,"12665,8562,9693,9942,6220,3950,5545,13346,9404,5532"
10190,10190,"4277,10326,350,4798,10594,8421,217,544,1290,9942"
10194,10194,"8562,4798,3950,13346,4277,2218,6220,12857,10326,6326"
10196,10196,"13346,9942,3950,5676,8562,5545,1290,6220,544,10326"
10215,10215,"10326,4798,4277,8562,6971,5303,2140,544,8421,6220"
10218,10218,"9942,6220,10326,8562,5303,3950,6971,4798,12857,12665"
10251,10251,"6220,8562,3950,8188,5545,13346,7707,2218,10326,12857"
10252,10252,"1290,7120,6220,9295,11298,1244,544,789,9962,9101"
10262,10262,"5495,2903,1290,5199,544,12099,10326,9942,7120,4798"
10266,10266,"6220,9942,544,12665,2343,3950,8562,5545,2218,6971"
10271,10271,"6220,10326,2343,9942,2140,6971,4798,8562,9693,5545"
10277,10277,"8562,10326,3950,6971,5303,4798,13346,2140,2218,12857"
10282,10282,"10326,1290,12665,5303,4798,8590,544,7120,1244,6971"
10286,10286,"1290,7120,4929,10663,544,10326,9942,789,4798,11298"
10305,10305,"10326,810,4798,13346,2343,544,3950,8562,1290,1889"
10309,10309,"9942,6220,12665,8562,2218,5545,3950,13296,6971,4798"
10335,10335,"1290,7120,11298,4929,1244,9730,4576,10663,12869,9101"
10340,10340,"1290,11298,7120,4576,2989,11024,4664,7679,10389,12995"
10375,10375,"6220,4798,9942,8562,12665,544,8413,5495,5303,2218"
10388,10388,"10326,4798,6971,5303,2218,2140,13346,8562,9942,1290"
10397,10397,"10326,4798,5303,4277,8413,3950,13346,12857,1290,8562"
10402,10402,"3950,6220,12665,9942,2218,5545,13346,8562,4798,6971"
10407,10407,"544,6220,4277,2343,5303,3428,350,10326,9942,810"
10408,10408,"10326,1290,544,9942,8562,4798,2140,7120,11298,2989"
10416,10416,"3950,6220,4798,13346,10326,2343,4277,1220,9942,12665"
10448,10448,"10326,8562,4798,6220,3950,544,13346,5303,2140,3428"
10454,10454,"3950,13346,10326,8562,9942,5495,4798,6220,1290,13249"
10499,10499,"10326,4798,4277,717,8421,1290,217,544,7120,6433"
10503,10503,"3950,2140,9942,6220,10326,8562,1290,544,12665,7120"
10504,10504,"2989,11298,11024,12869,3464,7679,544,9942,9730,6220"
10508,10508,"10326,4798,4277,5303,544,2140,2218,8421,8562,217"
10514,10514,"8562,3950,13346,6220,4277,4798,10916,6326,10326,5545"
10526,10526,"4798,10326,3950,4277,8562,13346,12857,8421,6433,6326"
10540,10540,"4798,10326,6220,13346,4277,5303,3950,9942,6971,8562"
10542,10542,"4277,10326,544,217,2343,350,8421,4798,717,1290"
10551,10551,"10326,4798,6220,544,8562,6971,9942,5303,8590,3950"
10554,10554,"6220,544,12665,5303,8562,9942,3950,7707,3055,10326"
10555,10555,"6220,1290,544,10326,9942,8562,7120,4798,11484,5495"
10556,10556,"2140,1290,544,4798,10326,6971,9942,8562,7120,5610"
10562,10562,"2140,12857,4798,6971,10326,2218,3950,9072,13346,544"
10575,10575,"1290,11298,7120,11024,12869,9730,2989,9101,4576,1244"
10576,10576,"10326,4798,8562,5303,8421,544,217,350,2140,6220"
10582,10582,"10326,3950,544,2218,8562,6971,9942,4277,12665,4798"
10584,10584,"3950,8562,6220,10326,13346,4798,9942,2218,3428,544"
10606,10606,"10326,9942,4798,3950,6220,544,4277,12665,5303,8562"
10611,10611,"544,4798,4277,217,717,8421,5303,350,8483,9942"
10613,10613,"544,10326,1290,4798,3950,217,12665,6220,11969,4576"
10614,10614,"7707,6220,8562,9942,1290,544,10326,2218,4798,7120"
10623,10623,"1290,544,10326,9942,7120,4798,8562,11298,6220,2989"
10647,10647,"12869,11298,11024,1290,7120,4163,7679,2957,4576,544"
10657,10657,"10326,12857,4798,8421,2140,4277,5303,10594,8562,1290"
10670,10670,"10326,4798,4277,10594,8421,10916,1290,8161,544,9942"
10679,10679,"1290,11298,7120,12869,11024,4576,1244,10389,9295,9730"
10680,10680,"4798,2218,6220,8562,5303,13346,10326,3950,6971,2140"
10699,10699,"6971,5495,4798,13346,2218,8562,10326,8590,6220,3950"
10715,10715,"217,4277,2343,10326,4798,1290,544,3428,9942,717"
10720,10720,"3950,13346,4798,8562,10326,12665,5303,9942,1290,8413"
10735,10735,"6220,8562,1290,10326,3950,6971,544,9942,13346,2218"
10742,10742,"6220,10326,6971,2218,8562,12665,544,3950,5303,13296"
10744,10744,"217,8421,4798,1290,544,10326,9942,7120,4277,8562"
10747,10747,"10326,3950,544,13346,4277,6971,12665,10568,6220,8562"
10769,10769,"2343,9693,9455,6839,9942,1290,544,64,8590,10326"
10795,10795,"4798,2218,6971,10326,5303,2140,8562,4277,3950,9942"
10817,10817,"1290,11298,7120,1244,11024,10607,9295,789,4576,9962"
10819,10819,"10326,5303,6971,13346,12665,6220,4798,3055,5461,7679"
10828,10828,"6220,10326,544,3428,5303,3950,13296,2218,8562,5545"
10860,10860,"3950,8562,5303,4798,13346,12857,3428,9942,2218,10326"
10868,10868,"2343,11298,9693,9101,4576,2989,9730,1290,544,10137"
10895,10895,"13346,4798,8562,12857,10326,10916,3950,9942,6326,13249"
10900,10900,"10326,4798,6971,5303,2140,8562,544,13346,1290,8161"
10912,10912,"3464,1290,11298,544,7120,2989,10326,9942,4798,8562"
10934,10934,"1290,7120,11298,1244,10326,544,4576,2989,4929,6971"
10947,10947,"5495,6971,10326,12470,544,5303,2140,5199,2218,4798"
10950,10950,"10326,6971,4798,4277,12857,2140,6433,3950,13346,5303"
10964,10964,"1290,7120,11298,1244,2989,9101,9962,789,10607,4929"
10965,10965,"9942,7707,5495,6220,8413,6971,1290,8562,12136,544"
10968,10968,"10326,544,2218,5303,4277,217,2140,350,4798,8562"
10972,10972,"4798,3950,13346,6971,4277,8562,5303,2343,12857,544"
10975,10975,"4277,10326,544,4798,1290,7120,9942,12869,8562,6433"
11028,11028,"10326,4798,9942,3950,8562,4277,5545,13346,3428,13296"
11030,11030,"1290,6220,11298,544,4576,2989,7120,8590,13296,12665"
11044,11044,"2343,6220,544,10326,7707,1290,6971,2989,12665,89"
11048,11048,"3950,4798,13346,10326,2140,6220,1290,12857,2905,8562"
11065,11065,"1290,6971,7120,6220,2218,5303,544,8562,4798,2989"
11085,11085,"1290,7120,9962,789,1244,5135,11298,544,10326,10607"
11088,11088,"8562,4798,6971,13346,10326,5303,1290,2218,544,7707"
11100,11100,"1290,11298,7120,11024,4576,1244,9101,12869,2989,544"
11102,11102,"4798,3950,8562,10326,13346,6220,12857,13296,8483,8413"
11105,11105,"2343,1290,9693,544,7120,1244,6971,5532,10835,9942"
11107,11107,"8562,10326,3950,13346,6220,4798,2218,9942,5545,12665"
11109,11109,"1290,7120,544,6220,10326,9942,2989,4929,11298,4576"
11120,11120,"1290,7120,11298,4929,1244,11024,544,9101,2989,6971"
11121,11121,"8562,3950,6220,10326,13346,6971,4798,5303,12665,4277"
11133,11133,"1290,544,10326,9942,8562,7120,4798,11298,2989,6220"
11149,11149,"10326,9942,6971,12857,4798,2140,5303,13249,5731,1290"
11152,11152,"1290,7120,11298,11024,4576,2989,1244,4664,9730,1779"
11160,11160,"13346,9942,3950,4798,275,6220,5303,3428,5545,10326"
11163,11163,"10326,4798,6220,3950,12665,8562,13346,544,4277,8590"
11168,11168,"1290,544,10326,9942,7120,8562,4798,11298,2989,6220"
11193,11193,"6220,5303,544,7707,1978,8562,1290,4798,4277,10326"
11200,11200,"9942,6220,3428,8562,5495,3950,13296,12470,6659,13346"
11210,11210,"1290,7120,6971,4929,10663,2916,544,4798,10326,9942"
11215,11215,"10326,8421,8562,10594,9942,11384,4798,1290,12857,544"
11219,11219,"1290,7120,4929,9962,789,10663,5135,544,1244,10326"
11243,11243,"2140,10326,4798,1290,544,8562,4277,9942,7120,11298"
11253,11253,"1290,7120,2989,11298,544,9101,4576,12869,1244,10389"
11261,11261,"6220,13296,5303,5545,2218,9942,3950,3428,10326,8562"
11280,11280,"2343,9693,544,5532,9942,1290,10326,7120,4798,6220"
11285,11285,"1290,7120,1244,11298,6220,789,9962,9942,10607,544"
11309,11309,"3950,8562,6220,10326,13346,2140,9942,12665,6326,5545"
11312,11312,"3950,6971,9942,5495,9404,2218,12665,2343,8562,6220"
11314,11314,"2343,4277,10326,350,717,64,8421,13346,217,4798"
11325,11325,"10326,4798,2343,544,4277,8562,6220,13346,3950,6971"
11327,11327,"6220,5303,8562,7707,4798,9942,10326,544,5545,1290"
11359,11359,"10326,9942,4798,544,13346,6971,12665,6220,275,13296"
11366,11366,"11554,1290,544,9942,10326,7120,4798,8562,11298,3464"
11368,11368,"1290,7120,11298,9101,2989,1244,12869,11024,4576,544"
11371,11371,"5495,8590,10326,13346,6971,2343,8562,6326,13112,3950"
11376,11376,"544,2218,217,2989,4277,8562,4798,2343,1290,6220"
11377,11377,"10326,4798,8562,13346,6220,4277,5303,3950,6971,2140"
11383,11383,"4798,10326,5303,6971,6220,8562,544,9942,2218,1290"
11416,11416,"1328,10326,1290,544,4798,9942,7120,8562,11298,2989"
11444,11444,"1290,10326,4277,9101,6220,1244,6971,4576,11298,4929"
11445,11445,"8562,10326,4798,4277,544,3950,217,6220,8421,350"
11448,11448,"544,9693,6220,10326,6795,13346,12665,9942,9101,6971"
11469,11469,"6971,10326,1290,544,2218,9942,7120,4798,8562,11298"
11487,11487,"7120,544,2343,6220,4929,6971,2989,10663,11298,9693"
11492,11492,"5303,6220,5495,2343,8562,4798,13346,544,9942,10326"
11503,11503,"544,6220,4277,10326,2218,7707,6659,5495,5303,8562"
11504,11504,"1290,544,10326,9942,2903,7120,4798,6270,8562,11298"
11515,11515,"6220,10326,3950,9942,4798,4277,8562,13346,217,13296"
11547,11547,"10326,6220,12665,6971,3950,4798,9942,13346,2343,544"
11552,11552,"2343,10326,6220,4798,3950,544,8562,6971,13346,9942"
11567,11567,"10326,6220,4798,8562,3950,4277,13346,9942,217,12857"
11581,11581,"10326,544,4798,9942,1290,6971,6220,5303,2140,4277"
11589,11589,"1290,11298,7120,2989,12869,4576,11024,1244,9101,789"
11591,11591,"12665,11298,1290,7120,11024,9942,89,2989,10137,544"
11595,11595,"1290,7120,11298,1244,9962,9295,5135,544,2989,4929"
11604,11604,"544,1290,7120,10326,6971,2218,4798,6220,4277,9942"
11608,11608,"6220,10326,8562,3950,12665,4798,13346,2218,5303,6971"
11627,11627,"3950,8562,2218,13346,6220,4798,10326,9942,8421,3055"
11646,11646,"8562,6220,5495,3950,12665,3428,7707,4798,5545,2218"
11647,11647,"6220,10326,4798,6971,5303,4277,8483,3428,275,2218"
11675,11675,"5303,2343,2140,6971,3950,10326,2218,4798,544,13408"
11676,11676,"1290,7120,11298,1244,6971,4929,12869,10663,789,9962"
11696,11696,"10326,544,5495,4798,1290,9942,2140,8562,7120,6220"
11700,11700,"8562,1290,544,10326,7120,9942,4798,11298,2989,6220"
11722,11722,"1290,7120,6971,6220,1244,544,8590,9295,4798,4929"
11754,11754,"3950,6220,12665,7679,544,9942,10326,2989,5676,8590"
11757,11757,"2343,13408,10326,13346,9942,6971,1220,9693,89,6220"
11767,11767,"12665,8562,9942,1290,544,6971,10326,2218,7120,4798"
11773,11773,"6220,10326,4798,8562,8421,5303,4277,3950,2218,9942"
11777,11777,"9942,6220,3950,4798,8562,5545,13346,13296,10326,3428"
11778,11778,"1290,7120,9101,11298,12869,1244,4576,4929,7669,9962"
11788,11788,"1290,7120,11298,2989,4929,10607,9962,1779,9730,544"
11790,11790,"1290,7120,4929,10326,10663,8590,6971,544,4798,8562"
11811,11811,"1290,7120,11298,4929,1244,4576,10663,9101,2989,11024"
11837,11837,"1290,7120,11298,1244,4664,4576,4929,10607,2989,544"
11859,11859,"13346,2218,3950,6220,10326,4798,1290,9942,544,8562"
11865,11865,"13296,6220,1290,544,7707,8562,10326,7120,9942,4798"
11867,11867,"3950,8562,6220,4798,5495,1290,10326,544,9942,7707"
11871,11871,"544,1290,2218,7120,11298,5303,6971,11969,6220,2989"
11879,11879,"7120,11298,1244,4576,10663,9101,10607,544,2916,4664"
11880,11880,"10326,4798,4277,8562,8421,2218,6220,5303,3950,544"
11908,11908,"4798,5495,5303,2140,6971,10326,2343,8562,544,1290"
11912,11912,"5303,6971,2218,4798,275,10326,1290,544,8562,9942"
11925,11925,"4277,13346,2343,10326,3950,717,64,4798,8421,9693"
11933,11933,"6220,8562,8413,5545,8188,5676,7707,2218,9942,1862"
11945,11945,"544,1290,10326,9942,7120,8562,6220,4798,1863,11298"
11948,11948,"4798,8562,3950,10326,13346,5461,13249,5495,1290,544"
11952,11952,"5303,10326,4798,1290,544,9942,7120,4277,8562,8421"
11957,11957,"1290,4798,544,10326,9942,7120,8562,11298,6220,2989"
11959,11959,"4798,10326,9942,6220,2343,4277,8562,3428,544,50"
11967,11967,"2218,6220,8562,3950,5545,9942,12665,1290,544,10326"
11969,11969,"1290,544,10326,9101,7120,9942,8562,4798,12606,11298"
11970,11970,"6220,8562,2218,7707,4277,544,2343,3428,5545,9942"
11975,11975,"6220,10326,9942,3950,12665,5545,7707,8562,4798,3428"
11995,11995,"8562,3950,6220,12665,9942,13346,2343,10326,4798,9404"
12002,12002,"1290,7120,11298,2989,4576,1244,544,12869,11024,4664"
12022,12022,"1290,7120,12869,11298,9962,789,1244,4664,9101,5135"
12032,12032,"1290,544,10326,9942,7120,8562,4798,11298,2989,6659"
12036,12036,"1290,9101,7120,11024,1244,4576,2989,544,10389,4664"
12066,12066,"2343,4277,4798,9693,6971,544,275,13346,12665,6220"
12077,12077,"1290,7120,4929,789,9962,10663,1244,11298,5135,544"
12078,12078,"4798,10326,4277,5303,2140,3950,6971,544,13346,8421"
12084,12084,"4798,6971,8562,5303,10326,6220,2140,12665,13346,544"
12089,12089,"8562,6220,6971,3950,5545,10326,4798,5303,2140,2218"
12106,12106,"10326,6220,1290,2989,4277,12869,4576,11969,4798,11298"
12107,12107,"12665,8562,8188,13346,3950,2218,1290,544,10326,9942"
12111,12111,"6220,13346,3950,10326,12665,6971,8562,4798,9942,2218"
12131,12131,"4798,10326,5303,8562,2140,9942,6971,6220,275,1290"
12139,12139,"4798,9693,13346,8562,10326,6220,6971,1290,544,9942"
12141,12141,"6220,2218,7707,5495,13346,544,8188,1290,9942,10326"
12144,12144,"1290,7120,11298,1244,544,9101,5135,4664,12869,4576"
12150,12150,"6220,3950,8562,9942,2218,5545,4798,6971,10326,5303"
12151,12151,"10326,6220,544,12665,4277,4798,6971,217,3950,13346"
12162,12162,"3950,1290,544,10326,9942,4798,7120,8562,5495,11298"
12170,12170,"4163,1290,12869,11554,544,10326,9942,2957,11298,7120"
12182,12182,"1290,544,7120,5303,5495,9693,2343,5199,5532,2903"
12185,12185,"10326,6220,4798,8562,5303,13346,3950,4277,5495,13249"
12191,12191,"10326,6220,3950,2218,5303,8562,9942,12857,5495,4798"
12197,12197,"2343,9693,544,6971,1290,9942,5532,1244,10326,5303"
12204,12204,"1290,7120,11298,2989,11024,4576,1244,9295,12869,4664"
12229,12229,"544,2343,6220,9693,4798,8562,6971,3950,10326,9942"
12231,12231,"1290,544,7120,11298,4576,2989,9101,6971,1244,11024"
12234,12234,"6220,1290,544,8562,7707,10326,7120,9942,4798,2989"
12238,12238,"10326,4798,6220,8562,6971,2218,13346,5303,3950,544"
12242,12242,"8562,4798,217,13346,5303,3950,10326,12857,9942,1290"
12260,12260,"10326,13346,8562,6220,4277,8421,12857,13249,10916,217"
12262,12262,"5495,2343,5199,5532,544,3950,13346,8562,9942,1290"
12281,12281,"6220,10326,8562,2218,5303,5495,4798,8590,6971,7707"
12289,12289,"9693,10326,544,4798,9942,6795,8562,6220,64,6971"
12306,12306,"8562,3950,6971,4798,6220,2140,10326,5303,5495,12857"
12326,12326,"4798,10326,3950,1290,544,9942,6220,7120,8562,11298"
12337,12337,"8562,3950,6220,4798,2343,13346,2140,9942,9693,12665"
12355,12355,"1290,544,7120,2989,11298,4576,1244,9101,4929,11969"
12371,12371,"3950,6220,4798,2343,2218,10326,5545,9942,3428,7707"
12372,12372,"12665,1290,544,10326,2343,9942,7120,8562,4798,11298"
12373,12373,"10326,4798,4277,8421,1328,8562,350,12857,6220,1290"
12390,12390,"7120,4929,10663,544,2916,6971,10326,12497,4798,9942"
12405,12405,"2343,544,10326,9693,5532,9101,5495,9942,1290,6971"
12407,12407,"1290,7120,544,10326,9942,4798,8562,11298,2989,1244"
12408,12408,"9942,6220,544,5495,5545,5676,5461,13296,7707,12665"
12419,12419,"8590,6971,1290,7120,2218,9942,10326,6659,544,4798"
12423,12423,"1290,544,10326,9942,8562,7120,4798,5495,11298,2989"
12426,12426,"7120,11298,544,9101,1244,6971,4929,2989,12869,11024"
12452,12452,"10326,4798,13346,8590,6659,8562,8421,1290,544,217"
12480,12480,"544,4576,9101,11298,11024,1290,2989,7679,12869,4664"
12530,12530,"5303,4798,8562,9942,10326,6971,1290,6220,544,7120"
12546,12546,"6971,4798,2343,1290,10326,8562,8590,7120,544,5303"
12556,12556,"1290,7120,1244,2989,4929,4576,11024,9101,10663,9730"
12573,12573,"2218,5303,5545,6220,9942,8413,3428,10326,5495,544"
12592,12592,"10326,6220,4798,8562,9942,3950,13346,9693,2218,4277"
12596,12596,"10326,8562,4277,3950,13346,6220,4798,9942,12857,12665"
12599,12599,"1290,7120,11298,1244,11024,544,2989,4929,9295,4576"
12615,12615,"544,11024,11298,9101,2989,1244,1290,12869,1779,7120"
12618,12618,"9942,3950,3428,8562,544,13296,5676,2343,5545,7707"
12624,12624,"10326,4798,8562,12665,6220,4277,3950,13346,2343,6971"
12638,12638,"2343,9693,6220,10835,1290,9942,544,3950,3055,10326"
12641,12641,"544,2343,10326,3950,6971,5199,5495,4798,5532,9693"
12644,12644,"1290,7120,544,9101,4929,2989,4576,2343,10663,12869"
12649,12649,"1290,6971,7120,4798,10326,544,8562,9942,6220,11298"
12654,12654,"5495,2218,8562,8413,4798,10326,8590,1290,544,9942"
12658,12658,"2218,10326,4798,4277,6220,6433,3950,544,8562,10568"
12659,12659,"7120,544,10326,4798,4277,6971,6220,11298,4929,1244"
12666,12666,"4798,9693,8562,13346,10326,3428,4277,544,8421,6795"
12669,12669,"9942,12665,1290,10326,544,7120,3950,4798,11298,8562"
12674,12674,"6220,10326,2218,3950,7707,5303,8562,2140,4798,12665"
12688,12688,"1290,10326,544,9942,7120,4798,8562,11298,2989,6220"
12694,12694,"6220,9942,2218,544,5545,3950,8413,7707,3428,8562"
12709,12709,"10326,4798,4277,5303,13346,8562,2218,544,6971,8421"
12712,12712,"1290,7120,544,10326,11298,9942,12665,4798,8562,2989"
12722,12722,"12869,1290,7120,7679,11298,11024,11554,544,4163,2989"
12728,12728,"8188,8562,2218,1290,544,5495,10326,9942,7120,4798"
12732,12732,"2343,5532,1290,544,9693,10326,9942,7120,10835,6971"
12736,12736,"10326,4277,4798,8562,2140,6433,350,12857,544,8421"
12738,12738,"10326,4798,8562,3950,4277,6220,2343,544,13346,3428"
12741,12741,"10326,9942,3950,2218,3428,8562,4277,5495,12470,217"
12756,12756,"12470,2218,13408,7707,5545,9942,1290,544,10326,8413"
12764,12764,"6220,2343,6971,10326,544,2218,3950,5303,8590,5545"
12768,12768,"6971,12665,6220,2343,3950,10326,9693,13296,4798,9942"
12773,12773,"8562,4798,10326,2218,6971,12857,3950,5303,2140,9942"
12789,12789,"10326,4798,13346,8562,4277,6971,5303,2140,6220,8421"
12790,12790,"1290,11298,4929,10663,9101,4576,2218,9295,2916,2989"
12801,12801,"5495,6971,5532,1290,1862,13112,544,2218,10326,12470"
12804,12804,"1290,4929,1244,10663,12869,2916,9962,789,11298,544"
12833,12833,"6220,3950,8562,10326,5303,13346,2218,9942,4277,5545"
12846,12846,"10326,3950,4798,13346,6220,12857,5495,13249,4277,10916"
12855,12855,"2343,10326,8562,5495,544,9942,1290,4798,7120,217"
12860,12860,"8562,3950,6971,4798,10326,2218,5303,2140,8590,6220"
12874,12874,"10326,8562,4798,6220,3950,13346,4277,6326,10916,9942"
12875,12875,"13346,3950,8562,5495,10326,544,4798,1290,4277,9942"
12877,12877,"2218,6220,6659,5545,9942,1290,544,10326,8562,8188"
12883,12883,"5495,12470,2218,5303,3950,8413,6220,5545,9942,12668"
12890,12890,"1290,544,10326,4798,9942,7120,8562,11298,2989,6220"
12919,12919,"1290,7120,4929,10663,1244,9295,11298,2916,12497,544"
12927,12927,"1290,6220,13296,7120,544,1244,9942,9101,10326,8562"
12955,12955,"6971,5495,2343,10326,3950,8562,7707,4798,6220,12470"
12956,12956,"1290,8562,2218,544,10326,9942,7120,4798,12665,6971"
12958,12958,"10326,9942,544,1290,4798,2140,7120,8562,12665,6971"
12965,12965,"6220,217,12470,544,3950,5495,4277,3428,2140,10326"
12970,12970,"6220,3950,10326,2218,8562,5545,3428,5303,13296,4798"
12996,12996,"2343,9693,6971,6795,13346,9942,1290,544,10326,5495"
13000,13000,"6220,3950,8562,9942,2218,13346,4798,5545,3428,12665"
13017,13017,"544,2989,11298,4576,11024,9101,1290,1244,4664,10389"
13019,13019,"10326,4277,8562,6971,3950,6220,5303,12857,13249,6433"
13021,13021,"8562,8413,7707,3950,1290,8188,544,9942,10326,12606"
13022,13022,"10326,8562,2218,4798,4277,6220,544,2140,5303,9942"
13063,13063,"2218,5303,8413,6220,4798,9942,8562,13346,8188,544"
13075,13075,"544,12869,6971,1290,7120,9942,4798,10326,11298,6220"
13076,13076,"3950,2343,2218,6220,13346,10326,9942,4798,5495,8562"
13101,13101,"4798,3950,10326,6971,4277,2140,13346,9942,544,5495"
13105,13105,"1290,7120,11298,12869,4576,9730,9101,1244,11024,544"
13115,13115,"10326,12665,544,9942,6971,6220,1290,2218,5303,11969"
13117,13117,"1290,6220,7120,4798,6971,544,5303,10326,4664,12665"
13121,13121,"3950,4798,5303,8562,10326,13346,9942,2218,2140,1290"
13123,13123,"1290,544,2343,7120,11298,2989,4576,9101,6971,1244"
13125,13125,"4798,10326,6220,12857,8562,8413,3950,2218,5545,1290"
13147,13147,"4798,10326,13346,8562,3950,217,544,8483,6220,1978"
13151,13151,"8562,6220,10326,5303,9942,3950,13346,6971,4798,2218"
13153,13153,"10326,4798,4277,8562,13346,6220,3950,544,5303,13249"
13176,13176,"1290,544,11298,7120,12869,4576,1244,789,11024,9730"
13180,13180,"6220,8562,9942,3428,2218,3950,10326,13296,5545,7707"
13192,13192,"8562,6659,10326,9942,3950,5495,1328,4798,3870,6220"
13194,13194,"3950,9942,12665,1290,544,10326,7120,13346,4798,6220"
13195,13195,"5303,8562,4277,2218,10326,50,1978,4798,9942,217"
13198,13198,"5303,10326,4277,4798,8421,10568,12857,1290,8483,544"
13231,13231,"3950,6971,8562,9942,4798,13346,6220,2140,12665,10326"
13234,13234,"1290,7120,4929,789,10663,9962,5135,544,9295,10326"
13240,13240,"7120,544,11298,2989,4576,9101,10326,11024,12869,4798"
13273,13273,"3950,6220,2218,12665,5303,9942,10326,13346,5495,8590"
13276,13276,"3950,6220,13346,8562,9942,3428,2218,1978,1290,5495"
13283,13283,"10326,8421,2140,4798,4277,8161,1290,544,717,9942"
13297,13297,"13346,10326,3950,275,8562,4798,12665,8483,1290,9942"
13301,13301,"6220,13346,4798,8562,5303,1290,8413,10326,6971,544"
13303,13303,"5495,2218,8562,12665,3950,12857,10326,1290,8483,544"
13321,13321,"1290,7120,11298,9295,2989,1244,789,9962,544,10326"
13330,13330,"1290,10326,544,7120,4798,9942,8562,6220,11298,2989"
13338,13338,"1290,11298,7120,9295,1244,789,9962,11024,12869,3464"
13380,13380,"10326,6971,2218,2140,275,5303,4798,8562,8590,9942"
13389,13389,"1290,7120,4929,10663,1244,11298,2916,544,10326,2989"
13390,13390,"3950,9942,6220,5532,2218,1290,544,10326,7120,4798"
13391,13391,"11298,1290,6971,12869,4576,10326,544,4798,2989,9730"
13401,13401,"8562,10326,4277,3950,544,4798,13346,6220,12665,5495"
13403,13403,"1290,6220,6971,8590,10326,7120,9942,544,4798,8562"
13407,13407,"10326,544,1290,7120,4576,4277,4798,2140,350,13296"
13413,13413,"217,4277,2140,10326,1290,544,9942,4798,7120,8562"
13414,13414,"2989,11298,9730,11024,1290,9101,4576,12869,10389,9295"
13446,13446,"10326,4798,4277,8562,5303,13346,8421,6971,544,12857"
13472,13472,"1290,7120,11298,4576,544,7679,2989,12655,9101,1244"
13488,13488,"4798,8562,3950,13346,5303,10326,6971,12665,2140,1290"
13502,13502,"1290,11298,2343,11024,544,7120,2989,4576,6220,9101"
13507,13507,"1290,7120,11298,2989,9730,4576,9101,10389,544,1244"
13512,13512,"4798,13346,8562,3950,10326,7707,6659,5676,13249,12857"
13543,13543,"4798,4277,12665,8562,5303,6220,544,6971,3950,8421"
13572,13572,"10326,8562,4798,544,6971,5303,6220,3950,2140,217"
13595,13595,"1290,7120,4929,6971,10663,1244,10326,544,4798,9942"
13599,13599,"5495,3950,9942,6220,544,3428,10326,2218,8562,2343"
13608,13608,"9693,10326,5303,12665,6220,544,13346,4798,4277,8562"
13609,13609,"10326,350,1290,544,4798,9942,7120,8562,11298,2989"
13630,13630,"4798,3950,9942,6220,10326,2218,12665,6971,2140,2343"
13635,13635,"10326,4798,5303,2140,8562,8421,2218,6971,1290,544"
13645,13645,"6220,3950,4798,8562,10326,9942,6971,5303,1290,4277"
13673,13673,"13346,2343,4798,3055,1290,544,10326,5199,3950,9942"
13683,13683,"9942,6220,4798,10326,6971,544,5303,3950,5545,8562"
13702,13702,"6971,2218,8590,1290,544,2343,9942,10326,4798,7120"
13716,13716,"4798,10326,3950,8562,6971,6220,2218,12665,5303,8590"
13724,13724,"11298,2989,544,9730,4576,9101,12869,4929,6971,1244"
13746,13746,"6220,4798,2343,10326,2218,6971,5303,12665,3950,8562"
13752,13752,"8562,9942,3950,6220,1290,544,10326,7120,4798,5495"
13756,13756,"1290,7120,4929,789,9962,10663,5135,11298,544,10326"
13763,13763,"1290,7120,11298,1244,789,9962,9295,5135,10607,9101"
13774,13774,"10326,6220,8562,544,9942,6971,13296,7707,5545,1290"
13776,13776,"1290,7120,11298,1244,9730,9962,789,4929,5135,544"
13786,13786,"1290,7120,11298,789,1244,9962,5135,12869,544,10326"
13788,13788,"4277,350,10326,1290,544,9942,7120,4798,8562,11298"
13791,13791,"1290,11298,11024,7120,6971,2989,4576,10389,1244,12995"
13810,13810,"8562,10326,6220,9942,1290,6326,5303,3950,13346,12665"
13811,13811,"10326,4798,4277,8421,12857,5303,10916,217,1290,8562"
13820,13820,"9942,11024,11298,2989,1290,7120,9962,6220,789,544"
13826,13826,"6220,3950,5495,9942,2218,13346,9730,714,2343,12665"
13840,13840,"1290,10326,544,9942,8562,7120,4798,11298,2989,6220"
13841,13841,"4277,544,6220,8562,217,13346,2343,13249,12665,5303"
13852,13852,"9942,6220,3950,12665,5545,13296,2218,89,5495,1290"
13858,13858,"1290,6971,7120,10326,4798,544,9942,8562,6220,11298"
13865,13865,"1328,9178,10326,4277,6659,544,1210,1290,8562,9942"
13871,13871,"10326,4277,4798,544,2140,5303,8562,217,6220,10594"
13877,13877,"4798,10326,8562,5461,9942,2343,1290,544,7120,13346"
13905,13905,"10326,4798,4277,8562,6220,12857,6971,8421,3950,12665"
13924,13924,"7120,544,11298,9101,4929,4576,2989,10663,12869,10389"
13929,13929,"10326,4277,4798,5303,2140,6971,544,8562,8421,13346"
13935,13935,"8562,3950,6220,3428,9693,2343,5676,10326,2140,8413"
13952,13952,"1290,7120,11298,1244,4929,12869,2989,4576,10663,10389"
13953,13953,"1290,10326,6971,7120,4798,8590,3950,544,6591,9942"
13962,13962,"10326,8562,4798,4277,3950,544,6220,8421,13346,6971"
13965,13965,"9942,6220,5495,1290,544,7983,10326,5545,7120,8562"
13966,13966,"10326,8421,13346,4798,12857,1290,10594,544,3950,8562"
13974,13974,"1290,11298,11024,7120,4576,2989,9101,1244,7679,544"
13982,13982,"1290,7120,11298,11024,6971,4929,1244,4576,544,10663"
13983,13983,"5461,2903,10326,9942,5199,1290,3950,544,13112,5532"
13987,13987,"6220,3950,10326,4798,9942,3428,4277,13346,8421,5303"
13988,13988,"1290,7120,10326,544,6971,4576,2343,9942,9101,8590"
13991,13991,"10326,4798,3950,13346,6220,6971,12857,5303,4277,2218"
13995,13995,"3950,8562,3428,2218,5495,12665,9532,5199,9942,13346"
13998,13998,"10326,4798,6971,5303,2140,3950,8562,13346,12665,5495"
14021,14021,"6220,3428,13296,8562,5545,13110,3950,7707,13306,544"
14028,14028,"2343,544,4277,9693,10326,3950,5532,5199,1290,5461"
14042,14042,"9942,6220,2218,12665,6659,5545,544,8562,10326,3428"
14049,14049,"1290,544,10326,9942,7120,4798,8562,11298,2989,6220"
14060,14060,"6220,8562,3950,9942,13346,2343,5545,13296,3428,12665"
14061,14061,"8562,13296,3950,544,1290,6220,10326,9942,7120,4798"
14067,14067,"6220,544,7707,1290,8562,10326,9942,7120,4798,1863"
14079,14079,"1290,4798,6220,7120,544,6971,5303,12665,2218,2343"
14089,14089,"544,4277,6220,4798,350,217,10326,5495,5303,2140"
14097,14097,"4798,10326,5303,4277,544,1290,2140,8590,275,2218"
14105,14105,"3464,11024,7679,12869,11298,7669,1290,10389,4163,2989"
14147,14147,"2140,4798,9942,3950,544,1290,4277,10326,6220,8562"
14155,14155,"8562,4798,3950,6220,2218,9942,13346,5545,8413,10326"
14168,14168,"10326,4798,4277,5303,12857,544,6220,2140,217,8421"
14170,14170,"10326,8562,2343,544,5495,6220,4277,7707,5303,9942"
14173,14173,"544,2989,4576,3428,9101,6220,11024,9942,11298,3464"
14174,14174,"8562,6220,10326,3950,13346,4277,4798,1290,9942,544"
14196,14196,"6220,8562,4798,9942,2343,13346,3950,2218,8413,12665"
14197,14197,"2218,4277,1290,10326,544,11298,7120,9942,4798,8562"
14202,14202,"7120,11298,4576,9101,1244,4929,10663,11024,544,9962"
14204,14204,"1290,544,10326,9942,7120,4798,8562,11298,2989,6220"
14215,14215,"2343,6220,4798,544,810,9693,10326,6795,13346,4277"
14242,14242,"10326,4277,4798,8562,3950,8421,2140,5303,717,217"
14244,14244,"10326,6220,4798,9942,8562,6971,12665,13346,5303,4277"
14249,14249,"1290,7120,4929,10663,544,6971,10326,11298,9942,4798"
14250,14250,"1290,544,10326,9942,7120,4798,8562,11298,2989,6220"
14256,14256,"10326,4798,4277,5303,8562,8421,13346,6971,2140,12857"
14258,14258,"4664,11298,2989,11918,7679,1290,8714,7258,12995,7120"
14280,14280,"5303,4798,8562,10326,6971,3950,544,13346,1290,2343"
14318,14318,"7120,544,11298,6220,6971,2989,4576,1244,8590,10326"
14325,14325,"10326,1328,350,8562,1290,4277,544,8421,6659,9942"
14328,14328,"1290,10326,6971,4798,8590,4929,8562,4277,10663,2140"
14329,14329,"13346,9942,8562,5495,3950,3870,6220,1290,2218,544"
14344,14344,"8562,10326,6971,4798,5303,3950,6220,2140,5495,2218"
14366,14366,"1290,7120,4929,10663,6971,544,5135,1244,10326,9942"
14421,14421,"1290,7120,11298,3464,9962,5135,1244,4929,9730,544"
14430,14430,"10326,4277,4798,2140,5303,6220,2343,717,544,8421"
14435,14435,"3950,1290,8562,9942,544,10326,275,7120,4798,3428"
14472,14472,"2218,4798,1290,10326,6220,8590,544,3950,275,5495"
14501,14501,"6220,2218,6971,4798,12665,8562,10326,9942,8590,1290"
14509,14509,"6971,4798,13346,5303,10326,3950,12665,2218,8483,8562"
14516,14516,"8562,2218,4798,6220,13296,8188,7707,1290,544,10326"
14521,14521,"10326,4798,3950,2218,6220,8562,5303,4277,5495,6971"
14553,14553,"1290,6220,8562,7120,544,5303,5495,10326,4798,9942"
14561,14561,"6220,3950,12665,5545,8562,9942,13346,13296,2343,3428"
14562,14562,"5495,9942,5303,3950,13346,2218,6220,12665,6971,4798"
14567,14567,"2140,6220,9942,5461,4798,10326,2343,1290,5303,544"
14575,14575,"1290,7120,544,9942,11298,2140,4798,789,9962,4929"
14581,14581,"544,2343,5303,13346,2218,6220,6971,9693,9942,8562"
14627,14627,"1290,6971,7120,89,8590,3055,9942,544,12665,10326"
14634,14634,"6220,9942,544,3428,3950,5545,13296,7707,13110,8562"
14651,14651,"5303,10326,4798,5495,275,2140,544,13346,1290,9942"
14659,14659,"2343,13346,6971,10326,4798,8562,1290,544,9942,5199"
14670,14670,"10326,4798,12665,4277,217,8421,5495,544,9455,1290"
14684,14684,"6220,8562,544,2218,7707,9942,13296,10326,1290,4798"
14691,14691,"4798,1290,13346,9730,10326,7120,2218,275,8562,6971"
14695,14695,"1290,7120,2218,6971,12665,13296,6220,5303,9942,4798"
14705,14705,"10326,8562,4277,4798,217,12665,1328,13346,12857,2140"
14711,14711,"1290,7120,4929,10326,544,4277,6220,7707,10663,8562"
14723,14723,"4798,3950,10326,6971,8562,13346,8483,9942,1290,544"
14739,14739,"11298,1290,9730,2989,7120,11024,4576,9101,10389,1244"
14740,14740,"10326,4798,6971,8562,5303,2140,275,544,4277,12857"
14743,14743,"5495,2218,4798,5303,8590,5532,10326,3950,544,9942"
14747,14747,"10326,544,4277,8562,4798,6220,3950,13346,5303,350"
14748,14748,"9942,6220,12665,5545,89,1290,544,8562,5676,8413"
14764,14764,"1290,7120,4929,2989,4798,3950,6971,544,13346,10326"
14771,14771,"544,6220,9942,2989,7707,5495,4576,9693,2343,4664"
14780,14780,"10326,4798,4277,6220,217,8562,8421,544,12857,12665"
14784,14784,"10326,4798,5303,4277,544,2140,8590,8562,350,12857"
14785,14785,"9942,6220,3428,13110,5545,13306,1290,2218,544,10326"
14798,14798,"2343,9693,9532,13346,10835,9942,12665,1290,544,5532"
14801,14801,"544,9942,10326,6220,4798,2343,4277,12665,6971,2218"
14803,14803,"10326,4798,6220,544,4277,5303,9942,8590,6971,2140"
14821,14821,"4798,5303,10326,4277,544,6971,275,6220,13249,2140"
14832,14832,"6971,1290,2343,8562,544,4798,10326,6220,5495,7120"
14833,14833,"3950,9942,6220,4798,10326,13346,8562,5545,6971,3428"
14853,14853,"4798,8562,6971,12665,6220,9942,8590,544,13346,7792"
14854,14854,"6220,8562,13249,10326,2218,13346,4798,3950,5303,544"
14856,14856,"6220,544,9942,8562,12665,3950,10326,2218,2343,6971"
14858,14858,"10326,3950,2343,5532,4798,4277,5199,544,13346,1290"
14864,14864,"1290,544,7120,10326,9942,4798,8562,2140,11298,2989"
14867,14867,"1290,11298,2989,7120,1244,11024,4576,12665,10389,9101"
14880,14880,"11298,7679,2989,544,4576,11024,11918,9101,4664,10389"
14890,14890,"6220,8562,13346,6971,9942,3950,4798,10326,544,12665"
14892,14892,"10326,4798,9693,544,6220,4277,13346,8562,12665,3950"
14899,14899,"1290,11298,11024,12869,7120,4576,1244,4664,9962,789"
14904,14904,"2343,9693,6795,12665,9942,9532,3055,89,1290,544"
14906,14906,"11298,1290,7120,1244,12869,4576,9295,11024,4664,2989"
14909,14909,"4277,350,5303,544,10326,1290,9942,4798,9340,7120"
14929,14929,"8562,6220,4798,2218,5545,3950,5303,9942,13296,10326"
14931,14931,"6220,7707,13296,1290,544,8562,9942,10326,4798,7120"
14938,14938,"4798,10326,3950,6220,8562,6971,13249,4277,12857,13296"
14955,14955,"6220,3950,6971,10326,4798,12665,2140,8590,2343,13346"
14961,14961,"1290,10326,544,8562,9942,7120,4798,11298,2989,2343"
14969,14969,"1290,11298,7120,9730,11024,9962,12869,5135,4664,4576"
14970,14970,"10326,4798,4277,6971,2218,217,6220,544,717,8421"
14977,14977,"3950,6220,12665,8562,9942,5495,7707,5676,5545,6971"
14991,14991,"4798,6220,10326,13346,5303,2218,8562,3950,12665,5545"
14993,14993,"4798,2140,10326,1290,544,9942,7120,8562,11298,2989"
15009,15009,"3950,4798,13346,12857,8562,10326,13249,717,8421,8483"
15014,15014,"11298,9101,2343,2989,4576,9693,10389,544,1244,1290"
15028,15028,"7120,11298,4929,1244,10663,9101,2989,4576,9295,12869"
15029,15029,"4277,10326,217,8562,4798,717,13249,8483,3950,13346"
15030,15030,"5495,8562,9942,13346,6220,7707,5545,8413,10326,3950"
15033,15033,"4798,6971,10326,2343,13346,8562,9693,544,12857,1290"
15052,15052,"544,4798,8562,5303,6220,1290,8590,6971,13296,13346"
15062,15062,"4798,10326,13346,6220,9942,8562,5303,6971,8421,13249"
15074,15074,"6220,9942,1290,544,6971,2218,2343,8562,10326,5303"
15081,15081,"3950,13346,2343,10326,9693,6220,5495,544,9942,13110"
15082,15082,"1290,544,10326,9942,7120,4798,8562,11298,2989,6220"
15097,15097,"6971,13346,4798,8562,2140,10326,1290,544,9942,7120"
15098,15098,"4798,10326,8562,6220,3950,6971,13346,5303,4277,2218"
15107,15107,"1290,7120,4929,11298,1244,10663,789,5135,9962,6971"
15113,15113,"10326,4798,8562,6220,4277,3950,13346,2140,6659,350"
15120,15120,"10326,8562,6220,4798,3950,13346,5303,2218,5545,13296"
15121,15121,"10326,4798,8562,6220,3950,6971,4277,13346,12665,12857"
15122,15122,"10326,4798,8562,3950,6220,5303,2218,13346,12857,4277"
15141,15141,"4277,10326,350,217,8562,4798,544,1290,9942,1328"
15143,15143,"4798,10326,6220,4277,13296,6433,8562,6971,9942,13346"
15148,15148,"3950,2343,13346,5495,6220,9942,544,64,12665,2218"
15164,15164,"10326,9942,6220,2343,11969,8562,13296,12665,7707,9693"
15165,15165,"6220,1290,9942,544,2218,6971,8562,9101,13296,7120"
15175,15175,"10326,4798,4277,8421,13346,8562,717,2140,275,5303"
15186,15186,"1290,4929,10663,1244,9295,11298,789,5135,544,2916"
15189,15189,"10326,6220,544,4277,3950,4798,2218,217,8562,5303"
15200,15200,"10326,4798,6220,1290,544,4277,6971,8562,9942,5303"
15204,15204,"10326,8562,4277,6220,13346,4798,2140,9942,3950,10916"
15205,15205,"1290,7120,4798,6971,544,6220,5545,8590,13296,13346"
15217,15217,"8590,1290,5199,6971,544,10326,2343,8562,9942,4798"
15240,15240,"2989,11024,12869,1244,4576,7679,10389,1779,9730,10607"
15248,15248,"1290,6220,6971,7120,8562,9942,13296,544,10326,4798"
15253,15253,"4798,10326,8562,4277,2343,2140,544,10916,5303,1290"
15256,15256,"4277,544,10326,2140,4798,13346,3950,1978,350,1290"
15260,15260,"10326,544,4798,5303,8562,2343,3950,6220,6971,4277"
15265,15265,"5495,12470,2218,1290,544,10326,9942,7120,8562,4798"
15274,15274,"1290,544,10326,9942,7120,4798,8562,11298,2989,6220"
15275,15275,"4798,2140,6971,10326,5303,1290,544,8562,9942,3950"
15282,15282,"4798,10326,8562,2140,2218,1290,544,8590,2343,5303"
15294,15294,"2343,9693,5532,9532,10326,6795,13346,3950,1290,12665"
15304,15304,"1290,7120,11298,1244,4576,11024,9962,789,2989,10607"
15330,15330,"544,6220,10326,2343,9693,6971,11298,11969,13296,9101"
15331,15331,"8562,12665,6220,3950,13346,13296,3055,5495,9942,5545"
15332,15332,"1290,7120,1244,10389,11298,544,2989,10326,9942,4798"
15339,15339,"6220,5545,7707,9942,8562,544,1290,10326,7120,4798"
15387,15387,"544,6220,7707,8562,1290,10326,9942,7120,12665,2989"
15391,15391,"544,10326,6220,4277,12665,4798,6971,1290,2343,8590"
15396,15396,"4798,13346,10326,8562,6220,6326,6971,12665,5545,9942"
15397,15397,"6971,2218,8562,9942,13346,5303,6220,1290,544,3950"
15421,15421,"4798,2343,1290,10326,544,9942,7120,8562,11298,2989"
15427,15427,"1290,7120,11298,4929,7679,4576,9730,544,11969,10663"
15434,15434,"1290,544,2989,11298,7120,4576,1244,11024,6220,13296"
15441,15441,"5495,10326,4798,2218,12665,275,8562,8590,9942,6220"
15444,15444,"6971,6220,2218,5303,10326,4798,9942,275,12665,8590"
15457,15457,"6220,4798,3950,8562,10326,6971,5303,13346,9942,2218"
15466,15466,"8562,3950,217,13249,4277,717,10326,4798,13346,1978"
15475,15475,"4798,12857,3950,13249,8413,10326,5676,1978,5303,5495"
15483,15483,"1290,11298,11024,4576,7120,2989,7679,9101,9295,10389"
15487,15487,"12665,1290,544,10326,9942,4798,7120,2218,8562,11298"
15500,15500,"2140,10326,1290,544,9942,4798,275,7120,8562,11298"
15511,15511,"6220,2343,9942,9532,10326,4798,1290,13296,544,1244"
15515,15515,"6220,8562,3950,2218,4798,5545,7707,13346,10326,9942"
15519,15519,"4798,6971,12665,8562,13346,9942,544,3950,1290,5303"
15534,15534,"2343,9693,5545,5303,9942,1290,544,2218,10326,7120"
15545,15545,"1290,7120,11298,4576,9101,12869,11024,2989,10137,1779"
15553,15553,"2343,2989,11024,9730,544,4576,12869,9693,11298,7679"
15556,15556,"5495,2218,6220,3950,8413,12470,8562,5303,9942,7707"
15564,15564,"4798,13249,3950,13346,6326,12857,10326,6971,6433,544"
15567,15567,"1290,7120,11298,12869,4929,1244,4576,7669,11024,10663"
15582,15582,"4798,12857,8562,6433,6326,10326,6220,4277,217,9942"
15585,15585,"10326,4798,4277,5303,6971,6220,8562,8421,12857,13346"
15587,15587,"8562,6220,3950,5303,2218,8413,13346,5495,2140,5545"
15589,15589,"6971,5303,2140,10326,4798,8562,8483,4277,1290,544"
15590,15590,"9693,5495,3428,6795,6220,12665,544,5532,10326,3950"
15595,15595,"3055,10326,1290,544,9942,7120,4798,8562,11298,13346"
15611,15611,"11298,1244,9101,4576,2916,9730,789,12869,9962,2989"
15613,15613,"3950,13346,9942,6220,4798,3428,10326,6971,8562,2218"
15632,15632,"10326,8562,13346,6220,4277,5303,544,7707,12665,6971"
15633,15633,"10326,544,4277,5303,350,4798,13249,12665,9072,2218"
15639,15639,"6971,4798,5303,6220,3950,10326,8590,2218,8421,1290"
15648,15648,"10326,4798,4277,6971,217,6220,544,717,8562,2140"
15652,15652,"4798,10326,4277,13346,350,2140,275,8421,544,6220"
15683,15683,"6220,9942,5545,13296,3428,2218,7707,8562,544,1290"
15688,15688,"9942,6220,8562,5495,5545,3950,7707,2218,3428,12665"
15703,15703,"9942,3950,8413,8562,1290,6220,544,13346,10326,4798"
15708,15708,"2218,3950,6971,1290,544,10326,9942,7120,4798,8562"
15714,15714,"10326,4798,8562,544,3950,217,6220,12857,717,8421"
15719,15719,"4277,10326,4798,8562,13346,544,12857,350,6433,10916"
15727,15727,"8413,8562,10326,6971,1290,2218,544,9942,12665,4798"
15728,15728,"1290,7120,4929,10663,544,10326,9942,4798,8562,11298"
15735,15735,"10326,4798,8562,4277,8590,5303,275,6971,2140,11969"
15736,15736,"5495,3950,8562,9942,6220,1328,10326,2218,544,4798"
15739,15739,"1290,7120,11024,2989,1244,12869,9295,8978,3464,4929"
15742,15742,"9942,6220,3950,4798,10326,8562,2218,544,5303,12857"
15764,15764,"350,4277,1978,8562,50,3950,13346,1290,544,4798"
15773,15773,"10326,4798,13346,5495,2140,6971,3950,8562,2218,1290"
15774,15774,"1290,7120,11298,7669,12869,6591,2989,9730,9295,11024"
15786,15786,"1290,11298,11024,7120,4576,544,9101,10389,4664,9730"
15789,15789,"4277,10326,12857,217,8421,4798,350,13346,1290,544"
15796,15796,"9942,6220,2343,10326,9693,2218,3950,3428,544,12665"
15800,15800,"5495,8562,2218,12470,10326,3950,1290,4798,544,9942"
15802,15802,"1290,7120,11298,9101,1244,544,2343,4576,9730,9295"
15812,15812,"10326,4798,4277,544,5303,8562,2140,350,6220,8421"
15815,15815,"5303,544,10326,1290,9942,4798,7120,8562,11298,2989"
15828,15828,"6220,8562,10326,13346,9942,12665,544,3950,4277,13249"
15831,15831,"11298,4664,1244,1779,1290,7679,11024,7120,544,10326"
15840,15840,"4277,10326,350,544,717,2218,275,9340,217,1290"
15845,15845,"4798,8562,13346,3950,10326,9942,6220,12857,1290,6326"
15847,15847,"2218,6220,5495,1290,544,5461,10326,9942,8413,7120"
15856,15856,"4798,10326,8562,6971,12857,4277,13346,5303,8421,10916"
15861,15861,"1290,12869,11298,7120,4163,9962,2957,5135,544,789"
15862,15862,"1290,7120,11298,4576,1244,9101,544,789,4929,9962"
15871,15871,"5495,7707,12470,2218,8562,8413,1290,3950,8188,544"
15872,15872,"8562,3950,13346,10326,8421,3055,4798,6220,4277,1290"
15883,15883,"1290,7120,11298,2989,9295,1244,4576,544,6971,4929"
15886,15886,"2343,6220,544,7707,8562,13296,1290,10326,9942,7120"
15888,15888,"9942,6220,12665,544,3950,6971,10326,5303,2218,13296"
15898,15898,"6220,4277,4798,10326,6971,8562,13346,8421,3950,2218"
15919,15919,"4798,10326,50,6220,3950,8562,9942,12665,6326,1290"
15922,15922,"1290,7120,4929,11298,5135,10663,1244,12869,9295,544"
15931,15931,"544,1290,7120,9693,10326,9942,4798,1244,8562,11298"
15941,15941,"6220,8562,9942,3950,7707,2218,8188,13296,3428,5495"
15943,15943,"4798,10326,12857,13346,8161,1290,10594,8421,544,8562"
15956,15956,"10326,6220,6971,8562,3950,4798,12665,5303,5545,2343"
15958,15958,"1290,7120,6220,6971,544,4798,8590,10326,5303,4929"
15960,15960,"2343,6220,5303,10326,2140,4798,8413,13346,544,8562"
15973,15973,"11298,3222,11024,4576,4890,9101,1290,544,5979,10326"
15977,15977,"1290,7120,11298,1244,4929,9962,789,10663,10607,12869"
15994,15994,"8562,13110,3950,89,6220,13296,10326,1290,13346,9942"
15995,15995,"1290,7120,1244,4929,11298,6971,10663,789,9962,9730"
15996,15996,"6220,3950,5545,13346,9942,10326,8562,6971,4798,8590"
15999,15999,"6220,3950,2140,8562,4798,1290,9942,544,10326,7120"
16060,16060,"1290,7120,6971,4798,10326,6220,544,12665,4929,5303"
16069,16069,"3950,4798,2218,13346,217,10326,4277,1978,8562,13249"
16076,16076,"1290,11298,2989,7120,544,9101,4576,12869,1244,11024"
16085,16085,"10326,1290,544,8562,9942,4798,7120,6220,11298,5495"
16089,16089,"6971,8562,1290,2140,4798,6220,10326,544,7120,9942"
16097,16097,"10326,4277,4798,544,8562,13346,5303,3950,217,8421"
16112,16112,"6220,3950,9942,544,6326,217,10326,1290,13110,3428"
16116,16116,"4798,10326,8562,6971,1290,544,12857,9942,10916,4277"
16137,16137,"4277,4798,10326,275,5303,350,8483,544,13346,217"
16150,16150,"3950,717,217,8562,10326,8421,1290,1328,9942,544"
16174,16174,"3428,3950,9942,13110,8562,1290,544,10326,7120,5545"
16176,16176,"3950,6971,8562,6220,1290,544,8413,9942,10326,1889"
16210,16210,"1290,7120,4929,10663,6971,789,9962,11298,544,1244"
16212,16212,"10326,4798,3950,8562,13346,12665,6220,4277,5303,2140"
16230,16230,"10326,8562,4798,3950,6220,2218,5303,4277,8590,9942"
16245,16245,"10326,4277,544,4798,8562,217,350,1328,3950,6433"
16293,16293,"8562,3950,6220,13346,4798,10326,13249,5303,9942,6971"
16299,16299,"1290,7120,11298,8590,1779,9295,2989,4576,1244,11024"
16300,16300,"7707,544,1290,9942,10326,8562,6220,7120,1863,4798"
16303,16303,"3950,8562,10326,4277,2218,12857,2140,10916,1290,4798"
16305,16305,"1290,7120,11298,6971,4576,12869,6220,2989,89,9101"
16314,16314,"4798,8562,4277,10326,5303,544,13346,12857,6971,6433"
16328,16328,"4798,8562,10326,12857,2140,13346,1290,544,9942,3950"
16340,16340,"1290,7120,11298,9101,544,1244,4576,9962,789,12869"
16351,16351,"9942,10326,544,4277,1328,3428,2218,1290,217,8562"
16363,16363,"4798,2343,11969,6220,10326,5495,544,9942,13346,8562"
16376,16376,"4798,6971,5303,10326,2140,1290,544,8562,9942,6220"
16387,16387,"10326,4798,4277,12857,6220,13296,6433,8421,13346,6326"
16395,16395,"6220,10326,8562,4798,544,5545,3950,2140,13296,4277"
16414,16414,"6971,8562,6220,7707,4798,5545,10326,544,12665,810"
16416,16416,"8413,1290,544,10326,9942,7120,8562,4798,11298,6220"
16418,16418,"6971,6220,2218,10326,5303,12665,544,89,9942,1290"
16471,16471,"1290,7120,2989,11298,4576,11024,1244,544,9101,10389"
16489,16489,"8562,4798,10326,6220,2218,3950,12857,9942,13346,8413"
16497,16497,"2343,9693,5532,12665,10326,1290,9942,544,5303,6220"
16509,16509,"2218,5303,2140,6971,4277,8590,6220,544,8562,9942"
16510,16510,"9942,3950,6220,13346,2218,5303,5545,8562,13296,544"
16521,16521,"11298,1290,11024,7120,1244,4576,2989,4664,10389,9730"
16524,16524,"1290,544,10326,9942,7120,4798,8562,11298,2989,6220"
16582,16582,"5303,544,13408,1290,6220,9942,10326,7120,11298,4798"
16592,16592,"1290,6220,2343,8562,7120,6971,544,8590,7707,10326"
16604,16604,"1290,7120,11298,2989,544,11969,12869,7679,4576,9101"
16605,16605,"1290,11298,7120,9101,4576,11024,6220,544,9942,1244"
16617,16617,"11298,1290,11024,2989,4576,7120,9101,12869,1779,7679"
16622,16622,"11298,2989,11024,4576,1290,9101,1244,12869,7120,10389"
16624,16624,"6220,8562,3950,2140,3428,4798,9942,1290,544,10326"
16628,16628,"3950,8562,1290,10326,13346,544,9942,4798,7120,2343"
16633,16633,"1290,7120,4929,6971,1244,11298,544,2989,4576,8590"
16646,16646,"7707,8562,544,10326,1290,6220,9942,5495,7120,4798"
16651,16651,"10326,13346,5495,8562,4798,9942,3950,13249,12857,2218"
16654,16654,"10326,13346,4798,6971,6220,8562,8421,5495,8483,5303"
16673,16673,"8562,2218,3950,6220,9942,5303,4798,2140,13346,10326"
16675,16675,"6220,10326,4798,8562,13346,9942,3950,4277,13296,3428"
16677,16677,"6971,2218,2343,3950,9693,5303,8562,6220,4798,5532"
16679,16679,"6971,2218,8413,8562,275,4798,5303,3416,1290,1889"
16686,16686,"1290,11298,7120,1244,9730,1779,9962,789,544,10607"
16695,16695,"4798,3950,10326,4277,5303,8562,6220,2140,12857,8421"
16704,16704,"3428,3950,8562,13346,9942,5545,6220,2343,1290,5676"
16709,16709,"6220,9942,13346,12665,3950,5545,2218,5495,7707,8562"
16773,16773,"4798,10326,4277,5303,3950,12857,13346,6433,8562,2140"
16774,16774,"10326,8562,2218,3950,12857,13346,8421,1889,4798,13249"
16797,16797,"6220,3950,9942,3428,8562,13110,7707,13346,12665,544"
16803,16803,"2140,8562,1290,544,10326,9942,4798,7120,11298,2989"
16804,16804,"10326,4798,4277,13346,3950,12857,5303,10916,6433,544"
16806,16806,"6220,8562,544,4798,10326,7707,5303,12665,2140,2343"
16810,16810,"3950,9942,6220,13346,3428,8562,1290,544,10326,8413"
16836,16836,"4277,6433,350,10326,2140,544,1290,1978,8562,9942"
16844,16844,"1290,5495,13306,544,10326,13346,9942,7120,2343,4798"
16861,16861,"1290,1244,11298,7120,12869,9962,789,4163,5135,2957"
16875,16875,"4798,10326,6971,2218,5303,13346,8562,2140,3950,6220"
16936,16936,"4798,10326,3950,13346,8562,12857,4277,6971,5303,2140"
16946,16946,"4798,10326,217,13346,3950,8562,5303,12857,4277,9942"
16965,16965,"4798,6220,10326,3950,5303,2140,13346,8562,2218,9942"
16987,16987,"10326,6971,4798,5303,2140,8562,6220,4277,3950,544"
16988,16988,"6971,2343,1290,544,9942,10326,12665,8562,2218,4798"
16989,16989,"8562,6220,10326,3950,4798,9942,2218,12665,5545,5303"
17007,17007,"6971,10326,4798,9942,275,5303,8562,1290,544,7120"
17016,17016,"10326,4798,6220,3950,8590,4277,9942,8562,6971,13346"
17030,17030,"4798,10326,6971,1290,544,9942,8562,3950,7120,2140"
17034,17034,"4798,10326,13346,8562,3950,4277,6971,6220,5303,9942"
17054,17054,"13346,5303,12857,2140,10326,4798,8562,4277,544,1290"
17056,17056,"12857,4798,1328,10326,13346,1290,544,8562,350,9942"
17084,17084,"10326,2218,12665,5495,4798,3950,5303,6220,544,8562"
17098,17098,"544,4277,5495,5303,10326,4576,2343,1290,12665,8590"
17102,17102,"4798,6971,10326,5303,8590,3950,2218,6220,2140,544"
17109,17109,"3950,1290,544,10326,9942,7120,4798,8562,11298,2989"
17112,17112,"544,1290,2218,10326,6971,6220,7120,4798,4277,9942"
17119,17119,"4798,10326,6971,2343,9942,5303,2140,544,2218,6220"
17124,17124,"6220,2218,5303,9942,10326,8562,7707,3950,6971,13296"
17141,17141,"6971,4798,10326,544,2343,6220,5303,9693,13346,5495"
17160,17160,"4277,6220,544,12869,217,12665,7679,3950,1290,7669"
17179,17179,"2218,3950,6220,8562,4798,13346,9942,8483,8413,5303"
17189,17189,"4277,217,3950,717,544,10326,8421,6433,4798,350"
17191,17191,"8562,5495,6220,10326,7707,1290,544,9942,4798,7120"
17194,17194,"8562,10326,2218,3950,5495,12857,544,2140,8421,4798"
17195,17195,"5495,5199,2343,2218,5532,544,9942,1290,10326,3950"
17200,17200,"1290,7120,11298,4576,2989,11024,1244,9101,10389,544"
17212,17212,"6220,3428,3950,5545,10326,13296,8562,13306,2218,5303"
17218,17218,"2343,10326,6220,9693,544,5495,9532,3950,5199,12665"
17232,17232,"8562,3950,217,8413,12857,4277,6326,6220,50,717"
17242,17242,"4798,10326,4277,8562,544,13346,12857,217,2218,2140"
17255,17255,"3950,6220,8562,9942,8413,3428,4798,5545,1290,10326"
17262,17262,"1290,11298,7120,1244,12869,4576,2989,11024,10607,9101"
17275,17275,"6220,8562,5545,3950,12665,2218,9942,13296,4798,13110"
17276,17276,"4277,6220,3950,8562,5303,2140,13346,9942,10326,4798"
17278,17278,"1290,544,7120,10326,9942,11298,4798,8562,1244,9101"
17283,17283,"10326,1290,4798,8562,9942,6971,544,6220,5303,12665"
17284,17284,"10326,11000,13346,1978,1290,5495,8421,544,9942,3950"
17295,17295,"544,10326,6220,4277,9942,3950,217,3428,8562,2343"
17298,17298,"1290,544,2989,11298,7120,4576,11024,9101,1244,6220"
17319,17319,"9942,6220,8562,3950,3428,13296,5545,10326,544,7707"
17320,17320,"544,11298,9101,1290,4576,7679,11024,2989,1244,7120"
17325,17325,"12665,9693,13346,6220,8483,544,2218,10326,6971,4798"
17330,17330,"1290,7120,544,10326,9942,11298,4798,8562,1244,2989"
17334,17334,"1290,2989,11024,7120,12869,4576,789,1244,9962,9101"
17346,17346,"6220,2343,9693,9942,12665,8562,2218,13346,3950,4798"
17352,17352,"6971,2218,10326,1290,3950,5303,9942,4798,544,2343"
17353,17353,"1290,7120,6220,4929,9962,789,5135,544,10663,1244"
17396,17396,"10326,4798,8562,2218,5303,2140,3950,4277,6220,6971"
17408,17408,"4277,544,10326,3950,6220,4798,5303,8562,2140,13346"
17414,17414,"6220,8562,3950,5545,5303,9942,10326,12665,13346,2218"
17422,17422,"1290,544,2957,4163,10326,9942,217,7120,11298,4798"
17424,17424,"10326,4277,4798,3950,6971,8562,2140,8421,13346,6383"
17427,17427,"1290,7120,789,9962,4929,5135,544,10326,9942,4798"
17432,17432,"8562,4798,217,3950,10326,13346,6220,8421,6326,9942"
17434,17434,"10326,6971,5303,6220,4798,8590,2343,2140,8562,1290"
17439,17439,"6220,9942,8562,3950,13296,5545,12665,3428,4798,10326"
17442,17442,"6220,544,8562,9942,2343,6971,13296,10326,5545,4798"
17449,17449,"4798,8562,10326,13346,3950,9942,12665,6220,6326,5545"
17472,17472,"9693,2343,3950,544,8590,5532,10326,12665,5495,5461"
17509,17509,"1290,11298,544,7120,1244,11024,9101,4576,2989,10389"
17522,17522,"9942,3055,1290,544,6220,10326,3950,4798,7120,8562"
17527,17527,"2140,5303,10326,4798,12857,544,1290,9942,7120,8562"
17535,17535,"1290,7120,4576,11298,1244,7679,11024,10389,2989,9295"
17540,17540,"8562,3950,10326,4798,4277,2140,6220,5303,9942,544"
17541,17541,"1290,11298,2989,1244,9101,11024,9730,4576,4929,10663"
17551,17551,"10326,4798,5303,6220,8562,4277,6971,2218,2140,8421"
17564,17564,"10326,8421,4798,12857,8562,1290,544,9942,7120,3950"
17565,17565,"350,10326,1290,544,9942,4798,7120,8562,11298,2989"
17581,17581,"10326,4277,8562,12857,2218,13346,3950,8483,4798,8590"
17596,17596,"6220,6971,4277,13296,3950,10326,275,8562,1290,89"
17601,17601,"3950,8562,9942,13346,1290,4798,6220,544,10326,4413"
17611,17611,"13346,9942,8562,6220,10326,275,13296,12665,4798,5545"
17612,17612,"10326,13296,9942,217,8562,3950,6220,4277,3428,6659"
17620,17620,"6220,5495,8413,3950,2343,12665,5545,8188,8562,2218"
17627,17627,"2343,9693,5495,5532,6795,9942,544,1290,1220,10835"
17634,17634,"6220,8562,7707,544,1290,9942,10326,7120,4798,11298"
17649,17649,"10326,8562,6220,544,4277,4798,3950,13346,350,5303"
17654,17654,"8562,3950,13346,2343,12665,2218,7707,6220,1290,9942"
17659,17659,"10326,8562,4798,7707,1290,544,9942,6971,7120,2218"
17666,17666,"1290,7120,544,6220,3950,4929,4576,6971,10663,11298"
17674,17674,"11000,4798,10326,1290,544,5495,9942,7120,8562,11298"
17684,17684,"544,10326,4798,12665,350,8421,3950,4277,1328,2218"
17708,17708,"10326,8562,2218,5303,4798,2140,13346,6433,9942,1290"
17709,17709,"6220,3950,10326,8562,13346,3428,8483,4798,7707,5495"
17741,17741,"6971,4798,10326,2218,5303,1290,6220,8562,12665,3950"
17752,17752,"1290,544,10326,9942,7120,4798,8562,11298,2989,6220"
17765,17765,"2343,6220,2218,3950,12665,9942,89,6971,544,4798"
17770,17770,"1290,544,7120,10326,9942,4798,8562,11298,2989,6220"
17814,17814,"6220,2218,544,3950,5676,8562,10326,1220,5495,13296"
17818,17818,"1244,7120,1290,544,9942,350,10326,5866,4277,4798"
17822,17822,"1290,7120,544,4929,10326,9942,11298,4798,8562,1244"
17826,17826,"4798,8562,10326,4277,544,2140,6971,6220,8421,12857"
17827,17827,"1290,11298,7120,1244,2989,4576,10389,9101,4664,10607"
17840,17840,"10326,6220,2218,7707,13296,8188,5495,8562,4798,8590"
17843,17843,"2218,8413,6220,9942,544,5495,1290,8562,10326,4798"
17864,17864,"4798,3950,10326,11969,544,1290,8562,4277,9942,5495"
17871,17871,"8188,1290,544,10326,9942,8562,7120,4798,11298,6220"
17881,17881,"544,12665,2218,4277,3950,10326,2343,1290,4798,6220"
17928,17928,"10326,8562,6220,4798,544,12665,4277,3950,13296,8421"
17931,17931,"1290,544,10326,9942,7120,8562,4798,2989,11298,6220"
17933,17933,"3950,6220,2343,8413,2218,8562,5303,9942,544,1290"
17953,17953,"544,1290,5495,10326,6220,2218,5303,4798,12665,3950"
17970,17970,"9942,3950,6220,13346,5545,12665,1290,13296,544,8562"
17977,17977,"4798,10326,8562,5303,3950,6220,2218,544,4277,12665"
17982,17982,"1290,7120,9962,11298,12869,1244,544,9101,9942,10326"
17995,17995,"1290,6971,7120,13296,4929,544,10326,9942,4798,8562"
18002,18002,"10326,6971,8590,4277,5303,4798,12857,2140,3950,8421"
18006,18006,"1290,544,6659,10326,9942,7120,4798,8562,6220,11298"
18023,18023,"10326,6220,6971,4277,5303,13346,2140,275,2218,544"
18024,18024,"4798,10326,1290,544,9942,7120,8562,11298,2989,6220"
18047,18047,"6220,2343,9942,5545,13296,3950,6795,3428,2218,12665"
18050,18050,"9942,2218,6220,6971,4798,544,5303,275,3950,11969"
18078,18078,"10326,4798,6971,13346,4277,8562,5303,8421,6220,2343"
18086,18086,"1290,7120,6971,4798,4929,544,9962,789,10663,5135"
18093,18093,"1290,7120,11298,4929,1244,10663,12869,3464,4163,2957"
18115,18115,"4277,10326,3950,4798,2140,8421,12857,5303,717,8562"
18122,18122,"1290,2218,7120,544,10326,9942,4798,8562,6220,11298"
18124,18124,"10326,4798,6971,5303,2343,544,1290,2218,2140,1220"
18127,18127,"1290,7120,4929,11298,1244,10663,4576,12869,9295,9101"
18133,18133,"8562,3950,10326,6220,13346,4277,3428,4798,12857,9942"
18148,18148,"2218,3950,8562,6971,9942,544,5199,2140,1290,10326"
18155,18155,"2343,13346,9693,9942,544,1290,8562,10326,7120,4798"
18158,18158,"11024,11298,4576,2989,11918,8978,10389,12995,1290,7679"
18166,18166,"10326,4277,3950,4798,544,2140,10568,6220,9942,5303"
18167,18167,"10326,4277,2218,544,9942,5461,3950,13296,6433,2140"
18169,18169,"2140,3950,1290,544,13346,10326,9942,8562,7120,4798"
18175,18175,"9693,6971,6220,12665,10326,8590,9532,9942,544,1290"
18178,18178,"3950,8562,6220,13346,10326,4798,12665,9942,2218,5495"
18214,18214,"1290,7120,11298,1244,4929,9730,2989,12869,4576,10663"
18217,18217,"8562,3950,12665,10326,13346,5303,6220,4798,544,5495"
18226,18226,"1290,7120,11298,4576,9101,12869,11024,2989,10137,1779"
18229,18229,"6971,2140,5303,4798,1290,2218,544,10326,9942,6220"
18236,18236,"1290,544,10326,9942,7120,4798,8562,11298,2989,2905"
18240,18240,"6220,3950,9942,5545,2218,3428,12665,6659,13296,8562"
18262,18262,"6220,9942,3950,544,8562,3428,10326,5545,13296,5303"
18266,18266,"1290,11298,2989,4576,544,11024,1244,10389,9101,12869"
18272,18272,"4798,8562,6220,13346,3950,5303,6971,10326,2218,12665"
18292,18292,"8562,6220,3950,10326,4798,5303,4277,13346,9942,7707"
18299,18299,"544,6220,10326,9942,4277,8562,2218,3428,3950,275"
18321,18321,"7707,1290,544,10326,9942,7120,4798,8562,11298,2989"
18338,18338,"6220,3950,8562,10326,2343,13346,544,5303,9942,13296"
18339,18339,"10326,4277,4798,5303,2140,6971,350,544,10916,12857"
18341,18341,"8562,4798,13346,10326,2140,1290,5303,9942,3950,6971"
18355,18355,"1290,7120,11298,4929,9295,1244,10663,9730,2989,9101"
18364,18364,"1290,544,7120,6971,11298,4576,1244,11024,9101,8590"
18368,18368,"10326,4798,8562,12665,6971,6220,3950,12857,13346,4277"
18393,18393,"4798,10326,2343,6971,5303,13346,2140,4277,8562,9693"
18409,18409,"4277,3950,8562,217,9942,544,4798,10326,1290,12665"
18434,18434,"10326,4798,5303,12857,544,3950,6433,6971,217,6220"
18440,18440,"9942,6220,13346,5545,3950,4798,8562,2218,1978,10326"
18446,18446,"10326,6220,2343,4277,3950,4798,12665,9693,11969,8562"
18467,18467,"9942,8562,4798,2140,2343,13346,1220,10326,275,6971"
18475,18475,"1290,6220,2218,9942,9295,7120,13296,5545,8188,544"
18487,18487,"6220,10326,8562,4798,4277,3950,1290,13346,6971,13296"
18489,18489,"544,10326,4277,4798,1290,2343,9693,350,4576,5303"
18499,18499,"4277,12857,10326,1290,544,8562,4798,9942,7120,8205"
18505,18505,"10326,4798,8562,6220,3950,13346,4277,13296,9942,12857"
18525,18525,"10326,4798,4277,8562,1290,8421,6971,5303,12857,544"
18530,18530,"10326,4798,6971,8421,13346,4277,1290,544,9942,10594"
18539,18539,"1290,7120,544,10326,9942,6220,4798,2989,11298,8562"
18546,18546,"2343,10326,9693,544,6220,12665,64,4798,13346,9942"
18579,18579,"10326,9942,8562,4277,13346,3950,6220,4798,13296,544"
18585,18585,"2343,9693,5532,3950,5199,544,9942,10326,10835,1290"
18595,18595,"544,8562,10326,6220,4277,5303,3950,9942,50,2218"
18648,18648,"3950,4798,4277,13346,6433,2218,11000,10326,217,717"
18679,18679,"8562,3950,6220,2218,13346,12665,5545,9942,8413,3428"
18683,18683,"6220,8562,2343,544,8188,13296,10326,5495,7707,9942"
18687,18687,"1290,7120,11298,1244,4576,4929,9101,9730,11024,10663"
18718,18718,"8562,6220,544,12665,4798,6971,10326,3950,9942,2218"
18741,18741,"3950,4798,8562,13346,5495,1290,544,9942,10326,7120"
18760,18760,"1290,7120,11298,11024,6971,4664,2989,544,1779,9295"
18771,18771,"6220,3950,8562,4277,13346,12665,13296,10326,4798,3428"
18787,18787,"10326,4798,4277,6971,275,2140,8421,8562,5303,13346"
18788,18788,"2218,13346,4798,12857,8562,3950,8413,10326,6220,9942"
18789,18789,"2343,8562,13346,10326,544,12857,6220,3127,7707,769"
18798,18798,"6220,3950,9942,8562,13346,13296,5545,3428,7707,12665"
18800,18800,"10326,9942,544,1290,8562,12665,6220,7120,4798,3950"
18805,18805,"3950,8562,13296,9942,1290,8413,544,6220,10326,5545"
18806,18806,"7120,11298,1244,12869,9962,789,9101,4929,4576,4664"
18812,18812,"6971,6220,2218,12665,5303,9942,4798,2343,8562,10326"
18818,18818,"6659,1328,10326,1290,544,9942,4798,7120,8562,11298"
18830,18830,"5303,6971,3950,4798,8562,13346,10326,2140,2218,9942"
18835,18835,"1290,7120,1244,2989,9101,6220,6971,4576,11024,12665"
18839,18839,"5495,6971,1290,544,10326,9942,1355,12470,8562,7120"
18851,18851,"6220,9942,1290,6971,8562,544,4798,10326,2218,7120"
18854,18854,"4798,6971,10326,8562,5303,6220,13346,2218,3950,12857"
18864,18864,"10326,3950,4277,4798,13346,8562,217,6220,544,6971"
18865,18865,"7707,544,1290,8562,6220,9942,10326,4798,7120,5495"
18874,18874,"1290,544,7120,11298,12869,4576,11024,9101,2989,1244"
18875,18875,"4798,10326,12857,3950,2218,8562,544,13346,1290,2343"
18879,18879,"7669,9101,4576,7679,11024,11298,544,12869,3464,10389"
18882,18882,"544,1290,6220,11298,2989,12869,4576,9730,9101,11024"
18895,18895,"6220,3950,2218,13346,9942,12665,13306,3055,6971,5545"
18903,18903,"10326,4798,4277,5303,6220,13346,6971,2343,12665,2140"
18913,18913,"10326,4798,2343,13346,8562,4277,9693,544,2140,6971"
18934,18934,"1290,7120,11298,1244,544,4929,6971,789,9962,10663"
18935,18935,"1290,6971,7120,8590,5532,2343,9942,10326,544,10835"
18981,18981,"6220,9942,12665,6971,8562,2218,544,3950,13296,5545"
18985,18985,"13346,6971,1290,4798,10326,8562,6220,9693,2343,544"
18987,18987,"2916,9295,544,11298,10326,12497,9942,4798,1244,2989"
18990,18990,"10326,6220,4277,8562,13346,5303,544,6971,9942,4798"
18996,18996,"4798,2218,3950,10326,8562,6971,6220,5545,6326,9942"
19010,19010,"10326,4798,4277,544,8562,5303,13346,8421,6220,217"
19016,19016,"1290,7120,12869,9101,2989,11298,4576,9730,4929,3464"
19018,19018,"13346,1290,4798,544,10326,8562,8483,9942,4277,1328"
19029,19029,"4798,10326,5303,2140,2218,8562,8421,13346,275,6971"
19060,19060,"6220,5545,7679,1290,2989,4576,9942,544,9101,11298"
19069,19069,"1290,7120,544,11298,4929,1244,6971,5303,2989,10663"
19084,19084,"4798,10326,8562,4277,5303,13346,12857,2140,6220,6971"
19086,19086,"1290,7120,2989,6220,1244,9101,11969,12869,7707,4576"
19105,19105,"1290,7120,4929,9295,10663,8590,2916,6971,3464,544"
19110,19110,"1290,7120,11298,1244,2989,12869,789,9962,11024,544"
19135,19135,"10326,1290,544,9942,7120,8562,4798,11298,2989,350"
19144,19144,"8562,5303,6220,8413,4277,10326,544,6971,3950,9942"
19154,19154,"13249,1290,544,4798,10326,9942,5495,7120,8562,5461"
19168,19168,"8562,10326,4277,6220,3950,4798,12857,6971,12665,5303"
19173,19173,"1290,7120,2218,4929,10663,6220,544,5495,10326,9942"
19187,19187,"1290,7120,6220,7707,9942,10326,4798,544,6971,8562"
19216,19216,"3950,8562,1290,6220,544,10326,9942,7120,6659,4798"
19227,19227,"9942,2343,6220,3428,5676,1290,9693,5495,544,10326"
19231,19231,"4798,10326,3950,5303,13346,9942,6220,2218,8483,6971"
19234,19234,"11298,1290,2989,11024,4576,1244,7120,7679,1779,9101"
19255,19255,"10326,4798,6220,6971,3950,2218,5303,9942,2140,8590"
19258,19258,"5495,3950,6220,9942,1290,2140,544,12470,10326,4798"
19266,19266,"1290,7120,6971,4929,8590,5303,10326,544,4798,9942"
19296,19296,"13346,4798,8562,6971,10326,6795,2140,9942,5532,3950"
19297,19297,"6659,1290,544,10326,9942,8562,7120,4798,11298,2989"
19308,19308,"3950,3055,1290,8562,13346,544,10326,9942,7120,4798"
19323,19323,"10326,1290,544,4798,9942,8562,7120,1328,11298,2989"
19346,19346,"10326,4798,6220,6971,4277,5303,2218,544,2343,8590"
19347,19347,"7120,4929,6220,6971,4798,3950,4576,8590,9942,12665"
19360,19360,"1290,7120,4929,9942,544,10326,6220,9295,11298,4798"
19364,19364,"7669,3464,4576,2989,11298,1290,10389,544,7120,7679"
19378,19378,"4798,3950,13346,12857,8562,10326,5545,6220,8590,9942"
19379,19379,"4798,8562,6971,5303,10326,2218,9942,6220,13408,5495"
19380,19380,"10326,4277,5303,11969,544,8562,4798,6220,12857,217"
19381,19381,"10326,4798,4277,8562,5303,8421,12857,2140,544,10916"
19384,19384,"8562,10326,6220,3950,4277,8421,10568,544,9942,4798"
19385,19385,"6220,4798,8562,13346,3950,2218,10326,7707,5545,9942"
19388,19388,"1290,7120,11298,2989,4929,12869,1244,4576,10663,9101"
19406,19406,"10326,4798,4277,5303,544,6971,8562,13346,2140,6220"
19408,19408,"2343,5532,5495,6971,5199,10326,544,9942,1290,10835"
19415,19415,"1290,11298,7120,544,4576,1244,11024,6971,2989,10389"
19417,19417,"13346,6220,12665,3950,6971,4798,64,2218,10326,9942"
19434,19434,"2343,9693,2989,64,544,11298,11024,9730,10326,2537"
19441,19441,"10326,4798,4277,3950,8562,5303,12857,13346,8421,9942"
19461,19461,"1290,7120,544,1244,4929,4576,10663,11298,4664,2916"
19474,19474,"3950,6220,9942,2218,13346,8562,12665,5545,6971,89"
19477,19477,"1290,7120,544,10326,4929,350,4798,4277,9942,8562"
19484,19484,"2989,11298,1244,11024,9101,8978,4576,544,10389,12869"
19502,19502,"5495,7707,544,6971,12665,8562,2343,9942,6220,1290"
19503,19503,"6220,6971,544,4277,10326,5303,3428,5545,4798,9942"
19512,19512,"13346,3428,3950,8562,50,10326,4277,4798,9942,6220"
19515,19515,"9942,6220,2218,1290,544,10326,7707,7120,4798,8562"
19518,19518,"1290,7120,2989,4929,6220,9730,2218,10663,9101,4664"
19530,19530,"10326,6220,8562,6971,2218,4798,13296,5303,5545,13346"
19559,19559,"1290,7120,11298,9101,6971,12869,4576,12665,11024,9730"
19576,19576,"6971,13346,4798,10326,1290,544,8562,9942,2343,7120"
19586,19586,"2343,9693,9942,13296,3127,1290,10326,544,64,4798"
19594,19594,"1290,12665,544,10326,7120,8590,6220,4798,9942,2218"
19605,19605,"544,1290,6220,10326,9942,12606,8562,7120,4798,7707"
19618,19618,"3950,2218,6971,10326,6220,8562,9404,5303,4798,12665"
19620,19620,"4798,8562,6971,6220,5303,10326,2140,2218,8590,1290"
19623,19623,"4277,3428,350,8562,3950,13249,13346,10326,9942,1290"
19628,19628,"10326,3950,4277,4798,6971,217,13346,6220,8562,8421"
19631,19631,"7120,1244,4929,11024,4576,11298,10663,2989,544,4664"
19642,19642,"2343,3950,12665,6220,5495,10326,9942,9693,8562,544"
19644,19644,"2218,2140,1290,544,10326,4798,9942,7120,6971,8562"
19648,19648,"7679,1290,11298,7120,544,5495,10326,2969,9942,1244"
19665,19665,"8562,6220,12665,4798,10326,1290,544,4277,9942,10594"
19683,19683,"1290,11298,544,11024,4576,1244,2989,4929,7679,9101"
19684,19684,"4277,8562,10326,1290,8421,544,217,9942,4798,7120"
19693,19693,"10326,4277,4798,544,2343,217,6220,9340,11000,13249"
19696,19696,"4798,10326,3950,6971,5303,13346,12857,4277,6220,2140"
19707,19707,"4798,10326,6971,5303,4277,3950,12857,8562,8421,2140"
19715,19715,"2343,9693,6220,9942,13346,64,5532,4798,544,3950"
19716,19716,"1290,7120,4929,1244,11298,9101,544,2916,10326,9942"
19729,19729,"1290,7120,6220,6971,8562,4798,10326,8590,5303,13296"
19734,19734,"10326,13346,8562,5303,2218,3950,4798,6220,5495,12857"
19758,19758,"3950,13346,8562,1290,2218,544,10326,9942,7120,4798"
19764,19764,"8562,10326,6220,4798,6971,2343,2218,5303,13346,3950"
19773,19773,"1290,11298,544,1244,4929,2989,9101,4576,11024,9730"
19778,19778,"5495,3950,6220,2218,9942,13296,8562,12470,4798,10326"
19780,19780,"8562,6220,2218,9942,3428,13296,5545,13306,4277,7707"
19784,19784,"10326,6220,4277,8562,544,4798,6433,7707,350,9942"
19786,19786,"8562,4798,4277,6220,3950,13346,544,13249,8421,13296"
19793,19793,"6220,10326,2218,4277,3950,4798,5303,8562,5495,6971"
19798,19798,"10326,13346,6220,5495,4277,4798,3950,2343,544,9942"
19808,19808,"8562,3950,4798,6220,10326,13346,6971,9942,12665,1290"
19812,19812,"1290,7120,2989,1244,12869,4929,11024,10663,4576,7679"
19821,19821,"8562,10326,4798,3950,7707,12857,13346,6220,6433,5303"
19830,19830,"12869,9730,1290,11298,7120,1244,9962,789,2989,9101"
19843,19843,"1290,7120,12869,2989,7669,4929,11298,9101,4576,544"
19867,19867,"6220,2343,7707,2218,9693,1290,9942,10326,9101,2989"
19889,19889,"8562,6220,3950,13346,4798,9942,2218,4277,10326,12665"
19893,19893,"6220,8562,13296,7707,10326,2218,5545,4798,11969,8188"
19898,19898,"1290,7120,11298,4929,4576,9295,12869,9101,2989,10663"
19902,19902,"8562,10326,2140,1290,350,544,9942,7120,4798,11298"
19905,19905,"8562,10326,4798,8590,5303,4277,3950,2140,13346,6971"
19910,19910,"3950,4277,8562,10326,4798,8421,6220,13346,217,544"
19929,19929,"10326,6220,8562,4798,4277,544,12665,13346,5303,8483"
19932,19932,"1290,11298,7120,4576,1244,2989,10389,7679,1779,12869"
19952,19952,"8562,10326,6220,4798,3950,9942,13346,5495,6433,2218"
19956,19956,"8421,13110,6220,10326,1290,544,4798,8562,9942,3950"
19987,19987,"4798,8562,10326,13346,4277,3950,8421,6220,2140,6326"
20008,20008,"4798,544,1290,4277,6220,6971,8562,8590,12665,11969"
20018,20018,"3950,4798,8562,6220,9942,13346,10326,2218,12665,8413"
20019,20019,"1290,7120,544,9942,4277,5303,4929,10326,12869,6220"
20020,20020,"1290,7120,4929,10663,2916,544,10326,11298,9942,4798"
20023,20023,"13346,4798,3950,10326,8562,5495,9942,13249,6326,1290"
20031,20031,"6220,8562,2218,544,7707,13296,5545,9942,4798,1290"
20039,20039,"6220,8562,12665,9942,3950,13346,5545,2343,2218,544"
20040,20040,"6220,9942,4798,5303,5495,3950,2140,2218,8562,1290"
20041,20041,"12470,8188,7707,6220,8562,544,2218,13296,5676,2989"
20045,20045,"3950,13346,4798,10326,8562,12665,6220,8421,6971,6326"
20056,20056,"1290,6220,6971,7120,4798,12665,11298,4576,544,2989"
20069,20069,"10326,4798,2218,6220,13346,4277,2343,3950,5303,544"
20074,20074,"6220,9942,8562,3428,6659,5545,13296,10326,13110,12665"
20083,20083,"8562,3950,9942,10326,13346,6220,5545,4798,2218,544"
20085,20085,"1290,11298,11024,7120,4664,2989,11918,7679,12869,10607"
20086,20086,"6220,6971,5303,8413,3950,9942,8562,4798,5495,544"
20089,20089,"8562,6220,3950,2218,13346,4798,4277,13296,2343,10326"
20101,20101,"6220,4798,5303,9942,3950,13346,8590,12665,1290,2218"
20104,20104,"1290,544,10326,9942,7120,4798,8562,11298,2989,6220"
20112,20112,"8562,6220,3950,9942,544,10326,12665,4798,4277,7707"
20115,20115,"3950,8562,6220,4798,10326,13346,3055,9942,2903,6971"
20133,20133,"1290,7120,12869,789,11298,5135,4929,1244,9730,544"
20136,20136,"2343,4277,10326,217,4798,9693,544,8562,1220,2140"
20138,20138,"11298,1244,1290,11024,9962,7120,789,5135,4664,544"
20162,20162,"4798,10326,3950,6971,8562,8421,5303,6220,13346,4277"
20176,20176,"4798,6971,2218,10326,544,6220,8590,275,2140,8562"
20200,20200,"10326,4798,4277,2140,6971,13346,8562,5303,9942,6220"
20222,20222,"1290,544,10326,9942,4798,8562,7120,11298,2989,6220"
20251,20251,"1290,10326,7120,6971,4798,5303,8590,544,2218,2140"
20256,20256,"12470,2218,10326,5303,544,5199,12668,10594,12099,1290"
20264,20264,"10326,4277,8562,6220,5303,4798,6433,3950,350,810"
20280,20280,"10326,4277,4798,13249,8562,217,8421,3950,10916,13346"
20286,20286,"6220,1290,2989,7707,544,7120,1244,11024,11298,4576"
20323,20323,"1290,7120,11298,4929,10663,9962,789,5135,9295,2989"
20324,20324,"1290,7120,4576,4929,544,6220,8590,10663,6971,9942"
20336,20336,"1290,11298,544,9693,9101,4576,6220,1244,9730,7120"
20339,20339,"9942,8562,3950,6220,4798,13346,5545,8413,6326,10326"
20344,20344,"1290,7120,5495,6971,5303,544,2989,10326,9942,13296"
20356,20356,"6220,10326,8562,9942,3950,12665,4798,13346,2218,13296"
20360,20360,"1290,7120,6971,2343,4929,544,10326,9942,10663,4798"
20362,20362,"2343,9693,5532,10326,5199,6971,10835,544,13346,4798"
20376,20376,"13346,3950,10326,4277,10077,13249,2140,8562,544,2989"
20381,20381,"2218,10326,6971,4798,6220,12665,5303,5676,7707,8562"
20394,20394,"7120,11298,4576,2989,544,1244,4929,6971,11024,10663"
20397,20397,"8562,6220,7707,1779,544,12665,1290,9942,1355,10326"
20407,20407,"3428,6220,3950,6659,9942,7707,13346,10326,5495,2218"
20413,20413,"1290,7120,11298,2989,11024,1244,12869,9730,4576,10389"
20433,20433,"1290,7120,11298,1244,4929,789,9962,5135,10663,9101"
20448,20448,"544,5303,810,2140,7792,1290,7120,10326,9942,9101"
20492,20492,"4798,10326,8562,5545,6220,9942,2343,3055,89,13346"
20505,20505,"1290,7120,11298,1244,2989,4576,4929,12869,9101,544"
20512,20512,"10326,4798,13346,3950,8562,12857,5303,2218,6326,8421"
20514,20514,"1290,544,10326,9942,7120,4798,8562,2989,11298,10537"
20533,20533,"4277,217,10326,350,4798,5303,544,8421,8483,6433"
20543,20543,"1290,7120,5303,8421,2989,6220,10326,4277,2140,12404"
20546,20546,"4798,10326,4277,8161,12857,544,1290,8562,8421,717"
20557,20557,"4798,8562,10326,3950,9942,2218,4277,13346,5303,544"
20558,20558,"4798,10326,12857,3950,1290,7120,9602,544,9942,8562"
20561,20561,"6220,12665,3950,13346,4798,2218,9942,5545,3428,10326"
20566,20566,"1290,11298,4576,7120,10389,1244,6220,544,9101,12869"
20573,20573,"11298,1290,2989,544,1244,10326,7120,9942,10607,4798"
20623,20623,"1290,7120,4929,6971,10663,544,10326,4798,8590,9942"
20627,20627,"1290,544,10326,6220,4277,7120,9730,4798,6971,12665"
20643,20643,"10326,4798,6971,5303,2140,13346,8161,544,275,8562"
20645,20645,"1290,11298,7120,4576,1244,12869,544,11024,9101,789"
20652,20652,"4277,10326,717,13346,3950,8562,8421,5495,5303,4798"
20654,20654,"10326,4798,4277,8562,3950,6220,13346,217,8421,5303"
20667,20667,"6971,1290,2989,89,7120,544,10326,9942,5199,4798"
20670,20670,"3950,1290,544,10326,9942,7120,4798,8562,11298,2989"
20671,20671,"10326,2218,8562,3950,4798,6971,5303,544,9942,13346"
20676,20676,"9942,3950,8562,5303,6220,2140,13346,10326,2343,2218"
20694,20694,"544,1290,7120,4277,6220,5303,10326,2989,12665,11298"
20709,20709,"10326,5495,4798,5303,12470,8562,2218,6220,544,3950"
20716,20716,"4798,5303,6971,2218,8562,2140,10326,1290,544,13346"
20739,20739,"13296,5303,217,13346,2343,10326,3565,64,1290,9942"
20763,20763,"2343,544,9693,10326,6971,6220,5303,2140,5199,12665"
20779,20779,"1290,11298,7120,1244,4576,11024,2989,544,9942,10607"
20781,20781,"3950,2218,6971,6220,9942,4798,7707,12665,8562,5545"
20790,20790,"1290,7120,6971,9295,789,9962,11298,544,10326,9942"
20792,20792,"10326,4798,12857,4277,6971,8421,5303,8562,3950,217"
20797,20797,"4798,10326,8562,5303,13346,9942,4277,6220,2343,544"
20811,20811,"6220,3950,9942,4798,6971,5303,3428,8562,13346,5545"
20821,20821,"1290,7120,11298,1244,11024,4929,4576,12869,9101,10663"
20830,20830,"10326,4277,4798,8562,8421,1290,544,10594,9942,7120"
20861,20861,"2343,6220,9693,6971,8590,5545,544,9942,13296,13346"
20878,20878,"1290,9942,6220,7120,11298,2989,6971,12869,4576,544"
20891,20891,"8562,1290,544,9942,10326,11298,7120,4798,12665,6220"
20895,20895,"6220,8562,3950,2218,5495,5545,13346,9942,4798,8413"
20901,20901,"10326,4798,6220,2343,6971,4277,8562,13346,5303,544"
20908,20908,"10326,4798,8562,4277,2343,6220,544,3950,6971,275"
20928,20928,"1290,7120,4929,10663,6971,544,10326,789,9942,4798"
20945,20945,"6220,9942,5303,6659,12665,8562,3428,13296,5545,8590"
20971,20971,"4798,10326,4277,8562,13346,6433,13249,12857,8421,3950"
20979,20979,"4798,10326,6971,4277,5303,8562,3950,2218,9942,2140"
20982,20982,"5303,10326,4277,8421,4798,6433,544,1290,9942,8562"
20991,20991,"10326,8562,13346,6220,2140,5303,9942,12665,3950,1290"
20998,20998,"9942,3950,6220,5495,13346,3428,8562,5545,13296,10326"
21006,21006,"3950,6220,2343,9404,10326,4798,5532,8562,5199,5495"
21018,21018,"6971,10326,2140,5303,8562,8161,4798,1290,544,9942"
21028,21028,"6220,9942,8188,8562,544,6659,1290,5495,10326,4798"
21041,21041,"8562,3950,10326,9942,13346,4798,6433,5495,544,4277"
21042,21042,"2343,544,5532,10326,5199,9693,5495,6220,9942,3950"
21064,21064,"1290,7120,11298,4929,9962,544,10663,4576,9101,10607"
21075,21075,"6971,2343,544,12665,5303,3950,5199,9942,10326,5532"
21078,21078,"10326,3950,8562,9942,13346,2218,5545,13296,4798,3428"
21081,21081,"2218,5495,12470,5303,6220,6971,8590,2343,3950,5545"
21084,21084,"8562,3950,6220,6971,10326,4277,2218,2140,12857,13346"
21089,21089,"4277,10326,4798,8562,8421,217,350,5303,10594,544"
21112,21112,"1290,7120,1244,2989,4576,4929,9101,11024,544,10663"
21126,21126,"13346,8562,3950,1290,544,9942,10326,4798,7120,11298"
21129,21129,"1290,7120,6971,4929,10663,12869,2989,11298,9295,8590"
21130,21130,"2343,10326,9693,6220,13346,3950,9942,544,4798,12665"
21137,21137,"3950,8562,6220,6971,5303,544,4277,10326,2218,13346"
21149,21149,"5495,8562,2343,4798,13346,3950,5545,2218,9942,10326"
21152,21152,"10326,2218,6220,8562,4798,5303,12665,3950,4277,13346"
21177,21177,"8562,3950,4798,4277,13346,10916,350,10326,1290,544"
21191,21191,"7120,4929,10663,6971,2916,12497,544,10326,9942,4798"
21200,21200,"10326,3950,8562,6220,2218,9942,5545,2140,1328,12665"
21204,21204,"10326,4798,4277,3950,8562,5303,217,717,13346,544"
21221,21221,"5495,6220,2218,6971,1290,8562,5303,12470,8590,13296"
21228,21228,"1290,7120,544,11298,6971,2218,2989,4929,10326,12665"
21249,21249,"10326,5495,2218,544,2140,5303,2343,4798,275,4277"
21256,21256,"3950,6220,4798,6971,9942,8562,1290,544,10326,7120"
21261,21261,"8562,13346,3950,4798,10326,8483,2218,6326,8413,6220"
21279,21279,"10326,544,6220,2343,12665,4798,9942,7707,1290,9693"
21282,21282,"1290,7120,11298,1244,9101,2343,544,4576,8590,2989"
21305,21305,"10326,4277,4798,717,8562,544,8421,6433,350,10916"
21307,21307,"217,544,1290,13110,10326,9942,10594,7120,4798,4277"
21315,21315,"810,5642,1574,3950,1290,544,10326,9942,10100,7120"
21342,21342,"7120,544,2989,6971,11298,4576,9101,11024,1244,4929"
21347,21347,"10326,6220,4798,3950,13346,4277,8562,5303,9942,12665"
21357,21357,"6220,7707,544,1290,8562,9101,10326,7120,9942,1244"
21358,21358,"10326,6971,2218,2343,5532,544,5495,5199,3950,2903"
21368,21368,"1290,7120,789,9962,11298,544,5135,9942,10326,1244"
21372,21372,"1290,7120,11298,4576,2989,9730,11024,9101,1244,10389"
21373,21373,"9942,3950,4277,2218,3428,6220,2140,12665,13296,544"
21383,21383,"7120,9101,544,11298,1244,4929,10663,11024,2989,10389"
21393,21393,"6220,9942,8562,3950,2218,5545,13346,5303,7707,13296"
21415,21415,"1290,7120,6971,4929,9295,8590,11298,10663,544,1244"
21421,21421,"1290,9942,8562,6220,4929,10663,4576,4798,9101,10326"
21433,21433,"4798,6971,10326,5303,275,2140,4277,3950,544,8562"
21449,21449,"544,10326,4277,2343,6220,3950,4798,13346,5303,217"
21483,21483,"6220,10326,9942,8562,4277,3950,13346,4798,5303,3428"
21488,21488,"8562,10326,4798,3950,13346,6220,8421,5303,12857,1290"
21518,21518,"2989,1244,3428,544,9101,9942,4576,8978,12869,6220"
21528,21528,"6220,8562,12470,2218,7707,13346,5303,3950,9942,3428"
21536,21536,"1290,7120,11298,1244,4576,2989,4929,11024,544,10663"
21585,21585,"4798,6220,8562,9942,13296,7707,5545,5303,6971,5495"
21598,21598,"1290,11298,2989,7120,9101,9730,11024,10389,6971,4664"
21602,21602,"8562,3950,12665,5303,6220,13346,3055,9942,1290,544"
21604,21604,"4798,1290,544,10326,8562,5495,5303,9942,7120,11298"
21626,21626,"12665,544,11298,1290,2218,7120,10326,9942,8562,4798"
21636,21636,"3950,12665,2343,9942,13346,544,2989,1290,10326,89"
21649,21649,"7120,4929,10663,544,10326,9942,12497,2916,4798,11298"
21650,21650,"1290,544,10326,9942,7120,4798,8562,11298,2989,6220"
21655,21655,"1290,7120,11298,11024,4576,9101,12869,1244,4664,2989"
21662,21662,"11298,1290,12869,4576,11024,1244,544,9101,7120,10389"
21681,21681,"1290,7120,11298,1244,4929,12869,2989,9101,10663,544"
21686,21686,"2140,350,544,10326,1290,4798,9942,2411,4277,7120"
21699,21699,"3950,6220,8562,13346,5303,2218,4798,6971,12665,9942"
21702,21702,"1290,7120,11298,1244,4576,544,9101,9730,11024,2218"
21709,21709,"4798,10326,13346,8562,3950,6971,12857,5303,8421,9942"
21718,21718,"10326,4798,3950,8562,4277,5303,12857,13346,6971,6220"
21719,21719,"10326,4798,4277,5303,8421,6971,544,8562,13346,2140"
21724,21724,"8562,6220,3950,3428,10326,4798,9942,13346,13306,13249"
21741,21741,"1290,11298,2989,4576,7120,1244,9101,11024,544,7679"
21746,21746,"1290,11298,7120,9101,11024,4576,1244,12869,544,10137"
21751,21751,"3950,9942,1290,544,8562,10326,7120,4798,13346,12665"
21754,21754,"4277,10326,4798,13346,8562,12857,8421,217,6433,13249"
21768,21768,"3950,4798,6971,6220,12665,13346,10326,13296,2218,7707"
21775,21775,"6220,9942,544,1290,10326,8562,5199,5495,7120,4798"
21781,21781,"11298,11024,1290,9730,2989,4576,4664,12869,12995,7120"
21789,21789,"7120,11298,1244,4576,11024,4929,6971,6220,2989,9101"
21795,21795,"3950,2218,4798,2140,5495,10326,1290,8562,544,6220"
21812,21812,"8562,3950,3055,13346,2218,8413,12665,6220,9942,1290"
21814,21814,"10326,4798,6971,13346,8562,5303,12857,2140,2218,6433"
21820,21820,"3950,10326,13346,8562,4798,12665,6220,5303,2218,9942"
21827,21827,"10326,9942,4798,6220,4277,2218,5303,6971,8562,12665"
21838,21838,"8562,6220,10326,7707,8188,4798,13346,544,9942,1290"
21855,21855,"2343,9693,13346,5532,64,5495,6795,9942,544,1290"
21881,21881,"4798,13346,6971,3950,10326,12857,275,9942,2140,8562"
21884,21884,"6220,8562,4798,10326,6971,12665,9942,13346,5545,2218"
21889,21889,"1290,7120,544,10326,6971,4929,6220,1244,4798,8590"
21896,21896,"10326,6220,4798,8562,4277,544,5303,12665,7707,13346"
21902,21902,"10326,4798,4277,3950,8421,6971,13346,10916,12857,8562"
21916,21916,"10326,4277,4798,6971,544,5303,8562,8590,2218,6220"
21927,21927,"1290,7120,11298,11024,9962,789,5135,544,10326,9942"
21938,21938,"10326,4277,12857,4798,8421,13249,1290,217,1978,717"
21948,21948,"4277,13346,6433,810,4798,10326,8562,1290,544,9942"
21952,21952,"1290,7120,4929,10663,9295,6971,544,10326,11298,9942"
21954,21954,"2343,5532,6795,5199,9693,2218,544,10326,5495,4798"
21955,21955,"3950,9942,6220,8562,5303,10326,6659,544,11969,2140"
21978,21978,"6220,8188,7707,544,1290,10326,9942,4798,12665,7120"
21983,21983,"1290,7120,2343,11298,6220,544,9101,9693,10326,8590"
22004,22004,"1290,10326,2343,7120,6971,5303,4798,5495,2218,4277"
22007,22007,"1290,7120,11298,11024,3464,4929,12869,4576,9730,10663"
22014,22014,"6220,3950,9942,5545,3428,2218,8562,12665,5495,7707"
22020,22020,"6220,10326,4798,8562,12665,13346,5303,544,4277,3950"
22052,22052,"4798,10326,8421,5303,4277,6971,1290,8161,544,12857"
22056,22056,"8562,5495,2218,3950,9942,12665,1323,10326,13346,6220"
22064,22064,"8562,10326,4798,7707,544,6220,2218,3950,2343,1290"
22072,22072,"10326,4798,8562,4277,2218,6220,13296,13346,13249,7707"
22074,22074,"8562,4277,10326,4798,8421,13346,12665,13249,544,9942"
22102,22102,"6220,9942,3950,3428,5545,13346,544,13306,4798,1889"
22110,22110,"10326,4798,8562,6220,13346,3950,3428,9942,13296,217"
22111,22111,"544,10326,4277,5303,4798,6220,2218,217,2140,9942"
22119,22119,"6220,6971,1290,8562,10326,12665,5495,9942,544,2218"
22125,22125,"3950,8562,4798,8413,1290,544,10326,9942,13346,7120"
22150,22150,"10326,6971,4798,544,5303,3950,5199,1290,5495,9942"
22151,22151,"1290,7120,4929,6971,4277,1244,9295,10326,10663,544"
22154,22154,"1290,7120,4929,1244,11298,10663,544,10326,2989,9942"
22213,22213,"9942,6220,2218,5545,3950,6659,3428,12470,8562,5495"
22256,22256,"544,2343,1290,11298,13346,6220,7120,4576,9101,2989"
22258,22258,"5303,4798,8562,4277,13346,5495,10326,6971,2218,275"
22265,22265,"8562,6220,2218,3950,10326,13346,12665,4798,5495,9942"
22279,22279,"6220,2343,9942,13346,3950,2218,6971,8562,13296,9693"
22280,22280,"10326,8562,9942,4798,6220,544,1290,8590,7120,5495"
22283,22283,"2343,1290,544,7120,10326,9942,9693,4798,8562,2989"
22286,22286,"6220,3950,5545,8562,3428,2218,9942,8681,7707,13346"
22288,22288,"2343,13346,10326,8562,4277,5303,6220,544,5199,12665"
22321,22321,"1290,7120,11298,2989,11024,1244,4576,9730,12869,9101"
22336,22336,"4798,10326,8562,6220,3950,5303,12665,13346,4277,2140"
22344,22344,"3950,4798,6971,10326,5303,1290,544,9942,13346,7120"
22353,22353,"10326,1290,544,9942,12665,7120,8562,4798,11298,2989"
22356,22356,"4929,1244,6971,9295,11298,2916,544,12497,9962,10326"
22387,22387,"10326,4798,6971,5303,544,13346,2140,8562,6433,6220"
22427,22427,"6971,1290,9942,6220,544,8562,3950,10326,7120,4798"
22428,22428,"1290,2343,7120,9693,11298,9101,12869,544,9962,9295"
22449,22449,"11298,11024,4576,1290,9101,4664,7679,2989,10389,12869"
22452,22452,"13296,6220,544,9942,7707,1290,5495,8188,9101,11298"
22460,22460,"1290,12869,7679,4163,11298,7120,7669,2957,1371,544"
22467,22467,"1290,7120,10326,4929,4798,6971,544,1244,10663,11298"
22480,22480,"1290,7120,544,1244,9101,9962,789,4929,11298,2343"
22481,22481,"10326,4798,6971,8562,5303,9942,275,2140,6220,13346"
22484,22484,"3950,5303,9942,4798,10326,8562,1290,544,5495,217"
22489,22489,"2343,9693,9942,5532,544,1290,9532,13346,2537,10326"
22502,22502,"4576,1290,9101,11298,1244,7120,7679,10389,11024,4664"
22510,22510,"1290,11298,7120,2989,12869,4576,11024,544,1244,9101"
22511,22511,"1290,7120,6220,544,9942,10326,1244,8562,4798,13296"
22514,22514,"10326,4798,6971,5303,8562,2343,9693,1290,8483,8421"
22520,22520,"1290,7120,4929,544,10326,10663,9942,4798,8562,11298"
22546,22546,"6971,4798,10326,2140,1290,544,9942,8562,5495,7120"
22551,22551,"8562,3950,6220,2218,9942,8413,12665,5545,1290,10326"
22582,22582,"1290,11298,7120,11024,3464,4576,2989,4664,12869,1244"
22595,22595,"9942,6220,2218,2343,3950,13296,12665,5545,9693,10326"
22597,22597,"4798,10326,8562,13346,13249,9942,1290,544,3950,7120"
22605,22605,"4277,3950,3428,8562,9942,217,1290,544,12470,10326"
22618,22618,"544,1290,4798,7120,9942,2343,12869,9101,11969,7707"
22641,22641,"544,4277,10326,4798,717,8421,10077,6220,8562,350"
22645,22645,"4277,10326,350,8562,217,544,4798,9178,1290,9340"
22660,22660,"4798,10326,8562,6220,3950,13346,4277,5303,2218,13296"
22666,22666,"3950,8562,4798,6220,2140,9942,10326,13346,1290,544"
22674,22674,"7120,4929,4576,1244,9101,2989,11298,2916,789,9730"
22678,22678,"1290,7120,11298,544,11024,2343,1244,4576,2989,6220"
22697,22697,"1290,11298,7120,11024,9730,1244,544,4929,10663,10326"
22698,22698,"3950,2218,6220,5495,6971,13346,10326,7707,5303,9942"
22705,22705,"1290,6220,6971,544,10326,4798,7120,5303,8562,8590"
22710,22710,"2343,5676,4277,9693,544,8562,10326,4798,5495,3127"
22714,22714,"3950,2218,8562,13306,6220,3055,1290,544,9942,10326"
22715,22715,"3950,4798,6220,13296,5303,5545,10326,3055,8562,5199"
22720,22720,"10326,4277,5495,544,6220,8562,2343,4798,3950,5303"
22734,22734,"10326,4798,2218,544,6971,8562,5303,6220,1290,13296"
22735,22735,"4798,6971,10326,2218,5303,2140,3950,8562,8421,6220"
22736,22736,"4798,10326,6971,8562,5303,2218,6220,13346,2140,3950"
22747,22747,"544,8562,10326,2343,6220,7707,9693,4277,13296,2989"
22748,22748,"6971,10326,4798,2140,1290,13296,7120,544,9942,8562"
22759,22759,"2343,13346,9693,6220,3950,12665,10326,544,13306,4798"
22761,22761,"4798,10326,2218,3950,2140,2343,6971,544,6220,5303"
22774,22774,"10326,6971,4798,6220,9942,5303,8562,2218,13296,8590"
22783,22783,"8562,6220,7707,8590,3950,10326,6659,13296,2218,9942"
22830,22830,"544,5495,9693,6220,12470,5676,10326,5303,9942,13296"
22831,22831,"7120,4929,11298,1244,10663,2916,4576,789,2989,10607"
22846,22846,"544,10326,8562,6220,2343,6971,4798,3950,275,5303"
22850,22850,"1290,7120,789,9962,11298,1244,5135,544,9942,10326"
22883,22883,"2218,8562,6220,5495,9942,12665,6971,10326,4798,1290"
22887,22887,"10326,4798,13346,6220,544,4277,3950,9693,6971,12665"
22893,22893,"8562,6220,9942,2218,5303,12665,3950,4798,12857,3428"
22905,22905,"6220,2343,8562,4798,5545,3950,7707,13346,544,9942"
22923,22923,"6220,4798,2218,10326,3950,8562,5303,9942,2140,13346"
22956,22956,"10326,4798,217,3950,8562,4277,12857,717,13346,1290"
22964,22964,"6220,13296,5545,544,8562,1290,10326,9942,4798,7120"
22972,22972,"1290,11298,9101,7120,1244,12869,2989,11024,7679,4576"
22985,22985,"6971,1290,4798,7120,544,10326,9942,8562,11298,12665"
23011,23011,"10326,4798,4277,544,350,8562,217,8421,717,2343"
23027,23027,"11298,2989,11024,4576,544,9101,1290,7679,10389,1244"
23036,23036,"6220,9942,10326,6971,3950,4798,8562,2218,13346,5545"
23038,23038,"6220,13346,8562,9942,3950,5495,13296,6971,3428,5545"
23046,23046,"10326,1290,6971,4798,11298,7120,2218,5303,4277,2989"
23051,23051,"2218,5303,6220,12857,8413,4277,4798,3950,6971,5495"
23057,23057,"1290,544,10326,9942,7120,4798,8562,11298,2989,6220"
23062,23062,"11298,7679,11024,12869,1290,1244,4576,7120,4163,4664"
23069,23069,"8562,3950,4798,13346,10326,6220,6971,5303,5495,12665"
23078,23078,"6220,2343,2218,8562,5303,12665,9942,5545,5495,7707"
23113,23113,"2218,6220,8562,6971,4798,3950,13346,10326,9942,5495"
23121,23121,"1290,7120,4576,11024,11298,544,10326,9942,4798,1244"
23123,23123,"4798,8562,10326,3950,4277,5303,2218,6220,544,13346"
23136,23136,"13346,4798,10326,8562,6971,5495,2140,9942,6220,6326"
23138,23138,"4798,3950,6220,10326,8562,4277,6971,13346,9942,2218"
23140,23140,"10326,12665,6220,6971,1290,8562,5303,544,4798,2218"
23170,23170,"10326,4798,4277,3950,13346,6220,5303,12857,8421,544"
23173,23173,"1290,7120,11298,544,1244,2989,10326,8590,9101,2343"
23179,23179,"6220,544,2343,10326,6971,2218,7707,5303,4277,810"
23196,23196,"4798,6220,3950,8562,10326,13346,4277,5495,5303,12665"
23199,23199,"2218,3950,9942,6220,1290,544,6641,5545,10326,4798"
23216,23216,"4798,6971,10326,8562,5303,2343,2140,1290,544,9942"
23226,23226,"13346,8562,5495,3950,10326,1290,9942,544,4798,2218"
23233,23233,"10326,2218,8590,5303,4798,8562,6220,8421,1290,544"
23253,23253,"2343,9693,6971,6220,3950,3055,12665,9942,13346,10326"
23281,23281,"1290,7120,11298,544,9730,9295,9101,4664,4929,1244"
