ID,user_id,item_id
12,12,"4798,10326,5303,4277,8562,12857,2140,8483,10916,8421"
14,14,"6220,13296,9942,1290,8562,4798,10326,6971,544,9101"
17,17,"1328,10326,4798,544,1290,1221,9101,7480,9942,6659"
21,21,"10326,4798,6220,544,4277,8562,2140,6971,8421,13346"
44,44,"1290,11298,1244,7120,9101,11024,9962,9295,4664,12869"
55,55,"10326,8562,4798,2218,10916,13346,4277,3950,10594,13296"
56,56,"6971,89,2343,5495,12665,4798,9693,544,8922,5199"
58,58,"10326,4798,6971,8562,544,13346,4277,5303,3950,6433"
59,59,"4798,10326,3950,6220,13346,12857,9942,4277,6971,8421"
79,79,"10326,4798,13346,6220,4277,8562,544,6971,2343,5303"
81,81,"1290,7120,9101,11298,2989,544,1244,12869,4929,9295"
85,85,"4798,10326,8562,5303,12857,6971,2140,6220,544,5495"
92,92,"1290,11298,12869,7120,11024,4576,1779,9295,1244,10389"
97,97,"3950,12665,13346,9942,4798,5495,10326,2218,4602,3055"
100,100,"4798,10326,13346,8562,10916,8421,2140,3950,6433,12857"
112,112,"3950,4798,6971,6220,12857,2140,8562,10326,1889,544"
122,122,"10326,8562,4798,3950,4277,6220,217,717,10568,8483"
133,133,"2343,9693,544,8483,9532,6659,9942,8590,1323,6795"
141,141,"1290,6220,8562,1863,13296,544,7120,10326,4798,6971"
144,144,"9295,6954,13330,544,4798,9101,10326,12449,7188,816"
149,149,"1290,7120,11298,4929,4576,1244,7679,9101,9730,10663"
153,153,"4798,10326,3950,6220,8562,2218,12857,13346,5303,6326"
166,166,"1290,6971,544,9532,3464,10326,9101,5001,4798,7120"
220,220,"4798,8562,6220,13346,8413,9942,6326,2218,12665,5676"
231,231,"3950,9693,2343,9532,9404,12665,13346,5199,8562,5532"
262,262,"1290,10326,4798,6971,7120,12857,5303,4929,13346,8205"
274,274,"6220,6971,544,2218,4798,10326,1290,2140,12665,3950"
277,277,"544,2343,4277,12470,12665,4576,13346,10326,89,6971"
281,281,"1290,7120,6971,4929,9295,11298,1244,10663,544,9101"
291,291,"217,3428,717,4798,8421,10326,544,5303,9942,8562"
300,300,"10326,8562,6220,4798,6971,5303,4277,9942,544,275"
310,310,"4798,5303,10326,8562,544,2218,2140,31,6220,11000"
332,332,"5495,12470,13306,609,8188,3565,544,5155,10326,4798"
344,344,"10326,4798,4277,8562,217,6433,12857,10594,8421,13249"
359,359,"1290,544,6220,7120,9101,89,13296,2989,1244,11298"
380,380,"5495,5199,2903,2343,10835,5532,544,10326,4798,9942"
386,386,"6220,9942,8562,3950,12665,4798,3428,4277,13346,6971"
426,426,"3950,13346,6220,3055,8562,12665,2218,89,544,10326"
436,436,"4798,10326,8562,4277,12857,13346,544,6971,2140,8421"
453,453,"6220,6971,4798,89,544,8562,13346,10326,2218,9532"
461,461,"7120,544,10326,2989,9101,6971,1244,4929,11298,9942"
464,464,"4798,2140,10326,7138,544,1290,9101,13346,8562,2291"
473,473,"5495,12665,544,8562,10326,4798,1290,9101,9942,8224"
481,481,"10326,6220,4798,217,6383,717,350,12665,8421,10077"
490,490,"4277,275,350,4798,10326,8483,9340,10568,544,3428"
494,494,"4798,8562,6220,10326,6971,5303,3950,12665,13346,9942"
497,497,"1290,2989,7120,12869,9730,7679,11298,7669,12655,544"
510,510,"2343,544,3950,6220,9942,13346,12665,3428,64,6795"
511,511,"10326,4798,6220,8562,12857,8421,4277,2140,717,5303"
512,512,"1290,9693,2343,544,1244,7120,5532,4576,9101,11298"
524,524,"1290,7120,12869,1244,11298,9962,9295,789,4664,4929"
525,525,"10326,4798,544,5303,4277,3950,6971,2218,8562,12665"
545,545,"10326,4798,8421,10594,8562,12857,544,217,1290,717"
560,560,"10326,8562,3950,4798,6220,13346,544,6433,3428,217"
564,564,"9693,2343,6795,275,10326,2537,544,6834,8562,3055"
566,566,"13346,2343,4798,9942,12665,3416,5303,3950,8562,275"
568,568,"6220,217,10326,4277,3428,4798,2343,5495,544,8562"
570,570,"8562,6220,8681,7707,544,2218,13296,10429,10326,4798"
573,573,"4798,10326,13346,4277,3950,8562,217,10916,6220,6433"
594,594,"8562,6220,3950,10326,4798,13346,5303,4277,12665,2140"
601,601,"10326,4798,2218,5303,8562,6220,12665,544,3950,6971"
605,605,"3950,5495,2905,4798,12611,10326,544,5999,13346,1290"
641,641,"6220,4798,9942,3950,10326,13346,3428,2343,5495,544"
650,650,"9942,6220,3950,2218,217,3428,5303,8562,544,5545"
675,675,"6220,9942,6971,12665,8562,4798,3950,3870,12404,4413"
677,677,"1290,7120,4929,10663,3697,9962,1244,789,2916,544"
679,679,"10326,544,6971,9942,6220,4798,5303,8562,4277,2218"
683,683,"3950,13346,8562,5610,4798,9245,544,8746,10326,8572"
687,687,"10326,4798,544,8562,13346,6220,12665,1290,5303,10916"
705,705,"275,4798,5303,544,10326,4277,12404,1290,7063,717"
708,708,"1290,7120,544,1244,11298,9101,6971,11024,4576,2989"
712,712,"6220,9942,5495,8562,3950,12665,13346,13306,10326,2218"
715,715,"4798,5303,2140,6971,10326,13346,8562,275,544,3950"
728,728,"1290,7120,9101,11298,1244,4576,9962,2989,544,9730"
743,743,"2343,12665,9693,2218,544,10326,2903,5532,89,6971"
753,753,"6220,544,8562,7707,9942,5495,2989,5184,8413,12665"
757,757,"4798,10326,5303,6971,13346,9942,6220,8421,3950,12857"
768,768,"5495,3950,8413,13346,10326,8562,2218,12470,5303,4798"
797,797,"2343,6795,5532,10835,9532,544,2537,6834,6220,10326"
813,813,"12665,1290,544,6220,6971,10326,4798,11298,9101,9942"
832,832,"1290,7120,11298,4929,6971,9101,1244,10663,9295,12869"
833,833,"10326,4798,9942,6220,8562,5303,13346,3950,275,12665"
844,844,"12665,2343,13346,6220,6971,9942,10326,64,4798,5495"
858,858,"10326,4277,544,3950,8562,6220,50,4798,1290,9101"
874,874,"11298,12869,4576,6220,11024,1290,9730,9101,544,12665"
875,875,"10326,12470,8562,5303,4798,4277,544,13346,6220,5199"
892,892,"4798,6220,8562,5303,2140,10326,544,7707,9942,6971"
897,897,"3950,3428,13346,12665,9942,6220,544,4602,4798,10326"
912,912,"1290,7120,4798,6971,8590,10326,9295,4929,5303,9101"
924,924,"13346,6220,8562,9942,5545,4798,5485,12665,544,7707"
926,926,"1290,6220,544,12665,13296,5545,10326,9942,8562,7707"
933,933,"5303,10326,4277,6220,544,2140,5495,8562,9178,8413"
944,944,"8562,6220,9942,3950,2343,89,13346,5545,3428,13110"
951,951,"5495,4798,6971,5303,2218,6220,8562,10326,12470,544"
974,974,"8562,6220,544,9942,4798,3950,13346,3428,5545,13296"
1010,1010,"4798,544,10326,9306,1290,5946,9101,383,13214,9942"
1013,1013,"6971,89,12665,4798,544,10326,7983,7024,8562,1290"
1016,1016,"1290,4798,8562,9942,2218,6220,7120,6971,5303,13346"
1023,1023,"1290,7120,6220,1244,89,6971,12665,11298,11024,2218"
1035,1035,"544,12665,6971,10326,5303,1290,4277,6220,9101,217"
1046,1046,"544,1290,7120,10326,9101,11298,1244,5303,6971,2989"
1051,1051,"1290,7120,2989,9942,544,2218,8562,8590,10326,6220"
1057,1057,"10326,5303,8421,6971,4798,12857,8483,7138,10594,8562"
1064,1064,"1290,4798,7120,6971,10326,4929,8590,5303,9295,2140"
1080,1080,"4798,10326,7589,544,12104,10566,1290,9998,9101,8562"
1089,1089,"10326,8562,4798,4277,544,6220,217,13346,5303,717"
1090,1090,"13346,8562,10326,4277,3950,6971,4798,10916,8421,12857"
1103,1103,"8562,10326,4798,10916,13346,3950,6433,217,4277,5303"
1123,1123,"1290,7120,6971,4929,10663,544,4798,10326,12030,9101"
1134,1134,"10326,4798,8562,5303,13346,4277,8421,12857,3950,2140"
1136,1136,"8562,3950,4798,10326,9942,2218,13346,12665,4277,5545"
1139,1139,"6220,5495,13296,9942,544,6971,1290,7707,1863,8562"
1154,1154,"6220,12665,3428,544,10326,9942,4277,4798,2343,12470"
1169,1169,"1290,6220,1244,11298,544,9101,4929,2989,4576,6971"
1173,1173,"8562,8188,6220,7707,4798,3950,13346,10429,10326,2218"
1178,1178,"544,10326,5875,4798,8235,1290,7024,12665,9101,11403"
1190,1190,"8562,4798,3950,6971,5303,10326,13346,12665,6326,5495"
1205,1205,"6220,8562,4798,3950,10326,8413,5303,6971,13346,9942"
1217,1217,"11298,1290,2989,7120,11024,4576,1244,9730,12869,7679"
1218,1218,"544,9693,2343,6220,9101,9942,89,9532,5532,6795"
1230,1230,"6220,10326,8562,4798,12665,544,3950,2218,6971,13346"
1250,1250,"10326,4798,8562,4277,6433,5303,2140,10594,12857,12385"
1252,1252,"3950,2343,4798,12665,5303,5199,6971,5532,8562,10326"
1276,1276,"2343,9693,5532,5199,9942,2218,544,6795,4798,10326"
1279,1279,"1290,7120,9962,11298,1244,6971,789,4929,5135,544"
1281,1281,"10326,217,4798,5303,12857,8421,4277,8590,275,8562"
1288,1288,"3950,8562,6220,3428,4277,5303,5495,13346,10326,12470"
1305,1305,"11298,9730,1244,1290,9962,4664,10607,9101,789,1779"
1320,1320,"8562,4798,3950,8413,10916,6326,10326,12857,13249,544"
1321,1321,"3950,5495,10326,13346,5199,6971,5303,4798,9404,12470"
1328,1328,"9942,6220,6659,2218,8562,13296,3870,7707,5303,13110"
1343,1343,"4798,10326,8562,4277,12857,6971,544,13346,5303,8421"
1345,1345,"1290,544,7120,2989,11298,4277,9101,10326,4798,12869"
1374,1374,"11298,7120,1244,12869,7679,9101,4664,4576,544,9730"
1410,1410,"1290,7120,4929,10326,544,10663,1863,9101,4798,11298"
1414,1414,"12857,6433,10326,10594,8483,8161,544,8562,4798,2636"
1420,1420,"8562,9942,6220,4798,2218,13346,3950,8188,13296,10326"
1440,1440,"8562,2343,8590,10326,544,9693,1290,9101,4798,11660"
1441,1441,"2989,544,6220,9942,10429,9101,10326,8562,7679,4798"
1443,1443,"1290,11298,4576,9101,1244,11024,544,2989,9693,7679"
1458,1458,"1290,7120,11298,1244,10326,9101,544,9295,4277,12869"
1492,1492,"6220,13346,9942,4798,3950,6971,10326,5545,3870,8562"
1496,1496,"10326,4798,6971,5303,8562,1290,544,275,2218,12665"
1499,1499,"12665,3950,10326,4798,3055,13346,5303,5199,544,8562"
1504,1504,"1290,9101,11298,7120,544,12869,2989,1244,11024,7679"
1516,1516,"6220,8562,13346,2343,9942,4277,3950,10326,13249,4798"
1523,1523,"4798,9455,217,2767,544,10326,13346,8363,11014,1290"
1534,1534,"544,10326,4798,1290,9101,9942,8562,12665,11298,11758"
1539,1539,"1290,6220,7120,544,11298,9942,11024,4576,12665,11969"
1559,1559,"1290,7120,2989,9101,6971,1244,4576,11024,9730,4664"
1572,1572,"6220,12665,9942,3950,8562,544,10326,3428,4798,2218"
1573,1573,"10326,4277,12857,4798,717,5303,544,8421,10594,217"
1601,1601,"544,1290,6220,9942,7707,9101,6971,7120,4798,10326"
1603,1603,"4798,8562,3950,10326,5610,13346,1383,8483,544,8746"
1604,1604,"544,217,4277,4798,350,13346,717,1978,10326,6383"
1613,1613,"1290,11298,2989,4576,1244,11024,7679,9101,544,7120"
1634,1634,"4798,10326,4277,6659,6220,8562,3950,1328,9404,6971"
1642,1642,"3950,8562,4798,13346,6220,2218,9942,10326,13249,8413"
1643,1643,"1290,7120,1244,2989,6220,6971,11298,9101,544,4929"
1654,1654,"8562,6220,4798,3950,9942,544,10326,9693,6971,13296"
1657,1657,"11298,2989,12655,544,11024,7679,9101,4576,1244,7342"
1674,1674,"1290,6971,89,2343,6220,4798,544,10326,9693,9942"
1702,1702,"10326,6220,8562,13346,6326,13110,9942,12665,3870,3950"
1719,1719,"6659,3950,6220,9942,3428,544,10326,8562,4256,4798"
1725,1725,"8562,4798,10326,3950,6220,13346,12857,4277,6326,5303"
1726,1726,"1290,6971,4798,7120,4929,10326,8562,544,238,275"
1728,1728,"544,1290,9693,2343,4576,11969,6971,10326,9101,8590"
1735,1735,"89,1290,5875,12757,544,8235,7024,12665,10326,4798"
1739,1739,"1290,7120,4929,10663,3697,544,10326,4798,9101,1244"
1774,1774,"10326,4798,3950,8562,4277,6220,3428,13346,5303,6971"
1780,1780,"4798,10326,544,4277,9101,6220,11969,1323,350,217"
1799,1799,"217,6270,2771,544,10326,4798,4892,2963,1290,8459"
1813,1813,"4798,8562,10326,3950,9942,13346,2218,5303,6220,6326"
1834,1834,"8562,13346,3950,12857,4798,10326,10916,6326,6971,544"
1835,1835,"12470,5495,6659,8562,544,10326,4798,8911,1290,9101"
1841,1841,"1290,11298,1244,12869,9962,9101,9730,9295,789,10607"
1863,1863,"3950,6220,3428,8562,9942,12665,4277,5545,10326,13249"
1878,1878,"8562,13346,3950,9942,3428,6220,12857,8413,6326,5642"
1879,1879,"2343,4798,6971,10326,13346,8562,5532,6795,5303,544"
1910,1910,"1290,7120,6971,10663,4798,10326,9101,6591,544,8590"
1911,1911,"8562,4798,10326,5303,13249,544,8421,350,9340,12606"
1919,1919,"13346,2343,9693,9942,6220,5545,6795,6971,3870,544"
1925,1925,"12869,7679,9730,4163,11298,2957,9101,1558,3464,4216"
1926,1926,"11298,11024,1244,8978,9962,1290,9101,544,10326,12869"
1931,1931,"10326,544,7275,4798,2940,1290,10107,9101,9850,9942"
1940,1940,"4798,10326,6971,5303,8562,6220,13346,2218,4277,275"
1968,1968,"4798,10326,5303,1328,8483,13249,4277,217,350,13346"
1981,1981,"4798,3950,6971,8413,13346,12857,10326,5303,6326,12665"
1992,1992,"1290,7120,11298,1244,10663,2916,9101,12497,544,9295"
1998,1998,"11298,11024,1290,1779,9295,9101,4664,1244,10607,9730"
2000,2000,"1290,7120,4929,9962,11298,1244,789,10663,9101,5135"
2017,2017,"8562,4798,3950,13346,4277,10326,6971,12857,6220,5303"
2036,2036,"5875,544,10326,4798,1290,9101,12665,8235,9942,8562"
2044,2044,"9693,2343,544,6220,11969,8562,10326,4798,5461,11572"
2047,2047,"1290,11298,1244,9101,7120,1779,12869,6591,9730,10607"
2052,2052,"5303,10326,544,1328,350,4798,8562,8161,1290,9101"
2055,2055,"5495,544,10326,4798,1290,9101,9942,3545,5760,6060"
2069,2069,"6220,8562,2218,8413,9942,3950,3428,5545,2140,13296"
2075,2075,"2343,9693,6220,4798,3950,10326,5303,13346,9942,4277"
2089,2089,"4277,10326,4798,717,8421,8562,10077,10594,10916,544"
2093,2093,"4798,12665,6220,8562,5303,3950,9942,2218,10326,6326"
2127,2127,"10326,4798,2140,544,1295,1290,7063,8562,4277,9101"
2135,2135,"9942,6220,12665,3950,3428,5545,8562,2218,3870,13346"
2137,2137,"12665,6220,3950,13346,89,8562,2343,8235,544,4798"
2141,2141,"6220,8413,2218,8562,9942,544,7707,5545,13296,8188"
2147,2147,"1290,544,8562,7120,9101,6220,7669,4576,4664,12869"
2150,2150,"10326,8562,4277,12857,350,4798,717,544,6433,8421"
2153,2153,"4798,10326,12857,8562,5303,6220,6326,6971,10916,4277"
2158,2158,"1290,11298,544,2989,9101,7120,1244,12869,4576,8978"
2178,2178,"8562,5495,13346,4798,2343,5199,13249,8590,9942,10326"
2180,2180,"6220,8562,13346,3950,6383,2343,12665,3428,5676,1323"
2181,2181,"2989,11298,1290,3464,544,1779,7120,1244,7679,4545"
2193,2193,"6220,3950,8413,9942,4413,544,4798,10326,8562,12665"
2216,2216,"10326,8562,4277,4798,13346,544,6433,10916,8421,10594"
2224,2224,"8562,5495,3950,10326,12470,5303,8413,2343,6220,5199"
2231,2231,"6971,2343,5532,5199,89,544,8590,1290,2903,9693"
2242,2242,"4277,6220,3950,5495,13306,217,8681,10326,3428,8562"
2243,2243,"5495,2343,9693,544,2903,3127,10326,5532,5199,5676"
2247,2247,"9730,4443,544,5495,4266,8579,10326,13043,4798,5532"
2262,2262,"544,11298,1290,1244,9101,11024,4576,4664,7120,2989"
2271,2271,"8562,10326,4798,3950,544,5303,4277,2218,13346,13296"
2284,2284,"3950,13346,6971,8413,4798,6220,8562,5495,12665,10326"
2287,2287,"13306,8188,8562,5495,544,10326,4798,3950,1290,10213"
2291,2291,"5303,10326,2140,2218,4798,6971,6220,275,3950,4277"
2293,2293,"4798,5303,1290,544,2218,7120,6971,9730,9101,11298"
2294,2294,"4798,10326,8562,12857,6433,5303,10594,6326,4277,544"
2301,2301,"4798,6971,6220,6659,5303,10326,2218,8421,13249,8590"
2310,2310,"9942,6220,544,12665,10326,8562,6659,9101,3950,13296"
2341,2341,"4798,8562,6971,10326,13346,3950,6220,12857,5303,9404"
2345,2345,"11298,9101,7679,4576,12655,11024,11918,2989,8978,12869"
2348,2348,"1290,7120,11298,9101,1244,544,9730,2989,4576,4929"
2349,2349,"6971,4798,10326,13346,544,4277,5303,8562,10916,3950"
2350,2350,"10326,4798,1290,6220,4277,544,6971,5303,7120,9942"
2355,2355,"10326,4277,4798,12857,8562,10916,3950,8421,6433,13346"
2383,2383,"10326,4798,8562,13346,4277,12857,6326,3950,717,544"
2393,2393,"4798,10326,6971,544,2291,9306,1290,2140,10462,8562"
2399,2399,"7120,1244,4929,10326,4798,544,10663,9101,6220,6971"
2421,2421,"2343,544,10326,6795,4798,5532,12665,5495,13346,2537"
2435,2435,"9532,9942,2989,2343,544,12483,10326,12665,4798,9693"
2448,2448,"5495,10835,544,10326,4798,5875,5199,9942,8188,1290"
2452,2452,"1290,7120,4929,6971,12497,10663,544,9295,1220,10326"
2464,2464,"8562,6220,9942,3950,5545,10326,3870,4798,13346,4413"
2470,2470,"12857,3950,8562,5642,10594,10326,217,2063,544,4798"
2478,2478,"6971,1290,5303,2218,8590,89,12665,5199,10326,4798"
2506,2506,"6220,3950,3428,4798,8562,10326,10594,5495,4277,7359"
2523,2523,"10326,4798,6971,544,8235,5875,1290,12665,9101,8562"
2527,2527,"1290,7120,4929,10663,544,10322,5573,10326,12497,4798"
2528,2528,"3950,4798,12857,8562,6326,6220,10326,9942,10594,5303"
2530,2530,"3950,13346,8562,2218,10326,5199,6220,5303,4798,12665"
2533,2533,"6220,9942,3950,8562,8413,8188,7792,13310,544,10326"
2540,2540,"8562,8483,13346,3950,10326,4798,4277,217,9942,12665"
2558,2558,"8562,3950,13346,10326,12665,2343,9942,6971,8413,89"
2559,2559,"6220,6659,8188,12665,3950,9942,5545,13296,8562,7707"
2592,2592,"4798,10326,13346,6220,6971,544,275,1290,8590,4277"
2599,2599,"10326,4798,8562,4277,5303,6220,6971,544,3950,2140"
2608,2608,"6220,9942,8562,12665,3950,3428,5545,13296,13346,2343"
2613,2613,"11298,1290,2989,9730,11024,7120,12869,9295,4576,9101"
2616,2616,"8413,5495,4798,544,9942,4181,10326,8562,6270,1290"
2617,2617,"544,1863,4798,1290,8562,10326,5495,9101,6220,589"
2619,2619,"3950,9942,6220,89,13346,8562,10326,8413,544,5199"
2622,2622,"1290,7120,11298,1244,544,5135,789,9295,9101,3697"
2629,2629,"1290,1244,11298,544,9101,7120,4576,2989,11024,6220"
2648,2648,"1290,1244,9101,7120,544,2989,4576,7679,12869,10326"
2654,2654,"4798,10326,6220,8562,5303,6971,3950,12665,544,2140"
2668,2668,"6220,10429,1290,544,8188,8562,5976,10326,4798,9942"
2703,2703,"5495,3565,4576,5199,544,9942,10326,4118,4798,1290"
2710,2710,"13346,4277,10326,4798,3950,8562,12857,8483,6383,10916"
2713,2713,"4798,10326,13346,6971,5303,8562,3950,6326,9942,275"
2722,2722,"7120,9101,2989,1244,11298,4929,9730,544,4576,10663"
2724,2724,"1290,7120,4929,6971,10663,1244,9295,4798,544,9942"
2727,2727,"6220,10326,6971,2218,5303,4798,8562,9942,2140,13296"
2755,2755,"7669,11298,1290,9101,12869,2989,544,7679,4576,11554"
2769,2769,"13346,4277,4798,275,8562,12404,7707,10326,3950,544"
2776,2776,"10326,5303,2218,544,9942,8562,5532,5199,12665,4798"
2781,2781,"1290,7120,4929,1244,6971,10663,544,9101,9295,4576"
2782,2782,"1290,7120,11298,1244,7679,4929,10663,4576,9101,10607"
2789,2789,"2343,9693,5199,5532,4798,3950,13346,10326,544,10835"
2794,2794,"9942,3950,2903,12665,7707,5545,8562,6220,544,4798"
2804,2804,"6220,3950,5303,2218,8562,64,9942,5545,9693,13346"
2819,2819,"544,12665,6220,8562,3950,10326,5495,5303,4798,2343"
2846,2846,"6971,9942,8562,6220,5303,544,7707,4798,10326,13408"
2851,2851,"7669,12869,2989,11298,11024,10389,544,4576,1244,9101"
2861,2861,"10326,9404,4277,8562,9532,544,7707,5495,5199,4798"
2862,2862,"6220,12665,9942,1290,13296,9101,11024,89,8590,2343"
2867,2867,"13346,10326,350,9178,4798,10594,544,8822,5495,4277"
2873,2873,"5495,9693,2343,544,13408,1290,5532,12470,6971,10326"
2880,2880,"6220,8562,9942,7707,544,13296,1863,10429,4798,10326"
2881,2881,"10326,4798,12857,10916,10594,8562,13249,13346,8421,4277"
2886,2886,"4277,4798,12665,5303,10326,50,6220,8205,544,2140"
2891,2891,"2343,9693,10326,13346,4798,6971,5532,6795,12665,9942"
2908,2908,"544,10326,1290,4798,7120,4277,2140,5303,6971,275"
2910,2910,"544,9693,6220,2343,5303,6971,8562,4798,7707,9942"
2915,2915,"10326,4798,3950,9942,8562,5495,5303,2218,6220,3577"
2935,2935,"6971,5303,544,6220,2218,10326,5199,1290,12665,5532"
2946,2946,"1290,544,11298,2989,9101,1244,4576,12869,9295,4929"
2948,2948,"544,1290,6220,2989,7120,11298,9101,4576,7679,1244"
2969,2969,"2218,3950,6971,9942,2140,4798,544,10326,1290,8235"
2979,2979,"11298,1290,12869,11024,7120,1244,7679,10389,2989,4576"
3036,3036,"3464,1290,7120,11298,6248,7679,2989,8315,544,2769"
3050,3050,"3950,10326,4798,13346,2343,8562,9942,6220,5532,544"
3056,3056,"6659,10326,4798,544,1328,1290,9101,9942,8562,4803"
3061,3061,"4798,10326,4277,8562,5303,8421,12857,3950,217,717"
3066,3066,"6220,8562,6659,4798,10326,7707,9942,5545,13296,5495"
3069,3069,"10326,12857,4798,13346,2218,6326,217,13249,5303,8421"
3094,3094,"10326,4277,8562,4798,5303,217,350,12857,544,10916"
3106,3106,"6220,12665,3950,8562,6659,8188,2218,10326,9942,4277"
3110,3110,"1290,7120,4929,10663,544,2916,10326,12497,4798,6971"
3115,3115,"2343,5199,5532,9693,12665,10326,544,2903,6220,8562"
3136,3136,"1290,6971,9101,6220,8562,544,2218,10326,5303,7120"
3159,3159,"10326,1328,4798,3950,6659,8562,9404,8590,13346,544"
3166,3166,"10326,5495,544,6220,4277,4798,5303,12665,2343,1290"
3172,3172,"1290,2343,11298,9693,544,9101,89,1244,5532,9532"
3200,3200,"13346,3950,10326,4798,4277,2343,8562,544,5676,5199"
3217,3217,"13346,10326,3950,4798,2218,10568,8562,6220,9942,9733"
3218,3218,"1290,1244,7120,11298,4664,544,9101,10326,10429,2989"
3229,3229,"4798,10326,13346,4277,275,5303,9340,1210,544,12404"
3230,3230,"544,1290,10326,7120,4798,6971,6220,9101,2989,5303"
3274,3274,"6971,4798,5303,2140,10326,7063,544,6433,12665,1290"
3285,3285,"10326,4277,5303,12857,8562,4798,544,3950,350,8421"
3316,3316,"6220,9942,8562,3428,13346,13110,12665,13296,5545,3870"
3319,3319,"8562,4277,4798,10326,350,3950,13346,8421,8483,1328"
3323,3323,"10326,8562,4798,3950,4277,6220,13346,5303,12665,544"
3346,3346,"6971,4798,1290,12665,5303,2989,2140,10326,11298,6220"
3354,3354,"10326,8562,13346,9942,11969,4798,3565,1328,12857,1889"
3368,3368,"4798,3950,10326,8562,6220,4277,217,13346,2218,12857"
3374,3374,"1290,9942,3428,5545,7120,8562,12665,7707,3870,13296"
3391,3391,"10326,8562,12857,3950,4277,6220,4798,217,8421,10916"
3397,3397,"8562,2343,10326,6220,13346,89,9693,3950,4798,6326"
3404,3404,"8562,7707,544,5495,10429,4798,6220,10326,1290,9101"
3408,3408,"8562,6971,4798,5303,12665,2218,9942,6220,2140,3950"
3416,3416,"2343,9693,6795,544,2989,5532,9101,6971,1290,10326"
3422,3422,"4798,10326,1290,544,6971,5303,6220,7120,4277,8421"
3423,3423,"544,6220,8562,5303,7707,10326,12665,8681,5495,4277"
3426,3426,"6220,9942,4798,5545,12665,3950,6971,3870,6659,7707"
3436,3436,"10326,6220,8562,544,13346,4798,12665,6971,1290,2343"
3448,3448,"12857,10594,8562,4798,10869,6433,10326,6220,544,11345"
3464,3464,"9942,8562,12665,3950,13346,6220,5545,13306,5642,3428"
3472,3472,"1290,7120,6971,11298,1244,6220,2218,89,544,8562"
3477,3477,"6220,9942,544,8562,10326,5303,5495,3950,5545,3428"
3488,3488,"3950,13346,5303,12857,4798,10326,6220,4277,8562,3428"
3497,3497,"13346,4798,3950,8562,12665,9942,10326,8413,3428,5199"
3504,3504,"1290,1863,544,7120,7637,1244,10326,9101,4798,2020"
3517,3517,"13346,8562,5303,3950,4798,12857,10326,8413,2140,6220"
3538,3538,"5495,5303,10326,12668,217,4798,2218,8562,544,9072"
3544,3544,"3950,4798,6220,12665,9942,10326,2343,64,13346,9532"
3547,3547,"4277,6220,4798,10326,217,717,13249,13346,3950,8421"
3569,3569,"10326,275,12665,6971,5303,4798,2140,2343,8590,6220"
3570,3570,"10326,544,4798,1290,7902,7616,9101,9942,478,8705"
3575,3575,"10326,4277,4798,13346,1543,544,3950,9942,12857,5303"
3579,3579,"4277,13346,544,217,4798,10326,6220,717,2343,3950"
3588,3588,"1290,6220,7120,544,13296,6971,10326,9942,4798,1863"
3592,3592,"2989,12869,1290,11024,544,7679,2874,9101,11298,4576"
3617,3617,"10326,4798,8562,6220,4277,5303,2140,3950,8421,5495"
3632,3632,"3950,8413,6220,9942,12665,544,10326,4602,4798,8562"
3650,3650,"544,4798,10326,2140,7063,1290,9942,9101,275,11298"
3654,3654,"10326,12857,1328,5303,350,4277,4798,2140,13346,9178"
3656,3656,"1290,5303,10326,4798,9942,544,6220,7120,2199,7637"
3678,3678,"1290,544,6220,7120,6971,9942,9693,4798,12665,3950"
3681,3681,"544,10326,4798,8112,1290,9101,9942,8562,8540,12665"
3683,3683,"4798,10326,5303,10594,8421,6971,544,4277,13346,8562"
3685,3685,"10326,4798,3950,4277,544,5303,2218,10594,2140,8590"
3699,3699,"1290,7120,3464,11298,1244,2989,7679,544,9101,1779"
3707,3707,"6220,8562,9942,544,10326,5495,11047,8188,4798,12644"
3731,3731,"1290,7120,1244,2989,544,4929,4576,9101,10663,11024"
3737,3737,"4798,8562,5303,10326,6433,2218,12857,8483,1978,3950"
3739,3739,"8562,6659,8413,13346,4798,544,8188,10326,7707,9942"
3744,3744,"3950,6220,13346,12665,9942,8562,4798,3428,5545,10326"
3753,3753,"10326,4798,6971,13346,5303,3950,10916,12857,8421,8562"
3778,3778,"6220,2218,3950,5303,4798,8562,9942,10326,5495,13346"
3786,3786,"8562,6220,3950,13346,9942,2140,3870,5303,5545,8413"
3790,3790,"8562,13346,3950,6220,2218,4798,9942,5495,10326,1889"
3804,3804,"4277,217,10077,717,8421,544,13346,350,3950,6383"
3805,3805,"3950,8562,10326,5303,4798,6220,13346,10916,2218,5199"
3819,3819,"10326,544,6220,4798,8562,3950,5303,2218,5495,4277"
3827,3827,"544,2459,10326,4798,516,1290,11337,7910,9101,10536"
3829,3829,"10326,4798,8562,12857,5303,13346,6971,3950,10916,6326"
3841,3841,"10326,6971,544,5303,2343,13346,2140,8562,6220,275"
3849,3849,"1290,11298,7120,9730,9962,789,1244,12869,9101,5135"
3928,3928,"1290,7120,1244,11298,9101,4929,9295,12869,544,4576"
3988,3988,"11298,6288,8978,7679,7342,4163,2957,3464,9732,9330"
3994,3994,"1290,2989,7120,9101,11298,1244,6220,544,4664,11024"
3998,3998,"13346,9942,3950,10326,2411,3428,5461,275,12665,4277"
4012,4012,"3950,13346,4798,544,10326,8562,11540,1290,9942,9101"
4021,4021,"5303,4798,6971,2140,2343,10326,544,8161,8205,9693"
4022,4022,"4798,8562,6220,4277,6971,12665,13346,3950,5303,6433"
4047,4047,"9942,6220,544,8188,3428,8562,4798,10326,5495,6659"
4073,4073,"1290,2989,544,1244,11298,9101,4929,4576,6971,9730"
4099,4099,"544,1290,5495,6220,7120,6971,12470,2218,5303,9730"
4100,4100,"544,10326,4798,8562,5495,1290,9942,9101,12665,8703"
4120,4120,"12470,13408,12099,12668,10326,1323,6220,5199,2218,609"
4126,4126,"1290,7120,544,11298,9101,10326,4929,4576,11024,6971"
4136,4136,"4798,8413,8562,12857,6326,10326,13346,844,544,5303"
4160,4160,"7669,7679,1290,12869,11298,4163,2957,9330,9101,7120"
4173,4173,"1290,7120,6971,4576,1244,544,89,9101,11298,8590"
4177,4177,"1290,7120,11298,544,9730,2989,4576,9101,1244,11024"
4183,4183,"10326,4798,4277,5303,544,8562,8421,717,10077,6971"
4191,4191,"1290,7120,4929,1244,10663,544,10326,4798,2916,9101"
4195,4195,"8562,10326,4798,4277,13346,12857,5303,2140,2218,13249"
4213,4213,"6220,544,2343,6971,5495,9693,9942,10326,13306,12470"
4226,4226,"9942,5495,217,13249,13346,3950,4277,3428,12665,5109"
4227,4227,"1290,7120,9101,9295,11298,275,1244,11299,9730,1779"
4232,4232,"13346,4798,10326,3950,8562,13249,11540,544,9942,12665"
4255,4255,"10326,4798,4277,13346,8421,8562,350,5303,544,717"
4258,4258,"544,12869,4545,9295,1244,9101,6569,1290,11298,10326"
4274,4274,"5303,1328,10326,8421,350,8483,4798,1912,544,10916"
4289,4289,"1290,2218,6220,8590,9942,7120,10326,7707,544,89"
4295,4295,"10326,8562,6220,4277,4798,13346,13249,3950,544,7707"
4300,4300,"6220,3950,13346,8562,3428,9942,4798,12665,10326,217"
4334,4334,"12857,13346,10326,8205,8562,4798,8822,4277,217,544"
4361,4361,"4798,8562,10326,3950,13346,6326,5303,5199,544,8235"
4377,4377,"4798,3950,8562,13346,10326,6270,5610,13249,3428,544"
4412,4412,"1290,7120,11298,9730,1244,2989,4929,3464,9295,9101"
4415,4415,"13346,12857,8413,7919,1042,10326,3950,544,4798,8562"
4424,4424,"4798,13346,10326,8562,544,6971,1290,9101,8981,9942"
4425,4425,"4277,10326,10594,350,4798,12857,217,8421,8562,1978"
4430,4430,"8562,10326,4798,13346,3950,5303,6220,4277,12857,6971"
4433,4433,"4798,8562,10326,8413,5303,6220,12857,10594,8421,5495"
4436,4436,"10326,4798,544,5495,8562,6220,9942,12665,9306,5731"
4458,4458,"10326,4798,3950,13346,5303,8562,13249,10916,6326,12665"
4461,4461,"10429,1863,544,8562,5495,10326,4798,1290,9101,9942"
4488,4488,"3950,12665,6220,9942,13346,89,5676,3055,5545,4798"
4497,4497,"1290,7120,1244,4929,11298,9295,9101,544,10663,10326"
4498,4498,"10326,4277,5303,4798,350,544,2140,3950,10594,9072"
4504,4504,"9942,6220,5495,3950,544,4798,10326,3696,1290,9101"
4510,4510,"6220,9942,1290,3950,6971,12665,5303,2218,10326,4798"
4512,4512,"544,10326,4798,1290,11395,9101,9942,3960,8562,12665"
4513,4513,"6220,10326,544,2218,4798,5303,3428,5495,8562,217"
4516,4516,"1290,11298,7120,12869,1244,9101,9730,11024,4576,2989"
4526,4526,"6220,8562,4798,544,9942,12665,3428,3950,4277,6659"
4528,4528,"8562,13346,4798,10326,6971,12665,2218,6220,6326,10916"
4542,4542,"3950,4798,8562,13346,6971,12857,6220,4277,12665,544"
4559,4559,"1290,7120,11298,9295,9730,11299,1779,2989,10663,4929"
4572,4572,"8562,13346,3950,8413,544,10326,4798,12665,1290,11540"
4575,4575,"8562,6220,3950,4798,5303,12665,4277,10326,9942,6326"
4583,4583,"4277,217,8562,13346,4798,12857,10326,1323,6326,8421"
4602,4602,"8562,6220,6971,4798,7707,5545,275,1018,3950,5495"
4608,4608,"11298,1290,1244,7679,7120,11024,2989,9101,4576,4664"
4609,4609,"13346,3950,10326,8562,5495,11000,9072,4798,5199,1978"
4626,4626,"13346,8562,3950,64,2343,6220,5545,9942,10326,12665"
4642,4642,"8562,5495,3950,6220,2343,13346,3428,7707,5545,12665"
4653,4653,"8562,2343,6971,6220,9693,12665,9942,7707,8681,5545"
4664,4664,"1290,11298,7120,1244,11024,9101,4576,9295,4929,1779"
4665,4665,"1290,7120,4929,10663,544,1244,5573,10326,4798,12497"
4672,4672,"1290,11298,7120,1244,2989,9101,11024,544,4576,10389"
4680,4680,"4277,3950,4798,10326,12857,217,6220,1328,350,13346"
4705,4705,"10326,4798,8562,3950,5495,12665,5303,5532,9942,6971"
4707,4707,"1912,12857,8562,8373,5996,544,8483,10326,4798,1290"
4711,4711,"5495,8562,12470,3950,5199,8413,544,6220,13112,10326"
4732,4732,"12665,3950,544,5461,5199,5495,10326,9101,1323,13346"
4734,4734,"1290,7120,6220,6971,4929,12665,9942,10663,89,9101"
4735,4735,"1290,7120,4929,10663,544,9101,10326,7637,9083,4798"
4749,4749,"544,6220,9942,2343,9693,1863,7707,9101,5545,12665"
4751,4751,"10326,6971,4798,13346,5303,9942,12665,8562,3950,544"
4762,4762,"6971,4798,3055,8562,2218,13346,5875,8922,10326,544"
4767,4767,"10326,4798,8562,544,1290,6220,8188,10429,1863,9101"
4771,4771,"10326,4798,8562,6220,5303,3950,544,13346,4277,9942"
4773,4773,"12665,10326,2218,8413,5495,6220,5303,6971,4798,3950"
4776,4776,"8562,12665,544,2989,10429,10326,4798,1290,9101,10802"
4783,4783,"9942,6220,3428,13306,6659,3950,8562,5545,2218,5184"
4788,4788,"12857,4798,10594,8562,10326,3950,8421,13346,544,2140"
4808,4808,"3950,4798,350,1328,13346,1978,3416,10326,4277,8562"
4810,4810,"3950,4798,13346,6971,10326,8562,6220,9942,5303,2218"
4818,4818,"4798,8562,13346,3950,217,10326,5303,717,4277,5642"
4823,4823,"544,3428,6220,8483,64,8562,2343,9693,3950,4798"
4829,4829,"8562,5545,3950,4798,544,6220,10326,9942,9693,13346"
4842,4842,"8562,6220,10326,4798,9942,544,13346,10916,7707,8421"
4859,4859,"6220,3950,5495,9942,64,12665,13346,4798,5199,2343"
4866,4866,"544,6220,1290,8590,7120,13296,8562,6971,1863,4798"
4881,4881,"10326,4798,4277,3950,13346,12857,6433,6220,6326,9942"
4908,4908,"1863,544,4798,10326,1290,9942,9101,12871,8562,7383"
4910,4910,"1290,1244,9101,4929,11298,544,2989,9962,12869,2916"
4922,4922,"10326,4798,6220,8562,12665,3950,217,4277,3428,12857"
4942,4942,"544,10326,11298,1290,4277,9101,6383,9962,6220,7120"
4976,4976,"10326,6220,12665,6971,11298,544,9942,5303,4798,4576"
4993,4993,"1290,544,8562,9101,1863,7707,7120,10326,10429,2989"
4995,4995,"10326,4798,4277,5303,10916,8421,13249,8562,544,350"
5020,5020,"7679,3464,11298,10326,544,1328,1290,4798,9101,9942"
5040,5040,"8562,12857,5303,3950,10326,2218,6220,12665,8413,6433"
5048,5048,"2140,4798,544,5303,10326,6433,1018,1290,9942,37"
5058,5058,"9693,2343,6795,5532,9532,12665,10326,4798,544,13346"
5067,5067,"4798,10326,4277,544,8562,10594,6220,350,217,1978"
5087,5087,"4798,8562,6220,3950,6971,5495,13346,10326,4277,544"
5090,5090,"89,12665,5875,13346,544,10326,4798,7024,1290,9942"
5102,5102,"2218,544,10326,4798,5495,1290,13090,9101,9942,5386"
5103,5103,"8562,4798,6220,6971,3950,5303,8413,12665,9942,10326"
5105,5105,"1863,1290,544,10429,10326,9101,4798,9942,8562,1487"
5108,5108,"3950,5495,4798,13346,12470,10326,6220,544,5303,2218"
5119,5119,"6220,544,4277,2218,7707,8562,5495,5676,8413,5303"
5120,5120,"11298,1290,2989,544,9730,11024,7120,9101,4576,1244"
5124,5124,"544,10326,4798,3421,1290,10437,9101,9942,8562,13193"
5132,5132,"8562,5495,2218,5303,10326,5199,8413,3950,4798,13346"
5138,5138,"11298,2989,12869,4576,10389,1779,544,11024,3222,9101"
5144,5144,"10326,4277,8562,2343,544,13346,6433,217,8421,6220"
5159,5159,"10326,4798,13346,6220,3950,8562,544,8421,10916,6433"
5167,5167,"3950,2218,6220,9942,8562,10326,714,6659,4798,12665"
5175,5175,"10326,4798,12857,4277,10916,2140,717,8421,275,1328"
5176,5176,"1290,7120,1244,11298,4929,2989,544,4576,9101,10663"
5185,5185,"3950,12665,6971,89,10326,2218,8562,4798,13346,9532"
5189,5189,"4798,3950,12665,6326,8562,10326,9455,6220,10916,6971"
5191,5191,"8562,9942,6220,10326,13306,13296,13346,3428,89,9101"
5206,5206,"9942,6220,5303,8562,6971,544,6659,10326,2218,7707"
5213,5213,"12665,6220,544,4798,8562,2343,10326,5303,4277,13346"
5224,5224,"4798,4277,8562,13346,6220,544,217,717,12857,13249"
5226,5226,"1290,11298,7120,9101,544,12665,6971,2989,1244,4576"
5241,5241,"1290,7120,4929,11298,10663,9962,3704,1244,789,2916"
5264,5264,"1290,11298,7120,9101,2989,544,1244,4576,11024,9730"
5268,5268,"5303,6971,4798,4277,10326,544,8562,2140,8421,8161"
5270,5270,"4798,8562,10326,6220,6971,12665,2218,5303,13346,8413"
5287,5287,"9942,11969,544,10326,12156,4798,9693,6626,9775,13346"
5314,5314,"6220,13296,8562,4798,10326,1290,544,9942,6971,5303"
5318,5318,"1290,7120,4929,10663,6243,544,10326,12497,4798,5573"
5326,5326,"6220,2218,8562,4798,7707,10326,1290,544,64,8981"
5336,5336,"8413,4277,3950,13346,4895,10950,10326,7087,4798,544"
5343,5343,"11298,1290,9962,1779,1244,789,9942,9730,5135,10607"
5347,5347,"9942,6220,8562,2343,3950,3428,9693,12665,544,2989"
5354,5354,"4798,8562,3950,5495,13346,10326,544,2140,9942,1290"
5356,5356,"10326,4798,3950,6971,6220,8562,13346,12665,10916,544"
5367,5367,"1290,7120,6220,89,8562,544,6971,9942,5545,4798"
5373,5373,"8562,3950,6220,5303,8413,1746,4798,13346,12665,10326"
5385,5385,"6220,544,4277,8590,6659,10326,350,7707,8562,5495"
5458,5458,"9942,6220,3428,13306,3950,810,13110,8562,4798,544"
5463,5463,"4798,10326,8562,6220,5303,4277,6971,544,9942,2140"
5471,5471,"11298,1290,1779,7679,11024,1244,2989,9101,12869,7120"
5476,5476,"1290,4798,6220,10326,275,12665,7120,13346,544,5303"
5484,5484,"3950,8562,13346,4798,12665,2218,8413,10326,6971,544"
5508,5508,"1290,11298,7120,9101,1244,4576,2989,12869,9962,11024"
5513,5513,"6220,9942,8413,8562,2218,5303,12665,5545,544,3950"
5520,5520,"10326,4277,544,8562,717,4798,5303,217,12857,6433"
5524,5524,"13346,8562,6971,6220,9942,3950,7707,1889,13306,3428"
5539,5539,"5495,8413,9942,6220,5303,4798,12470,8188,8562,8483"
5554,5554,"10326,9340,4798,544,1290,9101,1180,8562,4277,9942"
5564,5564,"4798,10326,5303,4277,8562,12857,544,2140,3950,8421"
5595,5595,"10326,5495,4798,8562,5303,13346,9942,2140,8413,6220"
5601,5601,"10326,275,5303,4798,6971,2140,8562,544,8590,1290"
5602,5602,"10326,8562,4798,5303,12857,3950,6971,2218,2140,6220"
5618,5618,"1290,7120,11298,12869,9730,1244,10663,2989,11024,9101"
5643,5643,"13408,5199,6220,8922,544,9693,10326,6971,4798,1290"
5644,5644,"4798,5495,10326,9942,544,5199,13346,2905,5532,2343"
5651,5651,"8562,6220,4798,2218,10326,3950,5303,13346,4277,12857"
5655,5655,"5495,8562,8413,12668,5199,13346,10326,544,3950,5676"
5658,5658,"10326,4798,8562,8421,12857,10916,10594,13346,6971,13249"
5660,5660,"10326,6659,13110,2218,1323,11969,544,6220,2140,350"
5662,5662,"6220,3950,5545,12665,89,9942,2218,3428,13110,5303"
5670,5670,"4798,10326,3950,12857,8562,5303,6326,4277,13346,13249"
5676,5676,"1290,11298,7120,1244,9295,11024,12869,1779,10607,4036"
5680,5680,"6220,4798,13346,12665,8562,9942,3950,3870,10326,5545"
5698,5698,"6220,10326,9101,544,2343,9942,9693,11298,12665,4576"
5710,5710,"5495,10326,5532,3950,2343,6971,5199,4798,544,8590"
5723,5723,"11298,2989,1290,11024,4576,1244,9101,4545,7679,11918"
5742,5742,"9693,2343,5532,544,10835,6795,5199,10326,6834,12665"
5748,5748,"6220,4798,8562,12665,3428,13346,9942,10326,2140,13110"
5750,5750,"544,8562,6220,5495,8413,6971,5303,2218,10326,4798"
5787,5787,"3950,9942,10326,4798,2343,13346,6220,9693,5532,5199"
5798,5798,"2343,4798,13346,10326,5303,3950,6971,9693,2140,12665"
5799,5799,"9306,544,4798,10326,5946,1290,9101,2291,9942,8562"
5815,5815,"1290,11298,2343,9693,9101,7120,9962,544,1244,12869"
5822,5822,"10326,5303,2218,3950,6971,4798,2140,12665,5199,544"
5834,5834,"12665,8562,5495,3950,4798,6220,5303,10326,3055,6971"
5846,5846,"4798,10326,544,13346,3950,5303,2218,4277,6971,12857"
5858,5858,"4798,3950,8562,5495,2140,10326,2905,5303,544,8413"
5882,5882,"4798,10326,544,5303,2218,4277,8562,11969,217,13249"
5892,5892,"13346,8562,4798,6971,10326,2218,5303,12857,12665,6326"
5897,5897,"3950,8413,8562,6220,5303,10326,8421,6326,4798,13346"
5898,5898,"3950,8562,10326,4798,6220,8413,12665,9942,2218,11540"
5902,5902,"8413,544,10326,1847,4798,9358,1290,9796,12130,9101"
5919,5919,"1290,7120,10326,12869,544,4277,1244,8562,6220,9101"
5934,5934,"544,6220,10326,2343,4798,11524,1290,9101,9693,8483"
5946,5946,"1290,7120,6971,4929,9295,12869,9101,544,10326,4798"
5965,5965,"2343,5199,9693,5532,8408,1290,544,13346,4798,10326"
5995,5995,"6220,10326,3950,4277,3428,13346,4798,9942,2343,544"
6005,6005,"544,1290,9101,11298,6220,2989,12655,6971,4576,1244"
6006,6006,"6220,9942,3950,8562,5495,13346,89,12665,5545,4413"
6013,6013,"10326,8562,4798,6220,4277,3950,9942,6433,13346,217"
6016,6016,"3950,13346,10326,5495,2218,8562,4798,5199,6220,5303"
6023,6023,"7120,1244,9101,544,4576,11298,10663,2989,6971,10326"
6052,6052,"3950,5495,10326,4798,6971,8562,13346,12665,3428,9942"
6056,6056,"544,6971,5495,10326,12665,13346,2343,4798,5199,6220"
6059,6059,"4798,10326,5495,6220,5303,3950,6971,12857,12665,544"
6064,6064,"8562,10326,4798,3950,5199,13346,2343,9942,5532,5303"
6091,6091,"3950,2218,6971,6220,5199,9942,3055,12665,8562,5532"
6112,6112,"7120,11298,2989,1244,10663,3464,12869,4576,9101,11024"
6133,6133,"6220,5303,9942,9693,5532,3950,2343,2140,10326,5199"
6150,6150,"4798,5610,10326,544,1290,9101,9942,8562,4843,5495"
6155,6155,"10326,4798,8562,5303,12857,9942,3950,2140,10916,544"
6157,6157,"10326,4798,5303,12857,8562,8421,10916,3950,2140,4277"
6212,6212,"6220,8562,4277,9942,13306,3428,544,4798,5495,6442"
6218,6218,"10326,3950,4277,13346,8562,5303,4798,6220,10916,8421"
6242,6242,"6220,4798,10326,6971,9942,13296,8562,8590,13110,5545"
6243,6243,"10326,4798,544,8562,5303,5495,4277,275,3950,2343"
6260,6260,"4798,10326,810,8421,8562,1290,544,8161,6220,12857"
6262,6262,"10326,2140,4798,6220,544,9942,275,13346,8562,1290"
6278,6278,"2218,6971,5303,544,275,5495,6220,10326,2140,4798"
6280,6280,"6220,3950,4798,8562,5303,13346,8483,13249,6326,9942"
6287,6287,"8562,4798,6971,10326,2140,544,1290,12665,5303,9519"
6305,6305,"10326,4277,717,5303,4798,544,9942,217,8562,8421"
6320,6320,"1290,6220,7120,6971,2343,9942,5303,10326,9693,4798"
6339,6339,"2343,4798,8562,13346,8413,6220,9942,9693,3950,12665"
6360,6360,"544,4798,6220,5303,3950,8562,2218,275,3428,9693"
6370,6370,"8562,10326,3950,6220,4798,13346,4277,2218,8413,3428"
6376,6376,"10326,4798,4277,6220,8562,5303,13346,3950,275,9942"
6378,6378,"1244,7120,11298,2989,9101,9295,11024,544,4576,12869"
6379,6379,"8562,10326,6971,4798,6220,544,3950,5303,2218,13346"
6398,6398,"544,2343,1290,1244,6795,9101,2903,2537,6834,12655"
6422,6422,"8413,8562,13346,9942,4798,6220,544,3428,10326,4413"
6424,6424,"3950,4798,2218,13346,12857,11561,9942,10326,11784,544"
6436,6436,"544,10326,4798,1290,8562,9101,2770,9942,12665,5495"
6454,6454,"9693,544,2343,6795,9101,5532,11298,10326,9942,12665"
6464,6464,"4798,10326,8421,5303,8483,13346,4277,2343,2158,544"
6479,6479,"3950,4798,13346,8483,2218,10326,8562,544,9942,3565"
6485,6485,"1863,544,8703,1290,10326,7637,8562,4798,8981,9101"
6488,6488,"9942,6220,3950,5545,12665,8562,3428,4798,4413,13110"
6490,6490,"9942,13110,8562,4823,544,10326,4654,4798,3870,3147"
6498,6498,"10326,8562,6220,9942,3950,3428,4277,217,5545,5303"
6533,6533,"1290,9101,11298,2989,544,12665,12869,7120,4798,10326"
6577,6577,"10326,9942,3950,4798,6220,4277,2218,13346,217,3428"
6579,6579,"10326,4798,4277,12857,544,5303,8421,350,10594,717"
6583,6583,"6220,10326,3950,8562,3428,6971,13346,544,9942,4798"
6597,6597,"8562,9942,10326,2343,9693,6220,13346,544,5303,4798"
6599,6599,"1290,6220,6971,2218,12665,8590,13408,13296,4798,9942"
6607,6607,"9942,6220,8562,3950,5303,3428,8483,13346,8413,4798"
6613,6613,"8562,3950,6220,13346,12665,3428,10326,5545,8681,2218"
6622,6622,"1290,7120,9295,11298,8590,89,4929,9101,5199,9730"
6637,6637,"6220,2218,2343,6971,9532,8562,12665,3950,9693,13346"
6644,6644,"10326,4798,4277,8562,6220,5303,3950,13346,717,2218"
6651,6651,"1290,11298,9101,2989,7120,1244,4576,544,12869,11024"
6674,6674,"10326,3950,12665,8562,13346,3428,5495,9942,4798,2343"
6683,6683,"2343,9693,10326,13346,5199,5532,4798,12665,5303,3950"
6686,6686,"1290,9101,7120,544,1863,11298,10326,9942,6697,4798"
6707,6707,"544,2343,8562,6220,5303,10326,5495,13346,3950,12665"
6724,6724,"6220,1863,10429,544,1244,10326,4798,5875,1290,7024"
6729,6729,"10326,8562,6220,3950,4798,9942,6971,5303,275,12665"
6739,6739,"3950,8562,12665,9942,8333,6220,544,10326,4798,438"
6756,6756,"3950,5303,10326,8562,4798,6220,275,2140,2218,13346"
6764,6764,"6659,50,8562,5303,5545,9602,6220,544,10326,1328"
6768,6768,"6220,9942,8562,10326,3428,6971,6659,12665,5545,275"
6787,6787,"12665,2218,8562,3950,3055,6971,4798,13346,10326,6220"
6808,6808,"1290,1244,11298,7120,544,2989,4576,11024,12869,4664"
6811,6811,"544,10326,8483,4798,4277,350,12665,13110,275,6220"
6812,6812,"8562,4798,3950,10326,12665,9942,3428,13346,5545,7707"
6831,6831,"6220,9942,10326,544,5303,6971,2218,8562,4798,12665"
6833,6833,"2343,6220,12665,9693,8562,544,10326,4798,9942,13191"
6840,6840,"4798,5303,2140,10326,6270,544,1290,8562,12665,9101"
6842,6842,"1290,7120,1244,11298,9962,4929,10607,12869,789,9101"
6855,6855,"1290,11298,9101,7120,1244,4576,2989,544,12869,9730"
6869,6869,"10326,4798,5303,8562,4277,12857,6971,3950,8421,13346"
6874,6874,"6220,6971,1290,544,4798,12665,7120,10326,9942,1747"
6879,6879,"544,2343,5199,5532,6971,9693,9942,6220,2903,2218"
6885,6885,"13346,3950,5676,4798,10326,544,1290,36,3428,8562"
6886,6886,"6220,13346,9942,2343,12665,4798,3950,9693,5545,4277"
6902,6902,"10326,4798,4277,8562,544,6971,13346,3950,6433,2140"
6908,6908,"1290,11298,7120,2989,9101,1244,12869,544,7679,4664"
6911,6911,"3950,6659,9942,10326,11484,6220,50,3428,544,8562"
6912,6912,"3950,12665,6220,9942,6971,810,8562,544,13346,5545"
6919,6919,"1290,544,7120,11298,2989,1244,9101,4576,11024,12869"
6926,6926,"5532,544,9942,10326,4798,6220,1290,7673,9101,3950"
6934,6934,"8562,10326,3950,217,13346,8421,8483,4798,544,1328"
6935,6935,"10326,4798,544,8562,4277,6220,12665,13346,3950,8483"
6939,6939,"6220,4798,5303,8413,10326,9942,6971,1290,8562,12665"
7000,7000,"6220,9942,544,2343,3950,9693,5303,8562,89,12665"
7003,7003,"8562,3950,10326,2343,6220,5495,12665,9942,8590,4798"
7005,7005,"10326,4798,544,217,3428,6433,3950,8562,717,6220"
7042,7042,"10326,4798,12665,8562,5303,3950,13346,8421,6971,2140"
7045,7045,"4798,10326,8562,6971,544,2140,13346,3950,652,6220"
7047,7047,"10429,544,10326,4798,8703,1290,9942,9101,8562,5976"
7053,7053,"6220,544,8562,7707,10326,4798,9942,12665,8188,10429"
7063,7063,"10326,3950,13346,13249,717,4277,1328,8483,4798,12857"
7067,7067,"2343,2218,3950,9693,13346,544,4277,717,217,2537"
7071,7071,"10326,4277,4798,13346,12857,3950,717,6220,6433,6326"
7078,7078,"8562,6220,3950,2218,9942,3428,5495,13346,2140,12470"
7109,7109,"10326,8562,6326,1355,6659,6433,6220,4798,13346,12857"
7118,7118,"4798,10326,12857,6433,10594,5303,6270,8562,4277,8421"
7129,7129,"1290,7120,11298,1244,9101,2989,4576,4664,9730,11024"
7133,7133,"10326,4798,217,3416,350,609,8483,5495,652,544"
7139,7139,"6971,769,8590,1290,544,9295,1355,10464,9101,10326"
7142,7142,"3950,12665,6220,4798,4277,10326,5303,8562,544,2218"
7146,7146,"2343,4798,5303,9693,10326,6971,12665,5532,5199,544"
7172,7172,"10326,4798,4277,8562,217,8421,717,350,10916,12857"
7181,7181,"5495,64,89,12665,6971,13346,2343,10326,3950,544"
7195,7195,"4798,10326,8562,4277,6971,544,13346,12857,6220,717"
7197,7197,"4798,8562,3428,10326,9942,5303,217,3950,13346,2218"
7203,7203,"1290,7120,11298,1244,2989,9101,4929,10663,12869,4576"
7223,7223,"8562,3950,4798,6220,12857,10326,5303,6971,2218,12665"
7235,7235,"1290,12869,544,7120,6971,11298,9101,11024,2989,4576"
7236,7236,"544,10326,7120,12665,4277,4798,6971,5303,1244,9101"
7237,7237,"1290,7120,1244,4929,544,10326,4798,9101,11298,9942"
7255,7255,"1290,7120,6971,8590,544,4929,9295,4798,10663,1244"
7297,7297,"6220,12665,8562,10326,4798,6971,9693,2140,9942,3950"
7320,7320,"3950,8413,4798,10326,2218,6971,5495,8562,544,5303"
7323,7323,"12665,2343,13346,6220,3950,64,9693,9942,275,5495"
7326,7326,"2218,10326,4798,5303,8483,8590,2140,12404,5495,13346"
7343,7343,"10326,4798,4277,6433,8562,350,717,8421,217,5303"
7363,7363,"6220,13346,2218,8562,6971,3950,9942,89,13296,10326"
7364,7364,"6971,2218,13346,4798,10326,3950,5303,12665,3055,9942"
7366,7366,"6220,9942,3950,3428,4277,544,3799,13346,10326,8562"
7372,7372,"8413,13346,4798,3055,5303,6302,5495,2218,8562,3950"
7399,7399,"544,7707,9942,10429,1863,6220,9693,10326,4798,8562"
7402,7402,"2218,12665,6220,5303,8562,8413,5495,3950,4798,6971"
7406,7406,"8562,10326,2140,4798,544,9942,3950,6971,4413,1290"
7421,7421,"544,9942,4798,10326,6971,8562,3950,2343,12665,2218"
7425,7425,"1290,7120,6220,544,10326,9101,8562,1244,4798,9942"
7431,7431,"4798,10326,12857,6971,10916,8562,8421,4277,13346,8161"
7447,7447,"4798,10326,8421,8562,6326,3950,6971,8205,544,12665"
7451,7451,"8562,6220,7707,13296,544,1863,5545,4798,10429,10326"
7453,7453,"7120,4929,1244,9962,789,5135,10663,544,11298,10326"
7456,7456,"1290,544,9962,789,2989,7120,9101,10326,12665,275"
7484,7484,"1290,7120,11298,4929,6971,1244,9730,10663,9295,544"
7486,7486,"5495,4798,3950,2218,5303,10326,8413,8562,6971,6220"
7505,7505,"1290,7120,11298,1244,9101,2989,544,7679,4929,4576"
7529,7529,"8562,4798,13346,10326,2140,4277,10916,12857,544,8421"
7532,7532,"11298,2989,11024,8978,1244,9101,544,4576,7679,12869"
7548,7548,"6220,10326,13346,8562,12665,4798,3950,9942,6971,5303"
7550,7550,"3950,8562,9404,6220,1978,10326,4798,217,1323,4277"
7557,7557,"10326,4277,4798,8421,12857,217,10594,717,350,544"
7574,7574,"1290,7120,11298,4929,9962,1244,10663,789,5135,2989"
7586,7586,"544,9942,1863,8562,10326,7637,6220,8703,4798,1290"
7592,7592,"544,10326,4798,12204,1290,9101,9942,8562,516,3960"
7594,7594,"8413,3950,12857,8562,9942,13346,4798,4413,2218,6220"
7600,7600,"2343,10326,9693,8562,13346,4277,5495,9942,4798,544"
7601,7601,"10326,4798,13346,5303,8562,6971,4277,12857,2140,10916"
7642,7642,"10326,544,4798,1290,6220,9942,5303,12869,4277,7120"
7647,7647,"8413,5303,8562,544,2140,6971,1862,4413,10326,7063"
7650,7650,"8562,8413,6220,544,3950,2218,5303,4798,12665,10326"
7660,7660,"1290,11298,9101,12869,544,2989,4576,7120,1244,9730"
7682,7682,"4798,10326,6220,8562,6971,3950,4277,13346,12665,2218"
7712,7712,"6220,10326,544,3428,5303,3950,4798,8562,12665,2218"
7728,7728,"8562,3950,4798,10594,11000,10916,12857,4277,10326,544"
7763,7763,"8562,6220,4798,10326,13346,3428,12665,6659,5545,5303"
7764,7764,"10326,544,6971,6220,2218,13346,9942,3950,4277,4798"
7765,7765,"2989,11298,11024,1290,4576,9730,9101,8978,4890,3704"
7768,7768,"6659,9942,4798,8562,6220,8413,3950,5184,4413,931"
7776,7776,"1290,7120,9962,789,5135,9101,11298,544,1244,10326"
7834,7834,"10326,4798,544,3968,8421,1290,1390,9101,7044,13014"
7850,7850,"4277,4798,544,8421,2140,10594,217,12857,8562,275"
7860,7860,"1290,7120,11298,2989,1244,9101,544,4576,4929,7679"
7879,7879,"4798,6971,10326,5303,2140,1290,8562,8421,544,5495"
7892,7892,"544,1290,9101,11298,9693,2343,7120,10326,4277,1244"
7895,7895,"6220,4798,8562,5303,5495,10326,13346,8413,3950,2140"
7901,7901,"4798,6220,10326,3950,4277,8562,544,5303,12857,10916"
7922,7922,"12665,6220,544,4277,4798,3950,13346,6971,8562,9942"
7927,7927,"10326,8562,4798,11969,5303,6220,544,6971,2140,5495"
7931,7931,"9693,2343,13346,544,5303,4798,275,10326,6971,6220"
7938,7938,"12470,3950,9942,6220,13306,3428,13346,8562,10326,5199"
7942,7942,"4277,8562,544,10326,3950,6220,217,350,10916,6433"
7964,7964,"3950,1323,2218,8413,9942,5495,4602,12665,544,10326"
7982,7982,"5495,3950,2343,64,12665,5199,2903,13346,8562,89"
7988,7988,"1290,7120,4929,6971,544,4798,1244,10326,8302,9101"
7992,7992,"4798,8562,10326,13346,6220,4277,5303,12857,10916,6326"
8005,8005,"2218,6971,2343,5303,5532,4798,5199,12665,10326,544"
8019,8019,"3464,6248,1290,11298,544,7679,7120,2710,9101,10326"
8026,8026,"4798,13346,6220,8562,3950,10326,12665,9942,2218,6326"
8028,8028,"2343,9693,544,5532,9404,6795,13346,6220,5199,10326"
8085,8085,"13346,50,9942,544,10326,6626,4798,12378,12665,1290"
8103,8103,"89,12665,6971,4602,13346,9942,544,10326,3055,8235"
8108,8108,"3950,6220,10326,8562,4277,9072,3428,217,10594,1328"
8137,8137,"2343,6971,12665,9693,9942,544,3950,5303,89,13346"
8138,8138,"10326,8562,13346,4277,5303,6433,12857,217,3950,6326"
8139,8139,"4798,10326,5303,6971,8562,2218,3950,4277,6220,8421"
8148,8148,"9942,4798,10326,6220,8562,13346,12665,3950,6971,2218"
8150,8150,"10326,4798,8562,275,6220,3950,12665,13346,5303,2140"
8160,8160,"1290,544,7120,2989,9101,11298,12869,4576,11024,6971"
8175,8175,"12665,1328,11639,5495,12470,4277,544,9101,8483,10326"
8191,8191,"1290,7120,2989,12869,9101,9730,4929,6591,1244,11298"
8198,8198,"4798,6220,10326,6971,9942,8483,544,2218,4277,8562"
8202,8202,"11298,9101,4576,1290,11024,2989,1244,7605,12995,8978"
8233,8233,"4798,10326,6971,12665,13346,3950,2343,5303,89,8483"
8251,8251,"4798,6971,13346,12136,544,5126,10326,9942,5100,5999"
8252,8252,"10326,4798,4277,8562,12857,3950,717,6433,8421,217"
8265,8265,"544,10326,6220,4798,8562,5303,6971,2218,275,12665"
8267,8267,"10326,4798,8562,8421,5303,10916,12857,6433,13346,717"
8268,8268,"8562,13346,12665,6326,10326,12857,9942,4798,5303,717"
8294,8294,"2343,544,9693,6971,6795,2140,5532,10326,6220,5303"
8299,8299,"1290,7120,9962,1244,11298,789,9101,12869,544,4929"
8302,8302,"10326,4798,5303,2218,4277,2140,12857,9072,8421,8562"
8303,8303,"1290,4929,1244,9101,11298,789,544,2989,6971,9295"
8323,8323,"6971,2343,10326,9693,4798,8590,6220,8562,13346,5199"
8327,8327,"6971,2218,6220,3950,5303,12665,4798,89,9942,5545"
8331,8331,"3950,6659,6220,9942,2218,4798,5303,3055,3428,8562"
8332,8332,"1290,11298,9101,7120,1244,4576,11024,2989,9730,4664"
8334,8334,"6220,3950,8562,4798,5495,2218,12665,11572,5545,9942"
8337,8337,"1290,7120,544,11298,1244,2989,9295,10326,4576,12995"
8341,8341,"13346,3950,8562,6326,4798,10326,9942,544,5495,2905"
8361,8361,"10326,6971,4798,9942,8562,5303,13296,1290,6220,544"
8369,8369,"9404,3950,2218,9072,6971,2411,6220,12665,10326,4277"
8378,8378,"6971,10326,5303,8421,13346,8161,544,13249,4798,8562"
8407,8407,"11298,7679,2989,11024,3464,4576,8978,10389,12655,1290"
8419,8419,"1290,1244,544,7120,11298,9101,4576,2989,4664,11024"
8424,8424,"5303,544,8562,10326,6971,13296,1290,4798,8590,2218"
8425,8425,"4277,8562,6220,5303,10326,2218,4798,13346,2140,13249"
8438,8438,"1290,7120,4929,5135,3697,10663,9962,11298,1244,544"
8447,8447,"10326,4798,4277,12857,8562,5303,10916,217,8421,6971"
8458,8458,"12869,9962,11298,544,10326,1290,2989,7063,4798,1240"
8463,8463,"10326,4798,6220,8562,544,5303,6971,2218,4277,9942"
8471,8471,"4798,6971,12665,3950,10326,8562,13346,5303,2218,2140"
8472,8472,"1290,7120,9101,11298,7679,1244,544,12869,4576,11024"
8477,8477,"6971,5303,4798,10326,8562,544,6220,2343,5199,9693"
8478,8478,"2343,9693,544,12665,6971,5495,6220,2218,5303,5199"
8483,8483,"1290,11298,7120,89,9295,789,544,2989,1244,9101"
8496,8496,"10326,6971,1290,3950,8562,5303,544,13346,8205,8590"
8497,8497,"8562,10326,3950,13346,6220,4798,12857,217,3428,717"
8501,8501,"10326,4798,13346,8562,8413,3950,6220,544,9942,5999"
8506,8506,"3950,9942,6220,13346,10326,4798,2218,3428,8562,13306"
8520,8520,"10326,4798,8562,12857,6971,4277,3950,5303,544,6220"
8524,8524,"544,12665,6220,10326,4277,4576,11298,11024,11969,9101"
8531,8531,"4798,8562,8413,13346,3950,10326,50,6326,275,2140"
8556,8556,"10326,544,8562,4277,4798,6220,5303,350,717,8483"
8579,8579,"11298,9730,4576,9101,2989,11024,1290,1244,10389,7679"
8585,8585,"6220,544,2218,10326,5495,9693,3950,7707,13296,12470"
8591,8591,"10326,6220,12665,3428,4798,9942,13346,5303,6659,11969"
8592,8592,"1290,7120,4929,10663,6971,9101,544,1244,2916,2989"
8596,8596,"3950,9942,6220,8562,4798,13346,3428,2218,1978,8413"
8598,8598,"10326,3950,6220,5303,544,9942,3428,8562,13346,4798"
8608,8608,"1290,7120,10663,9101,1244,6971,11298,12497,544,6243"
8610,8610,"1290,7120,1244,11298,4929,9101,9962,12869,10663,544"
8617,8617,"1290,7120,11298,1244,9295,2989,4929,11024,4664,1779"
8621,8621,"2218,5303,5495,5199,4798,6971,8562,10326,8413,544"
8629,8629,"544,9093,3420,10326,11013,4798,8068,1290,6708,9101"
8649,8649,"12665,5495,5532,544,10326,4798,1290,9101,9942,8562"
8652,8652,"7120,4929,1244,11298,2916,9101,9962,544,789,5135"
8714,8714,"2989,1290,6220,7120,8590,9101,9942,11298,11660,13296"
8718,8718,"9942,89,3950,12665,13346,5875,64,544,10326,8235"
8733,8733,"1290,9101,11298,12655,544,4576,1244,7679,2989,7120"
8734,8734,"6220,3428,3950,13306,12665,5545,13110,544,4413,89"
8754,8754,"8562,5495,544,2218,5303,217,3950,6220,10326,12665"
8771,8771,"8413,8562,6220,4798,2218,8205,10326,9942,6971,2140"
8791,8791,"544,10326,4798,6220,2343,13346,4277,8562,6971,9693"
8794,8794,"8562,4798,6220,3950,10326,810,13346,5303,3428,544"
8797,8797,"350,9453,10326,8822,8562,544,5676,4798,1290,9101"
8804,8804,"10326,4798,13346,6220,8562,3950,4277,13249,12857,13296"
8809,8809,"10326,6971,12857,13346,275,4798,4277,5303,2140,50"
8823,8823,"1290,7120,11298,4929,11024,4576,9101,2989,10663,4664"
8833,8833,"10326,8562,10916,4277,9404,3950,12665,13346,8421,12857"
8835,8835,"1290,7120,9693,2343,11298,1244,12869,4929,9295,9101"
8840,8840,"4798,6971,2140,8413,8562,5303,544,10326,9942,3950"
8842,8842,"8413,1290,544,10326,4798,5495,9101,9942,8562,4181"
8860,8860,"544,1290,6220,11298,11024,12665,4576,12869,2989,9942"
8866,8866,"10326,4798,4277,8562,8421,13346,544,717,2343,9942"
8877,8877,"8562,4798,544,10326,13346,1102,6515,1290,9101,13230"
8887,8887,"8562,8413,9190,5532,5731,544,10326,4798,3950,9942"
8895,8895,"10326,544,350,4798,11739,1290,2770,5789,9101,8562"
8907,8907,"1290,7120,1244,11298,9101,9962,789,4929,9295,5135"
8921,8921,"4277,350,4798,10326,6433,5303,8161,2140,8562,717"
8928,8928,"11298,1290,3464,7679,9101,11024,7120,11554,12869,7669"
8936,8936,"10594,13408,217,2218,12857,544,4685,10326,4798,3013"
8965,8965,"2343,9693,10326,4798,544,9942,6220,6971,13346,5303"
8971,8971,"2343,9693,12665,6220,6795,5532,9942,8562,544,10326"
9000,9000,"1290,544,7120,11298,9101,1244,4576,2989,11024,7679"
9023,9023,"12665,4277,544,3950,2343,6220,2218,10077,9693,9942"
9025,9025,"1290,6971,10326,12665,5303,275,8590,7120,89,4798"
9031,9031,"3950,6971,10326,4798,13346,9942,8562,2903,8413,544"
9045,9045,"4798,10326,1290,6220,4277,5303,2218,9942,6659,7120"
9053,9053,"6220,12665,8562,3950,6971,13346,3055,10326,7707,2218"
9054,9054,"9942,6220,3950,3428,12665,13346,4798,8483,8413,2218"
9060,9060,"8562,10326,6220,5303,4798,544,3950,2218,13346,6971"
9063,9063,"8562,8413,3950,9942,6220,13346,4413,2585,2218,11540"
9071,9071,"6220,8562,9942,3950,3428,12665,2218,8681,13346,13110"
9078,9078,"2343,544,9693,4798,9101,5532,10326,13346,2537,6795"
9101,9101,"4798,8562,10326,6220,13346,3950,9942,544,4277,3428"
9108,9108,"6220,3950,5303,9942,3428,2140,544,4798,5495,6270"
9110,9110,"10326,4798,12665,8562,2218,12857,4277,6433,5303,1328"
9114,9114,"11298,2989,6220,544,1290,5495,9101,4576,12665,7342"
9144,9144,"1290,11298,1244,7120,544,9101,11024,4576,10326,6220"
9172,9172,"1290,6220,7120,544,9101,4798,1863,10326,9942,9083"
9185,9185,"6220,544,8562,7707,1863,5495,10429,1290,10326,9942"
9190,9190,"4798,3950,10326,8562,6220,5303,12857,6971,5642,2140"
9193,9193,"3950,10326,6220,8562,4798,12857,13346,2218,2140,13249"
9198,9198,"4277,10326,5303,4798,2140,9340,7138,544,4908,1290"
9200,9200,"1290,7120,544,10326,6971,6220,1244,9942,4798,2218"
9201,9201,"1290,7679,7120,11298,12995,4576,3464,2989,544,1244"
9204,9204,"544,10326,4798,5303,6971,2343,13346,3950,5495,8562"
9215,9215,"1290,7120,4798,4929,2140,6971,10326,10663,1747,544"
9222,9222,"1290,7120,12869,9730,9101,11298,1244,4576,544,4664"
9233,9233,"4798,4277,5303,12665,544,13346,8562,1328,3950,350"
9235,9235,"1290,9101,7120,544,1244,4576,11024,6220,2989,10326"
9245,9245,"1290,7120,789,1244,9101,544,12869,11298,4929,9942"
9275,9275,"12665,89,1290,544,5875,10326,8562,7024,4798,8235"
9308,9308,"544,9942,6220,8562,3428,3950,2218,5545,7707,13296"
9323,9323,"4277,2218,544,717,217,8421,10326,4798,9340,8483"
9329,9329,"10326,8562,3950,12665,13346,6220,5303,5495,12857,6326"
9355,9355,"8562,4798,3950,6220,2218,8413,6971,10326,5303,5545"
9369,9369,"4798,10326,5303,12857,2140,6433,13346,13249,4277,2218"
9386,9386,"8188,11484,5495,6220,8562,544,12226,10326,3269,4798"
9388,9388,"4798,544,6220,5303,12665,6971,9942,7707,13346,3950"
9401,9401,"1290,7120,11298,1244,9962,4929,9730,4664,10607,5135"
9418,9418,"6220,10326,9942,3950,2218,4798,544,2140,12665,5545"
9433,9433,"4798,13346,8562,10326,4277,3950,217,8483,8421,9404"
9440,9440,"10326,544,4277,217,8562,4798,6220,8421,350,717"
9446,9446,"3950,13346,2218,10326,13306,8562,9942,3428,4277,4798"
9464,9464,"5495,12470,5676,544,8188,7707,2218,8413,8562,2585"
9477,9477,"8562,4798,5303,275,5495,6220,3950,10326,12665,544"
9488,9488,"1290,7120,11298,4576,6971,1244,9101,544,12869,11024"
9500,9500,"10326,4798,4277,13346,717,10916,12857,350,8562,8421"
9502,9502,"4798,8562,3950,3428,13346,544,10326,810,2218,4277"
9507,9507,"2343,9693,2903,544,5199,6795,3055,10326,4798,12665"
9528,9528,"7120,11298,2989,4929,9101,7679,4576,12655,12869,10663"
9539,9539,"4798,10326,2218,6220,8562,4277,12857,544,3950,13346"
9566,9566,"544,10326,9693,9101,2343,4798,6971,11298,5303,1244"
9575,9575,"4798,10326,13346,12857,8483,8562,2218,11000,9340,5495"
9583,9583,"4798,5495,13346,10326,3950,5303,9942,6220,12470,4277"
9589,9589,"10326,4798,13346,3950,4277,6971,8562,544,6220,275"
9591,9591,"10326,4798,6971,3950,5303,8562,12857,2218,10916,2140"
9617,9617,"5495,4798,10326,544,11384,8562,1290,9101,9942,1286"
9620,9620,"8562,6220,13346,9942,12665,3950,10326,2343,5495,4798"
9622,9622,"5495,2905,10326,3950,4798,544,5109,4277,1290,9942"
9631,9631,"12869,1290,9101,3222,4576,11918,11298,12995,544,7605"
9655,9655,"8562,3950,8413,1042,8822,544,10326,3149,4798,11910"
9658,9658,"10326,4798,544,2343,5495,6220,2140,5303,9101,9693"
9660,9660,"1290,7120,9101,9730,11298,4929,4576,2989,1244,9295"
9669,9669,"1290,7120,4929,789,9962,5135,10663,544,10326,4798"
9672,9672,"4798,5303,13346,3950,10326,12857,4277,10916,12793,6326"
9684,9684,"544,10326,4798,1290,9101,8562,9942,6952,12665,11298"
9702,9702,"1290,7120,1244,4929,11298,9962,789,10663,9101,5135"
9705,9705,"1290,7120,10326,8562,6971,12857,4798,6220,5303,2218"
9722,9722,"1290,1244,12869,11298,7120,544,12665,4576,9101,8978"
9732,9732,"1290,11298,1244,7120,9101,9730,7679,4576,4664,11024"
9781,9781,"12655,4576,11298,2874,7679,3238,9101,2989,844,1224"
9803,9803,"5495,5303,544,2218,5532,6971,2343,12665,10835,2903"
9809,9809,"10326,8562,3950,2218,64,5495,2343,1328,6795,5532"
9814,9814,"10326,4277,12857,6971,8562,2140,8421,5303,10916,3950"
9818,9818,"2218,6971,6220,5303,3950,5532,2343,5199,4798,5495"
9820,9820,"9693,4798,3950,6220,2905,5532,544,10326,5495,2343"
9848,9848,"10326,4277,544,4798,5303,2140,1323,4694,350,5495"
9856,9856,"4798,10326,8562,3950,6971,5303,544,4277,12665,9942"
9869,9869,"6220,12665,5303,6971,4798,3950,10326,544,8235,9942"
9889,9889,"10326,2218,5303,6971,8413,2140,4798,6220,12665,8562"
9923,9923,"4798,10326,4277,8562,8483,5303,3950,350,6971,10916"
9929,9929,"8562,3950,13346,12665,4798,10326,3055,544,9942,1290"
9961,9961,"1290,7120,12665,11298,89,1244,11024,4929,544,9101"
9969,9969,"4798,10326,6971,2218,4277,5303,1290,544,217,8421"
9974,9974,"1290,7120,89,9101,2343,11298,6591,9730,12665,4576"
9976,9976,"1244,12869,11298,3222,1290,1862,11918,11024,12995,544"
9989,9989,"6220,9942,8562,3950,5495,4798,12470,5303,10326,6971"
9993,9993,"12665,8562,6971,4798,5303,2343,5545,3950,9942,10326"
10002,10002,"10326,6659,544,4798,2989,1290,9101,275,5303,8562"
10011,10011,"1290,11298,7120,9730,7679,2989,11024,1244,4576,4664"
10016,10016,"10326,4798,6220,8562,5303,9942,544,3950,6971,2218"
10028,10028,"9942,3428,6220,5545,544,10326,4798,1290,11800,9101"
10029,10029,"9942,13346,6220,10326,5495,2218,3950,3428,13249,8562"
10033,10033,"12665,5303,3950,3055,2218,1220,8922,8413,1230,1286"
10042,10042,"10326,6971,5303,12857,3950,4798,8562,10594,6220,2140"
10046,10046,"4798,10326,8562,3950,4277,13346,12857,10916,217,13249"
10061,10061,"4798,4277,8562,6220,544,3950,10594,8421,12857,717"
10071,10071,"6220,4277,3950,9942,217,13346,2218,10594,13249,10326"
10084,10084,"4798,13346,6971,8562,10326,12665,6220,2140,8421,544"
10091,10091,"8562,4798,10326,6220,13346,12665,544,3950,5495,1323"
10102,10102,"1244,11298,544,4576,2989,4929,6220,12869,4664,10663"
10104,10104,"8562,2218,5303,3950,4798,5495,10326,4277,6220,275"
10121,10121,"1290,7120,6971,4929,544,1244,11298,9101,789,10663"
10131,10131,"13346,3950,6220,4798,9942,3428,8562,5545,10326,12665"
10134,10134,"10326,4798,4277,275,544,2140,12665,6971,5303,8161"
10139,10139,"1290,7120,4929,1244,11298,10663,9101,9295,2916,3697"
10144,10144,"3950,8562,13346,5199,6220,3055,4798,10326,9942,544"
10155,10155,"2218,3950,4798,8562,8483,5303,10326,13346,6971,544"
10168,10168,"1290,1863,6220,10326,4798,544,9942,13296,8562,9101"
10178,10178,"544,1290,9101,2989,10326,9942,11298,6220,6971,1244"
10186,10186,"9693,12665,8562,9942,6220,13346,3950,9404,5545,5532"
10190,10190,"4277,10326,350,10594,4798,717,217,8421,544,851"
10194,10194,"8562,4798,13346,3950,4277,2218,12857,8413,6326,9455"
10196,10196,"13346,9942,3950,5676,8562,4413,1574,544,10326,4798"
10215,10215,"10326,4798,4277,8562,5303,6971,12857,8421,6433,544"
10218,10218,"10326,9942,6220,8562,5303,12857,4798,3950,12665,6971"
10251,10251,"8562,6220,8188,3950,13346,12857,5545,10326,2218,4798"
10252,10252,"1290,7120,9295,6220,1244,9101,11298,544,9962,12869"
10262,10262,"5495,2903,12099,5199,544,10326,4798,1290,4266,9101"
10266,10266,"6220,9942,544,12665,3950,2343,8562,4798,6971,2218"
10271,10271,"6220,10326,9942,4798,2343,2140,6971,8562,9693,12665"
10277,10277,"8562,10326,5303,4798,3950,13346,6971,12857,6326,2140"
10282,10282,"10326,1290,12665,5303,4798,1244,544,8590,7120,8421"
10286,10286,"1290,7120,4929,544,10326,9295,12030,4798,1400,9101"
10305,10305,"10326,810,4798,13346,1889,12857,10916,2343,544,6795"
10309,10309,"9942,6220,12665,8562,2218,3950,4798,5545,6971,10326"
10335,10335,"1290,7120,11298,1244,9730,4929,9101,12869,4576,10663"
10340,10340,"1290,11298,7120,2989,4576,7679,11024,9101,12995,4664"
10375,10375,"6220,4798,8562,9942,8413,12665,5495,544,5303,4430"
10388,10388,"10326,4798,6971,5303,13346,8562,2140,2218,275,544"
10397,10397,"10326,4798,8413,5303,4277,12857,13346,1889,3950,10594"
10402,10402,"3950,12665,6220,9942,13346,4798,2218,5676,5545,8562"
10407,10407,"544,6220,4277,5303,350,2343,3428,10326,810,5885"
10408,10408,"10326,544,4798,8562,9942,1290,9101,9306,13346,2140"
10416,10416,"3950,4798,13346,6220,10326,2343,1220,12665,12857,8562"
10448,10448,"10326,4798,8562,6220,3950,544,13346,275,5303,3428"
10454,10454,"3950,13346,10326,8562,5495,9942,4798,13249,9404,3799"
10499,10499,"4798,10326,4277,717,8421,217,1290,6433,10594,544"
10503,10503,"3950,8823,10326,12665,2140,8562,9942,544,11351,6220"
10504,10504,"2989,11298,12869,3464,7679,11024,544,9730,4545,8978"
10508,10508,"10326,4798,5303,4277,544,2140,217,8421,13346,8562"
10514,10514,"8562,3950,13346,6220,10916,6326,4277,810,4798,10326"
10526,10526,"4798,10326,3950,13346,12857,8562,4277,10594,6433,6326"
10540,10540,"4798,10326,13346,6220,5303,4277,3950,9942,275,6971"
10542,10542,"4277,10326,544,217,717,350,8421,4798,9340,2343"
10551,10551,"4798,10326,6220,544,8562,5303,6971,9942,275,12665"
10554,10554,"544,6220,12665,5303,8562,5199,3055,9942,8413,10326"
10555,10555,"6220,11484,544,10326,4798,8562,1290,5495,9101,9942"
10556,10556,"2140,5610,227,4798,544,10326,3766,7547,8562,1290"
10562,10562,"12857,4798,10326,2140,6971,9072,13346,2218,3950,2905"
10575,10575,"1290,11298,7120,9730,12869,9101,11024,1244,2989,9295"
10576,10576,"10326,4798,8562,5303,8421,217,10916,350,544,12857"
10582,10582,"10326,3950,544,8562,12665,4798,9942,5303,6971,2218"
10584,10584,"3950,8562,13346,4798,6220,10326,9942,3428,2218,5303"
10606,10606,"10326,4798,9942,3950,544,6220,12665,4277,5303,8562"
10611,10611,"4798,544,4277,717,217,8421,8483,350,5303,10077"
10613,10613,"544,10326,1290,4798,217,12665,717,3950,8421,11969"
10614,10614,"7707,8562,544,8188,10429,4798,9942,10326,6220,1863"
10623,10623,"8235,544,7024,10326,4798,1290,9101,9942,4715,8562"
10647,10647,"12869,11298,1290,4163,7679,11024,9101,2957,7120,1851"
10657,10657,"10326,12857,10594,4798,8421,5303,2140,4277,717,10916"
10670,10670,"10326,4798,10594,4277,10916,8421,8161,544,12857,8562"
10679,10679,"1290,11298,7120,12869,1244,9295,9730,11024,10389,4576"
10680,10680,"4798,8562,2218,6220,13346,5303,10326,3950,275,6971"
10699,10699,"6971,5495,13346,4798,8562,10326,2218,3950,5303,6220"
10715,10715,"217,4277,717,10326,12857,4798,2343,238,3428,9105"
10720,10720,"3950,13346,4798,8562,8413,12665,10326,5303,6326,5495"
10735,10735,"8562,6220,10326,1290,544,3950,6971,9942,13346,4798"
10742,10742,"6220,10326,12665,6971,8562,2218,544,5303,3950,4798"
10744,10744,"217,8421,4798,2580,544,10326,4616,7305,1290,7166"
10747,10747,"10326,3950,544,13346,10568,4277,12665,6971,5303,8562"
10769,10769,"2343,9455,6839,9693,64,1933,10453,5199,544,10326"
10795,10795,"4798,2218,6971,5303,10326,8562,2140,275,4277,3950"
10817,10817,"1290,11298,1244,7120,9295,11024,10607,9962,9101,2989"
10819,10819,"10326,5303,13346,6971,12665,5461,4798,7679,3055,6220"
10828,10828,"6220,10326,544,3428,5303,3950,4798,8562,1220,12665"
10860,10860,"8562,3950,4798,5303,13346,12857,3428,10916,217,10326"
10868,10868,"9693,2343,11298,9101,9730,2989,4576,1290,544,2537"
10895,10895,"13346,4798,12857,8562,10916,10326,6326,13249,3950,9942"
10900,10900,"10326,4798,6971,5303,2140,10916,13346,8161,8562,275"
10912,10912,"3464,8315,11298,544,2769,1290,10326,7679,9101,2989"
10934,10934,"1290,7120,1244,11298,10326,544,2989,4576,4798,9101"
10947,10947,"5495,12470,10326,6971,544,5303,5199,4798,2140,2903"
10950,10950,"10326,4798,6971,12857,6433,4277,2140,13346,3950,5303"
10964,10964,"1290,1244,11298,7120,9101,2989,9962,12869,10607,789"
10965,10965,"9942,5495,8413,12136,8681,7707,7715,8562,544,4798"
10968,10968,"10326,544,5303,2218,217,4277,350,50,13249,4798"
10972,10972,"4798,13346,3950,6971,8562,5303,4277,12857,10916,2343"
10975,10975,"4277,10326,4798,544,6433,1290,8510,12869,9306,13375"
11028,11028,"10326,4798,9942,3950,8562,13346,4277,3428,5545,13249"
11030,11030,"1290,6220,11298,544,2989,9101,4576,12665,7120,10326"
11044,11044,"544,2343,10326,6220,89,9101,12665,9693,1290,8681"
11048,11048,"3950,4798,13346,10326,2905,12857,2140,6220,8562,544"
11065,11065,"1290,6971,6220,7120,5303,2218,9295,4798,544,8562"
11085,11085,"1290,1244,7120,9962,789,5135,11298,544,10326,9405"
11088,11088,"8562,4798,13346,6971,10326,5303,544,1290,4698,9937"
11100,11100,"1290,11298,1244,7120,9101,11024,4576,12869,2989,544"
11102,11102,"4798,3950,8562,13346,10326,12857,8483,6220,8413,10916"
11105,11105,"2343,1290,9693,544,1244,5532,5199,6795,2903,10835"
11107,11107,"8562,10326,3950,13346,4798,6220,9942,2218,12665,6326"
11109,11109,"1290,7120,544,6220,9101,1863,10326,4798,2989,9942"
11120,11120,"1290,7120,11298,1244,4929,9101,9295,544,2989,6971"
11121,11121,"8562,3950,6220,13346,4798,10326,6971,12665,5303,13249"
11133,11133,"544,10326,8911,4798,6307,1290,8562,2034,9101,9942"
11149,11149,"10326,12857,9942,6971,4798,2140,13249,5303,5731,9404"
11152,11152,"1290,7120,11298,2989,1244,4576,11024,9730,1779,4664"
11160,11160,"13346,9942,3950,4798,275,6220,5303,3428,10326,64"
11163,11163,"10326,4798,12665,3950,8562,13346,6220,544,275,4277"
11168,11168,"544,7063,10326,4798,1290,9101,9942,8562,7445,5970"
11193,11193,"6220,5303,544,1978,7707,4798,275,8562,12793,11000"
11200,11200,"9942,6220,3428,8562,5495,12470,3950,6659,13346,13110"
11210,11210,"1290,7120,6971,4929,10663,4798,544,10326,2916,6243"
11215,11215,"10326,10594,8421,10916,8562,12857,11384,5199,9942,4798"
11219,11219,"1290,7120,9962,4929,1244,5135,789,10663,544,3697"
11243,11243,"2140,4798,10326,544,8562,1290,9101,9942,4277,4877"
11253,11253,"1290,7120,2989,9101,11298,544,1244,12869,4576,10389"
11261,11261,"6220,5303,13296,5545,3428,9942,2218,10326,3950,3870"
11280,11280,"2343,9693,5532,544,6795,5199,9101,9942,10326,4388"
11285,11285,"1290,1244,7120,11298,6220,9101,789,9962,544,9942"
11309,11309,"3950,8562,6220,10326,13346,6326,12665,8413,2140,9942"
11312,11312,"3950,6971,9404,5495,9942,12665,2218,8562,12470,544"
11314,11314,"2343,10326,717,64,4277,350,8421,9693,13346,217"
11325,11325,"10326,4798,544,8562,2343,4277,13346,6220,6433,9693"
11327,11327,"6220,5303,8562,7707,4798,9942,10326,544,5495,13346"
11359,11359,"10326,4798,9942,13346,544,12665,275,6971,6220,89"
11366,11366,"11554,1371,544,8315,10326,9289,9491,4798,11484,9942"
11368,11368,"1290,11298,7120,9101,1244,2989,12869,9295,7679,544"
11371,11371,"5495,13346,10326,6326,8590,13112,5199,8562,6971,2343"
11376,11376,"544,2218,217,2989,4277,4798,8562,9693,9101,12665"
11377,11377,"10326,4798,8562,13346,6220,5303,4277,6326,12857,3950"
11383,11383,"4798,10326,5303,6971,6220,8562,275,544,9942,5461"
11416,11416,"1328,10326,4798,544,1290,1221,9101,7480,9942,6659"
11444,11444,"1290,10326,9101,1244,4277,6220,6971,11298,12665,4798"
11445,11445,"8562,4798,10326,4277,544,217,3950,717,350,6433"
11448,11448,"9693,544,6795,6220,10326,9101,13346,12665,64,1220"
11469,11469,"6971,10326,9229,544,12451,725,4798,6796,4308,1290"
11487,11487,"544,7120,2343,6220,6971,4929,2989,9693,11298,9101"
11492,11492,"5303,5495,6220,2343,8562,4798,13346,5532,9693,544"
11503,11503,"544,6220,10326,4277,6659,1404,5495,10453,2218,5303"
11504,11504,"2903,6270,9275,544,10326,4798,1943,1290,4956,9101"
11515,11515,"10326,6220,4798,3950,9942,13346,8562,4277,217,13306"
11547,11547,"10326,12665,4798,6220,13346,3950,6971,9942,5303,2343"
11552,11552,"10326,2343,4798,6220,3950,13346,544,12665,8562,6971"
11567,11567,"10326,4798,8562,6220,3950,13346,4277,9942,12857,217"
11581,11581,"10326,544,4798,9942,5303,1290,6971,6220,8562,12857"
11589,11589,"1290,11298,7120,9101,12869,2989,1244,4576,11024,9730"
11591,11591,"12665,11298,1290,89,7120,9942,10137,11024,2989,9101"
11595,11595,"1290,7120,11298,1244,9295,9962,5135,544,9101,10326"
11604,11604,"544,1290,4798,10326,6971,7120,2218,6220,275,4277"
11608,11608,"10326,6220,8562,12665,3950,4798,13346,5303,544,2218"
11627,11627,"3950,8562,13346,2218,4798,6220,10326,8421,3055,9942"
11646,11646,"8562,5495,6220,3950,12665,3428,8413,4798,7707,5545"
11647,11647,"10326,4798,6220,6971,5303,4277,8483,275,3428,6383"
11675,11675,"5303,2343,2140,6971,10326,3950,13408,4798,2218,544"
11676,11676,"1290,7120,11298,1244,12869,6971,9101,4929,9962,9295"
11696,11696,"10326,5495,544,4798,13408,7063,8562,1290,12665,7383"
11700,11700,"8562,544,10326,1290,4798,11912,7332,7772,9101,9942"
11722,11722,"1290,7120,6971,6220,1244,544,9295,4798,5303,8590"
11754,11754,"3950,12665,7679,6220,544,5676,10326,9942,13408,2989"
11757,11757,"13408,2343,13346,1220,10326,9693,89,9942,6971,931"
11767,11767,"12665,8562,12757,544,9942,10326,4798,1290,8235,9101"
11773,11773,"10326,6220,4798,8562,8421,5303,1328,3950,4277,544"
11777,11777,"9942,4798,3950,6220,8562,13346,5545,13110,3428,10326"
11778,11778,"1290,9101,7120,12869,11298,1244,7669,4576,9330,4929"
11788,11788,"1290,7120,11298,2989,9730,9295,9101,1779,10607,9962"
11790,11790,"1290,7120,10326,4929,10663,8590,6971,4798,1244,544"
11811,11811,"1290,7120,1244,11298,9101,4929,4576,10663,2989,9295"
11837,11837,"1290,7120,1244,11298,4664,9101,4929,2989,4576,544"
11859,11859,"13346,2218,3950,4798,10326,8413,8235,544,12665,8562"
11865,11865,"6220,13296,544,1290,10429,8562,10326,4798,9101,7707"
11867,11867,"8562,3950,4798,6220,5495,1328,10326,5642,544,12470"
11871,11871,"544,1290,2218,7120,5303,11298,6971,11969,6220,2989"
11879,11879,"7120,1244,11298,9101,4576,10663,544,10607,2916,4664"
11880,11880,"10326,4798,4277,8562,8421,717,5303,10594,2218,8483"
11908,11908,"4798,5495,5303,2140,6971,10326,275,2343,13346,3055"
11912,11912,"5303,6971,275,4798,2218,10326,544,13346,8562,1290"
11925,11925,"13346,4277,717,64,10326,2343,3950,4798,8421,9693"
11933,11933,"6220,8413,8562,5676,8188,1862,5545,8681,7707,9942"
11945,11945,"10429,1863,544,10326,4798,5976,1290,9101,8562,9942"
11948,11948,"4798,8562,3950,5461,10326,13346,13249,5495,544,6326"
11952,11952,"5303,10326,4798,544,1290,9101,8421,4315,9942,8562"
11957,11957,"4798,1290,544,10326,4469,9101,62,8302,8562,9942"
11959,11959,"4798,10326,9942,6220,2343,4277,50,3428,8562,12857"
11967,11967,"2218,6220,8562,3950,8413,12665,8188,5545,8235,9942"
11969,11969,"9101,544,10326,2580,1290,4798,8562,5069,12606,1421"
11970,11970,"6220,8562,2218,544,3428,13306,4277,7707,10326,2343"
11975,11975,"10326,6220,12665,9942,3950,8562,5545,4798,3428,7707"
11995,11995,"8562,3950,6220,12665,13346,9942,9404,1323,5199,4798"
12002,12002,"1290,11298,7120,2989,1244,544,4576,12869,4664,9730"
12022,12022,"1290,7120,12869,11298,9962,1244,9101,789,4664,5135"
12032,12032,"544,10326,6659,9375,4798,1290,8562,9101,9942,8911"
12036,12036,"1290,9101,7120,1244,11024,544,2989,4576,10389,8978"
12066,12066,"2343,4277,4798,9693,275,6971,544,13346,12665,9455"
12077,12077,"1290,7120,4929,9962,1244,789,11298,5135,10663,9101"
12078,12078,"4798,10326,4277,5303,2140,3950,717,13346,11000,544"
12084,12084,"4798,6971,5303,8562,10326,12665,6220,2140,275,13346"
12089,12089,"8562,6220,3950,6971,4798,10326,5303,5545,13346,2140"
12106,12106,"10326,6220,2989,1290,12869,4277,4798,11969,11298,4576"
12107,12107,"12665,8562,8188,13346,3950,544,5495,10326,558,2218"
12111,12111,"13346,6220,12665,3950,10326,8562,4798,275,6971,5303"
12131,12131,"4798,10326,5303,8562,2140,9942,8413,6971,275,6220"
12139,12139,"4798,9693,13346,8562,10326,6220,6971,2537,6834,3870"
12141,12141,"6220,5495,2218,13346,7707,8188,544,6659,10326,4798"
12144,12144,"1290,1244,11298,7120,9101,544,12869,5135,4664,2989"
12150,12150,"6220,8562,3950,9942,4798,8413,2218,6659,10326,12665"
12151,12151,"10326,544,12665,6220,4798,4277,217,13346,6971,9455"
12162,12162,"3950,4798,544,9182,10326,3525,3980,997,1290,5495"
12170,12170,"11554,4163,4940,1371,12869,544,9101,10326,4216,2957"
12182,12182,"1290,544,5303,7120,9693,5495,5199,2903,5532,9101"
12185,12185,"10326,6220,4798,5303,13346,8562,5495,13249,3950,8483"
12191,12191,"10326,6220,5303,10594,12857,3950,8562,5495,2218,9942"
12197,12197,"2343,9693,544,5532,6971,1290,1244,6795,9942,5303"
12204,12204,"1290,11298,7120,2989,1244,11024,4576,9295,9101,9730"
12229,12229,"544,9693,2343,6220,4798,8562,10326,6971,3950,9942"
12231,12231,"1290,544,7120,11298,9101,2989,1244,4576,12869,6971"
12234,12234,"6220,544,8562,1290,1863,5976,10326,10429,4798,9101"
12238,12238,"4798,10326,8562,6220,6971,13346,2218,5303,12665,5495"
12242,12242,"4798,8562,217,13346,5303,3950,10326,12857,9942,544"
12260,12260,"10326,13346,8562,6220,12857,13249,10916,8421,4277,217"
12262,12262,"5495,5199,2343,5532,13346,544,9693,8562,3950,2903"
12281,12281,"6220,10326,8562,5303,5495,2218,4798,12665,8188,6971"
12289,12289,"9693,10326,6795,544,4798,64,8562,9942,2537,9532"
12306,12306,"8562,3950,6971,4798,10326,10916,12857,6220,2140,5495"
12326,12326,"4798,10326,544,3950,9942,7824,10506,1290,8022,9101"
12337,12337,"8562,4798,3950,6220,2343,13346,2140,9693,12665,3428"
12355,12355,"544,1290,7120,9101,1244,2989,11298,4576,7679,11969"
12371,12371,"4798,3950,6220,2343,2218,10326,5545,3428,9942,3870"
12372,12372,"12665,5875,544,8235,10326,4798,7024,1290,9101,12662"
12373,12373,"10326,4798,4277,1328,8421,8562,350,12857,6433,2158"
12390,12390,"7120,4929,10663,544,2916,10326,4798,12497,6971,6243"
12405,12405,"2343,9693,544,10326,6795,5532,9101,5495,4798,13346"
12407,12407,"1290,544,7120,8703,10326,7637,4798,9101,9942,1244"
12408,12408,"9942,544,6220,5461,5676,5495,5545,12665,89,3870"
12419,12419,"8590,6971,6659,11484,1290,275,7120,5676,2218,4798"
12423,12423,"544,10326,4798,5495,8276,1290,8562,9101,9942,12111"
12426,12426,"7120,11298,9101,544,1244,6971,2989,4929,12869,9730"
12452,12452,"4798,10326,13346,6659,8590,8562,8421,1328,217,13249"
12480,12480,"544,9101,7679,4576,11298,2989,12869,1290,11024,4664"
12530,12530,"5303,4798,8562,10326,9942,6971,544,1290,6220,5495"
12546,12546,"4798,6971,2343,10326,1290,8562,5303,9693,544,13346"
12556,12556,"1290,7120,1244,2989,9101,4929,9730,4576,11024,544"
12573,12573,"2218,8413,5303,5545,9942,6220,3428,5495,10326,544"
12592,12592,"10326,4798,8562,6220,13346,9942,3950,9693,2218,4277"
12596,12596,"10326,8562,13346,4277,3950,4798,6220,12857,10916,12665"
12599,12599,"1290,7120,11298,1244,544,2989,9295,9101,11024,4929"
12615,12615,"544,9101,11298,11024,1244,2989,1290,12869,1779,4163"
12618,12618,"9942,3950,3428,8562,544,5676,13306,13110,2343,12665"
12624,12624,"4798,10326,8562,12665,6220,13346,3950,4277,6971,2343"
12638,12638,"9693,2343,6220,10835,861,5199,8018,9404,3055,796"
12641,12641,"544,5199,2343,10326,9693,5495,3950,5532,4798,6971"
12644,12644,"1290,7120,9101,544,2989,4929,12869,2343,9693,9295"
12649,12649,"1290,6971,4798,7120,10326,544,8562,8703,9101,9942"
12654,12654,"5495,8413,8562,2218,4798,10326,275,50,544,5303"
12658,12658,"2218,10326,4798,6433,10568,1889,4277,6220,13249,3950"
12659,12659,"544,7120,10326,4798,9101,1244,12665,4277,6971,11298"
12666,12666,"4798,9693,13346,8562,10326,3428,6795,4277,544,717"
12669,12669,"12665,9942,10326,544,4798,12507,1244,13401,1290,6588"
12674,12674,"10326,6220,2218,8413,5303,4798,12665,3950,8562,2140"
12688,12688,"10326,544,9453,4798,1290,9101,8562,1377,1328,9942"
12694,12694,"6220,8413,9942,2218,544,3950,5545,13110,3428,5495"
12709,12709,"10326,4798,5303,4277,13346,8562,275,6433,544,8421"
12712,12712,"1290,5875,7024,544,10326,8235,12665,12662,4798,11298"
12722,12722,"12869,11554,1290,7679,11298,9330,9101,4163,7120,544"
12728,12728,"8188,8562,2218,5495,544,10326,4798,8981,13346,1290"
12732,12732,"2343,5532,9693,5199,544,1290,10835,10326,4798,3909"
12736,12736,"10326,4277,4798,8562,6433,12857,10594,350,2140,8421"
12738,12738,"4798,10326,8562,3950,4277,6220,2343,544,13346,12857"
12741,12741,"10326,9942,3950,3428,2218,8562,12470,5495,4277,217"
12756,12756,"12470,13408,8413,2218,10326,544,9942,3428,7707,4798"
12764,12764,"6220,10326,2343,544,6971,275,5303,3950,2218,12665"
12768,12768,"12665,6971,6220,2343,3950,9693,10326,4798,89,5495"
12773,12773,"4798,8562,10326,12857,2218,5303,6326,275,3950,6971"
12789,12789,"4798,10326,13346,8562,5303,4277,6971,2140,8421,10916"
12790,12790,"1290,11298,4929,9101,10663,9295,13408,4576,2218,2989"
12801,12801,"5495,1862,5532,13112,6971,12470,8279,1286,1290,544"
12804,12804,"1290,4929,1244,12869,10663,9962,2916,9101,11298,12497"
12833,12833,"6220,8562,3950,10326,5303,13346,8483,50,5642,4798"
12846,12846,"4798,10326,3950,13346,12857,6220,10916,5495,13249,6433"
12855,12855,"2343,10326,5495,8562,544,4798,9942,9693,217,4416"
12860,12860,"8562,3950,4798,10326,6971,5303,2218,10568,13346,2140"
12874,12874,"10326,4798,8562,3950,13346,6220,10916,6326,4277,12665"
12875,12875,"13346,5495,8562,3950,5461,5199,4798,10326,544,2905"
12877,12877,"2218,6659,6220,5545,8188,544,9942,10326,1118,4798"
12883,12883,"5495,12470,2218,8413,5303,3950,12668,9942,6220,5545"
12890,12890,"4798,8703,544,10326,7637,1290,9668,9101,9942,8562"
12919,12919,"1290,7120,4929,10663,1244,9295,11298,12497,9101,10674"
12927,12927,"1290,6220,544,1244,9101,7120,13296,1863,9942,10429"
12955,12955,"6971,5495,10326,12470,8562,3950,2343,4798,8205,6220"
12956,12956,"8562,844,1290,544,10326,4798,7715,12665,1583,9101"
12958,12958,"10326,4798,9942,544,9771,12665,7439,2140,1290,9101"
12965,12965,"217,12470,6220,544,5495,1404,12857,3428,3950,10326"
12970,12970,"6220,10326,3950,2218,8562,3428,5303,5545,13249,4798"
12996,12996,"9693,2343,6795,6971,13346,2537,6834,9942,544,5199"
13000,13000,"6220,3950,8562,9942,13346,4798,2218,3428,5545,8413"
13017,13017,"544,2989,11298,9101,4576,11024,1290,1244,7679,9730"
13019,13019,"10326,8562,4277,6971,3950,5303,12857,6220,13249,6433"
13021,13021,"8562,8413,7707,8188,4413,4798,12606,544,3950,10326"
13022,13022,"10326,4798,8562,2218,4277,6220,544,2140,5303,12665"
13063,13063,"8413,5303,2218,4798,8562,8188,13346,9942,6220,1862"
13075,13075,"544,12869,6971,1290,4798,9942,10326,7120,11298,8205"
13076,13076,"3950,2343,2218,13346,6220,10326,4798,5495,9942,9693"
13101,13101,"4798,3950,10326,6971,13346,2140,5495,4277,544,9942"
13105,13105,"1290,7120,11298,12869,9101,9730,1244,4576,544,4664"
13115,13115,"10326,12665,544,9942,6971,5303,6220,1290,2218,13346"
13117,13117,"1290,6220,7120,4798,5303,544,6971,10326,12665,8681"
13121,13121,"3950,4798,5303,8562,10326,13346,12857,8413,9942,5642"
13123,13123,"544,1290,2343,11298,9101,7120,2989,1244,6971,4576"
13125,13125,"4798,10326,12857,8413,6220,8562,3950,50,2218,544"
13147,13147,"4798,10326,13346,8562,217,3950,8483,6433,10916,6326"
13151,13151,"8562,5303,6220,10326,8413,13346,3950,9942,13375,4798"
13153,13153,"10326,4798,4277,8562,13346,10916,6433,6220,6326,13249"
13176,13176,"1290,544,11298,12869,7120,4576,1244,9730,7679,10137"
13180,13180,"6220,8562,9942,3428,3950,10326,2218,4798,544,13110"
13192,13192,"6659,8562,1328,3870,10326,5495,4798,3950,9942,544"
13194,13194,"3950,12665,4602,9942,544,8235,10326,13346,931,4798"
13195,13195,"5303,8562,50,4277,10326,1978,2218,4798,217,9942"
13198,13198,"5303,10326,4798,4277,10568,8483,12857,8421,9340,10594"
13231,13231,"3950,8562,6971,9942,4798,13346,12665,10326,6220,2140"
13234,13234,"1290,7120,4929,9962,789,10663,9295,5135,1244,13309"
13240,13240,"544,7120,11298,9101,2989,10326,12869,4576,4798,11024"
13273,13273,"3950,6220,2218,12665,5303,13346,9942,10326,5495,4798"
13276,13276,"3950,6220,13346,8562,9942,3428,1978,1323,2218,5495"
13283,13283,"10326,8421,4798,2140,717,8161,10594,12404,4277,544"
13297,13297,"13346,275,10326,3950,8483,4798,12665,8562,1286,5303"
13301,13301,"13346,4798,8562,8413,6220,5303,5461,10326,1290,544"
13303,13303,"5495,12665,8562,2218,3950,8483,12857,8413,13346,10326"
13321,13321,"1290,7120,11298,9295,2989,1244,9101,544,9730,9962"
13330,13330,"10326,1290,4798,544,8562,1863,8703,9101,2855,9942"
13338,13338,"1290,11298,7120,9295,1244,9962,3464,12869,789,1779"
13380,13380,"10326,6971,275,4798,5303,2140,2218,8562,3950,9942"
13389,13389,"1290,7120,4929,1244,10663,11298,2916,544,10326,4798"
13390,13390,"3950,9942,5532,6220,5461,2218,9693,4602,544,10326"
13391,13391,"11298,12869,1290,6971,10326,544,4798,4576,9730,9101"
13401,13401,"8562,10326,3950,4277,4798,13346,544,6220,12665,50"
13403,13403,"1290,6220,6971,10326,89,544,4798,8590,9942,9101"
13407,13407,"10326,544,1290,7120,4798,350,4277,4576,2140,1404"
13413,13413,"217,4277,2140,10326,10594,544,4798,1290,9101,9598"
13414,13414,"2989,11298,9730,9101,11024,1290,12869,4576,4545,9295"
13446,13446,"4798,10326,4277,8562,5303,13346,8421,12857,544,6971"
13472,13472,"1290,11298,7120,7679,544,12655,2989,9101,4576,1244"
13488,13488,"4798,8562,13346,3950,5303,10326,6971,12665,6326,5642"
13502,13502,"1290,11298,2343,544,9101,11024,7120,2989,1244,10326"
13507,13507,"1290,11298,7120,9730,2989,9101,4576,1244,544,12869"
13512,13512,"4798,13346,8562,3950,10326,6659,3870,5676,12857,7707"
13543,13543,"4798,12665,4277,8562,5303,544,10916,6220,13346,6971"
13572,13572,"10326,8562,4798,544,5303,6971,3950,6220,6433,275"
13595,13595,"1290,7120,4929,6971,1244,10663,4798,10326,544,8922"
13599,13599,"5495,3950,544,9942,3428,6220,10326,4798,8562,2218"
13608,13608,"9693,10326,5303,6795,12665,64,13346,544,4798,6220"
13609,13609,"350,10326,4798,544,1290,9101,8562,9942,12665,11298"
13630,13630,"4798,3950,12665,9942,10326,6220,2218,6971,2140,13346"
13635,13635,"10326,4798,5303,2140,8421,8562,2218,544,9340,6971"
13645,13645,"6220,3950,4798,8562,10326,9942,5303,6971,275,8205"
13673,13673,"13346,2343,5199,4798,3055,9693,9532,10326,544,5532"
13683,13683,"9942,6220,4798,10326,5303,544,6971,3950,12665,8562"
13702,13702,"6971,2218,544,8413,1290,89,7715,10326,2903,4798"
13716,13716,"4798,10326,3950,8562,6971,6220,12665,5303,2218,2140"
13724,13724,"11298,2989,9730,9101,544,12869,4576,1244,6971,4929"
13746,13746,"4798,6220,10326,2343,5303,12665,6971,2218,3950,8562"
13752,13752,"8562,9942,3950,544,10326,3870,5495,4798,4413,6220"
13756,13756,"1290,7120,4929,9962,789,5135,10663,1244,13309,544"
13763,13763,"1290,7120,1244,11298,9295,9962,9101,789,5135,10607"
13774,13774,"10326,6220,8562,544,9942,6971,13296,1290,5545,7707"
13776,13776,"1290,7120,11298,1244,9730,9962,9101,4929,789,5135"
13786,13786,"1290,11298,7120,1244,789,9962,5135,12869,9101,544"
13788,13788,"4277,350,10326,9453,544,6643,6305,4798,1290,9101"
13791,13791,"1290,11298,6971,7120,2989,11024,4576,1244,10389,12995"
13810,13810,"8562,10326,6220,6326,9942,5303,1290,13346,12665,3950"
13811,13811,"10326,4798,10916,12857,8421,4277,5303,217,8161,9580"
13820,13820,"9942,11298,11024,2989,1290,9962,10919,1244,7120,544"
13826,13826,"6220,3950,5495,714,9730,13346,12665,9942,217,8483"
13840,13840,"10326,544,4798,1290,2770,8562,9101,1328,9942,12665"
13841,13841,"544,4277,8562,6220,217,13346,13249,6326,717,12665"
13852,13852,"9942,6220,3950,12665,89,5545,12470,5495,2218,13296"
13858,13858,"1290,4798,6971,10326,544,8562,7637,9942,7120,9101"
13865,13865,"9178,1328,6659,10326,1210,544,6383,4277,8562,4798"
13871,13871,"10326,4277,4798,544,5303,10594,8562,2140,717,217"
13877,13877,"4798,5461,10326,8562,2158,9942,544,6659,13346,2343"
13905,13905,"10326,4798,12857,8562,4277,6220,8421,6971,12665,3950"
13924,13924,"7120,544,11298,9101,4929,4576,12869,2989,10389,10663"
13929,13929,"10326,4798,4277,5303,2140,544,6971,8562,8421,10916"
13935,13935,"8562,3950,8413,3428,9693,5676,6220,10916,10326,5532"
13952,13952,"1290,7120,11298,1244,12869,4929,2989,9101,9962,4576"
13953,13953,"1290,10326,6971,4798,7120,6591,275,9101,9295,544"
13962,13962,"10326,4798,8562,3950,4277,544,10916,717,13346,8421"
13965,13965,"5495,7983,9942,6659,89,6220,544,8413,10326,4798"
13966,13966,"10326,10594,8421,12857,13346,4798,544,8562,1290,3950"
13974,13974,"1290,11298,9101,7120,11024,4576,1244,2989,7679,12869"
13982,13982,"1290,7120,11298,11024,1244,89,6971,4929,544,9101"
13983,13983,"5461,2903,5199,13112,10326,5532,544,5495,4798,9942"
13987,13987,"6220,3950,10326,4798,3428,9942,13346,12857,8483,717"
13988,13988,"1290,7120,10326,544,6971,9101,4798,9730,2343,9942"
13991,13991,"10326,4798,13346,3950,6220,12857,5303,6326,6971,8483"
13995,13995,"3950,8562,3428,5495,5199,9532,12665,6302,2218,1323"
13998,13998,"10326,4798,5303,6971,2140,8562,12665,13346,3950,5495"
14021,14021,"6220,3428,8562,13110,13296,5545,13306,3950,544,4798"
14028,14028,"2343,544,9693,4277,10326,5199,5532,5461,6383,3950"
14042,14042,"9942,6220,2218,12665,6659,544,5545,8562,10326,10453"
14049,14049,"8703,544,10326,7637,4798,1290,9101,9942,4205,8562"
14060,14060,"6220,8562,3950,13346,9942,3428,2343,12665,5199,5545"
14061,14061,"8562,3950,13296,544,8413,9984,10326,4798,1290,9101"
14067,14067,"6220,544,1863,10429,7707,1290,10326,8562,9693,4798"
14079,14079,"1290,4798,544,6220,7120,6971,5303,12665,275,9693"
14089,14089,"544,4277,350,4798,6220,217,1404,5495,10326,5303"
14097,14097,"4798,10326,5303,544,4277,275,2140,1290,350,1889"
14105,14105,"3464,7679,7669,12869,11298,11024,11554,9330,4163,9101"
14147,14147,"2140,4798,9942,3950,5731,544,7063,10326,5996,12665"
14155,14155,"8562,4798,3950,6220,8413,13346,9942,2218,10326,5303"
14168,14168,"10326,4798,5303,12857,4277,544,217,8421,2140,6220"
14170,14170,"10326,8562,544,5495,2343,5303,6220,4277,10835,5676"
14173,14173,"544,2989,9101,3428,4576,6220,9942,3464,13306,11024"
14174,14174,"8562,10326,6220,3950,13346,4277,4798,13249,5676,11540"
14196,14196,"4798,8562,8413,6220,13346,9942,3950,2343,9693,12665"
14197,14197,"2218,4277,10326,9340,544,4798,11298,9730,1290,5250"
14202,14202,"7120,11298,9101,1244,4576,4929,544,9962,12869,10663"
14204,14204,"544,10326,4798,9306,1290,9101,9942,6648,2300,8562"
14215,14215,"2343,4798,544,6220,810,9693,6795,1574,10326,13346"
14242,14242,"10326,4798,4277,8562,3950,717,8421,5303,217,2140"
14244,14244,"10326,4798,6220,8562,9942,12665,13346,6971,5303,13249"
14249,14249,"1290,7120,4929,3697,9101,544,10663,4798,1244,10326"
14250,14250,"544,10326,4798,1290,9738,9101,3285,9942,8452,4531"
14256,14256,"10326,4798,4277,5303,8562,717,13346,12857,8421,10594"
14258,14258,"4664,11298,7679,7258,11918,2989,4890,8714,12995,1290"
14280,14280,"5303,4798,8562,10326,6302,5199,13346,3950,544,6971"
14318,14318,"544,7120,11298,6220,1244,6971,2989,9101,4576,10326"
14325,14325,"10326,1328,350,6659,8562,8421,544,10891,1290,4277"
14328,14328,"1290,10326,4798,6971,4929,8590,8562,4277,2140,10663"
14329,14329,"13346,9942,3870,8562,5495,8333,3950,8681,544,10326"
14344,14344,"8562,10326,4798,5303,6971,3950,6220,2140,5495,8413"
14366,14366,"1290,7120,4929,10663,1244,544,10326,4798,5135,6971"
14421,14421,"1290,7120,11298,3464,9962,1244,5135,9730,544,7679"
14430,14430,"10326,4798,4277,717,5303,2140,217,8421,6220,544"
14435,14435,"275,8562,544,6925,3950,4413,10326,9942,4798,1290"
14472,14472,"4798,2218,10326,1290,544,6220,275,3950,8590,5199"
14501,14501,"6220,12665,4798,6971,2218,8562,10326,12857,544,9942"
14509,14509,"4798,6971,13346,5303,10326,12665,3950,8483,275,2218"
14516,14516,"8562,4798,2218,6220,8188,13296,544,10326,1290,5303"
14521,14521,"10326,4798,3950,5303,2218,8562,5495,6220,13346,4277"
14553,14553,"8562,5495,1290,4798,5303,6220,544,10326,5149,7120"
14561,14561,"6220,12665,3950,8562,5545,13346,9942,3428,10326,4413"
14562,14562,"5495,9942,5303,13346,3950,12665,2218,6220,12470,89"
14567,14567,"5461,2140,4798,9942,6220,1220,10326,5303,544,8562"
14575,14575,"1290,544,7120,4798,11298,9942,9519,9962,4453,2140"
14581,14581,"544,2343,5303,9693,13346,275,5532,5199,8562,6971"
14627,14627,"1290,6971,89,7120,12665,3055,544,10326,4798,8922"
14634,14634,"6220,9942,3428,544,3950,13110,5184,6659,12665,8188"
14651,14651,"5303,4798,10326,5495,275,13346,2140,544,8922,1290"
14659,14659,"2343,13346,5199,4798,10326,8562,6971,544,5999,5532"
14670,14670,"10326,4798,12665,217,5495,4277,8421,9455,544,717"
14684,14684,"6220,8562,544,2218,7707,4798,10429,9942,3428,1863"
14691,14691,"4798,13346,1290,9730,275,10326,8562,8922,544,2218"
14695,14695,"1290,12665,6971,2218,7120,5303,4798,6220,9942,13296"
14705,14705,"10326,8562,4798,4277,1328,217,12665,12857,13346,717"
14711,14711,"1290,7120,10326,4929,544,4277,6220,4798,12606,8562"
14723,14723,"4798,3950,10326,6971,8562,8483,13346,12857,544,12035"
14739,14739,"11298,9730,1290,2989,9101,7120,1244,10389,11024,4576"
14740,14740,"10326,4798,8562,6971,5303,275,544,2140,12857,4277"
14743,14743,"5495,4798,5303,5532,2218,12668,5199,10326,3950,544"
14747,14747,"10326,544,8562,4798,4277,6220,3950,13346,350,5303"
14748,14748,"9942,6220,89,12665,8413,8681,5545,5676,544,8562"
14764,14764,"1290,7120,4798,4929,2989,8333,13346,6383,3950,544"
14771,14771,"544,6220,9942,2989,5495,9693,7707,4664,11298,2343"
14780,14780,"10326,4798,4277,6220,217,8562,12857,8421,717,544"
14784,14784,"4798,10326,5303,544,4277,12857,350,2140,8562,6433"
14785,14785,"9942,13110,3428,13306,6220,5545,544,9042,10326,810"
14798,14798,"2343,9693,9532,6839,1323,13346,10835,12665,5532,11603"
14801,14801,"544,9942,10326,4798,6220,12665,2343,4277,5303,3950"
14803,14803,"10326,4798,544,5303,6220,4277,275,9942,13346,2140"
14821,14821,"4798,5303,10326,275,4277,13249,544,6326,6971,12857"
14832,14832,"6971,4798,8562,1290,544,10326,2343,5495,5199,9693"
14833,14833,"3950,9942,4798,6220,10326,13346,8562,3428,6971,5303"
14853,14853,"4798,12665,8562,6971,9942,544,13346,6220,7792,8590"
14854,14854,"6220,8562,13249,10326,13346,4798,2218,3950,5303,8483"
14856,14856,"6220,544,9942,12665,8562,10326,3950,5303,13346,2218"
14858,14858,"10326,3950,5532,5199,4798,9519,2343,13346,12665,4277"
14864,14864,"1290,544,10326,4798,6724,9101,9942,8562,8984,7120"
14867,14867,"1290,11298,2989,1244,7120,9101,12665,11024,7679,10389"
14880,14880,"7679,11298,544,2989,4576,9101,11918,11024,4664,8978"
14890,14890,"8562,13346,6220,6971,5199,4798,9942,8205,3950,12665"
14892,14892,"10326,9693,4798,544,6220,4277,13346,8562,12665,6795"
14899,14899,"1290,11298,12869,1244,7120,11024,9101,4576,4664,9962"
14904,14904,"2343,6795,9693,12665,89,9532,3055,9942,5532,5495"
14906,14906,"11298,1290,7120,1244,9295,12869,3464,4664,4576,2989"
14909,14909,"4277,350,5303,9340,544,10326,4694,4798,50,1290"
14929,14929,"8562,6220,4798,5303,3950,2218,5545,10326,9942,544"
14931,14931,"6220,7707,13296,544,8562,1863,10326,4798,9942,1290"
14938,14938,"4798,10326,3950,8562,6220,13249,6971,4277,12857,8483"
14955,14955,"10326,3950,6220,6971,12665,4798,13346,2140,544,5303"
14961,14961,"10326,544,8562,4798,1290,9101,3314,9942,2936,5645"
14969,14969,"1290,11298,9730,7120,12869,9962,11024,9101,1244,5135"
14970,14970,"10326,4798,4277,217,6971,717,2218,544,6220,8421"
14977,14977,"12665,3950,8562,6220,5495,5676,9942,7707,13346,1225"
14991,14991,"4798,10326,6220,13346,5303,12665,8562,2218,3950,9942"
14993,14993,"4798,2140,10326,544,9306,2291,1290,7445,9101,176"
15009,15009,"4798,12857,3950,13346,8562,717,10326,13249,8483,8421"
15014,15014,"11298,9101,9693,2989,2343,1244,4576,544,10389,8978"
15028,15028,"7120,11298,1244,4929,9101,9295,2989,10663,9730,12869"
15029,15029,"4277,217,10326,8562,717,4798,13249,8483,10916,13346"
15030,15030,"5495,13346,8562,9942,8413,6220,8681,7707,5545,13306"
15033,15033,"4798,10326,6971,2343,13346,8562,9693,12857,10916,544"
15052,15052,"544,4798,8562,5303,717,6220,1290,13346,6433,6971"
15062,15062,"4798,10326,13346,6220,5303,6326,9942,8562,13249,8421"
15074,15074,"6220,9942,544,1290,6971,8562,5303,2218,9693,10326"
15081,15081,"13346,3950,2343,9693,10326,13110,5495,544,6220,5532"
15082,15082,"544,10326,4798,4029,3563,1290,9101,9942,2436,8562"
15097,15097,"13346,6971,4798,8562,10326,2140,544,1290,9942,9101"
15098,15098,"4798,10326,8562,3950,6220,6971,13346,5303,4277,2218"
15107,15107,"1290,7120,1244,4929,11298,10663,789,5135,9962,9295"
15113,15113,"10326,4798,8562,6220,3950,4277,6659,13346,275,350"
15120,15120,"10326,8562,4798,6220,3950,13346,5303,2218,217,3428"
15121,15121,"4798,10326,8562,3950,13346,6220,12857,12665,6971,4277"
15122,15122,"4798,10326,8562,5303,3950,6220,13346,12857,2218,2140"
15141,15141,"4277,10326,350,217,8562,4798,1328,6383,5676,6659"
15143,15143,"4798,10326,6220,6433,8562,4277,13296,13346,6971,9942"
15148,15148,"3950,13346,5495,64,2343,6220,544,12665,9693,9942"
15164,15164,"10326,9942,6220,2343,9693,11969,12665,8562,5303,4798"
15165,15165,"6220,1290,9942,544,9101,8562,2218,6971,12665,3428"
15175,15175,"10326,4798,4277,717,275,13346,8421,10916,8562,8483"
15186,15186,"1290,4929,1244,9295,10663,11298,5135,544,789,9101"
15189,15189,"10326,6220,544,4798,3950,4277,217,2218,5303,8562"
15200,15200,"10326,4798,544,6220,1290,4277,6971,8562,5303,9942"
15204,15204,"10326,8562,4277,6220,13346,4798,10916,2140,9942,3950"
15205,15205,"1290,4798,7120,6971,544,6220,13346,8562,5545,10326"
15217,15217,"5199,8590,4798,10326,544,8562,1290,5303,8922,6971"
15240,15240,"2989,12869,1244,11024,7679,4576,9730,10389,9101,1779"
15248,15248,"1290,6220,1863,6971,8562,7120,544,4798,9942,5495"
15253,15253,"4798,10326,8562,4277,10916,2343,2140,544,5303,13346"
15256,15256,"4277,544,10326,4798,13346,1978,2140,3950,350,7138"
15260,15260,"10326,544,4798,5303,8562,2343,3950,13346,6971,8421"
15265,15265,"5495,12470,12092,11540,544,10326,5199,2218,4798,1290"
15274,15274,"544,10326,4798,1290,9101,13130,9942,5251,8562,3314"
15275,15275,"4798,2140,10326,5303,6971,544,12665,8562,13346,1290"
15282,15282,"4798,10326,8562,2140,2218,8205,544,5303,13346,8483"
15294,15294,"2343,9693,6795,5532,9532,13346,12665,10326,2903,4798"
15304,15304,"1290,11298,7120,1244,9101,9962,4576,2989,11024,9295"
15330,15330,"544,10326,6220,2343,9693,9101,11298,11969,6971,275"
15331,15331,"8562,12665,13346,6220,3950,13296,3055,5495,8188,9942"
15332,15332,"1244,1290,7120,11298,10389,544,10326,7679,3464,4798"
15339,15339,"6220,9942,8562,5545,544,1863,7707,10429,1290,10326"
15387,15387,"544,6220,7707,1863,8562,10326,9101,10429,12665,1290"
15391,15391,"544,10326,6220,12665,4798,4277,275,8562,6971,3950"
15396,15396,"4798,13346,10326,8562,6220,6326,12665,6971,3055,3870"
15397,15397,"6971,2218,13346,5303,8562,9942,544,10326,7715,4798"
15421,15421,"4798,2343,10326,544,9306,2899,1290,9101,9942,9693"
15427,15427,"1290,7120,7679,11298,9730,9101,544,4929,1244,4576"
15434,15434,"544,1290,2989,11298,1244,7120,4576,6220,11024,12995"
15441,15441,"5495,10326,4798,275,12665,2218,8562,9942,13346,8590"
15444,15444,"6971,6220,2218,5303,10326,275,4798,12665,9942,2989"
15457,15457,"4798,6220,8562,3950,5303,10326,13346,6971,8483,9942"
15466,15466,"8562,3950,717,217,13249,11000,4277,4798,10326,13346"
15475,15475,"4798,12857,8413,13249,3950,5676,10326,1978,5495,5303"
15483,15483,"11298,1290,2989,9101,7679,11024,9295,7120,4576,12665"
15487,15487,"12665,4798,544,8235,10326,5875,89,1290,8562,9101"
15500,15500,"2140,275,10326,544,4798,7063,12404,1290,9942,9771"
15511,15511,"6220,9942,2343,9532,10326,4798,1244,9693,544,5532"
15515,15515,"8562,6220,3950,2218,4798,13346,5545,10326,7707,8681"
15519,15519,"4798,12665,6971,8562,13346,9942,5303,544,3950,3055"
15534,15534,"9693,2343,8413,5303,6834,9942,5545,2537,544,10326"
15545,15545,"1290,7120,11298,9101,4576,12869,11024,2989,10137,1779"
15553,15553,"9730,2343,2989,9693,544,12869,7679,11024,11298,4576"
15556,15556,"5495,8413,12470,2218,3950,8562,6220,5303,9942,8483"
15564,15564,"4798,13249,13346,6326,3950,12857,6433,10326,544,8161"
15567,15567,"1290,7120,11298,1244,12869,7669,4929,9101,4576,4163"
15582,15582,"4798,12857,8562,6433,6326,10326,217,5676,13346,9602"
15585,15585,"10326,4798,4277,5303,717,12857,8562,6971,8421,6220"
15587,15587,"8562,6220,3950,8413,5303,13346,5495,2218,10326,2140"
15589,15589,"6971,5303,4798,10326,8483,2140,8562,275,4277,11000"
15590,15590,"9693,6795,5495,3428,12665,5532,2537,64,6220,544"
15595,15595,"3055,10326,544,4798,6522,1290,9101,7526,9942,13346"
15611,15611,"11298,1244,9101,9730,12869,2916,9295,4576,9962,2989"
15613,15613,"3950,13346,9942,4798,3428,6220,10326,8562,6971,12665"
15632,15632,"10326,8562,13346,6220,4277,5303,544,12665,6326,5495"
15633,15633,"10326,544,4277,5303,350,4798,13249,9072,12665,12857"
15639,15639,"4798,6971,5303,3950,10326,6220,2218,8421,8590,8483"
15648,15648,"10326,4798,4277,217,6971,717,544,6220,8562,10916"
15652,15652,"4798,10326,350,275,4277,13346,9340,8483,8205,8421"
15683,15683,"6220,9942,3428,2218,5545,8562,13296,7707,544,8188"
15688,15688,"9942,6220,8562,5495,3950,3428,5545,5676,2218,7707"
15703,15703,"9942,3950,8413,8562,13346,4798,4413,544,10326,1290"
15708,15708,"3950,2218,6971,544,10326,4213,4798,2724,1290,5879"
15714,15714,"10326,4798,8562,544,3950,217,12857,717,8483,10916"
15719,15719,"4277,10326,4798,12857,8562,13346,350,10916,544,6433"
15727,15727,"8413,8562,1230,10326,12665,4798,544,6971,1290,9942"
15728,15728,"1290,7120,4929,10663,12030,544,5573,10326,4798,9101"
15735,15735,"10326,4798,8562,4277,275,5303,8590,8483,8421,6971"
15736,15736,"5495,3950,8562,1328,9942,31,6220,10326,4798,12665"
15739,15739,"1290,7120,2989,1244,9295,11024,8978,12869,6288,3464"
15742,15742,"9942,3950,6220,4798,10326,8562,12857,89,8413,544"
15764,15764,"350,50,1978,8562,4277,13346,9178,4798,9234,3950"
15773,15773,"10326,4798,5495,13346,2140,6971,3950,12857,8562,10916"
15774,15774,"1290,7669,11298,7120,6591,12869,9730,9295,2989,9101"
15786,15786,"1290,11298,9101,544,11024,7120,4576,9730,12995,12869"
15789,15789,"4277,12857,10326,217,717,350,9105,4798,8421,6433"
15796,15796,"9942,6220,2343,10326,9693,3428,2218,12665,3950,544"
15800,15800,"5495,8562,2218,12470,12099,10326,12668,4798,10077,3950"
15802,15802,"1290,7120,9101,1244,11298,544,9730,9295,2343,4576"
15812,15812,"10326,4798,5303,544,4277,8562,350,2140,8421,10077"
15815,15815,"5303,544,10326,3870,4798,8503,11320,1290,10154,9942"
15828,15828,"8562,6220,10326,13346,12665,13249,9942,544,3950,4277"
15831,15831,"11298,4664,1244,7679,1779,1290,544,10326,7265,9101"
15840,15840,"4277,10326,350,717,544,9340,275,10594,217,12404"
15845,15845,"4798,8562,13346,3950,10326,12857,9942,6326,6220,4413"
15847,15847,"2218,6220,8413,5461,5495,544,232,10326,4798,1290"
15856,15856,"4798,10326,8562,12857,6971,10916,13346,5303,4277,6326"
15861,15861,"12869,1290,11298,4163,2957,9962,1244,7120,1558,544"
15862,15862,"1290,7120,11298,9101,1244,4576,544,12869,9962,4929"
15871,15871,"5495,12470,8413,7707,8562,2218,8188,544,3950,10326"
15872,15872,"8562,3950,13346,10326,8421,3055,4798,8413,5495,9733"
15883,15883,"1290,7120,11298,9295,2989,1244,9101,544,6971,4576"
15886,15886,"544,2343,6220,7707,1863,8562,10429,10326,1290,4798"
15888,15888,"9942,6220,12665,544,5303,3950,10326,6971,3428,2218"
15898,15898,"4798,6220,4277,10326,13346,8562,8421,6971,3950,3870"
15919,15919,"4798,50,10326,6795,6326,4416,64,12665,3950,8562"
15922,15922,"1290,7120,11298,4929,1244,5135,9295,3697,12869,9101"
15931,15931,"544,1290,7120,9693,10326,11315,1244,4798,5251,9101"
15941,15941,"6220,8562,9942,8188,3950,7707,2218,5495,3428,544"
15943,15943,"4798,12857,10594,10326,8161,13346,8421,544,8562,5303"
15956,15956,"10326,6220,4798,8562,6971,3950,12665,5303,275,5545"
15958,15958,"1290,7120,6220,6971,544,4798,5303,10326,89,275"
15960,15960,"2343,8413,5303,6220,4798,10326,2140,13346,6795,810"
15973,15973,"3222,11298,4890,9101,5979,4545,11024,4576,7605,544"
15977,15977,"1290,7120,11298,1244,4929,9962,9101,789,9295,12869"
15994,15994,"8562,89,13110,3950,7359,4413,13346,10326,544,6220"
15995,15995,"1290,7120,1244,11298,4929,6971,9730,9101,9962,544"
15996,15996,"6220,3950,13346,5545,9942,10326,8562,4798,5303,6971"
15999,15999,"6220,3950,2140,8562,4798,544,10326,220,9942,1290"
16060,16060,"1290,7120,4798,10326,6971,6220,544,12665,5303,8562"
16069,16069,"3950,4798,13346,217,2218,10326,8483,1978,717,13249"
16076,16076,"1290,11298,2989,9101,544,7120,1244,12869,9730,4576"
16085,16085,"10326,544,4798,8562,12191,1290,5495,9101,9942,6383"
16089,16089,"8562,6971,1290,4798,10326,544,2140,8922,8703,9668"
16097,16097,"10326,4798,4277,544,8562,13346,5303,3950,217,10594"
16112,16112,"3950,6326,6220,544,9942,13110,217,10326,3428,12857"
16116,16116,"4798,10916,12857,10326,8562,544,6971,1290,9101,9942"
16137,16137,"4277,275,4798,8483,10326,5303,350,13346,217,544"
16150,16150,"3950,717,217,1328,7087,8562,10326,6528,8421,544"
16174,16174,"3428,3950,9942,13110,4413,8562,8413,544,10326,4798"
16176,16176,"3950,8413,8562,1889,6971,544,4173,10326,6220,4798"
16210,16210,"1290,7120,4929,6971,1244,10663,9962,11298,544,789"
16212,16212,"10326,4798,8562,3950,13346,12665,6220,4277,5303,12857"
16230,16230,"10326,4798,8562,3950,5303,6220,2218,4277,13346,544"
16245,16245,"10326,4277,544,4798,217,8562,1328,350,6433,717"
16293,16293,"8562,3950,6220,13346,4798,10326,13249,5303,12857,9942"
16299,16299,"1290,7120,11298,9295,1779,1244,2989,9101,9730,544"
16300,16300,"1863,10429,544,10326,7707,4798,8562,1290,9101,9942"
16303,16303,"12857,8562,3950,10916,10326,4277,2218,2140,4798,544"
16305,16305,"1290,7120,11298,12869,6971,89,4576,9101,6220,2989"
16314,16314,"4798,8562,10326,4277,5303,12857,13346,544,6433,6326"
16328,16328,"4798,8562,10326,12857,13346,2140,11540,544,652,3458"
16340,16340,"1290,7120,9101,11298,544,1244,12869,9962,10326,2989"
16351,16351,"10326,9942,544,1328,4277,3428,8483,10869,5184,217"
16363,16363,"4798,11969,2343,10326,5495,6220,13346,544,9693,5303"
16376,16376,"4798,6971,5303,10326,2140,7063,544,6433,8562,1290"
16387,16387,"4798,12857,10326,6433,6326,4277,10916,8421,13346,6220"
16395,16395,"6220,10326,8562,4798,544,5545,3428,3950,2140,1978"
16414,16414,"8562,6971,6220,4798,7707,810,10326,5545,12665,544"
16416,16416,"8413,7715,544,10326,4798,1290,8562,9942,9101,9454"
16418,16418,"6971,6220,10326,5303,2218,89,12665,544,5495,9942"
16471,16471,"1290,2989,11298,7120,1244,9101,4576,544,11024,12655"
16489,16489,"8562,4798,10326,12857,8413,6220,3950,2218,6326,13346"
16497,16497,"2343,9693,5532,6795,5199,12665,5303,10835,10326,544"
16509,16509,"5303,2218,2140,6971,4277,544,8562,6220,10326,1978"
16510,16510,"9942,3950,13346,6220,5303,2218,8413,5545,8562,4798"
16521,16521,"11298,1290,1244,7120,11024,2989,9730,4664,9101,10389"
16524,16524,"544,10326,4798,1290,9101,9942,8562,10352,12824,12665"
16582,16582,"5303,13408,544,7136,3275,10326,4798,1290,9942,5495"
16592,16592,"1290,6220,2343,8562,544,9693,6971,7120,10326,8590"
16604,16604,"1290,11298,7120,9101,12655,7679,2989,544,12869,11969"
16605,16605,"1290,9101,11298,7120,4576,11024,544,6220,1244,9942"
16617,16617,"11298,1290,11024,9101,2989,4576,7679,7120,1244,12869"
16622,16622,"11298,2989,9101,1290,4576,1244,11024,12869,7679,11918"
16624,16624,"6220,8562,3950,3428,4798,2140,9942,544,10326,1290"
16628,16628,"3950,11484,13346,8562,10326,544,4798,2903,11406,1290"
16633,16633,"1290,7120,1244,4929,6971,11298,544,2989,9101,10326"
16646,16646,"8562,7707,544,10326,10429,5495,4798,9942,9083,1290"
16651,16651,"10326,13346,5495,4798,8562,12857,13249,50,9942,13408"
16654,16654,"10326,13346,4798,6971,8562,6220,8483,6326,5495,8421"
16673,16673,"8562,3950,2218,9942,6220,5303,4798,13346,12857,8413"
16675,16675,"10326,4798,6220,8562,13346,9942,3950,4277,6326,12857"
16677,16677,"6971,2343,2218,9693,3950,5303,5532,4798,12665,8562"
16679,16679,"8413,275,4798,6971,8562,1889,13375,3416,2218,5303"
16686,16686,"1290,11298,7120,9730,1244,1779,9962,544,9101,10607"
16695,16695,"4798,10326,3950,4277,5303,8562,12857,10594,6220,8421"
16704,16704,"3428,8562,13346,3950,9942,5676,8413,5545,12153,13306"
16709,16709,"6220,9942,13346,12665,3950,5495,1220,2218,5545,8562"
16773,16773,"4798,10326,4277,5303,12857,6433,13346,3950,6326,8562"
16774,16774,"10326,8562,12857,3950,2218,1889,13346,8421,4798,13249"
16797,16797,"6220,3950,9942,3428,8562,13110,13346,12665,13306,8681"
16803,16803,"2140,8562,7063,10326,4798,544,1290,9101,9942,6751"
16804,16804,"10326,4798,4277,13346,12857,10916,3950,5303,6433,6326"
16806,16806,"8562,6220,544,4798,10326,5303,12665,5495,7707,2140"
16810,16810,"3950,9942,13346,3428,6220,8413,12934,8562,544,1889"
16836,16836,"6433,4277,350,10326,544,2140,1978,4798,8562,581"
16844,16844,"13306,5495,13346,544,10326,4798,1290,9101,4266,9942"
16861,16861,"1244,1290,11298,12869,7120,4163,2957,9101,9962,3464"
16875,16875,"4798,10326,6971,5303,13346,2218,8562,3950,2140,6326"
16936,16936,"4798,10326,13346,3950,12857,8562,4277,6971,5303,10916"
16946,16946,"4798,217,10326,13346,12857,3950,5303,8562,1328,717"
16965,16965,"4798,10326,6220,3950,5303,13346,8562,2140,275,2218"
16987,16987,"10326,4798,6971,5303,8562,2140,6220,12857,8421,4277"
16988,16988,"6971,2343,12665,8922,5875,4798,544,10326,89,8562"
16989,16989,"8562,10326,6220,4798,3950,12665,9942,5303,2218,13346"
17007,17007,"10326,6971,4798,275,5303,9942,8562,9602,544,1290"
17016,17016,"10326,4798,3950,6220,8590,13346,5461,8562,4277,9942"
17030,17030,"4798,10326,6971,544,13408,8562,1290,9101,9942,3950"
17034,17034,"4798,10326,13346,8562,3950,4277,6971,10916,12857,6220"
17054,17054,"13346,5303,12857,2140,10326,4798,10594,8562,544,4277"
17056,17056,"12857,1328,4798,13346,10326,6326,350,544,8562,1290"
17084,17084,"10326,12665,2218,5495,4798,5303,3950,6220,544,8562"
17098,17098,"544,5495,4277,5303,10326,12470,12665,9101,2343,1290"
17102,17102,"4798,10326,6971,5303,3950,8590,2218,2140,6220,275"
17109,17109,"3950,11572,544,10326,4798,1788,1290,9101,9942,8562"
17112,17112,"544,1290,4798,10326,6971,2218,6220,7120,275,9942"
17119,17119,"4798,10326,6971,2343,5303,9942,544,2140,9101,6795"
17124,17124,"6220,5303,10326,2218,9942,8562,13346,3950,6971,12665"
17141,17141,"4798,6971,10326,544,2343,5303,9693,6220,13346,5495"
17160,17160,"4277,8483,217,7679,7669,544,12665,12869,6220,9101"
17179,17179,"3950,2218,8562,6220,4798,13346,8483,8413,9942,9602"
17189,17189,"4277,217,717,3950,6433,544,8421,10326,350,4798"
17191,17191,"8562,5495,10326,8981,544,4798,6220,9942,1290,9101"
17194,17194,"8562,10326,12857,5495,8421,4798,3950,544,2218,13346"
17195,17195,"5199,5495,5532,2903,2343,2218,544,10835,10326,9942"
17200,17200,"1290,7120,11298,2989,9101,4576,1244,11024,544,10389"
17212,17212,"6220,3428,3950,10326,13306,5545,6659,8413,13110,8562"
17218,17218,"2343,10326,9693,6220,544,5495,9532,5199,12665,3950"
17232,17232,"8562,217,3950,8413,12857,6326,50,717,6270,8483"
17242,17242,"4798,10326,4277,8562,544,12857,13346,717,217,275"
17255,17255,"3950,8562,6220,9942,8413,3428,4798,13346,10326,544"
17262,17262,"1290,11298,1244,7120,12869,9101,2989,4576,10607,7679"
17275,17275,"6220,8562,12665,3950,5545,13110,4798,2218,9942,5495"
17276,17276,"4277,6220,3950,8562,5303,13346,2140,4798,10326,9234"
17278,17278,"544,1863,1290,10326,9101,4798,10429,1244,11298,4250"
17283,17283,"10326,4798,8562,1290,544,9942,6971,5303,6220,12665"
17284,17284,"11000,10326,13346,1978,5495,8421,3282,4798,544,8483"
17295,17295,"544,10326,6220,4277,9942,3950,217,6433,3428,8562"
17298,17298,"1290,544,2989,11298,9101,7120,1244,4576,11024,12869"
17319,17319,"9942,6220,8562,3428,3950,10326,544,5545,13306,13296"
17320,17320,"544,11298,9101,7679,1290,2989,1244,4576,3148,11024"
17325,17325,"12665,9693,13346,8483,544,6220,10326,6795,4798,89"
17330,17330,"1290,7120,544,10326,5875,4798,1244,9101,7024,11298"
17334,17334,"1290,2989,12869,1244,9101,3704,11024,7120,9962,789"
17346,17346,"6220,9693,2343,12665,9942,13346,8562,4798,2218,8483"
17352,17352,"6971,10326,2218,1290,3950,5303,4798,5532,9942,544"
17353,17353,"1290,7120,6220,4929,9962,789,5135,1244,544,13309"
17396,17396,"10326,4798,8562,5303,2218,3950,8205,12857,2140,4277"
17408,17408,"544,4277,10326,4798,3950,5303,6220,12857,13346,8562"
17414,17414,"8562,6220,3950,5303,5545,10326,9942,6302,12665,13346"
17422,17422,"4163,2957,544,217,10326,7679,4798,1290,7889,9101"
17424,17424,"10326,4277,4798,3950,8562,6971,2140,6383,8421,13346"
17427,17427,"1290,7120,789,9962,5135,4929,544,10326,4798,9101"
17432,17432,"8562,4798,217,3950,13346,10326,6326,8421,6220,13249"
17434,17434,"10326,6971,5303,4798,6220,12857,2343,2140,8590,8562"
17439,17439,"9942,6220,8562,3950,12665,3428,4798,5545,10326,13296"
17442,17442,"6220,544,8562,9942,2343,10326,6971,4798,5303,5495"
17449,17449,"4798,8562,13346,10326,3950,9942,12665,6326,6220,5545"
17472,17472,"9693,5461,5532,5199,12665,544,3950,5495,10326,2343"
17509,17509,"1290,11298,544,1244,9101,7120,2989,11024,4576,10389"
17522,17522,"9942,3055,4413,89,931,4798,544,10326,4602,1290"
17527,17527,"5303,2140,10326,4798,12857,1912,544,7063,12665,9942"
17535,17535,"1290,7120,7679,1244,4576,11298,9295,7342,11918,2989"
17540,17540,"8562,4798,10326,3950,4277,2140,6220,5303,13249,9942"
17541,17541,"1290,11298,2989,1244,9101,9730,11024,4929,4576,4664"
17551,17551,"10326,4798,5303,8562,6220,11000,4277,8421,6971,2140"
17564,17564,"10326,8421,4798,12857,8562,544,1290,717,13346,6311"
17565,17565,"350,10326,544,4798,1290,9101,9942,8562,12191,5495"
17581,17581,"10326,12857,4277,8562,13346,8483,2218,3950,10916,4798"
17596,17596,"6220,6971,4277,275,89,3950,10326,13346,13296,8562"
17601,17601,"3950,8562,9942,4413,8413,13346,4798,544,10326,7723"
17611,17611,"13346,9942,8562,6220,275,10326,8413,10916,12665,4798"
17612,17612,"10326,217,8562,6659,9942,3950,3428,6220,13296,4798"
17620,17620,"8413,5495,6220,3950,12665,8188,2343,5199,8562,5545"
17627,17627,"9693,2343,6795,5495,5532,1220,6834,64,2537,10835"
17634,17634,"8562,6220,1863,544,10326,9942,4798,9083,1290,8981"
17649,17649,"10326,8562,544,6220,4798,4277,3950,13346,350,3428"
17654,17654,"8562,3950,13346,12665,2343,2218,7707,4798,6220,544"
17659,17659,"10326,4798,8562,544,7707,1290,9942,9101,12665,5495"
17666,17666,"1290,7120,544,6220,3950,6971,4929,4576,12665,11298"
17674,17674,"11000,4798,10326,5495,851,544,7916,8132,1290,8483"
17684,17684,"544,10326,4798,350,12665,1328,6383,8421,652,3950"
17708,17708,"10326,8562,5303,2218,4798,6433,3507,13346,12857,2140"
17709,17709,"6220,3950,10326,13346,8562,8483,3428,5495,4798,12857"
17741,17741,"4798,6971,10326,5303,2218,12665,8562,13346,1290,3055"
17752,17752,"544,6307,10326,9375,4798,1290,9101,9942,8562,1213"
17765,17765,"2343,6220,89,12665,3950,2218,4798,13346,9942,5532"
17770,17770,"1290,544,8703,7637,10326,4798,9101,9942,8562,6938"
17814,17814,"6220,2218,544,5676,1220,3950,5495,10326,8562,4798"
17818,17818,"1244,544,350,1290,7120,9942,5866,10326,8189,10987"
17822,17822,"1290,7120,8302,544,10326,2286,11117,4798,1244,12030"
17826,17826,"4798,8562,10326,4277,544,12857,275,2140,10594,10916"
17827,17827,"1290,11298,1244,7120,2989,4576,9101,10389,4664,7679"
17840,17840,"10326,8188,6220,2218,5495,7707,8562,13296,4798,544"
17843,17843,"2218,8413,5495,544,9942,6220,12470,5676,8562,4798"
17864,17864,"4798,3950,10326,5461,9984,6433,5495,544,8562,11969"
17871,17871,"8188,544,10326,10429,4798,8562,1290,5149,9101,1863"
17881,17881,"544,12665,3950,2218,4277,10326,2343,4798,1290,5303"
17928,17928,"10326,8562,4798,6220,544,12665,3950,8421,4277,5303"
17931,17931,"544,10326,4798,1290,9101,8562,9942,9375,12665,5495"
17933,17933,"8413,3950,6220,2343,2218,8562,5303,2903,544,9942"
17953,17953,"544,5495,10326,1290,5303,4798,6220,2218,12665,3950"
17970,17970,"9942,3950,13346,6220,5545,12665,13306,931,89,4413"
17977,17977,"4798,10326,8562,5303,3950,6220,12665,544,13249,4277"
17982,17982,"1290,7120,9962,9101,1244,11298,12869,544,10326,4798"
17995,17995,"1290,6971,7120,13296,544,10326,4798,8562,8302,9101"
18002,18002,"10326,5303,12857,6971,4798,4277,8590,8421,717,10594"
18006,18006,"6659,544,10326,10429,4798,1290,9101,9942,8562,9107"
18023,18023,"10326,5303,6971,6220,4277,275,13346,2140,544,2218"
18024,18024,"4798,10326,544,7439,5747,4877,1290,9101,9942,9771"
18047,18047,"6220,2343,9942,5545,6795,13296,3950,9693,3428,12665"
18050,18050,"9942,4798,2218,6971,6220,275,5303,544,12665,3950"
18078,18078,"10326,4798,13346,6971,8562,4277,5303,8421,10916,544"
18086,18086,"1290,7120,6971,4798,544,4929,9962,9101,1244,789"
18093,18093,"1290,7120,11298,1244,4929,12869,9101,3464,4163,2957"
18115,18115,"10326,3950,4277,4798,12857,8421,2140,717,10594,10568"
18122,18122,"1290,2218,7120,544,8981,10326,4798,9101,5149,12723"
18124,18124,"10326,4798,6971,5303,2343,544,1220,1290,2140,1747"
18127,18127,"1290,7120,1244,11298,4929,9101,9295,12869,10663,4576"
18133,18133,"8562,10326,3950,6220,13346,4277,3428,12857,4798,13249"
18148,18148,"2218,3950,5199,8562,544,9942,6971,10326,2140,2905"
18155,18155,"9693,13346,2343,544,275,9942,8562,10326,4798,64"
18158,18158,"11298,11024,4576,2989,8978,11918,12995,12655,7679,9101"
18166,18166,"10326,10568,4798,3950,4277,544,2140,9178,5303,6220"
18167,18167,"10326,4277,2218,5461,544,6433,9942,3950,9404,9072"
18169,18169,"2140,13346,10326,544,3950,4798,8562,9306,1290,12470"
18175,18175,"9693,6971,12665,6220,9532,10326,5532,4798,544,5303"
18178,18178,"8562,3950,13346,10326,4798,6220,8413,12665,5495,11540"
18214,18214,"1290,7120,11298,1244,9730,9101,4929,12869,2989,10389"
18217,18217,"8562,12665,3950,10326,13346,5303,4798,5495,275,544"
18226,18226,"1290,7120,11298,9101,4576,12869,11024,10137,2989,1779"
18229,18229,"6971,5303,4798,2140,1290,8413,544,10326,2218,9942"
18236,18236,"2905,544,10326,4798,8793,12404,1290,4049,9546,9101"
18240,18240,"6220,3950,9942,6659,5545,12665,3428,2218,89,13110"
18262,18262,"6220,9942,544,8562,3950,3428,10326,5303,12665,13346"
18266,18266,"1290,11298,2989,1244,544,9101,4576,11024,8978,10389"
18272,18272,"4798,8562,13346,6220,3950,5303,12665,10326,6971,2218"
18292,18292,"8562,6220,3950,4798,10326,5303,13346,4277,9942,8413"
18299,18299,"544,6220,10326,9942,4277,3428,8562,275,3950,2218"
18321,18321,"7707,544,10326,4798,6525,1290,9101,8265,4860,6952"
18338,18338,"6220,8562,3950,10326,13346,5303,544,2343,9942,4798"
18339,18339,"10326,4798,4277,5303,10916,350,8483,12857,2140,544"
18341,18341,"8562,4798,13346,10326,2140,5303,544,3950,9942,6971"
18355,18355,"1290,7120,9295,11298,4929,1244,9730,9101,2989,10663"
18364,18364,"1290,544,7120,6971,1244,11298,9101,4576,2903,2989"
18368,18368,"4798,10326,8562,12665,12857,6971,13346,3950,6326,6220"
18393,18393,"4798,10326,2343,6971,5303,9693,13346,8562,2140,4277"
18409,18409,"4277,3950,217,8562,4798,544,5676,717,12665,9942"
18434,18434,"10326,4798,12857,5303,6433,544,3950,10594,10916,217"
18440,18440,"9942,13346,6220,4798,8562,3950,5545,8413,1978,13110"
18446,18446,"10326,6220,2343,9693,4798,12665,4277,3950,11969,8562"
18467,18467,"9942,8562,4798,2140,1220,13346,275,2343,10326,3507"
18475,18475,"1290,6220,2218,9295,9942,7120,8188,544,13296,2989"
18487,18487,"10326,6220,4798,8562,4277,13346,3950,1290,6971,544"
18489,18489,"544,10326,4798,4277,9693,1290,2343,350,5303,12665"
18499,18499,"12857,8205,4277,10326,4798,544,8562,1290,4949,9101"
18505,18505,"4798,10326,8562,3950,13346,6220,4277,12857,12665,5676"
18525,18525,"10326,4798,4277,8562,8421,1290,12857,6971,5303,10594"
18530,18530,"10326,4798,8421,6971,13346,10594,12857,544,4277,217"
18539,18539,"1290,7120,544,10326,4798,9101,1863,9942,1244,2989"
18546,18546,"10326,9693,2343,544,12665,6220,64,6795,89,4798"
18579,18579,"10326,9942,13346,8562,4277,3950,6220,4798,544,3428"
18585,18585,"2343,9693,5532,5199,64,6795,3950,10835,12665,544"
18595,18595,"544,8562,10326,4277,6220,5303,50,3950,6433,13346"
18648,18648,"3950,6433,4798,11000,13346,717,4277,217,10326,1220"
18679,18679,"8562,3950,6220,8413,12665,13346,2218,9942,5545,3428"
18683,18683,"6220,8562,2343,544,8188,5495,10326,9942,3950,9693"
18687,18687,"1290,7120,11298,1244,9101,9730,4929,7679,4576,2989"
18718,18718,"8562,12665,6220,544,4798,10326,6971,3950,5303,9942"
18741,18741,"3950,4798,8562,5495,13346,8413,544,10326,9942,1290"
18760,18760,"1290,11298,7120,11024,6971,2989,4664,9295,544,9101"
18771,18771,"6220,8562,3950,4277,13346,12665,4798,10326,3428,13110"
18787,18787,"10326,4798,4277,275,6971,2140,8421,5303,8562,13346"
18788,18788,"13346,4798,2218,12857,8413,8562,3950,10326,8483,4323"
18789,18789,"2343,13346,8562,10326,12857,544,6220,3127,769,9693"
18798,18798,"6220,3950,9942,8562,13346,1323,3428,12665,4798,13296"
18800,18800,"10326,9942,544,12665,8562,4798,847,1290,4177,9101"
18805,18805,"3950,8562,8413,9942,544,4413,4798,8188,13296,10326"
18806,18806,"7120,11298,1244,9101,12869,9962,9730,789,4929,4664"
18812,18812,"6971,6220,12665,5303,4798,2218,8413,9942,10326,8562"
18818,18818,"6659,1328,10326,544,4798,6528,1290,2875,8562,9101"
18830,18830,"5303,4798,6971,13346,3950,8562,10326,2140,10916,9942"
18835,18835,"1290,7120,1244,9101,2989,6220,6971,12665,4798,4576"
18839,18839,"5495,1355,12470,544,6971,10326,4798,566,5549,9942"
18851,18851,"6220,4798,8413,9942,8562,544,10326,560,6971,1747"
18854,18854,"4798,10326,6971,8562,5303,13346,8205,12857,6220,10916"
18864,18864,"10326,4798,3950,4277,13346,8562,217,544,6220,717"
18865,18865,"7707,544,8562,7063,10326,4798,5495,9942,12665,1290"
18874,18874,"1290,544,11298,7120,12869,9101,1244,2989,4576,11024"
18875,18875,"4798,10326,12857,3950,2218,8562,13346,544,5495,2905"
18879,18879,"7669,9101,7679,11554,4576,3464,8978,12869,544,11298"
18882,18882,"544,1290,6220,11298,9101,2989,9730,12869,4576,4664"
18895,18895,"3950,6220,2218,13346,12665,13306,9942,3055,4798,544"
18903,18903,"10326,4798,4277,5303,13346,6220,275,12665,6971,2343"
18913,18913,"10326,4798,2343,13346,8562,9693,4277,544,10916,64"
18934,18934,"1290,7120,1244,11298,544,4929,6971,9962,12869,9101"
18935,18935,"1290,6971,7120,8590,5532,2903,10326,5199,9693,10835"
18981,18981,"6220,12665,9942,6971,8562,2218,544,7792,10916,3950"
18985,18985,"13346,6971,4798,10326,1290,8562,9693,6220,544,2343"
18987,18987,"9295,2916,544,6243,11298,12497,10326,1244,9101,4798"
18990,18990,"10326,4277,6220,13346,8562,5303,10077,544,4798,6971"
18996,18996,"4798,3950,2218,10326,8562,6326,6971,6220,5303,13346"
19010,19010,"10326,4798,4277,544,10916,13346,8562,5303,8421,6433"
19016,19016,"1290,7120,9101,12869,2989,11298,9730,9438,4576,4929"
19018,19018,"13346,8483,1328,4798,544,10326,8562,1290,9101,473"
19029,19029,"4798,10326,5303,2140,8562,275,2218,8421,13346,13249"
19060,19060,"6220,5545,7679,9101,12665,2989,4654,544,1290,9693"
19069,19069,"1290,7120,544,1244,11298,5303,4929,6971,2989,12869"
19084,19084,"4798,10326,8562,4277,5303,13346,12857,2140,6433,6971"
19086,19086,"1290,7120,2989,1244,9101,6220,11969,12869,12665,4664"
19105,19105,"1290,7120,9295,4929,10663,3464,9101,3697,2916,544"
19110,19110,"1290,1244,11298,7120,12869,2989,9101,9962,544,9295"
19135,19135,"10326,544,4798,1081,1290,350,4832,9101,8562,9942"
19144,19144,"8562,8413,5303,6220,10326,544,4277,3950,6971,4798"
19154,19154,"13249,5461,4798,5495,544,220,10326,6982,9800,3585"
19168,19168,"8562,10326,4277,3950,4798,6220,12857,12665,6326,5303"
19173,19173,"1290,7120,2218,4929,5495,544,4798,10663,10326,6220"
19187,19187,"1290,7120,6220,4798,9101,10326,544,9942,1863,7707"
19216,19216,"3950,227,6659,8562,544,10326,4798,11484,1290,13346"
19227,19227,"9942,5676,2343,3428,9693,6220,5495,6795,10835,544"
19231,19231,"4798,10326,3950,5303,13346,8483,9942,6220,10916,12665"
19234,19234,"11298,1290,2989,1244,11024,7679,4576,9101,7120,1779"
19255,19255,"10326,4798,6220,6971,3950,5303,2218,9942,2140,8562"
19258,19258,"5495,3950,8413,6220,12470,9942,4798,2580,544,10326"
19266,19266,"1290,7120,6971,5303,4929,10326,4798,8590,544,9295"
19296,19296,"13346,4798,8562,6971,6795,5532,2537,64,10326,6834"
19297,19297,"6659,544,10326,4798,8562,1290,9101,9942,12665,5303"
19308,19308,"3950,3055,13346,8562,544,10326,4602,844,4798,8235"
19323,19323,"10326,1328,4798,544,8562,1290,9101,9942,12665,350"
19346,19346,"10326,4798,6220,6971,5303,4277,544,2218,2343,12665"
19347,19347,"7120,4929,6220,4798,6971,3950,12665,4576,9942,10326"
19360,19360,"1290,7120,9295,544,9101,10326,9942,4798,4929,8554"
19364,19364,"7669,3464,2989,11298,4576,11554,7679,1244,1290,4940"
19378,19378,"4798,3950,13346,12857,8562,10326,6326,5642,12665,10916"
19379,19379,"4798,8562,5303,10326,6971,13408,2218,1220,9942,5495"
19380,19380,"10326,4277,5303,11969,544,8562,12857,4798,6220,217"
19381,19381,"10326,4798,4277,8562,12857,5303,8421,10916,2140,10594"
19384,19384,"8562,10326,6220,10568,3950,8421,4277,4798,12665,544"
19385,19385,"4798,6220,8562,13346,3950,10326,2218,6326,12665,7707"
19388,19388,"1290,7120,11298,2989,12869,1244,9101,4929,9295,544"
19406,19406,"10326,4798,5303,4277,544,13346,6971,8562,275,12857"
19408,19408,"5199,5532,5495,2343,10326,544,6971,2903,9693,10835"
19415,19415,"1290,544,11298,7120,1244,4576,8978,3148,11024,2989"
19417,19417,"13346,12665,64,3950,6220,4798,6971,10326,2218,9942"
19434,19434,"2343,9693,2989,64,544,11298,2537,9730,7679,10326"
19441,19441,"10326,4798,4277,12857,5303,3950,8562,13346,10916,8421"
19461,19461,"1290,7120,544,1244,4929,4576,11298,10663,9101,4664"
19474,19474,"3950,6220,9942,13346,2218,8562,12665,89,5199,5545"
19477,19477,"1290,7120,350,544,10326,4798,6957,11682,9938,5409"
19484,19484,"2989,11298,1244,9101,8978,11024,544,12869,7679,10389"
19502,19502,"5495,7707,12099,12665,544,8562,6971,566,9942,5676"
19503,19503,"6220,544,6971,4277,10326,5303,3428,4798,714,9942"
19512,19512,"13346,3428,50,3950,8562,10326,4798,13110,4277,9942"
19515,19515,"9942,6220,975,544,9693,8235,10326,4798,5875,3016"
19518,19518,"1290,7120,2989,9730,4929,6220,2218,9101,10663,12869"
19530,19530,"10326,8562,6220,6971,4798,2218,5303,13346,544,2140"
19559,19559,"1290,7120,9101,11298,12665,12869,6971,9730,1244,4576"
19576,19576,"13346,6971,4798,10326,8922,5875,544,8562,8235,1746"
19586,19586,"2343,9693,9942,3127,64,13296,10326,544,5495,4798"
19594,19594,"1290,12665,544,10326,4798,7120,89,6220,9101,8590"
19605,19605,"544,10429,12606,2327,10326,9570,4798,1863,12665,9101"
19618,19618,"3950,2218,10326,6971,9404,8562,4798,5303,5199,12665"
19620,19620,"4798,8562,6971,5303,10326,6220,8413,2140,544,2218"
19623,19623,"4277,3428,350,13249,8562,3950,9340,13346,10326,13306"
19628,19628,"10326,3950,4277,4798,217,13346,8421,8562,6971,6220"
19631,19631,"7120,1244,4929,11298,12655,4576,11024,544,9101,2989"
19642,19642,"2343,12665,5495,3950,9693,6220,10326,9942,5199,8562"
19644,19644,"2218,2140,4798,7063,10326,544,1290,9306,2291,9101"
19648,19648,"7679,1290,11298,7120,1355,2969,544,5495,1244,10326"
19665,19665,"8562,12665,10594,4798,6220,2777,10326,544,6433,1319"
19683,19683,"1290,11298,544,1244,9101,7679,2989,3464,4576,11024"
19684,19684,"4277,8562,10594,4323,8421,217,9455,10326,1889,717"
19693,19693,"10326,4277,4798,9340,11000,217,13249,544,12857,2343"
19696,19696,"4798,10326,3950,6971,5303,8413,12857,13346,6433,4277"
19707,19707,"4798,10326,5303,6971,12857,4277,3950,8421,8562,717"
19715,19715,"2343,9693,6220,64,13346,9942,5532,4798,5495,544"
19716,19716,"1290,7120,4929,1244,11298,9101,544,2916,3697,13309"
19729,19729,"1290,7120,4798,6220,8562,6971,10326,5303,8590,2140"
19734,19734,"10326,13346,8562,5303,4798,2218,3950,12857,5495,10594"
19758,19758,"13346,3950,8562,544,10326,3799,4798,1290,5460,9786"
19764,19764,"8562,4798,10326,6220,5303,6971,2343,2218,13346,3950"
19773,19773,"1290,11298,544,1244,9101,2989,4929,9730,4576,9962"
19778,19778,"5495,3950,6220,2218,12470,9942,4798,8562,10326,5461"
19780,19780,"8562,6220,2218,3428,9942,13306,5184,12665,13296,6659"
19784,19784,"10326,6220,8562,544,4277,4798,6433,350,50,7707"
19786,19786,"8562,4798,4277,6220,3950,13346,13249,544,10916,8421"
19793,19793,"10326,6220,2218,4277,3950,4798,5303,8562,5495,6971"
19798,19798,"10326,13346,5495,6220,4798,4277,3950,544,3428,2343"
19808,19808,"4798,8562,3950,10326,13346,6220,6971,8413,13249,12665"
19812,19812,"1290,7120,1244,2989,12869,4929,7679,9101,3464,11024"
19821,19821,"8562,10326,4798,3950,12857,13346,6433,7707,5303,6220"
19830,19830,"12869,9730,11298,1244,1290,9962,9101,7120,789,2989"
19843,19843,"1290,7120,12869,7669,2989,9101,11298,9295,11554,544"
19867,19867,"6220,9693,2343,7707,2218,9101,1863,9942,10326,1290"
19889,19889,"8562,3950,6220,13346,4798,9942,12665,10326,2218,4277"
19893,19893,"8562,6220,10326,4798,7707,13296,8188,2218,11969,5545"
19898,19898,"1290,7120,11298,9101,9295,4929,12869,4576,2989,1244"
19902,19902,"8562,350,10326,544,2140,4798,1290,9101,9942,12665"
19905,19905,"4798,10326,8562,5303,8590,4277,13346,3950,10916,8421"
19910,19910,"3950,4277,8562,10326,4798,8421,13346,217,6220,10077"
19929,19929,"10326,8562,6220,4798,4277,544,12665,8483,13346,5303"
19932,19932,"1290,11298,1244,7120,4576,7679,2989,1779,10389,9101"
19952,19952,"8562,10326,6220,4798,13346,3950,9942,6433,5495,8421"
19956,19956,"13110,8421,4798,10326,6220,544,8483,8562,2814,1210"
19987,19987,"4798,8562,10326,13346,8421,3950,4277,6326,10916,8161"
20008,20008,"4798,544,1290,4277,6971,8562,6220,12665,5303,11969"
20018,20018,"4798,3950,8562,8413,13346,9942,6220,10326,12665,2218"
20019,20019,"1290,544,7120,9942,5303,4277,5731,10326,4929,8413"
20020,20020,"1290,7120,4929,10663,544,2916,10326,4798,11298,9101"
20023,20023,"13346,4798,3950,10326,5495,8562,6326,13249,8413,9942"
20031,20031,"6220,8562,2218,544,4798,7707,5545,13296,9942,1863"
20039,20039,"8562,6220,12665,13346,9942,3950,8413,544,3428,2343"
20040,20040,"9942,6220,4798,5303,5495,3950,12665,8562,2140,544"
20041,20041,"12470,8188,8562,544,8413,6220,5676,7707,2218,769"
20045,20045,"3950,13346,4798,10326,8562,12665,10916,8421,6326,6220"
20056,20056,"1290,6220,4798,12665,6971,7120,11298,89,9101,544"
20069,20069,"10326,4798,13346,2218,6220,4277,5303,544,3950,2343"
20074,20074,"6220,9942,6659,8562,3428,13110,5184,5545,7359,10326"
20083,20083,"8562,3950,10326,9942,13346,4798,6220,5545,544,3428"
20085,20085,"1290,11298,11024,7120,11918,7679,4664,2989,12869,9730"
20086,20086,"6220,5303,8413,6971,4798,8562,3950,9942,5495,544"
20089,20089,"8562,6220,3950,13346,2218,4798,4277,5642,8681,3870"
20101,20101,"6220,4798,5303,13346,9942,12665,3950,89,3055,8590"
20104,20104,"544,10326,5760,8911,2034,4798,1290,449,9101,9942"
20112,20112,"8562,6220,3950,12665,544,4798,9942,10326,13346,5303"
20115,20115,"8562,3950,6220,4798,10326,13346,3055,2903,6326,9942"
20133,20133,"1290,7120,12869,11298,789,1244,9101,9730,5135,544"
20136,20136,"2343,10326,4277,217,9693,4798,544,1220,8562,13346"
20138,20138,"11298,1244,1290,9962,11024,7120,789,9295,5135,4664"
20162,20162,"4798,10326,3950,6971,8562,8421,5303,13346,12857,6220"
20176,20176,"4798,10326,544,6971,2218,275,6220,8562,2140,8590"
20200,20200,"10326,4798,13346,275,2140,8562,4277,6971,5303,9942"
20222,20222,"9306,4798,544,10326,1290,8562,9101,9942,13214,12665"
20251,20251,"1290,10326,4798,6971,7120,5303,544,8590,2140,2218"
20256,20256,"12470,10326,5303,2218,12099,12668,5199,10594,544,13408"
20264,20264,"10326,4277,8562,5303,6433,4798,6220,810,10594,350"
20280,20280,"10326,4277,4798,13249,8562,217,10916,8421,6433,10594"
20286,20286,"6220,1290,2989,7707,1244,544,1863,10429,8188,9101"
20323,20323,"1290,7120,11298,4929,9962,10663,9295,789,9101,5135"
20324,20324,"1290,7120,4576,544,4929,6220,1244,6971,8590,9101"
20336,20336,"1290,11298,9693,9101,544,1244,9730,6220,4576,12665"
20339,20339,"8562,9942,3950,6220,4798,13346,8413,6326,5545,3870"
20344,20344,"1290,5495,6971,7120,5303,544,10326,2989,4798,1244"
20356,20356,"10326,8562,6220,9942,3950,12665,4798,13346,2218,3428"
20360,20360,"1290,7120,6971,2343,4929,544,10326,4798,9693,9101"
20362,20362,"2343,9693,5532,5199,2537,10326,10835,3127,6834,5495"
20376,20376,"13346,10326,3950,10077,4277,13249,8562,2140,10568,12857"
20381,20381,"10326,2218,4798,6971,12665,5676,6220,5303,8562,1220"
20394,20394,"7120,11298,1244,544,2989,9101,4576,4929,6971,11024"
20397,20397,"8562,6220,1355,1779,7707,544,12665,5495,1863,10326"
20407,20407,"3428,6659,3950,6220,8413,13346,5495,10326,8483,9942"
20413,20413,"1290,11298,7120,2989,1244,9730,12869,11024,9101,9295"
20433,20433,"1290,7120,1244,11298,9962,4929,9101,789,5135,544"
20448,20448,"544,5303,810,7792,2140,9101,8623,1290,10326,9553"
20492,20492,"4798,10326,8562,89,3055,6220,9942,5545,13346,6326"
20505,20505,"1290,7120,11298,1244,2989,9101,12869,544,4929,4576"
20512,20512,"10326,4798,13346,3950,12857,8562,6326,10916,5642,5303"
20514,20514,"544,10537,13013,10326,4798,12453,4181,1290,1706,9101"
20533,20533,"4277,217,350,10326,4798,8483,5109,6433,5303,12857"
20543,20543,"1290,7120,5303,8421,2989,12404,10326,2140,4798,6220"
20546,20546,"4798,10326,12857,8161,10594,717,4277,9580,544,8421"
20557,20557,"4798,8562,10326,3950,9942,2218,13346,5303,4277,544"
20558,20558,"4798,10326,12857,9602,10594,3950,1290,544,8562,2289"
20561,20561,"12665,6220,13346,4798,3950,3428,9942,10326,2218,8562"
20566,20566,"1290,11298,4576,9101,1244,7120,544,10389,6220,12869"
20573,20573,"11298,1244,2989,544,1290,10326,9101,4798,9942,8562"
20623,20623,"1290,7120,4929,6971,10663,4798,544,10326,8562,9101"
20627,20627,"544,10326,1290,6220,9730,4277,4798,7120,12665,5303"
20643,20643,"4798,10326,6971,5303,2140,275,8161,13346,544,8562"
20645,20645,"1290,11298,1244,9101,7120,12869,544,4576,11024,789"
20652,20652,"717,4277,10326,13346,8562,3950,8421,5495,5303,4798"
20654,20654,"10326,4798,8562,4277,3950,13346,217,717,6220,6433"
20667,20667,"6971,89,1290,5199,2989,544,2903,10326,4798,9101"
20670,20670,"3950,544,10326,13408,4798,1290,10159,9101,9942,11467"
20671,20671,"10326,8562,2218,4798,3950,5303,6971,544,13346,12665"
20676,20676,"9942,5303,3950,8562,13346,6220,2140,10326,2343,5199"
20694,20694,"544,1290,4277,7120,5303,10326,6220,12665,2989,11298"
20709,20709,"10326,5495,4798,12470,5303,8562,2218,544,6220,3950"
20716,20716,"4798,5303,6971,8562,2218,10326,13346,2140,544,5495"
20739,20739,"5303,13296,217,64,13346,3565,12315,10326,1715,2343"
20763,20763,"544,2343,9693,10326,6971,5303,6220,5199,2903,2140"
20779,20779,"1290,11298,1244,7120,544,4576,2989,11024,9101,9942"
20781,20781,"3950,2218,6971,9942,4798,6220,12665,8562,8413,7707"
20790,20790,"1290,7120,6971,9295,789,9962,544,11298,6126,10326"
20792,20792,"4798,10326,12857,5303,8421,4277,6971,10916,717,217"
20797,20797,"4798,10326,8562,5303,13346,9942,544,5495,4277,3950"
20811,20811,"6220,3950,9942,4798,5303,6971,3428,13346,8562,10326"
20821,20821,"1290,7120,1244,11298,9101,4929,11024,9730,12869,4576"
20830,20830,"10326,4277,4798,10594,8562,8421,6383,9580,544,1180"
20861,20861,"9693,2343,6220,6971,544,6795,8590,13346,5495,5676"
20878,20878,"1290,9942,6220,11298,2989,7120,6971,9101,1244,12665"
20891,20891,"8562,544,5875,10326,12665,4798,9942,1290,7024,9101"
20895,20895,"6220,8562,3950,5495,2218,13346,4798,8413,9942,5545"
20901,20901,"10326,4798,6220,13346,8562,6971,2343,4277,5303,544"
20908,20908,"10326,4798,8562,4277,2343,275,544,3950,6220,5303"
20928,20928,"1290,7120,4929,10663,544,6971,12030,10326,4798,9101"
20945,20945,"6220,6659,5303,9942,12665,8562,3428,544,5545,9072"
20971,20971,"4798,10326,4277,8562,13346,6433,12857,13249,6326,8421"
20979,20979,"4798,10326,6971,5303,8562,4277,3950,2218,9942,2140"
20982,20982,"5303,10326,8421,4798,4277,6433,544,10594,12857,1017"
20991,20991,"10326,8562,13346,6220,5303,2140,12665,9942,6326,3950"
20998,20998,"9942,3950,6220,5495,13346,3428,8562,64,12665,1225"
21006,21006,"3950,9404,6220,2343,5199,5532,4798,10326,5495,9693"
21018,21018,"6971,5303,10326,2140,8562,8161,4798,6515,275,544"
21028,21028,"9942,6220,8188,8562,544,6659,5495,5532,4798,10326"
21041,21041,"8562,3950,10326,13346,9942,6433,4798,5495,10916,544"
21042,21042,"2343,544,5199,5532,9693,5495,2903,10326,6795,3127"
21064,21064,"1290,7120,11298,4929,9962,9101,544,12869,10663,10607"
21075,21075,"6971,2343,544,12665,5303,5199,3950,9693,89,5532"
21078,21078,"10326,3950,8562,13346,9942,2218,3870,4798,3428,5545"
21081,21081,"5495,12470,5303,2218,6220,6971,2343,3950,1746,8590"
21084,21084,"8562,3950,6220,6971,10326,12857,13346,4798,4277,2140"
21089,21089,"10326,4277,4798,10594,350,8421,217,8562,5303,10916"
21112,21112,"1290,7120,1244,2989,9101,544,4929,4576,11024,9295"
21126,21126,"13346,8562,3950,8413,4798,544,10326,9942,1290,9101"
21129,21129,"1290,7120,6971,4929,12869,9101,9295,10663,9438,9730"
21130,21130,"2343,10326,9693,13346,6220,3950,9942,64,544,12665"
21137,21137,"3950,8562,6220,6971,5303,544,13346,10326,5642,4798"
21149,21149,"5495,8562,4798,2343,13346,3950,10326,9942,12470,2218"
21152,21152,"10326,8562,4798,2218,5303,6220,12665,13346,3950,275"
21177,21177,"8562,4798,3950,10916,13346,350,4277,10326,544,1290"
21191,21191,"7120,4929,10663,6971,12497,2916,544,10326,4798,8922"
21200,21200,"10326,3950,8562,6220,1328,9942,2218,5676,12665,3428"
21204,21204,"10326,4798,4277,3950,8562,5303,717,217,13346,10916"
21221,21221,"5495,6220,2218,6971,1290,8562,12470,5303,3950,8590"
21228,21228,"1290,544,7120,11298,6971,2989,2218,10326,12665,9101"
21249,21249,"5495,10326,544,2140,2218,5303,275,13315,4798,350"
21256,21256,"3950,4798,6220,8562,6971,9942,10326,544,11396,1290"
21261,21261,"13346,8562,4798,3950,8483,10326,8413,6326,12857,2218"
21279,21279,"10326,544,6220,2343,12665,4798,9942,9693,1290,2989"
21282,21282,"1290,7120,11298,1244,9101,544,2343,9730,9295,2989"
21305,21305,"10326,4277,717,4798,6433,10916,10594,8562,8421,544"
21307,21307,"217,10594,13110,544,5734,10326,12152,1323,4798,5040"
21315,21315,"5642,810,1574,10100,11094,3950,544,10063,4365,8505"
21342,21342,"544,7120,2989,9101,11298,6971,1244,4576,12869,4929"
21347,21347,"10326,4798,6220,13346,3950,4277,5303,8562,12665,544"
21357,21357,"6220,544,9101,8562,7707,1290,1244,10429,10326,4798"
21358,21358,"10326,5532,6971,2903,5199,5495,544,9532,2218,2343"
21368,21368,"1290,9962,11298,789,7120,544,1244,10326,9101,4798"
21372,21372,"1290,7120,11298,9730,9101,2989,1244,4576,544,11024"
21373,21373,"9942,3950,4277,3428,2218,13306,12665,6220,5495,8562"
21383,21383,"7120,9101,544,1244,11298,4929,2989,9693,89,10663"
21393,21393,"6220,9942,8562,3950,13346,5303,2218,8413,5545,3428"
21415,21415,"1290,7120,6971,9295,4929,11298,1244,8590,544,3697"
21421,21421,"1290,8562,9942,6220,4929,9101,10663,4798,4576,10326"
21433,21433,"4798,6971,10326,275,5303,2140,4277,544,3950,12665"
21449,21449,"544,10326,4277,3950,2343,4798,6220,13346,217,5303"
21483,21483,"10326,6220,9942,8562,13346,4277,3950,4798,5303,3428"
21488,21488,"8562,10326,4798,3950,13346,12857,6220,8421,5303,10916"
21518,21518,"2989,1244,3428,9101,544,9942,8978,7679,12869,4576"
21528,21528,"12470,8562,6220,2218,13346,5303,7707,3950,8188,3428"
21536,21536,"1290,7120,11298,1244,2989,4929,9101,544,4576,9730"
21585,21585,"4798,8562,6220,9942,5303,5495,7707,12665,13296,5545"
21598,21598,"1290,11298,2989,9101,9730,7120,9295,3464,10389,6971"
21602,21602,"8562,12665,3950,5303,13346,6220,3055,9942,4798,544"
21604,21604,"4798,5495,5303,10326,544,8562,13408,1290,12793,9101"
21626,21626,"12665,544,11298,1290,10326,9119,4798,8562,8598,8205"
21636,21636,"12665,3950,9942,2343,13346,13315,64,89,544,2989"
21649,21649,"7120,4929,10663,544,5573,3697,12030,10326,6243,12497"
21650,21650,"1025,544,10326,4798,12859,1290,9101,2650,9942,76"
21655,21655,"1290,7120,11298,9101,1244,12869,4576,11024,544,2989"
21662,21662,"11298,12869,1244,1290,9101,544,4576,11024,9295,10389"
21681,21681,"1290,7120,11298,1244,9101,12869,4929,2989,9730,544"
21686,21686,"350,2140,544,10326,2411,4798,7063,1328,9340,217"
21699,21699,"3950,13346,6220,8562,5303,4798,12665,2218,6971,9942"
21702,21702,"1290,11298,7120,1244,9101,9730,544,4576,2989,10607"
21709,21709,"4798,10326,13346,8562,3950,12857,6971,5303,8421,12665"
21718,21718,"4798,10326,3950,8562,5303,4277,12857,13346,8421,6433"
21719,21719,"10326,4798,4277,5303,8421,10594,12857,544,717,13346"
21724,21724,"8562,6220,3950,3428,10326,4798,13346,9942,13306,13249"
21741,21741,"1290,11298,9101,2989,1244,7679,7120,544,4576,12869"
21746,21746,"1290,11298,7120,9101,1244,12869,544,4576,11024,10137"
21751,21751,"3950,9942,6302,8413,544,8562,10326,13346,4798,1290"
21754,21754,"4277,10326,4798,13346,12857,8562,6433,8421,13249,717"
21768,21768,"3950,4798,12665,6971,6220,13346,10326,2218,9942,13296"
21775,21775,"6220,544,5199,9942,5495,10326,4798,8562,1290,9101"
21781,21781,"11298,9730,1290,2989,11024,9101,12995,1244,4664,12869"
21789,21789,"7120,11298,1244,9101,4929,4576,544,2989,6971,11024"
21795,21795,"3950,4798,2218,5495,8922,2140,10326,8562,544,5303"
21812,21812,"8562,3950,8413,3055,13346,12665,1286,2218,544,10326"
21814,21814,"10326,4798,13346,5303,8562,6971,12857,2140,6326,6433"
21820,21820,"3950,10326,13346,8562,4798,12665,12857,6220,5303,5642"
21827,21827,"10326,4798,9942,6220,4277,5303,2218,8562,6971,717"
21838,21838,"8562,6220,10326,8188,4798,1355,13346,7707,544,12606"
21855,21855,"2343,9693,64,6795,13346,5532,5495,544,9942,5199"
21881,21881,"4798,13346,12857,275,64,10326,3950,6971,9942,8413"
21884,21884,"8562,6220,4798,10326,12665,13346,6971,9942,5303,2218"
21889,21889,"1290,7120,544,10326,6971,1244,4929,4798,6220,9101"
21896,21896,"10326,4798,8562,6220,4277,5303,544,12665,13346,7707"
21902,21902,"10326,4798,4277,10916,3950,8421,12857,13346,6971,10594"
21916,21916,"10326,4798,4277,544,6971,5303,8562,10916,13346,8421"
21927,21927,"1290,11298,7120,9962,11024,789,5135,544,9101,10326"
21938,21938,"10326,12857,4277,4798,8421,717,13249,6433,217,1978"
21948,21948,"4277,6433,13346,810,9245,4798,10326,8562,544,10138"
21952,21952,"1290,7120,4929,9295,10663,6971,3697,544,10326,12030"
21954,21954,"2343,6795,5532,5199,9693,5495,2903,4798,544,10326"
21955,21955,"3950,9942,6220,6659,5303,8562,10326,544,11484,11969"
21978,21978,"8188,6220,544,4798,10326,12665,7707,9942,8981,1290"
21983,21983,"1290,11298,2343,7120,9101,544,6220,9693,10326,9730"
22004,22004,"10326,1290,2343,4798,5303,7120,6971,5495,5199,9693"
22007,22007,"1290,7120,11298,3464,11024,12869,9730,4929,4576,2989"
22014,22014,"6220,3950,9942,3428,5545,8413,8562,12665,5495,2218"
22020,22020,"6220,10326,4798,12665,8562,13346,5303,544,4277,3950"
22052,22052,"4798,10326,8421,10594,8161,5303,12857,11000,717,544"
22056,22056,"8562,5495,12665,3950,2218,1323,9942,6302,13346,10326"
22064,22064,"8562,10326,4798,544,7707,3950,6220,8681,13346,9693"
22072,22072,"10326,4798,8562,4277,13346,13249,2218,6220,8483,10916"
22074,22074,"8562,4798,10326,4277,8421,12665,13346,10916,13249,2905"
22102,22102,"3428,6220,3950,9942,13346,544,5545,1889,13306,4798"
22110,22110,"4798,10326,8562,13346,6220,3428,3950,9942,13249,217"
22111,22111,"544,10326,4798,5303,4277,6220,8483,217,717,2218"
22119,22119,"6220,6971,12665,8562,1290,10326,5495,7792,544,9942"
22125,22125,"3950,8413,4798,8562,544,13346,10326,1290,9101,9942"
22150,22150,"10326,4798,6971,5303,544,5199,5495,8922,3950,12665"
22151,22151,"1290,7120,6971,4929,9295,1244,4277,10326,544,11298"
22154,22154,"1290,7120,4929,1244,11298,544,9101,10663,10326,8703"
22213,22213,"9942,6220,2218,3950,6659,5545,12470,3428,3870,5495"
22256,22256,"544,2343,1290,11298,13346,6220,6795,9101,7120,1220"
22258,22258,"5303,4798,8562,4277,5495,13346,10326,275,6971,10916"
22265,22265,"8562,6220,3950,10326,13346,2218,12665,5495,4798,9942"
22279,22279,"6220,2343,13346,9942,89,3950,9693,6971,2218,8562"
22280,22280,"10326,8562,4798,9942,6220,544,1290,5495,6659,5303"
22283,22283,"2343,9693,544,10326,1290,4798,9101,9942,8562,12665"
22286,22286,"6220,3950,3428,8681,8562,5545,3870,13346,8413,2218"
22288,22288,"13346,2343,10326,8562,5199,5303,4277,544,12665,6220"
22321,22321,"1290,11298,7120,1244,2989,9730,11024,12869,4576,9101"
22336,22336,"4798,10326,8562,6220,3950,5303,12665,13346,12857,10916"
22344,22344,"3950,4798,6971,10326,5303,2905,13346,544,1290,2789"
22353,22353,"10326,9453,12665,544,6659,4798,9942,1290,7862,9101"
22356,22356,"4929,1244,9295,6971,11298,9101,3697,544,12497,2916"
22387,22387,"10326,4798,5303,6971,13346,6433,544,8562,2140,10916"
22427,22427,"6971,544,9942,1290,8562,10326,4798,4413,3950,12665"
22428,22428,"1290,2343,9693,9101,7120,11298,9295,12869,544,9962"
22449,22449,"11298,11024,9101,4576,7679,12655,1290,4664,2989,1244"
22452,22452,"544,6220,13296,9942,9101,8188,5495,10429,1863,1290"
22460,22460,"7679,1371,7669,4163,12869,2957,1290,11298,10674,9101"
22467,22467,"1290,7120,10326,4798,544,4929,6971,1244,11298,350"
22480,22480,"1290,7120,544,1244,9101,9962,789,11298,4929,9693"
22481,22481,"10326,4798,6971,8562,5303,275,9942,2140,13346,6220"
22484,22484,"5303,3950,9942,4798,10326,11572,8562,8483,5495,10594"
22489,22489,"9693,2343,5532,9942,2537,6834,9532,64,544,13346"
22502,22502,"9101,1244,1290,11298,4576,7679,3464,9330,10389,7120"
22510,22510,"1290,11298,2989,7120,12869,9101,4576,1244,544,11024"
22511,22511,"1290,7120,6220,544,1863,1244,10429,9942,9101,4798"
22514,22514,"10326,4798,6971,5303,9693,8562,2343,8483,1290,8421"
22520,22520,"1290,7120,4929,544,10326,4798,6133,5573,9101,10322"
22546,22546,"6971,4798,10326,5495,544,12857,2140,8562,1290,13346"
22551,22551,"8562,3950,6220,8413,9942,2218,12665,5545,4413,3428"
22582,22582,"11298,1290,7120,11024,3464,1244,2989,8978,12869,4664"
22595,22595,"9942,6220,2218,12665,3950,2343,9693,10326,13296,3870"
22597,22597,"4798,10326,8562,13346,13249,1634,544,9942,3950,1290"
22605,22605,"3428,3950,4277,9768,217,12470,8562,9942,13306,544"
22618,22618,"4798,544,1290,7120,9942,9101,12869,9693,2343,11969"
22641,22641,"544,10326,4277,717,4798,10077,8421,350,8562,6220"
22645,22645,"10326,4277,350,8562,9178,217,9340,4798,652,544"
22660,22660,"4798,10326,8562,3950,6220,13346,5303,13249,4277,8483"
22666,22666,"3950,4798,8562,6220,2140,10326,9942,2411,13346,3428"
22674,22674,"7120,1244,4929,9101,4576,2989,11298,9730,2916,544"
22678,22678,"1290,7120,11298,544,1244,11024,2343,2989,9101,4576"
22697,22697,"1290,11298,7120,11024,9730,1244,544,9101,10326,4798"
22698,22698,"3950,5495,2218,6220,13346,6971,5303,10326,13315,3428"
22705,22705,"1290,544,10326,6220,4798,6971,7120,5303,8562,8590"
22710,22710,"5676,2343,9693,4277,544,8562,3127,5495,10326,4798"
22714,22714,"3950,2218,13306,8562,3055,3992,6220,13346,2905,544"
22715,22715,"4798,3950,6220,5303,5199,3055,10326,810,8562,13296"
22720,22720,"10326,5495,4277,544,8562,6220,4798,2343,5303,717"
22734,22734,"10326,4798,2218,544,5303,8562,6971,6220,1290,2140"
22735,22735,"4798,6971,10326,5303,2218,2140,8562,3950,8421,8161"
22736,22736,"4798,10326,8562,5303,6971,2218,13346,6220,2140,3950"
22747,22747,"544,8562,10326,2343,9693,6220,7707,4277,2989,4798"
22748,22748,"4798,10326,6971,2140,1290,544,8562,9942,7120,9101"
22759,22759,"2343,13346,9693,12665,6220,3950,10326,13306,544,4798"
22761,22761,"4798,10326,2218,3950,5199,544,5303,2905,2140,8562"
22774,22774,"10326,4798,6971,6220,5303,9942,8562,5495,2218,12665"
22783,22783,"8562,6220,6659,7707,3950,10326,8590,3055,9942,2218"
22830,22830,"544,5495,9693,12470,5676,6220,10326,5303,6795,4798"
22831,22831,"7120,11298,4929,1244,10663,3697,2916,9101,12869,2989"
22846,22846,"544,10326,8562,6220,4798,2343,6971,275,5303,3950"
22850,22850,"1290,7120,1244,9962,11298,9101,789,544,5135,3737"
22883,22883,"8562,2218,5495,6220,12665,9942,4798,10326,544,6971"
22887,22887,"10326,4798,13346,9693,544,6220,3950,4277,12665,6971"
22893,22893,"8562,6220,9942,2218,5303,12665,4798,12857,3950,3428"
22905,22905,"6220,2343,8562,4798,13346,3950,8681,5545,9693,7707"
22923,22923,"6220,4798,2218,10326,3950,5303,8562,9942,12857,2140"
22956,22956,"10326,4798,217,3950,717,12857,8562,13346,10916,4277"
22964,22964,"6220,544,8562,1863,5545,13296,10326,4798,9942,12665"
22972,22972,"11298,1290,9101,1244,7120,12869,7679,9730,2989,4664"
22985,22985,"6971,4798,1290,10326,544,12665,9942,8562,9101,5495"
23011,23011,"10326,4798,544,4277,350,717,217,8562,8421,12857"
23027,23027,"11298,2989,11024,9101,544,7679,1244,4576,1290,9730"
23036,23036,"6220,9942,10326,4798,3950,8562,6971,13346,2218,3428"
23038,23038,"13346,8562,6220,9942,5495,3950,3428,6971,4798,5303"
23046,23046,"10326,1290,4798,6971,11298,5303,9101,1244,12665,2989"
23051,23051,"8413,2218,5303,12857,6220,4798,4277,5495,3950,5199"
23057,23057,"544,10326,4798,1290,9101,9942,8562,12665,11298,2770"
23062,23062,"11298,7679,12869,1244,11024,1290,9101,8978,4163,9330"
23069,23069,"8562,4798,13346,3950,10326,5495,5303,6220,6971,12665"
23078,23078,"6220,2343,8562,5303,12665,2218,5495,89,9942,544"
23113,23113,"8562,6220,2218,4798,13346,6971,10326,3950,8413,5495"
23121,23121,"1290,7120,544,4576,11298,1244,9101,10326,4798,11024"
23123,23123,"4798,8562,10326,3950,5303,4277,2218,6220,13346,544"
23136,23136,"13346,4798,10326,5495,8562,6971,8413,6326,2140,9942"
23138,23138,"4798,3950,10326,8562,6220,13346,4277,6971,9942,10916"
23140,23140,"10326,12665,5303,6220,6971,8562,4798,544,1290,9942"
23170,23170,"10326,4798,3950,4277,13346,12857,5303,6220,8421,717"
23173,23173,"1290,7120,11298,1244,544,9101,2989,10326,5303,12665"
23179,23179,"544,6220,10326,2343,6971,810,2218,5303,4277,4798"
23196,23196,"4798,13346,8562,3950,10326,6220,4277,5495,12665,5303"
23199,23199,"2218,3950,6641,9942,544,4798,10326,5495,13099,11784"
23216,23216,"4798,6971,10326,8562,5303,2343,544,13346,2140,717"
23226,23226,"13346,8562,5495,3950,10326,12470,544,4798,5610,9942"
23233,23233,"10326,5303,4798,2218,8562,8590,8421,6659,6220,544"
23253,23253,"2343,9693,6971,6220,3950,12665,3055,13346,1220,5199"
23281,23281,"1290,7120,11298,9730,544,9295,9101,1244,5969,4664"
