ID,user_id,item_id
12,12,"5303,4277,4798,10326,2140,8562,8421,12857,10916,6971"
14,14,"6220,13296,6971,1290,8590,9942,7637,9668,1863,589"
17,17,"1328,1221,7480,4072,10326,1261,8093,8673,7862,11655"
21,21,"10326,4798,6220,2140,4277,8421,6971,544,8562,6326"
44,44,"1290,11298,7120,1244,11024,789,9962,10607,5135,4664"
55,55,"10326,8562,2218,4798,13296,4277,6220,3950,10916,6326"
56,56,"6971,2343,89,8922,7983,5495,12665,8235,2218,5532"
58,58,"10326,4798,6971,4277,8562,5303,13296,2140,8421,13346"
59,59,"4798,6220,3950,10326,13346,4277,5545,7707,2140,8421"
79,79,"6220,10326,4277,13346,4798,7707,6971,2140,2343,8562"
81,81,"1290,7120,4929,11298,2989,9101,4576,12869,544,1244"
85,85,"2140,4798,8590,10326,6971,5303,8562,6220,2218,12857"
92,92,"1290,11298,11024,7120,12869,4576,10607,1779,10389,4664"
97,97,"3950,12665,13346,9942,2218,3055,4602,4798,931,6971"
100,100,"2140,4798,8421,13346,10326,8562,3950,10916,8161,4277"
112,112,"3950,6971,4798,6220,2140,7707,9733,12857,5610,8562"
122,122,"4277,3950,10326,8562,6220,4798,217,13296,2140,717"
133,133,"2343,9693,8590,9532,544,9942,6659,6220,8483,1323"
141,141,"1290,6220,13296,1863,8562,7120,6971,5149,8703,4698"
144,144,"9295,6954,13330,12449,7188,816,1166,5238,12143,6919"
149,149,"1290,7120,4929,4576,10663,11298,10674,2916,4163,296"
153,153,"3950,6220,10326,2218,4798,8562,5303,13296,8421,2140"
166,166,"6971,1290,5001,8235,9375,9532,7120,3464,7983,7024"
220,220,"6220,8562,4798,13346,2218,5545,13296,9942,7707,6326"
231,231,"3950,2343,9693,9532,5199,5532,3507,12665,9404,13346"
262,262,"1290,6971,10326,7120,4798,4929,12857,5303,2140,10663"
274,274,"6220,6971,2218,2140,544,1290,4798,10326,3950,8922"
277,277,"2343,4576,4277,544,5545,6971,12470,12665,1978,13346"
281,281,"1290,7120,4929,6971,10663,789,5135,9295,9962,11298"
291,291,"217,3428,8421,717,4798,7802,8792,5303,1735,2140"
300,300,"6220,10326,8562,6971,5303,4798,2140,4277,13296,2218"
310,310,"5303,4798,2140,2218,10326,8562,11384,8421,544,6220"
332,332,"5495,12470,13306,5155,609,1642,3565,10236,3545,8188"
344,344,"10326,4277,4798,8562,8421,6433,217,12857,10594,8161"
359,359,"6220,1290,7120,544,13296,89,4576,9962,2218,789"
380,380,"5495,10835,5199,2903,5532,2343,4117,5999,3950,8279"
386,386,"6220,9942,3950,8562,13296,4277,12665,6971,3428,4798"
426,426,"3950,13346,6220,3055,2218,8562,8235,5524,5199,931"
436,436,"10326,4277,4798,8562,2140,6971,8421,12857,13346,544"
453,453,"6220,6971,89,5545,2218,4798,544,3950,8562,9532"
461,461,"7120,544,4929,6971,10663,789,9962,2989,10326,1244"
464,464,"2140,4798,7138,10326,9306,2291,6588,8161,9771,13214"
473,473,"5495,12665,8224,6378,896,11019,527,1440,3050,10779"
481,481,"10326,6220,4798,217,8421,350,6383,11969,717,4694"
490,490,"4277,350,275,9340,10326,4798,7138,8483,6220,9234"
494,494,"6220,8562,4798,6971,10326,5303,3950,7707,5545,2218"
497,497,"1290,2989,7120,12869,7679,9730,2957,11298,10674,7669"
510,510,"2343,3950,6220,544,9942,13346,5532,3428,10835,64"
511,511,"10326,4798,6220,8421,8562,2140,12857,4277,5303,2218"
512,512,"1290,2343,9693,544,4576,7120,5532,1244,6834,10663"
524,524,"1290,7120,789,9962,5135,12869,4929,4664,2916,1244"
525,525,"10326,4798,544,4277,5303,6971,3950,2140,2218,1978"
545,545,"8421,10326,4798,8161,10594,7833,12856,13123,11843,1912"
560,560,"8562,10326,3950,6220,4798,13346,8421,6433,3428,5303"
564,564,"2343,9693,6795,3055,6834,10835,275,2537,1978,10326"
566,566,"2343,13346,3416,5303,3950,11540,1978,9942,6220,6971"
568,568,"6220,4277,217,10326,3428,2343,8421,4798,2218,5495"
570,570,"7707,8562,6220,13296,2218,10429,12606,8681,544,7706"
573,573,"4277,3950,10326,13346,4798,2140,6220,8562,5303,6433"
594,594,"6220,3950,8562,5303,4277,10326,13346,4798,2140,8421"
601,601,"2218,10326,5303,2140,4798,6220,6971,3950,8562,12665"
605,605,"2905,3950,12611,5999,5495,11357,406,3035,5532,1408"
641,641,"6220,3950,9942,2343,4798,3428,10326,13346,7707,5495"
650,650,"6220,9942,3950,2218,5545,217,5303,3428,4277,8562"
675,675,"6220,9942,6971,7707,8562,5545,12665,3950,3870,12404"
677,677,"1290,7120,4929,10663,789,9962,2916,3697,12497,12030"
679,679,"6971,10326,6220,544,5303,4277,9942,2218,7707,13296"
683,683,"3950,5610,13346,8746,8562,8572,4113,5700,9245,2996"
687,687,"10326,544,4798,6220,8562,13346,8421,5303,1290,12665"
705,705,"5303,275,12404,4277,4798,7063,544,10326,7138,1912"
708,708,"1290,7120,544,1244,11298,4576,10663,11024,6971,4664"
712,712,"6220,3950,9942,8562,5495,2218,13306,5545,7707,12665"
715,715,"2140,4798,5303,6971,7578,3950,13346,10326,2218,5485"
728,728,"1290,7120,789,9962,4576,11298,1244,5135,9101,10607"
743,743,"2343,2218,12665,5532,9693,544,10326,6971,2903,5199"
753,753,"6220,7707,544,8562,9942,4413,8208,8333,5007,9585"
757,757,"4798,10326,5303,6971,8421,6220,9942,2218,13346,3950"
768,768,"3950,5495,2218,8413,13346,10326,5303,8562,12470,6220"
797,797,"2343,5532,10835,6795,6834,6220,9532,2537,5866,4388"
813,813,"12665,1290,6220,6971,4205,7637,8703,10332,13228,4413"
832,832,"1290,7120,4929,10663,11298,6971,789,9962,5135,2916"
833,833,"6220,10326,9942,4798,8562,5303,2140,3950,5545,13296"
844,844,"2343,12665,6220,13346,6971,5545,4277,9942,8235,10326"
858,858,"10326,4277,544,3950,6220,8590,8562,50,8421,811"
874,874,"4576,11298,11024,12869,6220,1290,10389,4024,4664,3222"
875,875,"10326,12470,5303,8562,4277,13296,8421,2140,6220,4798"
892,892,"6220,4798,8562,2140,5303,7707,6971,4698,9937,10326"
897,897,"3950,3428,6220,4602,5524,13346,931,2789,12665,8235"
912,912,"1290,7120,8590,4798,6971,4929,10663,9295,2916,5303"
924,924,"6220,13346,5545,7707,8562,5485,12606,9942,13296,2327"
926,926,"6220,1290,13296,5545,7707,544,8590,12665,9942,8562"
933,933,"2140,5303,4277,6220,10326,544,5495,2218,8562,9178"
944,944,"6220,8562,3950,9942,5545,2343,13296,89,13110,13346"
951,951,"5495,2218,6971,6220,5303,4798,8590,2140,8562,5199"
974,974,"6220,8562,544,13296,5545,7707,9942,3950,3428,4798"
1010,1010,"9306,5946,383,13214,12871,165,2149,11692,1290,544"
1013,1013,"6971,89,7983,7024,3055,8922,12665,13191,3950,12662"
1016,1016,"1290,2218,4798,6220,7120,8590,6971,8562,9942,5303"
1023,1023,"1290,6220,7120,6971,13296,89,5545,11024,1244,2218"
1035,1035,"544,6971,5303,12665,4277,2140,6220,1290,10326,2218"
1046,1046,"1290,544,7120,4576,6971,5303,10326,11298,11969,1244"
1051,1051,"1290,7120,8590,2218,2989,13296,9942,6220,11615,544"
1057,1057,"5303,8421,10326,6971,7138,12779,1912,2140,3055,4798"
1064,1064,"1290,7120,6971,4798,8590,4929,10326,10663,2140,5303"
1080,1080,"12104,7589,10566,9998,7688,10434,11552,3573,4005,10409"
1089,1089,"10326,4277,8562,4798,6220,544,2140,8421,5303,6971"
1090,1090,"13346,8562,4277,10326,3950,6971,8421,2140,10916,8161"
1103,1103,"8562,10326,4798,10916,13346,3950,6433,4277,2140,8161"
1123,1123,"1290,7120,6971,4929,10663,12030,6243,12497,2885,6220"
1134,1134,"10326,5303,4798,4277,8421,8562,2140,13346,3950,12857"
1136,1136,"3950,8562,2218,10326,4798,5545,4277,9942,13296,13346"
1139,1139,"6220,13296,5495,7707,5545,6971,9942,1863,544,1290"
1154,1154,"6220,3428,12665,7707,4277,544,10326,9942,2343,13296"
1169,1169,"1290,6220,4929,4576,10663,11298,1244,544,6971,8590"
1173,1173,"8562,7707,8188,6220,13296,12606,2218,3950,10429,11103"
1178,1178,"8235,5875,11403,7024,13191,7983,7289,12669,5524,2281"
1190,1190,"3950,8562,6971,4798,5303,10326,13346,10835,2218,7707"
1205,1205,"6220,8562,4798,3950,6971,5303,2140,10326,2218,13346"
1217,1217,"11298,1290,11024,4576,7120,2989,11918,1779,12869,10607"
1218,1218,"2343,544,6220,9693,9942,13296,9101,5532,89,7707"
1230,1230,"6220,8562,10326,2218,3950,6971,4798,4277,12665,5303"
1250,1250,"10326,2140,8562,4277,4798,5303,6433,8161,1634,12385"
1252,1252,"3950,2343,5199,5303,6971,5532,10835,6220,12665,10063"
1276,1276,"2343,5532,2218,9693,5199,10835,5999,9942,4117,11357"
1279,1279,"1290,7120,789,9962,5135,4929,6971,10663,11298,1244"
1281,1281,"10326,217,8590,5303,8421,4277,4798,12857,8161,2140"
1288,1288,"3950,6220,4277,8562,7707,3428,5545,5303,2218,5495"
1305,1305,"11298,789,9962,5135,10607,4664,4036,1779,1244,9730"
1320,1320,"8562,4798,3950,6326,10916,8413,10326,2140,13249,6220"
1321,1321,"3950,5495,10835,10326,6971,2140,5199,5303,13346,2218"
1328,1328,"6220,9942,13296,7707,6659,2218,5545,3870,8562,5303"
1343,1343,"10326,4798,4277,8562,2140,8421,6971,5303,12857,6220"
1345,1345,"1290,7120,2989,544,4277,4576,4664,11298,11969,4929"
1374,1374,"11298,7120,12869,1244,4664,4576,7679,10607,5135,1851"
1410,1410,"1290,7120,4929,10663,10326,1863,2916,4664,8590,6220"
1414,1414,"12857,6433,8161,10594,10326,2636,7910,10339,12204,11742"
1420,1420,"8562,6220,9942,13296,2218,7707,5545,4798,3950,5303"
1440,1440,"8590,2343,8562,4576,7707,4266,11660,3487,1290,536"
1441,1441,"2989,6220,10429,3487,2327,7619,1863,5976,7707,9942"
1443,1443,"4576,11024,1290,11298,1244,4664,9101,2989,544,10389"
1458,1458,"1290,7120,11298,10607,1244,4929,10326,4664,4576,544"
1492,1492,"6220,5545,3950,13346,9942,6971,4798,3870,4413,10326"
1496,1496,"10326,6971,5303,4798,8590,1290,8562,2218,8421,544"
1499,1499,"3950,3055,12665,5199,5303,10326,8922,5532,2343,8235"
1504,1504,"1290,7120,11298,11024,9101,544,12869,4664,2989,10389"
1516,1516,"6220,8562,13346,2343,4277,2140,3950,9942,13249,1978"
1523,1523,"9455,2767,1978,217,8363,11014,4798,11042,638,12390"
1534,1534,"11758,8540,9850,1290,5140,544,10326,2334,5262,7120"
1539,1539,"1290,6220,7120,11024,544,4576,11298,2140,9942,10389"
1559,1559,"1290,7120,4576,2989,6971,11024,4664,10389,1244,4929"
1572,1572,"6220,3950,9942,12665,2218,13296,8562,4277,3428,5545"
1573,1573,"10326,4277,8421,5303,12857,717,4798,544,10594,8161"
1601,1601,"544,6220,1290,7707,13296,6971,9942,7120,1863,10429"
1603,1603,"4798,3950,8562,1383,5610,8746,220,13126,10326,13346"
1604,1604,"217,544,4277,1978,350,8421,13346,4798,717,3950"
1613,1613,"1290,11298,4576,2989,11024,4664,7120,10389,7679,1244"
1634,1634,"4798,4277,10326,6659,6220,3950,6971,1328,8562,9404"
1642,1642,"3950,8562,6220,4798,2218,13346,7707,11572,13249,9942"
1643,1643,"1290,7120,6220,6971,1244,2989,4929,10663,789,11298"
1654,1654,"6220,8562,3950,13296,4798,6971,9942,5545,544,10326"
1657,1657,"11024,11298,2989,4576,10389,7679,544,12655,12995,4664"
1674,1674,"1290,6971,6220,2343,89,2218,8590,5199,544,9942"
1702,1702,"6220,10326,8562,7707,5545,13110,6326,13346,3870,3950"
1719,1719,"6659,3950,6220,13296,4256,9942,12029,3428,1832,1328"
1725,1725,"8562,6220,3950,4798,10326,13346,13296,4277,12857,8421"
1726,1726,"1290,6971,4929,7120,4798,2140,238,10326,7063,8562"
1728,1728,"544,4576,2343,8590,1290,11969,6971,9693,10326,2989"
1735,1735,"8235,12757,5875,7024,89,13191,8922,1290,12662,11931"
1739,1739,"1290,7120,4929,10663,3697,2916,5135,2885,12133,12497"
1774,1774,"10326,4798,3950,4277,6220,8562,6971,5303,3428,2140"
1780,1780,"10326,4798,544,4277,11969,6220,9101,350,1323,1210"
1799,1799,"217,2771,6270,4892,2963,8459,2880,1854,13189,9024"
1813,1813,"8562,10326,4798,3950,2218,6220,9942,5303,13346,13296"
1834,1834,"3950,8562,13346,12857,4798,10916,6326,10326,6971,4482"
1835,1835,"12470,5495,6659,8911,8562,6082,701,9375,5760,1290"
1841,1841,"1290,11298,1244,789,9962,5135,10607,12869,3539,9295"
1863,1863,"6220,3950,5545,3428,8562,4277,2140,9942,12665,10326"
1878,1878,"3950,8562,13346,6220,9942,3428,5545,12857,6326,4413"
1879,1879,"2343,6971,4798,5532,10326,8562,13346,10835,5303,6834"
1910,1910,"1290,7120,10663,6971,8590,2140,12497,6243,6591,4798"
1911,1911,"8562,4798,10326,5303,8421,12606,13249,350,9340,6220"
1919,1919,"13346,2343,6220,5545,9693,9942,6971,3870,5485,9562"
1925,1925,"12869,4163,2957,7679,4216,1558,1851,10674,9732,83"
1926,1926,"11298,9962,789,11024,5135,4664,3539,7279,5934,9102"
1931,1931,"2940,7275,9850,10107,11771,6952,4803,5305,10326,7982"
1940,1940,"10326,4798,6971,5303,6220,2218,2140,8562,4277,8590"
1968,1968,"5303,4798,10326,1328,8590,4277,8421,8483,13249,350"
1981,1981,"3950,4798,6971,13346,8413,5303,12857,10326,6326,4277"
1992,1992,"1290,7120,10663,11298,2916,12497,1244,6243,296,3697"
1998,1998,"11298,11024,1779,1290,4664,10607,9295,4036,789,4576"
2000,2000,"1290,7120,4929,789,9962,10663,5135,11298,12497,3697"
2017,2017,"3950,8562,4277,6971,13346,4798,10326,6220,8421,12857"
2036,2036,"5875,8235,8570,13112,3814,3670,2943,4124,1290,13357"
2044,2044,"2343,9693,11969,6220,544,11572,3950,8562,12611,4436"
2047,2047,"1290,11298,1244,7120,1779,10607,9101,5135,9962,789"
2052,2052,"5303,10326,8161,350,6971,1328,669,7461,544,8701"
2055,2055,"5495,5760,6060,3545,9375,11542,8911,6082,5249,10441"
2069,2069,"6220,2218,8562,5545,13296,2140,9942,8413,3950,7707"
2075,2075,"2343,6220,3950,5303,9693,4798,4277,10326,13346,9942"
2089,2089,"4277,8421,10326,717,4798,8562,1017,8161,10077,10594"
2093,2093,"6220,12665,4798,5303,2218,3950,8562,9942,6971,6326"
2127,2127,"2140,10326,4798,7063,1295,8161,2291,4277,1240,9306"
2135,2135,"6220,9942,12665,5545,3950,2218,3428,7707,3870,8562"
2137,2137,"6220,3950,12665,5545,89,13346,10835,8235,7983,8562"
2141,2141,"6220,2218,7707,13296,5545,8562,8413,9942,544,12606"
2147,2147,"1290,544,4576,6220,4664,7120,8562,7669,10674,13296"
2150,2150,"10326,4277,8562,350,12857,8421,717,4798,1978,1017"
2153,2153,"4798,6220,5303,10326,12857,8562,6326,6971,4277,8161"
2158,2158,"1290,11298,2989,4576,544,7120,11024,9101,4664,1244"
2178,2178,"8562,8590,5495,10835,2343,13346,5199,13249,1978,4798"
2180,2180,"6220,8562,3950,13346,2343,5545,3428,6383,7707,4277"
2181,2181,"2989,11298,1290,1779,3464,7120,4576,544,11024,4664"
2193,2193,"6220,3950,4413,2789,4602,9942,2567,2218,454,4947"
2216,2216,"4277,10326,8562,8421,7707,4798,13346,6433,10916,11384"
2224,2224,"8562,5495,3950,5303,10326,2343,5545,12470,6220,2140"
2231,2231,"6971,2343,8590,5532,5199,10835,89,8922,2903,8235"
2242,2242,"4277,6220,3950,13306,5545,5495,4895,217,3428,8681"
2243,2243,"2343,5495,2903,5532,3127,9693,10835,5199,544,4117"
2247,2247,"9730,4266,4443,8579,13043,3799,5532,6459,7240,7867"
2262,2262,"544,11298,1290,4576,11024,1244,4664,10607,8590,9101"
2271,2271,"8562,10326,3950,4277,2218,4798,5303,13296,7707,5545"
2284,2284,"3950,6971,13346,6220,8413,8562,4798,3992,2789,4413"
2287,2287,"13306,8188,8562,10213,7003,10250,3950,7442,11702,1929"
2291,2291,"2140,5303,2218,8590,6971,6220,10326,4277,3950,5199"
2293,2293,"5303,4798,2218,1290,6971,7120,2140,544,2343,11298"
2294,2294,"4798,10326,8562,12857,5303,6433,6326,8421,4277,10594"
2301,2301,"6971,6220,4798,8590,2218,8421,2140,5303,5545,6659"
2310,2310,"6220,9942,544,13296,12665,5545,10326,3950,7707,11969"
2341,2341,"8562,6971,4798,6220,3950,10326,13346,2140,8590,2218"
2345,2345,"11298,4576,11024,9101,7679,11918,10137,12655,10389,9732"
2348,2348,"1290,7120,11298,4576,4929,1244,10607,10663,4664,9101"
2349,2349,"6971,10326,4277,4798,13346,5532,5303,3950,2343,544"
2350,2350,"10326,4798,6220,1290,4277,6971,8590,544,5303,7120"
2355,2355,"10326,4277,4798,8421,3950,12857,10916,8562,6220,350"
2383,2383,"10326,4798,4277,8562,6326,13346,12857,3950,9580,8421"
2393,2393,"4798,2140,6971,9306,2291,10462,10326,5946,13214,8402"
2399,2399,"7120,4929,10663,1244,10326,2916,789,544,9962,6220"
2421,2421,"2343,544,10326,5532,10835,6795,2537,5303,5199,6971"
2435,2435,"9532,12483,11024,2343,7897,4576,9942,10299,8235,2989"
2448,2448,"10835,5495,8590,5875,8235,5199,7289,7024,1230,1326"
2452,2452,"1290,7120,4929,10663,12497,6971,9248,6568,11929,9295"
2464,2464,"6220,8562,5545,13296,9942,3950,3870,4413,2140,13110"
2470,2470,"12857,3950,5642,8562,10594,2063,217,9850,2742,10326"
2478,2478,"6971,8590,2218,5303,1290,10835,5199,5532,89,5999"
2506,2506,"6220,3950,3428,8562,4798,4277,10594,5545,10326,652"
2523,2523,"8235,6971,5875,7289,12662,7824,12253,12757,10326,8359"
2527,2527,"1290,7120,4929,10663,12497,6243,5573,10322,12030,4387"
2528,2528,"3950,4798,12857,8562,6326,6220,5303,11638,10326,7314"
2530,2530,"3950,2218,13346,8562,10835,6220,5199,5303,10326,8590"
2533,2533,"6220,9942,3950,13296,13310,7792,7136,5545,3509,5482"
2540,2540,"8562,8483,13346,3950,4277,10326,217,4798,6982,4413"
2558,2558,"3950,8562,13346,2343,10326,5545,8235,10835,6971,12665"
2559,2559,"6220,5545,8188,6659,3950,12665,13296,7707,9942,13110"
2592,2592,"6220,6971,4798,10326,13346,8590,2140,544,7707,275"
2599,2599,"10326,4277,5303,8562,4798,2140,6220,6971,3950,544"
2608,2608,"6220,9942,5545,8562,13296,3950,3428,12665,7707,2343"
2613,2613,"11298,1290,11024,2989,7120,4576,9730,12869,4664,10607"
2616,2616,"8413,4181,7715,10673,9203,9275,1527,10986,6270,9454"
2617,2617,"1863,7707,544,589,6220,10761,8956,5962,5976,10429"
2619,2619,"3950,9942,6220,5545,931,5199,2789,8235,89,4602"
2622,2622,"1290,7120,789,5135,11298,1244,10607,4036,10663,11024"
2629,2629,"1290,1244,11298,4576,544,7120,11024,9101,10607,6220"
2648,2648,"1290,1244,7120,4576,9101,10389,544,2989,1779,4664"
2654,2654,"6220,4798,10326,6971,5303,7707,8562,2140,3950,5545"
2668,2668,"6220,10429,5976,7707,1290,2327,8188,544,7120,8562"
2703,2703,"5495,4576,3565,5199,4118,590,4264,801,5532,13043"
2710,2710,"4277,13346,3950,10326,8562,4798,6326,10916,13249,5303"
2713,2713,"6971,4798,5303,10326,13346,8562,3950,6326,2140,8590"
2722,2722,"7120,4929,2989,10663,1244,11298,4576,9101,2916,12497"
2724,2724,"1290,7120,4929,10663,6971,2916,8590,12497,789,9962"
2727,2727,"6220,10326,2218,6971,5303,13296,2140,8562,8590,4798"
2755,2755,"4576,7669,11298,1290,12869,11024,2989,10389,4163,10674"
2769,2769,"4277,13346,7707,12404,275,4798,8562,3950,6220,566"
2776,2776,"2218,5303,10326,10835,5532,5199,11357,4117,785,5999"
2781,2781,"1290,7120,4929,10663,6971,8590,4576,1244,12497,6243"
2782,2782,"1290,7120,4929,11298,10663,7679,1244,10607,4576,5135"
2789,2789,"2343,5199,5532,10835,3950,9693,3055,13346,1220,10326"
2794,2794,"9942,7707,5545,3950,2903,10835,6220,12665,5622,2218"
2804,2804,"6220,2218,3950,5545,5303,13296,7707,8562,64,9942"
2819,2819,"6220,544,3950,12665,8562,5303,10326,5495,2343,13296"
2846,2846,"6971,7707,6220,5303,9942,8562,2140,2218,13296,544"
2851,2851,"7669,12869,11024,2989,10389,4576,4664,4163,11298,2957"
2861,2861,"7707,4277,10326,9404,10835,9532,9072,5199,8562,8421"
2862,2862,"6220,9942,12665,13296,8590,11024,7707,5545,4576,2343"
2867,2867,"13346,10326,350,9598,4277,6588,8822,9178,2063,10594"
2873,2873,"2343,5495,9693,544,5532,13408,1290,6971,4416,3127"
2880,2880,"6220,7707,13296,8562,9942,1863,10429,544,5976,12606"
2881,2881,"10326,4798,12857,8421,10916,10594,4277,8562,13249,13346"
2886,2886,"4277,5303,2140,4798,6220,12665,1978,9340,10326,3950"
2891,2891,"2343,9693,5532,6971,10835,10326,13346,2140,4798,6220"
2908,2908,"544,1290,2140,10326,7120,4277,6971,5303,4798,350"
2910,2910,"544,6220,9693,2343,7707,6971,5303,13296,8562,9942"
2915,2915,"10326,4798,3950,9942,5303,2218,8562,6220,8421,5495"
2935,2935,"6971,5303,2218,6220,8590,5199,544,5532,3950,1290"
2946,2946,"1290,4576,544,2989,11298,4929,10663,10389,1244,12869"
2948,2948,"544,1290,6220,2989,7120,4576,7707,10389,11298,11024"
2969,2969,"2218,2140,6971,3950,9942,8235,7442,10835,8964,6217"
2979,2979,"11298,11024,1290,12869,10389,7120,4576,11918,7679,1244"
3036,3036,"3464,1290,7120,6248,11298,2769,8315,7220,7679,13071"
3050,3050,"3950,10326,2343,13346,4798,6220,8562,5532,8421,9942"
3056,3056,"6659,4803,4080,2356,12824,10352,1328,9568,13100,10326"
3061,3061,"4277,10326,4798,8421,5303,2140,8562,3950,12857,217"
3066,3066,"6220,7707,8562,13296,5545,6659,4798,10326,3950,9942"
3069,3069,"10326,2218,12857,13346,4798,6326,8421,13249,217,5303"
3094,3094,"4277,10326,5303,350,8562,217,8421,4798,12857,544"
3106,3106,"6220,3950,2218,12665,8562,13296,7707,8188,4277,6659"
3110,3110,"1290,7120,4929,10663,2916,12497,8590,296,6971,3697"
3115,3115,"2343,5532,5199,3055,6220,2903,6971,5999,9693,8279"
3136,3136,"6971,1290,6220,2218,8562,5303,544,789,9101,10326"
3159,3159,"8590,3950,1328,10326,4798,6659,8562,9404,2140,13346"
3166,3166,"10326,5495,544,6220,4277,5303,2343,13296,2140,2218"
3172,3172,"1290,2343,11298,789,5135,9693,544,9962,5532,89"
3200,3200,"13346,3950,10326,4277,2343,1210,8505,5199,10063,4117"
3217,3217,"3950,2218,13346,10326,4798,6220,5545,11540,9733,2140"
3218,3218,"1290,7120,1244,11298,4664,13296,10607,5135,11024,10389"
3229,3229,"4798,4277,10326,13346,2140,1210,275,12404,5303,7138"
3230,3230,"1290,544,7120,10326,6971,6220,8590,5303,2989,4798"
3274,3274,"6971,2140,4798,5303,7063,9306,2291,10326,8161,2264"
3285,3285,"10326,4277,5303,8421,3950,2140,12857,8562,350,544"
3316,3316,"6220,9942,8562,3428,13296,5545,13346,13110,4413,3870"
3319,3319,"4277,8562,10326,4798,8421,350,3950,811,13346,9340"
3323,3323,"10326,3950,4277,6220,8562,5303,4798,13346,7707,12665"
3346,3346,"6971,2140,5303,1290,4798,12665,2989,11024,6220,7120"
3354,3354,"10326,8562,13346,11969,9942,3565,6220,5545,4798,7707"
3368,3368,"4798,3950,6220,4277,2218,8562,10326,217,8421,13346"
3374,3374,"1290,9942,5545,7707,13296,3428,7120,3870,1598,8562"
3391,3391,"10326,8562,4277,3950,6220,8421,12857,217,10916,4798"
3397,3397,"8562,2343,6220,10326,3950,89,13346,6326,10835,9693"
3404,3404,"7707,8562,10429,6220,5149,5976,10447,7637,12606,8981"
3408,3408,"6971,8562,2140,2218,5303,4798,6220,12665,3950,9942"
3416,3416,"2343,9693,5532,6795,544,6971,2989,4388,10835,2140"
3422,3422,"4798,1290,10326,544,6971,5303,8421,6220,8590,4277"
3423,3423,"544,6220,7707,5303,8562,4277,2218,10326,2140,8681"
3426,3426,"6220,9942,5545,7707,6971,3870,3950,4413,12665,4798"
3436,3436,"6220,10326,8562,6971,544,13346,13296,12665,4798,2343"
3448,3448,"12857,2140,6220,10594,11345,8421,8562,5393,6433,331"
3464,3464,"9942,3950,8562,12665,5545,6220,13346,2218,13306,5642"
3472,3472,"1290,7120,6971,6220,11298,1244,2218,4929,10663,89"
3477,3477,"6220,9942,544,5303,8562,5545,13296,3950,10326,5495"
3488,3488,"3950,5303,6220,4277,13346,2140,12857,10326,8562,4798"
3497,3497,"13346,3950,4798,6971,5199,8562,5303,9229,12665,2218"
3504,3504,"1290,7637,1863,2020,7120,8703,5149,5962,1078,6220"
3517,3517,"5303,3950,13346,8562,2140,4798,12857,6220,10326,8421"
3538,3538,"5495,5303,10326,12668,2140,2218,217,8161,9072,5545"
3544,3544,"3950,6220,4798,2343,12665,9942,10326,9532,1788,64"
3547,3547,"6220,4277,8421,217,10326,13249,4798,717,3950,13346"
3569,3569,"10326,2140,8590,6971,275,2343,8421,5303,12665,6220"
3570,3570,"7902,7616,478,8705,6306,2004,3481,13050,170,1623"
3575,3575,"10326,4277,1543,3950,10043,5303,13346,6220,9771,11842"
3579,3579,"4277,6220,2343,217,13346,3950,544,2140,8421,10326"
3588,3588,"6220,1290,7120,13296,544,7707,8590,6971,1863,3487"
3592,3592,"2989,12869,1290,11024,4576,2874,1779,7679,6220,10389"
3617,3617,"10326,4798,6220,2140,8562,4277,8421,5303,3950,6971"
3632,3632,"3950,6220,4602,8235,11403,9942,12193,9410,931,3870"
3650,3650,"2140,7063,7383,13214,544,5946,10326,4798,383,10776"
3654,3654,"10326,2140,350,5303,1328,4277,12857,7138,2218,9072"
3656,3656,"1290,5303,6220,2199,7637,10326,7120,4947,5124,6395"
3678,3678,"1290,6220,7120,544,6971,9942,13296,3950,2343,9693"
3681,3681,"8112,8540,13130,10475,1290,544,10326,381,6306,7120"
3683,3683,"10326,5303,4798,8421,6971,10594,4277,331,9340,851"
3685,3685,"10326,4277,3950,5303,2218,4798,8590,2140,544,13296"
3699,3699,"1290,7120,3464,11298,1244,2989,1779,10389,4929,7679"
3707,3707,"6220,8590,11047,7707,616,12644,10429,1935,8562,13274"
3731,3731,"1290,7120,4929,4576,10663,1244,2989,11024,2916,4664"
3737,3737,"4798,5303,2218,1978,8562,10326,6433,3950,12857,8483"
3739,3739,"8562,7707,6659,8188,13296,4413,6220,13346,544,10326"
3744,3744,"3950,6220,13346,12665,9942,5545,8562,13296,3055,3428"
3753,3753,"10326,6971,4798,5303,8421,13346,3950,2140,10916,12857"
3778,3778,"6220,2218,3950,5303,8562,9942,4798,3055,10326,5495"
3786,3786,"6220,8562,3950,2140,5545,9942,13346,3870,5303,3055"
3790,3790,"8562,3950,13346,2218,6220,3870,5303,9942,1889,4798"
3804,3804,"4277,8421,217,10077,717,350,3950,1210,811,13346"
3805,3805,"3950,8562,5303,10326,6220,4798,2218,5199,7707,10916"
3819,3819,"6220,10326,544,2218,3950,5303,8562,4798,4277,13296"
3827,3827,"2459,516,11337,7910,5760,10536,9375,5947,2710,8249"
3829,3829,"10326,4798,8562,5303,6971,12857,13346,8421,2140,3950"
3841,3841,"10326,6971,2140,2343,5303,6220,4277,544,13346,8562"
3849,3849,"1290,7120,11298,789,9962,5135,9730,11775,10607,12869"
3928,3928,"1290,7120,4929,10663,1244,4576,11298,2916,9295,5135"
3988,3988,"11298,2957,4163,6288,8978,4216,9732,7679,11024,1558"
3994,3994,"1290,7120,2989,6220,11298,789,1244,9962,9101,4664"
3998,3998,"13346,9942,3950,10326,2411,3799,1210,4277,3428,6220"
4012,4012,"3950,13346,4798,11540,10340,5999,1290,8562,544,10326"
4021,4021,"5303,2140,6971,2343,8161,10326,4798,544,10063,12758"
4022,4022,"6220,4798,4277,6971,8562,2140,3950,5303,8590,13296"
4047,4047,"9942,6220,7707,13296,544,8188,3428,2020,8703,8981"
4073,4073,"1290,2989,4929,544,4576,1244,11298,6971,9101,2916"
4099,4099,"1290,6220,544,5495,7120,2218,6971,8590,5303,4576"
4100,4100,"8703,1290,4101,5549,13296,12104,544,8562,13228,6220"
4120,4120,"12470,7707,6220,5199,13408,2218,12668,12099,1323,5303"
4126,4126,"1290,7120,544,11298,789,4929,4576,5135,11024,10607"
4136,4136,"4798,8413,8562,12857,6326,5303,6270,2140,3950,960"
4160,4160,"7669,4163,2957,7679,4216,1558,1290,12869,9330,1851"
4173,4173,"1290,7120,6971,4576,8590,10663,1244,10389,10137,6220"
4177,4177,"1290,7120,4576,11298,544,9730,11024,2989,4929,10389"
4183,4183,"10326,4277,4798,5303,8421,6971,6220,8562,544,3950"
4191,4191,"1290,7120,4929,10663,1244,2916,12497,6243,4387,5573"
4195,4195,"8562,4277,10326,4798,2140,2218,5303,13346,12857,8421"
4213,4213,"6220,6971,2343,544,5495,9942,13306,10835,9693,8590"
4226,4226,"9942,217,3950,4277,13249,5495,13346,3428,1978,5109"
4227,4227,"1290,7120,9295,1779,10607,4576,11298,9101,4664,275"
4232,4232,"3950,13346,10326,4798,11540,8562,13249,9786,7079,854"
4255,4255,"10326,4277,4798,13346,8421,350,5303,1210,8161,8562"
4258,4258,"7706,12869,1856,11024,9295,6569,2113,544,6168,11103"
4274,4274,"5303,8421,350,1328,10326,1912,8483,4277,4798,10916"
4289,4289,"1290,2218,8590,7707,6220,13296,5545,7120,9229,9942"
4295,4295,"10326,8562,6220,4277,7707,5545,4798,13296,3950,13249"
4300,4300,"6220,3950,13346,3428,8562,5545,9942,4277,217,4798"
4334,4334,"12857,4277,8822,8205,13346,7657,8562,941,10326,12825"
4361,4361,"4798,8562,10326,3950,8235,13346,5303,6326,5199,3055"
4377,4377,"4798,3950,8562,13346,5610,6270,10326,220,12702,10785"
4412,4412,"1290,7120,4929,10663,11298,4576,9730,2989,1244,2916"
4415,4415,"13346,12857,8413,7919,1042,5348,6483,1065,3950,11048"
4424,4424,"4798,13346,6971,8981,12104,5549,5149,8703,10326,8562"
4425,4425,"4277,10326,8421,350,1978,10594,9340,1017,3416,217"
4430,4430,"8562,10326,3950,4798,5303,6220,4277,13346,2140,6971"
4433,4433,"4798,6220,5303,8562,10326,8421,8413,12857,10594,10916"
4436,4436,"2140,9306,6220,7383,5731,7063,10326,9738,238,3089"
4458,4458,"10326,3950,4798,5303,13346,8562,13249,2140,10916,7138"
4461,4461,"7707,10429,1863,3487,5976,5841,12723,11844,11103,6220"
4488,4488,"3950,6220,12665,9942,5545,13346,3055,8590,4602,89"
4497,4497,"1290,7120,4929,10663,1244,8590,4576,2916,9295,11298"
4498,4498,"4277,10326,5303,2140,350,3950,8421,544,9072,4798"
4504,4504,"6220,9942,3950,3696,4398,1530,5067,6848,5495,11362"
4510,4510,"6220,1290,6971,9942,3950,8590,2218,5303,12665,5545"
4512,4512,"11395,3960,5027,5901,10660,3193,3169,3269,2877,1290"
4513,4513,"6220,2218,10326,5303,7707,544,4798,3428,217,5495"
4516,4516,"1290,7120,11298,11024,4576,12869,789,10607,1244,9962"
4526,4526,"6220,8562,544,4798,9942,13296,3428,12665,4277,3950"
4528,4528,"8562,13346,4798,5545,6971,10326,2218,6220,8421,5303"
4542,4542,"3950,4798,8562,6971,6220,13346,4277,8590,12857,8421"
4559,4559,"1290,7120,11298,9295,10663,1779,9730,10607,4929,11299"
4572,4572,"8562,3950,13346,8235,11540,12800,3055,8413,5124,6220"
4575,4575,"8562,6220,3950,5303,7707,4277,5545,4798,12665,6326"
4583,4583,"4277,217,8562,8421,13346,12857,10326,4798,6326,1323"
4602,4602,"7707,6220,6971,5545,8562,2140,1018,4798,3950,3870"
4608,4608,"11298,1290,11024,4576,1244,4664,7120,10389,7679,2989"
4609,4609,"13346,3950,8590,9072,11000,1978,8505,10326,8562,5199"
4626,4626,"3950,13346,8562,2343,5545,6220,64,13296,7707,6971"
4642,4642,"3950,7707,6220,2343,8562,5495,5545,3428,13346,10835"
4653,4653,"2343,8562,6971,6220,7707,5545,9942,12665,9693,8681"
4664,4664,"1290,7120,11298,11024,1244,4576,4929,10663,1779,4664"
4665,4665,"1290,7120,4929,10663,2916,12497,6243,5573,12030,3697"
4672,4672,"1290,11298,7120,11024,4576,2989,1244,10389,544,4664"
4680,4680,"4277,3950,10326,4798,6220,12857,350,8161,1328,217"
4705,4705,"10326,8562,4798,3950,10835,5532,5495,5303,12665,6971"
4707,4707,"1912,8373,5996,6515,8145,7829,10560,5270,3509,8562"
4711,4711,"5495,8562,3950,5199,8590,12470,6220,13112,5545,8279"
4732,4732,"12665,3950,5199,544,5461,9733,5532,5495,6220,7207"
4734,4734,"1290,7120,4929,6220,6971,10663,8590,9942,2916,12665"
4735,4735,"1290,7120,4929,10663,9083,7637,2916,1487,8703,5149"
4749,4749,"6220,544,9942,7707,2343,5545,1863,4576,9693,10429"
4751,4751,"6971,10326,4798,5303,13346,8590,3950,9942,1220,10835"
4762,4762,"6971,3055,2218,8922,8562,2789,5875,4798,13346,6220"
4767,4767,"6220,10326,10429,1863,8590,8562,1290,8188,4798,7707"
4771,4771,"10326,4798,6220,8562,5303,3950,2140,4277,13296,544"
4773,4773,"2218,2140,12665,10326,6220,6971,5303,3950,5495,8413"
4776,4776,"8562,12665,10429,3578,10802,5976,7637,2989,544,1290"
4783,4783,"9942,6220,5545,3428,3950,13306,2218,6659,8562,13110"
4788,4788,"12857,8421,2140,10594,4798,3950,8562,10326,2199,10340"
4808,4808,"3950,350,4798,1978,2140,1328,3416,13346,4277,1210"
4810,4810,"3950,6971,6220,13346,8562,10326,5303,2218,4798,5545"
4818,4818,"8562,4798,3950,13346,217,5303,4277,10326,8421,5642"
4823,4823,"6220,544,3428,12606,2343,64,3950,8562,13296,7707"
4829,4829,"8562,5545,3950,6220,11622,5673,6982,2343,7426,9799"
4842,4842,"6220,8562,7707,10326,8421,4798,9942,13296,2343,10916"
4859,4859,"6220,3950,9942,5199,5495,2343,64,5545,7707,11540"
4866,4866,"8590,6220,544,1290,13296,7120,6971,7707,1863,9083"
4881,4881,"10326,4798,4277,3950,13346,6220,12857,6433,8421,13296"
4908,4908,"1863,12871,7383,383,13214,11609,1487,7707,5946,544"
4910,4910,"1290,4929,1244,789,9962,2916,11298,4576,9101,12497"
4922,4922,"10326,6220,4798,8562,12665,3950,4277,6971,8421,2140"
4942,4942,"544,10326,789,11298,9962,4277,1290,5135,6220,7120"
4976,4976,"6220,10326,6971,4576,5303,12665,11298,13296,2218,9942"
4993,4993,"7707,1290,13296,1863,544,10429,7706,8562,7120,7491"
4995,4995,"10326,4277,5303,4798,8421,2140,350,10916,13249,7138"
5020,5020,"7679,3464,4576,11298,1328,10326,544,1290,7120,8590"
5040,5040,"8562,5303,3950,2218,2140,6220,12857,10326,6433,4277"
5048,5048,"2140,1018,7383,37,9306,5303,647,5731,4749,6433"
5058,5058,"2343,9693,5532,9532,6795,10835,6220,5199,5545,2537"
5067,5067,"4277,4798,10326,6220,1978,8421,350,8562,544,10594"
5087,5087,"6220,4798,6971,8562,3950,2140,4277,13346,5495,10326"
5090,5090,"89,5875,7024,5524,6220,7289,13191,12253,12665,13346"
5102,5102,"2218,13090,5386,7341,7682,108,12322,1156,2260,11931"
5103,5103,"6220,8562,6971,3950,4798,5303,5545,2140,2218,8413"
5105,5105,"1863,7707,10429,1290,1487,5976,5149,6220,7637,9083"
5108,5108,"3950,5495,4798,13346,2140,12470,2789,6220,2218,4602"
5119,5119,"6220,4277,7707,2218,544,5545,8562,4576,5303,3950"
5120,5120,"11298,1290,11024,4576,2989,7120,544,9730,8590,10389"
5124,5124,"3421,10437,8421,13193,2308,7063,9774,11529,11282,6588"
5132,5132,"2218,8562,5303,5495,5199,3950,10326,3340,13296,13346"
5138,5138,"4576,11298,11024,10389,1779,2989,12869,3222,4664,9295"
5144,5144,"10326,4277,2343,8562,544,13346,8421,6220,6433,3950"
5159,5159,"10326,6220,3950,13346,4798,8421,8562,13296,544,6433"
5167,5167,"3950,2218,6220,9942,8562,714,10326,9733,6326,4413"
5175,5175,"10326,4798,2140,4277,8421,12857,10916,1328,5303,717"
5176,5176,"1290,7120,4929,1244,10663,4576,11298,2916,11024,2989"
5185,5185,"3950,6971,12665,8590,2218,5545,89,8235,7024,9532"
5189,5189,"3950,4798,12665,6326,6220,9455,8562,10326,6971,9602"
5191,5191,"8562,13296,6220,9942,13306,10326,5545,4413,8590,3428"
5206,5206,"6220,9942,5303,6971,7707,8562,13296,2218,544,6659"
5213,5213,"6220,12665,544,2343,5545,8562,4798,4277,5303,10326"
5224,5224,"4798,4277,6220,8562,8590,13346,13296,217,544,717"
5226,5226,"1290,7120,11298,4576,6971,11024,544,6220,12665,2989"
5241,5241,"1290,7120,4929,10663,789,9962,5135,2916,11298,12497"
5264,5264,"1290,4576,11298,7120,11024,2989,10389,1244,544,9101"
5268,5268,"6971,5303,4277,2140,10326,544,4798,8562,8421,8161"
5270,5270,"6220,4798,8562,6971,10326,2218,8590,2140,5303,13296"
5287,5287,"9942,11969,12156,6626,13063,9775,9573,4263,8505,1127"
5314,5314,"6220,13296,6971,8562,1290,8703,7637,5303,9942,10326"
5318,5318,"1290,7120,4929,10663,6243,2916,12497,5573,3697,8567"
5326,5326,"6220,2218,7707,8562,5149,8981,6166,1290,12622,7637"
5336,5336,"8413,4277,3950,4895,10950,7087,13346,883,5177,13200"
5343,5343,"11298,789,9962,5135,10607,1779,1290,13309,5142,11024"
5347,5347,"6220,9942,2343,8562,3950,3428,13296,7707,5545,9693"
5354,5354,"8562,3950,4798,2140,5495,13346,10326,8161,220,9380"
5356,5356,"10326,4798,3950,6971,6220,2140,8562,7707,5303,10916"
5367,5367,"1290,7120,6220,5545,6971,89,789,13296,8562,10663"
5373,5373,"8562,6220,3950,5303,5545,1746,3577,6971,7707,11622"
5385,5385,"6220,8590,7707,4277,544,13296,350,6659,9083,10326"
5458,5458,"9942,6220,3428,13306,3950,13110,5545,4413,810,1598"
5463,5463,"6220,4798,10326,5303,8562,4277,2140,6971,13296,8421"
5471,5471,"11298,1779,1290,11024,9962,789,10607,7679,5135,4163"
5476,5476,"1290,6220,4798,7120,4929,10326,6037,5303,275,11325"
5484,5484,"3950,8562,13346,2218,12665,4798,2140,6971,8235,8413"
5508,5508,"1290,7120,11298,4576,789,9962,1244,9101,5135,10607"
5513,5513,"6220,2218,9942,5303,5545,8562,8413,13296,12665,12606"
5520,5520,"10326,4277,544,8421,5303,1978,8562,717,217,6433"
5524,5524,"13346,7707,6971,6220,3950,8562,13296,13306,1889,9942"
5539,5539,"5495,6220,9942,5303,8413,5545,4413,2218,7983,8188"
5554,5554,"10326,9340,1180,2887,5829,4277,5431,9875,2840,6120"
5564,5564,"4798,10326,4277,5303,2140,8562,8421,12857,3950,544"
5595,5595,"10326,5495,2140,4798,5303,13296,8562,7707,2218,6220"
5601,5601,"10326,5303,6971,2140,275,4798,8590,8562,10462,1912"
5602,5602,"10326,8562,4798,5303,2140,3950,6971,2218,12857,6220"
5618,5618,"1290,7120,10663,2916,11298,11024,12497,12869,4576,10607"
5643,5643,"8922,6220,5199,8235,3055,6971,13408,5875,2343,13191"
5644,5644,"4798,5495,10326,5199,2905,5532,5999,2343,2140,6123"
5651,5651,"6220,2218,8562,3950,4798,5303,10326,2140,4277,13296"
5655,5655,"5495,8562,12668,3055,5199,2218,3950,8413,2140,5545"
5658,5658,"10326,4798,8421,8562,6971,2140,10916,9580,3596,12857"
5660,5660,"10326,13110,2218,11969,6659,2140,6220,1323,992,12029"
5662,5662,"6220,5545,3950,2218,89,12665,9942,13110,1598,3428"
5670,5670,"4798,3950,10326,5303,8421,4277,8161,6326,12857,8562"
5676,5676,"1290,7120,11298,10607,11024,9295,1779,1244,4036,12869"
5680,5680,"6220,5545,13346,4798,3950,3870,8562,12665,9942,11540"
5698,5698,"6220,2343,10326,544,4576,9942,11298,11024,9101,9693"
5710,5710,"5495,5532,8590,3950,6971,2343,5199,10835,10326,5999"
5723,5723,"11298,4576,11024,2989,1290,10389,1779,11918,12995,10607"
5742,5742,"2343,9693,5532,10835,5199,5999,6834,544,2822,8279"
5748,5748,"6220,4798,8562,12665,3428,2140,5545,13346,9942,13110"
5750,5750,"6220,544,8562,6971,2218,5303,5495,8413,7707,13296"
5787,5787,"3950,2343,9942,10326,4798,2140,13346,6220,5532,5999"
5798,5798,"2343,5303,6971,4798,2140,3950,13346,10326,9693,8562"
5799,5799,"9306,5946,2291,383,8402,165,11692,2300,7439,6878"
5815,5815,"1290,2343,11298,789,9962,9693,7120,9101,544,12869"
5822,5822,"2218,5303,10326,2140,6971,3950,3055,5199,9072,10835"
5834,5834,"12665,8562,6220,3950,5495,3055,5303,5545,4798,6971"
5846,5846,"4798,10326,3950,2218,544,13346,5303,6971,4277,2140"
5858,5858,"3950,4798,2140,8562,2905,11726,5303,4436,5700,5999"
5882,5882,"10326,2218,4798,4277,5303,2140,544,11969,8562,8421"
5892,5892,"13346,8562,6971,2218,4798,3055,5303,10326,2567,9449"
5897,5897,"3950,6220,8413,5303,8421,8562,2140,2218,4413,11540"
5898,5898,"3950,6220,8562,10326,4798,2218,11540,12665,4413,9942"
5902,5902,"8413,1847,4413,12130,9358,9796,8076,1631,5002,5022"
5919,5919,"1290,7120,10326,12869,4277,4576,544,6220,8590,1244"
5934,5934,"544,6220,11524,2343,1978,4315,4384,12485,12152,9097"
5946,5946,"1290,7120,6971,4929,789,5135,10663,9295,9962,8590"
5965,5965,"2343,5199,5532,8408,1978,9693,4117,12132,1290,11198"
5995,5995,"6220,3950,4277,10326,13296,2343,3428,13346,9942,12404"
6005,6005,"1290,6220,544,11298,4576,2989,6971,9101,11024,13296"
6006,6006,"6220,3950,9942,7707,5545,8562,4413,13296,89,3055"
6013,6013,"10326,8562,6220,4798,4277,3950,2140,6433,13296,9942"
6016,6016,"3950,2218,13346,10326,5495,6220,5199,8421,4277,5303"
6023,6023,"7120,10663,4576,1244,544,9101,8590,6971,12497,11298"
6052,6052,"3950,6971,2343,5532,2218,5495,5545,10326,3428,8562"
6056,6056,"6971,544,8590,5495,2140,2343,6220,5199,10326,10835"
6059,6059,"6220,5303,4798,10326,5495,3950,6971,12857,7707,4277"
6064,6064,"8562,3950,10326,10835,5199,2343,5532,6220,5999,4798"
6091,6091,"3950,2218,6971,6220,3055,5199,10835,5532,8590,9942"
6112,6112,"7120,10663,11298,2989,4576,2916,1244,11024,12497,4664"
6133,6133,"6220,5303,2140,5532,2343,3950,9942,5199,10835,9693"
6150,6150,"5610,4798,4843,7167,5813,8538,10326,7069,4376,220"
6155,6155,"10326,4798,5303,8562,2140,12857,3950,13296,4277,9942"
6157,6157,"10326,4798,5303,8421,2140,3950,4277,8562,12857,10916"
6212,6212,"6220,4277,8562,13296,13310,6442,13306,3870,10156,8285"
6218,6218,"10326,3950,4277,13346,8421,5303,8562,6220,10916,4798"
6242,6242,"6220,4798,13296,6971,8590,5545,10326,2140,9942,13110"
6243,6243,"10326,4798,8562,544,5303,2140,4277,8421,6220,2343"
6260,6260,"4798,8421,10326,810,2140,8161,6220,976,1290,9018"
6262,6262,"2140,10326,6220,8421,13097,4798,11930,11655,13114,3950"
6278,6278,"2218,6971,5303,2140,7707,6220,544,275,5495,9380"
6280,6280,"6220,3950,5303,8562,4798,3055,2140,13249,13346,6326"
6287,6287,"8562,6971,4798,2140,10326,7707,544,1290,5303,2343"
6305,6305,"4277,10326,5303,717,8421,2140,544,217,9942,8161"
6320,6320,"1290,6220,7120,6971,8590,2343,5303,2140,13296,9942"
6339,6339,"2343,6220,10835,4798,3055,8562,3950,13346,220,8235"
6360,6360,"6220,544,4798,5303,2218,3950,8562,11969,6971,275"
6370,6370,"6220,3950,8562,10326,2218,5545,4277,2140,5303,13346"
6376,6376,"10326,4277,4798,6220,5303,8562,3950,2140,13346,275"
6378,6378,"7120,1244,11298,2989,11024,9101,9295,4576,4929,10663"
6379,6379,"8562,6971,6220,10326,3950,2218,5303,4798,544,4277"
6398,6398,"2343,544,1290,6834,1244,2903,2537,6795,5532,7120"
6422,6422,"8413,8562,13346,6220,4413,9942,8183,12321,6971,5548"
6424,6424,"3950,2218,11784,11561,6971,10340,11707,3078,9941,4798"
6436,6436,"2770,6952,10352,1290,3960,10221,544,10326,7120,8562"
6454,6454,"2343,544,9693,5532,6795,8608,10835,9101,5199,6971"
6464,6464,"4798,10326,8421,5303,4277,2140,2158,2343,10138,5177"
6479,6479,"3950,13346,4798,2218,7707,8483,4602,220,6220,3565"
6485,6485,"1863,8703,7637,7707,5149,8981,6040,1290,2058,8562"
6488,6488,"6220,9942,5545,3950,7707,4413,3428,3509,1598,8562"
6490,6490,"13110,9942,8562,4823,3147,3870,13097,10990,4654,5276"
6498,6498,"6220,10326,8562,9942,3950,3428,5545,13296,7707,2140"
6533,6533,"1290,2989,11298,8590,7120,544,9101,10389,6220,12869"
6577,6577,"10326,3950,9942,6220,4277,2218,4798,13296,13346,5303"
6579,6579,"10326,4277,4798,12857,8421,2140,5303,544,350,10594"
6583,6583,"6220,10326,3950,6971,5545,8562,3428,7707,4277,13346"
6597,6597,"8562,2343,6220,9942,10326,13296,9693,5303,13346,544"
6599,6599,"1290,6220,6971,8590,13296,2218,7707,2140,12665,1225"
6607,6607,"9942,6220,3950,5303,8562,3428,2140,13346,7707,2218"
6613,6613,"6220,8562,3950,5545,7707,13346,2218,3428,13296,12665"
6622,6622,"1290,7120,9295,8590,4929,11298,89,10663,5199,4576"
6637,6637,"2218,6220,2343,6971,9532,10835,3950,8562,5545,7303"
6644,6644,"10326,4277,6220,4798,5303,8562,3950,8590,2218,2140"
6651,6651,"1290,11298,4576,7120,11024,2989,10389,1244,9101,12869"
6674,6674,"10326,3950,8562,12665,13346,3428,10835,2343,4277,5495"
6683,6683,"2343,9693,10326,5532,5199,8590,10835,13346,5303,3950"
6686,6686,"1290,7120,1863,789,6697,11103,11117,9101,13115,6971"
6707,6707,"2343,544,6220,5303,8562,5532,4277,10835,10326,3950"
6724,6724,"6220,1863,10429,8235,7024,11403,12606,5875,5976,7707"
6729,6729,"6220,10326,8562,3950,6971,5303,9942,2140,5545,4798"
6739,6739,"3950,8562,12665,8333,6220,6982,438,4413,298,11622"
6756,6756,"3950,5303,2140,6220,8562,10326,2218,4798,275,9072"
6764,6764,"5545,6659,5303,50,8562,13296,9602,7707,2218,6220"
6768,6768,"6220,9942,5545,8562,6971,10326,3428,13296,2140,5303"
6787,6787,"12665,2218,8562,3950,3055,6971,6220,4798,9550,10031"
6808,6808,"1290,1244,7120,4576,11298,11024,2989,544,789,4664"
6811,6811,"544,10326,4277,350,8483,4798,13110,6220,11969,12665"
6812,6812,"8562,3950,4798,5545,7707,10326,13296,9942,12665,3428"
6831,6831,"6220,9942,6971,5303,10326,7707,13296,544,2218,2140"
6833,6833,"2343,6220,12665,11403,13191,8235,7024,7983,10023,5524"
6840,6840,"4798,2140,5303,6270,10326,2218,7824,10506,9085,1290"
6842,6842,"1290,7120,1244,789,11298,9962,10607,5135,4929,10663"
6855,6855,"1290,11298,4576,7120,9101,1244,11024,2989,10389,12869"
6869,6869,"10326,4798,5303,4277,2140,8421,6971,8562,3950,12857"
6874,6874,"6220,6971,1290,544,13296,5545,4798,7120,2140,1747"
6879,6879,"544,5532,2343,6971,5199,2218,10835,6220,8590,2903"
6885,6885,"3950,13346,5676,36,760,5547,5673,7264,8242,10574"
6886,6886,"6220,9942,2343,13346,5545,12665,3950,4277,4798,6971"
6902,6902,"10326,4277,4798,6971,2140,8562,3950,544,13346,6433"
6908,6908,"1290,11298,7120,2989,4664,11024,789,9101,1244,4576"
6911,6911,"3950,6659,6220,9942,11484,2789,10326,2567,11547,6528"
6912,6912,"6220,3950,12665,5545,6971,9942,810,8562,3055,13346"
6919,6919,"1290,7120,544,11298,4576,2989,11024,1244,9101,4664"
6926,6926,"5532,5999,7673,6220,10835,3950,12334,2337,1290,9942"
6934,6934,"8562,10326,8421,3950,217,13346,2218,1328,6220,8483"
6935,6935,"10326,4798,4277,6220,8562,544,2140,3950,12665,13346"
6939,6939,"6220,5303,4798,8413,6971,2218,4413,10326,9942,2140"
7000,7000,"6220,2343,9942,544,7707,3950,5545,5303,89,8562"
7003,7003,"8562,3950,6220,2343,8590,10326,5495,12665,9942,2140"
7005,7005,"10326,544,4798,217,3428,8421,3950,6433,6220,8562"
7042,7042,"10326,5303,8562,12665,3950,4798,2140,8421,13346,6971"
7045,7045,"6971,4798,2140,10326,8562,3950,7707,544,13346,652"
7047,7047,"10429,8703,5976,5966,13377,5149,6220,7637,1863,5962"
7053,7053,"6220,7707,8562,544,13296,10429,12606,10326,1863,12723"
7063,7063,"3950,10326,13249,8421,4277,13346,717,1328,10916,1978"
7067,7067,"2343,2218,3950,4277,13346,9693,544,10063,6220,717"
7071,7071,"10326,4277,4798,3950,8421,13346,6220,12857,6326,5303"
7078,7078,"6220,3950,8562,2218,2140,3428,9942,13346,5495,11000"
7109,7109,"10326,6326,8562,6220,6433,6659,1355,13296,10262,5762"
7118,7118,"4798,10326,12857,6433,2140,5303,8421,6270,10594,8161"
7129,7129,"1290,7120,11298,1244,4576,4664,11024,9101,2989,10389"
7133,7133,"10326,4798,217,3416,350,8421,652,609,9938,11384"
7139,7139,"8590,6971,769,10464,1290,9295,12903,544,13185,11464"
7142,7142,"3950,6220,4277,12665,5303,2218,4798,10326,2140,8562"
7146,7146,"2343,5303,6971,8590,5532,5199,2140,2218,4798,9693"
7172,7172,"10326,4277,4798,8421,217,8562,350,8161,10916,13249"
7181,7181,"5495,89,64,6971,2343,12665,13346,3950,2218,4576"
7195,7195,"10326,4798,4277,8562,6971,2140,6220,5303,544,13346"
7197,7197,"4798,8562,5545,5303,3428,2218,3950,9942,10326,217"
7203,7203,"1290,7120,11298,4929,10663,1244,2989,4576,2916,11024"
7223,7223,"8562,3950,6220,13296,6971,2218,4798,5303,2140,12857"
7235,7235,"1290,12869,7120,6971,544,11024,4576,2957,10674,11298"
7236,7236,"7120,544,10326,4277,12665,6971,4576,5303,4929,6220"
7237,7237,"1290,7120,4929,10663,1244,9083,7637,8703,5149,2020"
7255,7255,"1290,7120,8590,6971,4929,10663,9295,4277,544,2916"
7297,7297,"6220,2140,6971,12665,8562,10326,5545,4798,9693,3950"
7320,7320,"3950,2218,8413,6971,10326,5532,4798,11572,5303,5999"
7323,7323,"2343,12665,6220,3950,13346,13296,64,9942,9693,10835"
7326,7326,"2218,8590,2140,5303,10326,12404,4798,8421,8483,2291"
7343,7343,"10326,4277,4798,8421,350,6433,8562,5303,717,217"
7363,7363,"6220,13296,2218,8590,6971,7707,13346,3950,5545,10835"
7364,7364,"6971,2218,13346,3055,3950,5303,4798,10326,5545,8235"
7366,7366,"6220,3950,9942,3428,3799,4277,1598,2645,3870,12417"
7372,7372,"8413,3055,2218,5303,13346,6302,5532,3950,4798,5495"
7399,7399,"7707,10429,6220,1863,544,9942,3487,4095,10802,779"
7402,7402,"2218,6220,5303,12665,8562,13296,3950,6971,3055,8413"
7406,7406,"2140,8562,10326,4413,7707,11540,6971,10185,544,1478"
7421,7421,"544,9942,6971,2218,3950,2343,2140,4576,4798,10326"
7425,7425,"1290,6220,7120,544,10326,13296,4576,8562,4929,1244"
7431,7431,"6971,10326,4798,12857,8421,10916,4277,8161,8562,13346"
7447,7447,"4798,10326,8421,2140,8562,3950,6971,6326,8205,9733"
7451,7451,"6220,8562,7707,13296,5545,1863,10429,5976,544,11103"
7453,7453,"7120,789,4929,5135,9962,10663,1244,6971,12497,6243"
7456,7456,"1290,789,9962,544,7120,2989,13309,10336,6971,5008"
7484,7484,"1290,7120,4929,11298,10663,6971,1244,5135,2916,9730"
7486,7486,"2218,3950,5303,2140,5495,6220,6971,4798,10326,8562"
7505,7505,"1290,7120,11298,4929,1244,10663,2989,4576,11024,9101"
7529,7529,"8562,4798,13346,2140,10326,8421,13296,4277,10916,3950"
7532,7532,"11298,11024,2989,4576,10389,4664,8978,1244,544,7679"
7548,7548,"6220,10326,13346,8562,5545,3950,6971,12665,5303,13296"
7550,7550,"3950,1978,6220,8562,4277,9404,217,1323,10326,1817"
7557,7557,"10326,4277,8421,4798,350,2140,217,10594,12857,3950"
7574,7574,"1290,7120,4929,789,5135,10663,9962,11298,3697,6811"
7586,7586,"1863,7707,7637,8703,6220,2020,9942,544,5976,8562"
7592,7592,"12204,516,3960,873,1219,1213,6935,1290,6318,3652"
7594,7594,"3950,8413,4413,2218,12857,5545,8562,9942,6220,11540"
7600,7600,"2343,4277,10326,8562,9693,10835,13346,9942,5532,2905"
7601,7601,"10326,4798,2140,5303,6971,4277,13346,8562,8161,12857"
7642,7642,"6220,10326,544,1290,4798,4277,5303,7120,9942,12869"
7647,7647,"5303,8413,2140,6971,4413,7063,8562,2218,544,1862"
7650,7650,"6220,8562,2218,3950,8413,544,5303,7707,12665,10326"
7660,7660,"1290,11298,4576,7120,12869,11024,2989,9101,544,4664"
7682,7682,"6220,10326,4798,8562,6971,3950,4277,8590,13296,2218"
7712,7712,"6220,13296,10326,3428,5545,5303,544,3950,2218,11969"
7728,7728,"8562,3950,4798,11000,10594,4277,10916,12857,6220,217"
7763,7763,"6220,8562,4798,5545,3428,13346,10326,13296,5303,12665"
7764,7764,"6971,6220,2218,10326,544,13296,4277,3950,2140,13346"
7765,7765,"2989,11298,11024,4576,11918,1290,3222,10389,4890,7120"
7768,7768,"9942,6659,6220,5545,7707,4413,3950,931,4798,8562"
7776,7776,"1290,789,9962,7120,5135,13309,9866,6811,4929,10336"
7834,7834,"8421,3968,1390,7044,851,13014,5239,222,4843,10326"
7850,7850,"4277,2140,4798,8421,544,2218,10594,6220,217,350"
7860,7860,"1290,7120,11298,2989,4576,4929,1244,10663,9101,11024"
7879,7879,"6971,5303,4798,10326,2140,8590,8421,2218,1290,3055"
7892,7892,"544,1290,9101,789,2343,7120,4277,11298,9962,6220"
7895,7895,"6220,4798,2140,7707,5303,8562,3950,6971,11540,5495"
7901,7901,"6220,4277,3950,4798,10326,5303,8562,13296,544,12857"
7922,7922,"6220,4277,12665,544,4798,6971,3950,8421,13346,9455"
7927,7927,"11969,6220,8562,10326,2140,5303,6971,4798,7707,8421"
7931,7931,"2343,9693,5303,13346,2140,544,2218,6971,6220,4798"
7938,7938,"12470,3950,6220,5199,13306,9942,5532,3428,2905,5999"
7942,7942,"4277,8562,3950,6220,544,10326,350,8421,217,10916"
7964,7964,"3950,2218,1323,4602,4413,5545,3340,2990,2305,1598"
7982,7982,"2343,3950,5495,7707,64,5199,10835,2903,2218,12665"
7988,7988,"1290,7120,4929,6971,10663,789,8302,5135,2784,3697"
7992,7992,"4798,8562,6220,10326,4277,13346,5303,8421,2140,12857"
8005,8005,"2218,6971,2343,5532,5303,3055,5199,8922,6638,6529"
8019,8019,"3464,6248,2710,1290,7120,13071,7679,10009,11298,12458"
8026,8026,"6220,3950,13346,8562,4798,10326,12665,2218,9942,4277"
8028,8028,"2343,9693,5532,544,6220,6971,5199,10835,6795,9404"
8085,8085,"13346,6626,7138,12378,11635,2205,6503,2343,50,10395"
8103,8103,"89,6971,4602,8235,3055,7983,7024,12665,5875,5524"
8108,8108,"6220,3950,4277,8562,10326,9072,3428,217,10594,1328"
8137,8137,"2343,6971,8590,5303,3950,5532,12665,9942,6220,89"
8138,8138,"10326,8562,4277,13346,5303,3950,6433,217,12857,2140"
8139,8139,"10326,4798,5303,6971,2218,8562,3950,8421,4277,6220"
8148,8148,"6220,9942,8562,6971,10326,2218,3950,4798,13346,13296"
8150,8150,"10326,8562,4798,6220,3950,2140,275,5303,12665,13346"
8160,8160,"1290,7120,544,2989,4576,11298,11024,9101,6971,12869"
8175,8175,"12665,11639,1328,4277,716,2777,432,3950,2343,5495"
8191,8191,"1290,7120,2989,4929,10663,12869,2916,6591,9730,9101"
8198,8198,"6220,4798,6971,2218,2140,4277,10326,9942,3950,8483"
8202,8202,"11298,4576,9101,11024,1290,12995,11918,3427,2989,7605"
8233,8233,"6971,10326,4798,8590,3950,2343,12665,5303,13346,8235"
8251,8251,"6971,4798,5999,13346,5100,12136,6220,4827,443,2260"
8252,8252,"10326,4277,4798,8562,8421,3950,6220,12857,6433,717"
8265,8265,"6220,544,6971,2218,10326,5303,8562,4798,7707,8590"
8267,8267,"10326,4798,8421,8562,5303,8161,10916,6433,2140,1634"
8268,8268,"8562,13346,6326,12665,3577,10326,5303,12857,9942,3950"
8294,8294,"2343,6971,544,9693,2140,5532,10835,6220,5199,5303"
8299,8299,"1290,789,7120,9962,4929,1244,11298,13309,10663,4664"
8302,8302,"10326,2218,5303,2140,4277,4798,9072,8421,12857,3950"
8303,8303,"1290,4929,789,5135,1244,12497,6971,11298,9295,9101"
8323,8323,"6971,8590,2343,6220,5199,2218,2140,10326,8562,7707"
8327,8327,"2218,6971,6220,3950,5303,5545,12665,7983,89,3055"
8331,8331,"3950,6220,2218,3055,6659,5303,11384,9942,7063,2789"
8332,8332,"1290,11298,7120,4576,789,5135,11024,1244,9101,4664"
8334,8334,"6220,3950,8562,5545,2218,13296,11572,4798,5495,12665"
8337,8337,"1290,7120,11298,544,1244,2989,9295,4576,4929,10607"
8341,8341,"3950,13346,8562,6326,4798,10326,2905,8421,5999,9942"
8361,8361,"10326,6971,13296,4798,9942,8562,5545,5303,8590,6220"
8369,8369,"3950,2218,9404,9072,6971,2411,6220,4277,2140,9733"
8378,8378,"6971,5303,10326,8421,8161,8590,3055,13249,5532,13346"
8407,8407,"11024,4576,7679,11298,2989,10389,3464,1779,11918,8978"
8419,8419,"1290,7120,4576,1244,11298,544,4664,11024,9101,2989"
8424,8424,"13296,5303,8590,6971,8562,7707,544,10326,2218,1290"
8425,8425,"4277,6220,5303,8562,2140,2218,10326,8421,3950,11384"
8438,8438,"1290,7120,4929,5135,10663,789,9962,3697,11117,9405"
8447,8447,"10326,4277,4798,12857,8421,5303,8562,6971,10916,350"
8458,8458,"12869,9962,7063,1240,9960,2291,11298,5946,10542,12096"
8463,8463,"10326,6220,6971,5303,4798,2218,8562,2140,544,4277"
8471,8471,"6971,4798,3950,2140,3055,12665,2218,8590,10326,8562"
8472,8472,"1290,7120,4576,11024,11298,7679,9101,10389,1244,12869"
8477,8477,"6971,5303,6220,2343,4798,8562,10326,10835,544,2140"
8478,8478,"2343,6971,6220,544,9693,12665,2218,2140,5495,5303"
8483,8483,"1290,789,11298,7120,5135,9962,89,9295,4036,5142"
8496,8496,"10326,6971,1290,3950,8590,8562,5303,5532,5199,2140"
8497,8497,"8562,6220,3950,10326,13346,217,12857,8421,4798,3428"
8501,8501,"10326,4798,13346,8562,3950,5999,6220,2218,8413,5199"
8506,8506,"6220,3950,9942,13296,2218,5545,13346,10326,3428,13306"
8520,8520,"10326,4798,6971,4277,8562,3950,5303,2140,12857,6220"
8524,8524,"544,6220,4576,4277,11024,12665,11969,10137,10326,11298"
8531,8531,"4798,8562,3950,13346,8413,2140,6326,10326,50,4277"
8556,8556,"10326,544,4277,8562,6220,5303,4798,350,2218,8421"
8579,8579,"4576,11024,11298,9730,10389,2989,1290,1244,9101,10137"
8585,8585,"6220,2218,13296,7707,544,5545,3950,10326,5495,12606"
8591,8591,"6220,10326,3428,12665,13296,5545,11969,7707,5303,9942"
8592,8592,"1290,7120,4929,10663,6971,2916,789,5135,6243,9962"
8596,8596,"3950,6220,9942,8562,5545,2218,1978,3428,4798,8421"
8598,8598,"10326,3950,6220,5303,2218,4277,13296,3428,9942,544"
8608,8608,"1290,7120,10663,12497,6243,6971,296,3697,8567,5135"
8610,8610,"1290,7120,4929,11298,1244,789,10663,9962,5135,4576"
8617,8617,"1290,7120,11298,9295,10607,1244,4929,11024,5135,4664"
8621,8621,"2218,5303,5199,5495,6971,1912,5999,5123,4798,10835"
8629,8629,"3420,11013,8068,9093,5766,6708,13182,10917,5310,2671"
8649,8649,"5532,12665,5819,7715,5866,4750,5495,2705,2857,1290"
8652,8652,"7120,4929,2916,789,5135,9962,1244,6243,12497,11298"
8714,8714,"6220,8590,2989,1290,7120,13296,10607,11660,6018,4664"
8718,8718,"8235,5875,5524,11403,3950,7024,6220,89,12662,2218"
8733,8733,"1290,4576,11298,9101,11024,544,12655,1779,7120,7679"
8734,8734,"6220,5545,3950,3428,13306,13110,4413,4602,12665,1598"
8754,8754,"8562,2218,5303,5495,544,3950,6220,217,2140,1978"
8771,8771,"6220,2218,8562,8413,4798,2140,13296,6971,7707,8205"
8791,8791,"6220,544,2343,10326,4277,6971,4798,13346,8562,8590"
8794,8794,"6220,8562,3950,4798,5545,5303,810,10326,13346,3428"
8797,8797,"350,9453,8822,11758,4560,788,10810,11162,10326,2193"
8804,8804,"10326,6220,4798,13346,3950,8562,13296,8590,4277,8421"
8809,8809,"6971,10326,12857,13346,2140,275,4277,5303,4798,10835"
8823,8823,"1290,7120,11298,4929,10663,4576,11024,4664,10607,2916"
8833,8833,"4277,10326,3950,10916,8562,5545,9404,8421,12665,5364"
8835,8835,"1290,7120,2343,4929,9693,11298,10663,789,12869,5135"
8840,8840,"2140,6971,4798,5303,7063,4877,3950,9771,2291,8053"
8842,8842,"8413,1290,5819,2230,4181,7715,10506,238,7063,322"
8860,8860,"6220,11024,1290,4576,544,11298,10389,5545,4664,12665"
8866,8866,"4277,10326,8421,4798,8562,5999,2343,666,5532,12398"
8877,8877,"8562,1102,6515,13230,6971,11201,8839,5980,4568,1866"
8887,8887,"8562,5532,8413,5731,10835,9264,9190,6220,3950,2218"
8895,8895,"11739,2770,350,5789,9854,3243,12621,10741,10766,10326"
8907,8907,"1290,7120,1244,789,9962,11298,5135,4929,10663,11024"
8921,8921,"4277,350,2140,8161,10326,5303,4798,6433,4492,11000"
8928,8928,"1290,11298,11024,3464,7679,10674,7120,5135,11554,4576"
8936,8936,"2218,10594,4685,3013,4351,4939,8155,11384,834,217"
8965,8965,"2343,10326,9693,6220,4798,6971,544,9942,5303,8590"
8971,8971,"2343,9693,12665,6220,5532,10835,6971,6795,3950,9942"
9000,9000,"1290,7120,544,4576,11298,11024,1244,10389,9101,4664"
9023,9023,"12665,4277,3950,2343,544,2218,6220,10077,5532,9693"
9025,9025,"6971,1290,8590,5303,2140,10326,12665,6220,7120,5199"
9031,9031,"3950,6971,5999,2218,8235,2903,5532,2789,6529,10835"
9045,9045,"6220,4798,10326,1290,4277,2218,5303,6971,7120,9942"
9053,9053,"6220,12665,8562,7707,3950,6971,3055,2218,13346,5545"
9054,9054,"9942,6220,3950,3428,5545,2218,12665,5303,13346,2343"
9060,9060,"6220,8562,10326,5303,2140,2218,13296,3950,6971,544"
9063,9063,"8562,3950,8413,6220,4413,2218,9942,11540,13346,7707"
9071,9071,"6220,8562,3950,9942,2218,3428,7707,12665,13296,5545"
9078,9078,"2343,544,9693,5532,4388,4416,4798,8608,10835,7964"
9101,9101,"6220,8562,4798,10326,3950,13296,5545,13346,4277,9942"
9108,9108,"6220,3950,2140,5303,5545,3428,9942,6270,544,13310"
9110,9110,"2218,10326,4798,4277,8562,12665,2140,6433,5303,12857"
9114,9114,"6220,2989,11298,4576,544,1290,11024,11969,5495,10389"
9144,9144,"1290,11298,7120,1244,4576,11024,544,10607,6220,4664"
9172,9172,"1290,6220,7120,1863,544,9083,7707,13296,589,7637"
9185,9185,"7707,6220,1863,13296,10429,544,8562,5976,3487,1290"
9190,9190,"3950,4798,6220,8562,5303,10326,6971,2140,12857,5642"
9193,9193,"3950,6220,2140,10326,8562,2218,4798,12857,13346,13249"
9198,9198,"4277,2140,5303,10326,7138,9340,4908,4798,2147,11320"
9200,9200,"1290,7120,6971,6220,789,544,10326,2218,5135,5303"
9201,9201,"1290,7679,7120,11298,4576,12995,3464,2769,11024,4929"
9204,9204,"544,10326,5303,6971,8590,13296,2343,4798,3950,2140"
9215,9215,"1290,7120,4929,2140,10663,6971,4798,2916,12497,10326"
9222,9222,"1290,7120,12869,9730,4576,11298,5135,789,4664,9101"
9233,9233,"4277,4798,5303,8421,350,3950,2140,1328,8562,12665"
9235,9235,"1290,4576,7120,11024,9101,544,6220,1244,13296,2989"
9245,9245,"1290,789,7120,4929,13309,10336,9866,10663,1244,7817"
9275,9275,"89,1290,12665,7024,8235,5875,5375,12253,12628,6509"
9308,9308,"6220,9942,544,8562,3428,7707,13296,5545,2218,3950"
9323,9323,"4277,2218,8421,9340,544,217,717,1978,9072,10326"
9329,9329,"10326,3950,8562,6220,5303,12665,13346,5545,5495,2343"
9355,9355,"8562,6220,3950,2218,4798,6971,5545,5303,8413,10326"
9369,9369,"10326,4798,5303,2140,12857,4277,6433,8421,2218,13249"
9386,9386,"8188,7707,6220,11484,12226,3269,11745,3987,5495,1810"
9388,9388,"6220,544,4798,5303,7707,13296,6971,12665,5545,2140"
9401,9401,"1290,7120,9962,789,5135,11298,10607,4929,10663,4664"
9418,9418,"6220,10326,2218,2140,3950,5545,7707,9942,4798,544"
9433,9433,"4277,4798,8562,13346,10326,3950,8421,217,2140,13249"
9440,9440,"4277,10326,544,217,8562,8421,6220,350,4798,3950"
9446,9446,"3950,2218,13346,13306,4277,8562,10326,5199,9942,3428"
9464,9464,"5495,7707,12470,5676,2218,544,8188,12086,232,2585"
9477,9477,"8562,5303,6220,4798,3950,2140,275,5495,10326,2218"
9488,9488,"1290,7120,11298,4576,6971,11024,10607,1244,4664,10389"
9500,9500,"10326,4798,4277,8421,350,10916,13346,717,12857,6220"
9502,9502,"4798,3950,8562,3428,13346,544,10326,5545,2218,4277"
9507,9507,"2343,2903,9693,5199,3055,8235,2218,6638,7024,2537"
9528,9528,"7120,4929,10663,11298,2989,4576,7679,2916,4664,9101"
9539,9539,"4798,10326,2218,6220,2140,4277,3950,8562,8421,1978"
9566,9566,"544,2343,10326,6971,9693,9101,4798,2140,11298,4277"
9575,9575,"10326,4798,2218,13346,12857,9340,11000,8562,8483,5199"
9583,9583,"5495,4798,13346,10326,3950,7707,5303,6220,2218,4277"
9589,9589,"10326,4277,3950,4798,13346,6971,6220,8562,2140,8421"
9591,9591,"10326,4798,6971,3950,5303,2140,2218,8421,8562,12857"
9617,9617,"11384,5495,7138,3515,10326,1290,544,6925,1104,6166"
9620,9620,"6220,8562,3950,13346,9942,2343,12665,10326,7707,5545"
9622,9622,"5495,2905,3950,5999,9393,4277,4463,406,5557,5109"
9631,9631,"4576,3222,12869,789,11918,1290,12995,9732,11024,9101"
9655,9655,"8562,3950,1042,8822,13296,3149,11910,12130,10984,8283"
9658,9658,"10326,4798,2343,2140,544,6220,5303,7707,5495,6971"
9660,9660,"1290,7120,9730,9101,4929,10663,4576,11298,2916,9295"
9669,9669,"1290,7120,789,5135,9962,4929,10663,13309,4387,12030"
9672,9672,"4798,5303,3950,13346,4277,10326,12857,12793,10138,6326"
9684,9684,"6952,8540,10352,8599,8673,4832,2363,1290,544,10326"
9702,9702,"1290,7120,789,4929,9962,10663,5135,1244,11298,8590"
9705,9705,"1290,7120,8590,6971,10326,8562,4929,6220,2218,10663"
9722,9722,"1290,12869,1244,7120,4576,11298,10137,11024,544,9306"
9732,9732,"1290,11298,7120,1244,4576,9730,4664,10607,9101,9962"
9781,9781,"12655,4576,3238,2874,789,11298,7679,1224,11532,11918"
9803,9803,"5495,5303,2218,5532,10835,544,6971,2343,8279,13112"
9809,9809,"2218,3950,10326,2343,8562,64,5495,10835,5532,1328"
9814,9814,"10326,2140,4277,6971,8421,12857,8562,5303,3950,10916"
9818,9818,"2218,6971,6220,5303,5532,2343,3950,5199,10835,2140"
9820,9820,"6220,2905,3950,5532,2140,12611,2343,9693,5999,4798"
9848,9848,"4277,10326,2140,5303,544,4798,350,4694,1017,8161"
9856,9856,"4798,10326,6971,3950,8562,5303,2140,4277,5545,544"
9869,9869,"6220,12665,5303,6971,8235,3950,7024,3055,7983,13191"
9889,9889,"10326,2218,5303,2140,6971,6220,8413,8590,4798,8562"
9923,9923,"4798,4277,10326,8562,5303,3950,8421,350,6971,8483"
9929,9929,"3950,8562,13346,12665,3055,454,11622,5177,8333,9455"
9961,9961,"1290,7120,12665,11024,11298,4929,89,10663,1244,7024"
9969,9969,"6971,4798,2218,10326,4277,8421,5303,1290,8590,2140"
9974,9974,"1290,7120,2343,89,4576,6591,4929,11298,9101,11024"
9976,9976,"1244,3222,11024,12869,11918,11298,12995,1290,4664,1862"
9989,9989,"6220,3950,9942,8562,5495,5303,2140,4798,6971,12470"
9993,9993,"6971,12665,5303,5545,2343,8562,7707,4798,3950,12606"
10002,10002,"10326,6659,5303,544,2989,1290,6307,7120,9375,1328"
10011,10011,"1290,7120,11298,11024,4576,9730,4664,7679,10137,11918"
10016,10016,"10326,4798,6220,5303,8562,2218,6971,9942,3950,4277"
10028,10028,"5545,9942,3428,6220,11800,1254,5077,12724,57,4413"
10029,10029,"6220,9942,13346,2218,3950,5545,10326,3428,13249,5495"
10033,10033,"5303,12665,3055,3950,2218,8922,1220,1230,10835,8235"
10042,10042,"10326,6971,2140,5303,3950,12857,6220,4798,8562,4277"
10046,10046,"4798,10326,4277,3950,8562,13346,10916,13249,217,12857"
10061,10061,"4277,6220,4798,8562,544,8421,3950,10594,13296,350"
10071,10071,"6220,4277,3950,9942,2218,217,13346,1978,13249,8421"
10084,10084,"4798,6971,13346,2140,8562,8421,6220,10326,12665,8161"
10091,10091,"8562,6220,4798,10326,8421,3950,5999,9470,4482,8221"
10102,10102,"4576,1244,11298,4929,10663,544,2989,4664,789,6220"
10104,10104,"2218,8562,5303,3950,4277,6220,4798,5495,2140,6971"
10121,10121,"1290,7120,6971,4929,789,10663,5135,12497,8922,2140"
10131,10131,"6220,3950,13346,5545,9942,4798,3428,8562,7707,4413"
10134,10134,"10326,4277,2140,4798,8161,6971,275,5303,8421,544"
10139,10139,"1290,7120,4929,10663,2916,12497,11298,1244,3697,4576"
10144,10144,"3950,3055,6220,5199,10835,8562,13346,2218,5999,5532"
10155,10155,"2218,3950,4798,8562,5303,6971,11396,8421,4947,2199"
10168,10168,"13296,1863,1290,6220,7707,7637,9564,8703,10429,7120"
10178,10178,"1290,544,2989,6220,9101,6971,9942,10326,11298,11024"
10186,10186,"12665,9693,8562,6220,5545,9942,3950,13346,5532,9404"
10190,10190,"4277,10326,350,8421,10594,851,8161,9489,217,717"
10194,10194,"8562,4798,3950,13346,4277,2218,1978,9455,6326,12857"
10196,10196,"13346,9942,3950,5676,4413,5545,1598,8562,6220,329"
10215,10215,"10326,4277,4798,6971,2140,5303,8421,8562,6433,6220"
10218,10218,"6220,9942,10326,5303,8562,5545,3950,6971,12857,13296"
10251,10251,"6220,8562,5545,8188,3950,7707,13346,2218,12857,5303"
10252,10252,"1290,7120,789,6220,9962,9295,5135,1244,11298,8590"
10262,10262,"5495,2903,5199,12099,10835,4266,8235,1619,7024,2218"
10266,10266,"6220,9942,544,5545,12665,2343,3950,13296,2218,6971"
10271,10271,"6220,2140,10326,2343,6971,9942,5545,13296,10835,4798"
10277,10277,"8562,10326,5303,6971,3950,2140,13346,4798,2218,6326"
10282,10282,"10326,1290,12665,8590,5303,8421,4798,6971,1244,7120"
10286,10286,"1290,7120,4929,789,10663,9962,12030,5135,1400,3697"
10305,10305,"10326,810,13346,1889,4798,2343,10063,5999,4053,3950"
10309,10309,"6220,9942,12665,2218,5545,13296,8562,3950,6971,4798"
10335,10335,"1290,7120,4929,10663,11298,4576,1244,2916,10607,9730"
10340,10340,"1290,11298,4576,7120,2989,11024,4664,10137,12995,10389"
10375,10375,"6220,4798,8562,9942,8413,12665,4430,5303,5545,2218"
10388,10388,"10326,6971,4798,5303,2140,2218,13346,8562,275,8161"
10397,10397,"10326,4798,5303,8413,4277,3950,11540,1889,12857,8421"
10402,10402,"3950,5545,6220,2218,12665,4413,9942,11403,13346,6971"
10407,10407,"544,6220,4277,5303,2343,350,3428,1978,810,10326"
10408,10408,"2140,9306,7439,3064,4877,5946,13214,10326,8510,2291"
10416,10416,"3950,6220,13346,4798,2343,10326,1220,4277,1978,12665"
10448,10448,"10326,8562,4798,6220,3950,2140,5303,544,13346,3428"
10454,10454,"3950,13346,10326,8562,3799,13296,13249,2645,5495,9942"
10499,10499,"4277,10326,4798,8421,717,217,8161,2158,6433,1290"
10503,10503,"3950,2140,8823,11351,4988,8296,6220,8279,6788,3762"
10504,10504,"2989,11298,11024,3464,12869,7679,4576,4545,544,6220"
10508,10508,"10326,5303,4798,4277,2140,8421,544,8590,2218,8161"
10514,10514,"8562,3950,13346,6220,4277,10916,6326,5545,1598,810"
10526,10526,"3950,4277,10326,4798,13346,8562,8421,12857,6433,6326"
10540,10540,"4798,6220,10326,13346,5303,4277,3950,6971,2140,9942"
10542,10542,"4277,10326,8421,217,350,544,717,9340,2343,3416"
10551,10551,"6220,10326,4798,544,6971,8562,5303,8590,2140,13296"
10554,10554,"6220,544,5303,12665,3055,7707,8562,5199,1978,10835"
10555,10555,"6220,11484,1607,3487,10429,11744,1875,8590,8444,13296"
10556,10556,"2140,5610,227,3766,3055,7547,7745,12856,6971,5743"
10562,10562,"2140,12857,6971,9072,2218,4798,10326,2905,3950,8590"
10575,10575,"1290,11298,7120,11024,12869,10607,9730,4576,10389,9295"
10576,10576,"10326,8421,5303,4798,8562,2140,350,217,10916,9340"
10582,10582,"3950,10326,2218,6971,4277,5303,8562,544,8590,13296"
10584,10584,"3950,6220,8562,13346,10326,4798,9942,2218,5303,3428"
10606,10606,"10326,9942,3950,4798,6220,544,4277,2140,5303,12665"
10611,10611,"4277,544,4798,8421,717,217,350,5303,10077,8483"
10613,10613,"544,10326,1290,8421,4798,11969,3950,217,4576,6220"
10614,10614,"7707,10429,6220,1863,5976,7706,7725,12723,2218,8188"
10623,10623,"8235,7024,4715,12662,7289,6509,3016,12550,13191,6696"
10647,10647,"12869,4163,11298,2957,11024,1851,4216,1290,1558,10674"
10657,10657,"10326,8421,2140,12857,10594,5303,4277,8161,4798,851"
10670,10670,"10326,4798,10594,4277,8421,8161,10916,2140,12990,4322"
10679,10679,"1290,11298,7120,4576,11024,12869,9295,10389,10607,1244"
10680,10680,"4798,2218,6220,5303,8562,3950,13346,2140,10326,6971"
10699,10699,"6971,8590,2218,13346,5495,4798,6220,8562,3950,5303"
10715,10715,"217,4277,238,2343,9105,2140,2158,717,3428,10326"
10720,10720,"3950,13346,4798,5303,8562,12665,6326,10326,8413,6220"
10735,10735,"6220,8562,6971,3950,1290,13296,10326,5545,2218,544"
10742,10742,"6220,6971,2218,10326,13296,5303,12665,8562,3950,544"
10744,10744,"8421,2580,4616,7305,217,7166,7243,837,3659,4453"
10747,10747,"3950,10326,544,13346,4277,6971,2140,10568,5303,6220"
10769,10769,"2343,9455,6839,1933,5199,8590,64,8279,9693,4246"
10795,10795,"4798,2218,2140,6971,5303,8562,10326,4277,3950,12793"
10817,10817,"1290,11298,7120,1244,10607,789,11024,5135,9962,9295"
10819,10819,"5303,10326,6971,13346,3055,12665,2140,6220,7679,1634"
10828,10828,"6220,13296,10326,5303,5545,3428,544,3950,2218,11969"
10860,10860,"3950,5303,8562,4798,13346,12857,5545,3428,2789,2218"
10868,10868,"2343,9693,11298,4576,9101,9730,2989,10137,2537,6834"
10895,10895,"13346,4798,12857,10916,8562,10326,6326,3950,13249,2140"
10900,10900,"10326,6971,4798,2140,5303,8161,8421,8590,10916,9580"
10912,10912,"3464,8315,2769,10009,12458,363,1317,1290,5760,11298"
10934,10934,"1290,7120,4576,1244,11298,4929,10326,544,10663,2989"
10947,10947,"5495,6971,12470,2140,5303,5199,10326,544,10835,2218"
10950,10950,"10326,6971,2140,6433,4277,12857,4798,8421,3950,5303"
10964,10964,"1290,7120,1244,11298,789,9962,10607,5135,4929,4664"
10965,10965,"7707,9942,12136,7715,5495,8681,8413,9203,9454,11772"
10968,10968,"10326,544,2218,5303,4277,2140,217,350,8421,13249"
10972,10972,"4798,3950,13346,6971,5303,4277,8421,2343,8562,2140"
10975,10975,"4277,10326,8510,9306,2140,7383,10093,544,6433,7464"
11028,11028,"10326,4798,9942,3950,5545,4277,8562,13296,3428,13346"
11030,11030,"1290,6220,4576,8590,13296,11298,2989,544,7120,2343"
11044,11044,"2343,6220,544,10326,7707,5545,89,6971,13296,4576"
11048,11048,"3950,2140,2905,4798,6220,13346,10326,12857,6971,2330"
11065,11065,"1290,6971,6220,2218,7120,5303,9295,8590,8562,544"
11085,11085,"1290,789,9962,5135,7120,10607,1244,11298,9405,3697"
11088,11088,"8562,6971,4798,13346,7707,5303,9937,4698,2218,5149"
11100,11100,"1290,11298,7120,4576,11024,1244,9101,12869,10389,10607"
11102,11102,"3950,4798,8562,13346,6220,13296,10326,12857,8483,8413"
11105,11105,"2343,10835,1290,5532,5199,9693,2903,5999,6971,1244"
11107,11107,"8562,3950,10326,6220,13346,4798,2218,8421,9942,5545"
11109,11109,"1290,7120,544,6220,1863,4929,4576,10429,7707,10663"
11120,11120,"1290,7120,4929,11298,1244,10607,789,5135,2916,11024"
11121,11121,"3950,8562,6220,6971,13346,10326,5303,4798,13249,4277"
11133,11133,"8911,6307,2034,10974,10732,8257,9375,449,2263,1290"
11149,11149,"10326,2140,6971,9942,12857,5731,5303,4798,13249,6433"
11152,11152,"1290,7120,11298,4576,11024,4664,2989,1779,1244,10607"
11160,11160,"13346,3950,9942,4798,275,6220,5545,5303,4413,3428"
11163,11163,"6220,10326,3950,4798,12665,8562,13346,8590,4277,544"
11168,11168,"7063,7445,5970,2291,3769,8675,696,1242,1290,8810"
11193,11193,"6220,5303,7707,1978,544,12793,9863,2140,4976,11000"
11200,11200,"6220,9942,3428,13296,8562,3950,5495,12470,13110,7707"
11210,11210,"1290,7120,4929,6971,10663,2916,6243,9962,3697,12030"
11215,11215,"10326,8421,11384,10594,5199,10916,2140,7867,8505,8562"
11219,11219,"1290,7120,9962,789,4929,5135,10663,2916,3697,13309"
11243,11243,"2140,8421,4877,2291,4277,6588,9865,10326,1978,350"
11253,11253,"1290,7120,2989,11298,4576,544,9101,1244,12869,10389"
11261,11261,"6220,13296,5545,5303,2218,3428,3870,3950,9942,4413"
11280,11280,"2343,5532,9693,4388,5199,10835,3909,544,12398,6529"
11285,11285,"1290,7120,789,1244,9962,11298,10607,6220,5135,13296"
11309,11309,"3950,6220,8562,2140,6326,10326,13346,1598,5545,12665"
11312,11312,"6971,3950,9404,5495,9942,2218,12665,2343,5545,6220"
11314,11314,"2343,4277,350,8421,64,10326,717,217,13346,11384"
11325,11325,"10326,4798,2343,4277,8562,544,6220,13346,8590,6433"
11327,11327,"6220,5303,7707,8562,5545,13296,4798,9942,10326,544"
11359,11359,"10326,9942,13346,6971,4798,544,6220,13296,12665,275"
11366,11366,"11554,9491,8315,9289,1371,5494,6377,7220,10960,11484"
11368,11368,"1290,7120,11298,9101,2989,4576,1244,11024,4664,12869"
11371,11371,"8590,5495,13112,13346,6326,5199,6971,10326,2343,10835"
11376,11376,"2218,544,217,2989,4277,7707,8421,2343,6220,8562"
11377,11377,"10326,4798,8562,6220,4277,13346,5303,2140,3950,6326"
11383,11383,"4798,5303,6971,10326,6220,2140,2218,8562,275,544"
11416,11416,"1328,1221,7480,4072,10326,1261,8093,8673,7862,11655"
11444,11444,"1290,10326,4277,4576,6220,6971,4929,1244,9101,10663"
11445,11445,"8562,10326,4798,4277,544,3950,8421,217,350,6220"
11448,11448,"9693,544,6220,6795,5532,2537,1220,6834,10326,64"
11469,11469,"6971,725,6796,9229,12451,4308,273,3303,6373,13162"
11487,11487,"7120,544,2343,4929,10663,6220,6971,2916,2989,4576"
11492,11492,"5303,6220,5495,2343,5532,8562,10835,4798,13346,7138"
11503,11503,"544,6220,4277,7707,2218,10326,6659,1404,5303,13296"
11504,11504,"2903,6270,9275,1943,4956,2127,11772,9351,36,12019"
11515,11515,"6220,10326,3950,4277,9942,4798,13346,8562,13296,5545"
11547,11547,"6220,6971,10326,3950,12665,13346,4798,8590,2343,9942"
11552,11552,"2343,6220,10326,3950,4798,6971,13346,2140,544,8562"
11567,11567,"10326,6220,3950,8562,4798,4277,13346,217,9942,5303"
11581,11581,"10326,544,2140,4798,6971,13296,5303,6220,9942,4277"
11589,11589,"1290,11298,7120,789,4576,11024,12869,9962,2989,5135"
11591,11591,"12665,11298,1290,11024,10137,89,7120,2989,9942,576"
11595,11595,"1290,7120,9962,11298,5135,9295,1244,4929,13309,10663"
11604,11604,"544,1290,2218,6971,7120,6220,10326,4798,2140,8590"
11608,11608,"6220,10326,8562,3950,5303,2218,12665,6971,13346,13296"
11627,11627,"3950,2218,6220,8562,13346,4798,8421,3055,10326,7707"
11646,11646,"6220,8562,3950,5495,3428,7707,5545,12665,2218,4798"
11647,11647,"6220,10326,6971,4798,5303,4277,2140,8421,8483,11000"
11675,11675,"2140,5303,2343,6971,3950,10326,2218,2264,13408,5999"
11676,11676,"1290,7120,11298,1244,789,10663,4929,9962,6971,5135"
11696,11696,"10326,2140,5495,7063,7383,13214,544,12871,383,4798"
11700,11700,"8562,7332,7772,10868,12424,10337,11912,696,1290,2193"
11722,11722,"1290,7120,6971,6220,8590,1244,9295,789,4929,9962"
11754,11754,"3950,6220,7679,12665,8590,544,5676,9942,10326,13408"
11757,11757,"2343,13408,1220,6971,13346,931,89,10326,7707,9693"
11767,11767,"12665,12757,8235,8562,7024,5875,6971,2218,9458,7053"
11773,11773,"6220,10326,8421,4798,8562,5303,4277,3950,2218,1328"
11777,11777,"6220,9942,3950,5545,4798,8562,13296,13110,13346,3428"
11778,11778,"1290,7120,9101,12869,11298,4576,9962,1244,4929,4163"
11788,11788,"1290,7120,10607,11298,9962,789,4929,1779,5135,3697"
11790,11790,"1290,7120,4929,10663,8590,10326,2916,6971,9962,12497"
11811,11811,"1290,7120,4929,10663,1244,11298,4576,2916,789,10607"
11837,11837,"1290,7120,1244,11298,4664,10607,4929,4576,5135,10663"
11859,11859,"13346,2218,8235,3950,6220,11403,4413,10326,7024,5875"
11865,11865,"13296,6220,7707,10429,9083,9689,1290,5976,7725,7637"
11867,11867,"3950,8562,6220,4798,5495,7707,11540,7138,1328,8221"
11871,11871,"544,2218,1290,7120,5303,6971,11298,11969,6220,10607"
11879,11879,"7120,1244,11298,10663,4576,10607,2916,5135,9962,789"
11880,11880,"10326,4798,4277,8421,8562,2218,5303,6220,2140,350"
11908,11908,"2140,5303,5495,4798,6971,8922,3055,2343,10326,8590"
11912,11912,"5303,6971,2218,275,4798,8235,8794,3055,10326,11194"
11925,11925,"4277,13346,2343,8421,3950,64,717,10326,4798,1912"
11933,11933,"6220,5545,8562,8413,7707,8188,5676,1862,2218,13296"
11945,11945,"10429,1863,5976,589,10802,10090,544,7706,12723,6220"
11948,11948,"4798,3950,8562,10326,13249,5461,13346,11751,11795,5495"
11952,11952,"5303,10326,8421,1634,4315,10608,4798,8161,5497,11115"
11957,11957,"62,8302,1290,11515,4469,2784,633,4843,4798,544"
11959,11959,"4798,6220,10326,4277,2343,9942,3428,8562,50,10835"
11967,11967,"2218,6220,8562,5545,3950,8235,7707,8413,8188,12665"
11969,11969,"12606,2580,5069,1421,11939,414,7707,7851,6363,5025"
11970,11970,"6220,7707,8562,2218,5545,4277,13296,13306,3428,2343"
11975,11975,"6220,10326,5545,3950,7707,9942,12665,13296,8562,3428"
11995,11995,"8562,3950,6220,12665,5199,2343,9942,13346,1323,9404"
12002,12002,"1290,7120,11298,2989,4576,1244,4664,544,11024,12869"
12022,12022,"1290,7120,789,9962,5135,12869,4664,11298,1244,13309"
12032,12032,"9375,8911,1213,6307,5760,10732,4935,1290,10326,544"
12036,12036,"1290,7120,9101,11024,4576,1244,4664,10389,2989,10607"
12066,12066,"2343,4277,4798,9693,6971,275,9455,5731,2140,9093"
12077,12077,"1290,7120,789,9962,4929,5135,10663,13309,3697,1244"
12078,12078,"4277,4798,10326,5303,2140,8421,3950,6971,11000,8161"
12084,12084,"6971,4798,5303,2140,8562,6220,10326,12665,7707,8421"
12089,12089,"8562,6220,5545,6971,3950,2140,5303,2218,10326,4798"
12106,12106,"10326,6220,2989,4277,4576,11969,1290,12869,10389,11298"
12107,12107,"12665,8562,8188,3950,13346,4413,2218,558,9680,2759"
12111,12111,"6220,3950,13346,6971,12665,5303,10326,8562,2218,4277"
12131,12131,"4798,10326,5303,2140,8562,6971,6220,9942,1634,8413"
12139,12139,"4798,9693,13346,8562,6220,10326,6971,6834,2537,3870"
12141,12141,"6220,7707,2218,8188,5495,13346,13437,8358,8838,722"
12144,12144,"1290,7120,1244,11298,5135,10607,4664,13309,544,4929"
12150,12150,"6220,3950,8562,5545,2218,9942,6971,7707,5303,4798"
12151,12151,"10326,6220,4277,544,12665,4798,6971,217,9455,8421"
12162,12162,"3950,9182,3525,3980,997,5992,2789,2029,9292,5280"
12170,12170,"4163,2957,4216,4940,10674,11554,1558,1371,2709,7971"
12182,12182,"1290,544,5303,7120,5199,5532,2903,10663,5495,10835"
12185,12185,"6220,10326,5303,4798,8562,13346,3950,4277,13249,8421"
12191,12191,"10326,6220,5303,2218,3950,2140,10594,12857,8562,6433"
12197,12197,"2343,9693,5532,6971,544,10835,5999,11357,8590,5199"
12204,12204,"1290,7120,11298,4576,11024,2989,789,4664,9295,1244"
12229,12229,"6220,544,2343,9693,6971,5545,3950,8562,4798,13296"
12231,12231,"1290,544,7120,11298,4576,2989,6971,9101,11024,10607"
12234,12234,"6220,7707,5976,12606,1863,10429,1290,544,8562,7619"
12238,12238,"6220,6971,10326,2218,4798,8562,5303,13346,2140,3950"
12242,12242,"8562,217,4798,5303,13346,3950,10326,12857,11540,11871"
12260,12260,"10326,13346,6220,8421,8562,4277,13249,10916,12857,2905"
12262,12262,"5495,5199,5532,2343,10835,4117,3950,5999,3055,2903"
12281,12281,"6220,2218,5303,10326,8590,8562,7707,5495,3055,6971"
12289,12289,"9693,10326,6795,544,64,2537,5532,4798,6834,10835"
12306,12306,"3950,8562,6971,2140,4798,6220,5303,10916,12857,10326"
12326,12326,"4798,10326,7824,10506,8022,3950,3506,9738,6220,12138"
12337,12337,"3950,8562,6220,2343,2140,4798,13346,9693,3428,12665"
12355,12355,"1290,544,7120,4576,4929,1244,2989,11298,11969,9101"
12371,12371,"3950,6220,2218,2343,4798,5545,7707,10326,3870,3428"
12372,12372,"12665,8235,5875,7024,12662,4715,12628,2343,12550,13191"
12373,12373,"10326,4798,4277,8421,1328,350,8562,12857,2158,6433"
12390,12390,"7120,4929,10663,2916,12497,6243,6971,544,7637,296"
12405,12405,"2343,9693,544,10326,5532,10835,6795,4388,5866,5199"
12407,12407,"1290,8703,7637,7120,6043,2020,9668,5342,9564,544"
12408,12408,"9942,6220,544,5545,7707,5676,13296,5495,5461,3870"
12419,12419,"8590,6971,2218,11484,1290,7120,6659,5303,275,4858"
12423,12423,"12111,8276,12321,2273,10719,3823,976,1290,544,6134"
12426,12426,"7120,4929,11298,10663,6971,544,1244,9101,11024,6220"
12452,12452,"10326,4798,8590,13346,8421,6659,8562,1328,13296,217"
12480,12480,"4576,544,11024,7679,4664,9101,11298,10137,2989,10389"
12530,12530,"5303,4798,6971,8562,10326,7707,9942,6220,7637,1290"
12546,12546,"6971,2343,4798,1290,8590,10326,8562,5303,8703,7637"
12556,12556,"1290,7120,1244,4929,4576,10663,2989,11024,4664,10607"
12573,12573,"2218,5303,5545,8413,6220,3428,9942,5495,4181,10326"
12592,12592,"6220,10326,8562,4798,3950,13346,9942,13296,2218,9693"
12596,12596,"10326,8562,4277,3950,13346,6220,4798,8421,13296,12857"
12599,12599,"1290,7120,11298,1244,11024,10607,4929,10663,9295,9962"
12615,12615,"544,11024,11298,9101,2957,1244,4163,2989,1779,10674"
12618,12618,"3950,9942,3428,7707,13296,5545,8562,544,13306,5676"
12624,12624,"6220,10326,8562,4798,12665,4277,3950,13346,8590,6971"
12638,12638,"2343,9693,6220,10835,3055,861,796,8018,5199,782"
12641,12641,"544,5199,2343,5532,10835,6971,3950,10326,5999,5495"
12644,12644,"1290,7120,4929,9101,10663,544,2989,4576,2343,2916"
12649,12649,"1290,6971,7120,8703,7637,4798,10326,8590,7713,5549"
12654,12654,"5495,2218,8562,8413,8590,5303,11357,13110,5545,4798"
12658,12658,"2218,10326,4798,6433,4277,6220,1978,10568,1889,3950"
12659,12659,"7120,544,10326,4798,4277,6971,4929,6220,10663,8590"
12666,12666,"4798,9693,8562,13346,3428,10326,4277,8421,6795,6834"
12669,12669,"12507,13401,6588,4609,11542,2953,12665,2686,4303,9942"
12674,12674,"6220,2218,10326,7707,2140,5303,3950,8413,3870,8562"
12688,12688,"1377,9453,8149,10326,8401,1290,1328,544,10352,7120"
12694,12694,"6220,2218,5545,9942,8413,7707,3950,544,13110,8590"
12709,12709,"10326,4277,5303,4798,8421,13346,2218,8562,8590,6971"
12712,12712,"7024,8235,5875,12662,1290,10023,12253,8570,6509,8879"
12722,12722,"12869,4163,10674,11554,1290,7679,2957,9330,4216,11024"
12728,12728,"8188,2218,8562,8981,6892,5149,5495,7637,1290,6676"
12732,12732,"5532,2343,10835,5199,3909,2443,9132,4388,6529,8235"
12736,12736,"4277,10326,8562,2140,4798,8421,6433,350,10594,12857"
12738,12738,"10326,4798,8562,3950,4277,6220,2343,8421,544,6326"
12741,12741,"2218,10326,3950,9942,3428,4277,8421,8562,12470,5495"
12756,12756,"12470,2218,7707,5545,13408,8413,9306,3545,3428,5199"
12764,12764,"6220,2343,6971,2218,5545,8590,13296,5303,3950,10326"
12768,12768,"6971,12665,6220,2343,3950,13296,9693,7707,2140,10326"
12773,12773,"8562,4798,2218,10326,2140,5303,6971,12857,8590,6326"
12789,12789,"10326,4798,2140,4277,8421,13346,5303,8562,6971,6220"
12790,12790,"1290,4929,10663,11298,2916,4576,4664,9295,12497,2218"
12801,12801,"5495,5532,13112,6971,1862,8279,10835,5999,1286,7922"
12804,12804,"1290,4929,10663,1244,789,2916,9962,5135,12497,12869"
12833,12833,"6220,3950,5303,8562,10326,5545,2218,13346,2140,5642"
12846,12846,"3950,10326,4798,13346,6220,12857,10916,8421,13249,2140"
12855,12855,"2343,10326,8562,5495,10785,11774,4416,6914,5861,544"
12860,12860,"3950,8562,6971,2140,5303,2218,4798,10326,8590,6220"
12874,12874,"10326,8562,4798,6220,3950,4277,6326,10916,8421,13346"
12875,12875,"13346,3950,5495,8562,2905,5199,5999,7547,4117,10835"
12877,12877,"2218,6220,5545,6659,1118,9899,12029,8188,11585,4049"
12883,12883,"5495,12470,2218,5303,3950,8413,5545,12668,6220,3545"
12890,12890,"8703,7637,9668,10332,9954,13228,2847,1290,6938,12663"
12919,12919,"1290,7120,4929,10663,12497,2916,10674,9295,4163,6243"
12927,12927,"1290,13296,6220,7120,544,1863,1244,10429,7707,9101"
12955,12955,"6971,5495,7707,2343,3950,10326,8562,5545,12470,6220"
12956,12956,"7715,1583,2218,4568,8562,8929,8053,3091,5288,1290"
12958,12958,"2140,9771,7439,5747,10326,2291,8387,10912,9942,5946"
12965,12965,"6220,217,2140,12470,3950,1404,4277,3428,9340,544"
12970,12970,"6220,3950,2218,5545,10326,13296,8562,5303,3428,13249"
12996,12996,"2343,9693,6971,6795,10835,6834,2537,5199,13346,5866"
13000,13000,"6220,3950,8562,9942,2218,5545,13346,4798,3428,3870"
13017,13017,"544,2989,11298,4576,11024,9101,1290,4664,10137,10389"
13019,13019,"10326,4277,6971,8562,3950,6220,5303,8421,12857,13249"
13021,13021,"8562,7707,8413,12606,4413,8188,3950,4414,5545,9937"
13022,13022,"10326,2218,8562,4277,6220,4798,2140,5303,544,63"
13063,13063,"2218,5303,8413,6220,2140,8188,8562,4798,13346,9942"
13075,13075,"6971,544,12869,1290,7120,2602,2291,7439,4877,6220"
13076,13076,"3950,2343,2218,6220,13346,2905,10835,10326,5545,5199"
13101,13101,"3950,4798,2140,6971,10326,4277,13346,5199,10835,6220"
13105,13105,"1290,7120,11298,12869,4576,4664,9730,4929,11024,1244"
13115,13115,"10326,12665,6971,544,6220,9942,5303,2218,11969,1290"
13117,13117,"6220,1290,7120,5303,6971,4664,4798,544,4576,5545"
13121,13121,"3950,5303,4798,2140,8562,10326,2789,13346,2218,12857"
13123,13123,"1290,544,2343,7120,11298,4576,2989,6971,9101,1244"
13125,13125,"4798,6220,10326,12857,8413,5545,8562,2140,2218,3950"
13147,13147,"4798,10326,13346,8562,3950,1978,217,8421,6433,6326"
13151,13151,"8562,6220,5303,2140,3950,5731,10326,13375,13346,6971"
13153,13153,"10326,4277,4798,8562,6220,13346,5303,3950,6326,10916"
13176,13176,"1290,544,11298,4576,12869,7120,789,5135,1244,10137"
13180,13180,"6220,8562,9942,3428,2218,13296,5545,3950,7707,2140"
13192,13192,"3870,8562,6659,1328,3950,10326,5495,6220,9942,4798"
13194,13194,"3950,4602,8235,931,5875,4715,7024,7983,5524,12368"
13195,13195,"5303,1978,8562,4277,2218,50,10326,11993,217,11000"
13198,13198,"5303,4277,8421,10326,10568,9340,4798,12857,1912,10594"
13231,13231,"3950,6971,8562,2140,9942,13346,4798,6220,12665,5642"
13234,13234,"1290,7120,4929,789,9962,10663,5135,2916,13309,9295"
13240,13240,"7120,544,11298,4576,2989,11024,9101,12869,10663,10326"
13273,13273,"3950,6220,2218,5303,12665,8590,5545,13346,9942,10326"
13276,13276,"3950,6220,13346,8562,1978,9942,3428,2218,3992,4602"
13283,13283,"10326,8421,2140,8161,12404,4277,4798,1912,717,1180"
13297,13297,"13346,3950,275,10326,8562,12665,1286,5875,4798,8483"
13301,13301,"6220,5303,13346,8562,4798,8413,6971,1290,2218,5461"
13303,13303,"5495,2218,8562,3950,12665,12857,5303,8483,11622,8413"
13321,13321,"1290,7120,11298,9295,789,9962,5135,10607,2989,10464"
13330,13330,"8703,2855,1863,7637,5966,1290,5149,5631,8247,10326"
13338,13338,"1290,11298,7120,789,9962,9295,5135,1244,1779,11024"
13380,13380,"10326,6971,2140,2218,275,5303,8590,4798,3950,8562"
13389,13389,"1290,7120,4929,10663,2916,1244,296,6243,9962,3697"
13390,13390,"3950,5532,6220,10835,9942,2218,4602,5999,11439,12225"
13391,13391,"11298,6971,4576,12869,1290,10326,544,4798,5303,10607"
13401,13401,"8562,4277,3950,10326,6220,13346,544,4798,8421,350"
13403,13403,"8590,6220,6971,1290,3055,4482,9470,89,8922,8235"
13407,13407,"10326,544,1290,2140,4576,7120,4277,350,13296,4798"
13413,13413,"2140,4277,217,10326,7063,9598,2861,8972,2291,10594"
13414,13414,"2989,11298,11024,9730,4576,9101,1290,12869,10389,1779"
13446,13446,"10326,4798,4277,8421,5303,8562,13346,2140,6971,12857"
13472,13472,"1290,7120,11298,4576,7679,2989,544,10607,7047,4024"
13488,13488,"8562,4798,3950,5303,13346,6971,10326,2140,6326,12665"
13502,13502,"1290,11298,2343,11024,4576,7120,544,4664,6220,2989"
13507,13507,"1290,7120,11298,4576,2989,9730,9101,10389,1779,10607"
13512,13512,"4798,13346,7707,3950,8562,3870,10326,13249,6659,5676"
13543,13543,"4798,4277,12665,5303,8421,8562,6220,6971,10916,2140"
13572,13572,"10326,8562,4798,544,5303,6971,2140,6220,3950,8421"
13595,13595,"1290,7120,4929,10663,6971,8922,1244,12497,6243,12030"
13599,13599,"5495,3950,6220,3428,2218,9942,544,2343,10326,8562"
13608,13608,"9693,5303,10326,2140,6220,6795,12665,64,1978,8421"
13609,13609,"350,9999,10326,9848,478,7480,5241,1290,544,7120"
13630,13630,"3950,4798,2140,2218,6220,12665,9942,6971,10326,2343"
13635,13635,"10326,4798,2140,5303,8421,2218,811,8562,6971,6925"
13645,13645,"6220,3950,4798,8562,10326,6971,3055,5303,2789,9942"
13673,13673,"3055,2343,5199,13346,5532,8421,9532,10835,3950,8505"
13683,13683,"6220,9942,5303,6971,4798,10326,5545,2140,3950,544"
13702,13702,"6971,2218,8590,11403,7715,3055,8235,8922,5731,7024"
13716,13716,"3950,6971,6220,4798,10326,8562,2140,2218,8590,5303"
13724,13724,"11298,2989,4576,9730,4929,544,12869,10663,6971,9101"
13746,13746,"6220,2343,2218,4798,5303,6971,10326,8590,2140,3950"
13752,13752,"8562,3950,4413,6220,3870,10434,9942,3509,10566,8707"
13756,13756,"1290,7120,789,9962,4929,5135,10663,13309,2916,10336"
13763,13763,"1290,7120,789,9962,11298,1244,5135,10607,9295,4929"
13774,13774,"6220,10326,8562,544,13296,7707,6971,5545,9942,8590"
13776,13776,"1290,7120,9962,789,11298,5135,1244,9730,4929,10607"
13786,13786,"1290,789,5135,9962,7120,11298,1244,6811,12869,3697"
13788,13788,"4277,350,6305,6643,9453,10707,4072,4029,5140,5262"
13791,13791,"1290,11024,11298,6971,7120,4576,2989,10389,12995,1244"
13810,13810,"8562,10326,6220,6326,9942,5303,2140,1290,4413,3950"
13811,13811,"10326,4798,8421,4277,10916,8161,9580,12857,5303,217"
13820,13820,"9942,11024,11298,9962,789,2989,5135,10919,13370,1290"
13826,13826,"6220,3950,714,2218,5495,13346,7078,2343,3428,6433"
13840,13840,"2770,10352,6952,1290,10326,1328,544,8562,7120,6220"
13841,13841,"4277,6220,544,8562,217,6326,13249,13346,7707,2343"
13852,13852,"6220,9942,3950,5545,13296,12665,89,2218,3509,7707"
13858,13858,"1290,6971,7637,5549,4698,5149,7120,6220,10326,4798"
13865,13865,"9178,1328,1210,4277,6659,9375,10326,2459,516,12424"
13871,13871,"10326,4277,2140,4798,5303,10594,544,8562,11384,6433"
13877,13877,"2158,4798,10326,5461,9306,5292,8562,2343,7445,9461"
13905,13905,"10326,4798,4277,8421,12857,6220,8562,6971,3950,6326"
13924,13924,"7120,11298,544,4929,4576,10663,9101,10607,10389,2916"
13929,13929,"10326,4277,2140,5303,4798,8421,6971,8562,10916,9072"
13935,13935,"8562,3950,2140,3428,6220,5532,8413,2343,5676,10916"
13952,13952,"1290,7120,11298,4929,1244,10663,9962,789,4576,4664"
13953,13953,"1290,6971,10326,8590,7120,6591,7578,6522,9295,3950"
13962,13962,"10326,8562,4277,3950,4798,8421,2140,544,5303,10916"
13965,13965,"7983,6220,5545,8235,3992,5524,5495,89,9942,13191"
13966,13966,"10326,8421,10594,12857,11754,13346,851,4957,9953,3950"
13974,13974,"1290,11298,4576,11024,7120,2989,9101,1244,7679,10674"
13982,13982,"1290,7120,11024,11298,4929,6971,10663,4576,1779,89"
13983,13983,"5461,2903,5199,13112,5532,4117,5999,11357,3055,10835"
13987,13987,"6220,3950,10326,8421,4798,3428,4277,5303,9942,13346"
13988,13988,"1290,7120,10326,544,6971,4576,8590,2343,4929,10663"
13991,13991,"10326,4798,3950,13346,6220,5303,6971,12857,6326,2218"
13995,13995,"3950,5199,8562,2218,3428,9532,6302,5495,4602,3340"
13998,13998,"10326,2140,6971,5303,4798,8161,3950,8562,2291,13346"
14021,14021,"6220,13296,3428,5545,13110,8562,7707,13306,3950,4413"
14028,14028,"2343,4277,544,9693,5199,5532,10835,10326,3950,3127"
14042,14042,"6220,9942,2218,5545,12665,6659,3870,7707,544,5303"
14049,14049,"8703,7637,4205,10332,9954,13228,2768,12996,1290,544"
14060,14060,"6220,8562,5545,3950,13296,2343,13346,5199,3428,9942"
14061,14061,"8562,13296,3950,9984,4559,4413,6220,9107,6040,544"
14067,14067,"6220,7707,1863,10429,544,5976,13296,779,2327,1290"
14079,14079,"1290,6220,6971,4798,7120,5303,544,2218,2140,12665"
14089,14089,"4277,544,350,6220,1210,217,2140,5303,4798,1404"
14097,14097,"5303,4798,4277,2140,10326,8590,544,350,275,1290"
14105,14105,"3464,7679,11024,4163,4216,2957,10674,7669,9330,12869"
14147,14147,"2140,3950,4798,7063,5731,9942,5996,10506,4277,3064"
14155,14155,"8562,4798,3950,6220,2218,5545,13346,9942,8413,3870"
14168,14168,"10326,5303,4277,4798,2140,12857,8421,6220,217,6971"
14170,14170,"10326,8562,2343,10835,7707,544,5495,6220,4277,5303"
14173,14173,"2989,544,4576,3428,6220,11024,9101,13306,3464,9942"
14174,14174,"6220,8562,10326,3950,13346,4277,11540,13296,3870,13249"
14196,14196,"6220,8562,4798,3950,2343,2218,9942,13346,8413,5303"
14197,14197,"2218,4277,9340,5250,3495,8361,10651,5303,3772,10326"
14202,14202,"7120,4576,11298,4929,9962,10663,1244,5135,9101,11024"
14204,14204,"9306,6648,2300,8703,13214,10776,383,12871,7383,5939"
14215,14215,"2343,6220,4798,544,810,6795,5532,9693,2140,1574"
14242,14242,"4277,10326,3950,4798,8421,8562,2140,5303,717,217"
14244,14244,"6220,10326,8562,6971,4798,9942,5545,13296,12665,5303"
14249,14249,"1290,7120,4929,10663,3697,5135,9962,789,6971,1750"
14250,14250,"9738,3285,8452,4531,11199,5939,12998,9306,1290,11012"
14256,14256,"10326,4798,4277,5303,8421,2140,6971,8562,717,13346"
14258,14258,"4664,11918,8714,11298,7679,7258,2989,12995,4890,7375"
14280,14280,"5303,4798,5199,6971,6302,8562,3950,2140,10326,6646"
14318,14318,"7120,544,6220,6971,11298,4576,8590,1244,2989,4664"
14325,14325,"10326,1328,350,8421,10891,6659,4277,8562,1377,8590"
14328,14328,"1290,10326,8590,6971,4929,10663,4798,2140,4277,8562"
14329,14329,"13346,3870,9942,8562,8333,3950,5495,6220,4457,5474"
14344,14344,"8562,6971,5303,10326,2140,3950,6220,4798,5199,1912"
14366,14366,"1290,7120,4929,10663,5135,2916,9962,789,12497,6971"
14421,14421,"1290,7120,9962,5135,3464,11298,2916,4929,13309,10607"
14430,14430,"10326,4277,4798,2140,8421,5303,6220,717,2343,217"
14435,14435,"4413,6925,10171,3950,275,4490,12575,8562,11277,8999"
14472,14472,"2218,8590,4798,6220,10326,1290,5199,3950,2140,5532"
14501,14501,"6220,2218,6971,12665,2140,8590,4798,8562,5545,13296"
14509,14509,"6971,4798,5303,13346,3950,2140,2218,3055,8235,10326"
14516,14516,"8562,2218,6220,13296,4798,7707,8188,8590,5303,5545"
14521,14521,"10326,3950,4798,2218,5303,6220,2140,4277,8590,8562"
14553,14553,"6220,5303,5149,1290,7637,8562,7120,5495,7707,1487"
14561,14561,"6220,3950,5545,12665,13296,8562,7707,4413,13346,3428"
14562,14562,"5495,5303,9942,3950,2218,13346,6220,6971,12665,89"
14567,14567,"2140,6220,5461,1220,5303,9942,12589,2343,13090,9668"
14575,14575,"1290,7120,544,789,9962,2140,4929,4453,9938,9846"
14581,14581,"544,2343,5303,5532,5199,8590,2218,6220,6971,13346"
14627,14627,"6971,1290,89,8590,3055,7120,8922,8235,2789,10663"
14634,14634,"6220,9942,5545,3428,13296,7707,3950,13110,544,5184"
14651,14651,"5303,10326,4798,2140,5495,275,8922,13346,5999,2443"
14659,14659,"2343,10835,5199,5999,6971,5532,13346,2140,4117,11357"
14670,14670,"10326,4798,8421,12665,4277,217,9455,5495,9580,716"
14684,14684,"6220,8562,7707,2218,544,13296,10429,1863,12723,5485"
14691,14691,"4798,1290,13346,8922,2140,13296,9730,2218,275,6971"
14695,14695,"1290,2218,6971,13296,7120,5303,12665,6220,3427,8590"
14705,14705,"10326,8562,4277,4798,2140,8421,1328,217,350,1210"
14711,14711,"1290,7120,4929,4277,12606,10663,10326,7707,6220,544"
14723,14723,"4798,3950,10326,6971,8562,13346,12035,2789,8483,12856"
14739,14739,"11298,1290,9730,2989,10389,4576,11024,7120,10607,4664"
14740,14740,"10326,6971,4798,5303,8562,2140,275,4277,8421,8161"
14743,14743,"5495,8590,2218,5532,5303,5199,12668,3950,976,4798"
14747,14747,"10326,4277,544,8562,6220,4798,8421,3950,350,5303"
14748,14748,"6220,9942,5545,89,12665,7983,7707,4602,8681,3055"
14764,14764,"1290,4929,7120,8333,10663,7983,2989,12497,7184,6971"
14771,14771,"544,6220,7707,9942,2989,4664,4576,5495,2343,9693"
14780,14780,"10326,4798,4277,6220,8421,217,9340,8562,12857,717"
14784,14784,"10326,4798,5303,2140,8590,4277,350,8421,544,7138"
14785,14785,"9942,13110,5545,6220,3428,13306,9042,9800,9917,9600"
14798,14798,"2343,9693,9532,10835,6839,5532,1323,8235,13306,11603"
14801,14801,"544,9942,6220,10326,2343,4798,4277,12665,6971,2218"
14803,14803,"10326,6220,5303,4798,4277,2140,8590,544,6971,275"
14821,14821,"4798,5303,4277,10326,2140,6971,13249,275,6220,6326"
14832,14832,"6971,2343,1290,8562,5199,10835,5532,10326,4798,544"
14833,14833,"3950,6220,9942,5545,4798,2140,13346,10326,6971,8590"
14853,14853,"4798,8590,6971,6220,7792,8562,12665,9942,13296,544"
14854,14854,"6220,13249,8562,2218,10326,13346,3950,5303,4798,2140"
14856,14856,"6220,544,9942,8562,12665,3950,2218,13296,7707,5303"
14858,14858,"3950,10326,5532,10835,5199,2343,4277,9519,2140,5999"
14864,14864,"2140,6724,9306,8984,1290,3084,3064,1784,7120,5939"
14867,14867,"1290,11298,2989,7120,11024,4576,1244,10389,12665,9101"
14880,14880,"7679,11298,4576,2989,11918,544,11024,4664,10389,4024"
14890,14890,"6220,8562,13346,6971,5199,3950,7707,6326,8205,9942"
14892,14892,"10326,9693,6220,4798,4277,544,13346,8421,8562,3950"
14899,14899,"1290,11298,11024,4576,789,9962,12869,4664,5135,10607"
14904,14904,"2343,6795,3055,9693,9532,89,5532,10835,12665,8279"
14906,14906,"11298,1290,7120,4576,9295,4664,10607,1244,1779,11024"
14909,14909,"4277,350,5303,9340,4694,716,6751,544,10326,6060"
14929,14929,"6220,8562,5545,5303,2218,4798,3950,13296,7707,4698"
14931,14931,"6220,7707,13296,1863,10429,8703,2058,8562,12822,1290"
14938,14938,"4798,10326,3950,6220,6971,8562,13249,4277,13296,8421"
14955,14955,"2140,6220,3950,6971,8590,10326,7707,2343,12665,5303"
14961,14961,"3314,2936,5645,9212,3269,4569,1968,10732,8562,10326"
14969,14969,"1290,11298,7120,9730,9962,5135,11024,4664,12869,10607"
14970,14970,"10326,4277,4798,6971,2218,8421,217,6220,717,5303"
14977,14977,"3950,6220,12665,8562,7707,5495,5545,9942,5676,1225"
14991,14991,"4798,6220,5303,10326,5545,13346,2218,2140,8590,3950"
14993,14993,"2140,9306,2291,4798,7445,176,10462,4262,6013,10326"
15009,15009,"3950,4798,13346,12857,8421,8562,13249,717,10326,6326"
15014,15014,"11298,4576,2343,9101,2989,10389,9693,10607,1244,10137"
15028,15028,"7120,11298,4929,10663,1244,789,2916,5135,9295,10607"
15029,15029,"4277,217,10326,8562,717,13249,4798,8421,10916,3950"
15030,15030,"5495,7707,5545,6220,8562,13346,9942,8413,13306,8681"
15033,15033,"4798,6971,2343,10326,13346,8562,10835,9693,12857,2140"
15052,15052,"544,4798,5303,8590,13296,8562,8421,6220,6971,350"
15062,15062,"4798,10326,13346,6220,8421,5303,1978,6326,13249,6971"
15074,15074,"6220,9942,1290,544,2218,6971,5303,13296,2343,7707"
15081,15081,"3950,2343,13346,13110,2140,5532,6220,9693,10326,5495"
15082,15082,"4029,3563,9994,2436,13209,5425,9726,3339,10233,11758"
15097,15097,"6971,13346,2140,4798,9771,8562,4877,2291,8161,5747"
15098,15098,"4798,10326,6220,8562,3950,6971,5303,4277,13346,8590"
15107,15107,"1290,7120,4929,10663,789,5135,1244,11298,9962,2916"
15113,15113,"10326,4798,6220,8562,2140,4277,3950,350,13346,6659"
15120,15120,"6220,10326,8562,3950,4798,5303,13346,2218,5545,13296"
15121,15121,"10326,4798,6220,3950,6971,8562,4277,13346,12857,12665"
15122,15122,"10326,8562,4798,5303,3950,6220,2140,2218,13346,12857"
15141,15141,"4277,350,10326,217,8562,7275,1328,9850,1210,4798"
15143,15143,"6220,4798,10326,13296,6433,4277,8562,6971,8590,8421"
15148,15148,"3950,2343,6220,13346,64,5495,5199,10835,5532,2218"
15164,15164,"6220,10326,9942,2343,11969,7707,13296,5303,8562,4277"
15165,15165,"6220,1290,9942,2218,6971,544,13296,8562,8590,9101"
15175,15175,"10326,4798,4277,8421,2140,717,10916,5303,275,13346"
15186,15186,"1290,4929,10663,789,5135,9295,2916,1244,12497,11298"
15189,15189,"10326,6220,4277,3950,544,2218,4798,5303,217,8421"
15200,15200,"10326,6220,4798,4277,6971,544,1290,13296,5303,2140"
15204,15204,"10326,4277,8562,6220,2140,13346,10916,4798,3950,8161"
15205,15205,"1290,7120,4798,6971,6220,5545,544,8590,7707,13296"
15217,15217,"8590,5199,8922,10835,4266,8235,5532,6971,5303,2343"
15240,15240,"11024,2989,12869,4576,1244,7679,10607,10389,1779,10137"
15248,15248,"6220,1290,1863,6971,13296,7120,10429,8562,7707,7637"
15253,15253,"4798,10326,4277,8562,2140,2343,10916,5303,6638,8161"
15256,15256,"4277,2140,544,1978,10326,7138,350,3950,4798,13346"
15260,15260,"10326,5303,544,2343,4798,8562,8421,3950,6971,6220"
15265,15265,"5495,12470,11540,12092,2218,5199,4376,13110,5545,4266"
15274,15274,"13130,5251,3314,10233,4029,8540,1516,972,10743,8401"
15275,15275,"2140,4798,6971,5303,7063,10326,11609,13214,3950,383"
15282,15282,"4798,2140,10326,8562,2218,8590,9580,560,5303,8161"
15294,15294,"2343,5532,10835,9532,6795,9693,4388,5199,2903,3909"
15304,15304,"1290,7120,11298,1244,789,9962,5135,10607,4576,11024"
15330,15330,"6220,544,2343,10326,13296,11969,6971,9693,4576,5545"
15331,15331,"8562,12665,6220,13296,3950,13346,3055,5545,7707,2380"
15332,15332,"10389,1244,7120,1290,11298,9375,2291,3464,7679,3798"
15339,15339,"6220,5545,7707,1863,10429,5976,9942,8562,544,589"
15387,15387,"544,6220,7707,1863,10429,12606,8562,1290,3487,10326"
15391,15391,"544,6220,10326,4277,8590,6971,12665,13296,4798,2343"
15396,15396,"4798,13346,10326,6220,8562,6326,6971,3055,5545,4413"
15397,15397,"6971,2218,5303,7715,3577,5545,6220,8235,13346,8562"
15421,15421,"9306,2343,2899,4798,7383,8071,383,6648,10776,2300"
15427,15427,"1290,7120,4929,10663,4576,7679,11298,11969,10607,9730"
15434,15434,"1290,544,4576,2989,7120,11298,1244,11024,6220,13296"
15441,15441,"5495,10326,2218,275,12665,4798,8590,8562,6220,13296"
15444,15444,"6971,6220,2218,5303,275,10326,8590,5545,2140,4798"
15457,15457,"6220,3950,4798,8562,5303,6971,8421,13346,10326,13296"
15466,15466,"8562,3950,13249,217,717,4277,1978,11000,11384,5303"
15475,15475,"12857,4798,3950,13249,8413,1978,5303,5676,6270,10326"
15483,15483,"1290,11298,11024,4576,9295,7120,2989,1779,7679,10389"
15487,15487,"8235,5875,7024,12665,12662,13191,2218,89,5375,1290"
15500,15500,"2140,7063,12404,9771,4877,9306,7439,275,5946,7683"
15511,15511,"6220,2343,9942,9532,13296,12339,5532,2822,10835,9032"
15515,15515,"6220,3950,8562,2218,5545,7707,4798,13346,10326,89"
15519,15519,"4798,6971,12665,8562,13346,3055,8235,5303,8922,3950"
15534,15534,"2343,9693,5545,5303,6834,2537,4605,5532,2218,3127"
15545,15545,"1290,7120,11298,4576,11024,9101,10137,12869,1779,10607"
15553,15553,"2343,11024,4576,2989,9730,12869,9693,7679,544,11298"
15556,15556,"5495,2218,8413,6220,12470,3950,5303,7707,8562,9942"
15564,15564,"4798,13249,3950,6326,13346,2140,8161,12857,6433,6971"
15567,15567,"1290,7120,4929,11298,4576,10663,4163,12869,10674,1244"
15582,15582,"12857,4798,6433,8562,6326,6220,9602,4277,2140,217"
15585,15585,"10326,4277,4798,5303,8421,6971,2140,6220,8562,717"
15587,15587,"8562,6220,3950,5303,2218,2140,8413,5545,13346,5495"
15589,15589,"6971,5303,2140,10326,4798,4277,8483,11000,8562,2380"
15590,15590,"9693,3428,6795,5495,5532,10835,6220,6834,2537,7707"
15595,15595,"3055,6522,8235,7526,10326,10002,7832,11227,6232,3173"
15611,15611,"11298,1244,2916,789,9962,5135,10607,4576,296,12497"
15613,15613,"3950,13346,9942,6220,3428,4798,5545,6971,3055,10326"
15632,15632,"10326,8562,13346,6220,4277,7707,5303,13296,2140,6971"
15633,15633,"10326,4277,544,5303,350,9072,2140,13249,2218,4798"
15639,15639,"6971,5303,4798,8590,6220,3950,8421,2218,2140,10326"
15648,15648,"10326,4798,4277,6971,217,6220,2140,717,544,8161"
15652,15652,"4798,10326,2140,4277,350,8421,9340,275,8161,13346"
15683,15683,"6220,9942,5545,13296,7707,2218,3428,8562,4413,8590"
15688,15688,"9942,6220,8562,7707,5545,5495,2218,3950,3428,5303"
15703,15703,"9942,3950,8413,4413,13296,6220,10340,4602,8562,10896"
15708,15708,"2218,3950,6971,4213,2724,5879,141,2385,11040,6111"
15714,15714,"10326,4798,8562,3950,544,8421,217,6220,12857,717"
15719,15719,"4277,10326,4798,350,8562,12857,10916,8421,13346,6433"
15727,15727,"8413,1230,8922,6971,8562,2380,2218,8235,2199,5124"
15728,15728,"1290,7120,4929,10663,5573,12030,4387,2916,6243,12497"
15735,15735,"10326,4798,8590,4277,8562,2140,5303,8421,275,11969"
15736,15736,"5495,3950,8562,1328,31,6220,9942,4453,2218,4277"
15739,15739,"1290,7120,11024,2989,9295,1244,4929,1779,12869,8978"
15742,15742,"6220,3950,9942,4798,2140,2218,8562,10326,5303,89"
15764,15764,"350,1978,4277,50,9234,12226,5545,3950,9178,8562"
15773,15773,"10326,2140,4798,13346,6971,5495,3950,10916,2218,8562"
15774,15774,"1290,7120,7669,11298,6591,2957,12869,4163,9295,4216"
15786,15786,"1290,11298,11024,4576,7120,4664,544,10389,12995,12903"
15789,15789,"4277,8421,12857,10326,350,217,9105,9489,6433,9340"
15796,15796,"6220,9942,2343,2218,10326,9693,13296,3950,3428,9072"
15800,15800,"5495,2218,8562,12470,12099,12668,3950,10326,1783,9718"
15802,15802,"1290,7120,11298,1244,9101,544,4576,2343,9295,10607"
15812,15812,"10326,4798,4277,5303,2140,544,8562,8421,350,6220"
15815,15815,"5303,11320,8503,1634,3870,10154,12636,11666,8409,4108"
15828,15828,"6220,8562,10326,13346,7707,13249,12665,4277,3950,13296"
15831,15831,"11298,4664,1779,1244,7679,9962,11024,7265,2885,11775"
15840,15840,"4277,350,10326,717,9340,544,12404,7138,11010,2218"
15845,15845,"4798,8562,13346,3950,10326,4413,6220,6326,12857,9942"
15847,15847,"2218,6220,232,10799,5495,8413,7485,5461,3361,11326"
15856,15856,"4798,10326,8562,6971,12857,8421,4277,5303,10916,8161"
15861,15861,"12869,4163,1290,2957,9962,5135,789,4216,11298,1558"
15862,15862,"1290,7120,4576,789,9962,11298,5135,4929,1244,10663"
15871,15871,"5495,7707,12470,2218,8413,8562,8188,5545,3950,8373"
15872,15872,"8562,3950,8421,3055,13346,9733,7707,10326,4277,6220"
15883,15883,"1290,7120,11298,9295,4576,2989,4929,1244,6971,10607"
15886,15886,"7707,6220,2343,1863,13296,544,5976,10429,8562,2327"
15888,15888,"6220,9942,12665,5303,13296,3950,6971,544,2218,10326"
15898,15898,"6220,4277,4798,8421,10326,6971,8161,13346,3950,8562"
15919,15919,"4798,50,4416,10326,6326,6795,6220,3950,8198,64"
15922,15922,"1290,7120,5135,4929,10663,13309,3697,11298,2916,9295"
15931,15931,"544,1290,7120,11315,5251,10743,589,10233,9693,375"
15941,15941,"6220,7707,8562,9942,3950,2218,8188,13296,5545,3428"
15943,15943,"4798,8161,8421,10594,12857,220,10326,8022,6899,5303"
15956,15956,"6220,10326,6971,3950,8562,4798,5303,5545,12665,13296"
15958,15958,"1290,7120,6220,6971,8590,544,2140,5303,4929,13296"
15960,15960,"2343,2140,6220,5303,8413,10326,4798,7138,2580,13346"
15973,15973,"3222,11298,11024,4576,4890,5979,12330,12903,4545,8790"
15977,15977,"1290,7120,11298,789,4929,1244,9962,10663,10607,1779"
15994,15994,"8562,13110,89,3950,4413,13296,5545,6220,3577,7723"
15995,15995,"1290,7120,4929,1244,789,5135,10663,6971,9962,11298"
15996,15996,"6220,5545,3950,13346,9942,8590,13296,8562,10326,6971"
15999,15999,"6220,3950,2140,220,8562,10785,10006,237,4798,11572"
16060,16060,"1290,7120,6971,6220,10326,4798,2140,4929,5303,10663"
16069,16069,"3950,2218,4798,1978,13346,217,4277,10326,13249,717"
16076,16076,"1290,11298,2989,7120,4576,544,9101,11024,12869,1244"
16085,16085,"12191,7480,10326,6306,11914,4097,11999,8562,5241,6220"
16089,16089,"2140,6971,8922,8562,8703,9668,1290,6220,7637,4698"
16097,16097,"10326,4277,4798,544,8562,5303,8421,3950,13346,350"
16112,16112,"6220,3950,6326,13110,12152,217,9942,1030,544,3428"
16116,16116,"4798,10916,6971,12857,9953,8421,2291,8562,10326,1776"
16137,16137,"4277,275,5303,350,4798,10326,8483,1978,8161,217"
16150,16150,"3950,717,217,8421,7087,6528,1328,2140,6979,4303"
16174,16174,"3428,3950,13110,4413,9942,5545,1325,12575,7723,10952"
16176,16176,"3950,6971,1889,4173,6220,8562,8413,5078,11910,11262"
16210,16210,"1290,7120,4929,789,10663,9962,5135,6971,2916,1244"
16212,16212,"3950,10326,8562,4798,13346,6220,2140,12665,4277,5303"
16230,16230,"10326,8562,3950,4798,5303,8590,6220,2218,4277,2140"
16245,16245,"4277,10326,544,4798,217,350,1328,8421,8562,6433"
16293,16293,"8562,3950,6220,13346,4798,13249,5303,10326,2140,6971"
16299,16299,"1290,7120,11298,1779,8590,9962,9295,5135,10607,789"
16300,16300,"7707,1863,10429,7706,3487,589,11103,3542,7619,2829"
16303,16303,"3950,2140,4277,8562,2218,10916,12857,10326,2448,3281"
16305,16305,"1290,7120,11298,4576,6971,12869,89,6220,1779,10137"
16314,16314,"4798,4277,8562,10326,5303,12857,6433,6971,13346,2140"
16328,16328,"2140,4798,8562,11540,10326,12857,652,13346,3458,240"
16340,16340,"1290,7120,789,9962,11298,5135,9101,4576,544,4929"
16351,16351,"10326,9942,1328,4277,544,3428,1017,10869,350,2218"
16363,16363,"4798,11969,2343,6220,10326,5495,7707,5303,13346,544"
16376,16376,"6971,4798,5303,2140,10326,7063,37,6433,12733,6220"
16387,16387,"8421,13296,4277,12857,10326,2140,6433,6326,4798,6220"
16395,16395,"6220,5545,8562,10326,2140,4798,13296,1978,544,3950"
16414,16414,"7707,6971,6220,8562,5545,12606,810,13296,4798,10326"
16416,16416,"8413,7715,9454,10506,8452,3506,8053,8022,8217,1290"
16418,16418,"6971,6220,2218,5303,10326,89,12665,8590,7983,9072"
16471,16471,"1290,7120,2989,11298,4576,11024,1244,10389,4664,544"
16489,16489,"8562,4798,10326,6220,2218,3950,12857,4413,6326,8413"
16497,16497,"2343,9693,5532,10835,5199,5303,6795,8922,8235,6220"
16509,16509,"2218,2140,5303,6971,8590,4277,1978,6220,8421,13296"
16510,16510,"9942,3950,6220,13346,2218,5545,5303,13296,4413,7707"
16521,16521,"11298,1290,11024,7120,1244,4664,4576,10389,10607,9962"
16524,16524,"10352,12824,8540,840,11590,1290,4868,4054,544,3770"
16582,16582,"5303,7136,3275,13408,1926,6220,12253,7986,5482,544"
16592,16592,"1290,6220,2343,8590,7707,6971,8562,7120,13296,544"
16604,16604,"1290,7120,11298,11969,4576,7679,2989,12869,10137,12655"
16605,16605,"1290,4576,11298,7120,11024,9101,6220,4664,1244,544"
16617,16617,"11298,11024,1290,4576,2989,1779,7120,9101,10389,7679"
16622,16622,"11298,4576,11024,2989,1290,10607,1244,11918,12869,4664"
16624,16624,"6220,2140,3950,8562,3428,4413,7238,4798,10138,9942"
16628,16628,"3950,11484,6646,11406,13380,2903,10304,13346,1361,5823"
16633,16633,"1290,7120,4929,6971,1244,2916,11298,8590,4576,544"
16646,16646,"7707,10429,8562,9083,13269,6220,544,7706,10326,5702"
16651,16651,"10326,13346,5495,8562,4798,8421,13249,2218,12857,3950"
16654,16654,"10326,13346,6971,4798,6220,8421,8562,3055,6326,2140"
16673,16673,"2218,8562,3950,6220,5303,2140,9942,11000,13346,1634"
16675,16675,"6220,10326,8562,4798,13346,3950,9942,4277,13296,8421"
16677,16677,"6971,2218,2343,5532,10835,3950,5303,2140,5199,9693"
16679,16679,"6971,2218,8413,3416,275,11540,1889,5303,13375,3055"
16686,16686,"1290,11298,7120,789,9962,1779,10607,5135,1244,4664"
16695,16695,"3950,4277,4798,10326,5303,2140,8421,8562,6220,11384"
16704,16704,"3428,3950,5545,8562,13346,12153,6220,9942,2343,13110"
16709,16709,"6220,9942,13346,5545,12665,3950,2218,7707,1220,5495"
16773,16773,"4798,10326,4277,5303,6433,3950,2140,12857,6326,13346"
16774,16774,"10326,8562,2218,3950,8421,1889,12857,2140,13249,11540"
16797,16797,"6220,3950,3428,9942,13110,7707,8562,13306,13346,4947"
16803,16803,"2140,7063,6751,8562,4014,13090,11871,12026,4915,4573"
16804,16804,"10326,4277,4798,13346,3950,5303,10916,12857,6433,6326"
16806,16806,"6220,8562,7707,2140,544,5303,4798,10326,12665,2343"
16810,16810,"3950,9942,6220,3428,13346,12934,220,1598,8413,11506"
16836,16836,"4277,6433,350,2140,1978,1210,581,10326,9423,544"
16844,16844,"13306,4266,8246,13271,11774,5495,4025,13346,3799,2343"
16861,16861,"1244,1290,11298,5135,7120,789,4163,2957,9962,12869"
16875,16875,"4798,10326,6971,2218,5303,2140,13346,8562,3950,3055"
16936,16936,"4798,3950,13346,10326,12857,8562,6971,4277,2140,5303"
16946,16946,"4798,217,3950,10326,13346,5303,12857,8421,8562,1328"
16965,16965,"4798,6220,10326,3950,5303,2140,2218,5545,8421,13346"
16987,16987,"6971,5303,2140,10326,4798,8421,6220,8562,8161,4277"
16988,16988,"6971,2343,8922,3055,5875,6529,5532,7024,10835,13191"
16989,16989,"8562,6220,3950,10326,4798,5545,2218,5303,12665,9942"
17007,17007,"6971,10326,5303,4798,275,2140,9602,9942,9668,4101"
17016,17016,"10326,4798,6220,3950,8590,4277,2140,6971,11384,13346"
17030,17030,"6971,2140,4798,2291,9744,10326,6624,2370,3340,12504"
17034,17034,"4798,10326,3950,13346,8562,4277,6971,8421,6220,2140"
17054,17054,"5303,2140,13346,12857,3799,10326,4277,10594,4798,3458"
17056,17056,"12857,1328,4798,13346,10326,350,6326,811,8421,4277"
17084,17084,"10326,2218,12665,5303,5495,2140,3950,6220,4798,8562"
17098,17098,"544,4277,5303,5495,4576,8590,7707,2343,10326,12470"
17102,17102,"6971,4798,10326,5303,8590,2140,2218,3950,6220,8421"
17109,17109,"3950,11572,1788,782,9908,11726,6287,4416,455,6164"
17112,17112,"544,1290,2218,6971,6220,7120,10326,4798,2140,8590"
17119,17119,"4798,6971,10326,2343,2140,5303,2218,9942,6220,9580"
17124,17124,"6220,2218,5303,7707,10326,13296,9942,8562,3950,6971"
17141,17141,"6971,4798,10326,544,2343,5303,6220,2140,9693,5532"
17160,17160,"4277,4163,2957,10674,6220,7679,217,4216,7669,12869"
17179,17179,"2218,3950,6220,8562,13346,4798,3870,5545,8483,9602"
17189,17189,"4277,217,8421,717,3950,6433,350,544,10326,9105"
17191,17191,"8562,7707,8981,6220,5495,5149,10326,7706,544,1290"
17194,17194,"8562,2140,8421,2218,1634,3950,12857,10326,11384,11000"
17195,17195,"5199,5532,10835,2218,2343,5495,5999,2903,11357,4053"
17200,17200,"1290,7120,11298,4576,11024,2989,10389,10607,1244,10137"
17212,17212,"6220,3428,5545,3950,13296,13306,13110,5303,4947,10326"
17218,17218,"2343,6220,10326,9532,9693,5199,544,10835,5495,8279"
17232,17232,"8562,3950,217,6326,8413,12857,4277,8421,6270,8161"
17242,17242,"4798,10326,4277,8562,2140,544,12857,8421,13346,2218"
17255,17255,"3950,6220,8562,9942,5545,8413,4413,3428,5999,3340"
17262,17262,"1290,11298,7120,1244,10607,4576,12869,9962,11024,5135"
17275,17275,"6220,8562,5545,3950,13296,2218,13110,12665,4413,1598"
17276,17276,"4277,6220,3950,2140,5303,8562,8421,13346,9234,6971"
17278,17278,"1863,7706,4250,9083,10429,1290,544,589,7619,2113"
17283,17283,"10326,6971,1290,4798,6220,8562,5303,9942,544,1220"
17284,17284,"11000,1978,8421,5999,3282,10326,13346,12034,2822,5534"
17295,17295,"544,10326,6220,4277,9942,3950,8421,217,6433,3428"
17298,17298,"1290,544,2989,4576,11298,11024,7120,1244,6220,10389"
17319,17319,"6220,9942,3950,3428,8562,13296,5545,7707,10326,13306"
17320,17320,"544,11298,4576,7679,9101,11024,1290,11918,2989,10137"
17325,17325,"12665,9693,13346,6220,8483,2218,6971,3055,544,5303"
17330,17330,"1290,8235,7024,5875,7120,13191,10963,7856,377,12662"
17334,17334,"1290,789,9962,11024,2989,4576,5135,12869,7120,10607"
17346,17346,"6220,2343,9693,2218,9942,4413,12665,8562,13346,3950"
17352,17352,"6971,2218,3950,10326,5303,1290,2140,5532,8590,5999"
17353,17353,"1290,7120,789,9962,4929,5135,6220,10663,13309,2916"
17396,17396,"10326,8562,4798,5303,2140,2218,3950,4277,8421,6971"
17408,17408,"4277,544,3950,6220,5303,2140,10326,8421,4798,13249"
17414,17414,"6220,8562,3950,5545,5303,6302,10326,9942,3055,12665"
17422,17422,"2957,4163,789,7089,4216,10981,9962,12022,7889,12262"
17424,17424,"4277,10326,2140,4798,3950,6971,8421,8562,6270,1912"
17427,17427,"789,5135,9962,1290,7120,4929,13309,2339,13027,4613"
17432,17432,"8562,217,3950,4798,13346,8421,10326,6326,6220,11384"
17434,17434,"10326,6971,5303,8590,2140,6220,2343,10835,4798,8922"
17439,17439,"6220,9942,13296,5545,3950,8562,3428,12665,6971,7707"
17442,17442,"6220,8562,544,2343,13296,5545,9942,6971,8590,5303"
17449,17449,"8562,4798,13346,10326,3950,9942,6326,12665,5545,6220"
17472,17472,"5532,8590,5199,3950,2343,9693,2905,12611,12665,544"
17509,17509,"1290,11298,7120,544,4576,1244,11024,9101,10389,2989"
17522,17522,"9942,3055,4413,931,8235,4602,1742,434,6220,89"
17527,17527,"2140,5303,10326,1912,7063,12857,2291,12369,12404,4798"
17535,17535,"1290,7120,4576,7679,11918,10607,11024,10389,9295,11298"
17540,17540,"8562,2140,3950,4277,6220,10326,4798,8421,5303,7063"
17541,17541,"1290,11298,2989,1244,4929,10663,4576,9101,11024,9730"
17551,17551,"10326,5303,6220,4798,2140,8421,8562,4277,11000,8590"
17564,17564,"10326,8421,12857,4798,8562,6899,6311,2815,10561,11922"
17565,17565,"350,10326,12191,6306,1290,544,6071,13100,7120,4798"
17581,17581,"10326,4277,12857,2218,8562,3950,13346,8590,10916,8483"
17596,17596,"6220,6971,13296,4277,3950,89,275,10326,1779,10835"
17601,17601,"3950,8562,4413,9942,7723,9799,3106,13346,6220,10340"
17611,17611,"13346,6220,8562,9942,13296,275,10326,5545,13150,5303"
17612,17612,"10326,13296,217,3950,8421,8590,6220,8562,4277,9942"
17620,17620,"6220,8413,3950,5545,5495,2343,8188,5199,3055,7707"
17627,17627,"2343,9693,5532,10835,6795,6834,1220,5495,5199,2537"
17634,17634,"7707,6220,1863,9083,8562,13269,7706,8981,5149,2643"
17649,17649,"10326,8562,6220,4277,544,4798,3950,2140,350,13346"
17654,17654,"8562,3950,7707,2218,2343,13346,12665,6220,12026,10589"
17659,17659,"7707,10326,8562,4798,9668,7637,6971,9937,8703,4698"
17666,17666,"1290,7120,6220,544,3950,4929,4576,10663,6971,8590"
17674,17674,"11000,851,7916,8132,11843,8421,560,5006,9711,9580"
17684,17684,"544,10326,350,8421,4798,1328,12665,652,4277,3950"
17708,17708,"10326,8562,5303,2218,2140,3507,6433,4798,8575,13346"
17709,17709,"6220,3950,10326,13346,8562,7707,3428,8483,5610,5495"
17741,17741,"6971,4798,2218,10326,5303,3055,2140,6220,3950,8590"
17752,17752,"9375,6307,6060,1213,8911,10732,873,5494,5249,8315"
17765,17765,"2343,6220,2218,89,3950,5532,12665,6971,10835,7707"
17770,17770,"8703,7637,6938,5342,1290,10332,9668,7120,544,9564"
17814,17814,"6220,2218,544,1220,13296,5676,3950,8562,5495,10326"
17818,17818,"1244,350,7120,544,1290,5866,9942,8189,10987,146"
17822,17822,"1290,7120,8302,4929,11117,2286,12030,10663,2784,2339"
17826,17826,"4798,8562,10326,4277,544,2140,8421,6971,6220,12857"
17827,17827,"1290,11298,7120,1244,4576,2989,10389,10607,4664,1779"
17840,17840,"7707,2218,13296,6220,10326,8188,8590,5495,5545,1856"
17843,17843,"2218,8413,6220,5495,9942,544,13310,7136,11772,7986"
17864,17864,"4798,3950,11969,12785,9984,6639,6461,1634,5445,6433"
17871,17871,"8188,5149,10429,1863,1487,8703,8981,7637,1290,544"
17881,17881,"2218,544,12665,4277,3950,2343,10326,8421,8590,11969"
17928,17928,"10326,8562,6220,4798,8421,544,13296,12665,4277,3950"
17931,17931,"9375,7220,5494,10974,7721,6307,1290,6060,5103,544"
17933,17933,"8413,3950,6220,2343,2218,5303,2903,8562,9203,3055"
17953,17953,"544,5495,2218,5303,6220,1290,10326,7707,3950,4798"
17970,17970,"3950,9942,6220,5545,13346,4413,931,13296,3055,13306"
17977,17977,"4798,10326,8562,5303,3950,6220,2218,4277,6971,2140"
17982,17982,"1290,9962,7120,12869,1244,11298,7817,4929,10644,9101"
17995,17995,"1290,6971,13296,7120,4929,8302,12030,8922,10663,2286"
18002,18002,"10326,8590,6971,5303,2140,8421,4277,12857,11384,3950"
18006,18006,"10429,9107,6659,2869,10378,5976,1863,9759,12723,1290"
18023,18023,"10326,6971,6220,5303,4277,2140,8590,275,2218,13346"
18024,18024,"7439,5747,4877,9771,4798,10326,2291,2140,5946,10912"
18047,18047,"6220,2343,5545,13296,9942,3950,6795,4602,7707,4413"
18050,18050,"2218,9942,6220,6971,5303,4798,275,544,11969,8590"
18078,18078,"10326,4798,6971,8421,4277,13346,5303,8562,2140,6220"
18086,18086,"1290,7120,6971,789,9962,4929,5135,10663,4798,8590"
18093,18093,"1290,7120,11298,4929,10663,2957,4163,10674,4216,1558"
18115,18115,"4277,3950,10326,4798,2140,8421,12857,4453,5303,10594"
18122,18122,"1290,2218,7120,12723,8981,5149,11615,1856,4698,10429"
18124,18124,"10326,6971,4798,5303,2343,2140,1220,2218,544,1747"
18127,18127,"1290,7120,4929,10663,1244,789,9962,11298,5135,2916"
18133,18133,"3950,8562,10326,6220,13346,4277,3428,12857,13249,4798"
18148,18148,"2218,3950,5199,2140,6971,8562,10835,8505,2905,4199"
18155,18155,"2343,13346,9693,12606,12378,2867,6503,2205,544,10395"
18158,18158,"11024,4576,11298,11918,2989,12995,10389,8978,7679,1779"
18166,18166,"10326,2140,4277,3950,10568,4798,6220,544,8421,5303"
18167,18167,"10326,4277,2218,13296,9072,2140,5461,3950,6433,544"
18169,18169,"2140,9306,6724,3950,8984,10954,13346,11609,5946,9334"
18175,18175,"6971,9693,6220,8590,12665,9532,10835,5532,7024,7983"
18178,18178,"3950,8562,6220,13346,10326,4798,11540,12665,2218,8413"
18214,18214,"1290,7120,11298,4929,10663,1244,4576,10389,9730,10607"
18217,18217,"8562,3950,12665,2140,5303,10326,13346,6220,6971,5495"
18226,18226,"1290,7120,11298,4576,11024,9101,12869,10137,1779,10607"
18229,18229,"6971,2140,5303,4798,2218,4915,1290,6418,6220,3950"
18236,18236,"2905,12404,4049,9546,7063,8793,6341,8999,12159,9119"
18240,18240,"6220,3950,9942,5545,2218,13296,3428,6659,13110,89"
18262,18262,"6220,3950,9942,5545,8562,544,13296,3428,7707,5303"
18266,18266,"1290,11298,4576,11024,2989,1244,10389,544,9101,10137"
18272,18272,"4798,8562,6220,3950,5303,13346,6971,2218,4277,12665"
18292,18292,"6220,8562,3950,5303,7707,10326,4277,4798,13346,13296"
18299,18299,"6220,544,4277,10326,2218,9942,3428,3950,13296,8562"
18321,18321,"7707,6525,6952,4860,12424,4560,2193,3911,13296,8265"
18338,18338,"6220,3950,8562,13296,2343,5303,10326,13346,5545,544"
18339,18339,"4277,10326,4798,2140,5303,350,10916,8421,6971,8161"
18341,18341,"8562,2140,4798,13346,5303,10326,6971,3950,6220,2218"
18355,18355,"1290,7120,4929,9295,10663,11298,789,5135,2916,9962"
18364,18364,"1290,544,7120,6971,4576,1244,11298,8590,10663,11024"
18368,18368,"10326,4798,8562,6971,12665,6220,12857,3950,6326,13346"
18393,18393,"4798,10326,2343,6971,2140,5303,4277,13346,9693,8562"
18409,18409,"4277,3950,217,2140,8562,12385,8885,7941,6362,717"
18434,18434,"10326,4798,5303,12857,3950,6433,8421,2140,544,6971"
18440,18440,"9942,6220,5545,13346,3950,1978,8562,4798,13110,4413"
18446,18446,"6220,10326,2343,4277,3950,11969,9693,12665,4798,5303"
18467,18467,"9942,2140,8562,4798,1220,2343,13346,275,3507,6971"
18475,18475,"6220,1290,2218,9295,13296,9942,5545,7120,8590,7707"
18487,18487,"6220,10326,8562,4277,7707,13296,4798,3950,6971,13346"
18489,18489,"544,10326,4277,4798,2343,1290,350,9693,4576,2140"
18499,18499,"4277,12857,8205,4949,3296,6335,12793,2748,11392,10326"
18505,18505,"10326,4798,8562,6220,3950,13346,4277,13296,8421,12857"
18525,18525,"10326,4798,4277,8421,8562,6971,13296,1290,5303,8590"
18530,18530,"8421,10326,6971,4798,10594,13346,4277,851,12990,331"
18539,18539,"1290,7120,1863,589,544,7637,9668,8703,1487,10429"
18546,18546,"2343,10326,9693,544,6220,12665,64,5532,6795,89"
18579,18579,"10326,9942,4277,3950,8562,13346,6220,13296,4798,2343"
18585,18585,"2343,5532,5199,10835,9693,3950,64,5999,6795,2903"
18595,18595,"544,4277,6220,8562,10326,5303,3950,50,6433,350"
18648,18648,"3950,11000,6433,4277,4798,13346,2218,717,1220,1634"
18679,18679,"8562,3950,6220,5545,2218,13346,12665,8413,5875,13306"
18683,18683,"6220,8562,2343,13296,8188,544,7707,8590,10326,3950"
18687,18687,"1290,7120,11298,4929,4576,1244,10663,9101,11024,7679"
18718,18718,"6220,8562,12665,544,6971,4798,13296,2140,10326,7707"
18741,18741,"3950,11622,6982,8562,4798,13346,5495,5673,11751,6220"
18760,18760,"1290,7120,11024,11298,6971,4664,1779,12903,789,9295"
18771,18771,"6220,3950,8562,4277,13296,13346,12665,10835,13110,8590"
18787,18787,"10326,4798,4277,2140,8421,6971,275,5303,8590,10916"
18788,18788,"2218,13346,12857,4798,3950,8413,8562,4413,4323,10326"
18789,18789,"2343,8562,13346,10326,12857,544,6220,3127,10835,7707"
18798,18798,"6220,3950,9942,8562,13296,5545,7707,13346,1323,3428"
18800,18800,"10326,9942,847,544,4177,9641,11384,11287,6220,12665"
18805,18805,"3950,8562,13296,4413,5545,8413,11772,9410,11622,9942"
18806,18806,"7120,11298,789,9962,10607,4929,1244,4664,4576,10663"
18812,18812,"6971,6220,2218,5303,12665,5545,2343,2140,4798,9942"
18818,18818,"6659,1328,6528,4256,2875,5822,6402,4399,1377,10326"
18830,18830,"5303,6971,3950,2140,13346,8562,4798,10326,4413,1634"
18835,18835,"1290,7120,1244,6220,6971,10607,2989,4576,9101,4929"
18839,18839,"5495,6971,1355,5549,10410,566,662,3885,5836,9325"
18851,18851,"6220,560,6971,7444,2218,1007,3105,220,1747,7138"
18854,18854,"6971,4798,10326,8562,5303,6220,2218,13346,8205,3950"
18864,18864,"10326,4277,3950,4798,13346,2140,8562,217,6220,6971"
18865,18865,"7707,7063,6220,10429,8703,1863,544,3088,8562,8235"
18874,18874,"1290,7120,11298,544,4576,12869,11024,4664,1244,9101"
18875,18875,"4798,10326,12857,3950,2218,2905,5999,8562,5303,2903"
18879,18879,"7669,4576,7679,10674,11554,9101,11024,4163,10389,2957"
18882,18882,"544,6220,1290,4576,11298,2989,4664,12869,11024,9730"
18895,18895,"6220,3950,2218,3055,13306,13346,5545,12665,8235,9942"
18903,18903,"10326,4277,4798,5303,6220,2140,13346,6971,2343,275"
18913,18913,"10326,2343,4798,13346,4277,8562,2140,9693,544,10916"
18934,18934,"1290,7120,789,4929,9962,5135,10663,1244,6971,11298"
18935,18935,"1290,6971,8590,7120,5532,10835,5199,2903,2343,13296"
18981,18981,"6220,6971,12665,9942,2218,8562,5545,7792,13296,3950"
18985,18985,"13346,6971,1290,4798,6220,10326,8562,2140,13296,8590"
18987,18987,"2916,12497,6243,5135,296,9295,9962,12030,13101,8567"
18990,18990,"10326,6220,4277,5303,8562,13346,6971,10077,8421,9072"
18996,18996,"4798,2218,3950,10326,8562,5545,6971,6326,6220,13097"
19010,19010,"10326,4277,4798,8421,5303,544,10916,8562,6433,13346"
19016,19016,"1290,7120,12869,9101,2989,4576,4929,11298,10663,9730"
19018,19018,"13346,1328,473,11193,1010,14,4277,8483,851,9936"
19029,19029,"4798,2140,5303,10326,8421,2218,8562,275,7138,8161"
19060,19060,"6220,5545,7679,4576,9066,8823,6970,4654,7707,2989"
19069,19069,"1290,7120,4929,10663,11298,5303,1244,6971,544,8590"
19084,19084,"4798,10326,4277,8562,5303,2140,13346,12857,6971,6220"
19086,19086,"1290,7120,6220,2989,11969,1244,7707,4664,9101,4576"
19105,19105,"1290,7120,4929,9295,10663,2916,8590,3697,12497,789"
19110,19110,"1290,7120,1244,11298,789,5135,9962,10607,12869,2989"
19135,19135,"1081,4832,8540,10326,350,8054,10352,5776,1948,711"
19144,19144,"8562,5303,6220,8413,4277,6971,12606,3950,10326,544"
19154,19154,"13249,220,9800,6982,3585,7063,2910,11622,8130,6645"
19168,19168,"8562,4277,10326,6220,3950,4798,12857,8590,5303,6971"
19173,19173,"1290,7120,2218,4929,10663,8922,6220,12497,4387,5573"
19187,19187,"1290,7120,7707,6220,1863,7637,1487,5962,6971,2020"
19216,19216,"3950,227,13159,6220,2034,10732,12539,10974,9375,8562"
19227,19227,"2343,10835,6220,9942,3428,5676,7707,5545,3799,4117"
19231,19231,"3950,4798,10326,5303,6220,13346,8421,2140,2218,9942"
19234,19234,"11298,11024,1290,4576,2989,1244,1779,7120,7679,10389"
19255,19255,"10326,6220,4798,6971,3950,2218,2140,5303,13296,8590"
19258,19258,"5495,3950,6220,2140,2580,12470,2218,5067,1020,9942"
19266,19266,"1290,7120,6971,4929,8590,5303,10663,9295,10326,12030"
19296,19296,"13346,6971,8562,4798,2140,5532,6795,6834,10835,2537"
19297,19297,"6659,5303,1290,544,12888,10326,7752,8562,7120,8540"
19308,19308,"3950,3055,4602,8235,5414,8279,3340,2789,931,7087"
19323,19323,"10326,1328,6391,350,1290,7480,544,8562,6306,7120"
19346,19346,"10326,6220,4798,6971,5303,4277,2218,8590,544,8421"
19347,19347,"7120,4929,6220,6971,2916,4576,8590,3950,12497,4798"
19360,19360,"1290,7120,4929,9295,8554,12133,8302,9962,6220,2286"
19364,19364,"7669,3464,4576,4163,2957,4216,4940,1558,2989,10389"
19378,19378,"3950,4798,13346,12857,8562,5545,8590,2789,10326,6326"
19379,19379,"4798,8562,5303,6971,2218,1220,10326,6220,13408,9942"
19380,19380,"10326,4277,5303,11969,8562,544,12857,6220,8421,1210"
19381,19381,"10326,4798,4277,8421,8562,5303,2140,12857,10916,8161"
19384,19384,"8562,6220,8421,10326,3950,4277,10568,10608,1978,9340"
19385,19385,"6220,3950,4798,8562,13346,2218,7707,5545,10326,6326"
19388,19388,"1290,7120,11298,4929,2989,10663,12869,4576,2916,1244"
19406,19406,"10326,4798,5303,4277,2140,6971,544,6220,13346,8562"
19408,19408,"5199,5532,10835,2343,6971,5999,4053,11357,2903,5495"
19415,19415,"1290,7120,11298,544,4576,1244,11024,10389,4664,6971"
19417,19417,"13346,6220,3950,6971,64,12665,2218,4798,13296,4277"
19434,19434,"2343,9693,2989,64,2537,11298,11024,544,4028,4576"
19441,19441,"10326,4798,4277,5303,3950,8421,12857,8562,13346,2140"
19461,19461,"1290,7120,4929,4576,10663,1244,544,2916,4664,10607"
19474,19474,"3950,6220,2218,9942,13346,5545,8562,12665,89,5199"
19477,19477,"1290,7120,12497,350,9938,4929,12053,11682,6957,5409"
19484,19484,"2989,11298,11024,1244,4576,10389,4664,8978,9101,12869"
19502,19502,"7707,5495,6971,12099,566,10835,5545,2343,6220,12665"
19503,19503,"6220,6971,4277,544,5303,3428,5545,10326,2140,714"
19512,19512,"3428,13346,3950,50,8562,13110,4277,10326,1598,6220"
19515,19515,"6220,8235,7707,975,9942,3016,7024,2218,5875,11403"
19518,19518,"1290,7120,2989,4929,10663,6220,2218,9730,2916,4664"
19530,19530,"6220,10326,8562,6971,2218,13296,2140,5545,5303,4798"
19559,19559,"1290,7120,4576,11298,6971,12869,9101,11024,12665,1244"
19576,19576,"6971,13346,8922,8235,5875,7024,1746,13191,6509,4798"
19586,19586,"2343,9693,13296,3127,9942,64,5532,13235,6834,2903"
19594,19594,"1290,12665,8590,544,7120,10326,6220,3055,89,8235"
19605,19605,"12606,2327,9570,10429,5976,7707,1863,6220,7792,544"
19618,19618,"3950,2218,6971,10326,2140,5199,6220,5303,8922,9404"
19620,19620,"4798,6971,2140,8562,5303,6220,8590,10326,2218,3515"
19623,19623,"4277,3428,350,13249,9340,3950,8562,3781,13306,13346"
19628,19628,"10326,3950,4277,8421,4798,6971,2140,217,6220,13346"
19631,19631,"7120,4929,10663,4576,1244,11024,4664,2916,10607,11918"
19642,19642,"2343,3950,6220,12665,5495,5199,9693,10326,5532,9942"
19644,19644,"2140,2218,7063,9306,2291,10697,8402,4877,7439,5946"
19648,19648,"7679,1290,2969,11298,7120,337,3742,4737,9229,12804"
19665,19665,"8562,6220,2777,10594,12665,1319,4277,1223,4798,6433"
19683,19683,"1290,11298,4576,11024,4929,1244,544,10663,10389,7679"
19684,19684,"4277,8421,8562,4323,3568,9455,10594,11788,10820,11390"
19693,19693,"10326,4277,4798,9340,11000,8421,7138,13249,2343,217"
19696,19696,"4798,6971,3950,10326,5303,2140,12857,13346,6433,4277"
19707,19707,"4798,10326,5303,6971,4277,8421,3950,2140,12857,6220"
19715,19715,"2343,6220,9693,5532,64,10835,13346,9942,5199,3950"
19716,19716,"1290,7120,4929,1244,2916,13309,11298,3697,12497,10336"
19729,19729,"1290,7120,6220,6971,8590,8562,2140,4798,13296,5303"
19734,19734,"10326,13346,5303,2218,8562,3950,8590,8421,6220,4798"
19758,19758,"3950,3799,13346,5460,2218,9786,8235,12632,4413,7053"
19764,19764,"8562,6220,6971,2218,2343,5303,10326,4798,13346,3950"
19773,19773,"1290,11298,4929,544,789,1244,4576,9962,11024,2989"
19778,19778,"3950,5495,6220,2218,13296,9942,12470,8562,3871,4798"
19780,19780,"8562,6220,2218,13296,5545,3428,7707,9942,13306,5184"
19784,19784,"10326,6220,4277,7707,8562,544,6433,350,2140,4798"
19786,19786,"8562,4798,4277,6220,3950,13346,8421,13249,13296,10916"
19793,19793,"6220,2218,10326,4277,3950,5303,2140,4798,6971,8562"
19798,19798,"10326,13346,6220,4277,5495,3950,2343,4798,3428,544"
19808,19808,"3950,8562,6220,4798,6971,10326,13346,13249,8413,6326"
19812,19812,"1290,7120,4929,10663,1244,2989,12869,11024,2916,4576"
19821,19821,"8562,10326,4798,3950,7707,12857,6433,13346,5303,6220"
19830,19830,"12869,789,9962,5135,9730,11298,1290,1244,7120,4163"
19843,19843,"1290,7120,12869,7669,2989,4929,4163,10674,2957,4576"
19867,19867,"6220,7707,2343,2218,1863,9693,10429,558,12723,5976"
19889,19889,"8562,6220,3950,13346,2218,4798,8421,8590,4277,9942"
19893,19893,"6220,8562,7707,13296,5545,2218,11969,12606,10326,8188"
19898,19898,"1290,7120,11298,4929,4576,9295,10663,10607,2916,12869"
19902,19902,"2140,350,8562,1129,10326,7403,12101,7486,1290,544"
19905,19905,"8562,10326,4798,8590,5303,4277,2140,8421,3950,6971"
19910,19910,"3950,4277,8562,8421,10326,6220,4798,13346,217,10077"
19929,19929,"6220,10326,8562,4277,4798,5303,544,12665,13346,7707"
19932,19932,"1290,11298,4576,7120,1244,1779,10389,10607,7679,4664"
19952,19952,"8562,10326,6220,3950,4798,13346,8421,9942,6433,13296"
19956,19956,"8421,13110,1210,6220,2814,3950,5497,2456,7701,6988"
19987,19987,"8562,4798,10326,8421,13346,4277,3950,2140,6326,8161"
20008,20008,"4798,544,4277,6971,1290,6220,8590,11969,13296,5303"
20018,20018,"3950,4798,8562,6220,13346,2218,9942,5545,3055,8413"
20019,20019,"1290,7120,544,5303,4277,9942,4929,5731,7063,2140"
20020,20020,"1290,7120,4929,10663,2916,12497,6243,4083,1132,10322"
20023,20023,"13346,4798,3950,10326,8562,6326,5495,13249,11751,3577"
20031,20031,"6220,2218,8562,7707,13296,5545,544,1863,12606,10429"
20039,20039,"6220,8562,5545,12665,3950,7707,13296,13346,9942,2343"
20040,20040,"6220,9942,4798,2140,5303,3950,5495,2218,3571,220"
20041,20041,"12470,7707,8188,6220,13296,2218,8562,5545,544,769"
20045,20045,"3950,13346,4798,8562,8421,10326,12665,6220,6326,2140"
20056,20056,"6220,1290,6971,7120,12665,4798,4576,89,11298,5545"
20069,20069,"10326,2218,6220,4798,4277,13346,5303,2343,3950,13306"
20074,20074,"6220,5545,9942,3428,8562,6659,13296,13110,3870,5184"
20083,20083,"3950,8562,5545,10326,6220,9942,13346,2218,4798,13249"
20085,20085,"1290,11298,11024,4664,11918,7120,10607,7679,2989,9962"
20086,20086,"6220,5303,6971,8413,3950,2140,8562,9942,7707,4798"
20089,20089,"8562,6220,3950,2218,13346,13296,4277,3870,4798,5642"
20101,20101,"6220,5303,8590,3055,3950,4798,13346,89,9942,8922"
20104,20104,"5760,2034,8911,449,6402,1377,4935,5105,6011,1290"
20112,20112,"6220,8562,3950,7707,12665,9942,544,10326,4798,13296"
20115,20115,"3950,6220,8562,4798,3055,2903,13346,8421,10326,6326"
20133,20133,"1290,7120,789,12869,5135,4929,11298,13309,1244,10336"
20136,20136,"2343,4277,10326,217,2140,1220,9693,4798,544,8562"
20138,20138,"9962,789,11298,1244,5135,11024,1290,4664,4036,7120"
20162,20162,"4798,10326,3950,8421,6971,2140,5303,8562,6220,4277"
20176,20176,"4798,6971,2218,8590,2140,10326,544,6220,275,8562"
20200,20200,"10326,4798,2140,6971,4277,5303,13346,8590,275,8562"
20222,20222,"9306,13214,5946,383,165,7383,7439,8402,2149,2291"
20251,20251,"1290,10326,6971,7120,5303,8590,4798,2140,2218,6220"
20256,20256,"12470,2218,5303,5199,10326,12668,12099,10594,544,1912"
20264,20264,"10326,4277,5303,6220,8562,6433,350,13296,810,8421"
20280,20280,"10326,4277,13249,4798,8421,217,8562,10916,11384,6433"
20286,20286,"6220,7707,1290,2989,1863,10429,13296,12606,4576,1244"
20323,20323,"1290,7120,4929,789,9962,10663,11298,5135,9295,2916"
20324,20324,"1290,7120,4576,4929,10663,8590,6220,544,2916,6971"
20336,20336,"1290,11298,4576,544,9693,6220,9101,1244,11024,4664"
20339,20339,"3950,6220,8562,9942,5545,4798,13346,6326,8413,4413"
20344,20344,"1290,6971,5495,7120,5303,13296,2989,4929,544,10326"
20356,20356,"6220,10326,3950,8562,9942,13296,5545,12665,7707,2218"
20360,20360,"1290,7120,6971,4929,2343,10663,12497,12474,4019,4083"
20362,20362,"2343,9693,5532,10835,5199,2537,6834,3127,6971,9532"
20376,20376,"13346,3950,4277,2140,10326,10077,13249,11384,8421,8562"
20381,20381,"2218,6971,10326,6220,4798,7707,5303,12665,5676,1220"
20394,20394,"7120,4576,4929,11298,10663,1244,6971,2989,11024,544"
20397,20397,"8562,7707,1779,6220,1355,1863,544,6810,12606,12665"
20407,20407,"3428,6220,3950,6659,7707,5545,8413,2218,13346,3799"
20413,20413,"1290,7120,11298,11024,2989,9962,789,1244,12869,10607"
20433,20433,"1290,7120,789,9962,5135,4929,1244,10663,11298,10607"
20448,20448,"544,5303,2140,810,7792,8623,9553,7879,11454,9330"
20492,20492,"5545,3055,4798,10326,8562,6220,89,855,2343,1412"
20505,20505,"1290,7120,11298,1244,4576,4929,2989,10389,2916,5135"
20512,20512,"10326,4798,13346,3950,8562,12857,8421,6326,5303,10916"
20514,20514,"10537,13013,12453,1706,4181,3524,8285,2548,6306,6634"
20533,20533,"4277,217,350,10326,8421,811,5109,5303,6433,9340"
20543,20543,"1290,7120,5303,8421,2140,12404,6220,4277,2989,8590"
20546,20546,"8161,4798,10326,8421,4277,9580,12857,10594,717,4974"
20557,20557,"8562,4798,3950,10326,2218,9942,13296,4277,5303,8590"
20558,20558,"4798,10326,12857,9602,3950,10594,2289,3673,2882,76"
20561,20561,"6220,12665,3950,13346,5545,4798,2218,3428,9942,3870"
20566,20566,"1290,11298,4576,10389,7120,6220,1244,9962,10607,4664"
20573,20573,"11298,10607,4036,1244,9671,2989,11117,12133,1290,7120"
20623,20623,"1290,7120,4929,10663,6971,8590,12497,8922,8703,4698"
20627,20627,"544,1290,10326,6220,4277,7120,9730,8590,6971,4798"
20643,20643,"6971,10326,4798,5303,2140,8161,8421,275,13346,2291"
20645,20645,"1290,11298,4576,789,7120,5135,1244,11024,12869,9101"
20652,20652,"4277,717,8421,10326,3950,13346,5303,2140,9340,8562"
20654,20654,"10326,4277,4798,8562,3950,8421,6220,13346,5303,2140"
20667,20667,"6971,89,1290,5199,8235,2903,8590,2989,7024,7578"
20670,20670,"3950,10159,11467,3802,3444,5124,12070,8058,8018,8235"
20671,20671,"10326,2218,8562,3950,5303,6971,4798,6220,13296,11540"
20676,20676,"9942,2140,5303,3950,6220,8562,13346,6638,2343,12404"
20694,20694,"544,1290,4277,7120,5303,6220,4576,10326,2989,350"
20709,20709,"10326,5495,5303,4798,12470,2140,2218,8562,6220,7707"
20716,20716,"5303,6971,4798,2140,2218,8562,167,7578,8421,5549"
20739,20739,"13296,5303,217,3565,64,5541,13346,1715,12315,13235"
20763,20763,"2343,544,9693,6971,2140,5303,10326,6220,5199,2903"
20779,20779,"1290,11298,1244,4576,7120,11024,10607,789,2989,9962"
20781,20781,"2218,3950,6971,6220,7707,5545,9942,12665,4798,8562"
20790,20790,"1290,7120,789,6971,9295,9962,5135,6126,6991,5944"
20792,20792,"10326,4798,8421,12857,4277,6971,5303,10916,3950,717"
20797,20797,"4798,10326,5303,8562,13346,4277,6220,2218,2343,3950"
20811,20811,"6220,3950,5303,6971,9942,4798,3428,5545,2140,1598"
20821,20821,"1290,7120,4929,1244,11024,10663,11298,4576,12869,10389"
20830,20830,"10326,4277,8421,9580,10594,4798,1180,6638,8562,2815"
20861,20861,"2343,6220,9693,6971,8590,5545,13296,5199,7707,5532"
20878,20878,"1290,6220,9942,7120,6971,2989,11298,4576,1244,12869"
20891,20891,"5875,7024,8562,8235,5524,12662,13191,4715,7983,1290"
20895,20895,"6220,3950,8562,2218,5545,5495,13346,9942,2140,11540"
20901,20901,"10326,6220,4798,6971,2343,4277,2140,5303,13346,8562"
20908,20908,"10326,4277,8562,4798,2343,2140,6220,3950,6971,5303"
20928,20928,"1290,7120,4929,10663,789,9962,12030,5135,6971,2916"
20945,20945,"6220,5303,6659,9942,5545,13296,12665,3428,8562,8590"
20971,20971,"4798,10326,4277,8562,13346,8421,6433,13249,12857,6326"
20979,20979,"4798,10326,6971,5303,4277,2140,3950,2218,8562,13296"
20982,20982,"5303,8421,4277,10326,1017,6433,2140,4798,4322,10579"
20991,20991,"10326,8562,13346,6220,2140,5303,8590,6326,3950,12665"
20998,20998,"3950,6220,9942,5495,5545,13346,13296,3428,1225,8562"
21006,21006,"3950,6220,5532,2343,5199,9404,10835,5999,10326,4798"
21018,21018,"6971,2140,5303,8161,10326,6515,8043,7578,8562,1821"
21028,21028,"6220,9942,8188,8562,5532,4413,544,7707,6659,513"
21041,21041,"8562,3950,10326,6433,9942,13346,2905,11572,5495,10916"
21042,21042,"2343,5199,5532,10835,544,2903,3127,9532,9693,10873"
21064,21064,"1290,7120,11298,4929,9962,10663,10607,4576,2916,296"
21075,21075,"6971,2343,5199,5303,10835,3950,5532,544,12665,8590"
21078,21078,"3950,10326,8562,2218,13346,9942,5545,3870,13296,4413"
21081,21081,"2218,5303,5495,12470,6220,8590,6971,5545,3055,2343"
21084,21084,"8562,3950,6220,6971,2140,10326,4277,2218,13296,5545"
21089,21089,"4277,10326,8421,10594,350,4798,5303,8161,217,8562"
21112,21112,"1290,7120,1244,4929,4576,2989,10663,11024,9101,10607"
21126,21126,"13346,8562,3950,8636,3713,8413,4482,1290,544,10326"
21129,21129,"1290,7120,6971,4929,10663,2916,12869,8590,9295,12497"
21130,21130,"2343,10326,6220,9693,13346,3950,9942,13296,7707,64"
21137,21137,"3950,8562,6220,6971,5303,2140,4277,2218,10835,5642"
21149,21149,"5495,8562,2343,5545,3950,2218,13346,4798,6220,10326"
21152,21152,"10326,2218,6220,5303,8562,13296,3950,4798,4277,12665"
21177,21177,"8562,3950,4798,10916,350,4277,13346,8421,331,10138"
21191,21191,"7120,4929,10663,6971,2916,12497,6243,8922,12030,8567"
21200,21200,"3950,10326,8562,6220,5545,2218,2140,1328,9942,3428"
21204,21204,"10326,4798,4277,3950,5303,8562,717,217,8161,1978"
21221,21221,"5495,6220,2218,6971,1290,5303,8590,13296,8562,12470"
21228,21228,"1290,7120,544,11298,6971,2218,4929,2989,10663,10326"
21249,21249,"2140,5495,10326,2218,5303,544,1978,350,9733,5199"
21256,21256,"3950,6220,6971,4798,2789,11396,4947,2199,3515,5124"
21261,21261,"3950,13346,8562,4798,6326,10326,8483,2218,4413,8413"
21279,21279,"10326,6220,544,2343,12665,7707,2140,4798,9942,5545"
21282,21282,"1290,7120,11298,1244,2343,9101,8590,10607,4576,10663"
21305,21305,"4277,10326,8421,717,6433,4798,10916,350,10594,8562"
21307,21307,"13110,217,5734,12152,10594,5040,10748,4077,997,1765"
21315,21315,"5642,1574,810,10100,10063,8505,11094,4365,10152,3950"
21342,21342,"7120,544,2989,6971,4576,11298,4929,10663,11024,9101"
21347,21347,"10326,6220,3950,4277,13346,4798,5303,8562,2140,12665"
21357,21357,"7707,6220,10429,544,13296,1863,8562,1290,2327,11103"
21358,21358,"5532,6971,10326,10835,5199,2903,2218,2343,9532,8590"
21368,21368,"789,1290,9962,5135,7120,11117,2784,8525,11298,3737"
21372,21372,"1290,7120,4576,11298,11024,8590,2989,10389,9730,10607"
21373,21373,"9942,3950,2218,4277,3428,2140,13296,6220,13306,4367"
21383,21383,"7120,4929,9101,1244,10663,544,11298,11024,10137,10389"
21393,21393,"6220,9942,3950,8562,5545,7707,2218,13296,5303,13346"
21415,21415,"1290,7120,6971,4929,8590,10663,9295,3697,8922,2916"
21421,21421,"1290,6220,4929,10663,8562,9942,4576,2916,8590,12497"
21433,21433,"6971,4798,2140,5303,275,10326,4277,3950,2218,544"
21449,21449,"544,4277,10326,2343,6220,3950,2140,5303,350,13346"
21483,21483,"6220,10326,4277,9942,3950,8562,13346,5545,13296,5303"
21488,21488,"8562,10326,3950,4798,8421,13346,6220,5303,12857,3055"
21518,21518,"2989,1244,3428,544,4576,9101,9942,8978,7679,12869"
21528,21528,"6220,8562,12470,2218,7707,5303,13346,3950,13296,5545"
21536,21536,"1290,7120,11298,4929,1244,4576,10663,11024,2989,10607"
21585,21585,"6220,4798,8562,7707,9942,13296,5545,5303,6971,4413"
21598,21598,"1290,11298,2989,7120,9730,9101,10389,4664,11024,6971"
21602,21602,"8562,3950,12665,5303,3055,6220,13346,8922,931,4602"
21604,21604,"4798,5303,12793,2291,9771,8183,7439,9306,3159,6887"
21626,21626,"12665,544,2218,8598,9119,11643,8215,11298,1583,10137"
21636,21636,"3950,2343,12665,9942,10835,13346,3509,8235,89,11403"
21649,21649,"7120,4929,10663,12497,6243,2916,5573,3697,12030,4387"
21650,21650,"1025,12859,2650,76,10182,4512,6409,7852,12525,7295"
21655,21655,"1290,7120,4576,11024,4664,11298,10389,12869,9101,1244"
21662,21662,"11298,4576,11024,12869,1290,1244,10389,544,9101,7120"
21681,21681,"1290,7120,11298,4929,10663,1244,789,12869,5135,10607"
21686,21686,"2140,350,2411,7063,7484,5866,9340,544,7383,7138"
21699,21699,"3950,6220,5303,8562,13346,2218,6971,12665,4798,3055"
21702,21702,"1290,7120,11298,1244,4576,10607,5135,4929,789,11024"
21709,21709,"4798,10326,3950,13346,8562,6971,12857,8421,5303,2140"
21718,21718,"3950,10326,4798,4277,5303,8562,12857,8421,13346,6971"
21719,21719,"10326,4277,4798,8421,5303,2140,8161,6971,9580,10594"
21724,21724,"8562,6220,3950,3428,10326,13306,4798,5545,13249,9942"
21741,21741,"1290,4576,11298,2989,11024,7120,1244,7679,9101,4664"
21746,21746,"1290,11298,7120,4576,11024,1244,10137,12869,9101,9962"
21751,21751,"3950,11622,6982,6302,11751,4413,12632,11795,10508,12425"
21754,21754,"4277,10326,8421,4798,13346,6433,12857,8562,13249,5303"
21768,21768,"3950,6971,6220,4798,13296,12665,7707,5545,13346,2218"
21775,21775,"6220,5199,10835,5703,4444,10429,5532,8238,544,12540"
21781,21781,"11298,11024,1290,9730,4664,2989,4576,12995,1779,3222"
21789,21789,"7120,11298,1244,4576,4929,11024,10607,6971,6220,789"
21795,21795,"3950,2218,2140,8922,4798,8235,5495,3055,10006,5303"
21812,21812,"3950,8562,3055,8413,2218,4413,5545,13346,3340,1286"
21814,21814,"10326,4798,6971,5303,13346,8562,2140,12857,2218,8421"
21820,21820,"3950,10326,13346,8562,6220,12665,5303,4798,2140,2218"
21827,21827,"10326,6220,9942,4798,4277,2218,5303,6971,2140,8562"
21838,21838,"8562,6220,7707,10326,8188,12606,10429,13346,4798,7265"
21855,21855,"2343,9693,5532,64,6795,13346,5199,5495,10835,2218"
21881,21881,"13346,4798,2140,6971,3950,12857,275,64,10326,6626"
21884,21884,"6220,8562,6971,4798,10326,5545,12665,13346,9942,5303"
21889,21889,"1290,7120,544,4929,10326,6971,10663,6220,8590,1244"
21896,21896,"10326,6220,4277,5303,4798,8562,7707,544,5545,2140"
21902,21902,"10326,4277,8421,4798,3950,10916,6971,8161,12857,13346"
21916,21916,"10326,4277,6971,4798,544,8421,5303,8590,2218,350"
21927,21927,"1290,789,9962,5135,11024,7120,11298,10607,4036,6811"
21938,21938,"10326,4277,12857,8421,1978,4798,13249,6433,717,5303"
21948,21948,"4277,6433,810,13346,9245,10138,8798,5610,12266,4821"
21952,21952,"1290,7120,4929,10663,9295,6971,3697,5135,2916,6243"
21954,21954,"2343,5532,5199,6795,10835,2903,5999,2218,9693,4053"
21955,21955,"3950,6220,9942,5303,6659,8562,10326,2140,11969,544"
21978,21978,"6220,8188,7707,12606,13296,8981,5149,10429,5976,1863"
21983,21983,"1290,2343,7120,6220,11298,8590,544,9101,9693,6971"
22004,22004,"1290,10326,2343,6971,5303,7120,4798,5199,2140,8590"
22007,22007,"1290,7120,11298,11024,4929,3464,4576,10663,12869,1779"
22014,22014,"6220,3950,5545,9942,3428,2218,7707,8562,1598,12665"
22020,22020,"6220,10326,12665,8562,4798,5303,13346,4277,3950,544"
22052,22052,"4798,8421,10326,8161,9580,5303,11000,10594,2140,6971"
22056,22056,"8562,2218,5495,3950,1323,12665,9942,6302,3577,6220"
22064,22064,"7707,8562,10326,4798,2218,544,6220,3950,2343,5335"
22072,22072,"10326,4798,8562,4277,13296,2218,6220,7707,2140,13249"
22074,22074,"8562,4277,10326,4798,8421,13346,12665,2905,13249,10916"
22102,22102,"6220,3950,3428,5545,9942,13346,1889,13306,544,5654"
22110,22110,"8562,10326,4798,6220,13346,3950,3428,13296,8421,9942"
22111,22111,"544,10326,4277,5303,6220,2140,4798,8421,2218,217"
22119,22119,"6220,6971,7792,1290,5545,8562,12665,2218,10326,7707"
22125,22125,"3950,8413,6982,11622,8562,2910,11751,4798,2789,5673"
22150,22150,"10326,6971,5303,4798,544,5199,8922,3950,8590,9306"
22151,22151,"1290,7120,4929,6971,10663,9295,4277,2916,1244,8590"
22154,22154,"1290,7120,4929,10663,1244,8703,11298,2020,4205,2916"
22213,22213,"6220,9942,5545,2218,3950,6659,3870,3428,12470,3509"
22256,22256,"2343,544,1290,11298,6220,13346,4576,7120,6795,10137"
22258,22258,"5303,4277,8562,4798,13346,5495,6971,8421,2218,10326"
22265,22265,"8562,6220,2218,3950,13346,10326,12665,7707,5495,3055"
22279,22279,"6220,2343,2218,6971,3950,13346,13296,9942,89,5532"
22280,22280,"10326,8562,6220,8590,9942,4798,13296,5303,544,1290"
22283,22283,"2343,8703,8981,7637,6892,1290,544,7120,5149,9693"
22286,22286,"6220,3950,5545,3428,7707,8681,8562,3870,2218,4413"
22288,22288,"2343,13346,10326,8562,5199,5303,4277,6220,3950,10835"
22321,22321,"1290,7120,11298,4576,11024,2989,1244,9730,12869,10607"
22336,22336,"4798,10326,6220,8562,3950,5303,2140,13346,12665,8421"
22344,22344,"3950,6971,4798,5303,2905,2789,10326,5999,2140,4117"
22353,22353,"9453,7862,6402,10352,12024,6011,10326,8332,4399,1290"
22356,22356,"4929,2916,12497,789,5135,9962,9295,6971,1244,6243"
22387,22387,"10326,4798,5303,6971,2140,6433,13346,8421,544,6220"
22427,22427,"6971,4413,8235,9799,7330,3562,6220,3950,2789,2567"
22428,22428,"1290,2343,7120,9693,9962,11298,9101,5135,9295,12869"
22449,22449,"11298,11024,4576,4664,7679,10389,1779,9101,1290,10137"
22452,22452,"13296,6220,7707,544,10429,1863,9942,7619,8188,5976"
22460,22460,"4163,2957,10674,1558,1371,7679,7669,12869,9330,8650"
22467,22467,"1290,7120,4929,10326,6971,10663,4798,544,1244,2916"
22480,22480,"1290,7120,544,789,1244,9962,5135,4929,9101,10663"
22481,22481,"10326,6971,4798,2140,5303,8562,275,6220,9942,4277"
22484,22484,"5303,3950,9942,11572,4798,10326,1788,8421,8562,11000"
22489,22489,"2343,9693,5532,10835,2537,6834,9942,9532,5866,3127"
22502,22502,"4576,1290,1244,9101,11298,10389,10674,4664,7679,9962"
22510,22510,"1290,11298,7120,2989,4576,12869,9962,11024,789,3427"
22511,22511,"1290,7120,6220,1863,10429,13296,589,7707,7637,3487"
22514,22514,"6971,10326,4798,5303,2343,8562,8421,9693,2140,8483"
22520,22520,"1290,7120,4929,10663,5573,6133,4387,10322,12474,3851"
22546,22546,"6971,2140,4798,2304,8022,9193,10326,7824,2291,8452"
22551,22551,"8562,3950,6220,2218,5545,8413,9942,4413,12665,3055"
22582,22582,"11298,1290,7120,11024,3464,9962,4576,4664,1779,789"
22595,22595,"6220,9942,2218,13296,2343,3950,5545,12665,3870,9693"
22597,22597,"4798,10326,8562,13249,13346,1634,2140,9580,8421,2395"
22605,22605,"4277,3428,3950,9768,217,4271,11010,8722,8562,13306"
22618,22618,"544,1290,4798,7120,7707,11969,2343,9942,12869,9101"
22641,22641,"544,4277,10326,8421,717,10077,4798,350,1978,6220"
22645,22645,"4277,10326,350,9178,8562,9340,652,1017,217,3416"
22660,22660,"10326,8562,4798,6220,3950,13346,8421,4277,5303,13296"
22666,22666,"3950,8562,2140,6220,4798,2411,9942,10326,1146,13346"
22674,22674,"7120,4929,4576,1244,789,2916,9962,12497,9101,5135"
22678,22678,"1290,7120,11298,11024,544,4576,789,2343,9962,1244"
22697,22697,"1290,11298,7120,11024,11775,10663,4929,1244,9960,9730"
22698,22698,"3950,2218,6220,5495,7707,6971,5303,5199,13346,3055"
22705,22705,"1290,6220,6971,544,10326,7120,4798,8590,5303,2140"
22710,22710,"2343,5676,4277,9693,3127,544,10835,8562,10326,5495"
22714,22714,"3950,2218,13306,3055,8562,3992,6220,2905,8235,3340"
22715,22715,"3950,4798,6220,13296,3055,5545,5303,5199,10326,810"
22720,22720,"4277,10326,6220,5495,8562,8421,544,2140,2343,5303"
22734,22734,"2218,10326,5303,4798,6971,544,8562,2140,6220,13296"
22735,22735,"6971,4798,5303,2140,2218,10326,8421,8161,3950,6326"
22736,22736,"6971,5303,4798,10326,2218,8562,2140,6220,13346,3950"
22747,22747,"8562,544,2343,7707,10326,6220,13296,5545,9693,4277"
22748,22748,"6971,10326,4798,2140,13296,1290,9668,7637,9937,4698"
22759,22759,"2343,13346,6220,9693,3950,12665,13306,10326,10835,544"
22761,22761,"2218,2140,4798,10326,5199,3950,2905,6971,5303,5999"
22774,22774,"10326,6971,6220,5303,4798,13296,8590,7707,2218,9942"
22783,22783,"7707,8562,8590,6220,13296,3055,3950,6659,2218,10326"
22830,22830,"544,5495,9693,6220,12470,5676,5303,13296,10326,6795"
22831,22831,"7120,4929,10663,11298,2916,1244,789,5135,10607,9962"
22846,22846,"544,10326,6220,6971,8562,2343,2140,7707,4798,8590"
22850,22850,"1290,789,7120,9962,5135,3737,10147,1244,7856,11298"
22883,22883,"2218,8562,6220,5495,6971,9942,12632,1912,12665,9799"
22887,22887,"10326,4798,6220,13346,4277,3950,544,9693,6971,2140"
22893,22893,"6220,8562,2218,5303,9942,3950,12665,13296,3870,12857"
22905,22905,"6220,2343,8562,5545,4798,7707,3950,13346,8681,6925"
22923,22923,"6220,2218,4798,2140,3950,5303,10326,8562,8421,9942"
22956,22956,"10326,4798,217,3950,717,4277,12857,8161,8562,13346"
22964,22964,"6220,13296,5545,12606,1863,5976,544,7706,8562,3487"
22972,22972,"11298,1290,9101,1244,10607,7120,4664,12869,4576,7679"
22985,22985,"6971,1290,7637,8703,8053,11630,11622,7120,6982,5966"
23011,23011,"10326,4277,4798,544,350,8421,217,717,8562,2140"
23027,23027,"11024,11298,2989,4576,10389,4664,7679,10137,9101,544"
23036,23036,"6220,9942,10326,6971,3950,2218,8562,4798,5545,8590"
23038,23038,"6220,13346,8562,13296,5545,3950,9942,6971,3428,7707"
23046,23046,"10326,1290,6971,8590,5303,2218,4798,4277,11298,7120"
23051,23051,"2218,5303,6220,12857,8413,4277,5199,3950,4798,6971"
23057,23057,"2770,3960,10221,12204,2877,11337,1290,5901,1968,544"
23062,23062,"11298,7679,11024,4163,2957,12869,4576,1244,4664,10674"
23069,23069,"8562,3950,5303,6220,6971,13346,4798,10326,5495,2140"
23078,23078,"6220,2343,2218,5303,7707,5545,8590,8562,12665,89"
23113,23113,"2218,6220,8562,6971,2140,3950,7707,13346,4798,10326"
23121,23121,"1290,4576,11024,7120,4664,1863,1779,11298,7715,4036"
23123,23123,"4798,8562,3950,10326,4277,5303,2218,6220,8161,13346"
23136,23136,"13346,4798,6971,10326,8562,5495,2140,6326,8421,6220"
23138,23138,"3950,4798,6220,4277,6971,10326,8562,13346,5303,8421"
23140,23140,"10326,12665,6220,6971,5303,2218,8562,1290,544,4798"
23170,23170,"10326,4798,4277,3950,13346,8421,6220,5303,12857,2140"
23173,23173,"1290,7120,11298,10663,8590,1244,544,5303,2989,2343"
23179,23179,"6220,544,2343,6971,10326,7707,2218,5303,8421,810"
23196,23196,"6220,4798,3950,8562,13346,10326,4277,7707,5303,5495"
23199,23199,"2218,3950,6641,5545,11784,13099,6220,652,4413,9653"
23216,23216,"6971,4798,2140,10326,5303,8562,2343,7578,8421,8235"
23226,23226,"13346,8562,5495,3950,11384,5610,12898,2218,10326,8505"
23233,23233,"10326,8590,2218,5303,4798,8421,8562,6220,1328,6971"
23253,23253,"2343,6971,6220,9693,3055,3950,10835,8590,5199,2140"
23281,23281,"1290,7120,11298,9730,544,9295,10607,4664,5969,4929"
