ID,user_id,item_id
12,12,"4798,10326,5303,4277,8562,2140,12857,8483,10916,8421"
14,14,"6220,13296,9942,1290,6971,8562,4798,10326,7637,544"
17,17,"1328,10326,1221,7480,4798,544,4072,1261,8093,1290"
21,21,"10326,4798,6220,544,4277,2140,8562,8421,6971,6326"
44,44,"1290,11298,1244,7120,9101,11024,9962,9295,4664,10607"
55,55,"10326,8562,4798,2218,10916,13346,4277,10594,13296,6326"
56,56,"6971,89,2343,5495,12665,4798,8922,9693,5199,7983"
58,58,"10326,4798,6971,8562,544,13346,4277,5303,6433,3950"
59,59,"4798,3950,10326,6220,13346,12857,9942,4277,8421,6971"
79,79,"10326,4798,13346,6220,4277,8562,544,6971,2343,5303"
81,81,"1290,7120,9101,11298,2989,544,1244,12869,4929,9295"
85,85,"4798,10326,8562,5303,2140,12857,6971,6220,8590,2218"
92,92,"1290,11298,12869,7120,11024,1779,4576,9295,10389,1244"
97,97,"3950,12665,13346,9942,4798,5495,4602,2218,10326,3055"
100,100,"4798,13346,10326,8562,10916,8421,2140,3950,6433,8161"
112,112,"3950,6971,4798,6220,12857,2140,8562,10326,1889,5610"
122,122,"10326,8562,3950,4798,4277,6220,217,717,10568,8483"
133,133,"2343,9693,8483,9532,544,6659,9942,8590,1323,6795"
141,141,"1290,6220,8562,1863,13296,7120,544,5149,8703,10326"
144,144,"9295,6954,13330,12449,7188,816,1166,544,4798,9101"
149,149,"1290,7120,11298,4929,4576,7679,1244,10663,10674,9101"
153,153,"4798,10326,3950,6220,8562,2218,12857,5303,13346,6326"
166,166,"6971,1290,9532,5001,3464,544,9375,8235,11484,10326"
220,220,"4798,8562,6220,13346,8413,9942,6326,2218,12665,5676"
231,231,"3950,9693,2343,9532,9404,5199,12665,13346,3507,5532"
262,262,"1290,10326,6971,4798,7120,12857,5303,4929,8205,13346"
274,274,"6220,6971,544,2218,4798,10326,1290,2140,12665,3950"
277,277,"2343,544,4277,12470,4576,12665,13346,89,6971,10326"
281,281,"1290,7120,6971,4929,9295,11298,10663,1244,3697,5135"
291,291,"217,3428,717,4798,8421,7802,5303,8792,10326,1735"
300,300,"10326,8562,6220,4798,6971,5303,4277,9942,544,275"
310,310,"4798,5303,10326,8562,544,2218,2140,31,11000,8421"
332,332,"5495,12470,13306,609,8188,5155,3565,1642,3357,10236"
344,344,"10326,4798,4277,8562,6433,217,12857,10594,8421,13249"
359,359,"1290,544,6220,7120,9101,89,13296,2989,1244,11298"
380,380,"5495,5199,2903,10835,5532,2343,4117,544,10326,9693"
386,386,"6220,9942,8562,3950,12665,4798,3428,4277,13346,6971"
426,426,"3950,13346,6220,3055,8562,2218,12665,89,5199,5524"
436,436,"4798,10326,4277,8562,12857,6971,13346,544,2140,8421"
453,453,"6220,6971,4798,89,544,8562,13346,2218,10326,9532"
461,461,"7120,544,10326,2989,6971,9101,1244,4929,11298,9962"
464,464,"4798,2140,10326,7138,2291,544,9306,6588,1290,13346"
473,473,"5495,12665,8224,6378,544,896,8562,10326,11019,4798"
481,481,"10326,6220,4798,217,6383,717,350,8421,10077,12665"
490,490,"4277,275,350,4798,8483,10326,9340,10568,544,3428"
494,494,"4798,8562,6220,10326,6971,5303,3950,12665,13346,9942"
497,497,"1290,2989,7120,12869,7679,9730,11298,7669,12655,11554"
510,510,"2343,544,3950,6220,9942,13346,64,3428,12665,6795"
511,511,"10326,4798,6220,8562,12857,8421,2140,4277,717,5303"
512,512,"1290,9693,2343,544,1244,7120,5532,4576,9101,11298"
524,524,"1290,7120,12869,9962,1244,11298,789,9295,4664,5135"
525,525,"10326,4798,544,5303,4277,3950,6971,2218,8562,2140"
545,545,"10326,4798,8421,10594,12857,8562,7833,12856,8161,13123"
560,560,"10326,8562,3950,4798,6220,13346,544,6433,3428,10916"
564,564,"9693,2343,6795,275,2537,6834,10326,3055,544,8562"
566,566,"13346,2343,4798,3416,9942,5303,12665,3950,275,13306"
568,568,"217,6220,4277,10326,3428,4798,2343,5495,544,8421"
570,570,"8562,6220,7707,8681,2218,544,10429,13296,10326,7706"
573,573,"4798,10326,4277,13346,3950,8562,10916,217,6433,6220"
594,594,"8562,6220,3950,10326,13346,4798,5303,4277,12665,2140"
601,601,"10326,4798,2218,5303,8562,6220,12665,6971,3950,2140"
605,605,"2905,3950,5495,12611,5999,4798,10326,544,11357,406"
641,641,"6220,4798,3950,9942,10326,13346,3428,2343,5495,9693"
650,650,"9942,6220,3950,2218,217,3428,5303,5545,8562,544"
675,675,"6220,9942,6971,12665,8562,3870,3950,4798,12404,4413"
677,677,"1290,7120,4929,10663,3697,9962,789,2916,1244,12030"
679,679,"10326,544,6971,9942,6220,5303,4798,8562,4277,2218"
683,683,"3950,13346,5610,8562,9245,8746,4798,8572,4113,4469"
687,687,"10326,4798,544,8562,13346,6220,12665,5303,10916,1290"
705,705,"275,4798,5303,12404,544,10326,4277,7063,1912,7138"
708,708,"1290,7120,544,1244,11298,9101,6971,11024,4576,2989"
712,712,"6220,5495,9942,3950,8562,12665,13306,13346,2218,10326"
715,715,"4798,2140,5303,6971,13346,10326,8562,275,11000,7578"
728,728,"1290,7120,9101,11298,1244,9962,4576,2989,9730,789"
743,743,"2343,12665,2218,9693,544,10326,2903,5532,5199,89"
753,753,"6220,544,7707,8562,9942,5495,8333,5184,8208,8413"
757,757,"4798,10326,5303,6971,13346,9942,8421,6220,3950,12857"
768,768,"5495,3950,8413,13346,2218,10326,12470,8562,5303,5199"
797,797,"2343,6795,5532,10835,2537,9532,6834,544,64,5866"
813,813,"12665,1290,6971,6220,4205,544,7637,8703,10332,10326"
832,832,"1290,7120,11298,4929,6971,9101,10663,1244,9295,12869"
833,833,"10326,4798,6220,9942,8562,5303,13346,3950,275,2140"
844,844,"12665,2343,13346,6220,6971,9942,10326,64,5545,4277"
858,858,"10326,4277,544,3950,50,6220,8562,4798,1290,9101"
874,874,"11298,12869,4576,6220,11024,1290,9730,9101,544,2874"
875,875,"10326,12470,8562,5303,4798,4277,544,5199,13346,6220"
892,892,"4798,6220,8562,5303,2140,10326,7707,4698,544,6971"
897,897,"3950,3428,13346,12665,4602,5524,931,6220,9942,64"
912,912,"1290,7120,4798,6971,8590,4929,9295,10326,5303,9101"
924,924,"13346,6220,8562,9942,5545,5485,4798,12665,7707,12606"
926,926,"6220,1290,544,13296,5545,12665,9942,10326,8562,7707"
933,933,"5303,4277,10326,6220,2140,544,5495,8562,9178,8413"
944,944,"8562,6220,9942,3950,2343,89,5545,13346,3428,13110"
951,951,"5495,4798,6971,5303,2218,6220,8562,10326,12470,8590"
974,974,"8562,6220,544,9942,4798,3950,13346,3428,13296,5545"
1010,1010,"9306,5946,383,4798,13214,544,10326,12871,165,1290"
1013,1013,"89,6971,12665,7024,7983,4798,3055,544,8922,10326"
1016,1016,"1290,4798,2218,8562,6220,9942,7120,6971,5303,8590"
1023,1023,"1290,7120,6220,89,6971,1244,12665,13296,11298,11024"
1035,1035,"544,12665,5303,6971,10326,1290,4277,6220,2140,9101"
1046,1046,"544,1290,7120,10326,9101,11298,5303,1244,6971,2989"
1051,1051,"1290,7120,2989,9942,2218,544,8590,8562,10326,11615"
1057,1057,"10326,5303,8421,6971,4798,12857,7138,10594,8483,1912"
1064,1064,"1290,4798,7120,6971,10326,4929,8590,2140,9295,5303"
1080,1080,"7589,12104,10566,9998,4798,7688,10434,10326,544,11552"
1089,1089,"10326,8562,4798,4277,544,6220,217,13346,5303,717"
1090,1090,"13346,8562,10326,4277,3950,6971,10916,4798,8421,11000"
1103,1103,"8562,10326,4798,10916,13346,3950,6433,217,1681,4277"
1123,1123,"1290,7120,6971,4929,10663,12030,544,4798,2286,9101"
1134,1134,"10326,4798,8562,5303,4277,13346,8421,12857,2140,3950"
1136,1136,"3950,8562,4798,10326,9942,2218,13346,4277,12665,5545"
1139,1139,"6220,5495,13296,9942,544,6971,7707,1863,1290,8562"
1154,1154,"6220,12665,3428,544,10326,9942,4277,4798,2343,12470"
1169,1169,"1290,6220,1244,11298,544,9101,4929,4576,2989,6971"
1173,1173,"8562,8188,6220,7707,4798,10429,3950,13346,2218,12606"
1178,1178,"5875,8235,7024,11403,13191,544,7289,10326,4798,12669"
1190,1190,"8562,3950,4798,6971,5303,10326,13346,6326,12665,10835"
1205,1205,"6220,8562,4798,3950,5303,8413,10326,6971,13346,9942"
1217,1217,"11298,1290,2989,11024,7120,4576,1244,9730,12869,7679"
1218,1218,"544,9693,2343,6220,9101,9942,89,5532,9532,6795"
1230,1230,"6220,10326,8562,4798,12665,3950,2218,544,6971,5303"
1250,1250,"10326,4798,8562,4277,6433,5303,2140,10594,12857,12385"
1252,1252,"3950,2343,4798,12665,5199,5303,5532,6971,8562,10326"
1276,1276,"2343,9693,5532,5199,2218,9942,10835,5999,6795,544"
1279,1279,"1290,7120,9962,789,6971,11298,1244,5135,4929,9101"
1281,1281,"10326,217,4798,5303,12857,8421,4277,8590,275,8161"
1288,1288,"3950,8562,6220,4277,3428,5303,5495,13346,12470,2218"
1305,1305,"11298,9730,1244,9962,1290,10607,4664,789,5135,4036"
1320,1320,"8562,4798,3950,8413,10916,6326,10326,12857,13249,544"
1321,1321,"3950,5495,10326,13346,5199,6971,5303,9404,10835,12470"
1328,1328,"9942,6220,6659,2218,13296,8562,3870,7707,5303,13110"
1343,1343,"4798,10326,8562,4277,12857,6971,8421,13346,544,5303"
1345,1345,"1290,544,7120,2989,11298,4277,9101,10326,4798,4664"
1374,1374,"11298,7120,1244,12869,7679,4664,9101,4576,1851,4163"
1410,1410,"1290,7120,4929,10326,10663,1863,544,9101,4798,11298"
1414,1414,"12857,6433,10594,10326,8483,8161,2636,7910,10339,544"
1420,1420,"8562,9942,6220,4798,2218,13346,3950,13296,8188,5545"
1440,1440,"8590,2343,8562,9693,10326,544,11660,1290,9101,4266"
1441,1441,"2989,10429,6220,544,9942,3487,2327,1863,7619,7679"
1443,1443,"4576,11298,1290,1244,9101,11024,2989,544,9693,7679"
1458,1458,"1290,7120,11298,1244,10326,9101,544,9295,4277,12869"
1492,1492,"6220,13346,9942,4798,3950,5545,6971,10326,3870,4413"
1496,1496,"10326,4798,6971,5303,8562,1290,544,275,2218,8590"
1499,1499,"12665,3950,3055,10326,4798,5199,5303,13346,13315,544"
1504,1504,"1290,9101,11298,7120,544,12869,2989,11024,1244,7679"
1516,1516,"6220,8562,13346,2343,9942,4277,3950,13249,10326,2140"
1523,1523,"9455,4798,217,2767,8363,11014,11042,638,1978,12390"
1534,1534,"544,10326,11758,4798,1290,8540,9101,9942,8562,12665"
1539,1539,"1290,6220,7120,544,11298,9942,11024,4576,12665,11969"
1559,1559,"1290,7120,2989,6971,4576,9101,1244,11024,4664,9730"
1572,1572,"6220,12665,9942,3950,8562,544,10326,2218,3428,4798"
1573,1573,"10326,4277,12857,717,4798,8421,5303,544,10594,217"
1601,1601,"544,6220,1290,9942,7707,6971,9101,7120,4798,13296"
1603,1603,"4798,8562,3950,5610,1383,10326,8746,13346,8483,13126"
1604,1604,"217,544,4277,350,4798,13346,1978,717,6383,10326"
1613,1613,"1290,11298,2989,4576,11024,7679,1244,9101,544,7120"
1634,1634,"4798,10326,4277,6659,6220,1328,3950,8562,9404,6971"
1642,1642,"3950,8562,4798,13346,6220,2218,9942,13249,11572,10326"
1643,1643,"1290,7120,1244,2989,6220,6971,11298,4929,9101,544"
1654,1654,"8562,6220,4798,3950,9942,544,10326,6971,9693,13296"
1657,1657,"11298,2989,12655,11024,544,7679,4576,9101,1244,12995"
1674,1674,"1290,6971,89,2343,6220,4798,9693,544,10326,9942"
1702,1702,"10326,6220,8562,6326,13110,13346,3870,7707,9942,5545"
1719,1719,"6659,3950,6220,9942,4256,3428,1328,544,8562,10326"
1725,1725,"8562,4798,10326,3950,6220,13346,12857,4277,6326,10916"
1726,1726,"1290,6971,4798,7120,4929,10326,238,8562,544,275"
1728,1728,"544,1290,9693,2343,4576,11969,6971,10326,8590,9101"
1735,1735,"89,5875,12757,8235,7024,13191,1290,544,12662,12665"
1739,1739,"1290,7120,4929,10663,3697,544,10326,1244,12133,4798"
1774,1774,"10326,4798,3950,8562,4277,6220,3428,13346,5303,6971"
1780,1780,"4798,10326,544,4277,9101,11969,6220,1323,350,217"
1799,1799,"217,6270,2771,4892,2963,8459,2880,544,1854,9024"
1813,1813,"4798,8562,10326,3950,9942,13346,2218,5303,6220,6326"
1834,1834,"8562,13346,3950,12857,4798,10916,10326,6326,6971,4482"
1835,1835,"12470,5495,6659,8562,8911,6082,544,10326,4798,1290"
1841,1841,"1290,11298,1244,12869,9962,9101,789,9295,10607,5135"
1863,1863,"3950,6220,3428,8562,9942,12665,5545,4277,10326,13249"
1878,1878,"8562,13346,3950,9942,3428,6220,12857,8413,6326,5642"
1879,1879,"2343,4798,6971,10326,13346,5532,8562,6795,5303,5199"
1910,1910,"1290,7120,6971,10663,4798,10326,6591,9101,8590,12497"
1911,1911,"8562,4798,10326,5303,13249,8421,544,350,12606,9340"
1919,1919,"13346,2343,9693,6220,9942,5545,6795,3870,6971,9562"
1925,1925,"12869,7679,4163,9730,2957,11298,1558,4216,1851,9330"
1926,1926,"11298,11024,9962,8978,1244,1290,789,9101,5934,9102"
1931,1931,"7275,2940,10326,10107,9850,11771,544,4798,6952,4803"
1940,1940,"4798,10326,6971,5303,8562,6220,13346,2218,4277,2140"
1968,1968,"4798,5303,10326,1328,8483,13249,4277,217,350,9340"
1981,1981,"4798,3950,6971,8413,13346,12857,10326,5303,6326,10916"
1992,1992,"1290,7120,11298,1244,10663,2916,12497,9101,6243,3697"
1998,1998,"11298,11024,1290,1779,9295,4664,9101,10607,4036,1244"
2000,2000,"1290,7120,4929,9962,789,10663,11298,5135,1244,9101"
2017,2017,"8562,3950,4798,13346,4277,6971,10326,12857,6220,5303"
2036,2036,"5875,8235,544,8570,10326,4798,13112,1290,3814,9101"
2044,2044,"9693,2343,544,11969,6220,11572,8562,10326,5461,4798"
2047,2047,"1290,11298,1244,9101,7120,1779,12869,6591,10607,9730"
2052,2052,"5303,10326,1328,8161,350,544,4798,8562,6971,1290"
2055,2055,"5495,3545,5760,6060,544,10326,11542,4798,9375,1290"
2069,2069,"6220,8562,2218,8413,9942,3950,5545,3428,2140,13296"
2075,2075,"2343,9693,6220,4798,3950,5303,10326,13346,9942,4277"
2089,2089,"4277,10326,4798,717,8421,8562,10077,10594,10916,1017"
2093,2093,"4798,12665,6220,8562,5303,3950,2218,9942,6326,10326"
2127,2127,"10326,4798,2140,1295,7063,544,2291,8161,1290,8205"
2135,2135,"9942,6220,12665,3950,5545,3428,3870,8562,2218,13346"
2137,2137,"12665,6220,3950,13346,89,8562,8235,7983,7024,2343"
2141,2141,"6220,8413,2218,8562,9942,7707,544,5545,13296,8188"
2147,2147,"1290,544,7669,7120,8562,4576,9101,6220,4664,12869"
2150,2150,"10326,4277,8562,12857,350,717,4798,544,8421,6433"
2153,2153,"4798,10326,12857,5303,6220,8562,6326,6971,10916,4277"
2158,2158,"1290,11298,2989,544,9101,7120,1244,4576,12869,8978"
2178,2178,"8562,5495,13346,5199,4798,13249,2343,8590,10835,9942"
2180,2180,"6220,8562,13346,3950,6383,2343,3428,12665,1323,5676"
2181,2181,"2989,11298,1290,3464,1779,544,7120,1244,7679,4545"
2193,2193,"3950,6220,8413,4413,9942,2789,4602,4798,544,2567"
2216,2216,"10326,4277,8562,4798,13346,10916,6433,8421,544,10594"
2224,2224,"8562,5495,3950,10326,12470,5303,8413,2343,5199,6220"
2231,2231,"6971,2343,5532,5199,89,8590,2903,544,1290,9693"
2242,2242,"4277,6220,3950,5495,13306,8681,217,4895,3428,8562"
2243,2243,"5495,2343,9693,2903,544,3127,5532,5199,10326,5676"
2247,2247,"9730,4443,4266,13043,8579,6459,5532,544,5495,7240"
2262,2262,"544,11298,1290,1244,9101,11024,4576,4664,7120,2989"
2271,2271,"8562,10326,4798,3950,5303,4277,544,2218,13346,13296"
2284,2284,"3950,13346,6971,8413,6220,4798,8562,5495,3992,2789"
2287,2287,"13306,8188,8562,5495,10213,7003,544,10250,3950,10326"
2291,2291,"5303,2140,10326,2218,4798,6971,275,6220,3950,8590"
2293,2293,"4798,5303,1290,2218,544,6971,7120,9730,11298,9101"
2294,2294,"4798,10326,8562,12857,6433,5303,10594,6326,4277,8421"
2301,2301,"4798,6971,6220,6659,5303,2218,10326,8421,13249,8590"
2310,2310,"6220,9942,544,12665,10326,6659,13296,8562,3950,9101"
2341,2341,"4798,8562,6971,10326,13346,3950,6220,12857,5303,9404"
2345,2345,"11298,9101,7679,4576,11024,12655,11918,2989,10137,8978"
2348,2348,"1290,7120,11298,1244,9101,9730,544,4576,2989,4929"
2349,2349,"6971,4798,10326,13346,544,5303,4277,10916,5532,8562"
2350,2350,"10326,4798,1290,4277,6220,544,6971,5303,7120,8590"
2355,2355,"10326,4277,4798,12857,10916,8562,8421,3950,6433,350"
2383,2383,"10326,4798,8562,13346,4277,12857,6326,3950,717,9580"
2393,2393,"4798,10326,6971,2291,9306,10462,2140,544,5946,13214"
2399,2399,"7120,4929,1244,10326,4798,544,10663,9101,6220,6971"
2421,2421,"2343,544,10326,6795,5532,4798,12665,2537,5495,13346"
2435,2435,"9532,12483,9942,2989,2343,7897,544,10326,12665,10299"
2448,2448,"5495,10835,5875,5199,1230,8235,544,8188,7289,4798"
2452,2452,"1290,7120,4929,6971,12497,10663,9248,1220,9295,6568"
2464,2464,"8562,6220,9942,3950,5545,3870,10326,4413,4798,13346"
2470,2470,"12857,3950,5642,8562,10594,217,10326,2063,2742,9453"
2478,2478,"6971,1290,5303,2218,8590,89,5199,10835,12665,5532"
2506,2506,"6220,3950,3428,4798,8562,10594,10326,5495,7359,4277"
2523,2523,"8235,5875,6971,10326,4798,7289,544,12662,7824,1290"
2527,2527,"1290,7120,4929,10663,10322,5573,12497,12030,4387,6243"
2528,2528,"3950,4798,12857,8562,6326,6220,10326,10594,5303,5642"
2530,2530,"3950,13346,8562,2218,5199,10326,6220,5303,10835,4798"
2533,2533,"6220,9942,3950,13310,7792,8413,8562,8188,7136,3509"
2540,2540,"8562,8483,13346,3950,4277,10326,4798,217,6982,10916"
2558,2558,"3950,8562,13346,10326,12665,2343,8235,6971,8413,9942"
2559,2559,"6220,8188,6659,12665,3950,5545,9942,13296,7707,8562"
2592,2592,"4798,10326,13346,6220,6971,544,275,8590,1290,4277"
2599,2599,"10326,4798,8562,5303,4277,6971,6220,2140,3950,544"
2608,2608,"6220,9942,8562,12665,3428,3950,5545,13296,13346,2343"
2613,2613,"11298,1290,2989,11024,9730,7120,12869,9295,4576,4664"
2616,2616,"8413,4181,6270,5495,7715,4798,10673,9203,544,1527"
2617,2617,"544,1863,4798,589,1290,8562,8956,10761,10326,10429"
2619,2619,"3950,9942,6220,89,931,5199,13346,8413,8562,10326"
2622,2622,"1290,7120,11298,1244,5135,789,9295,544,3697,9101"
2629,2629,"1290,1244,11298,544,9101,7120,4576,11024,2989,6220"
2648,2648,"1290,1244,9101,7120,544,2989,4576,7679,10389,12869"
2654,2654,"4798,10326,6220,8562,5303,6971,3950,12665,2140,7707"
2668,2668,"10429,6220,5976,1290,8188,544,8562,2327,10326,4798"
2703,2703,"5495,3565,4576,5199,4118,590,4264,801,9942,544"
2710,2710,"13346,4277,10326,3950,4798,8562,12857,8483,10916,6383"
2713,2713,"4798,10326,13346,6971,5303,8562,3950,6326,275,12857"
2722,2722,"7120,2989,9101,1244,11298,4929,9730,10663,544,4576"
2724,2724,"1290,7120,4929,6971,10663,1244,9295,2916,12497,8590"
2727,2727,"6220,10326,6971,2218,5303,4798,8562,9942,2140,13296"
2755,2755,"7669,11298,1290,12869,9101,2989,544,4576,7679,11554"
2769,2769,"4277,13346,275,4798,8562,12404,7707,10326,9455,3950"
2776,2776,"10326,5303,2218,5532,5199,544,9942,11357,8562,2903"
2781,2781,"1290,7120,4929,6971,1244,10663,9295,544,4576,9101"
2782,2782,"1290,7120,11298,1244,7679,4929,10663,4576,10607,9101"
2789,2789,"2343,9693,5199,5532,3950,4798,13346,10835,10326,544"
2794,2794,"9942,2903,3950,7707,12665,5545,10835,8562,6220,5622"
2804,2804,"6220,5303,3950,2218,64,8562,5545,9942,9693,13346"
2819,2819,"544,12665,6220,3950,8562,10326,5495,5303,4798,2343"
2846,2846,"6971,9942,8562,6220,5303,7707,544,4798,10326,1863"
2851,2851,"7669,12869,2989,11298,11024,10389,4576,5979,4664,4163"
2861,2861,"10326,9404,4277,9532,8562,7707,5199,9072,544,5495"
2862,2862,"6220,12665,9942,13296,1290,8590,89,9101,11024,2343"
2867,2867,"13346,10326,350,9178,10594,8822,9598,6588,2063,4798"
2873,2873,"5495,9693,2343,544,13408,1290,5532,3127,4416,6971"
2880,2880,"6220,8562,7707,9942,13296,544,1863,10429,4798,10326"
2881,2881,"10326,4798,12857,10916,10594,8562,8421,13249,13346,4277"
2886,2886,"4277,4798,5303,12665,50,10326,8205,6220,9340,2140"
2891,2891,"2343,9693,10326,13346,4798,5532,6971,6795,12665,10835"
2908,2908,"544,10326,1290,4798,7120,4277,2140,5303,6971,275"
2910,2910,"544,9693,6220,2343,5303,6971,7707,8562,4798,9942"
2915,2915,"10326,4798,3950,9942,8562,5495,5303,2218,6220,3577"
2935,2935,"6971,5303,544,6220,2218,5199,10326,5532,1290,8590"
2946,2946,"1290,544,11298,2989,9101,1244,4576,12869,9295,4929"
2948,2948,"544,1290,6220,2989,7120,11298,9101,4576,7679,10389"
2969,2969,"2218,3950,6971,2140,9942,4798,8235,7442,8964,544"
2979,2979,"11298,1290,12869,11024,7120,1244,10389,7679,2989,11918"
3036,3036,"3464,1290,7120,11298,6248,7679,8315,2769,7220,2989"
3050,3050,"3950,10326,4798,13346,2343,8562,9942,5532,6220,8421"
3056,3056,"6659,1328,10326,4803,4798,544,4080,2356,12824,10352"
3061,3061,"4798,10326,4277,8562,8421,5303,12857,3950,217,717"
3066,3066,"6220,8562,6659,4798,7707,10326,5545,13296,9942,5495"
3069,3069,"10326,12857,4798,13346,2218,6326,13249,217,8421,5303"
3094,3094,"10326,4277,8562,4798,5303,217,350,12857,544,10916"
3106,3106,"6220,12665,3950,8562,6659,8188,2218,10326,9942,4277"
3110,3110,"1290,7120,4929,10663,2916,12497,544,3697,6971,10326"
3115,3115,"2343,5199,5532,9693,2903,12665,10326,544,6220,3055"
3136,3136,"1290,6971,6220,9101,8562,2218,544,10326,5303,7120"
3159,3159,"1328,10326,4798,3950,6659,9404,8562,8590,13346,3428"
3166,3166,"10326,5495,544,6220,4277,5303,4798,12665,2343,1290"
3172,3172,"1290,2343,11298,9693,544,89,9101,1244,5532,9532"
3200,3200,"13346,3950,10326,4798,4277,2343,8562,5676,5199,2411"
3217,3217,"13346,10326,3950,2218,4798,10568,8562,6220,9733,11540"
3218,3218,"1290,1244,7120,11298,4664,544,9101,10429,10389,11024"
3229,3229,"4798,10326,13346,4277,275,9340,5303,1210,12404,12793"
3230,3230,"544,1290,10326,7120,6971,4798,6220,2989,9101,5303"
3274,3274,"6971,4798,5303,2140,7063,10326,6433,9306,2291,544"
3285,3285,"10326,4277,5303,12857,8562,4798,3950,544,350,8421"
3316,3316,"6220,9942,8562,3428,13346,13110,13296,5545,12665,3870"
3319,3319,"8562,4277,4798,10326,350,3950,13346,8421,1328,8483"
3323,3323,"10326,8562,3950,4798,4277,6220,5303,13346,12665,544"
3346,3346,"6971,4798,1290,5303,12665,2140,2989,10326,11298,6220"
3354,3354,"10326,8562,13346,9942,11969,3565,4798,1328,12857,1889"
3368,3368,"4798,3950,10326,8562,4277,6220,217,2218,13346,12857"
3374,3374,"1290,9942,3428,5545,7120,8562,7707,12665,3870,13296"
3391,3391,"10326,8562,12857,4277,3950,6220,217,4798,8421,10916"
3397,3397,"8562,2343,6220,10326,13346,89,9693,3950,6326,4798"
3404,3404,"7707,8562,10429,5495,544,6220,4798,10326,8981,10447"
3408,3408,"8562,6971,4798,5303,2218,12665,2140,9942,6220,3950"
3416,3416,"2343,9693,6795,544,2989,5532,6971,9101,3909,4388"
3422,3422,"4798,10326,1290,544,6971,5303,6220,8421,7120,4277"
3423,3423,"544,6220,5303,8562,7707,8681,10326,12665,1019,5495"
3426,3426,"6220,9942,5545,3870,6971,4798,3950,12665,7707,6659"
3436,3436,"10326,6220,8562,544,13346,4798,12665,6971,13296,1290"
3448,3448,"12857,10594,10869,8562,6433,11345,4798,10326,6220,5393"
3464,3464,"9942,8562,12665,3950,13346,5545,5642,6220,13306,3428"
3472,3472,"1290,7120,6971,11298,1244,6220,2218,89,4929,8562"
3477,3477,"6220,9942,544,8562,5303,10326,5495,3950,5545,3428"
3488,3488,"3950,5303,13346,12857,4277,6220,4798,10326,8562,3428"
3497,3497,"13346,4798,3950,8562,12665,5199,9942,8413,10326,3428"
3504,3504,"1290,1863,7637,2020,7120,1244,544,8703,10326,9101"
3517,3517,"13346,8562,5303,3950,4798,12857,10326,8413,2140,6220"
3538,3538,"5495,5303,10326,12668,217,4798,2218,9072,8161,2140"
3544,3544,"3950,4798,6220,12665,9942,10326,2343,64,9532,13346"
3547,3547,"4277,6220,217,4798,10326,717,13249,8421,3950,13346"
3569,3569,"10326,275,6971,12665,2140,5303,2343,8590,4798,6220"
3570,3570,"7902,7616,478,10326,8705,544,170,4798,6306,3481"
3575,3575,"10326,4277,1543,13346,4798,3950,544,10043,9178,9942"
3579,3579,"4277,13346,217,544,4798,717,10326,6220,2343,3950"
3588,3588,"1290,6220,7120,544,13296,6971,1863,8590,7707,10326"
3592,3592,"2989,12869,1290,11024,2874,7679,544,4576,11298,9101"
3617,3617,"10326,4798,8562,6220,4277,5303,2140,8421,3950,717"
3632,3632,"3950,8413,6220,9942,4602,8235,11403,12665,544,12193"
3650,3650,"2140,4798,544,10326,7063,13214,7383,5946,1290,275"
3654,3654,"10326,12857,1328,350,5303,4277,2140,4798,13346,9178"
3656,3656,"1290,5303,10326,4798,2199,7637,9942,6220,7120,544"
3678,3678,"1290,544,6220,7120,6971,9942,9693,4798,12665,3950"
3681,3681,"8112,544,8540,10326,13130,4798,1290,9101,9942,10475"
3683,3683,"4798,10326,5303,10594,8421,6971,4277,544,10916,9340"
3685,3685,"10326,4798,4277,3950,5303,544,2218,10594,2140,8590"
3699,3699,"1290,7120,3464,11298,1244,2989,7679,1779,7047,9101"
3707,3707,"6220,8562,11047,12644,10429,616,9942,1935,8188,13274"
3731,3731,"1290,7120,1244,2989,4929,4576,544,9101,10663,11024"
3737,3737,"4798,5303,8562,10326,6433,2218,12857,1978,8483,3950"
3739,3739,"8562,6659,8413,13346,7707,8188,4798,544,10326,4413"
3744,3744,"3950,6220,13346,12665,9942,8562,4798,3428,5545,13306"
3753,3753,"10326,4798,6971,13346,5303,10916,3950,12857,8421,9178"
3778,3778,"6220,2218,5303,3950,8562,4798,9942,5495,10326,8413"
3786,3786,"8562,6220,3950,13346,9942,2140,3870,5545,5303,8413"
3790,3790,"8562,13346,3950,6220,2218,4798,9942,5495,3870,1889"
3804,3804,"4277,217,10077,717,8421,350,13346,544,3950,6383"
3805,3805,"3950,8562,5303,10326,4798,6220,10916,5199,2218,13346"
3819,3819,"10326,544,6220,4798,3950,5303,8562,2218,4277,5495"
3827,3827,"2459,516,11337,7910,10536,5947,544,5760,9375,2710"
3829,3829,"10326,4798,8562,12857,5303,13346,6971,3950,10916,6326"
3841,3841,"10326,6971,5303,2140,2343,544,13346,6220,8562,275"
3849,3849,"1290,11298,7120,9730,9962,789,1244,12869,5135,9101"
3928,3928,"1290,7120,1244,11298,4929,9101,9295,12869,4576,10663"
3988,3988,"11298,6288,8978,7679,7342,4163,2957,9732,4216,9330"
3994,3994,"1290,2989,7120,9101,11298,1244,6220,544,4664,9962"
3998,3998,"13346,9942,3950,10326,2411,3428,5461,3799,275,4277"
4012,4012,"3950,13346,4798,11540,10340,544,8562,10326,5999,1290"
4021,4021,"5303,2140,6971,4798,2343,10326,544,8161,8205,12758"
4022,4022,"4798,8562,6220,4277,6971,12665,13346,5303,3950,2140"
4047,4047,"9942,6220,544,8188,3428,8562,4798,10326,6659,5495"
4073,4073,"1290,2989,544,1244,11298,9101,4929,4576,6971,9730"
4099,4099,"544,1290,5495,6220,7120,6971,2218,12470,5303,8590"
4100,4100,"544,10326,8703,4798,8562,5495,1290,9942,9101,4101"
4120,4120,"12470,13408,12099,12668,5199,1323,6220,10326,609,2218"
4126,4126,"1290,7120,544,11298,9101,4929,10326,4576,11024,789"
4136,4136,"4798,8413,8562,12857,6326,844,13346,10326,6270,5642"
4160,4160,"7669,7679,12869,1290,4163,11298,2957,9330,1558,11554"
4173,4173,"1290,7120,6971,4576,1244,544,89,8590,11298,9101"
4177,4177,"1290,7120,11298,9730,544,4576,2989,9101,1244,11024"
4183,4183,"10326,4798,4277,5303,8421,544,8562,717,10077,6971"
4191,4191,"1290,7120,4929,1244,10663,4387,2916,6243,12497,5573"
4195,4195,"8562,10326,4798,4277,13346,12857,2140,5303,2218,13249"
4213,4213,"6220,544,6971,2343,5495,9693,9942,13306,10326,12470"
4226,4226,"9942,217,5495,13249,13346,3950,4277,3428,5109,12665"
4227,4227,"1290,7120,9295,9101,11298,275,11299,1779,1244,9730"
4232,4232,"13346,4798,3950,10326,8562,13249,11540,854,9786,7079"
4255,4255,"10326,4798,4277,13346,8421,350,5303,8562,717,544"
4258,4258,"12869,544,4545,9295,6569,7706,1856,1244,2113,6168"
4274,4274,"5303,1328,8421,10326,350,8483,1912,4798,10916,544"
4289,4289,"1290,2218,6220,8590,7707,9942,7120,9229,89,10326"
4295,4295,"10326,8562,6220,4277,4798,13249,3950,13346,7707,5545"
4300,4300,"6220,3950,13346,8562,3428,9942,4798,12665,217,10326"
4334,4334,"12857,8205,13346,8822,10326,8562,4798,4277,10594,217"
4361,4361,"4798,8562,10326,3950,13346,6326,5303,5199,8235,7578"
4377,4377,"4798,3950,8562,13346,10326,6270,5610,13249,12702,220"
4412,4412,"1290,7120,11298,9730,1244,4929,2989,3464,9295,10663"
4415,4415,"13346,12857,8413,7919,1042,5348,10326,6483,1065,3950"
4424,4424,"4798,13346,10326,6971,8562,8981,544,1290,12104,5549"
4425,4425,"4277,10326,10594,350,8421,12857,4798,217,1978,9340"
4430,4430,"8562,10326,4798,13346,3950,5303,6220,4277,12857,6971"
4433,4433,"4798,8413,8562,10326,5303,6220,12857,10594,8421,10916"
4436,4436,"10326,4798,5495,544,9306,5731,8562,7383,6220,7063"
4458,4458,"10326,4798,3950,5303,13346,8562,13249,10916,6326,10594"
4461,4461,"10429,1863,5976,544,8562,3487,5841,5495,7707,10326"
4488,4488,"3950,12665,6220,13346,9942,89,3055,5545,5676,4602"
4497,4497,"1290,7120,1244,4929,11298,9295,10663,9101,544,4576"
4498,4498,"10326,4277,5303,350,4798,2140,544,3950,10594,9072"
4504,4504,"6220,9942,5495,3950,3696,4398,1530,5067,544,4798"
4510,4510,"6220,9942,1290,6971,3950,12665,5303,2218,4798,10326"
4512,4512,"11395,3960,544,10326,4798,5027,1290,5901,10660,9101"
4513,4513,"6220,10326,2218,544,5303,4798,3428,5495,217,7707"
4516,4516,"1290,11298,7120,12869,1244,9101,9730,11024,4576,1779"
4526,4526,"6220,8562,4798,544,9942,12665,3428,3950,4277,6659"
4528,4528,"8562,13346,4798,10326,6971,12665,2218,6326,10916,5545"
4542,4542,"3950,4798,8562,13346,6971,12857,6220,4277,6326,12665"
4559,4559,"1290,7120,11298,9295,9730,11299,1779,2989,10663,3697"
4572,4572,"8562,3950,13346,8413,11540,8235,12800,10326,4798,544"
4575,4575,"8562,6220,3950,5303,4798,12665,4277,10326,6326,7707"
4583,4583,"4277,217,13346,12857,8562,4798,10326,1323,6326,8421"
4602,4602,"8562,6220,6971,7707,4798,5545,275,1018,3870,3950"
4608,4608,"11298,1290,1244,7679,11024,7120,2989,4576,9101,4664"
4609,4609,"13346,3950,10326,11000,5495,8562,9072,8505,1978,5199"
4626,4626,"13346,8562,3950,64,2343,6220,5545,9942,12665,10326"
4642,4642,"3950,8562,5495,6220,2343,7707,13346,3428,5545,5532"
4653,4653,"8562,2343,6971,6220,9693,12665,9942,7707,8681,5545"
4664,4664,"1290,11298,7120,1244,11024,4576,9101,9295,4929,1779"
4665,4665,"1290,7120,4929,10663,5573,12497,12030,6243,2916,1244"
4672,4672,"1290,11298,7120,1244,2989,11024,9101,544,4576,10389"
4680,4680,"4277,3950,4798,10326,12857,1328,217,6220,350,6433"
4705,4705,"10326,4798,8562,3950,5495,12665,5303,5532,10835,5199"
4707,4707,"1912,8373,12857,5996,8562,6515,8483,8145,7829,5270"
4711,4711,"5495,8562,12470,5199,3950,8413,13112,544,6220,8279"
4732,4732,"12665,3950,5461,544,5199,5495,1323,9733,10326,9101"
4734,4734,"1290,7120,6971,6220,4929,10663,12665,9942,89,9101"
4735,4735,"1290,7120,4929,10663,7637,9083,544,1487,9101,8703"
4749,4749,"544,6220,9942,2343,9693,1863,7707,5545,9101,10429"
4751,4751,"10326,6971,4798,13346,5303,9942,12665,3950,8562,1220"
4762,4762,"6971,3055,4798,8562,2218,13346,5875,8922,2789,10326"
4767,4767,"10326,4798,8562,10429,544,8188,1863,6220,1290,987"
4771,4771,"10326,4798,8562,6220,5303,3950,544,13346,4277,6433"
4773,4773,"12665,2218,10326,8413,5495,5303,6220,6971,2140,4798"
4776,4776,"8562,12665,10429,10802,3578,544,2989,5976,7637,10326"
4783,4783,"9942,6220,3428,13306,6659,3950,5545,8562,2218,5184"
4788,4788,"12857,4798,10594,8562,10326,8421,3950,13346,2199,2140"
4808,4808,"3950,350,4798,1328,13346,1978,3416,2140,10326,4277"
4810,4810,"3950,6971,13346,4798,10326,8562,6220,5303,9942,2218"
4818,4818,"4798,8562,13346,3950,217,10326,5303,717,5642,4277"
4823,4823,"544,3428,6220,8483,64,8562,2343,9693,3950,11603"
4829,4829,"8562,5545,3950,11622,4798,6220,544,5673,6982,10326"
4842,4842,"8562,6220,10326,4798,9942,10916,13346,544,7707,8421"
4859,4859,"6220,3950,5495,64,9942,5199,12665,13346,2343,4798"
4866,4866,"544,6220,1290,8590,7120,13296,6971,1863,8562,9083"
4881,4881,"10326,4798,4277,3950,13346,12857,6433,6220,6326,717"
4908,4908,"1863,544,12871,4798,10326,7383,383,13214,11609,1290"
4910,4910,"1290,1244,4929,9101,11298,544,9962,2916,2989,789"
4922,4922,"10326,4798,6220,8562,12665,3950,217,4277,12857,3428"
4942,4942,"544,10326,11298,1290,4277,6383,9962,9101,6220,789"
4976,4976,"10326,6220,12665,6971,11298,5303,544,9942,4576,4798"
4993,4993,"1290,544,1863,8562,7707,9101,10429,7706,13296,7120"
4995,4995,"10326,4798,4277,5303,10916,8421,13249,350,8562,2140"
5020,5020,"7679,3464,11298,1328,10326,544,1290,9101,4798,9942"
5040,5040,"8562,5303,12857,3950,10326,2218,6220,2140,8413,6433"
5048,5048,"2140,1018,37,5303,6433,4798,7383,544,647,9306"
5058,5058,"9693,2343,6795,5532,9532,12665,2537,10326,5199,4798"
5067,5067,"4798,10326,4277,8562,544,10594,6220,350,1978,217"
5087,5087,"4798,6220,8562,3950,6971,5495,13346,10326,4277,2140"
5090,5090,"89,5875,7024,12665,13346,7289,5524,544,13191,10326"
5102,5102,"2218,13090,5386,544,10326,7341,7682,5495,108,4798"
5103,5103,"8562,4798,6220,6971,3950,5303,8413,12665,2218,9942"
5105,5105,"1863,10429,1290,544,1487,9101,10326,5976,4798,5149"
5108,5108,"3950,5495,4798,13346,12470,10326,2789,4602,6220,5303"
5119,5119,"6220,4277,544,2218,7707,8562,5495,8413,5676,5303"
5120,5120,"11298,1290,2989,9730,544,11024,7120,9101,4576,1244"
5124,5124,"3421,10437,13193,544,2308,10326,4798,7063,1290,9774"
5132,5132,"8562,5495,2218,5303,5199,10326,8413,3950,13346,4798"
5138,5138,"11298,4576,2989,12869,1779,10389,3222,11024,544,9295"
5144,5144,"10326,4277,8562,2343,544,13346,6433,8421,217,6220"
5159,5159,"10326,4798,13346,3950,6220,8562,8421,544,10916,6433"
5167,5167,"3950,2218,6220,9942,8562,10326,714,6659,6326,8188"
5175,5175,"10326,4798,12857,4277,10916,2140,8421,717,275,1328"
5176,5176,"1290,7120,1244,11298,4929,4576,2989,544,10663,9101"
5185,5185,"3950,12665,6971,89,2218,10326,8562,13346,4798,9532"
5189,5189,"4798,3950,12665,6326,8562,9455,10326,6220,10916,9602"
5191,5191,"8562,6220,9942,10326,13296,13306,13346,89,3428,6441"
5206,5206,"9942,6220,5303,8562,6971,6659,544,2218,10326,7707"
5213,5213,"6220,12665,544,4798,8562,2343,10326,5303,4277,13346"
5224,5224,"4798,4277,8562,13346,6220,717,217,544,8590,12857"
5226,5226,"1290,11298,7120,9101,544,6971,12665,4576,2989,1244"
5241,5241,"1290,7120,4929,11298,10663,9962,789,3704,1244,2916"
5264,5264,"1290,11298,7120,9101,2989,4576,1244,544,11024,10389"
5268,5268,"5303,6971,4277,4798,10326,544,8562,2140,8421,8161"
5270,5270,"4798,8562,10326,6220,6971,2218,12665,5303,13346,8413"
5287,5287,"9942,11969,12156,6626,9775,13063,9573,544,9693,10326"
5314,5314,"6220,13296,8562,4798,6971,10326,1290,544,9942,8703"
5318,5318,"1290,7120,4929,10663,6243,12497,5573,3697,2916,544"
5326,5326,"6220,2218,8562,7707,4798,8981,5149,10326,64,1290"
5336,5336,"8413,4277,3950,4895,13346,10950,7087,883,10326,4798"
5343,5343,"11298,1290,9962,1779,789,5135,1244,10607,9942,9730"
5347,5347,"9942,6220,8562,2343,3950,3428,9693,12665,544,2989"
5354,5354,"4798,8562,3950,5495,13346,10326,2140,544,9942,9380"
5356,5356,"10326,4798,3950,6971,6220,8562,10916,13346,2140,12665"
5367,5367,"1290,7120,6220,89,8562,6971,544,5545,9942,4798"
5373,5373,"8562,3950,6220,5303,8413,1746,13346,5545,4798,3577"
5385,5385,"6220,544,4277,8590,6659,350,7707,10326,8562,9083"
5458,5458,"9942,6220,3428,13306,3950,810,13110,6641,4413,8562"
5463,5463,"4798,10326,6220,8562,5303,4277,6971,544,2140,9942"
5471,5471,"11298,1290,1779,7679,11024,1244,2989,9101,9962,12869"
5476,5476,"1290,4798,6220,10326,275,12665,7120,13346,5303,6037"
5484,5484,"3950,8562,13346,4798,12665,2218,8413,10326,6971,10916"
5508,5508,"1290,11298,7120,9101,1244,4576,9962,12869,2989,789"
5513,5513,"6220,9942,8413,2218,8562,5303,12665,5545,3950,544"
5520,5520,"10326,4277,544,717,8562,5303,4798,217,6433,12857"
5524,5524,"13346,8562,6971,6220,7707,3950,9942,1889,13306,3870"
5539,5539,"5495,8413,9942,6220,5303,12470,4798,8188,5545,4413"
5554,5554,"10326,9340,1180,4798,2887,5829,544,5431,4277,1290"
5564,5564,"4798,10326,5303,4277,8562,12857,2140,544,8421,3950"
5595,5595,"10326,5495,4798,8562,5303,13346,2140,8413,9942,6220"
5601,5601,"10326,275,5303,6971,4798,2140,8562,8590,10462,1912"
5602,5602,"10326,8562,4798,5303,12857,3950,6971,2140,2218,6220"
5618,5618,"1290,7120,11298,12869,10663,9730,1244,2989,11024,2916"
5643,5643,"13408,5199,8922,6220,544,8235,5875,9693,6971,2903"
5644,5644,"4798,5495,10326,5199,9942,2905,544,5532,13346,6123"
5651,5651,"8562,6220,2218,4798,3950,10326,5303,13346,4277,12857"
5655,5655,"5495,12668,8413,8562,5199,13346,3055,10326,3950,5676"
5658,5658,"10326,4798,8421,8562,10916,12857,10594,6971,13346,3596"
5660,5660,"10326,6659,13110,1323,2218,11969,544,2140,12029,6220"
5662,5662,"6220,3950,5545,12665,89,9942,2218,3428,13110,3870"
5670,5670,"4798,10326,3950,12857,6326,5303,8562,4277,8161,8421"
5676,5676,"1290,11298,7120,9295,1244,1779,11024,12869,10607,4036"
5680,5680,"6220,4798,13346,12665,8562,3870,9942,5545,3950,10326"
5698,5698,"6220,10326,9101,544,2343,9693,9942,11298,12665,4576"
5710,5710,"5495,5532,3950,10326,5199,6971,2343,8590,4798,5999"
5723,5723,"11298,2989,11024,4576,1290,1244,4545,11918,9101,12995"
5742,5742,"9693,2343,5532,10835,544,6795,5199,6834,5999,2822"
5748,5748,"6220,4798,8562,12665,3428,13346,9942,10326,2140,13110"
5750,5750,"544,8562,6220,8413,5495,6971,5303,2218,10326,4798"
5787,5787,"3950,9942,10326,4798,2343,13346,5532,6220,5199,9693"
5798,5798,"2343,4798,13346,5303,10326,3950,6971,9693,2140,12665"
5799,5799,"9306,5946,2291,544,4798,383,10326,8402,165,1290"
5815,5815,"1290,11298,2343,9693,9101,9962,7120,789,544,1244"
5822,5822,"10326,5303,2218,6971,3950,2140,4798,5199,1286,3055"
5834,5834,"12665,8562,5495,3950,6220,4798,5303,3055,10326,6971"
5846,5846,"4798,10326,544,13346,3950,5303,2218,4277,6971,12857"
5858,5858,"4798,3950,8562,2140,2905,5495,5303,10326,4436,11726"
5882,5882,"4798,10326,5303,2218,4277,544,8562,11969,13249,217"
5892,5892,"13346,8562,4798,6971,10326,2218,5303,2567,12857,6326"
5897,5897,"3950,8413,6220,8562,5303,8421,6326,10326,11540,4413"
5898,5898,"3950,8562,10326,4798,6220,8413,12665,9942,2218,11540"
5902,5902,"8413,1847,9358,9796,12130,4413,544,8076,5002,1631"
5919,5919,"1290,7120,10326,12869,4277,544,1244,6220,8562,4576"
5934,5934,"544,6220,11524,10326,4315,2343,4384,12485,4798,9097"
5946,5946,"1290,7120,6971,4929,9295,12869,10963,3737,9101,5135"
5965,5965,"2343,5199,5532,9693,8408,13346,1290,544,1978,4798"
5995,5995,"6220,3950,10326,4277,3428,13346,4798,2343,9942,544"
6005,6005,"544,1290,9101,11298,6220,2989,12655,6971,4576,1244"
6006,6006,"6220,9942,3950,8562,13346,5495,89,4413,5545,7707"
6013,6013,"10326,8562,4798,6220,4277,3950,6433,9942,217,13346"
6016,6016,"3950,13346,2218,5495,10326,5199,8562,6220,5303,4798"
6023,6023,"7120,1244,9101,544,4576,10663,11298,2989,6971,10326"
6052,6052,"3950,5495,6971,4798,10326,13346,8562,3428,12665,2343"
6056,6056,"544,6971,5495,10326,12665,13346,2343,5199,8590,2140"
6059,6059,"4798,10326,5303,5495,6220,3950,6971,12857,12665,6326"
6064,6064,"8562,10326,3950,4798,5199,13346,5532,2343,9942,5303"
6091,6091,"3950,2218,6971,5199,6220,3055,9942,5532,12665,10835"
6112,6112,"7120,11298,2989,1244,10663,3464,4576,11024,12869,7679"
6133,6133,"6220,5303,5532,9942,9693,3950,2343,2140,5199,10326"
6150,6150,"4798,5610,10326,4843,544,7167,1290,5813,9101,9942"
6155,6155,"10326,4798,8562,5303,12857,2140,9942,3950,10916,12665"
6157,6157,"10326,4798,5303,12857,8421,8562,10916,2140,3950,4277"
6212,6212,"6220,8562,4277,13306,6442,9942,13310,3428,3870,10156"
6218,6218,"10326,3950,4277,13346,8562,5303,10916,4798,8421,6220"
6242,6242,"6220,4798,6971,10326,9942,13296,8590,13110,5545,8562"
6243,6243,"10326,4798,544,8562,5303,5495,4277,275,2140,3950"
6260,6260,"4798,10326,810,8421,8562,1290,8161,544,976,9018"
6262,6262,"10326,2140,4798,6220,13097,544,275,9942,13346,11930"
6278,6278,"2218,6971,5303,544,275,6220,5495,2140,12099,10326"
6280,6280,"6220,3950,4798,8562,5303,13346,8483,13249,6326,3055"
6287,6287,"8562,4798,6971,10326,2140,544,1290,5303,12665,9519"
6305,6305,"10326,4277,717,5303,4798,544,217,9942,8562,8421"
6320,6320,"1290,6220,7120,6971,5303,2343,9942,10326,8590,9693"
6339,6339,"2343,4798,8413,13346,8562,6220,9942,9693,3950,12665"
6360,6360,"544,4798,6220,5303,3950,2218,8562,275,3428,8483"
6370,6370,"8562,10326,3950,6220,4798,13346,2218,4277,8413,3428"
6376,6376,"10326,4798,4277,6220,8562,5303,13346,3950,275,9942"
6378,6378,"1244,7120,11298,2989,9101,9295,11024,544,4576,12869"
6379,6379,"8562,10326,6971,4798,6220,5303,3950,544,2218,12857"
6398,6398,"544,2343,1290,6795,1244,9101,2903,2537,6834,12655"
6422,6422,"8413,8562,13346,9942,4798,6220,4413,8183,3428,12321"
6424,6424,"3950,2218,4798,11561,11784,12857,13346,9941,11707,9942"
6436,6436,"2770,544,10326,4798,1290,8562,9101,6952,9942,9453"
6454,6454,"9693,2343,544,6795,9101,5532,8608,5199,11298,2537"
6464,6464,"4798,10326,8421,5303,2158,8483,13346,4277,2343,10138"
6479,6479,"3950,4798,13346,8483,2218,4602,3565,10326,220,7707"
6485,6485,"1863,8703,7637,8981,5149,544,1290,8562,10326,6040"
6488,6488,"9942,6220,3950,5545,12665,3428,8562,4413,13110,3870"
6490,6490,"13110,9942,8562,4823,4654,3147,3870,13097,544,10326"
6498,6498,"10326,8562,6220,9942,3950,3428,5545,4277,217,5303"
6533,6533,"1290,9101,2989,11298,544,12665,12869,7120,4798,10326"
6577,6577,"10326,9942,3950,4798,6220,4277,2218,13346,217,3428"
6579,6579,"10326,4798,4277,12857,544,8421,5303,350,10594,717"
6583,6583,"6220,10326,3950,8562,3428,6971,13346,544,9942,4798"
6597,6597,"8562,9942,2343,10326,9693,6220,13346,5303,544,4798"
6599,6599,"1290,6220,6971,2218,12665,8590,13296,13408,1225,4798"
6607,6607,"9942,6220,8562,5303,3950,3428,8483,8413,13346,4798"
6613,6613,"8562,3950,6220,13346,12665,3428,5545,10326,8681,2218"
6622,6622,"1290,7120,9295,8590,11298,89,4929,5199,9101,9730"
6637,6637,"2218,6220,2343,6971,9532,8562,12665,3950,9693,13346"
6644,6644,"10326,4798,4277,6220,8562,5303,3950,13346,717,2218"
6651,6651,"1290,11298,9101,2989,7120,1244,4576,12869,544,11024"
6674,6674,"10326,3950,12665,8562,13346,3428,5495,9942,2343,4798"
6683,6683,"2343,9693,10326,5199,5532,13346,4798,12665,5303,10835"
6686,6686,"1290,9101,1863,7120,544,6697,11117,11103,11298,13115"
6707,6707,"544,2343,5303,6220,8562,10326,5495,13346,5532,3950"
6724,6724,"1863,10429,6220,5875,8235,7024,11403,1244,5976,544"
6729,6729,"10326,6220,8562,3950,4798,9942,6971,5303,275,2140"
6739,6739,"3950,8562,12665,8333,9942,438,6982,298,11622,6220"
6756,6756,"3950,5303,8562,10326,4798,275,6220,2140,2218,10594"
6764,6764,"6659,50,8562,5303,5545,9602,1328,13110,6220,2218"
6768,6768,"6220,9942,8562,10326,3428,6971,5545,6659,12665,275"
6787,6787,"12665,2218,8562,3950,3055,6971,4798,13346,9550,10326"
6808,6808,"1290,1244,11298,7120,544,2989,4576,11024,12869,4664"
6811,6811,"544,10326,8483,4277,350,4798,12665,13110,275,6220"
6812,6812,"8562,4798,3950,10326,12665,9942,5545,3428,13346,7707"
6831,6831,"6220,9942,10326,544,5303,6971,2218,8562,4798,12665"
6833,6833,"2343,6220,12665,9693,13191,7024,11403,8562,8235,544"
6840,6840,"4798,5303,2140,10326,6270,544,7824,1290,10506,8562"
6842,6842,"1290,7120,1244,11298,9962,4929,10607,789,5135,6811"
6855,6855,"1290,11298,9101,7120,1244,4576,2989,544,12869,9730"
6869,6869,"10326,4798,5303,8562,4277,12857,6971,8421,3950,2140"
6874,6874,"6220,6971,1290,544,4798,1747,12665,7120,10326,9942"
6879,6879,"544,5199,5532,2343,6971,2903,9693,9942,2218,6220"
6885,6885,"13346,3950,5676,36,5547,4798,760,10326,544,6326"
6886,6886,"6220,13346,9942,2343,12665,4798,3950,5545,9693,4277"
6902,6902,"10326,4798,4277,8562,6971,544,13346,3950,2140,6433"
6908,6908,"1290,11298,7120,2989,9101,1244,12869,7679,544,4664"
6911,6911,"3950,6659,9942,11484,10326,6220,50,2789,3428,11547"
6912,6912,"3950,12665,6220,810,6971,9942,5545,8562,13346,544"
6919,6919,"1290,544,7120,11298,2989,1244,9101,4576,11024,12869"
6926,6926,"5532,7673,5999,544,9942,6220,10326,4798,1290,3950"
6934,6934,"8562,10326,3950,8421,217,13346,8483,1328,4798,544"
6935,6935,"10326,4798,4277,8562,544,6220,12665,13346,3950,2140"
6939,6939,"6220,5303,4798,8413,10326,9942,6971,1290,8562,4413"
7000,7000,"6220,9942,544,2343,3950,9693,5303,89,8562,13306"
7003,7003,"8562,3950,2343,10326,6220,5495,12665,9942,8590,3428"
7005,7005,"10326,4798,544,217,3428,6433,3950,717,8562,8421"
7042,7042,"10326,4798,12665,8562,5303,3950,13346,8421,2140,6971"
7045,7045,"4798,10326,6971,8562,2140,544,13346,3950,652,6220"
7047,7047,"10429,8703,5976,544,5966,13377,5149,10326,1863,4798"
7053,7053,"6220,544,8562,7707,10326,10429,4798,9942,8188,12665"
7063,7063,"10326,3950,13249,13346,717,1328,4277,8483,8421,4798"
7067,7067,"2343,2218,3950,9693,13346,544,4277,717,217,2537"
7071,7071,"10326,4277,4798,12857,13346,3950,717,8421,6326,6220"
7078,7078,"8562,3950,6220,2218,3428,9942,5495,13346,2140,12470"
7109,7109,"10326,6326,8562,1355,6659,6433,6220,4798,12857,13346"
7118,7118,"4798,10326,12857,6433,10594,6270,5303,8421,8562,2140"
7129,7129,"1290,7120,11298,1244,9101,2989,4576,4664,11024,9730"
7133,7133,"10326,4798,217,3416,609,350,652,8483,5495,5303"
7139,7139,"6971,769,8590,1290,9295,544,10464,1355,11464,12903"
7142,7142,"3950,6220,12665,4798,4277,10326,5303,8562,544,2218"
7146,7146,"2343,5303,9693,4798,6971,10326,5532,5199,12665,544"
7172,7172,"10326,4798,4277,217,8562,8421,350,717,10916,12857"
7181,7181,"5495,64,89,12665,6971,13346,2343,10326,3950,544"
7195,7195,"4798,10326,8562,4277,6971,544,12857,717,13346,6220"
7197,7197,"4798,8562,3428,5303,10326,9942,217,3950,5545,13346"
7203,7203,"1290,7120,11298,1244,2989,4929,9101,10663,4576,9295"
7223,7223,"8562,3950,4798,6220,12857,5303,6971,10326,2218,12665"
7235,7235,"1290,12869,544,7120,6971,11298,9101,11024,4576,2957"
7236,7236,"544,7120,10326,12665,4277,4798,6971,5303,1244,9101"
7237,7237,"1290,7120,1244,4929,544,9083,7637,8703,10663,8981"
7255,7255,"1290,7120,6971,8590,4929,9295,544,4798,10663,1244"
7297,7297,"6220,12665,8562,10326,4798,6971,9693,2140,9942,3950"
7320,7320,"3950,8413,4798,2218,10326,6971,11572,5532,5495,5303"
7323,7323,"12665,2343,13346,6220,3950,64,9693,9942,275,1323"
7326,7326,"2218,10326,5303,4798,8590,8483,2140,12404,5495,13346"
7343,7343,"10326,4277,4798,6433,350,8562,717,8421,217,5303"
7363,7363,"6220,13346,2218,8562,6971,13296,3950,89,9942,1230"
7364,7364,"6971,2218,13346,4798,10326,5303,3950,3055,12665,12274"
7366,7366,"6220,9942,3950,3428,4277,3799,544,1598,3870,12417"
7372,7372,"8413,13346,3055,6302,5303,4798,2218,5495,5532,8562"
7399,7399,"7707,544,10429,1863,9942,6220,9693,4095,3487,10326"
7402,7402,"2218,12665,6220,5303,8562,8413,3950,5495,6971,4798"
7406,7406,"8562,10326,2140,4798,544,4413,10185,11540,5610,1478"
7421,7421,"544,9942,4798,6971,10326,3950,8562,2343,2218,12665"
7425,7425,"1290,7120,6220,544,10326,9101,8562,1244,4798,4576"
7431,7431,"4798,10326,12857,6971,10916,8421,8562,4277,13346,8161"
7447,7447,"4798,10326,8421,8562,6326,3950,8205,6971,2140,544"
7451,7451,"8562,6220,7707,13296,1863,5545,10429,544,4798,10326"
7453,7453,"7120,4929,1244,9962,789,5135,10663,544,11298,6971"
7456,7456,"1290,544,9962,789,2989,7120,9101,275,9295,12665"
7484,7484,"1290,7120,11298,4929,6971,1244,9730,10663,9295,544"
7486,7486,"5495,5303,2218,3950,4798,10326,8413,6971,6220,8562"
7505,7505,"1290,7120,11298,1244,9101,2989,4929,7679,544,4576"
7529,7529,"8562,4798,13346,10326,2140,10916,4277,12857,8421,6326"
7532,7532,"11298,2989,11024,8978,1244,9101,4576,544,10389,7679"
7548,7548,"6220,10326,13346,8562,12665,4798,3950,6971,5303,9942"
7550,7550,"3950,8562,9404,1978,6220,1323,217,10326,4277,4798"
7557,7557,"10326,4277,4798,8421,12857,10594,217,350,717,1328"
7574,7574,"1290,7120,11298,4929,9962,789,5135,10663,1244,2989"
7586,7586,"1863,7637,8703,9942,544,8562,6220,10326,2020,4798"
7592,7592,"12204,544,516,3960,873,10326,1219,4798,1290,9101"
7594,7594,"8413,3950,12857,8562,9942,4413,13346,4798,2218,6220"
7600,7600,"2343,10326,9693,8562,4277,13346,5495,9942,4798,64"
7601,7601,"10326,4798,13346,5303,8562,6971,2140,4277,12857,10916"
7642,7642,"10326,544,4798,1290,6220,5303,9942,12869,4277,7120"
7647,7647,"8413,5303,2140,6971,1862,8562,544,4413,7063,11326"
7650,7650,"8413,8562,6220,3950,544,2218,5303,4798,12665,10326"
7660,7660,"1290,11298,9101,12869,4576,544,2989,7120,1244,11024"
7682,7682,"4798,10326,6220,8562,6971,3950,4277,13346,2218,5303"
7712,7712,"6220,10326,544,3428,5303,3950,4798,8562,1220,2218"
7728,7728,"8562,3950,4798,10594,11000,10916,12857,4277,10326,217"
7763,7763,"8562,6220,4798,13346,10326,3428,12665,6659,5545,5303"
7764,7764,"10326,544,6971,6220,2218,13346,3950,4277,9942,4798"
7765,7765,"2989,11298,11024,4576,1290,9730,4890,3704,8978,9101"
7768,7768,"6659,9942,4798,8413,6220,8562,3950,4413,5184,931"
7776,7776,"1290,7120,9962,789,5135,13309,9101,11298,1244,544"
7834,7834,"3968,1390,8421,7044,4798,10326,13014,5239,851,222"
7850,7850,"4277,4798,8421,544,2140,10594,12857,217,275,8562"
7860,7860,"1290,7120,11298,2989,1244,9101,544,4576,4929,7679"
7879,7879,"4798,6971,10326,5303,2140,8421,1290,8562,544,8590"
7892,7892,"544,1290,9101,9693,11298,2343,7120,4277,10326,1244"
7895,7895,"6220,4798,8562,5303,5495,2140,8413,10326,3950,13346"
7901,7901,"6220,4798,10326,3950,4277,8562,5303,544,12857,10916"
7922,7922,"12665,6220,544,4277,4798,3950,13346,6971,8562,217"
7927,7927,"10326,8562,4798,11969,5303,6220,6971,544,2140,5495"
7931,7931,"9693,2343,13346,544,5303,4798,275,10326,6971,2140"
7938,7938,"12470,3950,9942,13306,6220,5199,3428,13346,8562,10326"
7942,7942,"4277,8562,544,3950,10326,6220,217,350,10916,6433"
7964,7964,"3950,1323,2218,8413,4602,9942,4413,3340,5495,12665"
7982,7982,"5495,3950,2343,64,5199,12665,2903,89,7707,13346"
7988,7988,"1290,7120,4929,6971,8302,2784,544,1244,4798,11117"
7992,7992,"4798,8562,10326,13346,4277,6220,5303,12857,10916,8421"
8005,8005,"2218,6971,2343,5532,5303,5199,4798,8413,12665,3055"
8019,8019,"3464,6248,2710,1290,7679,11298,7120,544,13071,9101"
8026,8026,"4798,13346,6220,3950,8562,10326,12665,9942,6326,2218"
8028,8028,"2343,9693,544,5532,9404,6795,13346,5199,6220,6971"
8085,8085,"13346,50,6626,12378,7138,11635,9942,544,2205,10326"
8103,8103,"89,12665,6971,4602,8235,7024,3055,5875,7983,13346"
8108,8108,"3950,6220,10326,8562,4277,9072,3428,10594,217,1328"
8137,8137,"2343,6971,12665,9693,9942,89,5303,3950,544,13346"
8138,8138,"10326,8562,13346,4277,5303,6433,12857,217,3950,6326"
8139,8139,"4798,10326,5303,6971,8562,2218,3950,8421,4277,2905"
8148,8148,"9942,4798,6220,8562,10326,13346,3950,12665,6971,2218"
8150,8150,"10326,4798,8562,275,3950,6220,12665,13346,5303,2140"
8160,8160,"1290,544,7120,2989,9101,11298,4576,12869,11024,6971"
8175,8175,"12665,1328,11639,4277,12470,5495,2777,8483,544,716"
8191,8191,"1290,7120,2989,12869,9101,9730,4929,6591,10663,1244"
8198,8198,"4798,6220,6971,10326,8483,9942,2218,4277,544,3950"
8202,8202,"11298,9101,4576,1290,11024,2989,1244,7605,12995,11918"
8233,8233,"4798,10326,6971,12665,13346,3950,2343,5303,89,8235"
8251,8251,"4798,6971,13346,12136,5126,5100,5999,544,4827,10326"
8252,8252,"10326,4798,4277,8562,12857,3950,717,8421,6433,217"
8265,8265,"544,10326,6220,4798,8562,5303,6971,2218,275,12665"
8267,8267,"10326,4798,8562,8421,5303,10916,12857,6433,8161,13346"
8268,8268,"8562,13346,12665,6326,12857,10326,9942,5303,4798,3577"
8294,8294,"2343,9693,544,6971,2140,5532,6795,10326,5199,5303"
8299,8299,"1290,7120,9962,789,1244,11298,9101,12869,4929,13309"
8302,8302,"10326,4798,5303,2218,4277,2140,12857,9072,8421,8562"
8303,8303,"1290,4929,1244,9101,789,11298,6971,2989,544,9295"
8323,8323,"6971,2343,8590,9693,10326,4798,6220,5199,8562,13346"
8327,8327,"6971,2218,6220,3950,5303,12665,4798,89,5545,9942"
8331,8331,"3950,6659,6220,9942,2218,5303,3055,4798,3428,11384"
8332,8332,"1290,11298,9101,7120,1244,4576,11024,789,4664,11918"
8334,8334,"6220,3950,8562,4798,5495,11572,2218,5545,12665,8413"
8337,8337,"1290,7120,544,11298,1244,2989,9295,4576,12995,10326"
8341,8341,"13346,3950,8562,6326,4798,10326,9942,2905,5495,4853"
8361,8361,"10326,6971,4798,9942,8562,5303,13296,1290,6220,5545"
8369,8369,"9404,3950,2218,9072,2411,6971,6220,4277,12665,10326"
8378,8378,"6971,10326,5303,8421,8161,13346,13249,544,4798,5532"
8407,8407,"7679,11298,11024,2989,3464,4576,10389,8978,1779,12655"
8419,8419,"1290,1244,7120,544,11298,9101,4576,2989,4664,11024"
8424,8424,"5303,8562,544,13296,10326,6971,1290,8590,4798,2218"
8425,8425,"4277,8562,5303,6220,10326,2218,2140,4798,13346,13249"
8438,8438,"1290,7120,4929,5135,3697,10663,9962,11117,789,9405"
8447,8447,"10326,4798,4277,12857,8562,5303,10916,8421,217,6971"
8458,8458,"12869,9962,11298,1240,7063,2291,5946,544,9960,10542"
8463,8463,"10326,4798,6220,8562,544,5303,6971,2218,4277,9942"
8471,8471,"4798,6971,3950,12665,10326,8562,13346,3055,2140,5303"
8472,8472,"1290,7120,9101,11298,7679,1244,544,4576,12869,11024"
8477,8477,"6971,5303,4798,10326,8562,6220,2343,544,5199,10835"
8478,8478,"2343,9693,544,12665,6971,5495,6220,2218,5303,5199"
8483,8483,"1290,11298,89,7120,9295,789,544,2989,1244,9962"
8496,8496,"10326,6971,1290,3950,8562,5303,8205,544,8590,5199"
8497,8497,"8562,10326,3950,13346,6220,12857,217,4798,3428,717"
8501,8501,"10326,4798,13346,8562,8413,3950,5999,6220,9942,544"
8506,8506,"3950,9942,6220,13346,10326,2218,4798,3428,13306,8562"
8520,8520,"10326,4798,8562,12857,6971,4277,5303,3950,544,10916"
8524,8524,"544,12665,6220,4277,4576,10326,11024,11298,11969,9101"
8531,8531,"4798,8562,8413,13346,3950,10326,50,6326,275,2140"
8556,8556,"10326,544,8562,4277,4798,5303,6220,350,717,8483"
8579,8579,"11298,9730,4576,9101,11024,2989,1244,1290,10389,7679"
8585,8585,"6220,2218,544,10326,5495,9693,3950,7707,13296,13110"
8591,8591,"6220,10326,12665,3428,4798,9942,13346,5303,6659,11969"
8592,8592,"1290,7120,4929,10663,6971,9101,2916,544,1244,6243"
8596,8596,"3950,9942,6220,8562,4798,3428,13346,2218,1978,5545"
8598,8598,"10326,3950,6220,5303,544,3428,9942,4277,13346,8562"
8608,8608,"1290,7120,10663,12497,9101,6971,1244,6243,11298,9295"
8610,8610,"1290,7120,1244,11298,4929,9962,9101,10663,12869,789"
8617,8617,"1290,7120,11298,9295,1244,4929,11024,4664,2989,1779"
8621,8621,"2218,5303,5495,5199,4798,6971,1912,8413,8562,10326"
8629,8629,"3420,11013,9093,8068,6708,5766,10917,544,5310,13182"
8649,8649,"12665,5532,5495,544,10326,5819,7715,4798,1290,5866"
8652,8652,"7120,4929,1244,11298,2916,9962,5135,789,6243,9101"
8714,8714,"2989,1290,6220,7120,8590,9101,11660,13296,9942,11298"
8718,8718,"5875,89,8235,5524,64,3950,9942,12665,13346,7024"
8733,8733,"1290,9101,11298,12655,544,4576,7679,1244,2989,11024"
8734,8734,"6220,3428,3950,13306,5545,12665,13110,4413,11736,4602"
8754,8754,"8562,5495,2218,544,5303,217,3950,6220,10326,3428"
8771,8771,"8413,8562,6220,4798,2218,8205,6971,10326,2140,9942"
8791,8791,"544,10326,4798,6220,2343,13346,4277,8562,6971,9693"
8794,8794,"8562,4798,6220,3950,810,10326,13346,5303,3428,5545"
8797,8797,"9453,350,8822,10326,11758,8562,4560,5676,544,4798"
8804,8804,"10326,4798,13346,6220,3950,8562,4277,13249,13296,8590"
8809,8809,"6971,10326,12857,13346,275,4798,4277,5303,2140,50"
8823,8823,"1290,7120,11298,4929,11024,4576,9101,2989,10663,4664"
8833,8833,"10326,10916,8562,4277,9404,3950,12665,8421,5364,13346"
8835,8835,"1290,7120,9693,2343,11298,1244,12869,4929,9295,9101"
8840,8840,"4798,6971,2140,8413,5303,8562,7063,4877,544,10326"
8842,8842,"8413,1290,544,4181,2230,5819,10326,7715,4798,238"
8860,8860,"1290,544,6220,11298,11024,4576,12665,12869,2989,89"
8866,8866,"10326,4798,4277,8562,8421,13346,544,717,666,5999"
8877,8877,"8562,1102,6515,13230,4798,544,13346,1866,11201,5980"
8887,8887,"8562,8413,9190,5532,5731,9264,544,10326,4798,3950"
8895,8895,"11739,350,2770,5789,10326,9854,3243,544,12621,4798"
8907,8907,"1290,7120,1244,11298,9962,9101,789,4929,5135,9295"
8921,8921,"4277,350,4798,10326,8161,6433,2140,5303,4492,717"
8928,8928,"11298,1290,3464,7679,11024,9101,11554,7120,12869,7669"
8936,8936,"10594,13408,4685,3013,2218,217,12857,4351,4939,8155"
8965,8965,"2343,9693,10326,4798,544,6971,6220,9942,5303,13346"
8971,8971,"2343,9693,12665,6220,5532,6795,9942,8562,10835,3950"
9000,9000,"1290,544,7120,11298,9101,1244,4576,11024,2989,10389"
9023,9023,"12665,4277,544,3950,2343,10077,2218,6220,9693,9942"
9025,9025,"1290,6971,5303,12665,10326,275,8590,89,5199,7120"
9031,9031,"3950,6971,10326,2903,13346,9942,4798,8562,8413,5999"
9045,9045,"4798,10326,1290,6220,4277,5303,2218,6659,9942,6971"
9053,9053,"6220,12665,8562,3950,6971,3055,13346,7707,10326,2218"
9054,9054,"9942,6220,3950,3428,12665,13346,8483,8413,4798,2218"
9060,9060,"8562,6220,10326,5303,4798,544,3950,2218,13346,2140"
9063,9063,"8562,8413,3950,9942,6220,13346,4413,2585,11540,2218"
9071,9071,"6220,8562,3950,9942,3428,12665,2218,8681,13346,13110"
9078,9078,"2343,544,9693,4798,5532,9101,2537,4388,10326,4416"
9101,9101,"4798,8562,10326,6220,13346,3950,9942,4277,544,3428"
9108,9108,"6220,3950,5303,2140,3428,9942,544,6270,5545,4798"
9110,9110,"10326,4798,12665,2218,8562,12857,6433,4277,5303,1328"
9114,9114,"11298,2989,6220,544,1290,5495,4576,9101,7342,12665"
9144,9144,"1290,11298,1244,7120,544,9101,11024,4576,6220,10326"
9172,9172,"1290,6220,7120,544,1863,9101,4798,9083,8981,10326"
9185,9185,"6220,544,7707,1863,8562,10429,5495,1290,10326,9942"
9190,9190,"4798,3950,10326,8562,6220,5303,12857,6971,5642,2140"
9193,9193,"3950,10326,6220,8562,4798,12857,13346,2218,2140,13249"
9198,9198,"4277,10326,5303,2140,4798,7138,9340,4908,2147,544"
9200,9200,"1290,7120,544,10326,6971,6220,1244,9942,2218,5303"
9201,9201,"1290,7679,7120,11298,12995,4576,3464,2989,2769,1244"
9204,9204,"544,10326,5303,4798,6971,2343,13346,3950,5495,8590"
9215,9215,"1290,7120,4929,4798,2140,6971,10326,10663,1747,544"
9222,9222,"1290,7120,12869,9730,9101,11298,1244,4576,4664,544"
9233,9233,"4798,4277,5303,12665,1328,13346,350,544,8562,3950"
9235,9235,"1290,9101,7120,544,1244,4576,11024,6220,2989,9942"
9245,9245,"1290,7120,789,1244,9101,13309,544,12869,4929,9866"
9275,9275,"89,12665,1290,5875,7024,8235,544,5375,8562,10326"
9308,9308,"6220,9942,544,8562,3428,5545,3950,2218,7707,13296"
9323,9323,"4277,2218,8421,544,717,217,10326,9340,8483,4798"
9329,9329,"10326,8562,3950,12665,13346,6220,5303,5495,12857,6326"
9355,9355,"8562,3950,4798,6220,2218,8413,6971,5303,10326,5545"
9369,9369,"4798,10326,5303,12857,2140,6433,13346,13249,4277,2218"
9386,9386,"8188,11484,5495,6220,8562,12226,3269,11745,3987,7707"
9388,9388,"4798,544,6220,5303,12665,6971,7707,9942,13346,13296"
9401,9401,"1290,7120,11298,1244,9962,4929,10607,9730,4664,5135"
9418,9418,"6220,10326,9942,3950,2218,4798,2140,5545,544,12665"
9433,9433,"4798,13346,8562,4277,10326,3950,217,8483,8421,717"
9440,9440,"10326,544,4277,217,8562,4798,6220,8421,350,717"
9446,9446,"3950,13346,2218,13306,10326,8562,9942,5199,3428,4277"
9464,9464,"5495,12470,5676,544,8188,7707,2218,8413,8562,2585"
9477,9477,"8562,4798,5303,275,3950,6220,5495,10326,12665,2140"
9488,9488,"1290,7120,11298,4576,6971,1244,12869,9101,544,11024"
9500,9500,"10326,4798,4277,13346,717,10916,350,12857,8421,8562"
9502,9502,"4798,8562,3950,3428,13346,544,10326,810,2218,4277"
9507,9507,"2343,9693,2903,5199,544,3055,6795,2537,8235,7024"
9528,9528,"7120,11298,2989,4929,9101,7679,4576,12655,10663,12869"
9539,9539,"4798,10326,2218,6220,4277,12857,8562,3950,13346,544"
9566,9566,"544,10326,9693,9101,2343,4798,6971,11298,5303,1244"
9575,9575,"4798,10326,13346,12857,8483,2218,8562,9340,11000,5495"
9583,9583,"5495,4798,13346,10326,3950,5303,9942,12470,6220,4277"
9589,9589,"10326,4798,13346,3950,4277,6971,8562,6220,544,275"
9591,9591,"10326,4798,6971,3950,5303,12857,2218,8562,10916,2140"
9617,9617,"5495,11384,4798,10326,544,1286,3515,8562,1290,609"
9620,9620,"8562,6220,13346,9942,3950,12665,10326,2343,5495,5545"
9622,9622,"5495,2905,3950,10326,5109,4798,9393,5999,544,406"
9631,9631,"12869,1290,9101,3222,4576,11918,12995,11298,7605,4890"
9655,9655,"8562,3950,1042,8413,8822,3149,11910,12130,10984,544"
9658,9658,"10326,4798,544,2343,2140,5495,5303,6220,9693,9101"
9660,9660,"1290,7120,9101,9730,11298,4929,4576,2989,9295,1244"
9669,9669,"1290,7120,789,4929,9962,5135,10663,4387,12030,544"
9672,9672,"4798,5303,13346,3950,12857,10326,4277,12793,10916,6326"
9684,9684,"544,6952,10326,4798,8540,10352,1290,9101,8562,8599"
9702,9702,"1290,7120,1244,4929,9962,11298,789,10663,5135,9101"
9705,9705,"1290,7120,10326,8562,6971,12857,4798,6220,8590,5303"
9722,9722,"1290,1244,12869,11298,7120,544,12665,4576,8978,9101"
9732,9732,"1290,11298,1244,7120,9101,9730,7679,4576,4664,11024"
9781,9781,"12655,4576,2874,3238,11298,7679,844,1224,9101,2989"
9803,9803,"5495,5303,544,5532,2218,6971,2343,10835,2903,13112"
9809,9809,"10326,8562,3950,2218,64,5495,2343,1328,6795,5532"
9814,9814,"10326,4277,12857,6971,8562,2140,8421,5303,10916,10594"
9818,9818,"2218,6971,6220,5303,5532,3950,5199,2343,4798,5495"
9820,9820,"9693,2905,4798,3950,6220,5532,12611,2343,5495,544"
9848,9848,"10326,4277,544,5303,4798,2140,4694,1323,350,10594"
9856,9856,"4798,10326,8562,3950,6971,5303,544,4277,12665,2140"
9869,9869,"6220,12665,5303,6971,8235,3950,4798,7024,10326,544"
9889,9889,"10326,2218,5303,6971,8413,2140,6220,4798,12665,8562"
9923,9923,"4798,4277,10326,8562,8483,5303,3950,350,6971,11000"
9929,9929,"8562,3950,13346,12665,4798,3055,454,10326,8333,544"
9961,9961,"1290,7120,12665,11298,89,1244,11024,4929,7024,8235"
9969,9969,"4798,10326,6971,2218,4277,5303,8421,1290,717,217"
9974,9974,"1290,7120,89,9101,2343,6591,11298,9730,4576,12665"
9976,9976,"1244,12869,11298,3222,1862,11918,1290,11024,12995,544"
9989,9989,"6220,9942,8562,3950,5495,4798,12470,5303,10326,6971"
9993,9993,"12665,6971,8562,5303,4798,2343,5545,3950,9942,13375"
10002,10002,"10326,6659,544,2989,4798,275,1290,5303,9101,1328"
10011,10011,"1290,11298,7120,9730,7679,11024,2989,4576,1244,4664"
10016,10016,"10326,4798,6220,8562,5303,9942,544,3950,6971,2218"
10028,10028,"9942,3428,6220,5545,11800,544,1254,10326,57,5077"
10029,10029,"9942,13346,6220,10326,2218,5495,3950,13249,3428,5545"
10033,10033,"12665,5303,3950,3055,2218,1220,8922,1230,1286,8413"
10042,10042,"10326,5303,6971,12857,3950,4798,10594,8562,2140,10916"
10046,10046,"4798,10326,8562,3950,4277,13346,12857,10916,217,13249"
10061,10061,"4798,4277,8562,6220,544,10594,3950,8421,717,6433"
10071,10071,"6220,4277,3950,9942,217,13346,10594,2218,13249,10326"
10084,10084,"4798,13346,6971,8562,10326,2140,8421,6220,12665,12857"
10091,10091,"8562,4798,10326,6220,13346,12665,3950,1323,9470,4482"
10102,10102,"1244,11298,544,4576,2989,4929,6220,4664,10663,12869"
10104,10104,"8562,2218,5303,3950,4798,5495,4277,10326,6220,275"
10121,10121,"1290,7120,6971,4929,1244,544,789,11298,10663,9101"
10131,10131,"13346,3950,6220,4798,9942,3428,8562,5545,12857,12665"
10134,10134,"10326,4798,4277,275,2140,544,6971,12665,8161,5303"
10139,10139,"1290,7120,4929,10663,1244,11298,9101,2916,3697,9295"
10144,10144,"3950,8562,13346,5199,3055,6220,4798,10326,5532,10835"
10155,10155,"2218,3950,4798,8562,8483,5303,10326,11396,6971,13346"
10168,10168,"1290,1863,6220,13296,7637,10326,9564,4798,544,8703"
10178,10178,"544,1290,9101,2989,9942,10326,11298,6220,6971,1244"
10186,10186,"9693,12665,8562,9942,6220,13346,3950,9404,5545,5532"
10190,10190,"4277,10326,350,10594,717,8421,4798,217,851,9489"
10194,10194,"8562,4798,3950,13346,4277,2218,12857,6326,8413,9455"
10196,10196,"13346,9942,3950,5676,4413,8562,1574,1598,329,544"
10215,10215,"10326,4798,4277,8562,5303,6971,8421,6433,2140,12857"
10218,10218,"10326,9942,6220,8562,5303,12857,4798,3950,12665,6326"
10251,10251,"8562,6220,8188,3950,13346,12857,5545,10326,2218,7707"
10252,10252,"1290,7120,9295,6220,1244,9101,11298,544,9962,789"
10262,10262,"5495,2903,12099,5199,4266,1619,544,8235,10326,10835"
10266,10266,"6220,9942,544,12665,3950,2343,8562,4798,6971,5545"
10271,10271,"6220,10326,2140,2343,9942,4798,6971,8562,9693,12665"
10277,10277,"8562,10326,5303,3950,4798,13346,6971,12857,2140,6326"
10282,10282,"10326,1290,12665,5303,4798,1244,544,8590,8421,6971"
10286,10286,"1290,7120,4929,12030,1400,9295,2286,3697,12651,544"
10305,10305,"10326,810,13346,4798,1889,10916,12857,6795,2343,544"
10309,10309,"9942,6220,12665,8562,2218,3950,5545,4798,6971,13296"
10335,10335,"1290,7120,11298,1244,4929,9730,9101,12869,4576,10663"
10340,10340,"1290,11298,7120,2989,4576,11024,7679,12995,9101,4664"
10375,10375,"6220,4798,8562,8413,9942,12665,5495,5303,544,4430"
10388,10388,"10326,4798,6971,5303,13346,2140,2218,8562,275,8205"
10397,10397,"10326,4798,8413,5303,4277,12857,1889,13346,10594,3950"
10402,10402,"3950,12665,6220,9942,13346,2218,5545,4798,5676,8562"
10407,10407,"544,6220,4277,5303,350,2343,3428,810,10326,5885"
10408,10408,"10326,9306,544,4798,7439,3064,8562,2140,4877,9942"
10416,10416,"3950,4798,13346,6220,10326,1220,2343,12857,12665,4277"
10448,10448,"10326,4798,8562,6220,3950,544,275,13346,5303,3428"
10454,10454,"3950,13346,10326,8562,5495,3799,13249,9942,9404,4798"
10499,10499,"4798,10326,4277,717,8421,217,6433,10594,1290,2158"
10503,10503,"3950,8823,2140,11351,4988,8296,12665,10326,8562,8279"
10504,10504,"2989,11298,3464,12869,7679,11024,544,4545,9730,8978"
10508,10508,"10326,4798,5303,4277,544,2140,8421,217,13346,8562"
10514,10514,"8562,3950,13346,10916,6220,6326,4277,810,4798,1598"
10526,10526,"4798,10326,3950,12857,13346,4277,8562,10594,6433,6326"
10540,10540,"4798,10326,13346,6220,5303,4277,3950,9942,275,6971"
10542,10542,"4277,10326,217,544,350,717,8421,9340,4798,2343"
10551,10551,"4798,10326,6220,544,8562,5303,6971,9942,275,12665"
10554,10554,"544,6220,12665,5303,8562,5199,3055,1978,8413,9942"
10555,10555,"6220,11484,10429,1607,544,10326,11744,1875,4798,5495"
10556,10556,"2140,5610,227,3766,7547,4798,5743,7745,3055,12856"
10562,10562,"12857,4798,2140,9072,6971,10326,13346,2905,31,2218"
10575,10575,"1290,11298,7120,9730,12869,9101,11024,1244,2989,9295"
10576,10576,"10326,4798,5303,8421,8562,10916,217,350,12857,544"
10582,10582,"10326,3950,544,8562,12665,4798,5303,6971,2218,9942"
10584,10584,"3950,8562,13346,6220,4798,10326,9942,3428,5303,2218"
10606,10606,"10326,4798,9942,3950,6220,544,12665,4277,5303,8562"
10611,10611,"4798,544,4277,717,217,8421,8483,350,5303,10077"
10613,10613,"544,10326,1290,4798,217,717,12665,8421,3950,11969"
10614,10614,"7707,10429,1863,8188,8562,7725,544,7706,5976,6220"
10623,10623,"8235,7024,4715,12662,544,10326,4798,7289,1290,9101"
10647,10647,"12869,11298,4163,1290,7679,2957,11024,1851,7120,9101"
10657,10657,"10326,12857,10594,8421,4798,5303,2140,4277,717,10916"
10670,10670,"10326,4798,10594,10916,4277,8421,8161,4322,2291,12857"
10679,10679,"1290,11298,7120,12869,9295,1244,9730,10389,11024,4576"
10680,10680,"4798,2218,8562,5303,6220,13346,10326,3950,275,6971"
10699,10699,"6971,5495,13346,4798,8562,2218,10326,6326,5303,3950"
10715,10715,"217,4277,717,238,12857,9105,10326,4798,2343,2158"
10720,10720,"3950,13346,4798,8413,8562,12665,10326,5303,6326,5495"
10735,10735,"8562,6220,10326,1290,3950,544,6971,9942,13346,2218"
10742,10742,"6220,10326,6971,12665,8562,2218,544,5303,3950,4798"
10744,10744,"217,8421,2580,4616,7305,4798,7166,7243,3659,837"
10747,10747,"10326,3950,544,13346,10568,4277,12665,6971,5303,8562"
10769,10769,"2343,9455,6839,9693,64,1933,10453,5199,4246,8279"
10795,10795,"4798,2218,6971,5303,2140,10326,8562,275,4277,3950"
10817,10817,"1290,11298,1244,7120,9295,10607,11024,9962,789,5135"
10819,10819,"10326,5303,13346,6971,12665,5461,3055,7679,4798,6220"
10828,10828,"6220,10326,544,3428,5303,3950,4798,8562,1220,13110"
10860,10860,"3950,8562,5303,4798,13346,12857,3428,10916,2789,217"
10868,10868,"9693,2343,11298,9101,9730,2989,4576,2537,4890,1290"
10895,10895,"13346,4798,12857,10916,8562,10326,6326,13249,3950,6433"
10900,10900,"10326,4798,6971,5303,2140,10916,8161,13346,275,8562"
10912,10912,"3464,8315,2769,11298,10009,544,7679,1290,12458,2989"
10934,10934,"1290,7120,1244,11298,10326,544,2989,4576,9101,4798"
10947,10947,"5495,12470,10326,6971,5303,5199,544,2140,4798,2903"
10950,10950,"10326,4798,6971,12857,6433,2140,4277,13346,5303,3950"
10964,10964,"1290,1244,11298,7120,9101,9962,2989,10607,789,12869"
10965,10965,"9942,8413,12136,5495,8681,7715,7707,1681,9203,11772"
10968,10968,"10326,544,5303,2218,217,4277,350,50,2140,13249"
10972,10972,"4798,13346,3950,6971,5303,8562,4277,12857,10916,2343"
10975,10975,"4277,10326,4798,544,6433,8510,9306,10093,7383,7464"
11028,11028,"10326,4798,9942,3950,8562,13346,4277,3428,5545,13249"
11030,11030,"1290,6220,11298,544,2989,9101,4576,12665,7120,8590"
11044,11044,"2343,544,6220,10326,89,9101,7707,8681,12665,9693"
11048,11048,"3950,4798,13346,2905,10326,12857,2140,6220,8562,544"
11065,11065,"1290,6971,5303,6220,7120,2218,9295,4798,544,8562"
11085,11085,"1290,9962,1244,7120,789,5135,11298,9405,3697,10607"
11088,11088,"8562,4798,6971,13346,5303,10326,4698,9937,5149,544"
11100,11100,"1290,11298,1244,7120,9101,11024,4576,12869,2989,544"
11102,11102,"4798,3950,8562,13346,10326,12857,8483,8413,6220,13296"
11105,11105,"2343,9693,1290,5532,5199,1244,10835,2903,544,6795"
11107,11107,"8562,10326,3950,13346,4798,6220,9942,2218,8421,12665"
11109,11109,"1290,7120,544,6220,1863,9101,10429,10326,4798,2989"
11120,11120,"1290,7120,11298,1244,4929,9101,9295,544,2989,10607"
11121,11121,"8562,3950,6220,13346,4798,10326,6971,5303,12665,13249"
11133,11133,"8911,6307,2034,544,10326,4798,10974,10732,8562,1290"
11149,11149,"10326,12857,9942,6971,4798,2140,5731,13249,5303,9404"
11152,11152,"1290,7120,11298,2989,4576,11024,1244,9730,1779,4664"
11160,11160,"13346,9942,3950,4798,275,5303,6220,3428,64,4413"
11163,11163,"10326,4798,12665,3950,6220,13346,8562,544,275,4277"
11168,11168,"7063,7445,544,5970,10326,2291,4798,8675,3769,1290"
11193,11193,"6220,5303,544,1978,7707,12793,275,11000,4798,9863"
11200,11200,"9942,6220,3428,8562,5495,12470,3950,6659,13110,13296"
11210,11210,"1290,7120,6971,4929,10663,2916,6243,4798,12030,544"
11215,11215,"10326,10594,8421,10916,11384,5199,12857,8562,13259,7867"
11219,11219,"1290,7120,9962,4929,5135,789,3697,1244,10663,9405"
11243,11243,"2140,4798,10326,544,4877,8562,2291,6588,1290,350"
11253,11253,"1290,7120,2989,11298,9101,544,1244,12869,4576,10389"
11261,11261,"6220,5303,13296,5545,3428,2218,9942,3870,3950,10326"
11280,11280,"2343,9693,5532,544,4388,6795,5199,3909,9101,9942"
11285,11285,"1290,1244,7120,11298,6220,789,9962,9101,10607,11117"
11309,11309,"3950,8562,6220,10326,13346,6326,2140,8413,12665,9942"
11312,11312,"3950,6971,9404,5495,9942,12665,2218,12470,8562,8413"
11314,11314,"2343,64,717,10326,4277,350,8421,217,9693,13346"
11325,11325,"10326,4798,544,8562,2343,4277,13346,6220,6433,9693"
11327,11327,"6220,5303,8562,7707,4798,9942,10326,544,5495,5545"
11359,11359,"10326,9942,4798,13346,544,12665,275,6971,6220,89"
11366,11366,"11554,1371,9289,8315,9491,6377,11484,544,5494,7220"
11368,11368,"1290,11298,7120,9101,1244,2989,12869,9295,7679,11024"
11371,11371,"5495,13346,10326,6326,8590,13112,5199,6971,89,8562"
11376,11376,"544,2218,217,2989,4277,4798,8562,9693,8421,9101"
11377,11377,"10326,4798,8562,13346,5303,6220,4277,6326,12857,3950"
11383,11383,"4798,10326,5303,6971,6220,8562,275,544,9942,5461"
11416,11416,"1328,10326,1221,7480,4798,544,4072,1261,8093,1290"
11444,11444,"1290,10326,9101,1244,4277,6971,6220,11298,12665,4576"
11445,11445,"8562,4798,10326,4277,544,217,3950,350,717,6433"
11448,11448,"9693,544,6795,6220,10326,64,2537,13346,1220,9101"
11469,11469,"6971,9229,725,12451,6796,10326,4308,273,544,6373"
11487,11487,"544,7120,2343,4929,6971,6220,9693,2989,11298,10663"
11492,11492,"5303,5495,6220,2343,8562,4798,5532,13346,9693,12470"
11503,11503,"544,6220,4277,6659,10326,1404,10453,5495,2218,5303"
11504,11504,"2903,6270,9275,1943,4956,2127,11772,9351,36,544"
11515,11515,"10326,6220,4798,3950,9942,13346,8562,4277,217,13306"
11547,11547,"10326,12665,4798,6220,13346,3950,6971,9942,5303,2343"
11552,11552,"10326,2343,4798,6220,3950,13346,544,12665,8562,6971"
11567,11567,"10326,4798,8562,6220,3950,13346,4277,12857,217,9942"
11581,11581,"10326,544,4798,9942,5303,6971,1290,6220,2140,12857"
11589,11589,"1290,11298,7120,12869,9101,2989,1244,4576,11024,789"
11591,11591,"12665,11298,1290,89,10137,7120,11024,9942,2989,4654"
11595,11595,"1290,7120,11298,9295,1244,9962,5135,544,9101,2989"
11604,11604,"544,1290,4798,10326,6971,7120,2218,6220,275,4277"
11608,11608,"10326,6220,8562,3950,12665,13346,4798,5303,2218,6971"
11627,11627,"3950,13346,8562,2218,4798,6220,10326,8421,3055,6326"
11646,11646,"8562,5495,6220,3950,3428,12665,8413,4798,7707,5545"
11647,11647,"10326,4798,6220,6971,5303,4277,8483,275,3428,11000"
11675,11675,"5303,2140,2343,6971,3950,10326,13408,4798,2218,9693"
11676,11676,"1290,7120,11298,1244,6971,12869,4929,9101,9962,9295"
11696,11696,"10326,5495,544,4798,7063,13408,13214,7383,12871,2140"
11700,11700,"8562,7332,11912,7772,544,10326,1290,10868,10337,12424"
11722,11722,"1290,7120,6971,6220,1244,9295,544,8590,4798,5303"
11754,11754,"3950,12665,7679,6220,544,5676,10326,13408,9942,2989"
11757,11757,"13408,2343,1220,13346,10326,9693,89,6971,9942,931"
11767,11767,"12665,8562,12757,8235,5875,7024,544,9942,10326,4798"
11773,11773,"10326,6220,4798,8562,8421,5303,1328,4277,3950,6383"
11777,11777,"9942,4798,3950,6220,8562,13346,5545,13110,3428,10326"
11778,11778,"1290,9101,7120,12869,11298,1244,7669,4576,9330,4929"
11788,11788,"1290,7120,11298,2989,10607,9730,1779,9962,9295,3697"
11790,11790,"1290,7120,4929,10326,10663,8590,6971,4798,1244,544"
11811,11811,"1290,7120,1244,11298,4929,9101,10663,4576,9295,2989"
11837,11837,"1290,7120,1244,11298,4664,4929,10607,9101,4576,2989"
11859,11859,"13346,2218,3950,8235,8413,4798,10326,6220,12665,11403"
11865,11865,"13296,6220,10429,544,1290,8562,9083,9689,10326,7707"
11867,11867,"3950,8562,4798,6220,5495,1328,5642,11540,6326,12470"
11871,11871,"544,1290,2218,7120,5303,11298,6971,11969,6220,13408"
11879,11879,"7120,1244,11298,9101,4576,10663,10607,2916,544,4664"
11880,11880,"10326,4798,4277,8562,8421,717,10594,5303,6326,2218"
11908,11908,"4798,5495,5303,2140,6971,10326,275,2343,8922,3055"
11912,11912,"5303,6971,275,4798,2218,10326,8794,13346,544,8235"
11925,11925,"13346,4277,64,717,10326,2343,3950,8421,4798,9693"
11933,11933,"6220,8413,8562,5676,8188,1862,5545,7707,8681,6659"
11945,11945,"10429,1863,544,5976,589,10802,10326,4798,10090,1290"
11948,11948,"4798,8562,3950,5461,10326,13346,13249,5495,6326,11751"
11952,11952,"5303,10326,4798,4315,1634,544,8421,10608,5497,11115"
11957,11957,"4798,62,8302,4469,1290,544,10326,11515,2784,9101"
11959,11959,"4798,10326,9942,6220,2343,4277,50,3428,8562,12857"
11967,11967,"2218,6220,8562,3950,8413,8235,12665,5545,8188,1286"
11969,11969,"9101,2580,5069,12606,1421,11939,544,414,10326,1290"
11970,11970,"6220,8562,2218,7707,13306,544,3428,4277,2343,10326"
11975,11975,"10326,6220,12665,9942,3950,5545,8562,4798,7707,3428"
11995,11995,"8562,3950,6220,12665,13346,9404,9942,1323,5199,4798"
12002,12002,"1290,7120,11298,2989,1244,544,4576,12869,4664,11024"
12022,12022,"1290,7120,12869,9962,11298,1244,789,9101,4664,5135"
12032,12032,"9375,6659,1213,8911,10326,544,6307,4798,11484,5760"
12036,12036,"1290,9101,7120,1244,11024,4576,544,2989,10389,4664"
12066,12066,"2343,4277,4798,9693,275,6971,9455,13346,544,5731"
12077,12077,"1290,7120,4929,9962,789,1244,5135,10663,11298,3697"
12078,12078,"4798,10326,4277,5303,2140,3950,717,11000,8421,13346"
12084,12084,"4798,6971,5303,8562,10326,12665,2140,6220,275,13346"
12089,12089,"8562,6220,3950,6971,5303,4798,10326,5545,2140,13346"
12106,12106,"10326,6220,2989,1290,12869,4277,11969,4798,4576,11298"
12107,12107,"12665,8562,8188,13346,3950,558,4413,2218,8413,5495"
12111,12111,"13346,6220,3950,12665,10326,8562,275,4798,6971,5303"
12131,12131,"4798,10326,5303,8562,2140,8413,9942,6971,275,6220"
12139,12139,"4798,9693,13346,8562,10326,6220,2537,6834,6971,3870"
12141,12141,"6220,2218,5495,7707,8188,13346,544,6659,13437,8358"
12144,12144,"1290,1244,11298,7120,9101,544,5135,4664,12869,10607"
12150,12150,"6220,3950,8562,9942,4798,8413,2218,5545,6659,6971"
12151,12151,"10326,544,12665,6220,4277,4798,217,6971,9455,13346"
12162,12162,"3950,9182,3525,3980,997,5992,4798,544,10326,9292"
12170,12170,"11554,4163,4940,1371,4216,2957,12869,2709,10674,1558"
12182,12182,"1290,544,5303,7120,5199,9693,5495,2903,5532,275"
12185,12185,"10326,6220,4798,5303,13346,8562,5495,13249,3950,8483"
12191,12191,"10326,6220,10594,5303,12857,3950,2218,8562,5495,6433"
12197,12197,"2343,9693,544,5532,6971,6795,1244,5999,1290,9942"
12204,12204,"1290,11298,7120,2989,11024,1244,4576,9295,3464,12869"
12229,12229,"544,9693,2343,6220,4798,8562,6971,3950,10326,13346"
12231,12231,"1290,544,7120,11298,9101,2989,4576,1244,6971,12869"
12234,12234,"6220,5976,1863,544,10429,8562,1290,12606,10326,4798"
12238,12238,"4798,10326,8562,6971,6220,13346,5303,2218,12665,3950"
12242,12242,"4798,8562,217,13346,5303,3950,10326,12857,10916,1328"
12260,12260,"10326,13346,8562,6220,12857,10916,13249,8421,4277,2905"
12262,12262,"5495,5199,5532,2343,13346,10835,2903,9693,544,3950"
12281,12281,"6220,10326,8562,5303,5495,2218,4798,12665,8188,8590"
12289,12289,"9693,10326,6795,544,4798,64,2537,8562,9942,6834"
12306,12306,"8562,3950,6971,4798,10916,2140,12857,6220,10326,5303"
12326,12326,"4798,10326,7824,10506,8022,3950,3506,544,9738,12138"
12337,12337,"8562,3950,4798,6220,2343,13346,2140,9693,12665,3428"
12355,12355,"544,1290,7120,9101,1244,2989,11298,4576,7679,11969"
12371,12371,"3950,4798,6220,2343,2218,10326,5545,3870,3428,9942"
12372,12372,"12665,5875,8235,7024,12662,544,4715,10326,4798,12628"
12373,12373,"10326,4798,4277,1328,8421,350,8562,12857,6433,2158"
12390,12390,"7120,4929,10663,544,2916,12497,6243,10326,7637,4798"
12405,12405,"2343,9693,544,10326,6795,5532,9101,5495,4388,5199"
12407,12407,"1290,8703,7637,7120,544,10326,4798,9101,6043,9942"
12408,12408,"9942,544,6220,5461,5676,5495,5545,3870,89,12665"
12419,12419,"8590,11484,6971,6659,1290,275,2218,5676,7120,4798"
12423,12423,"8276,12111,544,10326,4798,5495,12321,2273,8562,1290"
12426,12426,"7120,11298,9101,544,1244,6971,4929,2989,12869,9730"
12452,12452,"4798,10326,6659,13346,8590,8421,8562,1328,217,13249"
12480,12480,"544,9101,4576,7679,11298,2989,12869,1290,11024,4664"
12530,12530,"5303,4798,8562,10326,9942,6971,544,7637,1290,6220"
12546,12546,"6971,4798,2343,10326,1290,8562,5303,9693,8703,544"
12556,12556,"1290,7120,1244,2989,9101,4929,4576,9730,11024,10663"
12573,12573,"2218,8413,5303,5545,6220,9942,3428,5495,10326,4181"
12592,12592,"10326,4798,6220,8562,13346,3950,9942,9693,2218,4277"
12596,12596,"10326,8562,13346,4277,3950,4798,6220,12857,10916,12665"
12599,12599,"1290,7120,11298,1244,544,9295,2989,11024,9101,4929"
12615,12615,"544,9101,11298,11024,1244,2989,1290,4163,2957,1779"
12618,12618,"9942,3950,3428,8562,544,5676,13306,13110,5545,2343"
12624,12624,"4798,10326,8562,12665,6220,13346,3950,4277,6971,2343"
12638,12638,"9693,2343,6220,10835,861,8018,5199,796,3055,782"
12641,12641,"544,5199,2343,5532,9693,10326,5495,3950,6971,4798"
12644,12644,"1290,7120,9101,544,4929,2989,12869,10663,2343,9295"
12649,12649,"1290,6971,4798,7120,10326,8703,7637,544,8562,7713"
12654,12654,"5495,8413,2218,8562,4798,275,50,10326,5303,11357"
12658,12658,"2218,10326,4798,6433,10568,1889,4277,13249,6220,3950"
12659,12659,"544,7120,10326,4798,9101,1244,4277,6971,12665,11298"
12666,12666,"4798,9693,13346,8562,10326,3428,6795,4277,717,8421"
12669,12669,"12665,12507,13401,6588,9942,10326,4609,544,11542,2953"
12674,12674,"10326,6220,2218,8413,5303,3950,4798,12665,2140,8562"
12688,12688,"9453,1377,10326,544,4798,1328,1290,8149,9101,8562"
12694,12694,"6220,8413,9942,2218,544,3950,5545,13110,3428,5495"
12709,12709,"10326,4798,5303,4277,13346,8562,275,8421,6433,12857"
12712,12712,"5875,1290,7024,8235,12662,10023,12253,8570,544,12665"
12722,12722,"12869,11554,7679,1290,9330,4163,11298,10674,9101,7120"
12728,12728,"8188,8562,2218,5495,8981,544,10326,4798,13346,6892"
12732,12732,"5532,2343,9693,5199,10835,3909,2443,544,9132,1290"
12736,12736,"10326,4277,4798,8562,6433,10594,12857,350,2140,8421"
12738,12738,"4798,10326,8562,3950,4277,6220,2343,544,12857,13346"
12741,12741,"10326,9942,3950,2218,3428,8562,12470,5495,4277,217"
12756,12756,"12470,13408,8413,2218,7707,3428,5545,9942,10326,544"
12764,12764,"6220,2343,10326,6971,544,275,5303,3950,2218,12665"
12768,12768,"12665,6971,6220,2343,3950,9693,10326,4798,89,5495"
12773,12773,"8562,4798,10326,12857,2218,6326,5303,275,6971,3950"
12789,12789,"4798,10326,13346,8562,5303,4277,2140,8421,6971,10916"
12790,12790,"1290,11298,4929,9101,10663,9295,13408,2916,4576,2218"
12801,12801,"5495,1862,5532,13112,6971,8279,12470,1286,1290,7922"
12804,12804,"1290,4929,1244,10663,12869,9962,2916,12497,3697,6243"
12833,12833,"6220,3950,8562,10326,5303,13346,5642,50,8483,2218"
12846,12846,"4798,10326,3950,13346,12857,10916,6220,13249,6433,5495"
12855,12855,"2343,10326,5495,8562,544,4798,10785,4416,11774,6914"
12860,12860,"8562,3950,4798,6971,10326,5303,2218,10568,2140,13346"
12874,12874,"10326,8562,4798,3950,10916,13346,6220,6326,4277,8421"
12875,12875,"13346,5495,3950,8562,5199,2905,5461,7547,5999,4798"
12877,12877,"2218,6659,6220,5545,1118,8188,9899,544,9942,10326"
12883,12883,"5495,12470,2218,8413,5303,12668,3950,5545,9942,6220"
12890,12890,"8703,7637,9668,4798,10332,10326,544,9954,13228,1290"
12919,12919,"1290,7120,4929,10663,9295,1244,12497,10674,2916,11298"
12927,12927,"1290,6220,13296,544,1244,7120,9101,1863,10429,9942"
12955,12955,"6971,5495,10326,12470,3950,2343,8562,8205,4798,7707"
12956,12956,"844,8562,7715,1583,4568,1290,544,10326,4798,8929"
12958,12958,"10326,9771,7439,4798,9942,544,2140,5747,2291,12665"
12965,12965,"217,12470,6220,1404,5495,544,12857,3428,3950,9340"
12970,12970,"6220,3950,10326,2218,8562,3428,5303,5545,13249,4798"
12996,12996,"9693,2343,6795,6971,13346,2537,6834,5199,10835,9942"
13000,13000,"6220,3950,8562,9942,13346,2218,4798,5545,3428,8413"
13017,13017,"544,2989,11298,9101,4576,11024,1290,1244,7679,10137"
13019,13019,"10326,4277,8562,6971,3950,5303,12857,6220,13249,6433"
13021,13021,"8562,8413,7707,8188,4413,12606,3950,4798,544,13346"
13022,13022,"10326,4798,8562,2218,4277,6220,2140,544,5303,12665"
13063,13063,"8413,5303,2218,4798,8188,8562,13346,9942,6220,1862"
13075,13075,"544,12869,6971,1290,9942,4798,2602,8205,2291,7120"
13076,13076,"3950,2343,2218,6220,13346,10326,5495,4798,2905,9942"
13101,13101,"4798,3950,10326,6971,2140,13346,4277,5495,544,9942"
13105,13105,"1290,7120,11298,12869,9101,9730,1244,4576,544,4664"
13115,13115,"10326,12665,544,9942,6971,5303,6220,2218,1290,11969"
13117,13117,"1290,6220,7120,5303,4798,544,6971,10326,12665,8681"
13121,13121,"3950,4798,5303,8562,10326,13346,12857,8413,5642,9942"
13123,13123,"544,1290,2343,11298,9101,7120,2989,1244,6971,4576"
13125,13125,"4798,12857,8413,10326,6220,8562,50,3950,2218,2199"
13147,13147,"4798,10326,13346,8562,217,3950,8483,6433,10916,6326"
13151,13151,"8562,5303,6220,8413,10326,13346,13375,3950,9942,5731"
13153,13153,"10326,4798,4277,8562,13346,10916,6326,6433,13249,6220"
13176,13176,"1290,544,11298,12869,7120,4576,1244,9730,789,10137"
13180,13180,"6220,8562,9942,3428,3950,2218,10326,13110,5545,5303"
13192,13192,"6659,8562,1328,3870,10326,5495,4798,3950,9942,544"
13194,13194,"3950,4602,12665,8235,931,5875,4715,9942,7024,544"
13195,13195,"5303,50,8562,4277,1978,10326,2218,4798,217,5642"
13198,13198,"5303,10326,4277,10568,4798,8421,8483,12857,9340,10594"
13231,13231,"3950,8562,6971,9942,4798,13346,12665,2140,5642,10326"
13234,13234,"1290,7120,4929,9962,789,10663,5135,9295,13309,3697"
13240,13240,"544,7120,11298,9101,2989,10326,12869,4576,11024,4798"
13273,13273,"3950,6220,2218,12665,5303,13346,9942,5495,10326,8413"
13276,13276,"3950,6220,13346,8562,9942,3428,1978,1323,3992,1889"
13283,13283,"10326,8421,4798,2140,8161,717,10594,12404,1912,4277"
13297,13297,"13346,275,10326,3950,8483,12665,4798,8562,1286,5875"
13301,13301,"13346,4798,8413,8562,5303,6220,5461,10326,1290,6971"
13303,13303,"5495,12665,8562,2218,3950,8483,12857,8413,13346,10326"
13321,13321,"1290,7120,11298,9295,2989,1244,9962,10464,789,3697"
13330,13330,"8703,1290,10326,4798,1863,2855,7637,5966,544,5631"
13338,13338,"1290,11298,7120,9295,1244,9962,789,3464,12869,1779"
13380,13380,"10326,6971,275,2140,5303,4798,2218,8562,3950,8590"
13389,13389,"1290,7120,4929,1244,10663,2916,11298,6243,3697,12030"
13390,13390,"3950,5532,9942,6220,4602,5461,2218,10835,11439,12225"
13391,13391,"11298,12869,1290,6971,10326,544,4798,4576,9730,5303"
13401,13401,"8562,10326,3950,4277,13346,4798,544,6220,50,12665"
13403,13403,"1290,6220,6971,89,10326,8590,4482,9470,544,9942"
13407,13407,"10326,544,1290,7120,350,4798,4277,4576,2140,1404"
13413,13413,"217,2140,4277,10326,10594,9598,544,7063,4798,2861"
13414,13414,"2989,11298,9730,9101,11024,12869,1290,4576,4545,9295"
13446,13446,"4798,10326,4277,8562,5303,13346,8421,12857,544,717"
13472,13472,"1290,11298,7120,7679,544,12655,2989,4576,9101,1244"
13488,13488,"4798,8562,3950,13346,5303,10326,6971,12665,6326,5642"
13502,13502,"1290,11298,2343,544,9101,11024,7120,2989,1244,4576"
13507,13507,"1290,11298,7120,9730,2989,9101,4576,1244,3464,1779"
13512,13512,"4798,13346,8562,3950,10326,3870,6659,5676,7707,12857"
13543,13543,"4798,4277,12665,8562,5303,10916,544,8421,6220,6971"
13572,13572,"10326,8562,4798,544,5303,6971,3950,6220,6433,275"
13595,13595,"1290,7120,4929,6971,1244,10663,8922,4798,9295,10326"
13599,13599,"5495,3950,3428,9942,544,6220,10326,4798,8562,2218"
13608,13608,"9693,10326,6795,5303,12665,64,13346,544,6220,4798"
13609,13609,"350,10326,4798,544,9999,1290,9848,7480,478,9101"
13630,13630,"4798,3950,12665,9942,10326,2218,6220,6971,2140,13346"
13635,13635,"10326,4798,5303,2140,8421,8562,2218,9340,811,6925"
13645,13645,"6220,3950,4798,8562,10326,5303,6971,9942,8205,3055"
13673,13673,"13346,5199,2343,3055,5532,4798,9532,9693,10326,544"
13683,13683,"9942,6220,4798,10326,5303,544,6971,3950,12665,8562"
13702,13702,"6971,2218,8413,7715,544,2903,11403,89,5731,8235"
13716,13716,"4798,10326,3950,8562,6971,6220,12665,5303,2218,2140"
13724,13724,"11298,2989,9730,9101,544,12869,4576,1244,4929,6971"
13746,13746,"4798,6220,10326,2343,5303,12665,6971,2218,3950,8562"
13752,13752,"8562,3950,9942,4413,3870,10434,544,5495,10326,10566"
13756,13756,"1290,7120,4929,9962,789,5135,10663,13309,1244,10336"
13763,13763,"1290,7120,1244,11298,9962,9295,789,5135,9101,10607"
13774,13774,"10326,6220,8562,544,9942,6971,13296,7707,5545,1290"
13776,13776,"1290,7120,11298,1244,9730,9962,789,5135,4929,9101"
13786,13786,"1290,11298,7120,1244,789,9962,5135,12869,6811,9101"
13788,13788,"4277,350,9453,6643,6305,10326,10707,4072,544,4029"
13791,13791,"1290,11298,6971,11024,7120,2989,4576,10389,12995,1244"
13810,13810,"8562,10326,6220,6326,9942,5303,1290,13346,12665,3950"
13811,13811,"10326,4798,10916,12857,8421,4277,5303,8161,217,9580"
13820,13820,"9942,11298,11024,2989,1290,9962,10919,10526,5969,13370"
13826,13826,"6220,3950,714,5495,9730,13346,12665,6433,9942,8483"
13840,13840,"2770,10326,544,1328,10352,4798,1290,8562,9101,9942"
13841,13841,"4277,544,8562,6220,217,13346,6326,13249,717,12665"
13852,13852,"9942,6220,3950,12665,89,5545,12470,13296,2218,3509"
13858,13858,"1290,7637,6971,4798,10326,5549,544,4698,5149,8562"
13865,13865,"9178,1328,6659,1210,10326,6383,4277,544,9375,8562"
13871,13871,"10326,4277,4798,5303,10594,544,2140,8562,717,217"
13877,13877,"5461,4798,10326,2158,8562,9942,5292,6659,9306,544"
13905,13905,"10326,4798,12857,4277,8562,8421,6220,6971,10916,12665"
13924,13924,"7120,544,11298,9101,4929,4576,12869,2989,10663,10389"
13929,13929,"10326,4798,4277,5303,2140,8421,6971,544,10916,8562"
13935,13935,"8562,3950,8413,3428,9693,5676,10916,6220,5532,2140"
13952,13952,"1290,7120,11298,1244,12869,4929,2989,9101,9962,10389"
13953,13953,"1290,10326,6971,6591,7120,4798,275,9295,9101,7578"
13962,13962,"10326,4798,8562,3950,4277,544,10916,8421,717,13346"
13965,13965,"7983,5495,9942,89,6659,6220,8413,8235,3992,544"
13966,13966,"10326,10594,8421,12857,13346,4798,11754,544,4957,851"
13974,13974,"1290,11298,9101,11024,4576,7120,1244,2989,7679,12869"
13982,13982,"1290,7120,11298,11024,1244,89,6971,4929,1779,4576"
13983,13983,"5461,2903,5199,13112,5532,4117,5999,11357,10326,5495"
13987,13987,"6220,3950,10326,4798,3428,9942,12857,13346,8421,717"
13988,13988,"1290,7120,10326,544,6971,9101,4576,9730,2343,4798"
13991,13991,"10326,4798,13346,3950,12857,6220,6326,5303,6971,8483"
13995,13995,"3950,8562,3428,5199,5495,9532,6302,12665,2218,1323"
13998,13998,"10326,4798,5303,6971,2140,3950,8161,8562,13346,12665"
14021,14021,"6220,3428,8562,13110,13296,5545,13306,3950,7707,544"
14028,14028,"2343,544,9693,4277,5199,5532,10326,5461,6383,2903"
14042,14042,"9942,6220,2218,6659,12665,5545,544,10453,50,275"
14049,14049,"8703,7637,4205,544,10326,10332,9954,4798,1290,13228"
14060,14060,"6220,8562,3950,13346,3428,9942,5199,2343,5545,12665"
14061,14061,"8562,3950,13296,9984,8413,4559,544,9107,10326,4798"
14067,14067,"6220,1863,544,10429,7707,5976,779,8562,1290,10326"
14079,14079,"1290,4798,544,6220,6971,5303,7120,12665,275,9693"
14089,14089,"544,4277,350,217,6220,4798,1404,5495,10326,1210"
14097,14097,"4798,10326,5303,4277,544,275,2140,1290,350,1889"
14105,14105,"3464,7679,7669,12869,11024,11298,9330,11554,4163,4216"
14147,14147,"2140,4798,9942,3950,5731,7063,5996,10506,544,3064"
14155,14155,"8562,4798,3950,6220,8413,2218,13346,9942,3870,5545"
14168,14168,"10326,4798,5303,12857,4277,8421,544,217,2140,6220"
14170,14170,"10326,8562,2343,5495,544,10835,5303,4277,6220,64"
14173,14173,"544,2989,3428,9101,4576,6220,3464,13306,9942,11024"
14174,14174,"8562,10326,6220,3950,13346,4277,11540,4798,13249,3870"
14196,14196,"4798,8413,8562,6220,13346,9942,3950,2343,9693,12665"
14197,14197,"2218,9340,4277,5250,10326,544,11298,3495,4798,9730"
14202,14202,"7120,11298,9101,1244,4576,4929,9962,544,12869,10663"
14204,14204,"9306,6648,2300,544,8703,10326,4798,13214,10776,383"
14215,14215,"2343,4798,6220,544,810,6795,9693,1574,10326,13346"
14242,14242,"10326,4798,4277,8562,3950,717,8421,5303,217,2140"
14244,14244,"10326,6220,4798,8562,9942,12665,6971,13346,5303,13249"
14249,14249,"1290,7120,4929,3697,10663,9101,1750,1244,544,4798"
14250,14250,"9738,3285,8452,4531,544,10326,11199,4798,5939,12998"
14256,14256,"10326,4798,4277,5303,8421,717,8562,12857,13346,10594"
14258,14258,"4664,11298,7679,11918,7258,2989,8714,4890,12995,7375"
14280,14280,"5303,4798,8562,6302,5199,10326,13346,3950,6971,544"
14318,14318,"544,7120,11298,6220,6971,1244,2989,9101,4576,10326"
14325,14325,"10326,1328,350,6659,8421,8562,10891,544,1377,4277"
14328,14328,"1290,10326,4798,6971,8590,4929,8562,4277,2140,10663"
14329,14329,"13346,3870,9942,8562,5495,8333,8681,3950,5474,4457"
14344,14344,"8562,10326,5303,4798,6971,3950,2140,6220,5199,8413"
14366,14366,"1290,7120,4929,10663,1244,5135,12030,544,9962,6971"
14421,14421,"1290,7120,3464,11298,9962,5135,1244,9730,9295,4929"
14430,14430,"10326,4798,4277,717,5303,2140,8421,217,6220,544"
14435,14435,"275,4413,6925,8562,10171,3950,544,4490,9942,10326"
14472,14472,"4798,2218,10326,1290,6220,544,275,8590,5199,89"
14501,14501,"6220,12665,4798,6971,2218,8562,12857,10326,13346,544"
14509,14509,"4798,6971,13346,5303,12665,10326,8483,3950,275,5875"
14516,14516,"8562,2218,4798,6220,8188,13296,10326,544,5303,7707"
14521,14521,"10326,4798,3950,5303,2218,8562,5495,6220,13346,4277"
14553,14553,"5303,8562,5495,6220,1290,4798,5149,544,10326,7637"
14561,14561,"6220,12665,3950,5545,8562,13346,9942,3428,4413,13296"
14562,14562,"5495,9942,5303,13346,3950,12665,2218,89,12470,6220"
14567,14567,"2140,5461,6220,4798,9942,1220,10326,5303,12589,2343"
14575,14575,"1290,544,7120,4453,4798,9846,9962,9519,2140,11298"
14581,14581,"544,2343,5303,9693,13346,5532,5199,275,8562,6971"
14627,14627,"1290,6971,89,3055,7120,12665,8922,8235,10326,544"
14634,14634,"6220,9942,3428,544,3950,13110,5184,5545,6659,8188"
14651,14651,"5303,4798,10326,5495,275,2140,13346,8922,544,12857"
14659,14659,"2343,13346,5199,5999,4798,6971,10835,10326,5532,8562"
14670,14670,"10326,4798,12665,217,8421,4277,5495,9455,717,716"
14684,14684,"6220,8562,544,2218,7707,10429,1863,3428,4798,9942"
14691,14691,"4798,13346,1290,9730,275,8922,10326,8562,544,2218"
14695,14695,"1290,6971,2218,12665,7120,5303,13296,6220,4798,9942"
14705,14705,"10326,8562,4798,4277,1328,217,12857,12665,717,13346"
14711,14711,"1290,7120,10326,4929,544,4277,6220,12606,7491,4798"
14723,14723,"4798,3950,10326,6971,8483,8562,13346,12035,12857,11639"
14739,14739,"11298,9730,1290,2989,9101,7120,1244,10389,11024,4576"
14740,14740,"10326,4798,8562,6971,5303,275,2140,544,12857,4277"
14743,14743,"5495,5532,5303,4798,12668,2218,5199,10326,8590,3950"
14747,14747,"10326,544,8562,4798,4277,6220,3950,350,13346,5303"
14748,14748,"9942,6220,89,12665,8413,8681,5545,5676,7983,4602"
14764,14764,"1290,7120,8333,4929,4798,2989,6383,13346,7184,2490"
14771,14771,"544,6220,9942,2989,5495,9693,7707,4664,11298,2343"
14780,14780,"10326,4798,4277,6220,217,8421,12857,717,8562,9340"
14784,14784,"4798,10326,5303,4277,12857,544,2140,350,6433,8421"
14785,14785,"9942,13110,3428,13306,6220,9042,5545,9917,1496,9800"
14798,14798,"2343,9693,9532,6839,1323,10835,5532,13346,11603,12665"
14801,14801,"544,9942,10326,4798,6220,12665,2343,4277,5303,6971"
14803,14803,"10326,4798,5303,6220,544,4277,275,9942,13346,2140"
14821,14821,"4798,5303,10326,275,4277,13249,544,6326,6971,12857"
14832,14832,"6971,4798,8562,1290,10326,544,2343,5199,5495,5532"
14833,14833,"3950,9942,4798,6220,13346,10326,8562,3428,5545,5303"
14853,14853,"4798,12665,8562,6971,7792,9942,544,6220,13346,8590"
14854,14854,"6220,8562,13249,10326,13346,2218,4798,5303,3950,8483"
14856,14856,"6220,544,9942,12665,8562,10326,3950,5303,2218,13346"
14858,14858,"10326,3950,5532,5199,9519,2343,4798,10835,13346,4277"
14864,14864,"6724,1290,8984,544,9306,10326,4798,3084,3064,1784"
14867,14867,"1290,11298,2989,1244,7120,9101,12665,11024,10389,4576"
14880,14880,"7679,11298,2989,544,4576,9101,11918,11024,4664,4024"
14890,14890,"8562,13346,6220,6971,5199,8205,9942,4798,6326,3950"
14892,14892,"10326,9693,4798,544,6220,4277,13346,8562,12665,6795"
14899,14899,"1290,11298,12869,1244,11024,7120,4576,4664,9101,9962"
14904,14904,"2343,6795,9693,89,9532,12665,3055,5532,9942,8279"
14906,14906,"11298,1290,7120,1244,9295,12869,4664,3464,4576,1779"
14909,14909,"4277,350,5303,9340,544,4694,10326,50,10594,4798"
14929,14929,"8562,6220,4798,5303,3950,5545,2218,9942,10326,4698"
14931,14931,"6220,7707,13296,1863,8562,544,10429,10326,4798,9942"
14938,14938,"4798,10326,3950,8562,13249,6220,6971,4277,12857,8483"
14955,14955,"3950,10326,6220,6971,12665,4798,2140,13346,5303,2343"
14961,14961,"3314,10326,8562,544,2936,5645,9212,4798,1290,9101"
14969,14969,"1290,11298,9730,7120,9962,12869,11024,9101,5135,1244"
14970,14970,"10326,4798,4277,6971,217,717,2218,544,6220,8421"
14977,14977,"12665,3950,8562,6220,5495,5676,9942,7707,1225,13346"
14991,14991,"4798,10326,6220,13346,5303,12665,8562,2218,3950,3870"
14993,14993,"4798,2140,9306,2291,10326,7445,176,544,10462,4262"
15009,15009,"4798,12857,3950,13346,8562,717,13249,10326,8483,8421"
15014,15014,"11298,9101,9693,2989,2343,4576,1244,10389,544,8978"
15028,15028,"7120,11298,1244,4929,9101,9295,10663,2989,3464,9730"
15029,15029,"4277,217,10326,717,8562,4798,13249,8483,10916,13346"
15030,15030,"5495,13346,8562,8413,9942,6220,8681,7707,5545,13306"
15033,15033,"4798,10326,6971,2343,13346,8562,9693,12857,10916,10835"
15052,15052,"544,4798,8562,5303,717,6220,6433,13346,1290,8421"
15062,15062,"4798,10326,13346,6220,6326,5303,13249,8421,9942,8562"
15074,15074,"6220,9942,544,1290,6971,5303,2218,8562,9693,10326"
15081,15081,"13346,3950,2343,9693,13110,10326,5495,5532,544,6220"
15082,15082,"4029,3563,2436,544,9994,10326,4798,13209,5425,1290"
15097,15097,"13346,6971,4798,8562,2140,10326,9771,4877,544,2291"
15098,15098,"4798,10326,8562,3950,6220,6971,5303,13346,4277,2218"
15107,15107,"1290,7120,4929,1244,11298,10663,789,5135,9962,9295"
15113,15113,"10326,4798,8562,6220,3950,4277,6659,13346,350,275"
15120,15120,"10326,8562,4798,6220,3950,13346,5303,2218,13249,217"
15121,15121,"4798,10326,8562,3950,13346,12857,6220,6971,12665,4277"
15122,15122,"4798,10326,8562,5303,3950,12857,6220,13346,2218,2140"
15141,15141,"4277,350,10326,217,8562,4798,1328,6383,7275,5676"
15143,15143,"4798,10326,6220,6433,4277,8562,13296,13346,6971,10916"
15148,15148,"3950,13346,5495,64,2343,6220,544,5199,12665,9693"
15164,15164,"10326,9942,6220,2343,11969,9693,12665,8562,5303,7707"
15165,15165,"6220,1290,9942,544,9101,8562,2218,6971,3428,12665"
15175,15175,"10326,4798,4277,717,8421,275,10916,13346,12857,8483"
15186,15186,"1290,4929,1244,9295,10663,11298,5135,789,2916,544"
15189,15189,"10326,6220,544,4798,3950,4277,217,2218,5303,8562"
15200,15200,"10326,4798,6220,544,1290,4277,6971,8562,5303,9942"
15204,15204,"10326,8562,4277,6220,13346,4798,10916,2140,9942,3950"
15205,15205,"1290,4798,7120,6971,544,6220,13346,5545,8562,2411"
15217,15217,"5199,8590,8922,4798,4266,5303,5532,8235,10326,8562"
15240,15240,"2989,12869,11024,1244,7679,4576,10389,9730,1779,12995"
15248,15248,"1290,6220,1863,6971,8562,10429,7120,544,4798,5495"
15253,15253,"4798,10326,8562,4277,10916,2343,2140,5303,544,13346"
15256,15256,"4277,544,10326,4798,1978,2140,13346,350,3950,7138"
15260,15260,"10326,544,4798,5303,8562,2343,3950,13346,8421,6971"
15265,15265,"5495,12470,12092,11540,5199,2218,544,4376,10326,4798"
15274,15274,"13130,5251,3314,544,10326,10233,4029,4798,1290,8540"
15275,15275,"4798,2140,5303,6971,10326,544,7063,12665,8562,11609"
15282,15282,"4798,10326,8562,2140,2218,8205,9580,5303,544,8483"
15294,15294,"2343,6795,5532,9693,9532,2903,13346,5199,10835,12665"
15304,15304,"1290,11298,7120,1244,9962,9101,4576,789,9295,11024"
15330,15330,"544,10326,6220,2343,9693,9101,11969,11298,6971,275"
15331,15331,"8562,12665,13346,3950,6220,13296,3055,5495,8188,5199"
15332,15332,"1244,1290,7120,10389,11298,544,7679,3464,10326,2989"
15339,15339,"6220,5545,1863,9942,8562,7707,10429,544,5976,1290"
15387,15387,"544,6220,7707,1863,10429,8562,10326,9101,12665,1290"
15391,15391,"544,10326,6220,4277,12665,4798,275,6971,8562,3950"
15396,15396,"4798,13346,10326,8562,6220,6326,6971,12665,3055,3870"
15397,15397,"6971,2218,5303,13346,8562,7715,9942,3577,3870,544"
15421,15421,"4798,9306,2899,2343,10326,544,383,6648,7383,8071"
15427,15427,"1290,7120,7679,11298,9730,4929,9101,544,1244,4576"
15434,15434,"544,1290,2989,11298,1244,7120,4576,6220,12995,11024"
15441,15441,"5495,10326,275,4798,12665,2218,8562,9942,13346,8590"
15444,15444,"6971,6220,2218,5303,275,10326,4798,12665,9942,8413"
15457,15457,"4798,6220,8562,3950,5303,13346,10326,6971,8483,9942"
15466,15466,"8562,3950,717,13249,217,11000,4277,1978,4798,10326"
15475,15475,"12857,4798,8413,13249,3950,5676,1978,10326,5303,6270"
15483,15483,"11298,1290,2989,11024,9101,9295,7679,4576,7120,1779"
15487,15487,"12665,8235,5875,7024,89,4798,544,10326,12662,1290"
15500,15500,"2140,275,7063,9771,10326,12404,4877,544,4798,7439"
15511,15511,"6220,2343,9942,9532,10326,4798,12339,1244,5532,2822"
15515,15515,"8562,6220,3950,2218,4798,5545,13346,7707,10326,8681"
15519,15519,"4798,12665,6971,8562,13346,9942,5303,3055,8235,544"
15534,15534,"9693,2343,8413,5303,6834,2537,5545,9942,4605,544"
15545,15545,"1290,7120,11298,9101,4576,12869,10137,11024,1779,2989"
15553,15553,"9730,2343,9693,2989,544,12869,7679,11024,4576,11298"
15556,15556,"5495,8413,12470,2218,3950,5303,8562,6220,8483,9942"
15564,15564,"4798,13249,13346,6326,12857,3950,6433,8161,10326,10916"
15567,15567,"1290,7120,11298,12869,1244,7669,4929,9101,4163,4576"
15582,15582,"12857,4798,6433,8562,6326,9602,217,5676,10326,13346"
15585,15585,"10326,4798,4277,5303,717,12857,8421,6971,8562,6220"
15587,15587,"8562,6220,3950,8413,5303,13346,2218,5495,2140,10326"
15589,15589,"6971,5303,4798,8483,2140,10326,8562,11000,275,4277"
15590,15590,"9693,6795,3428,5495,5532,12665,2537,64,6834,6220"
15595,15595,"3055,10326,6522,7526,544,10002,6232,7832,11227,8235"
15611,15611,"11298,1244,9101,9730,2916,9962,9295,4576,12869,3697"
15613,15613,"3950,13346,9942,4798,3428,6220,10326,6971,8562,3055"
15632,15632,"10326,8562,13346,6220,4277,5303,544,12665,6326,7707"
15633,15633,"10326,544,4277,5303,350,9072,13249,4798,12665,12857"
15639,15639,"4798,6971,5303,3950,6220,10326,8421,2218,8590,8483"
15648,15648,"10326,4798,4277,217,6971,717,544,6220,10916,8562"
15652,15652,"4798,10326,350,9340,275,4277,13346,8205,8421,8483"
15683,15683,"6220,9942,3428,5545,2218,13296,8562,7707,544,8188"
15688,15688,"9942,6220,8562,5495,3950,5545,3428,7707,2218,5676"
15703,15703,"9942,3950,8413,4413,8562,13346,4798,544,10340,10326"
15708,15708,"3950,2218,6971,4213,2724,5879,141,544,2385,11040"
15714,15714,"10326,4798,8562,544,3950,217,12857,717,10916,8421"
15719,15719,"4277,10326,4798,12857,8562,13346,350,10916,6433,544"
15727,15727,"8413,1230,8562,10326,12665,8922,6971,4798,544,2380"
15728,15728,"1290,7120,4929,10663,12030,5573,4387,544,10326,4798"
15735,15735,"10326,4798,8562,4277,275,5303,8590,8421,8483,2140"
15736,15736,"5495,3950,8562,1328,31,9942,6220,12665,4798,10326"
15739,15739,"1290,7120,2989,9295,1244,11024,8978,6288,12869,3464"
15742,15742,"9942,3950,6220,4798,10326,8562,12857,89,8413,5303"
15764,15764,"350,50,1978,4277,8562,9234,9178,13346,12226,3950"
15773,15773,"10326,4798,5495,13346,2140,6971,10916,12857,3950,8562"
15774,15774,"1290,7669,11298,7120,6591,12869,9730,9295,2989,2957"
15786,15786,"1290,11298,11024,9101,7120,544,4576,12995,9730,12903"
15789,15789,"4277,12857,10326,217,9105,350,717,8421,6433,4798"
15796,15796,"9942,6220,2343,9693,10326,3428,2218,12665,3950,544"
15800,15800,"5495,8562,2218,12470,12099,12668,10326,10077,3950,4798"
15802,15802,"1290,7120,9101,1244,11298,544,9730,9295,2343,4576"
15812,15812,"10326,4798,5303,4277,544,8562,350,2140,8421,10077"
15815,15815,"5303,8503,3870,11320,544,10154,10326,1634,12636,4798"
15828,15828,"6220,8562,10326,13346,12665,13249,9942,544,3950,4277"
15831,15831,"11298,4664,1244,1779,7679,7265,1290,544,10326,9101"
15840,15840,"4277,10326,350,717,544,9340,275,10594,12404,217"
15845,15845,"4798,8562,13346,3950,10326,12857,6326,9942,4413,6220"
15847,15847,"2218,6220,8413,5461,5495,232,10799,7485,544,3361"
15856,15856,"4798,10326,8562,12857,6971,10916,13346,5303,6326,8421"
15861,15861,"12869,1290,11298,4163,2957,9962,1558,4216,1244,5135"
15862,15862,"1290,7120,11298,9101,1244,4576,544,9962,789,12869"
15871,15871,"5495,8413,12470,7707,2218,8562,8188,3950,5184,544"
15872,15872,"8562,3950,13346,3055,8421,10326,8413,4798,9733,5495"
15883,15883,"1290,7120,11298,9295,2989,1244,9101,544,6971,4576"
15886,15886,"544,2343,6220,1863,7707,8562,10429,5976,2327,779"
15888,15888,"9942,6220,12665,544,5303,3950,10326,6971,3428,2218"
15898,15898,"4277,6220,4798,10326,8421,13346,8562,6971,3950,8161"
15919,15919,"4798,50,10326,6795,6326,4416,64,12665,8198,3950"
15922,15922,"1290,7120,4929,11298,5135,1244,3697,9295,13309,12869"
15931,15931,"544,1290,7120,9693,11315,5251,10743,10233,589,375"
15941,15941,"6220,8562,9942,8188,3950,7707,2218,3428,5495,544"
15943,15943,"4798,10594,12857,8161,10326,13346,8421,220,8022,10916"
15956,15956,"10326,6220,4798,8562,6971,3950,12665,5303,275,5545"
15958,15958,"1290,7120,6220,6971,544,5303,4798,89,10326,275"
15960,15960,"2343,8413,5303,6220,4798,2140,10326,6795,13346,810"
15973,15973,"3222,11298,4890,5979,9101,4545,11024,4576,7605,12330"
15977,15977,"1290,7120,11298,1244,4929,9962,789,9101,9295,10607"
15994,15994,"8562,89,13110,3950,4413,7359,13346,861,10326,3577"
15995,15995,"1290,7120,1244,4929,11298,6971,9730,9962,9101,5135"
15996,15996,"6220,3950,13346,5545,9942,10326,8562,4798,5303,6971"
15999,15999,"6220,3950,2140,8562,4798,220,10785,10006,544,237"
16060,16060,"1290,7120,4798,6971,10326,6220,544,12665,5303,8562"
16069,16069,"3950,4798,13346,2218,217,10326,1978,8483,717,13249"
16076,16076,"1290,11298,2989,9101,544,7120,1244,12869,9730,4576"
16085,16085,"12191,10326,8562,544,4798,6383,7480,1290,5495,9942"
16089,16089,"8562,6971,2140,1290,4798,8703,8922,9668,10326,544"
16097,16097,"10326,4277,4798,544,8562,13346,5303,3950,10594,8421"
16112,16112,"6326,3950,6220,13110,217,9942,544,12152,12857,3428"
16116,16116,"4798,10916,12857,10326,8562,6971,9953,544,2291,1776"
16137,16137,"275,4277,8483,4798,350,5303,10326,13346,217,544"
16150,16150,"3950,717,217,1328,7087,6528,8421,8562,10326,6979"
16174,16174,"3428,3950,13110,9942,4413,8413,1325,8562,12575,544"
16176,16176,"3950,8413,1889,8562,6971,4173,5078,2903,11910,11262"
16210,16210,"1290,7120,4929,10663,9962,6971,1244,789,11298,544"
16212,16212,"10326,4798,8562,3950,13346,12665,6220,4277,5303,12857"
16230,16230,"10326,4798,8562,3950,5303,6220,2218,4277,8590,13346"
16245,16245,"10326,4277,544,4798,217,1328,8562,350,6433,717"
16293,16293,"8562,3950,6220,13346,4798,13249,10326,5303,12857,11000"
16299,16299,"1290,7120,11298,9295,1779,1244,2989,9101,9730,8590"
16300,16300,"1863,10429,7707,7706,544,589,3542,10326,3487,8188"
16303,16303,"12857,8562,3950,10916,10326,4277,2218,2140,4798,2448"
16305,16305,"1290,7120,11298,12869,6971,89,4576,9101,6220,2989"
16314,16314,"4798,8562,4277,10326,5303,12857,13346,6433,544,6326"
16328,16328,"4798,12857,8562,10326,13346,2140,11540,652,3458,544"
16340,16340,"1290,7120,9101,11298,544,1244,9962,12869,789,10326"
16351,16351,"10326,9942,1328,544,4277,10869,3428,8483,5184,8681"
16363,16363,"4798,11969,2343,10326,5495,6220,13346,9693,544,5303"
16376,16376,"4798,6971,5303,10326,2140,7063,6433,544,37,8562"
16387,16387,"12857,4798,10326,6433,6326,4277,10916,8421,13346,6220"
16395,16395,"6220,8562,10326,4798,544,5545,3428,3950,2140,1978"
16414,16414,"6971,8562,6220,7707,4798,810,10326,5545,12665,544"
16416,16416,"8413,7715,9454,544,10506,8452,10326,4798,3506,8053"
16418,16418,"6971,6220,5303,10326,2218,89,12665,544,8205,5495"
16471,16471,"1290,2989,11298,7120,1244,9101,4576,11024,544,12655"
16489,16489,"8562,4798,10326,12857,8413,6220,3950,2218,6326,13346"
16497,16497,"2343,9693,5532,6795,5199,12665,10835,5303,1220,10326"
16509,16509,"5303,2218,2140,6971,4277,1978,544,6220,8562,8590"
16510,16510,"9942,3950,13346,6220,5303,2218,5545,8413,8562,4798"
16521,16521,"11298,1290,1244,11024,7120,4664,2989,9730,10389,4576"
16524,16524,"544,10352,12824,10326,4798,8540,840,1290,9101,9942"
16582,16582,"5303,13408,7136,3275,544,1926,12253,10326,7986,5482"
16592,16592,"1290,6220,2343,8562,9693,6971,544,7120,10326,8590"
16604,16604,"1290,11298,7120,12655,7679,9101,2989,12869,11969,544"
16605,16605,"1290,9101,11298,7120,4576,11024,6220,544,1244,8978"
16617,16617,"11298,1290,11024,9101,2989,4576,7679,7120,1779,12869"
16622,16622,"11298,2989,9101,1290,4576,11024,1244,12869,11918,7679"
16624,16624,"6220,8562,3950,3428,2140,4798,9942,7238,544,4413"
16628,16628,"3950,11484,13346,11406,8562,2903,10326,6646,13380,544"
16633,16633,"1290,7120,4929,1244,6971,11298,544,2989,9101,2916"
16646,16646,"7707,8562,10429,544,10326,9083,13269,5495,8981,4798"
16651,16651,"10326,13346,5495,4798,8562,12857,13249,50,9942,6433"
16654,16654,"10326,13346,4798,6971,6220,8562,8483,6326,8421,10916"
16673,16673,"8562,3950,2218,5303,9942,6220,4798,13346,11000,2140"
16675,16675,"10326,6220,4798,8562,13346,9942,3950,4277,6326,12857"
16677,16677,"6971,2218,2343,9693,5532,3950,5303,5199,4798,12665"
16679,16679,"8413,275,13375,1889,6971,3416,4798,8562,2218,5303"
16686,16686,"1290,11298,7120,9730,1244,1779,9962,10607,544,789"
16695,16695,"4798,10326,3950,4277,5303,8562,12857,8421,10594,2140"
16704,16704,"3428,3950,8562,13346,9942,12153,5545,5676,8413,13306"
16709,16709,"6220,9942,13346,12665,3950,5495,1220,5545,2218,8562"
16773,16773,"4798,10326,4277,5303,12857,6433,13346,6326,3950,8483"
16774,16774,"10326,8562,12857,3950,1889,2218,8421,13346,13249,4798"
16797,16797,"6220,3950,9942,3428,8562,13110,13346,13306,12665,8681"
16803,16803,"2140,7063,8562,6751,4798,10326,544,4014,1290,11871"
16804,16804,"10326,4798,4277,13346,12857,10916,3950,5303,6433,6326"
16806,16806,"8562,6220,4798,544,10326,5303,12665,7707,5495,2140"
16810,16810,"3950,9942,13346,3428,6220,8413,12934,8562,220,1889"
16836,16836,"6433,4277,350,2140,10326,1978,544,581,9423,8793"
16844,16844,"13306,5495,13346,4266,8246,544,10326,4798,13271,11774"
16861,16861,"1244,1290,11298,12869,7120,4163,2957,9962,5135,1558"
16875,16875,"4798,10326,6971,5303,13346,2218,8562,2140,3950,6326"
16936,16936,"4798,13346,10326,3950,12857,8562,6971,4277,5303,10916"
16946,16946,"4798,217,10326,13346,12857,3950,5303,8562,1328,717"
16965,16965,"4798,10326,6220,3950,5303,13346,2140,8562,275,2218"
16987,16987,"10326,4798,6971,5303,2140,8562,6220,12857,8421,4277"
16988,16988,"6971,2343,5875,8922,6529,3055,12665,7024,89,5532"
16989,16989,"8562,10326,6220,4798,3950,12665,9942,5303,2218,13346"
17007,17007,"10326,6971,4798,275,5303,9942,9602,8562,9668,4101"
17016,17016,"10326,4798,3950,6220,8590,13346,5461,4277,8562,9942"
17030,17030,"4798,10326,6971,13408,544,2291,9744,6624,2370,8562"
17034,17034,"4798,10326,13346,8562,3950,4277,6971,10916,6326,12857"
17054,17054,"13346,5303,12857,2140,10326,4798,10594,8562,3799,13402"
17056,17056,"12857,1328,4798,13346,10326,6326,350,8562,544,1290"
17084,17084,"10326,12665,2218,5495,4798,5303,3950,6220,8562,544"
17098,17098,"544,5495,4277,5303,10326,12470,12665,2343,4576,9101"
17102,17102,"4798,10326,6971,5303,3950,8590,2140,2218,6220,275"
17109,17109,"3950,11572,1788,782,544,9908,10326,4798,1290,455"
17112,17112,"544,1290,4798,10326,6971,2218,6220,7120,275,4277"
17119,17119,"4798,10326,6971,2343,5303,9942,2140,544,6795,11000"
17124,17124,"6220,5303,2218,10326,9942,8562,3950,13346,6971,7707"
17141,17141,"4798,6971,10326,544,2343,5303,9693,6220,13346,5495"
17160,17160,"4277,7669,8483,7679,217,12869,544,12665,4163,6220"
17179,17179,"3950,2218,8562,6220,13346,4798,8483,8413,3870,9942"
17189,17189,"4277,217,717,8421,6433,3950,544,10326,350,9105"
17191,17191,"8562,5495,8981,10326,5149,544,6220,4798,7707,9942"
17194,17194,"8562,12857,10326,8421,5495,3950,2218,2140,4798,544"
17195,17195,"5199,5532,5495,2903,2218,2343,10835,5999,544,11357"
17200,17200,"1290,7120,11298,2989,4576,9101,1244,11024,10389,544"
17212,17212,"6220,3428,3950,5545,13306,10326,6659,13110,5184,8413"
17218,17218,"2343,10326,9693,9532,6220,544,5495,5199,8279,3950"
17232,17232,"8562,217,3950,8413,6326,12857,50,717,6270,8483"
17242,17242,"4798,10326,4277,8562,544,12857,13346,717,217,275"
17255,17255,"3950,8562,6220,9942,8413,3428,4798,4413,13346,10326"
17262,17262,"1290,11298,1244,7120,12869,9101,10607,4576,2989,7679"
17275,17275,"6220,8562,12665,3950,5545,13110,2218,4798,9942,4413"
17276,17276,"4277,6220,3950,5303,8562,13346,2140,9234,8421,4798"
17278,17278,"1863,544,1290,10429,4250,7706,9083,9101,10326,4798"
17283,17283,"10326,4798,8562,1290,9942,6971,544,5303,6220,1220"
17284,17284,"11000,1978,10326,13346,3282,8421,5495,5999,12034,8483"
17295,17295,"544,10326,6220,4277,9942,217,3950,6433,3428,8421"
17298,17298,"1290,544,2989,11298,9101,7120,4576,1244,11024,12869"
17319,17319,"9942,6220,3428,8562,3950,10326,5545,544,13296,13306"
17320,17320,"544,11298,9101,7679,1290,2989,4576,3148,1244,11024"
17325,17325,"9693,12665,13346,8483,544,6220,6795,10326,89,4798"
17330,17330,"1290,5875,7024,7120,8235,544,10326,1244,13191,4798"
17334,17334,"1290,2989,12869,1244,3704,9101,11024,9962,789,7120"
17346,17346,"6220,9693,2343,12665,9942,13346,8562,2218,4798,8483"
17352,17352,"6971,10326,2218,3950,1290,5303,5532,4798,9942,1220"
17353,17353,"1290,7120,9962,4929,6220,789,5135,1244,13309,544"
17396,17396,"10326,4798,8562,5303,2218,8205,2140,3950,12857,6433"
17408,17408,"4277,544,10326,4798,3950,5303,6220,12857,8421,13346"
17414,17414,"8562,6220,3950,5303,5545,10326,6302,9942,12665,13346"
17422,17422,"4163,2957,7089,7889,217,10981,12022,544,12262,7679"
17424,17424,"10326,4277,4798,3950,6971,8562,2140,6383,8421,6270"
17427,17427,"1290,789,7120,9962,5135,4929,13309,2339,13027,544"
17432,17432,"8562,217,4798,3950,13346,10326,6326,8421,6220,13249"
17434,17434,"10326,6971,5303,4798,6220,2140,12857,2343,8590,1912"
17439,17439,"9942,6220,8562,3950,12665,3428,4798,5545,13296,10326"
17442,17442,"6220,8562,544,9942,2343,6971,10326,5303,4798,5495"
17449,17449,"4798,8562,13346,10326,3950,9942,12665,6326,6220,5545"
17472,17472,"9693,5532,5461,5199,12665,544,3950,2905,5495,2343"
17509,17509,"1290,11298,544,1244,9101,7120,2989,4576,11024,10389"
17522,17522,"9942,3055,4413,931,89,8235,4602,1742,434,4798"
17527,17527,"5303,2140,10326,1912,12857,4798,7063,2291,12369,544"
17535,17535,"1290,7120,7679,4576,1244,11298,9295,11918,7342,10389"
17540,17540,"8562,4798,3950,10326,2140,4277,6220,5303,7063,8421"
17541,17541,"1290,11298,2989,1244,9101,9730,4929,11024,4576,10663"
17551,17551,"10326,4798,5303,8562,6220,11000,4277,8421,6971,2140"
17564,17564,"10326,8421,4798,12857,8562,6311,6899,2815,544,717"
17565,17565,"350,10326,4798,544,12191,1290,9101,9942,6306,8562"
17581,17581,"10326,12857,4277,8562,8483,13346,2218,10916,3950,4798"
17596,17596,"6220,6971,4277,275,89,3950,13296,10326,13346,8562"
17601,17601,"3950,8562,4413,9942,8413,13346,7723,4798,9799,3106"
17611,17611,"13346,9942,8562,275,6220,10326,8413,10916,13296,12665"
17612,17612,"10326,217,6659,8562,9942,3950,3428,13296,1355,350"
17620,17620,"8413,5495,6220,3950,8188,12665,2343,5199,3055,5545"
17627,17627,"9693,2343,6795,5532,5495,6834,1220,64,10835,2537"
17634,17634,"8562,1863,6220,9083,8981,13269,544,5149,7706,10326"
17649,17649,"10326,8562,544,6220,4277,4798,3950,13346,350,5303"
17654,17654,"8562,3950,13346,12665,2343,2218,7707,4798,6220,544"
17659,17659,"10326,4798,8562,7707,544,9668,7637,8703,4698,9937"
17666,17666,"1290,7120,544,6220,3950,4929,6971,4576,12665,11298"
17674,17674,"11000,851,4798,7916,8132,5495,10326,11843,5006,9711"
17684,17684,"544,10326,4798,350,12665,1328,8421,6383,652,3950"
17708,17708,"10326,8562,5303,2218,6433,3507,4798,12857,13346,2140"
17709,17709,"6220,3950,10326,13346,8562,8483,3428,5495,4798,12857"
17741,17741,"6971,4798,10326,5303,2218,12665,3055,8562,13346,1290"
17752,17752,"6307,9375,544,1213,6060,10326,4798,8911,1290,10732"
17765,17765,"2343,6220,89,12665,3950,2218,5532,6795,4798,1220"
17770,17770,"8703,7637,1290,544,6938,5342,10326,4798,9101,9942"
17814,17814,"6220,2218,544,5676,1220,3950,5495,8562,10326,4798"
17818,17818,"1244,350,544,1290,7120,9942,5866,8189,10987,146"
17822,17822,"1290,7120,8302,2286,11117,12030,2784,2339,544,10326"
17826,17826,"4798,8562,10326,4277,544,12857,275,2140,8421,10594"
17827,17827,"1290,11298,1244,7120,2989,4576,9101,10389,4664,7679"
17840,17840,"10326,8188,6220,2218,5495,7707,13296,8562,4798,1856"
17843,17843,"2218,8413,5495,544,9942,6220,13310,12470,5676,8562"
17864,17864,"4798,3950,9984,12785,6639,6433,5461,6461,10326,11969"
17871,17871,"8188,10429,5149,1863,544,10326,1487,4798,8981,8562"
17881,17881,"12665,544,3950,2218,4277,10326,2343,4798,1290,8421"
17928,17928,"10326,8562,4798,6220,544,12665,8421,3950,4277,5303"
17931,17931,"9375,544,10326,4798,7220,5494,1290,7721,9101,8562"
17933,17933,"8413,3950,2343,6220,2218,5303,8562,2903,544,9942"
17953,17953,"544,5495,10326,1290,5303,2218,6220,4798,12665,3950"
17970,17970,"9942,3950,13346,6220,5545,931,13306,4413,12665,89"
17977,17977,"4798,10326,8562,5303,3950,6220,12665,544,13249,1328"
17982,17982,"1290,9962,7120,9101,1244,11298,12869,544,7817,10644"
17995,17995,"1290,6971,7120,13296,8302,12030,544,4798,10326,4929"
18002,18002,"10326,5303,12857,6971,4798,8590,4277,8421,10594,717"
18006,18006,"6659,10429,9107,544,2869,10326,4798,10378,1290,1863"
18023,18023,"10326,5303,6971,6220,4277,275,13346,2140,544,2218"
18024,18024,"4798,7439,10326,5747,4877,9771,544,2291,1290,9101"
18047,18047,"6220,2343,9942,5545,6795,13296,3950,4602,9693,3428"
18050,18050,"9942,2218,4798,6971,6220,275,5303,544,3950,11969"
18078,18078,"10326,4798,6971,13346,8562,4277,5303,8421,10916,6220"
18086,18086,"1290,7120,6971,4798,4929,9962,544,789,9101,1244"
18093,18093,"1290,7120,11298,4929,1244,4163,12869,3464,2957,9101"
18115,18115,"10326,4277,3950,4798,12857,8421,2140,10594,717,10568"
18122,18122,"1290,2218,7120,8981,5149,12723,544,11615,1856,10429"
18124,18124,"10326,4798,6971,5303,2343,1220,544,2140,1747,1290"
18127,18127,"1290,7120,1244,11298,4929,9295,9101,10663,12869,9962"
18133,18133,"8562,3950,10326,6220,13346,4277,3428,12857,4798,1328"
18148,18148,"2218,3950,5199,8562,6971,9942,544,2905,2140,8505"
18155,18155,"9693,13346,2343,275,12378,544,2867,9942,64,6503"
18158,18158,"11298,11024,4576,2989,8978,11918,12995,12655,7679,10389"
18166,18166,"10326,10568,3950,4798,4277,2140,544,9178,5303,6220"
18167,18167,"10326,4277,2218,5461,544,6433,9072,3950,9404,9942"
18169,18169,"2140,13346,9306,6724,3950,10954,10326,544,8984,4798"
18175,18175,"9693,6971,12665,9532,6220,5532,10326,7024,4798,5303"
18178,18178,"3950,8562,13346,10326,6220,4798,8413,12665,11540,5495"
18214,18214,"1290,7120,11298,1244,9730,4929,9101,12869,2989,10663"
18217,18217,"8562,12665,3950,10326,13346,5303,5495,4798,275,544"
18226,18226,"1290,7120,11298,9101,4576,12869,11024,10137,1779,2989"
18229,18229,"6971,5303,2140,4798,1290,8413,4915,2218,544,10326"
18236,18236,"2905,8793,4049,9546,7063,12404,6341,8999,544,10326"
18240,18240,"6220,3950,9942,5545,6659,3428,12665,2218,89,13110"
18262,18262,"6220,9942,3950,544,8562,3428,10326,5303,12665,5545"
18266,18266,"1290,11298,2989,1244,544,4576,9101,11024,10389,8978"
18272,18272,"4798,8562,13346,3950,6220,5303,12665,10326,6971,2218"
18292,18292,"8562,6220,3950,4798,10326,5303,13346,4277,9942,8413"
18299,18299,"544,6220,10326,9942,4277,3428,8562,275,2218,3950"
18321,18321,"7707,6525,4860,6952,544,8265,12424,10326,4560,4798"
18338,18338,"6220,3950,8562,10326,13346,5303,2343,544,9942,4798"
18339,18339,"10326,4798,4277,5303,10916,350,8483,12857,2140,10594"
18341,18341,"8562,4798,13346,2140,10326,5303,3950,544,6971,9942"
18355,18355,"1290,7120,9295,11298,4929,1244,9730,9101,10663,2989"
18364,18364,"1290,544,7120,6971,1244,11298,4576,9101,2903,5199"
18368,18368,"4798,10326,8562,12665,12857,6971,13346,6326,3950,6220"
18393,18393,"4798,10326,2343,6971,5303,9693,13346,2140,8562,4277"
18409,18409,"4277,3950,217,8562,717,5676,4798,544,275,12665"
18434,18434,"10326,4798,12857,5303,6433,544,3950,10594,10916,217"
18440,18440,"9942,13346,6220,4798,3950,8562,5545,1978,8413,13110"
18446,18446,"10326,6220,2343,9693,4277,12665,4798,3950,11969,5303"
18467,18467,"9942,8562,4798,2140,1220,13346,275,2343,10326,3507"
18475,18475,"1290,6220,2218,9295,9942,8188,7120,13296,5545,544"
18487,18487,"10326,6220,4798,8562,4277,13346,3950,1290,6971,7707"
18489,18489,"544,10326,4798,4277,9693,1290,2343,350,5303,4895"
18499,18499,"12857,8205,4277,10326,4798,4949,3296,544,6335,8562"
18505,18505,"4798,10326,8562,3950,6220,13346,4277,12857,5676,275"
18525,18525,"10326,4798,4277,8562,8421,12857,1290,6971,5303,10594"
18530,18530,"10326,4798,8421,6971,10594,13346,12857,851,4277,544"
18539,18539,"1290,7120,544,1863,10326,589,4798,7637,9101,9668"
18546,18546,"2343,9693,10326,544,12665,6220,64,6795,89,5532"
18579,18579,"10326,9942,13346,8562,4277,3950,6220,4798,13249,544"
18585,18585,"2343,9693,5532,5199,64,6795,10835,3950,2903,12665"
18595,18595,"544,8562,10326,4277,6220,5303,50,3950,6433,3428"
18648,18648,"3950,6433,11000,4798,13346,717,4277,1220,217,10326"
18679,18679,"8562,3950,6220,8413,13346,12665,2218,5545,9942,13306"
18683,18683,"6220,8562,2343,544,8188,5495,10326,13296,3950,7707"
18687,18687,"1290,7120,11298,1244,9101,9730,4929,7679,4576,9295"
18718,18718,"8562,12665,6220,544,4798,6971,10326,3950,5303,9942"
18741,18741,"3950,4798,8562,5495,13346,8413,11622,6982,544,10326"
18760,18760,"1290,11298,7120,11024,6971,4664,9295,2989,12903,1779"
18771,18771,"6220,3950,8562,4277,13346,12665,4798,13110,3428,10326"
18787,18787,"10326,4798,4277,275,6971,2140,8421,5303,10916,13346"
18788,18788,"13346,2218,4798,12857,8413,8562,3950,10326,8483,4323"
18789,18789,"2343,13346,8562,10326,12857,544,3127,6220,769,7484"
18798,18798,"6220,3950,9942,8562,13346,1323,3428,12665,13296,5545"
18800,18800,"10326,9942,544,847,12665,4177,11287,8562,9641,4798"
18805,18805,"3950,8562,8413,9942,4413,13296,11772,8188,8681,11622"
18806,18806,"7120,11298,1244,9101,9962,12869,789,4929,4664,9730"
18812,18812,"6971,6220,12665,5303,2218,8413,4798,9942,2343,8562"
18818,18818,"6659,1328,10326,6528,2875,544,4798,4256,5822,4399"
18830,18830,"5303,6971,4798,3950,13346,8562,10326,2140,10916,4413"
18835,18835,"1290,7120,1244,9101,2989,6971,6220,12665,4576,4798"
18839,18839,"5495,1355,12470,5549,6971,566,10410,544,10326,3885"
18851,18851,"6220,8413,560,4798,7444,1747,9942,8562,544,6971"
18854,18854,"4798,6971,10326,8562,5303,13346,8205,12857,10916,6220"
18864,18864,"10326,3950,4798,4277,13346,8562,217,544,717,6220"
18865,18865,"7707,7063,544,8562,10429,10326,4798,8703,5495,1863"
18874,18874,"1290,544,11298,7120,12869,9101,1244,4576,2989,11024"
18875,18875,"4798,10326,12857,3950,2218,8562,13346,2905,2903,544"
18879,18879,"7669,9101,7679,11554,4576,3464,8978,12869,11298,544"
18882,18882,"544,6220,1290,11298,9101,2989,9730,12869,4576,4664"
18895,18895,"3950,6220,2218,13346,13306,12665,3055,9942,8235,4413"
18903,18903,"10326,4798,4277,5303,13346,6220,275,6971,12665,2343"
18913,18913,"10326,4798,2343,13346,8562,9693,4277,544,10916,64"
18934,18934,"1290,7120,1244,11298,544,4929,6971,9962,789,12869"
18935,18935,"1290,6971,7120,8590,5532,2903,10835,5199,9693,10326"
18981,18981,"6220,12665,9942,6971,8562,2218,7792,544,10916,3950"
18985,18985,"13346,6971,4798,10326,1290,8562,9693,6220,2343,544"
18987,18987,"2916,9295,6243,12497,12030,11298,544,1244,13101,8567"
18990,18990,"10326,4277,6220,13346,8562,5303,10077,544,4798,6971"
18996,18996,"4798,3950,2218,10326,8562,6326,6971,13097,5303,6220"
19010,19010,"10326,4798,4277,544,10916,5303,8421,13346,8562,6433"
19016,19016,"1290,7120,9101,12869,2989,9730,11298,9438,4576,4929"
19018,19018,"13346,8483,1328,4798,473,1010,11193,544,8562,10326"
19029,19029,"4798,10326,5303,2140,8421,275,2218,8562,13346,13249"
19060,19060,"6220,5545,7679,9101,4654,9066,12665,8823,2989,1355"
19069,19069,"1290,7120,1244,544,11298,4929,5303,6971,2989,12869"
19084,19084,"4798,10326,8562,4277,5303,13346,12857,2140,6433,6971"
19086,19086,"1290,7120,2989,1244,9101,6220,11969,12869,4664,12665"
19105,19105,"1290,7120,9295,4929,10663,3697,3464,2916,9101,6971"
19110,19110,"1290,1244,11298,7120,12869,2989,9962,9101,789,5135"
19135,19135,"10326,1081,4832,544,8540,350,8054,4798,10352,5776"
19144,19144,"8562,8413,5303,6220,10326,4277,544,3950,6971,12606"
19154,19154,"13249,220,5461,6982,9800,3585,4798,2910,11622,5495"
19168,19168,"8562,10326,4277,3950,4798,6220,12857,6326,12665,5303"
19173,19173,"1290,7120,2218,4929,5495,10663,8922,5573,4387,544"
19187,19187,"1290,7120,6220,4798,1863,9101,10326,1487,7637,544"
19216,19216,"3950,227,6659,8562,11484,13159,544,10326,12539,10732"
19227,19227,"5676,9942,2343,3428,9693,6220,10835,6795,5495,1220"
19231,19231,"4798,10326,3950,5303,13346,8483,9942,6220,10916,8421"
19234,19234,"11298,1290,2989,1244,11024,4576,7679,9101,7120,1779"
19255,19255,"10326,4798,6220,6971,3950,5303,2218,9942,2140,8562"
19258,19258,"5495,3950,8413,6220,12470,2580,9942,2140,4798,8205"
19266,19266,"1290,7120,6971,5303,4929,8590,10326,4798,9295,544"
19296,19296,"13346,4798,8562,6971,6795,2537,5532,64,6834,2140"
19297,19297,"6659,544,10326,4798,8562,1290,9101,9942,5303,6383"
19308,19308,"3950,3055,4602,13346,8235,844,8562,5414,544,8279"
19323,19323,"10326,1328,4798,544,6391,8562,1290,350,9101,9942"
19346,19346,"10326,4798,6220,6971,5303,4277,544,2218,2343,12665"
19347,19347,"7120,4929,6220,4798,6971,3950,12665,4576,2916,9942"
19360,19360,"1290,7120,9295,8554,12133,544,8302,4929,9101,9942"
19364,19364,"7669,3464,2989,11298,11554,4576,4940,4163,7679,2709"
19378,19378,"4798,3950,13346,12857,8562,10326,6326,5642,2789,10916"
19379,19379,"4798,8562,5303,6971,13408,10326,2218,1220,9942,5495"
19380,19380,"10326,4277,5303,11969,12857,8562,544,4798,6220,5642"
19381,19381,"10326,4798,4277,8562,12857,8421,5303,10916,2140,10594"
19384,19384,"8562,10326,6220,10568,3950,8421,4277,4798,12665,544"
19385,19385,"4798,6220,13346,8562,3950,10326,2218,6326,12665,7707"
19388,19388,"1290,7120,11298,2989,12869,4929,1244,9101,9295,10663"
19406,19406,"10326,4798,5303,4277,544,6971,13346,275,12857,8562"
19408,19408,"5199,5532,2343,5495,2903,10835,6971,10326,4053,5999"
19415,19415,"1290,11298,544,7120,1244,4576,8978,3148,11024,2989"
19417,19417,"13346,64,12665,3950,6220,6971,4798,10326,2218,9942"
19434,19434,"2343,9693,2989,64,2537,544,11298,9730,7679,4028"
19441,19441,"10326,4798,4277,12857,5303,3950,8562,13346,8421,10916"
19461,19461,"1290,7120,1244,544,4929,4576,10663,11298,4664,2916"
19474,19474,"3950,6220,9942,13346,2218,8562,12665,89,5199,5545"
19477,19477,"1290,7120,350,6957,11682,9938,5409,2907,12053,544"
19484,19484,"2989,11298,1244,9101,8978,11024,12869,7679,544,10389"
19502,19502,"5495,7707,12099,12665,544,566,6971,8562,5676,3428"
19503,19503,"6220,6971,544,4277,5303,10326,3428,714,4798,5545"
19512,19512,"13346,3428,50,3950,8562,10326,13110,4798,4277,8483"
19515,19515,"9942,975,6220,8235,3016,5875,7024,9693,9247,7374"
19518,19518,"1290,7120,2989,9730,4929,6220,2218,9101,10663,12869"
19530,19530,"10326,6220,8562,6971,4798,2218,5303,13346,2140,13296"
19559,19559,"1290,7120,9101,11298,12665,12869,6971,9730,1244,4576"
19576,19576,"13346,6971,4798,8922,5875,8235,7024,10326,1746,544"
19586,19586,"2343,9693,3127,9942,64,13296,5532,6795,13235,6834"
19594,19594,"1290,12665,544,10326,4798,89,7120,8590,6220,3055"
19605,19605,"10429,2327,12606,9570,5976,544,1863,10326,4798,12665"
19618,19618,"3950,2218,6971,10326,9404,5199,5303,8562,4798,12665"
19620,19620,"4798,8562,6971,5303,10326,6220,2140,8413,3515,2199"
19623,19623,"4277,3428,350,13249,9340,8562,3950,13346,13306,10326"
19628,19628,"10326,3950,4277,4798,217,13346,8421,6971,8562,6220"
19631,19631,"7120,1244,4929,4576,12655,11024,11298,10663,4664,2989"
19642,19642,"2343,12665,5495,3950,9693,6220,10326,9942,5199,8562"
19644,19644,"2218,2140,7063,9306,4798,2291,10697,10326,544,8402"
19648,19648,"7679,1290,11298,1355,2969,7120,5495,544,337,3742"
19665,19665,"8562,10594,12665,2777,6220,4798,10326,1319,6433,544"
19683,19683,"1290,11298,1244,544,9101,7679,2989,4576,11024,3464"
19684,19684,"4277,8562,10594,4323,8421,9455,3568,1889,217,11788"
19693,19693,"10326,4277,4798,9340,11000,13249,217,7138,544,8421"
19696,19696,"4798,10326,3950,6971,5303,8413,12857,13346,6433,2140"
19707,19707,"4798,10326,5303,6971,12857,4277,3950,8421,717,8562"
19715,19715,"2343,9693,6220,64,5532,13346,9942,4798,5495,5199"
19716,19716,"1290,7120,4929,1244,11298,9101,13309,3697,2916,544"
19729,19729,"1290,7120,6220,4798,8562,6971,10326,5303,8590,2140"
19734,19734,"10326,13346,8562,5303,2218,4798,12857,3950,5495,10594"
19758,19758,"13346,3950,3799,5460,9786,8562,12632,544,10326,8235"
19764,19764,"8562,4798,10326,5303,6971,6220,2343,2218,13346,3950"
19773,19773,"1290,11298,544,1244,9101,2989,4929,9730,4576,9962"
19778,19778,"5495,3950,6220,2218,12470,9942,4798,8562,13296,10326"
19780,19780,"8562,6220,2218,3428,9942,5184,13306,13296,12665,5545"
19784,19784,"10326,6220,4277,8562,544,6433,4798,350,50,7707"
19786,19786,"8562,4798,4277,6220,3950,13346,13249,10916,544,8421"
19793,19793,"10326,6220,2218,4277,3950,5303,4798,8562,5495,6971"
19798,19798,"10326,13346,5495,6220,4277,4798,3950,544,3428,2343"
19808,19808,"4798,8562,3950,10326,13346,6220,6971,8413,13249,6326"
19812,19812,"1290,7120,1244,2989,12869,4929,7679,10663,11024,3464"
19821,19821,"8562,10326,4798,3950,12857,13346,6433,7707,5303,6220"
19830,19830,"12869,9730,11298,1244,1290,9962,789,9101,7120,5135"
19843,19843,"1290,7120,12869,7669,2989,9101,9295,11554,11298,4929"
19867,19867,"6220,9693,2343,7707,2218,1863,9101,10429,558,9942"
19889,19889,"8562,3950,6220,13346,4798,9942,12665,10326,2218,4277"
19893,19893,"6220,8562,10326,7707,13296,4798,8188,11969,2218,5545"
19898,19898,"1290,7120,11298,9295,9101,4929,12869,4576,2989,1244"
19902,19902,"350,8562,2140,10326,544,4798,1290,1129,9101,9942"
19905,19905,"4798,8562,10326,5303,8590,4277,13346,10916,8421,11000"
19910,19910,"3950,4277,8562,10326,4798,8421,13346,217,10077,6220"
19929,19929,"10326,8562,6220,4798,4277,544,8483,12665,13346,5303"
19932,19932,"1290,11298,1244,7120,4576,7679,1779,2989,10389,9101"
19952,19952,"8562,10326,6220,4798,13346,3950,9942,6433,5495,8421"
19956,19956,"13110,8421,2814,4798,6220,10326,8483,1210,544,8562"
19987,19987,"4798,8562,10326,13346,8421,3950,4277,6326,10916,8161"
20008,20008,"4798,544,1290,4277,6971,6220,8562,12665,5303,11969"
20018,20018,"4798,3950,8562,8413,13346,6220,9942,10326,12665,2218"
20019,20019,"1290,7120,544,9942,5303,4277,5731,4929,10326,8413"
20020,20020,"1290,7120,4929,10663,2916,6243,12497,4083,544,10326"
20023,20023,"13346,4798,3950,10326,5495,8562,6326,13249,8413,9942"
20031,20031,"6220,8562,2218,544,7707,5545,13296,1863,4798,9942"
20039,20039,"6220,8562,12665,13346,3950,8413,9942,5545,3428,2343"
20040,20040,"9942,6220,4798,5303,5495,3950,2140,3571,12665,8562"
20041,20041,"12470,8188,8562,544,8413,7707,6220,5676,2218,769"
20045,20045,"3950,13346,4798,8562,10326,12665,8421,10916,6326,12857"
20056,20056,"1290,6220,6971,4798,12665,7120,89,11298,9101,13346"
20069,20069,"10326,4798,2218,13346,6220,4277,5303,3950,2343,544"
20074,20074,"6220,6659,9942,8562,3428,13110,5184,5545,7359,3870"
20083,20083,"8562,3950,10326,13346,9942,4798,6220,5545,13249,3428"
20085,20085,"1290,11298,11024,7120,11918,4664,7679,2989,12869,9730"
20086,20086,"6220,5303,8413,6971,4798,3950,8562,9942,5495,7715"
20089,20089,"8562,6220,3950,13346,2218,4798,4277,5642,8681,3870"
20101,20101,"6220,5303,4798,13346,89,9942,3950,12665,3055,8590"
20104,20104,"5760,8911,2034,449,544,6402,10326,1377,4798,4935"
20112,20112,"8562,6220,3950,12665,544,4798,9942,10326,5303,13346"
20115,20115,"3950,8562,6220,4798,13346,10326,3055,2903,6326,9942"
20133,20133,"1290,7120,12869,789,11298,1244,5135,9101,9730,7258"
20136,20136,"2343,4277,10326,217,9693,4798,1220,544,8562,2140"
20138,20138,"11298,1244,9962,1290,11024,789,7120,5135,9295,4664"
20162,20162,"4798,10326,3950,6971,8421,8562,5303,13346,12857,717"
20176,20176,"4798,6971,10326,544,2218,275,6220,2140,8562,8590"
20200,20200,"10326,4798,13346,2140,275,6971,4277,5303,8562,9942"
20222,20222,"9306,4798,13214,544,10326,5946,383,1290,165,8562"
20251,20251,"1290,10326,4798,6971,7120,5303,544,8590,2140,2218"
20256,20256,"12470,5303,10326,12668,12099,5199,10594,2218,544,3126"
20264,20264,"10326,4277,8562,5303,6433,4798,6220,810,10594,350"
20280,20280,"10326,4277,4798,13249,217,8562,10916,8421,6433,10594"
20286,20286,"6220,1290,2989,7707,1244,1863,10429,544,8188,9101"
20323,20323,"1290,7120,11298,4929,9962,10663,789,9295,5135,9101"
20324,20324,"1290,7120,4576,4929,544,6220,10663,8590,6971,1244"
20336,20336,"1290,11298,9693,9101,544,1244,9730,6220,4576,12665"
20339,20339,"8562,3950,9942,6220,4798,13346,8413,6326,5545,3870"
20344,20344,"1290,5495,6971,7120,5303,544,2989,10326,1244,4798"
20356,20356,"10326,6220,8562,3950,9942,12665,4798,13346,2218,3428"
20360,20360,"1290,7120,6971,2343,4929,12474,544,9693,10326,4019"
20362,20362,"2343,9693,5532,5199,2537,10835,6834,3127,10326,9532"
20376,20376,"13346,3950,10326,10077,4277,13249,2140,8562,11384,10568"
20381,20381,"2218,10326,4798,6971,12665,5676,5303,6220,8562,1220"
20394,20394,"7120,11298,1244,2989,544,4576,4929,9101,6971,11024"
20397,20397,"8562,1355,6220,1779,7707,544,12665,1863,5495,6810"
20407,20407,"3428,6659,3950,6220,8413,13346,5495,8483,10326,9942"
20413,20413,"1290,11298,7120,2989,1244,9730,12869,11024,9101,9295"
20433,20433,"1290,7120,1244,9962,11298,4929,789,5135,9101,9295"
20448,20448,"544,5303,810,7792,2140,8623,9553,7879,9101,11454"
20492,20492,"4798,10326,8562,89,3055,5545,855,6220,6326,9942"
20505,20505,"1290,7120,11298,1244,2989,9101,12869,4929,4576,544"
20512,20512,"10326,4798,13346,12857,3950,8562,6326,10916,5642,5303"
20514,20514,"10537,13013,12453,1706,4181,3524,8285,544,10326,2548"
20533,20533,"4277,217,350,10326,5109,8483,4798,6433,5303,8421"
20543,20543,"1290,7120,5303,8421,12404,2989,2140,10326,4277,1286"
20546,20546,"4798,10326,8161,12857,10594,717,4277,9580,8421,13249"
20557,20557,"4798,8562,10326,3950,9942,2218,5303,13346,4277,3428"
20558,20558,"4798,10326,12857,9602,10594,3950,2289,1290,3673,76"
20561,20561,"12665,6220,13346,4798,3950,3428,9942,2218,5545,10326"
20566,20566,"1290,11298,4576,1244,9101,7120,10389,544,6220,12869"
20573,20573,"11298,1244,2989,544,1290,10326,9101,10607,4798,4036"
20623,20623,"1290,7120,4929,6971,10663,4798,8922,544,8703,10326"
20627,20627,"544,10326,1290,6220,4277,9730,4798,7120,12665,5303"
20643,20643,"4798,10326,6971,5303,2140,8161,275,13346,8421,544"
20645,20645,"1290,11298,1244,9101,7120,12869,4576,544,789,11024"
20652,20652,"717,4277,10326,13346,8421,3950,8562,5495,5303,12470"
20654,20654,"10326,4798,4277,8562,3950,13346,717,217,6433,8421"
20667,20667,"6971,89,1290,5199,2989,2903,8235,544,10326,7578"
20670,20670,"3950,10159,11467,3444,3802,544,5124,13408,10326,8018"
20671,20671,"10326,8562,2218,3950,4798,5303,6971,544,13346,8413"
20676,20676,"9942,5303,3950,8562,13346,2140,6220,10326,6638,5199"
20694,20694,"544,1290,4277,7120,5303,10326,6220,12665,2989,350"
20709,20709,"10326,5495,4798,12470,5303,8562,2218,6220,544,3950"
20716,20716,"5303,4798,6971,8562,2218,2140,10326,13346,544,167"
20739,20739,"5303,13296,217,64,3565,13346,12315,1715,5541,13235"
20763,20763,"544,2343,9693,10326,6971,5303,5199,6220,2903,2140"
20779,20779,"1290,11298,1244,7120,4576,2989,544,11024,9101,10607"
20781,20781,"3950,2218,6971,9942,6220,4798,12665,8562,7707,8413"
20790,20790,"1290,7120,9295,6971,789,9962,6126,6991,5944,12512"
20792,20792,"4798,10326,12857,8421,5303,4277,6971,10916,717,217"
20797,20797,"4798,10326,8562,5303,13346,9942,4277,5495,544,3950"
20811,20811,"6220,3950,9942,4798,5303,6971,3428,13346,8562,1598"
20821,20821,"1290,7120,1244,11298,9101,4929,11024,12869,9730,4576"
20830,20830,"10326,4277,4798,10594,8562,8421,9580,6383,1180,2815"
20861,20861,"9693,2343,6220,6971,6795,8590,544,5545,2903,13346"
20878,20878,"1290,9942,6220,11298,2989,7120,6971,9101,1244,12665"
20891,20891,"8562,5875,7024,544,12665,10326,4798,9942,12662,1290"
20895,20895,"6220,8562,3950,5495,2218,13346,8413,4798,5545,9942"
20901,20901,"10326,4798,6220,6971,13346,2343,8562,4277,5303,544"
20908,20908,"10326,4798,8562,4277,2343,275,544,3950,6220,5303"
20928,20928,"1290,7120,4929,10663,12030,6971,544,9962,10326,4798"
20945,20945,"6220,6659,5303,9942,12665,8562,3428,5545,9072,13296"
20971,20971,"4798,10326,4277,8562,13346,6433,12857,13249,8421,6326"
20979,20979,"4798,10326,6971,5303,8562,4277,3950,2218,2140,9942"
20982,20982,"5303,10326,8421,4798,4277,6433,1017,10594,9105,12857"
20991,20991,"10326,8562,13346,6220,5303,2140,12665,6326,9942,3950"
20998,20998,"9942,3950,6220,5495,13346,3428,64,8562,1225,12665"
21006,21006,"3950,9404,6220,5199,5532,2343,4798,10326,5495,9693"
21018,21018,"6971,5303,2140,10326,8161,8562,6515,4798,8043,7578"
21028,21028,"9942,6220,8188,8562,6659,544,5532,513,5495,4413"
21041,21041,"8562,3950,10326,6433,13346,9942,4798,5495,10916,2905"
21042,21042,"2343,5199,5532,544,9693,2903,6795,3127,5495,9532"
21064,21064,"1290,7120,11298,4929,9962,9101,544,10663,10607,4576"
21075,21075,"6971,2343,5199,12665,544,5303,3950,5532,89,9693"
21078,21078,"10326,3950,8562,13346,9942,2218,3870,5545,4413,3428"
21081,21081,"5495,12470,5303,2218,6220,6971,1746,2343,5199,3950"
21084,21084,"8562,3950,6971,6220,10326,12857,13346,4277,4798,2140"
21089,21089,"4277,10326,4798,10594,350,8421,217,5303,8562,10916"
21112,21112,"1290,7120,1244,2989,9101,4929,4576,544,11024,10663"
21126,21126,"13346,8562,3950,8413,4798,544,10326,8636,9942,1290"
21129,21129,"1290,7120,6971,4929,12869,10663,9295,9101,9438,9730"
21130,21130,"2343,10326,9693,13346,6220,3950,9942,64,12665,544"
21137,21137,"3950,8562,6220,6971,5303,5642,544,13346,10326,4798"
21149,21149,"5495,8562,4798,2343,13346,3950,10326,5545,12470,9942"
21152,21152,"10326,8562,2218,4798,5303,6220,12665,13346,3950,275"
21177,21177,"8562,3950,4798,10916,13346,350,4277,10326,544,331"
21191,21191,"7120,4929,10663,6971,12497,2916,8922,6243,12030,544"
21200,21200,"10326,3950,8562,6220,1328,9942,2218,5676,5545,12665"
21204,21204,"10326,4798,4277,3950,5303,8562,717,217,10916,13346"
21221,21221,"5495,6220,2218,6971,1290,12470,8562,5303,3950,8590"
21228,21228,"1290,544,7120,11298,6971,2218,2989,10326,12665,4929"
21249,21249,"5495,10326,2140,544,2218,5303,275,13315,350,1978"
21256,21256,"3950,4798,6220,6971,11396,8562,2789,2199,9942,3515"
21261,21261,"13346,8562,3950,4798,8483,8413,6326,10326,4413,10916"
21279,21279,"10326,544,6220,2343,12665,4798,9942,9693,7707,2140"
21282,21282,"1290,7120,11298,1244,9101,2343,544,9730,9295,12869"
21305,21305,"10326,4277,717,4798,6433,10594,10916,8421,8562,350"
21307,21307,"217,10594,13110,5734,12152,5040,10748,1323,544,4077"
21315,21315,"5642,1574,810,10100,11094,4365,10063,8505,10152,3950"
21342,21342,"544,7120,2989,9101,11298,6971,1244,4576,12869,4929"
21347,21347,"10326,4798,6220,13346,3950,4277,5303,8562,12665,544"
21357,21357,"6220,544,9101,7707,10429,8562,1290,1244,1863,2327"
21358,21358,"10326,5532,6971,2903,5199,9532,5495,2218,10835,2343"
21368,21368,"1290,9962,789,11298,5135,7120,544,2784,11117,1244"
21372,21372,"1290,7120,11298,9730,9101,2989,4576,1244,544,10389"
21373,21373,"9942,3950,4277,3428,2218,13306,12665,6220,2140,5495"
21383,21383,"7120,9101,1244,544,11298,4929,2989,10663,9693,89"
21393,21393,"6220,9942,8562,3950,13346,5303,2218,5545,8413,3428"
21415,21415,"1290,7120,6971,9295,4929,11298,8590,3697,1244,10663"
21421,21421,"1290,8562,9942,6220,4929,10663,9101,4576,4798,12665"
21433,21433,"4798,6971,275,10326,5303,2140,4277,3950,544,12665"
21449,21449,"544,10326,4277,3950,2343,4798,6220,13346,5303,217"
21483,21483,"10326,6220,9942,8562,13346,4277,3950,4798,5303,3428"
21488,21488,"8562,10326,4798,3950,13346,12857,8421,5303,6220,10916"
21518,21518,"1244,2989,3428,9101,544,8978,9942,7679,12869,4576"
21528,21528,"12470,8562,6220,2218,13346,5303,7707,3950,8188,3428"
21536,21536,"1290,7120,11298,1244,2989,4929,4576,9101,9730,544"
21585,21585,"4798,8562,6220,9942,5303,7707,13296,5495,5545,12665"
21598,21598,"1290,11298,2989,9101,9730,7120,9295,10389,3464,4664"
21602,21602,"8562,12665,3950,5303,13346,6220,3055,8922,9942,931"
21604,21604,"4798,5495,5303,12793,8562,3159,10326,2291,544,9771"
21626,21626,"12665,544,11298,9119,8598,11643,8215,8205,1583,1290"
21636,21636,"12665,3950,9942,2343,13315,13346,64,89,544,9532"
21649,21649,"7120,4929,10663,5573,12030,3697,6243,4387,12497,544"
21650,21650,"1025,12859,2650,76,10182,4512,544,10326,6409,4798"
21655,21655,"1290,7120,11298,9101,1244,12869,4576,11024,4664,2989"
21662,21662,"11298,12869,1244,1290,9101,4576,11024,544,9295,10389"
21681,21681,"1290,7120,11298,1244,12869,9101,4929,2989,9730,544"
21686,21686,"2140,350,2411,544,10326,7063,9340,4798,7484,1328"
21699,21699,"3950,6220,13346,8562,5303,4798,12665,2218,6971,9942"
21702,21702,"1290,11298,7120,1244,9101,9730,544,4576,10607,2989"
21709,21709,"4798,10326,13346,8562,3950,12857,6971,5303,8421,12665"
21718,21718,"4798,10326,3950,8562,5303,4277,12857,13346,8421,6433"
21719,21719,"10326,4798,4277,8421,5303,10594,12857,717,8161,544"
21724,21724,"8562,6220,3950,3428,10326,4798,13306,13346,9942,13249"
21741,21741,"1290,11298,9101,2989,1244,7679,4576,7120,544,11024"
21746,21746,"1290,11298,7120,9101,1244,12869,4576,11024,10137,544"
21751,21751,"3950,6302,8413,9942,11622,6982,544,12632,8562,11751"
21754,21754,"4277,10326,4798,13346,12857,6433,8562,8421,13249,717"
21768,21768,"3950,4798,12665,6971,6220,13346,10326,13296,2218,5303"
21775,21775,"6220,5199,544,9942,10429,5703,4444,5495,8238,10326"
21781,21781,"11298,9730,11024,1290,2989,12995,4664,9101,1244,12869"
21789,21789,"7120,11298,1244,9101,4929,4576,11024,6971,2989,544"
21795,21795,"3950,4798,2218,5495,8922,2140,8235,10326,10006,5303"
21812,21812,"8562,3950,8413,3055,13346,12665,1286,2218,8188,4413"
21814,21814,"10326,4798,13346,5303,6971,8562,12857,2140,6326,6433"
21820,21820,"3950,10326,13346,8562,4798,12665,12857,5303,6220,5642"
21827,21827,"10326,4798,9942,6220,4277,5303,2218,6971,717,8562"
21838,21838,"8562,6220,10326,8188,1355,4798,13346,7707,12606,10429"
21855,21855,"2343,9693,64,6795,5532,13346,5495,5199,544,9942"
21881,21881,"4798,13346,12857,275,64,3950,6971,10326,2140,9942"
21884,21884,"8562,6220,4798,10326,12665,13346,6971,9942,5303,5545"
21889,21889,"1290,7120,544,10326,6971,4929,1244,4798,6220,9101"
21896,21896,"10326,4798,8562,6220,4277,5303,544,12665,13346,7707"
21902,21902,"10326,4798,4277,10916,8421,3950,12857,13346,6971,10594"
21916,21916,"10326,4798,4277,6971,544,5303,8562,8421,10916,350"
21927,21927,"1290,11298,7120,9962,11024,789,5135,3697,6811,544"
21938,21938,"10326,12857,4277,4798,8421,717,13249,6433,1978,217"
21948,21948,"4277,6433,810,13346,9245,4798,10326,10138,8562,5610"
21952,21952,"1290,7120,4929,9295,10663,6971,3697,12030,544,4387"
21954,21954,"2343,6795,5532,5199,9693,2903,10835,5495,4798,544"
21955,21955,"3950,9942,6220,6659,5303,8562,10326,544,11484,11969"
21978,21978,"8188,6220,8981,7707,544,12606,4798,12665,5149,10326"
21983,21983,"1290,11298,2343,7120,9101,544,6220,9693,10326,9730"
22004,22004,"10326,1290,2343,5303,6971,7120,4798,5199,5495,9693"
22007,22007,"1290,7120,11298,3464,11024,12869,4929,9730,4576,2989"
22014,22014,"6220,3950,9942,3428,5545,8413,8562,12665,2218,5495"
22020,22020,"6220,10326,4798,12665,8562,13346,5303,544,4277,3950"
22052,22052,"4798,10326,8421,10594,8161,11000,5303,12857,9580,717"
22056,22056,"8562,5495,2218,1323,3950,12665,9942,6302,13346,10326"
22064,22064,"8562,10326,4798,7707,544,3950,8681,6220,2218,13346"
22072,22072,"10326,4798,8562,4277,13249,13346,2218,10916,8483,6220"
22074,22074,"8562,4798,10326,4277,8421,13346,12665,10916,13249,2905"
22102,22102,"3428,6220,3950,9942,13346,5545,1889,13306,544,4798"
22110,22110,"4798,10326,8562,13346,6220,3428,3950,9942,13249,1328"
22111,22111,"544,10326,5303,4277,4798,6220,8483,717,217,2218"
22119,22119,"6220,6971,12665,8562,1290,7792,5495,10326,544,8413"
22125,22125,"8413,3950,4798,8562,6982,11622,13346,544,10326,2910"
22150,22150,"10326,4798,6971,5303,544,5199,8922,5495,609,3950"
22151,22151,"1290,7120,4929,6971,9295,1244,4277,10326,544,11298"
22154,22154,"1290,7120,4929,1244,11298,8703,10663,2020,544,9101"
22213,22213,"9942,6220,2218,3950,6659,5545,12470,3428,3870,5495"
22256,22256,"544,2343,1290,11298,13346,6795,6220,9101,7120,1220"
22258,22258,"5303,4798,8562,4277,13346,5495,275,10326,6971,10916"
22265,22265,"8562,6220,3950,2218,13346,10326,12665,5495,4798,8413"
22279,22279,"6220,2343,13346,9942,89,3950,9693,6971,2218,5532"
22280,22280,"10326,8562,4798,9942,6220,544,6659,1290,5495,8590"
22283,22283,"2343,9693,544,1290,10326,8981,4798,8703,9101,7637"
22286,22286,"6220,3950,8681,3428,8562,5545,3870,8413,13346,2218"
22288,22288,"13346,2343,10326,8562,5199,5303,4277,544,12665,6220"
22321,22321,"1290,11298,7120,1244,2989,9730,11024,4576,12869,9101"
22336,22336,"4798,10326,8562,3950,6220,5303,12665,13346,12857,10916"
22344,22344,"3950,4798,6971,5303,10326,2905,2789,5999,13346,544"
22353,22353,"9453,7862,10326,6659,12665,6402,544,10352,12024,4798"
22356,22356,"4929,1244,9295,6971,3697,12497,2916,11298,9101,6243"
22387,22387,"10326,4798,5303,6971,13346,6433,544,2140,8562,10916"
22427,22427,"6971,4413,7330,9799,3562,8562,9942,1290,544,8235"
22428,22428,"1290,2343,9693,9101,7120,11298,9295,12869,9962,544"
22449,22449,"11298,11024,9101,4576,7679,12655,4664,1290,2989,1244"
22452,22452,"13296,6220,544,9942,10429,8188,9101,1863,5495,7707"
22460,22460,"1371,4163,7679,7669,2957,12869,10674,1558,9330,1290"
22467,22467,"1290,7120,10326,4798,4929,544,6971,1244,350,10663"
22480,22480,"1290,7120,544,1244,9101,9962,789,11298,4929,5135"
22481,22481,"10326,4798,6971,5303,275,8562,9942,2140,13346,6220"
22484,22484,"5303,3950,9942,4798,11572,10326,8562,10594,8483,10916"
22489,22489,"9693,2343,5532,2537,9942,6834,9532,64,10835,3127"
22502,22502,"9101,1244,4576,1290,11298,7679,9330,3464,10389,4664"
22510,22510,"1290,11298,2989,7120,12869,4576,9101,1244,544,11024"
22511,22511,"1290,7120,1863,6220,10429,544,1244,589,9942,7637"
22514,22514,"10326,4798,6971,5303,9693,8562,2343,8483,8421,1290"
22520,22520,"1290,7120,4929,6133,5573,10322,4387,544,12474,10326"
22546,22546,"6971,4798,10326,2140,5495,12857,544,2304,8205,8562"
22551,22551,"8562,3950,6220,8413,2218,9942,12665,5545,4413,3055"
22582,22582,"11298,1290,7120,11024,3464,1244,2989,4664,8978,4576"
22595,22595,"9942,6220,2218,3950,12665,2343,9693,13296,3870,5545"
22597,22597,"4798,10326,8562,13346,13249,1634,9580,544,9942,2395"
22605,22605,"3428,3950,4277,9768,217,12470,8562,13306,4271,9942"
22618,22618,"4798,544,1290,7120,9942,9101,12869,9693,2343,11969"
22641,22641,"544,10326,4277,717,10077,4798,8421,350,8562,1978"
22645,22645,"4277,10326,350,9178,8562,9340,652,217,4798,544"
22660,22660,"4798,10326,8562,3950,6220,13346,5303,13249,4277,8483"
22666,22666,"3950,4798,8562,6220,2140,2411,10326,9942,13346,3428"
22674,22674,"7120,1244,4929,9101,4576,2989,11298,9730,2916,12497"
22678,22678,"1290,7120,11298,544,1244,11024,2343,2989,4576,9101"
22697,22697,"1290,11298,7120,11024,9730,1244,11775,544,9101,9960"
22698,22698,"3950,5495,2218,6220,13346,6971,5303,13315,5199,3428"
22705,22705,"1290,544,6220,6971,10326,4798,7120,5303,8562,8590"
22710,22710,"5676,2343,9693,4277,544,3127,8562,5495,10326,4798"
22714,22714,"3950,2218,13306,8562,3055,3992,2905,6220,8235,13346"
22715,22715,"4798,3950,6220,5303,3055,5199,10326,810,13296,5545"
22720,22720,"10326,4277,5495,8562,544,6220,4798,8421,5303,717"
22734,22734,"10326,4798,2218,5303,544,6971,8562,6220,2140,1290"
22735,22735,"4798,6971,5303,10326,2218,2140,8421,8161,3950,8562"
22736,22736,"4798,10326,8562,5303,6971,2218,13346,6220,2140,3950"
22747,22747,"544,8562,10326,2343,9693,6220,7707,4277,2989,10429"
22748,22748,"4798,6971,10326,2140,1290,9668,7637,544,9937,8562"
22759,22759,"2343,13346,9693,12665,6220,3950,13306,10326,544,4798"
22761,22761,"4798,10326,2218,5199,3950,2905,2140,5303,544,6971"
22774,22774,"10326,4798,6971,5303,6220,9942,8562,2218,5495,8590"
22783,22783,"8562,6220,6659,7707,8590,3950,3055,10326,2218,9942"
22830,22830,"544,5495,9693,12470,5676,6220,5303,10326,6795,2537"
22831,22831,"7120,4929,11298,1244,10663,3697,2916,9101,9962,10607"
22846,22846,"544,10326,8562,6220,6971,4798,2343,275,5303,3950"
22850,22850,"1290,7120,9962,1244,789,11298,5135,9101,3737,10147"
22883,22883,"8562,2218,5495,6220,12665,9942,4798,10326,1912,12632"
22887,22887,"10326,4798,13346,9693,544,6220,3950,4277,12665,6971"
22893,22893,"8562,6220,9942,2218,5303,12665,4798,12857,3950,3870"
22905,22905,"6220,2343,8562,4798,8681,13346,3950,5545,7707,9693"
22923,22923,"6220,4798,2218,10326,3950,5303,8562,2140,9942,12857"
22956,22956,"10326,4798,217,3950,717,12857,8562,13346,10916,4277"
22964,22964,"6220,1863,544,5545,13296,8562,10326,4798,12606,5976"
22972,22972,"11298,1290,9101,1244,12869,7120,7679,9730,2989,4664"
22985,22985,"6971,4798,1290,10326,7637,544,8703,8053,11630,12665"
23011,23011,"10326,4798,4277,544,350,717,217,8421,8562,4694"
23027,23027,"11298,2989,11024,9101,7679,544,1244,4576,10389,1290"
23036,23036,"6220,9942,10326,4798,3950,6971,8562,13346,2218,3428"
23038,23038,"13346,8562,6220,5495,9942,3950,3428,6971,13296,5545"
23046,23046,"10326,1290,4798,6971,5303,11298,9101,1244,12665,2218"
23051,23051,"8413,2218,5303,12857,6220,4798,4277,5495,5199,3950"
23057,23057,"544,10326,2770,3960,4798,1290,10221,9101,2877,9942"
23062,23062,"11298,7679,12869,1244,11024,1290,4163,8978,9330,9101"
23069,23069,"8562,4798,13346,3950,5303,5495,10326,6220,6971,12665"
23078,23078,"6220,2343,5303,8562,12665,2218,89,5495,9942,544"
23113,23113,"2218,6220,8562,6971,4798,13346,3950,10326,8413,5495"
23121,23121,"1290,7120,4576,1863,11298,11024,1244,544,9101,10326"
23123,23123,"4798,8562,10326,3950,5303,4277,2218,6220,13346,544"
23136,23136,"13346,4798,10326,5495,8562,6971,6326,8413,2140,9942"
23138,23138,"4798,3950,10326,6220,8562,13346,4277,6971,10916,9942"
23140,23140,"10326,12665,5303,6971,6220,8562,4798,544,1290,2218"
23170,23170,"10326,4798,3950,4277,13346,12857,5303,8421,6220,717"
23173,23173,"1290,7120,11298,1244,544,9101,2989,10326,5303,12665"
23179,23179,"544,6220,10326,2343,6971,810,2218,5303,7707,4277"
23196,23196,"4798,13346,8562,3950,6220,10326,4277,5495,5303,12665"
23199,23199,"2218,3950,6641,13099,11784,9942,652,544,9653,5222"
23216,23216,"4798,6971,10326,8562,5303,2140,7578,2343,2291,13346"
23226,23226,"13346,8562,5495,3950,5610,12470,10326,11384,12898,4798"
23233,23233,"10326,5303,4798,2218,8590,8562,8421,6659,1328,6220"
23253,23253,"2343,9693,6971,6220,3950,3055,12665,1220,13346,5199"
23281,23281,"1290,7120,9730,11298,544,9295,9101,5969,4664,1244"
