ID,user_id,item_id
12,12,"5303,4277,4798,10326,2140,8562,12857,8421,10916,8483"
14,14,"6220,13296,6971,1290,9942,7637,9668,1863,589,8562"
17,17,"1328,1221,7480,4072,10326,1261,8093,8673,7862,11655"
21,21,"10326,4798,6220,2140,4277,8421,6971,544,8562,6326"
44,44,"1290,11298,7120,1244,11024,9962,789,10607,4664,5135"
55,55,"10326,8562,4798,2218,13296,4277,10916,3950,6220,6326"
56,56,"6971,2343,89,8922,5495,7983,12665,8235,5532,5199"
58,58,"10326,4798,6971,8562,4277,5303,13296,13346,544,2140"
59,59,"4798,3950,6220,10326,13346,4277,5545,7707,12857,9942"
79,79,"10326,6220,4277,13346,4798,6971,7707,2343,8562,2140"
81,81,"1290,7120,9101,11298,2989,4929,12869,4576,544,1244"
85,85,"4798,2140,10326,8590,8562,6971,5303,2218,12857,6220"
92,92,"1290,11298,11024,7120,12869,4576,10389,1779,10607,4664"
97,97,"3950,12665,13346,9942,2218,4798,3055,4602,931,5495"
100,100,"4798,13346,2140,10326,8562,8421,10916,3950,8161,4277"
112,112,"6971,3950,4798,6220,2140,7707,12857,9733,5610,8562"
122,122,"4277,10326,3950,8562,6220,4798,217,717,13296,10568"
133,133,"2343,9693,8590,9532,9942,544,8483,6659,1323,6220"
141,141,"1290,6220,13296,1863,8562,7120,6971,5149,8703,2058"
144,144,"9295,6954,13330,12449,7188,816,1166,5238,12143,6919"
149,149,"1290,7120,4929,4576,11298,10663,10674,2916,4163,7679"
153,153,"3950,6220,10326,4798,2218,8562,5303,12857,13296,13346"
166,166,"6971,1290,5001,8235,9375,9532,3464,7120,7983,7024"
220,220,"8562,4798,6220,13346,2218,9942,8413,5545,6326,13296"
231,231,"3950,2343,9693,9532,5199,5532,9404,3507,12665,13346"
262,262,"1290,6971,10326,7120,4798,4929,12857,5303,2140,8590"
274,274,"6220,6971,2218,544,2140,4798,1290,10326,3950,12665"
277,277,"2343,4576,4277,544,5545,6971,12470,12665,13346,89"
281,281,"1290,7120,4929,6971,9295,10663,789,5135,11298,9962"
291,291,"217,3428,8421,717,4798,7802,8792,1735,5303,9489"
300,300,"10326,6220,8562,6971,4798,5303,4277,2140,13296,9942"
310,310,"4798,5303,10326,2218,2140,8562,544,11384,8421,31"
332,332,"5495,12470,13306,5155,609,3565,1642,8188,10236,3357"
344,344,"10326,4277,4798,8562,8421,6433,217,12857,10594,13249"
359,359,"1290,6220,7120,544,13296,89,4576,2989,2218,9101"
380,380,"5495,5199,10835,2903,5532,2343,4117,5999,8279,11357"
386,386,"6220,9942,8562,3950,4277,12665,13296,3428,6971,4798"
426,426,"3950,13346,6220,3055,2218,8562,5524,8235,5199,931"
436,436,"10326,4798,4277,8562,6971,2140,12857,8421,13346,544"
453,453,"6971,6220,89,2218,4798,5545,544,8562,9532,13346"
461,461,"7120,544,4929,6971,2989,10663,10326,789,9962,1244"
464,464,"2140,4798,7138,10326,2291,9306,6588,8161,9771,13214"
473,473,"5495,12665,8224,6378,896,11019,527,1440,3050,10779"
481,481,"10326,6220,4798,217,8421,6383,717,350,11969,4694"
490,490,"4277,275,350,9340,4798,10326,8483,7138,9234,10568"
494,494,"4798,8562,6220,6971,10326,5303,3950,7707,12665,2218"
497,497,"1290,2989,7120,12869,7679,9730,11298,7669,2957,10674"
510,510,"2343,3950,544,6220,9942,13346,5532,3428,64,10835"
511,511,"10326,4798,6220,8421,8562,12857,2140,4277,5303,6515"
512,512,"1290,2343,9693,544,7120,4576,5532,1244,6834,10389"
524,524,"1290,7120,9962,789,12869,5135,4929,4664,1244,11298"
525,525,"10326,4798,544,4277,5303,6971,3950,2218,2140,1978"
545,545,"8421,10326,4798,10594,8161,7833,12856,13123,11843,12857"
560,560,"8562,10326,3950,6220,4798,13346,8421,6433,3428,544"
564,564,"2343,9693,6795,6834,3055,275,2537,10835,10326,4277"
566,566,"2343,13346,3416,9942,5303,11540,3950,1978,4798,13306"
568,568,"4277,6220,217,10326,3428,2343,8421,4798,5495,2218"
570,570,"8562,7707,6220,13296,2218,10429,8681,12606,544,7706"
573,573,"4277,3950,10326,4798,13346,2140,8562,6220,5303,217"
594,594,"6220,8562,3950,5303,4277,13346,10326,4798,2140,8421"
601,601,"2218,10326,4798,5303,2140,6220,6971,3950,8562,12665"
605,605,"2905,3950,12611,5999,5495,11357,406,3035,1408,5532"
641,641,"6220,3950,9942,4798,2343,3428,10326,13346,5495,7707"
650,650,"6220,9942,3950,2218,217,5545,5303,3428,4277,8562"
675,675,"6220,9942,6971,8562,12665,7707,5545,3870,3950,12404"
677,677,"1290,7120,4929,10663,789,9962,2916,3697,12030,12497"
679,679,"6971,10326,544,6220,9942,5303,4277,2218,8562,4798"
683,683,"3950,13346,5610,8746,8562,8572,4113,9245,5700,2996"
687,687,"10326,4798,544,6220,8562,13346,5303,8421,1290,12665"
705,705,"275,5303,12404,4277,4798,544,7063,10326,7138,1912"
708,708,"1290,7120,544,1244,11298,11024,6971,4576,10663,9101"
712,712,"6220,3950,9942,8562,5495,2218,13306,5545,12665,13346"
715,715,"4798,2140,5303,6971,7578,13346,10326,3950,8562,5485"
728,728,"1290,7120,11298,4576,9962,1244,789,9101,5135,10607"
743,743,"2343,2218,12665,9693,5532,544,10326,2903,6971,5199"
753,753,"6220,7707,544,8562,9942,8208,8333,4413,5007,9585"
757,757,"4798,10326,5303,6971,8421,9942,13346,6220,2218,3950"
768,768,"3950,5495,2218,8413,13346,10326,8562,5303,12470,5199"
797,797,"2343,5532,10835,6795,6834,2537,9532,5866,6220,4388"
813,813,"12665,1290,6971,6220,4205,7637,8703,10332,13228,2847"
832,832,"1290,7120,4929,11298,10663,6971,789,2916,9962,5135"
833,833,"6220,10326,9942,4798,8562,5303,2140,3950,5545,13346"
844,844,"2343,12665,13346,6220,6971,5545,9942,4277,8235,10326"
858,858,"10326,4277,544,3950,6220,8590,50,8562,8421,1290"
874,874,"11298,4576,12869,11024,6220,1290,10389,9730,4024,3222"
875,875,"10326,12470,5303,8562,4277,13296,4798,8421,544,6220"
892,892,"4798,6220,8562,5303,2140,7707,6971,4698,9937,10326"
897,897,"3950,3428,4602,13346,5524,931,6220,2789,9942,12665"
912,912,"1290,7120,4798,8590,6971,4929,10663,9295,5303,2916"
924,924,"6220,13346,5545,8562,7707,5485,9942,12606,13296,4798"
926,926,"6220,1290,13296,5545,7707,544,9942,12665,8590,8562"
933,933,"5303,2140,4277,6220,10326,544,5495,2218,8562,9178"
944,944,"8562,6220,3950,9942,2343,5545,13296,89,13110,13346"
951,951,"5495,2218,6971,5303,6220,4798,8590,8562,2140,10326"
974,974,"6220,8562,544,13296,9942,5545,7707,3950,4798,3428"
1010,1010,"9306,5946,383,13214,12871,165,2149,11692,1290,544"
1013,1013,"6971,89,7983,7024,3055,12665,8922,13191,12662,3950"
1016,1016,"1290,4798,2218,6220,7120,8562,9942,6971,8590,5303"
1023,1023,"1290,7120,6220,6971,13296,89,11024,1244,5545,2218"
1035,1035,"544,6971,5303,12665,4277,1290,10326,6220,2140,2218"
1046,1046,"1290,544,7120,4576,6971,11298,5303,10326,1244,9101"
1051,1051,"1290,7120,8590,2218,2989,9942,13296,11615,544,6220"
1057,1057,"5303,8421,10326,6971,7138,12779,4798,1912,12857,3055"
1064,1064,"1290,7120,6971,4798,8590,4929,10326,10663,2140,5303"
1080,1080,"12104,7589,10566,9998,7688,10434,11552,3573,4005,10409"
1089,1089,"10326,4277,8562,4798,544,6220,2140,5303,217,6971"
1090,1090,"13346,8562,10326,4277,3950,6971,8421,10916,2140,4798"
1103,1103,"8562,10326,4798,10916,13346,3950,6433,4277,217,8161"
1123,1123,"1290,7120,6971,4929,10663,12030,6243,2885,2286,12497"
1134,1134,"10326,5303,4798,4277,8562,8421,13346,2140,12857,3950"
1136,1136,"3950,8562,2218,4798,10326,4277,9942,5545,13346,13296"
1139,1139,"6220,13296,5495,7707,6971,9942,5545,1863,544,1290"
1154,1154,"6220,3428,12665,9942,544,10326,4277,7707,2343,13296"
1169,1169,"1290,6220,4929,4576,11298,1244,10663,544,6971,2989"
1173,1173,"8562,8188,7707,6220,13296,12606,10429,2218,3950,11103"
1178,1178,"8235,5875,7024,11403,13191,7289,7983,12669,2281,5524"
1190,1190,"8562,3950,4798,6971,5303,13346,10326,10835,2218,6326"
1205,1205,"6220,8562,4798,3950,6971,5303,10326,2140,8413,2218"
1217,1217,"11298,1290,11024,4576,2989,7120,11918,12869,1779,9730"
1218,1218,"544,2343,6220,9693,9942,9101,13296,5532,89,9532"
1230,1230,"6220,8562,10326,2218,3950,4798,6971,12665,4277,5303"
1250,1250,"10326,8562,4277,4798,2140,5303,6433,8161,10594,1634"
1252,1252,"3950,2343,5199,5532,6971,5303,12665,10835,4798,10063"
1276,1276,"2343,9693,5532,2218,5199,10835,9942,5999,4117,11357"
1279,1279,"1290,7120,789,9962,5135,6971,4929,11298,10663,1244"
1281,1281,"10326,217,8590,5303,8421,4798,4277,12857,8161,275"
1288,1288,"3950,6220,8562,4277,3428,7707,5303,5545,2218,5495"
1305,1305,"11298,9962,789,10607,5135,4664,4036,9730,1244,1290"
1320,1320,"8562,4798,3950,6326,10916,8413,10326,13249,12857,2140"
1321,1321,"3950,5495,10326,6971,10835,5199,2140,13346,5303,2218"
1328,1328,"9942,6220,13296,6659,2218,7707,3870,5545,8562,13110"
1343,1343,"10326,4798,4277,8562,6971,8421,2140,12857,5303,13346"
1345,1345,"1290,7120,2989,544,4277,11298,4576,4664,10326,11969"
1374,1374,"11298,7120,12869,1244,4664,4576,7679,10607,1851,4163"
1410,1410,"1290,7120,4929,10663,10326,1863,2916,4664,544,12426"
1414,1414,"12857,6433,8161,10594,10326,2636,7910,10339,8483,12204"
1420,1420,"8562,6220,9942,13296,2218,4798,5545,7707,3950,8188"
1440,1440,"8590,2343,8562,11660,4266,4576,1290,3487,536,10429"
1441,1441,"2989,10429,3487,6220,2327,7619,1863,9942,5976,5669"
1443,1443,"4576,11024,1290,11298,1244,9101,4664,2989,544,10389"
1458,1458,"1290,7120,11298,1244,10326,10607,4929,544,4664,4277"
1492,1492,"6220,5545,3950,9942,13346,6971,4798,3870,4413,10326"
1496,1496,"10326,6971,5303,4798,1290,8590,8562,2218,8421,544"
1499,1499,"3950,3055,12665,5199,5303,10326,8922,4798,5532,13346"
1504,1504,"1290,7120,11298,9101,11024,12869,544,2989,4664,10389"
1516,1516,"6220,8562,13346,2343,4277,9942,3950,2140,13249,10326"
1523,1523,"9455,2767,217,8363,4798,11014,1978,11042,638,12390"
1534,1534,"11758,8540,1290,9850,5140,544,10326,2334,5262,9942"
1539,1539,"1290,6220,7120,544,11024,4576,11298,9942,10389,2140"
1559,1559,"1290,7120,4576,2989,6971,11024,4664,10389,1244,4929"
1572,1572,"6220,3950,9942,12665,8562,2218,13296,3428,4277,544"
1573,1573,"10326,4277,8421,12857,5303,717,4798,10594,544,8161"
1601,1601,"544,6220,1290,7707,9942,6971,13296,7120,1863,10429"
1603,1603,"4798,8562,3950,1383,5610,8746,13126,220,10326,13346"
1604,1604,"217,544,4277,350,1978,13346,4798,717,8421,3950"
1613,1613,"1290,11298,4576,2989,11024,4664,7120,10389,7679,1244"
1634,1634,"4798,4277,10326,6659,6220,3950,6971,1328,8562,9404"
1642,1642,"3950,8562,4798,6220,13346,2218,9942,13249,11572,1788"
1643,1643,"1290,7120,6971,2989,6220,1244,4929,10663,11298,789"
1654,1654,"6220,8562,3950,4798,13296,9942,6971,544,10326,5545"
1657,1657,"11024,11298,2989,4576,12655,10389,544,7679,12995,4664"
1674,1674,"1290,6971,2343,6220,89,2218,5199,9942,8590,4798"
1702,1702,"6220,10326,8562,7707,5545,13110,6326,13346,3870,3950"
1719,1719,"6659,3950,6220,13296,4256,9942,12029,3428,1832,1328"
1725,1725,"8562,6220,3950,4798,10326,13346,12857,4277,13296,8421"
1726,1726,"1290,6971,4929,7120,4798,238,2140,10326,8562,7063"
1728,1728,"544,4576,2343,1290,11969,8590,6971,9693,10326,2989"
1735,1735,"5875,12757,8235,7024,89,13191,8922,1290,12662,11931"
1739,1739,"1290,7120,4929,10663,3697,2916,5135,12133,2885,8506"
1774,1774,"10326,4798,3950,4277,8562,6220,3428,6971,5303,13346"
1780,1780,"10326,4798,544,4277,11969,6220,9101,1323,350,1210"
1799,1799,"217,2771,6270,4892,2963,8459,2880,1854,13189,9024"
1813,1813,"8562,4798,10326,3950,2218,9942,13346,5303,6220,13296"
1834,1834,"8562,3950,13346,12857,4798,10916,6326,10326,6971,4482"
1835,1835,"12470,5495,6659,8911,8562,6082,701,9375,1290,5760"
1841,1841,"1290,11298,1244,12869,9962,789,5135,10607,9295,3539"
1863,1863,"6220,3950,3428,5545,8562,9942,4277,2140,12665,10326"
1878,1878,"8562,3950,13346,9942,6220,3428,5545,12857,6326,8413"
1879,1879,"2343,6971,4798,5532,10326,13346,8562,10835,6795,5303"
1910,1910,"1290,7120,10663,6971,8590,12497,2140,6591,4798,6243"
1911,1911,"8562,4798,10326,5303,13249,8421,12606,350,9340,544"
1919,1919,"13346,2343,9693,6220,5545,9942,6971,3870,6795,9562"
1925,1925,"12869,4163,2957,7679,4216,1558,1851,9730,10674,9732"
1926,1926,"11298,11024,9962,789,5135,4664,5934,7279,9102,3539"
1931,1931,"2940,7275,9850,10107,11771,6952,4803,5305,10326,7982"
1940,1940,"4798,10326,6971,5303,2218,6220,8562,4277,2140,13346"
1968,1968,"4798,5303,10326,1328,8483,8590,4277,13249,8421,350"
1981,1981,"4798,3950,6971,13346,8413,12857,5303,10326,6326,4277"
1992,1992,"1290,7120,10663,11298,2916,1244,12497,6243,296,3697"
1998,1998,"11298,11024,1290,1779,4664,9295,10607,4036,9101,4576"
2000,2000,"1290,7120,4929,789,9962,10663,5135,11298,3697,1244"
2017,2017,"3950,8562,4277,13346,6971,4798,10326,12857,6220,8421"
2036,2036,"5875,8235,8570,13112,3814,3670,2943,4124,1290,13357"
2044,2044,"2343,9693,11969,544,6220,11572,8562,3950,12611,4436"
2047,2047,"1290,11298,1244,7120,1779,9101,10607,6591,12869,9962"
2052,2052,"5303,10326,8161,350,1328,6971,669,7461,544,8701"
2055,2055,"5495,5760,6060,3545,9375,11542,8911,5249,6082,10441"
2069,2069,"6220,2218,8562,9942,5545,13296,8413,2140,3950,3428"
2075,2075,"2343,6220,3950,9693,4798,5303,4277,10326,13346,9942"
2089,2089,"4277,8421,10326,717,4798,8562,1017,10077,8161,10594"
2093,2093,"12665,4798,6220,5303,8562,2218,3950,9942,6971,6326"
2127,2127,"10326,2140,4798,1295,7063,8161,2291,4277,1240,1290"
2135,2135,"6220,9942,12665,5545,3950,2218,3428,3870,7707,8562"
2137,2137,"6220,3950,12665,13346,89,5545,8235,10835,7983,8562"
2141,2141,"6220,2218,7707,13296,5545,8562,8413,9942,544,7792"
2147,2147,"1290,544,4576,7120,4664,6220,7669,8562,10674,12869"
2150,2150,"10326,4277,8562,12857,350,717,8421,4798,1017,1978"
2153,2153,"4798,10326,5303,6220,12857,8562,6326,6971,4277,8161"
2158,2158,"1290,11298,2989,544,4576,7120,9101,11024,12869,1244"
2178,2178,"8562,5495,8590,13346,5199,2343,10835,13249,4798,1978"
2180,2180,"6220,8562,13346,3950,2343,6383,3428,5545,1323,12665"
2181,2181,"2989,11298,1290,3464,1779,7120,544,4576,11024,10389"
2193,2193,"6220,3950,4413,2789,9942,4602,2567,8413,454,2218"
2216,2216,"4277,10326,8562,4798,8421,7707,13346,6433,10916,8161"
2224,2224,"8562,5495,3950,10326,5303,2343,12470,5545,5199,6220"
2231,2231,"6971,2343,8590,5532,5199,10835,89,8922,2903,1290"
2242,2242,"4277,6220,3950,13306,5495,5545,4895,217,8681,3428"
2243,2243,"2343,5495,2903,3127,9693,5532,5199,544,10835,4117"
2247,2247,"9730,4443,4266,8579,13043,5532,3799,6459,7240,7867"
2262,2262,"544,11298,1290,11024,4576,1244,4664,9101,10389,8590"
2271,2271,"8562,10326,3950,4798,4277,2218,5303,13296,544,7707"
2284,2284,"3950,6971,13346,6220,8413,8562,4798,3992,2789,4413"
2287,2287,"13306,8188,8562,10213,7003,10250,7442,3950,11702,12646"
2291,2291,"2140,5303,2218,8590,6971,10326,6220,4277,3950,5199"
2293,2293,"5303,4798,2218,1290,6971,7120,544,2140,2343,11298"
2294,2294,"4798,10326,8562,12857,5303,6433,6326,10594,4277,8421"
2301,2301,"6971,4798,6220,8590,2218,8421,5303,2140,5545,6659"
2310,2310,"6220,9942,544,12665,13296,5545,10326,3950,8562,11969"
2341,2341,"8562,4798,6971,10326,3950,13346,6220,2140,8590,5303"
2345,2345,"11298,4576,9101,11024,7679,11918,10137,12655,2989,10389"
2348,2348,"1290,7120,11298,4576,1244,4929,9101,9730,10607,2989"
2349,2349,"6971,10326,4798,4277,13346,5532,5303,544,3950,2343"
2350,2350,"10326,4798,1290,4277,6220,6971,544,8590,5303,7120"
2355,2355,"10326,4277,4798,8421,12857,3950,10916,8562,350,6433"
2383,2383,"10326,4798,4277,8562,6326,13346,12857,3950,9580,8421"
2393,2393,"4798,6971,2140,9306,2291,10462,10326,5946,13214,8402"
2399,2399,"7120,4929,10663,1244,10326,4798,544,2916,6971,789"
2421,2421,"2343,544,10326,5532,10835,6795,2537,5303,5199,6971"
2435,2435,"9532,12483,11024,2343,9942,7897,10299,2989,515,4576"
2448,2448,"5495,10835,8590,5875,8235,5199,7289,1230,7024,8188"
2452,2452,"1290,7120,4929,10663,12497,6971,9248,6568,11929,9295"
2464,2464,"6220,8562,5545,9942,3950,13296,3870,4413,13110,6971"
2470,2470,"12857,3950,5642,8562,10594,2063,217,9850,2742,10326"
2478,2478,"6971,8590,2218,5303,1290,10835,5199,89,5532,5999"
2506,2506,"6220,3950,3428,8562,4798,10594,4277,10326,5545,5495"
2523,2523,"8235,6971,5875,7289,12662,7824,12253,12757,10326,8359"
2527,2527,"1290,7120,4929,10663,12497,5573,10322,6243,12030,4387"
2528,2528,"3950,12857,4798,8562,6326,6220,11638,10326,5303,7314"
2530,2530,"3950,2218,13346,8562,5199,10835,6220,5303,10326,3055"
2533,2533,"6220,9942,3950,13310,13296,7792,7136,3509,8188,5482"
2540,2540,"8562,8483,13346,3950,4277,10326,217,4798,6982,11622"
2558,2558,"3950,8562,13346,10326,2343,8235,6971,10835,12665,5545"
2559,2559,"6220,8188,5545,6659,3950,12665,13296,7707,9942,13110"
2592,2592,"6971,6220,4798,10326,13346,8590,275,544,2140,4277"
2599,2599,"10326,4277,5303,8562,4798,2140,6971,6220,3950,544"
2608,2608,"6220,9942,8562,5545,13296,3950,3428,12665,7707,2343"
2613,2613,"11298,1290,11024,2989,7120,9730,4576,12869,4664,9295"
2616,2616,"8413,4181,7715,10673,9203,9275,1527,6270,10986,9454"
2617,2617,"1863,544,7707,589,10761,8956,5962,5976,10429,1290"
2619,2619,"3950,9942,6220,931,5545,5199,2789,89,8235,4602"
2622,2622,"1290,7120,11298,789,5135,1244,10607,4036,9295,11024"
2629,2629,"1290,1244,11298,4576,544,7120,9101,11024,10389,10607"
2648,2648,"1290,1244,7120,4576,9101,2989,544,10389,1779,4664"
2654,2654,"6220,4798,10326,8562,6971,5303,7707,2140,3950,5545"
2668,2668,"10429,5976,6220,1290,7707,8188,2327,544,8562,7120"
2703,2703,"5495,4576,3565,5199,4118,590,4264,801,5532,13043"
2710,2710,"4277,13346,3950,10326,4798,8562,6326,13249,12857,10916"
2713,2713,"4798,6971,5303,10326,13346,8562,3950,6326,2140,8590"
2722,2722,"7120,4929,2989,10663,11298,1244,9101,4576,2916,9730"
2724,2724,"1290,7120,4929,10663,6971,2916,8590,12497,9962,9295"
2727,2727,"6220,10326,2218,6971,5303,13296,8562,2140,4798,8590"
2755,2755,"7669,4576,11298,1290,12869,2989,11024,10389,9101,11554"
2769,2769,"4277,13346,7707,275,12404,4798,8562,566,3950,9455"
2776,2776,"2218,5303,10326,5532,10835,5199,11357,4117,9942,785"
2781,2781,"1290,7120,4929,10663,6971,8590,4576,1244,12497,9295"
2782,2782,"1290,7120,11298,4929,10663,7679,1244,4576,10607,5135"
2789,2789,"2343,5199,5532,10835,9693,3950,3055,13346,4798,1220"
2794,2794,"9942,7707,3950,2903,5545,10835,12665,6220,5622,2218"
2804,2804,"6220,2218,3950,5303,5545,13296,8562,64,9942,7707"
2819,2819,"6220,544,12665,3950,8562,5303,10326,5495,2343,2218"
2846,2846,"6971,7707,9942,6220,8562,5303,2140,544,2218,13296"
2851,2851,"7669,12869,2989,11024,10389,4576,11298,4664,4163,2957"
2861,2861,"7707,4277,10326,9404,10835,9532,5199,9072,8562,3950"
2862,2862,"6220,9942,12665,13296,8590,11024,7707,5545,4576,1290"
2867,2867,"13346,10326,350,9598,8822,6588,9178,4277,2063,10594"
2873,2873,"2343,5495,9693,544,5532,13408,1290,6971,4416,3127"
2880,2880,"6220,7707,8562,13296,9942,1863,10429,544,5976,12606"
2881,2881,"10326,4798,12857,10916,8421,10594,8562,4277,13249,13346"
2886,2886,"4277,5303,4798,12665,2140,6220,1978,9340,50,10326"
2891,2891,"2343,9693,5532,6971,13346,10326,10835,4798,6795,2140"
2908,2908,"544,1290,10326,2140,7120,4277,4798,6971,5303,275"
2910,2910,"544,6220,9693,2343,6971,5303,7707,8562,13296,9942"
2915,2915,"10326,4798,3950,9942,5303,8562,2218,5495,3577,6220"
2935,2935,"6971,5303,2218,8590,6220,5199,544,5532,1290,10326"
2946,2946,"1290,4576,544,2989,11298,12869,4929,10389,1244,9101"
2948,2948,"544,1290,6220,2989,7120,4576,7707,11298,10389,11024"
2969,2969,"2218,2140,6971,3950,9942,8235,7442,8964,6217,10835"
2979,2979,"11298,11024,1290,12869,10389,7120,4576,1244,11918,7679"
3036,3036,"3464,1290,7120,6248,11298,2769,8315,7220,7679,13071"
3050,3050,"3950,10326,2343,13346,4798,8562,5532,6220,9942,8421"
3056,3056,"6659,4803,4080,2356,12824,1328,10352,9568,13100,10326"
3061,3061,"4798,4277,10326,8421,5303,8562,3950,2140,12857,217"
3066,3066,"6220,8562,7707,13296,5545,6659,4798,10326,9942,3950"
3069,3069,"10326,12857,2218,13346,4798,6326,8421,13249,217,482"
3094,3094,"4277,10326,5303,8562,350,217,4798,8421,12857,10916"
3106,3106,"6220,3950,12665,2218,8562,8188,13296,6659,4277,7707"
3110,3110,"1290,7120,4929,10663,2916,12497,8590,296,6971,3697"
3115,3115,"2343,5532,5199,2903,3055,6971,9693,6220,5999,8279"
3136,3136,"6971,1290,6220,2218,8562,9101,544,5303,10326,7120"
3159,3159,"8590,1328,3950,10326,4798,6659,8562,9404,13346,2140"
3166,3166,"10326,5495,544,4277,6220,5303,2343,13296,2218,4798"
3172,3172,"1290,2343,11298,9693,544,789,5135,5532,89,9962"
3200,3200,"13346,3950,10326,4277,2343,1210,8505,5199,4056,4117"
3217,3217,"3950,2218,13346,10326,4798,6220,9733,11540,10568,5545"
3218,3218,"1290,7120,1244,11298,4664,13296,11024,10607,10389,544"
3229,3229,"4798,13346,4277,10326,275,1210,2140,12404,9340,5303"
3230,3230,"1290,544,7120,10326,6971,6220,2989,5303,4798,8590"
3274,3274,"6971,4798,5303,2140,7063,9306,2291,10326,8161,2264"
3285,3285,"10326,4277,5303,12857,3950,8421,8562,2140,350,4798"
3316,3316,"6220,9942,8562,3428,13296,13346,5545,13110,4413,3870"
3319,3319,"4277,8562,10326,4798,350,8421,3950,13346,811,9340"
3323,3323,"10326,4277,3950,8562,6220,5303,4798,13346,12665,350"
3346,3346,"6971,2140,1290,4798,5303,12665,2989,11024,6220,7120"
3354,3354,"10326,8562,13346,9942,11969,3565,4798,1328,6220,1889"
3368,3368,"4798,3950,4277,6220,2218,8562,10326,217,13346,8421"
3374,3374,"1290,9942,5545,7707,13296,3428,7120,3870,8562,1598"
3391,3391,"10326,8562,4277,3950,12857,6220,8421,217,4798,10916"
3397,3397,"8562,2343,6220,10326,89,13346,3950,6326,9693,10835"
3404,3404,"7707,8562,10429,6220,5149,10447,5976,7637,8981,5495"
3408,3408,"8562,6971,2218,2140,5303,4798,6220,12665,9942,3950"
3416,3416,"2343,9693,6795,5532,544,2989,6971,4388,3909,8608"
3422,3422,"4798,1290,10326,544,6971,5303,8421,6220,4277,8590"
3423,3423,"544,6220,7707,5303,8562,4277,10326,8681,2218,10429"
3426,3426,"6220,9942,5545,7707,6971,3870,3950,4413,4798,12665"
3436,3436,"6220,10326,8562,6971,13346,544,13296,4798,12665,2343"
3448,3448,"12857,2140,10594,11345,10869,6220,8562,5393,6433,331"
3464,3464,"9942,3950,8562,12665,5545,6220,13346,13306,2218,5642"
3472,3472,"1290,7120,6971,11298,6220,1244,2218,4929,10663,89"
3477,3477,"6220,9942,544,8562,5303,5545,10326,3950,13296,5495"
3488,3488,"3950,5303,4277,13346,6220,12857,2140,10326,4798,8562"
3497,3497,"13346,3950,4798,6971,5199,8562,5303,9942,9229,12665"
3504,3504,"1290,7637,1863,2020,7120,8703,5149,5962,1078,4205"
3517,3517,"13346,5303,3950,8562,4798,2140,12857,10326,6971,3055"
3538,3538,"5495,5303,10326,12668,217,2140,2218,8161,9072,6971"
3544,3544,"3950,6220,4798,2343,12665,9942,10326,9532,64,1788"
3547,3547,"4277,6220,217,8421,10326,13249,717,4798,3950,13346"
3569,3569,"10326,275,6971,8590,2140,2343,12665,5303,8421,6220"
3570,3570,"7902,7616,478,8705,6306,3481,13050,2004,170,1623"
3575,3575,"10326,4277,1543,10043,3950,13346,9771,5303,11842,4798"
3579,3579,"4277,2343,217,6220,13346,544,3950,717,10326,4798"
3588,3588,"1290,6220,7120,13296,544,8590,7707,6971,1863,3487"
3592,3592,"2989,12869,1290,11024,4576,2874,7679,1779,10389,544"
3617,3617,"10326,4798,6220,8562,2140,4277,8421,5303,3950,6971"
3632,3632,"3950,6220,4602,8235,11403,9942,8413,12193,9410,931"
3650,3650,"2140,7063,7383,13214,544,5946,4798,10326,383,10776"
3654,3654,"10326,1328,350,2140,5303,12857,4277,7138,4798,2218"
3656,3656,"1290,5303,7637,2199,10326,6220,7120,4947,5124,6395"
3678,3678,"1290,6220,7120,544,6971,9942,13296,9693,3950,4798"
3681,3681,"8112,8540,13130,10475,1290,544,10326,381,6306,9942"
3683,3683,"10326,4798,5303,8421,10594,6971,4277,331,9340,851"
3685,3685,"10326,4277,3950,5303,2218,4798,8590,544,2140,13296"
3699,3699,"1290,7120,3464,11298,1244,2989,1779,10389,7679,11024"
3707,3707,"6220,8590,11047,12644,616,10429,1935,8562,13274,7623"
3731,3731,"1290,7120,4929,4576,1244,10663,2989,11024,544,4664"
3737,3737,"4798,5303,2218,1978,8562,10326,6433,12857,3950,8483"
3739,3739,"8562,7707,8188,6659,13346,4413,8413,13296,544,10326"
3744,3744,"3950,6220,13346,9942,12665,8562,5545,3055,13296,3428"
3753,3753,"10326,6971,4798,5303,13346,8421,3950,2140,10916,12857"
3778,3778,"6220,2218,3950,5303,8562,9942,4798,3055,5495,10326"
3786,3786,"6220,8562,3950,2140,5545,9942,13346,3870,5303,3055"
3790,3790,"8562,3950,13346,2218,6220,9942,3870,5303,4798,1889"
3804,3804,"4277,217,8421,10077,717,350,3950,1210,13346,544"
3805,3805,"3950,8562,5303,10326,4798,6220,2218,5199,10916,7707"
3819,3819,"6220,10326,544,2218,3950,5303,8562,4798,4277,13296"
3827,3827,"2459,516,11337,7910,10536,5947,5760,9375,2710,8249"
3829,3829,"10326,4798,8562,5303,12857,6971,13346,8421,3950,2140"
3841,3841,"10326,6971,2140,2343,5303,6220,544,4277,13346,8562"
3849,3849,"1290,7120,11298,789,9962,9730,5135,11775,12869,1244"
3928,3928,"1290,7120,4929,1244,11298,10663,4576,9295,2916,12869"
3988,3988,"11298,6288,8978,2957,4163,4216,9732,7679,11024,7342"
3994,3994,"1290,7120,2989,11298,6220,1244,9101,11024,9962,789"
3998,3998,"13346,9942,3950,10326,2411,3799,3428,1210,4277,275"
4012,4012,"3950,13346,4798,11540,10340,5999,1290,8562,544,10326"
4021,4021,"5303,2140,6971,2343,8161,4798,10326,544,8205,12758"
4022,4022,"4798,4277,6220,6971,8562,3950,5303,2140,12665,13346"
4047,4047,"9942,6220,7707,8188,544,3428,2020,13296,8981,8703"
4073,4073,"1290,2989,544,4929,4576,1244,11298,6971,9101,2916"
4099,4099,"1290,544,6220,5495,7120,2218,6971,8590,5303,4576"
4100,4100,"8703,1290,4101,5549,12104,9942,544,8562,13228,10326"
4120,4120,"12470,7707,13408,12668,5199,12099,2218,6220,1323,609"
4126,4126,"1290,7120,544,11298,4929,4576,789,9101,11024,5135"
4136,4136,"4798,8413,8562,12857,6326,6270,960,5303,220,3950"
4160,4160,"7669,4163,2957,7679,12869,1290,4216,1558,9330,11298"
4173,4173,"1290,7120,6971,4576,8590,1244,10389,10137,10663,544"
4177,4177,"1290,7120,4576,11298,9730,544,11024,2989,10389,4929"
4183,4183,"10326,4277,4798,5303,8421,6971,8562,6220,544,717"
4191,4191,"1290,7120,4929,10663,1244,2916,12497,6243,4387,5573"
4195,4195,"8562,4277,10326,4798,2140,2218,13346,12857,5303,13249"
4213,4213,"6220,6971,2343,544,5495,9942,9693,13306,10835,10326"
4226,4226,"9942,217,13249,4277,5495,3950,13346,3428,5109,607"
4227,4227,"1290,7120,9295,1779,11298,9101,4576,10607,275,11299"
4232,4232,"13346,3950,4798,10326,11540,8562,13249,9786,7079,854"
4255,4255,"10326,4798,4277,13346,8421,350,5303,1210,8161,8562"
4258,4258,"12869,7706,1856,6569,9295,11024,4545,2113,544,6168"
4274,4274,"5303,8421,1328,350,10326,1912,8483,4798,4277,10916"
4289,4289,"1290,2218,8590,7707,6220,13296,5545,7120,9229,9942"
4295,4295,"10326,8562,6220,4277,7707,5545,4798,13249,3950,13296"
4300,4300,"6220,3950,13346,3428,8562,9942,5545,217,4798,4277"
4334,4334,"12857,8822,4277,8205,13346,7657,8562,941,10326,12825"
4361,4361,"4798,8562,10326,3950,13346,8235,6326,5303,5199,7578"
4377,4377,"4798,3950,8562,13346,6270,5610,10326,220,12702,10785"
4412,4412,"1290,7120,4929,11298,10663,9730,2989,4576,1244,3464"
4415,4415,"13346,12857,8413,7919,1042,5348,6483,1065,11048,1080"
4424,4424,"4798,13346,6971,8981,12104,5549,8703,5149,10326,8562"
4425,4425,"4277,10326,350,8421,10594,1978,9340,217,3416,12857"
4430,4430,"8562,10326,4798,3950,5303,13346,4277,6220,6971,12857"
4433,4433,"4798,8562,5303,10326,6220,8413,8421,12857,10594,10916"
4436,4436,"9306,2140,7383,5731,6220,7063,10326,9738,238,3089"
4458,4458,"10326,4798,3950,5303,13346,13249,8562,10916,2140,6326"
4461,4461,"10429,1863,7707,3487,5976,5841,12723,11844,11103,8562"
4488,4488,"3950,6220,12665,9942,13346,5545,3055,4602,8590,89"
4497,4497,"1290,7120,4929,10663,1244,8590,4576,11298,9295,2916"
4498,4498,"10326,4277,5303,2140,350,3950,4798,544,8421,9072"
4504,4504,"6220,9942,3696,3950,4398,1530,5067,5495,6848,11362"
4510,4510,"6220,9942,1290,6971,3950,2218,8590,12665,5303,5545"
4512,4512,"11395,3960,5027,5901,10660,3193,3169,3269,2877,1290"
4513,4513,"6220,2218,10326,5303,544,7707,4798,3428,217,5495"
4516,4516,"1290,7120,11298,11024,12869,4576,1244,9730,789,1779"
4526,4526,"6220,8562,544,4798,9942,3428,13296,12665,4277,3950"
4528,4528,"8562,13346,4798,10326,6971,5545,2218,6220,8421,6326"
4542,4542,"3950,4798,8562,6971,13346,4277,6220,12857,8590,8421"
4559,4559,"1290,7120,11298,9295,9730,1779,10663,11299,10607,4929"
4572,4572,"8562,3950,13346,8235,8413,11540,12800,5124,3055,10340"
4575,4575,"8562,6220,3950,5303,4798,4277,7707,5545,12665,6326"
4583,4583,"4277,217,8562,13346,12857,4798,8421,10326,1323,6326"
4602,4602,"7707,6220,6971,5545,8562,1018,2140,4798,275,3870"
4608,4608,"11298,1290,11024,1244,4576,7120,4664,10389,7679,2989"
4609,4609,"13346,3950,9072,11000,8590,1978,8505,10326,8562,5495"
4626,4626,"13346,3950,8562,2343,5545,64,6220,13296,7707,6971"
4642,4642,"3950,7707,8562,2343,6220,5495,5545,3428,13346,5532"
4653,4653,"8562,2343,6971,6220,7707,5545,9942,9693,12665,8681"
4664,4664,"1290,7120,11298,11024,1244,4576,4929,9295,1779,4664"
4665,4665,"1290,7120,4929,10663,2916,12497,5573,6243,12030,3697"
4672,4672,"1290,11298,7120,11024,2989,1244,4576,10389,544,9101"
4680,4680,"4277,3950,4798,10326,12857,6220,8161,350,1328,217"
4705,4705,"10326,8562,4798,3950,5495,5532,10835,5303,12665,6971"
4707,4707,"1912,8373,5996,6515,8145,7829,12857,5270,10560,3509"
4711,4711,"5495,8562,5199,3950,8590,12470,13112,8279,8413,6220"
4732,4732,"12665,3950,544,5199,5461,9733,5532,5495,1323,7207"
4734,4734,"1290,7120,4929,6971,6220,10663,8590,9942,12665,89"
4735,4735,"1290,7120,4929,10663,7637,9083,1487,8703,2916,5149"
4749,4749,"6220,544,9942,2343,7707,5545,1863,9693,4576,10429"
4751,4751,"6971,10326,4798,5303,13346,9942,8590,3950,1220,12665"
4762,4762,"6971,3055,2218,8562,8922,4798,2789,5875,13346,7578"
4767,4767,"10326,10429,6220,1863,8562,8188,1290,4798,8590,544"
4771,4771,"10326,4798,8562,6220,5303,3950,544,2140,4277,13346"
4773,4773,"2218,12665,10326,2140,6971,6220,5303,8413,5495,3950"
4776,4776,"8562,12665,10429,3578,10802,5976,7637,2989,544,1290"
4783,4783,"9942,6220,5545,3428,13306,3950,2218,6659,8562,13110"
4788,4788,"12857,4798,10594,8421,2140,8562,3950,10326,2199,10340"
4808,4808,"3950,350,4798,1978,1328,3416,2140,13346,4277,4210"
4810,4810,"3950,6971,13346,6220,8562,4798,10326,5303,2218,9942"
4818,4818,"4798,8562,3950,13346,217,5303,10326,4277,8421,5642"
4823,4823,"6220,544,3428,12606,64,2343,8483,3950,8562,13296"
4829,4829,"8562,5545,3950,11622,6220,5673,6982,2343,7426,9799"
4842,4842,"6220,8562,7707,10326,8421,9942,4798,10916,2343,13296"
4859,4859,"6220,3950,9942,5495,64,5199,2343,5545,13346,12665"
4866,4866,"8590,6220,544,1290,13296,7120,6971,1863,7707,9083"
4881,4881,"10326,4798,4277,3950,13346,12857,6433,6220,6326,8421"
4908,4908,"1863,12871,7383,383,13214,11609,1487,5946,544,8703"
4910,4910,"1290,4929,1244,789,2916,11298,9962,9101,4576,544"
4922,4922,"10326,4798,6220,8562,12665,3950,4277,6971,217,8421"
4942,4942,"544,10326,11298,9962,4277,789,1290,5135,6220,6383"
4976,4976,"6220,10326,6971,4576,12665,5303,11298,9942,2218,13296"
4993,4993,"1290,7707,13296,1863,544,10429,7706,8562,7120,7491"
4995,4995,"10326,4277,5303,4798,8421,2140,13249,10916,350,8562"
5020,5020,"7679,3464,11298,1328,4576,10326,544,1290,7120,9516"
5040,5040,"8562,5303,3950,2218,12857,2140,6220,10326,6433,5642"
5048,5048,"2140,1018,37,7383,9306,5303,647,5731,4749,6433"
5058,5058,"2343,9693,5532,9532,6795,10835,5199,2537,12665,6220"
5067,5067,"4798,4277,10326,1978,6220,8562,350,8421,10594,544"
5087,5087,"4798,6220,8562,6971,3950,4277,2140,13346,5495,10326"
5090,5090,"89,5875,7024,5524,7289,13191,12253,13346,12665,6220"
5102,5102,"2218,13090,5386,7341,7682,108,12322,1156,2260,11931"
5103,5103,"8562,6971,6220,4798,3950,5303,8413,5545,2218,2140"
5105,5105,"1863,7707,10429,1290,1487,5976,5149,7637,9083,544"
5108,5108,"3950,5495,4798,13346,12470,2140,2789,4602,2218,10326"
5119,5119,"6220,4277,7707,544,2218,8562,5545,4576,5303,8188"
5120,5120,"11298,1290,11024,2989,4576,7120,9730,544,10389,8590"
5124,5124,"3421,10437,13193,2308,8421,7063,9774,11529,11282,2697"
5132,5132,"2218,8562,5495,5303,5199,3950,10326,8413,13346,3340"
5138,5138,"11298,4576,10389,11024,2989,12869,1779,3222,4664,9295"
5144,5144,"10326,4277,2343,8562,544,13346,8421,6433,6220,217"
5159,5159,"10326,6220,3950,13346,4798,8562,8421,13296,544,10916"
5167,5167,"3950,2218,6220,9942,8562,714,10326,9733,6326,8188"
5175,5175,"10326,4798,4277,2140,12857,8421,10916,717,1328,275"
5176,5176,"1290,7120,1244,4929,11298,4576,10663,2989,2916,11024"
5185,5185,"3950,12665,6971,8590,2218,89,5545,8235,7024,9532"
5189,5189,"3950,4798,12665,6326,9455,6220,8562,10326,6971,9602"
5191,5191,"8562,13296,6220,9942,13306,10326,4413,6441,3428,13346"
5206,5206,"6220,9942,5303,6971,7707,8562,13296,2218,6659,544"
5213,5213,"6220,12665,544,2343,4798,8562,4277,5545,5303,10326"
5224,5224,"4798,4277,8562,6220,13346,8590,13296,217,717,544"
5226,5226,"1290,7120,11298,6971,4576,11024,544,9101,2989,12665"
5241,5241,"1290,7120,4929,10663,789,9962,11298,2916,5135,12497"
5264,5264,"1290,11298,4576,7120,11024,2989,10389,1244,9101,544"
5268,5268,"6971,5303,4277,2140,10326,4798,544,8562,8421,8161"
5270,5270,"4798,6220,8562,10326,6971,2218,8590,5303,2140,13296"
5287,5287,"9942,11969,12156,6626,13063,9775,9573,4263,1127,8505"
5314,5314,"6220,13296,6971,8562,1290,8703,7637,9942,4798,10326"
5318,5318,"1290,7120,4929,10663,6243,12497,2916,5573,3697,10322"
5326,5326,"6220,2218,7707,8562,5149,8981,6166,1290,12622,7637"
5336,5336,"8413,4277,3950,4895,10950,7087,13346,883,5177,13200"
5343,5343,"11298,9962,789,1290,5135,1779,10607,5142,11024,13309"
5347,5347,"9942,6220,2343,8562,3950,3428,13296,7707,9693,5545"
5354,5354,"8562,4798,3950,5495,13346,2140,10326,9380,8161,220"
5356,5356,"10326,4798,3950,6971,6220,8562,2140,10916,13346,5303"
5367,5367,"1290,7120,6220,5545,6971,89,8562,13296,544,789"
5373,5373,"8562,3950,6220,5303,5545,1746,3577,8413,6971,11622"
5385,5385,"6220,8590,7707,4277,544,13296,350,6659,9083,10326"
5458,5458,"9942,6220,3428,13306,3950,13110,810,5545,4413,1598"
5463,5463,"4798,6220,10326,5303,8562,4277,6971,2140,13296,9942"
5471,5471,"11298,1290,1779,11024,9962,10607,7679,789,4163,2989"
5476,5476,"1290,6220,4798,7120,10326,275,4929,6037,5303,11325"
5484,5484,"3950,8562,13346,2218,12665,4798,6971,8413,2140,8235"
5508,5508,"1290,7120,11298,4576,1244,9101,789,9962,11024,5135"
5513,5513,"6220,2218,9942,5303,8413,8562,5545,13296,12665,6971"
5520,5520,"10326,4277,544,717,8562,5303,8421,1978,217,6433"
5524,5524,"13346,7707,6971,6220,8562,3950,13306,9942,1889,13296"
5539,5539,"5495,9942,6220,8413,5303,5545,4413,2218,7983,8188"
5554,5554,"10326,9340,1180,2887,5829,4277,5431,2840,9875,6120"
5564,5564,"4798,10326,4277,5303,2140,8562,12857,8421,544,3950"
5595,5595,"10326,5495,4798,2140,5303,8562,13296,13346,7707,2218"
5601,5601,"10326,5303,6971,275,2140,4798,8590,8562,10462,2291"
5602,5602,"10326,8562,4798,5303,2140,3950,6971,2218,12857,6220"
5618,5618,"1290,7120,10663,11298,2916,11024,12869,12497,4576,9730"
5643,5643,"8922,5199,6220,8235,3055,13408,6971,5875,13191,2343"
5644,5644,"4798,5495,10326,2905,5199,5532,9942,5999,6123,2343"
5651,5651,"2218,6220,8562,3950,4798,10326,5303,4277,2140,13296"
5655,5655,"5495,12668,8562,3055,5199,8413,2218,3950,13346,7490"
5658,5658,"10326,4798,8421,8562,6971,10916,12857,3596,10594,9580"
5660,5660,"10326,13110,2218,6659,11969,2140,1323,12029,992,6220"
5662,5662,"6220,5545,3950,2218,89,9942,12665,3428,13110,1598"
5670,5670,"4798,3950,10326,5303,12857,4277,6326,8161,8421,8562"
5676,5676,"1290,7120,11298,9295,11024,1779,10607,1244,4036,12869"
5680,5680,"6220,5545,13346,4798,3870,3950,8562,9942,12665,89"
5698,5698,"6220,2343,10326,9942,544,11298,4576,9101,9693,11024"
5710,5710,"5495,5532,8590,6971,3950,2343,5199,10326,10835,5999"
5723,5723,"11298,11024,4576,2989,1290,10389,11918,1779,12995,1244"
5742,5742,"2343,9693,5532,10835,5199,6834,5999,544,2822,8279"
5748,5748,"6220,4798,8562,12665,3428,2140,9942,13346,5545,13110"
5750,5750,"544,6220,8562,6971,2218,5495,5303,8413,10326,7707"
5787,5787,"3950,2343,9942,10326,4798,13346,5532,2140,6220,5999"
5798,5798,"2343,5303,4798,6971,13346,3950,10326,2140,9693,8562"
5799,5799,"9306,5946,2291,383,8402,165,11692,2300,7439,6878"
5815,5815,"1290,2343,11298,9962,789,9693,7120,9101,12869,544"
5822,5822,"5303,2218,10326,6971,2140,3950,3055,5199,9072,10835"
5834,5834,"12665,8562,3950,6220,5495,5303,3055,4798,5545,6971"
5846,5846,"4798,10326,3950,544,2218,13346,5303,6971,4277,2140"
5858,5858,"3950,4798,2140,8562,2905,11726,4436,5303,5700,5495"
5882,5882,"10326,4798,2218,4277,5303,544,8562,11969,2140,13249"
5892,5892,"13346,8562,6971,4798,2218,10326,5303,3055,2567,9449"
5897,5897,"3950,8413,6220,5303,8562,8421,2140,2218,4413,11540"
5898,5898,"3950,8562,6220,10326,4798,2218,8413,9942,11540,12665"
5902,5902,"8413,1847,9358,12130,9796,4413,8076,1631,5002,11452"
5919,5919,"1290,7120,10326,12869,4277,544,4576,6220,1244,8590"
5934,5934,"544,6220,11524,4315,2343,4384,1978,12485,12152,9097"
5946,5946,"1290,7120,6971,4929,789,5135,9295,10663,10963,3737"
5965,5965,"2343,5199,5532,8408,9693,1978,4117,12132,1290,11198"
5995,5995,"6220,3950,4277,10326,13296,3428,2343,13346,9942,4798"
6005,6005,"1290,544,6220,11298,2989,4576,9101,6971,11024,12655"
6006,6006,"6220,9942,3950,8562,7707,5545,4413,13296,89,13346"
6013,6013,"10326,8562,4798,6220,4277,3950,6433,9942,217,2140"
6016,6016,"3950,2218,13346,10326,5495,5199,6220,8421,4277,5303"
6023,6023,"7120,10663,4576,1244,544,9101,6971,11298,12497,8590"
6052,6052,"3950,6971,5495,2343,5532,10326,3428,2218,8562,13346"
6056,6056,"6971,544,5495,8590,2140,2343,5199,10326,6220,13346"
6059,6059,"4798,6220,5303,10326,5495,3950,6971,12857,4277,6326"
6064,6064,"8562,3950,10326,5199,10835,5532,2343,4798,5999,5303"
6091,6091,"3950,2218,6971,3055,5199,6220,10835,5532,9942,8590"
6112,6112,"7120,11298,10663,2989,1244,4576,11024,2916,12497,4664"
6133,6133,"6220,5303,5532,2140,9942,2343,3950,9693,5199,10835"
6150,6150,"5610,4798,4843,7167,5813,8538,7069,10326,4376,12654"
6155,6155,"10326,4798,5303,8562,2140,12857,3950,9942,4277,13296"
6157,6157,"10326,4798,5303,8421,2140,12857,8562,4277,3950,10916"
6212,6212,"6220,4277,8562,13310,6442,13296,13306,3870,10156,9942"
6218,6218,"10326,3950,4277,13346,8562,5303,8421,6220,10916,4798"
6242,6242,"6220,4798,13296,6971,8590,5545,10326,9942,13110,2140"
6243,6243,"10326,4798,8562,544,5303,4277,2140,5495,8421,2343"
6260,6260,"4798,8421,810,10326,8161,2140,976,1290,9018,8562"
6262,6262,"2140,10326,6220,4798,13097,11930,11655,8421,13114,9942"
6278,6278,"2218,6971,5303,544,2140,275,7707,6220,5495,12099"
6280,6280,"6220,3950,5303,8562,4798,3055,13249,13346,2140,6326"
6287,6287,"8562,6971,4798,2140,10326,544,1290,7707,5303,2291"
6305,6305,"4277,10326,5303,717,8421,2140,217,9942,544,4798"
6320,6320,"1290,6220,7120,6971,2343,8590,5303,9942,13296,2140"
6339,6339,"2343,4798,6220,10835,8562,13346,3055,3950,9942,220"
6360,6360,"6220,544,4798,5303,2218,3950,8562,275,6971,11969"
6370,6370,"3950,6220,8562,10326,2218,4277,5545,13346,4798,5303"
6376,6376,"10326,4798,4277,6220,5303,8562,3950,13346,2140,275"
6378,6378,"7120,1244,11298,2989,11024,9101,9295,4576,4929,10389"
6379,6379,"8562,6971,6220,10326,5303,2218,3950,4798,544,4277"
6398,6398,"2343,544,1290,6834,6795,1244,2537,2903,9101,5532"
6422,6422,"8413,8562,13346,9942,4413,6220,8183,12321,6971,4798"
6424,6424,"3950,2218,11784,11561,6971,11707,4798,10340,3078,9941"
6436,6436,"2770,6952,10352,1290,3960,10221,544,10326,9942,9453"
6454,6454,"2343,9693,544,5532,6795,9101,8608,5199,10835,6971"
6464,6464,"4798,10326,8421,5303,2158,4277,2343,10138,5177,2140"
6479,6479,"3950,13346,4798,2218,8483,7707,4602,220,3565,6220"
6485,6485,"1863,8703,7637,8981,5149,6040,7707,1290,2058,8562"
6488,6488,"6220,9942,5545,3950,4413,3428,7707,3509,8562,12665"
6490,6490,"13110,9942,8562,4823,3147,3870,13097,10990,4654,5276"
6498,6498,"10326,6220,8562,9942,3950,3428,5545,13296,7707,4277"
6533,6533,"1290,2989,11298,9101,8590,544,7120,12869,10389,12665"
6577,6577,"10326,9942,3950,4277,6220,4798,2218,13346,13296,5303"
6579,6579,"10326,4798,4277,12857,8421,544,5303,2140,350,10594"
6583,6583,"6220,10326,3950,6971,8562,3428,5545,7707,13346,4277"
6597,6597,"8562,2343,9942,6220,10326,9693,13296,5303,13346,544"
6599,6599,"1290,6971,6220,8590,2218,13296,12665,7707,2140,1225"
6607,6607,"9942,6220,5303,3950,8562,3428,13346,8483,8413,2140"
6613,6613,"8562,3950,6220,5545,13346,7707,3428,2218,12665,13296"
6622,6622,"1290,7120,9295,8590,4929,11298,89,5199,3697,4576"
6637,6637,"2218,6220,2343,6971,9532,10835,3950,8562,7303,5532"
6644,6644,"10326,4277,6220,4798,8562,5303,3950,2218,8590,13346"
6651,6651,"1290,11298,4576,7120,11024,2989,10389,1244,9101,12869"
6674,6674,"10326,3950,8562,12665,13346,3428,2343,4277,10835,5495"
6683,6683,"2343,9693,10326,5532,5199,8590,10835,13346,5303,3950"
6686,6686,"1290,7120,1863,9101,6697,11103,11117,13115,6971,12512"
6707,6707,"544,2343,6220,5303,8562,5532,4277,10326,5495,10835"
6724,6724,"1863,10429,8235,6220,7024,11403,5875,5976,12606,9336"
6729,6729,"6220,10326,8562,3950,6971,9942,5303,4798,2140,5545"
6739,6739,"3950,8562,12665,8333,6982,438,298,11622,4413,6220"
6756,6756,"3950,5303,8562,2140,10326,6220,2218,4798,275,9072"
6764,6764,"5545,6659,50,5303,8562,13296,9602,2218,7707,6220"
6768,6768,"6220,9942,5545,8562,10326,3428,6971,13296,2140,6659"
6787,6787,"12665,2218,8562,3950,3055,6971,4798,9550,6220,13346"
6808,6808,"1290,1244,7120,11298,4576,11024,2989,544,789,4664"
6811,6811,"544,10326,4277,350,8483,4798,13110,12665,11969,6220"
6812,6812,"8562,3950,4798,5545,10326,7707,13296,9942,12665,3428"
6831,6831,"6220,9942,6971,5303,10326,544,2218,7707,13296,2140"
6833,6833,"2343,6220,12665,13191,11403,7024,8235,7983,9693,10023"
6840,6840,"4798,2140,5303,6270,10326,7824,2218,10506,9085,1290"
6842,6842,"1290,7120,1244,11298,9962,789,10607,4929,5135,10663"
6855,6855,"1290,11298,7120,4576,9101,1244,11024,2989,10389,12869"
6869,6869,"10326,4798,5303,4277,2140,8421,6971,8562,12857,3950"
6874,6874,"6971,6220,1290,544,4798,13296,5545,7120,1747,1863"
6879,6879,"544,5532,2343,5199,6971,2218,10835,6220,2903,8590"
6885,6885,"3950,13346,5676,36,5547,760,5673,7264,8242,10574"
6886,6886,"6220,9942,13346,2343,12665,5545,3950,4798,4277,9693"
6902,6902,"10326,4798,4277,6971,8562,2140,3950,544,13346,6433"
6908,6908,"1290,11298,7120,2989,4664,9101,11024,12869,1244,10389"
6911,6911,"3950,6659,9942,11484,6220,2789,10326,2567,11547,6528"
6912,6912,"3950,6220,12665,5545,6971,9942,810,8562,13346,3055"
6919,6919,"1290,7120,544,11298,2989,4576,1244,11024,9101,4664"
6926,6926,"5532,7673,5999,10835,6220,12334,2337,9942,3950,1290"
6934,6934,"8562,10326,3950,8421,217,13346,8483,1328,2218,13259"
6935,6935,"10326,4798,4277,6220,8562,544,2140,12665,3950,13346"
6939,6939,"6220,5303,4798,8413,6971,9942,10326,2218,4413,1290"
7000,7000,"6220,2343,9942,544,7707,3950,5303,5545,89,9693"
7003,7003,"8562,3950,2343,6220,8590,10326,9942,5495,12665,6971"
7005,7005,"10326,544,4798,217,3428,3950,8421,6433,6220,8562"
7042,7042,"10326,5303,8562,12665,4798,3950,2140,8421,13346,6971"
7045,7045,"4798,6971,10326,2140,8562,3950,544,7707,13346,652"
7047,7047,"10429,8703,5976,5966,13377,5149,7637,1863,6220,5962"
7053,7053,"6220,7707,8562,544,13296,10429,10326,1863,12606,8188"
7063,7063,"3950,10326,13249,4277,13346,717,8421,1328,8483,12857"
7067,7067,"2343,2218,3950,4277,13346,9693,544,10063,717,2537"
7071,7071,"10326,4277,4798,12857,3950,13346,8421,6220,6326,6433"
7078,7078,"6220,8562,3950,2218,2140,3428,9942,13346,5495,12793"
7109,7109,"10326,6326,8562,6220,6433,6659,1355,10262,5762,13296"
7118,7118,"4798,10326,12857,6433,5303,6270,10594,2140,8421,8161"
7129,7129,"1290,7120,11298,1244,4576,4664,9101,11024,2989,10389"
7133,7133,"10326,4798,217,3416,350,609,652,8421,9938,11384"
7139,7139,"8590,6971,769,1290,10464,9295,544,12903,11464,13185"
7142,7142,"3950,6220,4277,12665,5303,4798,2218,10326,8562,2140"
7146,7146,"2343,5303,6971,5532,8590,9693,4798,5199,2218,10326"
7172,7172,"10326,4277,4798,217,8562,8421,350,8161,13249,10916"
7181,7181,"5495,64,89,6971,2343,12665,13346,3950,2218,10326"
7195,7195,"10326,4798,4277,8562,6971,2140,6220,544,5303,12857"
7197,7197,"4798,8562,5545,5303,3428,2218,9942,3950,217,10326"
7203,7203,"1290,7120,11298,4929,1244,10663,2989,4576,2916,11024"
7223,7223,"8562,3950,6220,13296,4798,6971,2218,5303,12857,10326"
7235,7235,"1290,12869,7120,544,6971,11024,4576,2957,11298,10674"
7236,7236,"7120,544,10326,4277,12665,6971,4576,5303,4929,4798"
7237,7237,"1290,7120,4929,1244,10663,9083,7637,8703,5149,8981"
7255,7255,"1290,7120,8590,6971,4929,10663,9295,544,4277,4798"
7297,7297,"6220,6971,2140,12665,8562,10326,4798,9693,5545,3950"
7320,7320,"3950,2218,8413,6971,10326,4798,5532,11572,5303,5999"
7323,7323,"2343,12665,6220,13346,3950,64,13296,9942,9693,10835"
7326,7326,"2218,8590,2140,5303,10326,12404,4798,8483,8421,2291"
7343,7343,"10326,4277,4798,6433,8421,350,8562,717,217,5303"
7363,7363,"6220,2218,13296,6971,13346,8590,7707,3950,8562,5545"
7364,7364,"6971,2218,13346,3055,4798,5303,3950,10326,8235,5545"
7366,7366,"6220,3950,9942,3428,3799,4277,1598,2645,12417,3870"
7372,7372,"8413,3055,2218,13346,5303,6302,5532,4798,3950,5495"
7399,7399,"7707,10429,1863,6220,544,9942,3487,4095,10802,779"
7402,7402,"2218,6220,5303,12665,8562,13296,3950,6971,8413,5495"
7406,7406,"2140,8562,10326,4413,10185,544,11540,4798,6971,1478"
7421,7421,"544,9942,6971,2218,2343,3950,4798,10326,8562,4576"
7425,7425,"1290,7120,6220,544,10326,13296,4576,8562,1244,4929"
7431,7431,"4798,10326,6971,12857,10916,8421,4277,8161,8562,13346"
7447,7447,"4798,10326,8421,8562,2140,6326,6971,3950,8205,9733"
7451,7451,"6220,8562,7707,13296,5545,1863,10429,5976,544,8188"
7453,7453,"7120,4929,789,9962,5135,10663,1244,6971,3697,12497"
7456,7456,"1290,789,9962,544,7120,2989,6971,13309,5008,10336"
7484,7484,"1290,7120,4929,11298,10663,6971,1244,9730,9295,2916"
7486,7486,"2218,5303,3950,5495,6971,4798,2140,6220,10326,8562"
7505,7505,"1290,7120,11298,1244,4929,2989,4576,10663,9101,11024"
7529,7529,"8562,4798,13346,10326,2140,4277,8421,13296,10916,6326"
7532,7532,"11298,2989,11024,4576,10389,8978,1244,4664,544,12869"
7548,7548,"6220,10326,13346,8562,5545,3950,12665,6971,4798,5303"
7550,7550,"3950,1978,6220,8562,9404,4277,217,1323,10326,4798"
7557,7557,"10326,4277,8421,4798,350,217,12857,10594,2140,717"
7574,7574,"1290,7120,4929,789,10663,5135,9962,11298,3697,6811"
7586,7586,"1863,7637,8703,7707,9942,6220,2020,544,5976,8562"
7592,7592,"12204,516,3960,873,1219,1213,6935,1290,6318,3652"
7594,7594,"8413,3950,4413,12857,2218,9942,8562,5545,13346,6220"
7600,7600,"2343,4277,10326,8562,9693,13346,9942,10835,2905,5495"
7601,7601,"10326,4798,2140,5303,6971,4277,13346,8562,12857,8161"
7642,7642,"10326,544,6220,1290,4798,4277,5303,9942,7120,12869"
7647,7647,"5303,8413,2140,6971,4413,8562,7063,544,1862,2218"
7650,7650,"6220,8562,8413,2218,3950,544,5303,7707,4798,12665"
7660,7660,"1290,11298,4576,12869,7120,9101,11024,2989,544,10389"
7682,7682,"6220,4798,10326,8562,6971,4277,3950,2218,8590,13296"
7712,7712,"6220,10326,13296,3428,5303,544,5545,2218,3950,13110"
7728,7728,"8562,3950,4798,10594,11000,4277,10916,12857,217,13249"
7763,7763,"8562,6220,4798,3428,13346,5545,10326,13296,12665,5303"
7764,7764,"6971,2218,6220,10326,544,13296,4277,3950,13346,9942"
7765,7765,"2989,11298,11024,4576,1290,11918,3222,10389,4890,9730"
7768,7768,"9942,6659,6220,5545,4798,4413,7707,3950,931,8562"
7776,7776,"1290,7120,9962,789,5135,13309,6811,9866,7817,10336"
7834,7834,"8421,3968,1390,7044,13014,851,5239,222,4843,10326"
7850,7850,"4277,4798,2140,8421,544,10594,2218,217,12857,275"
7860,7860,"1290,7120,11298,2989,4576,4929,1244,9101,10663,11024"
7879,7879,"6971,4798,5303,10326,2140,8590,8421,1290,2218,3055"
7892,7892,"544,1290,9101,2343,11298,7120,4277,9693,789,9962"
7895,7895,"6220,4798,2140,7707,5303,8562,3950,6971,5495,11540"
7901,7901,"6220,4277,3950,4798,10326,5303,8562,12857,544,13296"
7922,7922,"6220,4277,12665,544,4798,6971,3950,13346,8421,9455"
7927,7927,"11969,8562,10326,5303,6220,4798,2140,6971,8421,7707"
7931,7931,"2343,9693,5303,13346,544,2140,4798,2218,6971,275"
7938,7938,"12470,3950,6220,13306,9942,5199,5532,3428,2905,5999"
7942,7942,"4277,8562,3950,544,6220,10326,350,217,8421,10916"
7964,7964,"3950,2218,1323,4602,4413,3340,5545,9942,2990,2305"
7982,7982,"2343,3950,5495,64,7707,5199,2903,10835,12665,2218"
7988,7988,"1290,7120,4929,6971,10663,8302,2784,789,11117,3697"
7992,7992,"4798,8562,10326,13346,4277,6220,5303,8421,12857,2140"
8005,8005,"2218,6971,2343,5532,5303,5199,3055,8922,6638,6529"
8019,8019,"3464,6248,2710,1290,13071,7120,11298,7679,10009,2989"
8026,8026,"6220,3950,13346,8562,4798,10326,12665,9942,2218,6326"
8028,8028,"2343,9693,5532,544,6971,5199,6220,9404,6795,10835"
8085,8085,"13346,6626,12378,7138,11635,50,2205,6503,2343,10395"
8103,8103,"89,6971,4602,8235,3055,7983,7024,12665,5875,5524"
8108,8108,"3950,6220,4277,8562,10326,9072,3428,217,10594,1328"
8137,8137,"2343,6971,8590,9942,5532,5303,12665,3950,9693,89"
8138,8138,"10326,8562,13346,4277,5303,6433,3950,217,12857,2140"
8139,8139,"10326,4798,5303,6971,2218,8562,3950,8421,4277,2905"
8148,8148,"6220,9942,8562,4798,10326,6971,2218,3950,13346,12665"
8150,8150,"10326,8562,4798,6220,3950,275,2140,5303,12665,13346"
8160,8160,"1290,7120,544,2989,4576,11298,9101,11024,12869,6971"
8175,8175,"12665,11639,1328,4277,716,2777,432,5495,12470,217"
8191,8191,"1290,7120,2989,4929,12869,10663,9730,9101,6591,2916"
8198,8198,"6220,4798,6971,2218,10326,9942,4277,2140,8483,3950"
8202,8202,"11298,9101,4576,11024,1290,12995,2989,11918,3427,7605"
8233,8233,"6971,10326,4798,8590,2343,3950,12665,13346,5303,8235"
8251,8251,"6971,4798,13346,5999,5100,12136,4827,5126,2260,443"
8252,8252,"10326,4277,4798,8562,8421,3950,12857,6433,717,217"
8265,8265,"6220,544,10326,6971,2218,5303,4798,8562,7707,275"
8267,8267,"10326,4798,8421,8562,5303,8161,10916,6433,12857,1634"
8268,8268,"8562,13346,6326,12665,12857,3577,10326,9942,5303,227"
8294,8294,"2343,6971,544,9693,2140,5532,10835,6220,5199,6795"
8299,8299,"1290,7120,789,9962,11298,4929,1244,13309,12869,3290"
8302,8302,"10326,2218,5303,4277,4798,2140,9072,12857,8421,3950"
8303,8303,"1290,4929,789,1244,5135,12497,6971,11298,9101,2989"
8323,8323,"6971,8590,2343,6220,5199,10326,2218,8562,9693,4798"
8327,8327,"2218,6971,6220,3950,5303,5545,12665,89,7983,3055"
8331,8331,"3950,6220,2218,6659,3055,5303,9942,11384,7063,2789"
8332,8332,"1290,11298,7120,4576,1244,789,9101,11024,5135,4664"
8334,8334,"6220,3950,8562,5545,2218,11572,4798,13296,5495,9942"
8337,8337,"1290,7120,11298,544,1244,2989,9295,4576,4929,12995"
8341,8341,"13346,3950,8562,6326,4798,2905,10326,9942,5999,11622"
8361,8361,"10326,6971,13296,4798,9942,8562,5303,5545,8590,1290"
8369,8369,"3950,2218,9404,9072,6971,2411,6220,4277,9733,2140"
8378,8378,"6971,5303,10326,8421,8161,8590,13249,3055,13346,5532"
8407,8407,"11024,11298,7679,4576,2989,3464,10389,1779,8978,11918"
8419,8419,"1290,7120,4576,1244,11298,544,4664,11024,9101,2989"
8424,8424,"13296,5303,8590,6971,8562,544,10326,7707,2218,1290"
8425,8425,"4277,6220,5303,8562,2140,2218,10326,13249,8421,3950"
8438,8438,"1290,7120,4929,5135,10663,789,9962,3697,11117,9405"
8447,8447,"10326,4277,4798,12857,5303,8421,8562,6971,10916,217"
8458,8458,"12869,9962,7063,1240,2291,9960,11298,5946,10542,5747"
8463,8463,"10326,6220,4798,6971,5303,8562,2218,544,4277,2140"
8471,8471,"6971,4798,3950,2140,12665,3055,10326,2218,8562,8590"
8472,8472,"1290,7120,4576,11298,9101,11024,7679,10389,1244,12869"
8477,8477,"6971,5303,2343,6220,4798,8562,10326,544,10835,5199"
8478,8478,"2343,6971,9693,544,12665,6220,2218,2140,5495,5303"
8483,8483,"1290,789,11298,7120,89,9295,9962,5135,4036,2784"
8496,8496,"10326,6971,1290,3950,8590,8562,5303,5532,5199,7120"
8497,8497,"8562,10326,3950,6220,13346,217,12857,4798,3428,8421"
8501,8501,"10326,4798,13346,8562,3950,5999,8413,6220,2218,5199"
8506,8506,"3950,6220,9942,13346,2218,13296,5545,10326,3428,13306"
8520,8520,"10326,4798,6971,4277,8562,5303,3950,12857,2140,6220"
8524,8524,"544,4576,6220,4277,11024,12665,11969,10326,10137,11298"
8531,8531,"4798,8562,3950,8413,13346,6326,10326,2140,50,275"
8556,8556,"10326,544,4277,8562,6220,5303,4798,350,2218,717"
8579,8579,"4576,11024,11298,9730,10389,2989,1290,1244,9101,10137"
8585,8585,"6220,2218,13296,544,7707,5545,10326,3950,5495,13110"
8591,8591,"6220,10326,3428,12665,13296,5545,9942,4798,11969,5303"
8592,8592,"1290,7120,4929,10663,6971,2916,6243,5135,789,9101"
8596,8596,"3950,6220,9942,8562,5545,3428,4798,2218,1978,13346"
8598,8598,"10326,3950,6220,5303,4277,2218,13296,3428,9942,544"
8608,8608,"1290,7120,10663,12497,6243,6971,11298,3697,8567,296"
8610,8610,"1290,7120,11298,1244,4929,10663,9962,789,5135,4576"
8617,8617,"1290,7120,11298,9295,1244,4929,11024,10607,4664,4036"
8621,8621,"2218,5303,5495,5199,6971,1912,4798,5123,5999,1746"
8629,8629,"3420,11013,8068,9093,5766,6708,10917,13182,5310,2671"
8649,8649,"5532,12665,5819,7715,5495,5866,4750,2705,2857,1290"
8652,8652,"7120,4929,2916,789,5135,1244,9962,6243,11298,12497"
8714,8714,"2989,1290,8590,6220,7120,13296,10607,11660,6018,9295"
8718,8718,"5875,8235,5524,11403,7024,3950,89,12662,9942,10315"
8733,8733,"1290,11298,4576,9101,12655,544,11024,7120,1779,2989"
8734,8734,"6220,5545,3428,3950,13306,13110,4413,4602,12665,3509"
8754,8754,"8562,2218,5495,5303,544,217,3950,6220,2140,1978"
8771,8771,"6220,8562,2218,8413,4798,2140,13296,6971,8205,7707"
8791,8791,"544,6220,2343,10326,4277,4798,6971,13346,8562,8590"
8794,8794,"8562,6220,4798,3950,810,5545,5303,10326,13346,3428"
8797,8797,"350,9453,8822,11758,4560,788,10810,11162,10326,8562"
8804,8804,"10326,4798,13346,6220,3950,8562,13296,8590,4277,8421"
8809,8809,"6971,12857,10326,13346,275,2140,4277,5303,4798,50"
8823,8823,"1290,7120,11298,4929,11024,4576,10663,4664,2989,2916"
8833,8833,"4277,10326,10916,8562,3950,9404,5545,8421,12665,5364"
8835,8835,"1290,7120,2343,9693,4929,11298,12869,1244,9295,10663"
8840,8840,"6971,2140,4798,7063,5303,4877,9771,3950,2291,8053"
8842,8842,"8413,1290,2230,5819,4181,7715,10506,238,322,544"
8860,8860,"11024,6220,1290,4576,544,11298,10389,12665,12869,5545"
8866,8866,"4277,10326,8421,4798,8562,5999,666,5532,2343,12398"
8877,8877,"8562,1102,6515,13230,11201,8839,5980,6971,4568,1866"
8887,8887,"8562,8413,5532,5731,9190,10835,9264,3950,2218,6220"
8895,8895,"11739,2770,5789,9854,350,3243,12621,10741,10766,10326"
8907,8907,"1290,7120,1244,11298,789,9962,5135,4929,11024,9295"
8921,8921,"4277,350,2140,8161,10326,4798,5303,6433,4492,11000"
8928,8928,"11298,1290,3464,11024,7679,10674,7120,11554,9330,10389"
8936,8936,"10594,2218,4685,3013,4351,4939,8155,217,834,11384"
8965,8965,"2343,9693,10326,4798,6971,6220,9942,544,5303,5532"
8971,8971,"2343,9693,12665,5532,6220,10835,6795,6971,9942,3950"
9000,9000,"1290,7120,544,4576,11298,11024,1244,9101,10389,4664"
9023,9023,"12665,4277,544,2343,3950,2218,6220,10077,9693,5532"
9025,9025,"1290,6971,8590,5303,10326,12665,2140,275,7120,5199"
9031,9031,"3950,6971,5999,2218,2903,8235,5532,9942,2789,6529"
9045,9045,"4798,10326,6220,1290,4277,2218,5303,6971,9942,7120"
9053,9053,"6220,12665,8562,7707,6971,3950,3055,2218,13346,10326"
9054,9054,"9942,6220,3950,3428,5545,2218,12665,13346,5303,2343"
9060,9060,"6220,8562,10326,5303,2218,2140,3950,13296,6971,4798"
9063,9063,"8562,3950,8413,6220,9942,4413,11540,2218,13346,2585"
9071,9071,"6220,8562,3950,9942,2218,3428,12665,7707,13296,5545"
9078,9078,"2343,544,9693,5532,4388,4798,4416,2537,8608,7964"
9101,9101,"6220,4798,8562,10326,3950,13296,13346,5545,4277,9942"
9108,9108,"6220,3950,5303,2140,5545,3428,9942,6270,544,13310"
9110,9110,"10326,2218,4798,4277,8562,12665,12857,6433,2140,5303"
9114,9114,"2989,11298,6220,4576,544,1290,11024,5495,11969,10389"
9144,9144,"1290,11298,7120,1244,11024,4576,544,9101,10607,4664"
9172,9172,"1290,6220,7120,1863,544,9083,8981,589,7637,10429"
9185,9185,"7707,6220,1863,10429,13296,544,8562,5976,1290,3487"
9190,9190,"4798,3950,6220,8562,10326,5303,6971,12857,2140,5642"
9193,9193,"3950,6220,10326,8562,2140,2218,4798,12857,13346,13249"
9198,9198,"4277,2140,5303,10326,7138,9340,4908,4798,2147,11320"
9200,9200,"1290,7120,6971,6220,544,10326,2218,789,9942,5303"
9201,9201,"1290,7679,7120,11298,4576,12995,3464,2769,11024,2989"
9204,9204,"544,10326,5303,6971,4798,8590,2343,13296,3950,2218"
9215,9215,"1290,7120,4929,2140,10663,6971,4798,2916,10326,12497"
9222,9222,"1290,7120,12869,9730,11298,4576,9101,4664,5135,789"
9233,9233,"4277,4798,5303,8421,350,3950,1328,13346,8562,12665"
9235,9235,"1290,4576,7120,11024,9101,544,1244,6220,13296,2989"
9245,9245,"1290,789,7120,4929,13309,9866,10336,1244,5008,7817"
9275,9275,"89,1290,12665,5875,7024,8235,5375,12253,12628,6509"
9308,9308,"6220,9942,544,8562,3428,13296,5545,7707,2218,3950"
9323,9323,"4277,2218,8421,217,9340,717,544,10326,9072,1634"
9329,9329,"10326,8562,3950,6220,5303,13346,12665,5545,5495,2343"
9355,9355,"8562,3950,6220,2218,4798,6971,5545,5303,8413,10326"
9369,9369,"10326,4798,5303,12857,2140,6433,4277,13249,2218,13346"
9386,9386,"8188,7707,11484,6220,12226,3269,11745,3987,5495,8562"
9388,9388,"6220,4798,544,5303,7707,12665,13296,6971,5545,2140"
9401,9401,"1290,7120,11298,9962,789,4929,5135,10607,4664,10663"
9418,9418,"6220,10326,2218,3950,9942,2140,5545,7707,4798,544"
9433,9433,"4277,4798,8562,13346,10326,3950,8421,217,8483,13249"
9440,9440,"4277,10326,544,217,8562,8421,6220,4798,350,3950"
9446,9446,"3950,2218,13346,13306,8562,4277,10326,9942,5199,3428"
9464,9464,"5495,12470,7707,5676,544,2218,8188,12086,2585,232"
9477,9477,"8562,5303,4798,6220,3950,275,2140,5495,10326,2218"
9488,9488,"1290,7120,11298,4576,6971,11024,1244,4664,10607,10389"
9500,9500,"10326,4798,4277,8421,350,10916,13346,717,12857,8562"
9502,9502,"4798,8562,3950,3428,13346,544,10326,2218,5545,4277"
9507,9507,"2343,9693,2903,5199,3055,8235,7024,2537,6638,2218"
9528,9528,"7120,4929,11298,2989,10663,4576,7679,4664,9101,2916"
9539,9539,"4798,10326,2218,6220,4277,2140,3950,12857,8562,13346"
9566,9566,"544,2343,10326,6971,9693,9101,4798,11298,2140,4277"
9575,9575,"4798,10326,2218,13346,12857,8483,9340,11000,8562,5199"
9583,9583,"5495,4798,13346,10326,3950,5303,7707,2218,4277,6220"
9589,9589,"10326,4277,3950,4798,13346,6971,6220,8562,275,544"
9591,9591,"10326,4798,6971,3950,5303,2218,2140,8421,8562,12857"
9617,9617,"11384,5495,3515,7138,10326,4798,1290,544,1286,1104"
9620,9620,"8562,6220,3950,13346,9942,2343,12665,10326,7707,5545"
9622,9622,"5495,2905,3950,5999,9393,4277,4463,5109,406,5557"
9631,9631,"3222,4576,12869,1290,11918,789,12995,9101,9732,4142"
9655,9655,"8562,3950,1042,8822,3149,11910,13296,12130,8413,10984"
9658,9658,"10326,4798,2343,544,2140,6220,5303,5495,7707,6971"
9660,9660,"1290,7120,9730,9101,4929,11298,4576,10663,2916,9295"
9669,9669,"1290,7120,789,4929,9962,5135,10663,4387,12030,13309"
9672,9672,"4798,5303,13346,3950,4277,12857,10326,12793,10138,6326"
9684,9684,"6952,8540,10352,8599,8673,4832,2363,1290,544,10326"
9702,9702,"1290,7120,4929,789,9962,10663,5135,1244,11298,6971"
9705,9705,"1290,7120,6971,10326,8590,8562,4929,12857,2218,6220"
9722,9722,"1290,12869,1244,7120,11298,4576,544,11024,9306,10137"
9732,9732,"1290,11298,1244,7120,4576,9730,9101,4664,11024,7679"
9781,9781,"12655,4576,3238,2874,11298,1224,7679,11532,8822,2989"
9803,9803,"5495,5303,2218,5532,544,10835,6971,2343,8279,13112"
9809,9809,"2218,10326,3950,8562,2343,64,5495,10835,5532,1328"
9814,9814,"10326,4277,2140,6971,8421,12857,8562,5303,10916,3950"
9818,9818,"2218,6971,6220,5532,5303,2343,3950,5199,10835,2140"
9820,9820,"2905,6220,5532,3950,12611,9693,2140,2343,4798,5999"
9848,9848,"4277,10326,5303,2140,544,4798,4694,350,1017,8161"
9856,9856,"4798,10326,6971,3950,8562,5303,4277,2140,5545,544"
9869,9869,"6220,12665,5303,6971,8235,3950,7024,7983,13191,3055"
9889,9889,"10326,2218,5303,2140,6971,6220,8413,4798,8590,8562"
9923,9923,"4798,4277,10326,8562,5303,8483,3950,350,6971,8421"
9929,9929,"3950,8562,13346,12665,3055,454,4798,11622,8333,5177"
9961,9961,"1290,7120,12665,11298,11024,89,4929,10663,1244,7024"
9969,9969,"4798,6971,2218,10326,4277,8421,5303,1290,217,8590"
9974,9974,"1290,7120,89,2343,6591,4576,11298,9101,4929,11024"
9976,9976,"1244,3222,12869,11024,11298,11918,12995,1290,1862,4664"
9989,9989,"6220,9942,3950,8562,5495,4798,5303,6971,12470,2140"
9993,9993,"6971,12665,8562,5303,2343,5545,4798,7707,3950,12606"
10002,10002,"10326,6659,544,2989,5303,1290,6307,275,1328,7120"
10011,10011,"1290,11298,7120,11024,9730,4576,4664,7679,10137,2989"
10016,10016,"10326,4798,6220,5303,8562,9942,2218,6971,3950,544"
10028,10028,"9942,3428,5545,6220,11800,1254,5077,57,12724,5209"
10029,10029,"9942,6220,13346,2218,10326,3950,5545,13249,5495,3428"
10033,10033,"12665,5303,3055,3950,2218,8922,1220,1230,1286,10835"
10042,10042,"10326,6971,5303,3950,2140,12857,4798,6220,8562,10594"
10046,10046,"4798,10326,4277,3950,8562,13346,10916,12857,13249,217"
10061,10061,"4277,4798,6220,8562,544,8421,3950,10594,6433,350"
10071,10071,"6220,4277,3950,9942,2218,217,13346,13249,10594,1978"
10084,10084,"4798,6971,13346,8562,2140,8421,10326,6220,12665,8161"
10091,10091,"8562,6220,4798,10326,8421,9470,4482,12578,5999,8221"
10102,10102,"11298,1244,4576,4929,544,10663,2989,4664,11024,6220"
10104,10104,"2218,8562,5303,3950,4277,4798,5495,6220,6971,10326"
10121,10121,"1290,7120,6971,4929,789,10663,5135,12497,8922,1244"
10131,10131,"3950,6220,13346,5545,9942,4798,3428,8562,4413,1598"
10134,10134,"10326,4277,2140,4798,275,8161,6971,544,5303,4877"
10139,10139,"1290,7120,4929,10663,2916,12497,11298,1244,3697,9295"
10144,10144,"3950,3055,5199,6220,8562,13346,10835,2218,5532,5999"
10155,10155,"2218,3950,4798,8562,5303,6971,11396,4947,2199,8421"
10168,10168,"13296,1863,1290,6220,7637,9564,8703,7707,10429,7120"
10178,10178,"1290,544,2989,9101,9942,6220,6971,10326,11298,11024"
10186,10186,"9693,12665,8562,5545,9942,6220,3950,13346,5532,9404"
10190,10190,"4277,10326,350,10594,8421,851,8161,217,9489,717"
10194,10194,"8562,4798,3950,13346,4277,2218,12857,9455,6326,1978"
10196,10196,"13346,9942,3950,5676,4413,5545,1598,8562,329,1574"
10215,10215,"10326,4277,4798,6971,5303,8562,2140,8421,6433,12857"
10218,10218,"6220,9942,10326,8562,5303,6971,3950,12857,5545,3870"
10251,10251,"6220,8562,8188,5545,3950,7707,13346,12857,2218,10326"
10252,10252,"1290,7120,9295,789,6220,9962,5135,1244,11298,8590"
10262,10262,"5495,2903,5199,12099,4266,10835,1619,8235,7024,1290"
10266,10266,"6220,9942,544,12665,2343,5545,3950,13296,6971,2218"
10271,10271,"6220,2140,10326,2343,6971,9942,4798,8562,5545,13296"
10277,10277,"8562,10326,5303,6971,3950,13346,2140,4798,2218,6326"
10282,10282,"10326,1290,12665,5303,8590,4798,8421,1244,6971,7120"
10286,10286,"1290,7120,4929,10663,789,12030,1400,9962,3697,2286"
10305,10305,"10326,810,13346,4798,1889,2343,10063,4053,10916,5999"
10309,10309,"9942,6220,12665,2218,5545,8562,13296,3950,6971,4798"
10335,10335,"1290,7120,4929,11298,10663,1244,4576,9730,12869,2916"
10340,10340,"1290,11298,4576,7120,2989,11024,4664,12995,10137,10389"
10375,10375,"6220,4798,9942,8562,8413,12665,4430,5303,4181,1943"
10388,10388,"10326,4798,6971,5303,2140,2218,13346,8562,275,8161"
10397,10397,"10326,4798,5303,8413,4277,12857,1889,3950,11540,13346"
10402,10402,"3950,5545,6220,2218,12665,9942,4413,13346,11403,6971"
10407,10407,"544,4277,6220,5303,350,2343,3428,1978,810,5885"
10408,10408,"2140,9306,7439,3064,4877,5946,13214,10326,8510,2291"
10416,10416,"3950,6220,13346,4798,2343,10326,1220,4277,12857,12665"
10448,10448,"10326,8562,4798,6220,3950,2140,5303,544,275,13346"
10454,10454,"3950,13346,10326,8562,3799,13249,13296,2645,5495,9942"
10499,10499,"4277,10326,4798,8421,717,217,8161,2158,6433,1290"
10503,10503,"3950,2140,8823,11351,4988,8296,8279,3762,6788,5538"
10504,10504,"2989,11298,11024,3464,12869,7679,4545,544,9730,4576"
10508,10508,"10326,4798,5303,4277,2140,544,8421,2218,8161,8590"
10514,10514,"8562,3950,13346,6220,10916,4277,6326,1598,5545,810"
10526,10526,"4277,3950,4798,10326,12857,13346,8562,8421,6433,6326"
10540,10540,"4798,6220,10326,13346,5303,4277,3950,9942,6971,275"
10542,10542,"4277,10326,217,8421,350,544,717,9340,2343,3416"
10551,10551,"6220,4798,10326,544,8562,6971,5303,8590,9942,13296"
10554,10554,"6220,544,5303,12665,8562,3055,5199,7707,1978,10835"
10555,10555,"6220,11484,1607,10429,3487,11744,1875,8444,589,8590"
10556,10556,"2140,5610,227,3766,3055,7547,7745,12856,5743,4472"
10562,10562,"2140,12857,6971,9072,4798,2218,10326,2905,31,3950"
10575,10575,"1290,11298,7120,11024,12869,9730,10607,10389,4576,9295"
10576,10576,"10326,8421,5303,4798,8562,350,217,2140,10916,9340"
10582,10582,"10326,3950,2218,6971,4277,5303,8562,544,12665,9942"
10584,10584,"3950,8562,6220,13346,4798,10326,9942,2218,5303,3428"
10606,10606,"10326,9942,4798,3950,6220,544,4277,5303,12665,2140"
10611,10611,"4277,544,4798,717,8421,217,350,5303,8483,10077"
10613,10613,"544,10326,1290,4798,8421,217,11969,3950,717,4576"
10614,10614,"7707,10429,1863,7725,5976,7706,12723,6220,8188,2218"
10623,10623,"8235,7024,4715,12662,7289,6509,3016,12550,6696,13191"
10647,10647,"12869,4163,11298,2957,11024,1851,4216,1290,1558,7120"
10657,10657,"10326,8421,12857,2140,10594,5303,4277,4798,8161,851"
10670,10670,"10326,4798,10594,4277,8421,8161,10916,2140,12990,4322"
10679,10679,"1290,11298,7120,12869,9295,11024,10389,4576,1244,10607"
10680,10680,"4798,2218,6220,5303,8562,13346,3950,2140,10326,6971"
10699,10699,"6971,13346,5495,2218,8590,4798,8562,10326,6220,5303"
10715,10715,"217,4277,238,2343,717,9105,2158,12857,3428,10326"
10720,10720,"3950,13346,4798,8562,5303,12665,6326,8413,10326,10340"
10735,10735,"6220,8562,6971,3950,1290,10326,13296,9942,544,5545"
10742,10742,"6220,6971,2218,10326,13296,12665,8562,5303,3950,544"
10744,10744,"8421,2580,217,4616,7305,7166,7243,837,3659,4453"
10747,10747,"3950,10326,13346,544,4277,6971,10568,2140,5303,12665"
10769,10769,"2343,9455,6839,1933,64,5199,9693,8279,8590,4246"
10795,10795,"4798,2218,6971,2140,5303,8562,10326,4277,275,3950"
10817,10817,"1290,11298,7120,1244,10607,11024,789,9295,5135,9962"
10819,10819,"5303,10326,6971,13346,3055,12665,2140,5461,6220,7679"
10828,10828,"6220,10326,13296,3428,5303,544,5545,3950,2218,13110"
10860,10860,"3950,8562,5303,4798,13346,12857,3428,5545,2789,2218"
10868,10868,"2343,9693,11298,4576,9101,9730,2989,10137,2537,6834"
10895,10895,"13346,4798,12857,10916,8562,10326,6326,13249,3950,6433"
10900,10900,"10326,6971,4798,5303,2140,8161,8421,10916,8590,13346"
10912,10912,"3464,8315,2769,10009,12458,363,11298,1290,1317,5760"
10934,10934,"1290,7120,1244,11298,4576,10326,4929,544,2989,10663"
10947,10947,"5495,12470,6971,10326,5303,5199,2140,544,10835,2218"
10950,10950,"10326,6971,2140,6433,12857,4277,4798,8421,5303,3950"
10964,10964,"1290,7120,11298,1244,789,9962,10607,5135,4664,4929"
10965,10965,"9942,7707,12136,7715,5495,8413,8681,9203,9454,11772"
10968,10968,"10326,544,2218,5303,4277,217,2140,350,13249,8421"
10972,10972,"4798,3950,13346,6971,5303,4277,8421,8562,2343,12857"
10975,10975,"4277,10326,8510,9306,7383,10093,544,4798,6433,7464"
11028,11028,"10326,4798,9942,3950,5545,8562,4277,13296,3428,13346"
11030,11030,"1290,6220,4576,8590,11298,13296,2989,544,7120,12665"
11044,11044,"2343,6220,544,10326,7707,89,6971,5545,5303,4576"
11048,11048,"3950,2140,2905,4798,13346,6220,12857,10326,2330,6971"
11065,11065,"1290,6971,2218,6220,7120,5303,9295,8562,2989,544"
11085,11085,"1290,9962,789,5135,7120,1244,10607,11298,9405,3697"
11088,11088,"8562,6971,4798,13346,5303,7707,9937,4698,5149,2218"
11100,11100,"1290,11298,7120,11024,4576,1244,9101,12869,10389,2989"
11102,11102,"3950,4798,8562,13346,10326,12857,13296,6220,8483,8413"
11105,11105,"2343,10835,1290,5532,9693,5199,2903,6971,5999,1244"
11107,11107,"8562,3950,10326,13346,6220,4798,2218,9942,8421,5545"
11109,11109,"1290,7120,544,6220,1863,4929,10429,4576,1487,7707"
11120,11120,"1290,7120,4929,11298,1244,10607,9295,11024,789,2916"
11121,11121,"3950,8562,6220,6971,13346,4798,10326,5303,13249,4277"
11133,11133,"8911,6307,2034,10974,10732,8257,9375,449,2263,1290"
11149,11149,"10326,9942,12857,6971,2140,5731,4798,13249,5303,6433"
11152,11152,"1290,7120,11298,4576,11024,2989,4664,1779,1244,9730"
11160,11160,"13346,9942,3950,275,4798,5545,6220,5303,4413,3428"
11163,11163,"10326,3950,6220,4798,12665,8562,13346,4277,8590,275"
11168,11168,"7063,7445,5970,2291,3769,8675,1242,696,1290,8810"
11193,11193,"6220,5303,7707,1978,544,12793,9863,4976,11000,11808"
11200,11200,"9942,6220,3428,8562,13296,3950,5495,12470,13110,6659"
11210,11210,"1290,7120,4929,6971,10663,2916,6243,12030,3697,8567"
11215,11215,"10326,8421,10594,11384,10916,5199,7867,8562,12857,8505"
11219,11219,"1290,7120,9962,4929,789,5135,10663,3697,2916,13309"
11243,11243,"2140,4877,2291,8421,4277,6588,4798,9865,10326,12476"
11253,11253,"1290,7120,2989,11298,4576,9101,544,12869,1244,10389"
11261,11261,"6220,13296,5545,5303,2218,3428,3870,9942,3950,4413"
11280,11280,"2343,9693,5532,4388,5199,544,3909,10835,12398,6529"
11285,11285,"1290,7120,1244,789,11298,9962,6220,10607,5135,11117"
11309,11309,"3950,8562,6220,2140,6326,10326,13346,1598,9942,5545"
11312,11312,"6971,3950,9404,5495,9942,2218,12665,2343,5545,1746"
11314,11314,"2343,4277,350,8421,64,717,10326,217,13346,9693"
11325,11325,"10326,4798,2343,4277,8562,544,6220,13346,6433,8590"
11327,11327,"6220,5303,7707,8562,5545,4798,9942,13296,10326,544"
11359,11359,"10326,9942,13346,4798,6971,544,275,12665,6220,13296"
11366,11366,"11554,9491,8315,9289,1371,6377,5494,7220,11484,10960"
11368,11368,"1290,11298,7120,9101,2989,1244,11024,4576,12869,10389"
11371,11371,"8590,5495,13112,13346,6326,5199,6971,10326,2343,10835"
11376,11376,"544,2218,217,2989,4277,7707,8421,8562,2343,4798"
11377,11377,"10326,4798,8562,13346,4277,6220,5303,6326,2140,3950"
11383,11383,"4798,5303,6971,10326,6220,2140,8562,2218,275,544"
11416,11416,"1328,1221,7480,4072,10326,1261,8093,8673,7862,11655"
11444,11444,"1290,10326,4277,4576,6971,9101,1244,6220,4929,11298"
11445,11445,"8562,10326,4798,4277,544,217,3950,8421,350,6220"
11448,11448,"9693,544,6795,6220,2537,5532,6834,1220,64,10326"
11469,11469,"6971,725,6796,9229,12451,4308,273,3303,6373,13162"
11487,11487,"7120,544,2343,4929,6971,10663,6220,2989,2916,9693"
11492,11492,"5303,6220,5495,2343,5532,8562,4798,10835,13346,275"
11503,11503,"544,6220,4277,7707,2218,1404,6659,10326,5303,13296"
11504,11504,"2903,6270,9275,1943,4956,2127,11772,9351,36,12019"
11515,11515,"6220,10326,3950,4277,9942,4798,13346,8562,13296,217"
11547,11547,"10326,6971,6220,12665,3950,4798,13346,9942,2343,8590"
11552,11552,"2343,10326,6220,3950,4798,6971,13346,544,8562,12665"
11567,11567,"10326,6220,4798,8562,3950,4277,13346,217,9942,12857"
11581,11581,"10326,544,4798,2140,9942,6971,5303,13296,6220,1290"
11589,11589,"1290,11298,7120,4576,12869,11024,789,2989,1244,9962"
11591,11591,"12665,11298,1290,11024,89,10137,7120,9942,2989,576"
11595,11595,"1290,7120,11298,9962,9295,5135,1244,13309,4929,2885"
11604,11604,"544,1290,6971,2218,7120,10326,6220,4798,2140,4277"
11608,11608,"6220,10326,8562,3950,12665,5303,2218,13346,6971,4798"
11627,11627,"3950,2218,8562,13346,6220,4798,8421,3055,10326,4413"
11646,11646,"6220,8562,5495,3950,3428,12665,7707,5545,8413,4798"
11647,11647,"6220,10326,6971,4798,5303,4277,8483,275,3428,2140"
11675,11675,"5303,2140,6971,2343,3950,10326,2218,13408,2264,5999"
11676,11676,"1290,7120,11298,1244,4929,10663,6971,789,9962,12869"
11696,11696,"10326,5495,7063,2140,7383,13214,544,12871,4798,383"
11700,11700,"8562,7332,7772,10868,11912,12424,10337,696,1290,2193"
11722,11722,"1290,7120,6971,6220,8590,1244,9295,4929,544,789"
11754,11754,"3950,6220,7679,12665,8590,544,9942,5676,10326,13408"
11757,11757,"2343,13408,1220,13346,6971,89,931,10326,9693,9942"
11767,11767,"12665,12757,8562,8235,7024,5875,6971,9458,7053,2218"
11773,11773,"6220,10326,4798,8562,8421,5303,4277,1328,3950,2218"
11777,11777,"9942,3950,6220,4798,8562,5545,13346,13110,13296,3428"
11778,11778,"1290,7120,9101,12869,11298,4576,1244,4929,9962,4163"
11788,11788,"1290,7120,11298,10607,9962,4929,1779,2989,789,3697"
11790,11790,"1290,7120,4929,10663,10326,8590,6971,2916,9962,12497"
11811,11811,"1290,7120,4929,1244,11298,10663,4576,9101,2916,12497"
11837,11837,"1290,7120,1244,11298,4664,10607,4929,4576,5135,10663"
11859,11859,"13346,2218,8235,3950,11403,6220,4413,10326,4798,5875"
11865,11865,"13296,6220,7707,10429,9083,9689,1290,7725,5976,7637"
11867,11867,"3950,8562,6220,4798,5495,7707,11540,7138,1328,8221"
11871,11871,"544,2218,1290,7120,5303,6971,11298,11969,6220,2989"
11879,11879,"7120,1244,11298,4576,10663,10607,2916,9101,9962,5135"
11880,11880,"10326,4798,4277,8421,8562,2218,5303,717,350,10594"
11908,11908,"2140,5303,4798,5495,6971,8922,2343,3055,10326,275"
11912,11912,"5303,6971,2218,275,4798,8794,8235,10326,3055,11194"
11925,11925,"4277,13346,2343,64,717,8421,3950,10326,4798,1328"
11933,11933,"6220,8413,8562,5545,8188,7707,5676,1862,2218,13296"
11945,11945,"10429,1863,5976,589,10802,10090,544,12723,7706,1290"
11948,11948,"4798,8562,3950,5461,10326,13249,13346,11751,11795,5495"
11952,11952,"5303,10326,1634,8421,4315,4798,10608,8161,5497,11115"
11957,11957,"62,8302,1290,4469,11515,2784,4798,633,4843,544"
11959,11959,"4798,10326,9942,4277,2343,6220,3428,50,8562,10835"
11967,11967,"2218,6220,8562,5545,3950,8235,8413,8188,7707,12665"
11969,11969,"12606,2580,5069,1421,11939,414,7851,6363,1290,10424"
11970,11970,"6220,7707,8562,2218,4277,5545,13306,13296,3428,2343"
11975,11975,"6220,10326,5545,3950,9942,12665,7707,8562,3428,13296"
11995,11995,"8562,3950,6220,12665,5199,9942,13346,2343,9404,1323"
12002,12002,"1290,7120,11298,2989,4576,1244,544,4664,11024,12869"
12022,12022,"1290,7120,9962,789,12869,5135,4664,11298,1244,13309"
12032,12032,"9375,8911,1213,6307,5760,10732,4935,6659,1290,10326"
12036,12036,"1290,9101,7120,11024,1244,4576,2989,10389,4664,544"
12066,12066,"2343,4277,4798,9693,6971,275,9455,5731,9093,2140"
12077,12077,"1290,7120,4929,789,9962,5135,10663,1244,3697,13309"
12078,12078,"4277,4798,10326,5303,2140,8421,3950,6971,11000,8161"
12084,12084,"4798,6971,5303,8562,2140,10326,6220,12665,275,13346"
12089,12089,"8562,6220,6971,5545,3950,2140,5303,10326,2218,4798"
12106,12106,"10326,6220,2989,1290,4277,11969,4576,12869,10389,11298"
12107,12107,"12665,8562,8188,13346,3950,4413,2218,558,9680,2759"
12111,12111,"6220,3950,13346,6971,12665,10326,5303,8562,275,2218"
12131,12131,"4798,10326,5303,2140,8562,6971,9942,6220,8413,1634"
12139,12139,"4798,9693,13346,8562,6220,10326,6971,6834,2537,3870"
12141,12141,"6220,7707,2218,8188,5495,13346,13437,8358,8838,722"
12144,12144,"1290,7120,1244,11298,5135,4664,10607,544,9101,13309"
12150,12150,"6220,3950,8562,5545,9942,2218,6971,4798,5303,4413"
12151,12151,"10326,6220,544,4277,12665,4798,6971,217,9455,8421"
12162,12162,"3950,9182,3525,3980,997,5992,2789,2029,9292,5280"
12170,12170,"4163,4940,11554,2957,4216,10674,1371,1558,2709,7971"
12182,12182,"1290,544,7120,5303,5199,5532,2903,9693,5495,10835"
12185,12185,"6220,10326,5303,4798,13346,8562,13249,3950,4277,5495"
12191,12191,"10326,6220,5303,2218,3950,10594,12857,2140,8562,9942"
12197,12197,"2343,9693,5532,6971,544,5999,10835,11357,5199,1290"
12204,12204,"1290,11298,7120,11024,2989,4576,9295,1244,789,4664"
12229,12229,"544,2343,6220,9693,6971,4798,8562,3950,5545,13296"
12231,12231,"1290,544,7120,11298,4576,2989,9101,6971,11024,1244"
12234,12234,"6220,5976,7707,12606,1863,10429,1290,544,8562,7619"
12238,12238,"6971,4798,10326,6220,2218,8562,5303,13346,2140,3950"
12242,12242,"8562,4798,217,5303,13346,3950,10326,12857,11540,11871"
12260,12260,"10326,13346,8562,6220,8421,4277,13249,12857,10916,2905"
12262,12262,"5495,5199,5532,2343,10835,4117,5999,3950,2903,3055"
12281,12281,"6220,2218,5303,10326,8562,8590,7707,5495,6971,3055"
12289,12289,"9693,10326,6795,64,544,2537,4798,5532,6834,9532"
12306,12306,"3950,8562,6971,4798,2140,6220,5303,10916,12857,10326"
12326,12326,"4798,10326,7824,10506,8022,3506,3950,9738,12138,7063"
12337,12337,"3950,8562,6220,2343,4798,2140,13346,9693,3428,12665"
12355,12355,"1290,544,7120,4576,2989,1244,11298,4929,9101,11969"
12371,12371,"3950,6220,4798,2218,2343,5545,10326,7707,3870,3428"
12372,12372,"12665,5875,8235,7024,12662,4715,12628,2343,12550,2145"
12373,12373,"10326,4798,4277,8421,1328,350,8562,12857,2158,6433"
12390,12390,"7120,4929,10663,2916,12497,6243,544,6971,7637,2020"
12405,12405,"2343,9693,544,10326,5532,6795,4388,10835,5866,5199"
12407,12407,"1290,8703,7637,7120,6043,2020,9668,5342,9564,544"
12408,12408,"9942,6220,544,5545,5676,5461,7707,5495,13296,3870"
12419,12419,"8590,6971,11484,2218,1290,7120,6659,275,5303,4858"
12423,12423,"12111,8276,12321,2273,10719,3823,976,1290,544,6134"
12426,12426,"7120,11298,4929,544,6971,1244,9101,10663,11024,2989"
12452,12452,"4798,10326,8590,13346,6659,8421,8562,1328,217,13249"
12480,12480,"4576,544,9101,11024,7679,4664,11298,2989,12869,10137"
12530,12530,"5303,4798,6971,8562,9942,10326,7637,7707,6220,1290"
12546,12546,"6971,2343,4798,1290,10326,8590,8562,5303,8703,7637"
12556,12556,"1290,7120,1244,4929,4576,2989,10663,11024,9101,4664"
12573,12573,"2218,5303,5545,8413,6220,3428,9942,5495,4181,10326"
12592,12592,"6220,10326,4798,8562,3950,13346,9942,9693,13296,2218"
12596,12596,"10326,8562,4277,3950,13346,6220,4798,12857,8421,10916"
12599,12599,"1290,7120,11298,1244,11024,10607,4929,9295,2989,544"
12615,12615,"544,11024,11298,9101,1244,2989,2957,4163,1779,1290"
12618,12618,"3950,9942,3428,8562,13296,5545,7707,544,13306,5676"
12624,12624,"4798,10326,8562,12665,6220,4277,3950,13346,6971,8590"
12638,12638,"2343,9693,10835,6220,861,796,3055,8018,5199,782"
12641,12641,"544,5199,2343,5532,10835,6971,3950,10326,5495,9693"
12644,12644,"1290,7120,4929,9101,544,10663,2989,4576,2343,12869"
12649,12649,"1290,6971,7120,8703,4798,7637,10326,7713,5549,4101"
12654,12654,"5495,2218,8413,8562,8590,11357,5303,4798,275,13110"
12658,12658,"2218,10326,4798,6433,4277,10568,6220,1889,1978,13249"
12659,12659,"7120,544,10326,4798,4277,6971,4929,6220,8590,1244"
12666,12666,"4798,9693,13346,8562,3428,10326,4277,8421,6795,6834"
12669,12669,"12507,13401,6588,4609,11542,2953,12665,9942,2686,4303"
12674,12674,"6220,2218,10326,7707,2140,8413,5303,3950,8562,12665"
12688,12688,"1377,9453,8149,10326,1328,1290,8401,544,10352,9942"
12694,12694,"6220,2218,9942,5545,8413,3950,7707,544,13110,3428"
12709,12709,"10326,4277,5303,4798,13346,8421,2218,8562,6433,275"
12712,12712,"7024,5875,8235,12662,1290,10023,12253,8570,6509,8879"
12722,12722,"12869,4163,11554,10674,1290,9330,7679,2957,11024,4216"
12728,12728,"8188,8562,2218,8981,6892,5149,5495,7637,1290,6676"
12732,12732,"5532,2343,10835,5199,3909,2443,9132,9693,6529,4388"
12736,12736,"4277,10326,8562,4798,2140,6433,350,8421,10594,12857"
12738,12738,"10326,4798,8562,3950,4277,6220,2343,8421,544,6326"
12741,12741,"10326,2218,3950,9942,3428,4277,8562,8421,12470,5495"
12756,12756,"12470,2218,7707,13408,5545,8413,9306,3545,3428,4895"
12764,12764,"6220,2343,6971,2218,10326,5545,8590,5303,13296,3950"
12768,12768,"6971,12665,6220,2343,3950,13296,9693,10326,89,10835"
12773,12773,"8562,4798,10326,2218,12857,2140,5303,6971,6326,3950"
12789,12789,"10326,4798,13346,2140,4277,8562,5303,8421,6971,10916"
12790,12790,"1290,4929,11298,10663,2916,4576,9101,9295,4664,2218"
12801,12801,"5495,5532,13112,1862,6971,8279,10835,1286,5999,7922"
12804,12804,"1290,4929,10663,1244,2916,12869,9962,789,5135,12497"
12833,12833,"6220,3950,8562,5303,10326,13346,2218,5545,5642,4277"
12846,12846,"3950,4798,10326,13346,6220,12857,10916,13249,8421,6433"
12855,12855,"2343,10326,8562,5495,10785,4416,11774,6914,5861,544"
12860,12860,"3950,8562,6971,5303,2218,4798,2140,10326,8590,10568"
12874,12874,"10326,8562,4798,3950,6220,6326,10916,4277,13346,8421"
12875,12875,"13346,3950,5495,8562,2905,5199,5999,7547,4117,11357"
12877,12877,"2218,6220,5545,6659,1118,9899,8188,12029,11585,4049"
12883,12883,"5495,12470,2218,5303,8413,3950,12668,5545,6220,9942"
12890,12890,"8703,7637,9668,10332,9954,13228,2847,1290,6938,12663"
12919,12919,"1290,7120,4929,10663,12497,10674,2916,9295,4163,1244"
12927,12927,"1290,13296,6220,7120,544,1863,1244,10429,9101,9942"
12955,12955,"6971,5495,2343,7707,3950,10326,8562,12470,5545,8205"
12956,12956,"7715,1583,4568,2218,8562,844,8929,8053,3091,5288"
12958,12958,"2140,9771,7439,5747,10326,2291,9942,8387,10912,5946"
12965,12965,"217,6220,12470,2140,1404,3950,4277,3428,9340,544"
12970,12970,"6220,3950,2218,5545,10326,8562,13296,3428,5303,13249"
12996,12996,"2343,9693,6971,6795,10835,6834,2537,5199,13346,9942"
13000,13000,"6220,3950,8562,9942,2218,5545,13346,4798,3428,3870"
13017,13017,"544,2989,11298,4576,11024,9101,1290,4664,10137,10389"
13019,13019,"10326,4277,6971,8562,3950,5303,6220,12857,8421,13249"
13021,13021,"8562,8413,7707,12606,4413,8188,3950,4414,9937,5545"
13022,13022,"10326,2218,8562,4277,4798,6220,2140,544,5303,63"
13063,13063,"5303,2218,8413,8188,6220,4798,8562,9942,13346,2140"
13075,13075,"6971,544,12869,1290,2602,2291,7120,9942,7439,4877"
13076,13076,"3950,2343,2218,6220,13346,2905,10326,10835,5495,5199"
13101,13101,"4798,3950,2140,6971,10326,4277,13346,5199,5495,9942"
13105,13105,"1290,7120,11298,12869,4576,9730,4664,9101,1244,11024"
13115,13115,"10326,12665,6971,544,9942,5303,6220,2218,1290,11969"
13117,13117,"6220,1290,7120,5303,6971,4664,4798,544,8283,4576"
13121,13121,"3950,5303,4798,8562,2140,10326,13346,2789,12857,2218"
13123,13123,"1290,544,2343,7120,11298,4576,2989,6971,9101,1244"
13125,13125,"4798,12857,10326,6220,8413,8562,5545,2218,3950,2140"
13147,13147,"4798,13346,10326,8562,3950,217,1978,8421,6433,6326"
13151,13151,"8562,6220,5303,3950,2140,5731,13375,13346,10326,9942"
13153,13153,"10326,4798,4277,8562,13346,6220,6326,5303,13249,10916"
13176,13176,"1290,544,11298,12869,4576,7120,789,1244,5135,10137"
13180,13180,"6220,8562,9942,3428,2218,3950,13296,5545,7707,2140"
13192,13192,"6659,3870,1328,8562,3950,10326,5495,9942,4798,3423"
13194,13194,"3950,4602,8235,931,5875,4715,7024,7983,5524,12665"
13195,13195,"5303,8562,1978,4277,50,2218,10326,217,11993,6326"
13198,13198,"5303,4277,8421,10326,10568,9340,4798,12857,8483,1912"
13231,13231,"6971,3950,8562,9942,2140,13346,4798,6220,12665,5642"
13234,13234,"1290,7120,4929,789,9962,10663,5135,13309,2916,9295"
13240,13240,"7120,544,11298,4576,2989,11024,9101,12869,10326,4929"
13273,13273,"3950,6220,2218,5303,12665,9942,8590,13346,5545,10326"
13276,13276,"3950,6220,13346,8562,9942,1978,3428,2218,3992,2580"
13283,13283,"10326,8421,2140,8161,12404,4798,4277,717,1912,1180"
13297,13297,"13346,275,3950,10326,8483,8562,12665,1286,4798,5875"
13301,13301,"6220,13346,5303,4798,8562,8413,6971,5461,1290,2218"
13303,13303,"5495,2218,8562,12665,3950,12857,8483,8413,5303,11622"
13321,13321,"1290,7120,11298,9295,789,2989,9962,5135,10607,10464"
13330,13330,"8703,2855,1863,7637,5966,1290,5631,5149,8247,10326"
13338,13338,"1290,11298,7120,9295,789,9962,5135,1244,11024,1779"
13380,13380,"10326,6971,2140,275,2218,5303,8590,4798,8562,3950"
13389,13389,"1290,7120,4929,10663,1244,2916,6243,296,11298,3697"
13390,13390,"3950,5532,6220,9942,10835,2218,4602,5999,11439,12225"
13391,13391,"11298,6971,12869,4576,1290,10326,544,4798,5303,9730"
13401,13401,"8562,4277,10326,3950,13346,544,4798,6220,350,50"
13403,13403,"8590,6971,6220,1290,4482,89,9470,3055,8221,8922"
13407,13407,"10326,544,1290,7120,4576,2140,4277,350,4798,13296"
13413,13413,"2140,217,4277,10326,9598,7063,2861,10594,8972,2291"
13414,13414,"2989,11298,9730,11024,4576,9101,12869,1290,10389,4545"
13446,13446,"4798,10326,4277,8562,8421,5303,13346,6971,2140,12857"
13472,13472,"1290,7120,11298,4576,7679,2989,544,12655,7047,4024"
13488,13488,"4798,8562,3950,5303,13346,6971,10326,2140,6326,5642"
13502,13502,"1290,11298,2343,11024,544,7120,4576,2989,4664,9101"
13507,13507,"1290,7120,11298,2989,9730,4576,9101,10389,1779,10607"
13512,13512,"4798,13346,8562,3950,7707,3870,10326,13249,6659,12857"
13543,13543,"4798,4277,12665,5303,8562,8421,10916,6220,6971,544"
13572,13572,"10326,8562,4798,544,5303,6971,2140,6220,3950,6433"
13595,13595,"1290,7120,4929,10663,6971,8922,1244,6243,12497,12030"
13599,13599,"5495,3950,6220,3428,9942,2218,544,2343,10326,8562"
13608,13608,"9693,10326,5303,6795,2140,64,12665,6220,13346,1978"
13609,13609,"350,9999,10326,9848,478,7480,5241,1290,544,4798"
13630,13630,"4798,3950,2218,2140,9942,6220,12665,6971,10326,2343"
13635,13635,"10326,4798,2140,5303,8421,2218,811,8562,6925,7803"
13645,13645,"6220,3950,4798,8562,10326,6971,3055,5303,9942,2789"
13673,13673,"13346,3055,2343,5199,5532,8421,9532,10835,4798,8505"
13683,13683,"9942,6220,5303,6971,4798,10326,544,3950,5545,2140"
13702,13702,"6971,2218,8590,7715,11403,3055,8235,8922,5731,7024"
13716,13716,"3950,4798,6971,10326,8562,6220,2218,2140,5303,8590"
13724,13724,"11298,2989,9730,4576,544,4929,12869,9101,6971,10137"
13746,13746,"6220,4798,2343,2218,5303,6971,10326,3950,8590,12665"
13752,13752,"8562,4413,3950,10434,9942,3870,3509,10566,6220,8707"
13756,13756,"1290,7120,4929,789,9962,5135,10663,13309,10336,2916"
13763,13763,"1290,7120,11298,1244,789,9962,5135,10607,9295,4929"
13774,13774,"6220,10326,8562,544,13296,6971,9942,7707,5545,8590"
13776,13776,"1290,7120,11298,9962,1244,9730,789,5135,4929,10607"
13786,13786,"1290,789,7120,5135,11298,9962,1244,6811,12869,3697"
13788,13788,"4277,350,6305,6643,9453,10707,4072,4029,5140,5262"
13791,13791,"1290,11024,11298,6971,7120,2989,4576,10389,12995,1244"
13810,13810,"8562,10326,6220,6326,9942,5303,1290,2140,4413,3950"
13811,13811,"10326,4798,8421,10916,4277,8161,12857,9580,5303,217"
13820,13820,"9942,11024,11298,2989,9962,789,5135,10919,1290,13370"
13826,13826,"6220,714,3950,5495,2218,9730,13346,7078,9942,3428"
13840,13840,"2770,10352,6952,1290,1328,10326,544,8562,9942,9453"
13841,13841,"4277,6220,544,8562,217,13249,6326,13346,2343,717"
13852,13852,"6220,9942,3950,5545,13296,89,12665,2218,3509,12470"
13858,13858,"1290,6971,7637,5549,4698,5149,7120,4798,10326,6220"
13865,13865,"9178,1328,1210,6659,4277,9375,10326,2459,516,12424"
13871,13871,"10326,4277,2140,4798,5303,10594,544,8562,217,717"
13877,13877,"4798,2158,5461,10326,5292,8562,9306,7445,2343,9461"
13905,13905,"10326,4798,4277,12857,8421,8562,6220,6971,3950,6326"
13924,13924,"7120,11298,544,4929,4576,9101,10663,10389,10607,12869"
13929,13929,"10326,4277,5303,4798,2140,8421,6971,10916,8562,544"
13935,13935,"8562,3950,3428,2140,8413,6220,5532,9693,5676,10916"
13952,13952,"1290,7120,11298,4929,1244,10663,9962,12869,4576,10389"
13953,13953,"1290,6971,10326,7120,8590,6591,7578,6522,4798,9295"
13962,13962,"10326,8562,4277,4798,3950,8421,544,2140,10916,5303"
13965,13965,"7983,5545,6220,8235,3992,9942,5495,89,5524,13191"
13966,13966,"10326,8421,10594,12857,13346,11754,851,4957,9953,4798"
13974,13974,"1290,11298,11024,4576,7120,9101,2989,1244,7679,12869"
13982,13982,"1290,7120,11024,11298,4929,6971,4576,10663,89,1244"
13983,13983,"5461,2903,13112,5199,5532,4117,5999,11357,3055,10835"
13987,13987,"6220,3950,10326,4798,8421,3428,4277,9942,5303,12857"
13988,13988,"1290,7120,10326,544,6971,4576,8590,2343,4929,9101"
13991,13991,"10326,4798,3950,13346,6220,12857,5303,6971,6326,4277"
13995,13995,"3950,5199,8562,3428,2218,9532,6302,5495,4602,3340"
13998,13998,"10326,2140,6971,5303,4798,8161,3950,8562,2291,13346"
14021,14021,"6220,3428,13296,5545,13110,8562,13306,7707,3950,4413"
14028,14028,"2343,4277,544,9693,5199,5532,10835,10326,3127,3950"
14042,14042,"6220,9942,2218,6659,5545,12665,544,3870,8562,3428"
14049,14049,"8703,7637,4205,10332,9954,13228,2768,12996,1290,544"
14060,14060,"6220,8562,3950,5545,13296,13346,2343,5199,3428,9942"
14061,14061,"8562,13296,3950,9984,4559,9107,4413,6220,6040,544"
14067,14067,"6220,7707,1863,10429,544,5976,779,13296,2327,1290"
14079,14079,"1290,4798,6220,6971,7120,5303,544,2218,12665,2343"
14089,14089,"4277,544,350,6220,217,1210,4798,1404,2140,5303"
14097,14097,"4798,5303,4277,10326,2140,544,8590,275,350,1290"
14105,14105,"3464,7679,11024,4163,4216,7669,2957,12869,9330,10674"
14147,14147,"2140,4798,3950,9942,5731,7063,5996,10506,3064,4277"
14155,14155,"8562,4798,3950,6220,2218,8413,9942,5545,13346,3870"
14168,14168,"10326,4798,5303,4277,12857,8421,2140,217,544,6971"
14170,14170,"10326,8562,2343,10835,544,5495,7707,4277,6220,5303"
14173,14173,"2989,544,4576,3428,11024,9101,6220,3464,13306,9942"
14174,14174,"8562,6220,10326,3950,13346,4277,11540,13296,13249,3870"
14196,14196,"6220,8562,4798,9942,8413,13346,2343,3950,2218,5303"
14197,14197,"2218,4277,9340,5250,3495,8361,10651,3772,11298,5303"
14202,14202,"7120,11298,4576,4929,1244,9962,9101,10663,5135,11024"
14204,14204,"9306,6648,2300,8703,13214,10776,383,12871,5939,7383"
14215,14215,"2343,6220,4798,544,810,6795,9693,1574,5532,2140"
14242,14242,"4277,10326,4798,3950,8562,8421,2140,717,5303,217"
14244,14244,"10326,6220,4798,8562,9942,6971,12665,5303,5545,13296"
14249,14249,"1290,7120,4929,10663,3697,5135,1750,6971,11117,9962"
14250,14250,"9738,3285,8452,4531,11199,5939,12998,9306,1290,11012"
14256,14256,"10326,4798,4277,5303,8421,2140,8562,717,6971,12857"
14258,14258,"4664,11918,8714,11298,7679,7258,2989,12995,4890,7375"
14280,14280,"5303,4798,5199,6302,8562,6971,3950,10326,6646,2140"
14318,14318,"7120,544,11298,6220,6971,4576,1244,2989,8590,4664"
14325,14325,"10326,1328,350,8421,10891,6659,4277,8562,1377,9453"
14328,14328,"1290,10326,6971,8590,4929,4798,10663,2140,4277,8562"
14329,14329,"13346,3870,9942,8562,8333,5495,3950,5474,4457,8681"
14344,14344,"8562,6971,10326,5303,2140,4798,3950,6220,5199,1912"
14366,14366,"1290,7120,4929,10663,5135,2916,9962,12030,6971,12497"
14421,14421,"1290,7120,3464,9962,11298,5135,2916,4929,13309,1244"
14430,14430,"10326,4277,4798,2140,8421,5303,717,6220,2343,217"
14435,14435,"4413,6925,275,10171,3950,4490,12575,8562,11277,8999"
14472,14472,"2218,4798,8590,10326,1290,6220,5199,5532,544,3950"
14501,14501,"6220,2218,6971,12665,4798,8562,8590,2140,5545,12857"
14509,14509,"6971,4798,13346,5303,3950,2218,10326,8235,3055,12665"
14516,14516,"8562,2218,6220,4798,13296,7707,8188,5303,8590,8981"
14521,14521,"10326,3950,4798,2218,5303,6220,2140,4277,8562,8590"
14553,14553,"5303,6220,5149,1290,7637,8562,5495,7120,1487,2020"
14561,14561,"6220,3950,12665,5545,8562,13296,4413,13346,7707,9942"
14562,14562,"5495,5303,9942,3950,2218,13346,6220,6971,12665,89"
14567,14567,"2140,5461,6220,1220,9942,5303,12589,4798,2343,13090"
14575,14575,"1290,7120,544,789,9962,2140,4453,4929,9846,9938"
14581,14581,"544,2343,5303,5532,5199,2218,13346,6971,8590,9693"
14627,14627,"6971,1290,89,3055,8590,7120,8922,8235,2789,12665"
14634,14634,"6220,9942,3428,5545,13296,3950,13110,7707,544,5184"
14651,14651,"5303,4798,10326,2140,5495,275,8922,13346,2443,5999"
14659,14659,"2343,10835,5199,5999,13346,6971,5532,11357,4117,13058"
14670,14670,"10326,4798,12665,8421,4277,217,9455,5495,9580,716"
14684,14684,"6220,8562,7707,2218,544,10429,13296,1863,12723,5485"
14691,14691,"4798,1290,13346,8922,9730,275,2140,13296,2218,6971"
14695,14695,"1290,2218,6971,7120,13296,12665,5303,6220,3427,9942"
14705,14705,"10326,8562,4277,4798,1328,217,8421,2140,12857,350"
14711,14711,"1290,7120,4929,4277,10326,12606,10663,7707,544,6220"
14723,14723,"4798,3950,10326,6971,8562,13346,8483,12035,2789,12856"
14739,14739,"11298,9730,1290,2989,10389,11024,7120,4576,9101,4664"
14740,14740,"10326,6971,4798,5303,8562,2140,275,4277,8161,8421"
14743,14743,"5495,5532,2218,8590,5303,5199,12668,4798,976,3950"
14747,14747,"10326,4277,544,8562,4798,6220,8421,3950,350,5303"
14748,14748,"9942,6220,5545,89,12665,7983,8681,8413,4602,3055"
14764,14764,"1290,7120,4929,8333,2989,7983,7184,2490,12113,9890"
14771,14771,"544,6220,7707,9942,2989,4664,5495,4576,9693,2343"
14780,14780,"10326,4798,4277,6220,8421,217,9340,8562,12857,717"
14784,14784,"4798,10326,5303,2140,4277,8590,350,8421,12857,544"
14785,14785,"9942,13110,5545,3428,13306,6220,9042,9917,9800,1496"
14798,14798,"2343,9693,9532,10835,6839,5532,1323,11603,13306,8235"
14801,14801,"544,9942,10326,6220,4798,2343,4277,12665,6971,5303"
14803,14803,"10326,4798,6220,5303,4277,544,2140,8590,275,9942"
14821,14821,"4798,5303,4277,10326,275,13249,6971,2140,6326,8161"
14832,14832,"6971,2343,1290,8562,4798,5199,10326,544,5532,10835"
14833,14833,"3950,9942,6220,4798,5545,13346,10326,2140,6971,3428"
14853,14853,"4798,8590,6971,8562,7792,12665,6220,9942,13346,544"
14854,14854,"6220,13249,8562,2218,10326,13346,5303,3950,4798,10835"
14856,14856,"6220,544,9942,8562,12665,3950,2218,6971,5303,13296"
14858,14858,"3950,10326,5532,5199,10835,2343,9519,4277,11357,5999"
14864,14864,"6724,9306,2140,8984,1290,3084,3064,1784,5939,9167"
14867,14867,"1290,11298,2989,7120,11024,1244,10389,4576,12665,9101"
14880,14880,"7679,11298,4576,2989,544,11918,11024,4664,10389,4024"
14890,14890,"6220,8562,13346,6971,5199,3950,8205,9942,6326,7707"
14892,14892,"10326,9693,4798,4277,6220,544,13346,8421,8562,3950"
14899,14899,"1290,11298,11024,12869,4576,4664,7120,9962,789,10607"
14904,14904,"2343,6795,9693,3055,9532,89,5532,10835,12665,8279"
14906,14906,"11298,1290,7120,9295,1244,4576,4664,12869,11024,10607"
14909,14909,"4277,350,5303,9340,4694,716,6751,544,10326,8418"
14929,14929,"8562,6220,5545,4798,5303,2218,3950,13296,7707,4698"
14931,14931,"6220,7707,13296,1863,10429,8703,2058,8562,12822,1290"
14938,14938,"4798,10326,3950,6220,6971,13249,8562,4277,12857,13296"
14955,14955,"6971,3950,6220,2140,8590,10326,12665,2343,5303,4798"
14961,14961,"3314,2936,5645,9212,3269,1968,4569,10732,8562,10326"
14969,14969,"1290,11298,9730,7120,9962,11024,5135,12869,4664,4576"
14970,14970,"10326,4277,4798,6971,2218,217,717,8421,6220,544"
14977,14977,"3950,12665,6220,8562,7707,5495,9942,5676,5545,1225"
14991,14991,"4798,6220,10326,5303,13346,2218,5545,3950,8562,2140"
14993,14993,"2140,9306,4798,2291,7445,176,10462,4262,6013,10326"
15009,15009,"3950,12857,4798,13346,8562,13249,8421,717,10326,6326"
15014,15014,"11298,9101,2343,4576,2989,10389,9693,1244,10607,544"
15028,15028,"7120,11298,4929,1244,10663,789,9295,2916,4664,5135"
15029,15029,"4277,217,10326,717,8562,13249,4798,8483,8421,10916"
15030,15030,"5495,7707,13346,8562,5545,9942,6220,8413,8681,13306"
15033,15033,"4798,6971,2343,10326,13346,8562,10835,12857,9693,10916"
15052,15052,"544,4798,5303,8590,8562,13296,8421,6220,6971,350"
15062,15062,"4798,10326,13346,6220,8421,5303,6326,1978,13249,9942"
15074,15074,"6220,9942,1290,544,6971,2218,5303,2343,13296,8562"
15081,15081,"3950,13346,2343,13110,5532,9693,2140,10326,6220,5495"
15082,15082,"4029,3563,9994,2436,13209,5425,9726,3339,10233,11758"
15097,15097,"6971,13346,2140,4798,9771,8562,4877,2291,5747,8161"
15098,15098,"4798,10326,8562,6220,6971,3950,5303,4277,13346,2218"
15107,15107,"1290,7120,4929,10663,789,1244,11298,5135,9962,2916"
15113,15113,"10326,4798,8562,6220,4277,3950,2140,350,6659,13346"
15120,15120,"10326,8562,6220,4798,3950,5303,13346,2218,5545,13296"
15121,15121,"10326,4798,3950,6971,8562,6220,4277,13346,12857,12665"
15122,15122,"10326,8562,4798,5303,3950,6220,2218,2140,12857,13346"
15141,15141,"4277,350,10326,217,8562,7275,1328,4798,9850,7886"
15143,15143,"4798,6220,10326,13296,6433,4277,8562,6971,8590,8421"
15148,15148,"3950,2343,13346,64,5495,6220,5199,5532,10835,9942"
15164,15164,"10326,9942,6220,2343,11969,13296,7707,5303,9693,8562"
15165,15165,"6220,1290,9942,2218,6971,544,13296,8562,9101,8590"
15175,15175,"10326,4798,4277,8421,717,2140,275,10916,13346,5303"
15186,15186,"1290,4929,10663,789,5135,9295,1244,2916,11298,12497"
15189,15189,"10326,6220,4277,544,3950,2218,4798,217,5303,8421"
15200,15200,"10326,4798,6220,4277,6971,544,1290,13296,5303,8562"
15204,15204,"10326,4277,8562,6220,2140,13346,10916,4798,3950,8161"
15205,15205,"1290,7120,4798,6971,544,6220,5545,8590,13296,7707"
15217,15217,"8590,5199,8922,10835,4266,8235,5532,6971,5303,7637"
15240,15240,"11024,2989,12869,1244,4576,7679,10389,10607,1779,12995"
15248,15248,"1290,6220,1863,6971,13296,7120,10429,8562,7637,8703"
15253,15253,"4798,10326,4277,8562,2140,2343,10916,5303,6638,8161"
15256,15256,"4277,2140,544,1978,10326,7138,350,4798,3950,13346"
15260,15260,"10326,5303,544,4798,2343,8562,8421,3950,6971,4277"
15265,15265,"5495,12470,12092,11540,2218,5199,4376,13110,12562,1290"
15274,15274,"13130,5251,3314,10233,4029,8540,1516,972,10743,8401"
15275,15275,"2140,4798,6971,5303,10326,7063,11609,13214,383,3950"
15282,15282,"4798,10326,2140,8562,2218,9580,8590,560,8205,5303"
15294,15294,"2343,5532,6795,10835,9532,9693,4388,5199,2903,3909"
15304,15304,"1290,7120,11298,1244,789,9962,4576,5135,11024,10607"
15330,15330,"544,6220,2343,10326,9693,13296,11969,6971,4576,5545"
15331,15331,"8562,12665,13296,6220,3950,13346,3055,5545,2380,5495"
15332,15332,"10389,1244,1290,7120,11298,2291,9375,3464,3798,294"
15339,15339,"6220,5545,7707,1863,10429,9942,5976,8562,544,589"
15387,15387,"544,6220,7707,1863,10429,12606,8562,1290,3487,10326"
15391,15391,"544,10326,6220,4277,8590,12665,6971,4798,275,13296"
15396,15396,"4798,13346,10326,8562,6220,6326,6971,3055,5545,4413"
15397,15397,"6971,2218,5303,7715,3577,13346,8562,8235,3870,5545"
15421,15421,"9306,2343,2899,4798,7383,8071,383,6648,10776,2300"
15427,15427,"1290,7120,4929,7679,4576,11298,10663,9730,11969,10389"
15434,15434,"1290,544,2989,4576,11298,7120,1244,11024,6220,13296"
15441,15441,"5495,10326,2218,275,4798,12665,8590,8562,9942,3950"
15444,15444,"6971,2218,6220,5303,275,10326,8590,5545,4798,2140"
15457,15457,"6220,4798,3950,8562,5303,6971,13346,10326,8421,2218"
15466,15466,"8562,3950,13249,217,717,4277,11000,1978,5303,11384"
15475,15475,"12857,4798,13249,3950,8413,1978,5676,5303,6270,10326"
15483,15483,"11298,1290,11024,4576,2989,9295,7120,7679,1779,10389"
15487,15487,"8235,5875,7024,12665,12662,13191,89,2218,5375,1290"
15500,15500,"2140,7063,9771,12404,4877,275,7439,9306,5946,7683"
15511,15511,"6220,2343,9942,9532,13296,12339,5532,2822,9032,698"
15515,15515,"6220,3950,8562,2218,5545,7707,4798,13346,10326,89"
15519,15519,"4798,6971,12665,8562,13346,3055,8235,5303,8922,7578"
15534,15534,"2343,9693,5545,5303,6834,2537,4605,8413,5532,3127"
15545,15545,"1290,7120,11298,4576,9101,11024,12869,10137,1779,10607"
15553,15553,"2343,11024,4576,9730,2989,12869,9693,544,7679,11298"
15556,15556,"5495,2218,8413,12470,3950,6220,5303,8562,7707,9942"
15564,15564,"4798,13249,6326,3950,13346,12857,8161,6433,2140,7063"
15567,15567,"1290,7120,11298,4929,12869,4576,4163,1244,7669,10674"
15582,15582,"12857,4798,6433,8562,6326,9602,217,4277,6220,10326"
15585,15585,"10326,4798,4277,5303,8421,6971,2140,6220,717,12857"
15587,15587,"8562,6220,3950,5303,8413,2218,2140,13346,5545,5495"
15589,15589,"6971,5303,2140,4798,10326,8483,4277,11000,8562,275"
15590,15590,"9693,3428,6795,5495,5532,6834,2537,10835,6220,12665"
15595,15595,"3055,6522,7526,10326,8235,10002,7832,11227,6232,3173"
15611,15611,"11298,1244,2916,789,4576,9962,10607,5135,9101,296"
15613,15613,"3950,13346,9942,3428,6220,4798,6971,5545,3055,10326"
15632,15632,"10326,8562,13346,6220,4277,5303,7707,13296,544,6971"
15633,15633,"10326,4277,544,5303,350,9072,13249,2140,2218,4798"
15639,15639,"6971,5303,4798,8590,3950,6220,8421,2218,10326,2905"
15648,15648,"10326,4798,4277,6971,217,6220,717,544,2140,8161"
15652,15652,"4798,10326,350,4277,9340,2140,8421,275,13346,8161"
15683,15683,"6220,9942,5545,13296,3428,7707,2218,8562,4413,8188"
15688,15688,"9942,6220,8562,5495,5545,7707,2218,3950,3428,5303"
15703,15703,"9942,3950,8413,4413,10340,8562,4602,13296,10896,13346"
15708,15708,"2218,3950,6971,4213,2724,5879,141,2385,11040,6111"
15714,15714,"10326,4798,8562,3950,544,217,8421,12857,717,6220"
15719,15719,"4277,10326,4798,350,12857,8562,10916,13346,6433,8421"
15727,15727,"8413,1230,8922,8562,6971,2380,2218,8235,2199,5124"
15728,15728,"1290,7120,4929,10663,12030,5573,4387,6243,2916,12497"
15735,15735,"10326,4798,8562,4277,8590,5303,275,2140,8421,11969"
15736,15736,"5495,3950,8562,1328,31,9942,6220,4453,2218,1595"
15739,15739,"1290,7120,11024,2989,9295,1244,8978,12869,3464,4929"
15742,15742,"9942,3950,6220,4798,8562,10326,2218,2140,12857,5303"
15764,15764,"350,1978,50,4277,9234,12226,9178,8562,5545,3950"
15773,15773,"10326,2140,4798,13346,5495,6971,3950,10916,12857,13249"
15774,15774,"1290,7669,7120,11298,6591,12869,2957,4163,9295,9730"
15786,15786,"1290,11298,11024,4576,7120,544,12995,10389,4664,9101"
15789,15789,"4277,12857,10326,8421,217,350,9105,9489,717,6433"
15796,15796,"9942,2343,6220,10326,9693,2218,3428,13296,3950,9072"
15800,15800,"5495,2218,8562,12470,12099,12668,10326,1783,3950,9718"
15802,15802,"1290,7120,11298,9101,1244,544,4576,9295,9730,2343"
15812,15812,"10326,4798,4277,5303,2140,544,8562,350,8421,8161"
15815,15815,"5303,8503,11320,3870,10154,1634,12636,11666,8409,4108"
15828,15828,"6220,8562,10326,13346,13249,12665,7707,4277,3950,9942"
15831,15831,"11298,4664,1779,1244,7679,11024,7265,9962,2885,1290"
15840,15840,"4277,350,10326,717,9340,544,12404,275,11010,7138"
15845,15845,"4798,8562,13346,3950,10326,12857,4413,6326,6220,9942"
15847,15847,"2218,6220,8413,232,10799,5495,5461,7485,3361,11326"
15856,15856,"4798,10326,8562,6971,12857,8421,10916,4277,5303,8161"
15861,15861,"12869,1290,4163,2957,9962,11298,5135,4216,1558,789"
15862,15862,"1290,7120,4576,11298,789,9962,4929,1244,5135,9101"
15871,15871,"5495,7707,12470,8413,2218,8562,8188,3950,5545,8373"
15872,15872,"8562,3950,8421,3055,13346,9733,10326,7707,4277,4798"
15883,15883,"1290,7120,11298,9295,2989,4576,1244,4929,6971,10389"
15886,15886,"7707,2343,6220,1863,544,13296,5976,10429,8562,2327"
15888,15888,"6220,9942,12665,5303,6971,3950,544,13296,2218,10326"
15898,15898,"4277,6220,4798,10326,8421,6971,13346,8562,8161,3950"
15919,15919,"4798,50,4416,10326,6795,6326,64,8198,3950,6220"
15922,15922,"1290,7120,5135,4929,10663,11298,13309,3697,9295,9866"
15931,15931,"544,1290,7120,11315,5251,10743,9693,10233,589,375"
15941,15941,"6220,8562,9942,7707,8188,3950,2218,13296,3428,5545"
15943,15943,"4798,8161,12857,10594,8421,220,10326,8022,6899,13346"
15956,15956,"6220,10326,6971,3950,8562,4798,5303,5545,12665,13296"
15958,15958,"1290,7120,6220,6971,544,8590,5303,2140,4929,13296"
15960,15960,"2343,2140,5303,6220,8413,10326,4798,7138,2580,6795"
15973,15973,"3222,11298,4890,5979,11024,4576,12330,4545,7605,6601"
15977,15977,"1290,7120,11298,1244,4929,789,9962,10663,10607,1779"
15994,15994,"8562,13110,89,3950,4413,13296,5545,7359,3577,7723"
15995,15995,"1290,7120,4929,1244,6971,789,5135,10663,9962,11298"
15996,15996,"6220,5545,3950,13346,9942,8562,10326,8590,6971,13296"
15999,15999,"6220,3950,2140,220,8562,10785,10006,237,4798,11572"
16060,16060,"1290,7120,6971,4798,10326,6220,2140,4929,5303,544"
16069,16069,"3950,2218,4798,13346,1978,217,4277,10326,13249,717"
16076,16076,"1290,11298,2989,7120,9101,544,4576,12869,11024,1244"
16085,16085,"12191,7480,10326,6306,11914,11999,4097,8562,5241,1290"
16089,16089,"6971,2140,8562,8922,8703,9668,1290,7637,4698,6220"
16097,16097,"10326,4277,4798,544,8562,5303,8421,13346,3950,350"
16112,16112,"3950,6220,6326,13110,12152,9942,217,1030,544,3428"
16116,16116,"4798,10916,12857,6971,9953,2291,8562,10326,12875,1776"
16137,16137,"4277,275,350,5303,4798,8483,10326,1978,217,8161"
16150,16150,"3950,717,217,7087,8421,1328,6528,6979,4303,2140"
16174,16174,"3428,3950,13110,9942,4413,1325,12575,7723,5545,10952"
16176,16176,"3950,6971,8413,1889,4173,8562,5078,11910,11262,6220"
16210,16210,"1290,7120,4929,10663,789,9962,6971,5135,2916,1244"
16212,16212,"3950,10326,8562,4798,13346,12665,6220,2140,4277,5303"
16230,16230,"10326,8562,4798,3950,5303,8590,2218,4277,6220,2140"
16245,16245,"4277,10326,544,4798,217,1328,350,8562,8421,6433"
16293,16293,"8562,3950,6220,13346,4798,13249,10326,5303,6971,2140"
16299,16299,"1290,7120,11298,1779,9295,8590,9962,10607,5135,4576"
16300,16300,"7707,1863,10429,7706,589,3487,3542,11103,7619,11233"
16303,16303,"3950,12857,2140,8562,10916,4277,2218,10326,2448,3281"
16305,16305,"1290,7120,11298,4576,6971,12869,89,6220,1779,10137"
16314,16314,"4798,4277,8562,10326,5303,12857,6433,13346,6971,544"
16328,16328,"2140,4798,12857,8562,10326,11540,652,13346,3458,240"
16340,16340,"1290,7120,11298,9101,789,9962,5135,4576,544,1244"
16351,16351,"9942,10326,1328,544,4277,3428,10869,1017,350,1437"
16363,16363,"4798,11969,2343,6220,10326,5495,7707,5303,13346,544"
16376,16376,"6971,4798,5303,2140,10326,7063,37,6433,12733,2264"
16387,16387,"12857,8421,4277,4798,10326,6433,13296,6326,2140,10916"
16395,16395,"6220,8562,5545,10326,4798,2140,13296,1978,544,3950"
16414,16414,"6971,7707,6220,8562,5545,810,4798,12606,13296,10326"
16416,16416,"8413,7715,9454,10506,8452,3506,8053,8022,8217,1290"
16418,16418,"6971,6220,2218,5303,10326,89,12665,7983,8590,9072"
16471,16471,"1290,2989,7120,11298,4576,11024,1244,10389,9101,4664"
16489,16489,"8562,4798,10326,2218,6220,3950,12857,6326,4413,8413"
16497,16497,"2343,9693,5532,10835,5199,6795,5303,8922,8235,12665"
16509,16509,"5303,2218,2140,6971,8590,4277,1978,6220,8421,7063"
16510,16510,"9942,3950,6220,13346,2218,5303,5545,13296,4413,8413"
16521,16521,"11298,1290,11024,7120,1244,4664,10389,4576,2989,10607"
16524,16524,"10352,12824,8540,840,11590,1290,4868,4054,544,3770"
16582,16582,"5303,7136,3275,13408,1926,12253,7986,5482,544,12835"
16592,16592,"1290,6220,2343,8590,6971,7707,8562,7120,13296,544"
16604,16604,"1290,7120,11298,11969,2989,7679,4576,12869,12655,544"
16605,16605,"1290,11298,7120,4576,11024,9101,6220,4664,1244,544"
16617,16617,"11298,11024,1290,4576,2989,9101,1779,7120,10389,7679"
16622,16622,"11298,4576,11024,2989,1290,1244,12869,9101,11918,10607"
16624,16624,"6220,2140,3950,8562,3428,4798,7238,4413,10138,9942"
16628,16628,"3950,11484,11406,6646,13380,2903,13346,10304,1361,5823"
16633,16633,"1290,7120,4929,6971,1244,11298,2916,544,4576,8590"
16646,16646,"7707,10429,8562,9083,13269,544,10326,7706,8981,5702"
16651,16651,"10326,13346,5495,8562,4798,13249,12857,8421,2218,50"
16654,16654,"10326,13346,6971,4798,6220,8421,8562,3055,6326,8483"
16673,16673,"2218,8562,3950,6220,5303,9942,2140,11000,13346,4798"
16675,16675,"6220,10326,4798,8562,13346,3950,9942,4277,13296,6326"
16677,16677,"6971,2218,2343,5532,10835,3950,9693,5303,5199,2140"
16679,16679,"8413,6971,275,3416,2218,1889,11540,13375,5303,3055"
16686,16686,"1290,11298,7120,1779,9962,789,10607,5135,9730,1244"
16695,16695,"4798,3950,4277,10326,5303,2140,8562,8421,12857,6220"
16704,16704,"3428,3950,5545,8562,13346,9942,12153,2343,13110,6220"
16709,16709,"6220,9942,13346,12665,5545,3950,2218,7707,1220,5495"
16773,16773,"4798,10326,4277,5303,6433,12857,3950,6326,13346,2140"
16774,16774,"10326,8562,2218,3950,12857,1889,8421,13249,2140,11540"
16797,16797,"6220,3950,9942,3428,13110,8562,7707,13306,13346,4947"
16803,16803,"2140,7063,6751,8562,4014,13090,11871,12026,4915,4573"
16804,16804,"10326,4798,4277,13346,12857,3950,10916,5303,6433,6326"
16806,16806,"6220,8562,7707,544,4798,5303,2140,10326,12665,2343"
16810,16810,"3950,9942,6220,3428,13346,12934,220,8413,1598,11506"
16836,16836,"4277,6433,350,2140,1978,581,1210,10326,9423,544"
16844,16844,"13306,4266,8246,13271,11774,5495,13346,4025,3799,1290"
16861,16861,"1244,1290,11298,7120,4163,12869,2957,5135,789,9962"
16875,16875,"4798,10326,6971,2218,5303,13346,2140,8562,3950,3055"
16936,16936,"4798,3950,13346,10326,12857,8562,6971,4277,2140,5303"
16946,16946,"4798,217,10326,3950,13346,5303,12857,8562,8421,1328"
16965,16965,"4798,6220,10326,3950,5303,2140,2218,13346,8421,5545"
16987,16987,"6971,5303,10326,4798,2140,8562,8421,6220,8161,4277"
16988,16988,"6971,2343,8922,5875,3055,6529,5532,7024,13191,10835"
16989,16989,"8562,6220,3950,10326,4798,2218,5545,5303,12665,9942"
17007,17007,"6971,10326,275,4798,5303,9942,9602,9668,4101,8562"
17016,17016,"10326,4798,6220,3950,8590,4277,6971,11384,13346,2140"
17030,17030,"6971,4798,2140,2291,9744,10326,6624,2370,3340,12504"
17034,17034,"4798,10326,13346,3950,8562,4277,6971,8421,6220,10916"
17054,17054,"5303,13346,12857,2140,10326,3799,10594,4277,4798,3458"
17056,17056,"12857,1328,4798,13346,10326,350,6326,811,8421,6549"
17084,17084,"10326,2218,12665,5495,5303,2140,3950,4798,6220,8562"
17098,17098,"544,4277,5303,5495,4576,2343,8590,7707,10326,12470"
17102,17102,"6971,4798,10326,5303,8590,2140,2218,3950,6220,3055"
17109,17109,"3950,11572,1788,782,9908,11726,6287,455,4416,6164"
17112,17112,"544,1290,2218,6971,6220,7120,10326,4798,2140,275"
17119,17119,"4798,10326,6971,2343,5303,2140,9942,2218,9580,11000"
17124,17124,"6220,2218,5303,7707,9942,10326,8562,13296,6971,3950"
17141,17141,"6971,4798,10326,544,2343,5303,6220,2140,9693,13346"
17160,17160,"4277,4163,2957,10674,7669,217,7679,12869,6220,4216"
17179,17179,"2218,3950,6220,8562,13346,4798,8483,8413,3870,9602"
17189,17189,"4277,217,8421,717,3950,6433,350,544,10326,9105"
17191,17191,"8562,7707,8981,5495,5149,6220,10326,7706,544,1290"
17194,17194,"8562,8421,2140,2218,12857,1634,10326,3950,5495,11384"
17195,17195,"5199,5532,10835,2218,5495,2343,2903,5999,11357,4053"
17200,17200,"1290,7120,11298,4576,11024,2989,10389,1244,9101,10607"
17212,17212,"6220,3428,5545,3950,13296,13306,13110,10326,4947,5303"
17218,17218,"2343,10326,6220,9693,9532,5199,544,5495,8279,10835"
17232,17232,"8562,217,3950,6326,8413,12857,50,6270,4277,8161"
17242,17242,"4798,10326,4277,8562,544,12857,2140,13346,8421,217"
17255,17255,"3950,6220,8562,9942,8413,5545,4413,3428,5999,9799"
17262,17262,"1290,11298,7120,1244,10607,4576,12869,11024,9962,2989"
17275,17275,"6220,8562,5545,3950,13296,13110,12665,2218,4413,1598"
17276,17276,"4277,6220,3950,2140,5303,8562,8421,13346,9234,6971"
17278,17278,"1863,7706,4250,10429,9083,1290,544,589,7619,2113"
17283,17283,"10326,6971,4798,1290,8562,9942,5303,6220,544,1220"
17284,17284,"11000,1978,8421,5999,3282,10326,13346,12034,2822,5534"
17295,17295,"544,10326,6220,4277,9942,3950,8421,217,6433,3428"
17298,17298,"1290,544,2989,11298,4576,11024,7120,9101,1244,10389"
17319,17319,"9942,6220,3428,3950,8562,13296,5545,7707,10326,13306"
17320,17320,"544,11298,9101,4576,7679,11024,1290,11918,2989,10389"
17325,17325,"12665,9693,13346,8483,6220,2218,6971,544,3055,5303"
17330,17330,"1290,7024,5875,8235,7120,13191,10963,7856,377,12662"
17334,17334,"1290,789,2989,11024,9962,12869,4576,7120,1244,3704"
17346,17346,"6220,2343,9693,9942,2218,12665,4413,13346,8562,12058"
17352,17352,"6971,2218,10326,3950,1290,5303,5532,2140,8590,5999"
17353,17353,"1290,7120,789,9962,4929,5135,6220,10663,13309,2916"
17396,17396,"10326,4798,8562,5303,2218,2140,3950,4277,8205,8421"
17408,17408,"4277,544,3950,10326,5303,6220,2140,4798,8421,13249"
17414,17414,"6220,8562,3950,5545,5303,6302,9942,10326,3055,12665"
17422,17422,"2957,4163,789,7089,10981,7889,12022,12262,4216,1098"
17424,17424,"4277,10326,4798,2140,6971,3950,8421,8562,6270,6383"
17427,17427,"789,1290,5135,9962,7120,4929,13309,2339,13027,4613"
17432,17432,"8562,217,3950,4798,13346,8421,10326,6326,6220,13249"
17434,17434,"10326,6971,5303,8590,2140,6220,2343,4798,10835,8922"
17439,17439,"6220,9942,13296,5545,8562,3950,3428,12665,4798,6971"
17442,17442,"6220,8562,544,2343,9942,13296,5545,6971,8590,5303"
17449,17449,"8562,4798,13346,10326,3950,9942,6326,12665,5545,6220"
17472,17472,"5532,8590,5199,9693,2905,2343,3950,5461,12611,12665"
17509,17509,"1290,11298,544,7120,1244,4576,11024,9101,2989,10389"
17522,17522,"9942,3055,4413,931,8235,4602,1742,434,89,3166"
17527,17527,"2140,5303,10326,1912,12857,7063,4798,2291,12369,12733"
17535,17535,"1290,7120,4576,7679,11918,11024,11298,10389,9295,1244"
17540,17540,"8562,2140,3950,4277,4798,10326,6220,8421,5303,7063"
17541,17541,"1290,11298,2989,1244,9101,11024,4929,4576,9730,10663"
17551,17551,"10326,5303,4798,6220,8562,8421,2140,4277,11000,6971"
17564,17564,"10326,8421,12857,4798,8562,6899,6311,2815,10561,11922"
17565,17565,"350,10326,12191,6306,1290,544,6071,4798,9942,13100"
17581,17581,"10326,4277,12857,2218,8562,13346,8483,3950,10916,8590"
17596,17596,"6220,6971,4277,13296,3950,89,275,10326,13346,8562"
17601,17601,"3950,8562,4413,9942,7723,9799,13346,3106,8413,10340"
17611,17611,"13346,9942,8562,6220,275,13296,10326,5545,8413,13150"
17612,17612,"10326,13296,217,3950,9942,8562,8421,6659,8590,4277"
17620,17620,"8413,6220,5495,3950,5545,2343,8188,5199,3055,12665"
17627,17627,"2343,9693,5532,6795,10835,6834,5495,1220,2537,5199"
17634,17634,"7707,1863,6220,9083,8562,13269,8981,7706,5149,2643"
17649,17649,"10326,8562,6220,4277,544,4798,3950,350,13346,2140"
17654,17654,"8562,3950,7707,13346,2218,2343,12665,6220,12026,10589"
17659,17659,"10326,8562,4798,7707,9668,7637,9937,8703,4698,6971"
17666,17666,"1290,7120,544,6220,3950,4929,4576,6971,10663,8590"
17674,17674,"11000,851,7916,8132,11843,560,5006,9711,12439,8421"
17684,17684,"544,10326,350,4798,8421,1328,652,12665,6383,4277"
17708,17708,"10326,8562,5303,2218,2140,3507,6433,4798,12857,13346"
17709,17709,"6220,3950,10326,13346,8562,3428,8483,7707,5610,1328"
17741,17741,"6971,4798,10326,2218,5303,3055,2140,6220,3950,11622"
17752,17752,"9375,6307,6060,1213,8911,10732,873,5249,8315,1290"
17765,17765,"2343,6220,89,2218,3950,5532,12665,6971,1220,6834"
17770,17770,"8703,7637,6938,5342,1290,10332,9668,544,7120,9564"
17814,17814,"2218,6220,544,1220,5676,3950,13296,8562,5495,10326"
17818,17818,"1244,350,7120,544,1290,5866,9942,8189,10987,146"
17822,17822,"1290,7120,8302,2286,11117,12030,4929,2784,2339,10663"
17826,17826,"4798,8562,10326,4277,544,2140,8421,6971,12857,275"
17827,17827,"1290,11298,7120,1244,4576,2989,10389,4664,10607,1779"
17840,17840,"2218,7707,13296,6220,10326,8188,5495,8590,8562,1856"
17843,17843,"2218,8413,6220,5495,9942,544,13310,7136,11772,7986"
17864,17864,"4798,3950,9984,12785,6639,6461,11969,5445,1634,6433"
17871,17871,"8188,5149,10429,1863,1487,8703,8981,7637,1290,544"
17881,17881,"2218,544,12665,4277,3950,2343,10326,8421,1290,8590"
17928,17928,"10326,8562,6220,4798,8421,544,12665,4277,13296,3950"
17931,17931,"9375,7220,5494,10974,7721,6307,1290,5103,544,10326"
17933,17933,"8413,3950,2343,2218,6220,5303,2903,8562,9203,3055"
17953,17953,"544,5495,5303,2218,1290,10326,6220,4798,7707,3950"
17970,17970,"3950,9942,6220,13346,5545,931,4413,13296,13306,3055"
17977,17977,"4798,10326,8562,5303,3950,6220,2218,4277,6971,12665"
17982,17982,"1290,9962,7120,12869,11298,1244,9101,7817,10644,4929"
17995,17995,"1290,6971,13296,7120,4929,8302,12030,8922,2286,61"
18002,18002,"10326,8590,6971,5303,4277,2140,8421,12857,11384,4798"
18006,18006,"10429,6659,9107,2869,10378,5976,1863,9759,1290,12723"
18023,18023,"10326,6971,5303,6220,4277,2140,275,13346,2218,8590"
18024,18024,"7439,5747,4877,9771,4798,10326,2291,5946,10912,1290"
18047,18047,"6220,2343,5545,13296,9942,6795,3950,4602,4413,7707"
18050,18050,"2218,9942,6971,6220,5303,4798,275,544,11969,8590"
18078,18078,"10326,4798,6971,4277,13346,8421,5303,8562,2140,6220"
18086,18086,"1290,7120,6971,4929,9962,789,5135,4798,10663,544"
18093,18093,"1290,7120,11298,4929,4163,2957,10663,10674,1244,4216"
18115,18115,"4277,3950,10326,4798,8421,2140,12857,10594,4453,717"
18122,18122,"1290,2218,7120,8981,12723,5149,11615,1856,4698,10429"
18124,18124,"10326,4798,6971,5303,2343,2140,1220,2218,544,1747"
18127,18127,"1290,7120,4929,10663,1244,11298,4576,9962,2916,9295"
18133,18133,"3950,8562,10326,6220,13346,4277,3428,12857,13249,4798"
18148,18148,"2218,3950,5199,6971,2140,8562,2905,8505,9942,10835"
18155,18155,"2343,9693,13346,12606,12378,2867,6503,275,2205,9942"
18158,18158,"11024,4576,11298,11918,2989,12995,10389,8978,7679,5979"
18166,18166,"10326,2140,4277,10568,3950,4798,544,6220,5303,3416"
18167,18167,"10326,4277,2218,13296,5461,9072,6433,544,3950,2140"
18169,18169,"2140,9306,6724,8984,10954,3950,13346,11609,5946,9334"
18175,18175,"9693,6971,6220,12665,9532,5532,8590,10835,7024,7983"
18178,18178,"3950,8562,6220,13346,10326,4798,11540,8413,12665,2218"
18214,18214,"1290,7120,11298,4929,1244,10663,9730,10389,4576,12869"
18217,18217,"8562,3950,12665,5303,2140,10326,13346,275,6971,6220"
18226,18226,"1290,7120,11298,4576,9101,11024,12869,10137,1779,10607"
18229,18229,"6971,2140,5303,4798,2218,4915,1290,6418,1384,953"
18236,18236,"2905,4049,9546,8793,7063,12404,6341,8999,9119,12159"
18240,18240,"6220,3950,9942,5545,2218,6659,13296,3428,13110,89"
18262,18262,"6220,9942,3950,8562,544,5545,3428,13296,5303,7707"
18266,18266,"1290,11298,4576,2989,11024,1244,10389,544,9101,8978"
18272,18272,"4798,8562,6220,3950,13346,5303,6971,2218,4277,12665"
18292,18292,"6220,8562,3950,5303,4798,10326,4277,7707,13346,13296"
18299,18299,"6220,544,4277,10326,9942,2218,3428,8562,3950,275"
18321,18321,"7707,6525,6952,4860,12424,4560,2193,3911,8265,9823"
18338,18338,"6220,3950,8562,2343,5303,13296,10326,13346,9942,544"
18339,18339,"4277,10326,4798,5303,2140,350,10916,6971,8421,12857"
18341,18341,"8562,4798,2140,13346,5303,10326,6971,3950,4452,9942"
18355,18355,"1290,7120,4929,9295,11298,10663,1244,2916,789,5135"
18364,18364,"1290,544,7120,6971,4576,1244,11298,8590,11024,10663"
18368,18368,"10326,4798,8562,6971,12665,12857,3950,6220,6326,13346"
18393,18393,"4798,10326,2343,6971,5303,2140,13346,4277,9693,8562"
18409,18409,"4277,3950,217,8562,2140,12385,8885,7941,717,6362"
18434,18434,"10326,4798,5303,12857,6433,3950,544,8421,6971,10594"
18440,18440,"9942,5545,13346,6220,3950,8562,4798,1978,13110,4413"
18446,18446,"6220,10326,2343,4277,3950,9693,12665,11969,4798,5303"
18467,18467,"9942,8562,2140,4798,1220,2343,13346,275,3507,7133"
18475,18475,"6220,1290,2218,9295,9942,13296,7120,5545,8188,8590"
18487,18487,"6220,10326,8562,4798,4277,13296,7707,3950,6971,13346"
18489,18489,"544,10326,4277,4798,2343,1290,9693,350,4576,5303"
18499,18499,"12857,4277,8205,4949,3296,6335,2748,12793,11392,10326"
18505,18505,"10326,4798,8562,6220,3950,13346,4277,13296,12857,8421"
18525,18525,"10326,4798,4277,8421,8562,6971,1290,13296,5303,12857"
18530,18530,"8421,10326,6971,4798,10594,13346,851,4277,9953,12990"
18539,18539,"1290,7120,1863,589,544,7637,8703,9668,1487,10429"
18546,18546,"2343,10326,9693,544,6220,12665,64,6795,5532,89"
18579,18579,"10326,9942,4277,8562,13346,3950,6220,13296,4798,13249"
18585,18585,"2343,5532,9693,5199,10835,64,6795,3950,5999,2903"
18595,18595,"544,4277,8562,6220,10326,5303,50,3950,6433,350"
18648,18648,"3950,11000,6433,4277,4798,13346,717,2218,1220,217"
18679,18679,"8562,3950,6220,2218,5545,13346,8413,12665,9942,13306"
18683,18683,"6220,8562,2343,8188,544,13296,7707,5495,10326,3950"
18687,18687,"1290,7120,11298,4929,4576,1244,10663,9101,9730,11024"
18718,18718,"6220,8562,12665,544,6971,4798,10326,13296,3950,7707"
18741,18741,"3950,11622,4798,6982,8562,13346,5495,5673,11751,8413"
18760,18760,"1290,7120,11298,11024,6971,4664,1779,12903,9295,2989"
18771,18771,"6220,3950,8562,4277,13346,13296,12665,13110,10835,3428"
18787,18787,"10326,4798,4277,2140,275,6971,8421,5303,8590,10916"
18788,18788,"2218,13346,12857,4798,8413,3950,8562,4413,4323,10326"
18789,18789,"2343,8562,13346,12857,10326,544,3127,6220,769,7484"
18798,18798,"6220,3950,9942,8562,13296,13346,5545,7707,1323,3428"
18800,18800,"10326,9942,847,544,4177,9641,11287,11384,12665,2995"
18805,18805,"3950,8562,13296,8413,4413,11772,9942,9410,5545,11622"
18806,18806,"7120,11298,789,9962,1244,10607,4929,4664,12869,4576"
18812,18812,"6971,6220,2218,5303,12665,5545,2343,4798,9942,8413"
18818,18818,"6659,1328,6528,2875,4256,5822,6402,4399,10326,1377"
18830,18830,"5303,6971,3950,2140,13346,4798,8562,10326,1634,4413"
18835,18835,"1290,7120,1244,2989,6971,9101,6220,4576,10607,11024"
18839,18839,"5495,1355,6971,5549,10410,566,662,3885,5836,12470"
18851,18851,"6220,560,7444,6971,1007,3105,2218,1747,220,9942"
18854,18854,"6971,4798,10326,8562,5303,2218,13346,6220,8205,3950"
18864,18864,"10326,4277,3950,4798,13346,217,8562,2140,6220,6971"
18865,18865,"7707,7063,10429,8703,6220,544,3088,1863,8562,12957"
18874,18874,"1290,7120,11298,544,12869,4576,11024,9101,1244,4664"
18875,18875,"4798,10326,12857,3950,2218,2905,5999,8562,5303,13346"
18879,18879,"7669,4576,9101,7679,11554,10674,11024,10389,3464,4163"
18882,18882,"544,6220,1290,11298,2989,4576,12869,9730,4664,11024"
18895,18895,"3950,2218,6220,3055,13306,13346,12665,9942,5545,8235"
18903,18903,"10326,4798,4277,5303,13346,6220,2140,6971,2343,275"
18913,18913,"10326,2343,4798,13346,4277,8562,9693,2140,544,10916"
18934,18934,"1290,7120,4929,789,1244,9962,11298,6971,10663,5135"
18935,18935,"1290,6971,8590,7120,5532,10835,2903,5199,2343,9942"
18981,18981,"6220,6971,9942,12665,8562,2218,7792,5545,13296,3950"
18985,18985,"13346,6971,4798,1290,10326,8562,6220,2140,9693,13296"
18987,18987,"2916,12497,6243,9295,296,5135,12030,13101,8567,9962"
18990,18990,"10326,4277,6220,13346,8562,5303,6971,10077,9072,544"
18996,18996,"4798,2218,3950,10326,8562,6971,6326,5545,13097,6220"
19010,19010,"10326,4277,4798,8421,5303,544,10916,13346,8562,6433"
19016,19016,"1290,7120,12869,9101,2989,4576,11298,4929,9730,9438"
19018,19018,"13346,1328,8483,473,11193,1010,14,4277,851,9373"
19029,19029,"4798,5303,2140,10326,8421,2218,275,8562,8161,13249"
19060,19060,"6220,5545,7679,4576,9066,4654,8823,6970,2989,3124"
19069,19069,"1290,7120,4929,11298,1244,544,5303,6971,10663,8590"
19084,19084,"4798,10326,4277,8562,5303,2140,13346,12857,6971,6220"
19086,19086,"1290,7120,2989,6220,1244,11969,9101,7707,4664,10389"
19105,19105,"1290,7120,4929,9295,10663,2916,3697,8590,3464,12497"
19110,19110,"1290,7120,11298,1244,789,9962,5135,12869,10607,2989"
19135,19135,"1081,4832,8540,10326,8054,350,10352,5776,1948,711"
19144,19144,"8562,5303,8413,6220,4277,6971,12606,10326,3950,544"
19154,19154,"13249,220,6982,9800,3585,2910,7063,11622,8130,6645"
19168,19168,"8562,4277,10326,3950,6220,4798,12857,5303,6326,8590"
19173,19173,"1290,7120,2218,4929,10663,8922,4387,5573,12497,6220"
19187,19187,"1290,7120,7707,6220,1863,7637,1487,5962,2020,2058"
19216,19216,"3950,227,13159,2034,10732,12539,10974,9375,6659,8562"
19227,19227,"2343,10835,9942,5676,3428,6220,3799,7707,5545,9693"
19231,19231,"3950,4798,10326,5303,13346,8421,6220,8483,9942,2218"
19234,19234,"11298,11024,1290,2989,4576,1244,1779,7120,7679,10389"
19255,19255,"10326,4798,6220,6971,3950,2218,5303,2140,13296,8590"
19258,19258,"5495,3950,6220,2140,2580,12470,8413,9942,5067,1020"
19266,19266,"1290,7120,6971,4929,8590,5303,10663,9295,10326,4798"
19296,19296,"13346,6971,8562,4798,6795,5532,2140,6834,2537,10835"
19297,19297,"6659,1290,544,12888,5303,10326,8562,7752,9942,8540"
19308,19308,"3950,3055,4602,8235,5414,8279,3340,2789,931,7087"
19323,19323,"1328,10326,6391,350,1290,7480,544,4798,8562,6306"
19346,19346,"10326,4798,6971,6220,5303,4277,2218,544,8590,2343"
19347,19347,"7120,4929,6220,6971,4576,2916,8590,3950,4798,12497"
19360,19360,"1290,7120,4929,9295,8554,12133,8302,2286,9942,9962"
19364,19364,"7669,3464,4576,4163,4216,2957,2989,4940,2709,10389"
19378,19378,"3950,4798,13346,12857,8562,5545,10326,8590,2789,6326"
19379,19379,"4798,8562,5303,6971,2218,1220,10326,13408,9942,6220"
19380,19380,"10326,4277,5303,11969,8562,12857,544,4798,6220,8421"
19381,19381,"10326,4798,4277,8562,8421,5303,12857,2140,10916,8161"
19384,19384,"8562,6220,10326,8421,3950,10568,4277,10608,9340,6751"
19385,19385,"6220,4798,8562,13346,3950,2218,7707,10326,5545,6326"
19388,19388,"1290,7120,11298,2989,4929,12869,10663,4576,1244,9295"
19406,19406,"10326,4798,5303,4277,6971,2140,544,13346,275,8562"
19408,19408,"5199,5532,2343,10835,6971,5999,4053,5495,11357,2903"
19415,19415,"1290,11298,7120,544,4576,1244,11024,10389,6971,8978"
19417,19417,"13346,6971,64,6220,3950,12665,4798,2218,4277,13296"
19434,19434,"2343,9693,2989,64,2537,11298,544,11024,4028,9730"
19441,19441,"10326,4798,4277,5303,3950,12857,8421,8562,13346,10916"
19461,19461,"1290,7120,4929,4576,1244,544,10663,2916,4664,12497"
19474,19474,"3950,6220,2218,9942,13346,8562,5545,12665,89,5199"
19477,19477,"1290,7120,350,12497,9938,11682,6957,12053,4929,5409"
19484,19484,"2989,11298,11024,1244,8978,10389,4576,4664,9101,12869"
19502,19502,"7707,5495,12099,6971,566,10835,12665,544,2343,8562"
19503,19503,"6220,6971,4277,544,5303,3428,10326,5545,714,2140"
19512,19512,"3428,13346,3950,50,8562,13110,10326,4277,1598,4798"
19515,19515,"975,6220,8235,9942,7707,3016,7024,5875,2218,9247"
19518,19518,"1290,7120,2989,4929,9730,2218,10663,6220,2916,4664"
19530,19530,"10326,6220,8562,6971,2218,13296,2140,5545,5303,4798"
19559,19559,"1290,7120,11298,6971,4576,9101,12869,12665,11024,9730"
19576,19576,"6971,13346,8922,8235,5875,7024,1746,4798,6509,13191"
19586,19586,"2343,9693,13296,3127,9942,64,5532,13235,6834,2903"
19594,19594,"1290,12665,8590,544,10326,7120,3055,89,6220,8235"
19605,19605,"12606,2327,10429,9570,5976,1863,7707,7792,544,589"
19618,19618,"3950,2218,6971,10326,9404,5199,5303,2140,8922,6220"
19620,19620,"4798,6971,8562,5303,2140,6220,10326,8590,2218,3515"
19623,19623,"4277,3428,350,13249,9340,3950,8562,3781,13306,13346"
19628,19628,"10326,4277,3950,4798,8421,6971,217,13346,2140,6220"
19631,19631,"7120,4929,1244,4576,11024,10663,4664,2916,11298,11918"
19642,19642,"2343,3950,12665,6220,5495,9693,5199,9942,10326,5532"
19644,19644,"2140,2218,7063,9306,2291,10697,8402,4877,7439,5946"
19648,19648,"7679,1290,2969,11298,7120,337,3742,4737,9229,12804"
19665,19665,"8562,2777,10594,6220,12665,1319,4798,4277,1223,6433"
19683,19683,"1290,11298,4576,11024,1244,544,4929,10389,7679,2989"
19684,19684,"4277,8421,8562,4323,3568,9455,10594,11788,10820,11390"
19693,19693,"10326,4277,4798,9340,11000,8421,7138,13249,217,2343"
19696,19696,"4798,6971,10326,3950,5303,12857,2140,13346,8413,6433"
19707,19707,"4798,10326,5303,6971,4277,12857,3950,8421,2140,8562"
19715,19715,"2343,9693,6220,5532,64,10835,9942,13346,5199,3950"
19716,19716,"1290,7120,4929,1244,2916,11298,13309,3697,10336,12497"
19729,19729,"1290,7120,6220,6971,8562,8590,4798,2140,5303,13296"
19734,19734,"10326,13346,5303,8562,2218,3950,4798,12857,8421,8590"
19758,19758,"3950,3799,13346,5460,9786,2218,8235,12632,7053,4413"
19764,19764,"8562,6971,2218,6220,2343,5303,4798,10326,13346,3950"
19773,19773,"1290,11298,4929,544,1244,4576,789,9962,2989,9101"
19778,19778,"3950,5495,6220,2218,13296,9942,12470,8562,4798,3871"
19780,19780,"8562,6220,2218,13296,3428,5545,9942,13306,7707,5184"
19784,19784,"10326,6220,4277,8562,544,6433,7707,350,4798,2140"
19786,19786,"8562,4798,4277,6220,3950,13346,13249,8421,13296,10916"
19793,19793,"2218,6220,10326,4277,3950,5303,4798,8562,6971,2140"
19798,19798,"10326,13346,4277,6220,5495,3950,2343,4798,3428,544"
19808,19808,"3950,8562,4798,6220,10326,6971,13346,8413,13249,6326"
19812,19812,"1290,7120,4929,1244,2989,12869,10663,11024,4576,2916"
19821,19821,"8562,10326,4798,3950,7707,12857,13346,6433,5303,6220"
19830,19830,"12869,9730,789,9962,11298,1290,5135,1244,7120,4163"
19843,19843,"1290,7120,12869,7669,2989,4929,4163,10674,2957,9295"
19867,19867,"6220,7707,2343,2218,1863,9693,10429,558,12723,5976"
19889,19889,"8562,3950,6220,13346,4798,2218,9942,4277,8421,8590"
19893,19893,"6220,8562,13296,7707,5545,2218,11969,12606,10326,8188"
19898,19898,"1290,7120,11298,4929,9295,4576,10663,12869,10607,2916"
19902,19902,"2140,350,8562,1129,10326,7403,12101,1290,7486,544"
19905,19905,"8562,4798,10326,8590,5303,4277,2140,8421,3950,6971"
19910,19910,"3950,4277,8562,10326,8421,4798,13346,6220,217,10077"
19929,19929,"6220,10326,8562,4277,4798,544,5303,12665,13346,8483"
19932,19932,"1290,11298,4576,7120,1244,10389,1779,7679,2989,10607"
19952,19952,"8562,10326,6220,3950,4798,13346,9942,8421,6433,13296"
19956,19956,"8421,13110,1210,2814,6220,5497,2456,7701,3950,6988"
19987,19987,"4798,8562,10326,8421,13346,4277,3950,6326,2140,8161"
20008,20008,"4798,544,4277,1290,6971,6220,8590,8562,11969,5303"
20018,20018,"3950,4798,8562,6220,9942,13346,8413,2218,5545,3055"
20019,20019,"1290,7120,544,9942,5303,4277,4929,5731,7063,12869"
20020,20020,"1290,7120,4929,10663,2916,12497,6243,4083,1132,10322"
20023,20023,"13346,4798,3950,10326,8562,6326,5495,13249,11751,3577"
20031,20031,"6220,2218,8562,7707,13296,5545,544,1863,12606,10429"
20039,20039,"6220,8562,12665,5545,3950,7707,9942,13346,13296,2343"
20040,20040,"6220,9942,4798,5303,2140,5495,3950,2218,3571,220"
20041,20041,"12470,8188,7707,6220,2218,13296,8562,544,769,5545"
20045,20045,"3950,13346,4798,8562,10326,8421,12665,6220,6326,10916"
20056,20056,"1290,6220,6971,7120,4798,12665,89,4576,11298,2989"
20069,20069,"10326,2218,4798,6220,4277,13346,5303,2343,3950,13306"
20074,20074,"6220,9942,3428,8562,6659,5545,13296,13110,5184,3870"
20083,20083,"3950,8562,5545,9942,10326,13346,6220,4798,2218,13249"
20085,20085,"1290,11298,11024,4664,7120,11918,10607,7679,2989,10389"
20086,20086,"6220,5303,6971,8413,3950,8562,2140,9942,4798,7715"
20089,20089,"8562,6220,3950,2218,13346,13296,4277,4798,3870,5642"
20101,20101,"6220,5303,8590,3055,4798,3950,9942,13346,89,8922"
20104,20104,"5760,2034,8911,449,6402,1377,4935,5105,6011,1290"
20112,20112,"8562,6220,3950,9942,12665,544,7707,4798,10326,4277"
20115,20115,"3950,8562,6220,4798,3055,2903,13346,10326,8421,6326"
20133,20133,"1290,7120,789,12869,5135,11298,4929,13309,1244,9730"
20136,20136,"2343,4277,10326,217,9693,1220,4798,2140,544,8562"
20138,20138,"11298,9962,1244,789,11024,5135,1290,4664,7120,4036"
20162,20162,"4798,10326,3950,8421,6971,5303,8562,2140,6220,4277"
20176,20176,"4798,6971,2218,10326,544,8590,2140,6220,275,8562"
20200,20200,"10326,4798,2140,6971,4277,5303,13346,275,8562,8590"
20222,20222,"9306,13214,5946,383,165,7439,8402,2149,7383,2291"
20251,20251,"1290,10326,6971,7120,4798,5303,8590,2140,2218,544"
20256,20256,"12470,2218,5303,5199,12668,10326,12099,10594,544,1912"
20264,20264,"10326,4277,5303,8562,6433,6220,810,350,4798,13296"
20280,20280,"10326,4277,13249,4798,8421,217,8562,10916,6433,11384"
20286,20286,"6220,7707,1290,2989,1863,10429,13296,12606,1244,4576"
20323,20323,"1290,7120,4929,11298,789,9962,10663,5135,9295,2916"
20324,20324,"1290,7120,4576,4929,10663,8590,544,6220,2916,6971"
20336,20336,"1290,11298,9693,544,4576,9101,6220,9730,1244,11024"
20339,20339,"3950,8562,9942,6220,4798,13346,5545,8413,6326,3992"
20344,20344,"1290,6971,5495,7120,5303,13296,2989,544,10326,4929"
20356,20356,"6220,10326,8562,3950,9942,12665,13296,5545,4798,2218"
20360,20360,"1290,7120,6971,4929,2343,10663,12474,12497,4019,4083"
20362,20362,"2343,9693,5532,5199,10835,2537,6834,3127,6971,9532"
20376,20376,"13346,3950,4277,10077,10326,13249,2140,11384,8421,8562"
20381,20381,"2218,6971,10326,4798,6220,5303,12665,7707,5676,1220"
20394,20394,"7120,11298,4576,4929,1244,2989,6971,10663,11024,544"
20397,20397,"8562,7707,1779,6220,1355,544,1863,6810,12665,6653"
20407,20407,"3428,6220,6659,3950,7707,8413,5545,13346,2218,5495"
20413,20413,"1290,7120,11298,11024,2989,1244,12869,9730,9962,10389"
20433,20433,"1290,7120,789,9962,5135,4929,1244,11298,10663,10607"
20448,20448,"544,5303,810,2140,7792,8623,9553,7879,11454,9330"
20492,20492,"4798,5545,3055,10326,8562,89,6220,855,2343,1412"
20505,20505,"1290,7120,11298,1244,4576,2989,4929,10389,12869,11024"
20512,20512,"10326,4798,13346,3950,12857,8562,6326,8421,10916,5303"
20514,20514,"10537,13013,12453,1706,4181,3524,8285,2548,6306,6634"
20533,20533,"4277,217,350,10326,8421,811,5109,6433,5303,8483"
20543,20543,"1290,7120,5303,8421,2140,12404,2989,4277,6220,10326"
20546,20546,"4798,8161,10326,4277,9580,8421,12857,10594,717,4974"
20557,20557,"4798,8562,10326,3950,2218,9942,4277,5303,13296,8590"
20558,20558,"4798,10326,12857,9602,3950,10594,2289,3673,76,2882"
20561,20561,"6220,12665,3950,13346,4798,5545,2218,3428,9942,3870"
20566,20566,"1290,11298,4576,10389,7120,1244,6220,9101,9962,544"
20573,20573,"11298,10607,4036,1244,2989,9671,11117,1290,12133,544"
20623,20623,"1290,7120,4929,10663,6971,8922,8590,12497,8703,4698"
20627,20627,"544,1290,10326,6220,4277,7120,9730,4798,6971,8590"
20643,20643,"6971,10326,4798,5303,2140,8161,8421,275,13346,2291"
20645,20645,"1290,11298,4576,7120,789,1244,12869,11024,5135,9101"
20652,20652,"4277,717,8421,10326,13346,3950,5303,9340,8562,2140"
20654,20654,"10326,4277,4798,8562,3950,8421,13346,6220,5303,217"
20667,20667,"6971,89,1290,5199,8235,2903,2989,7578,7024,6522"
20670,20670,"3950,10159,11467,3802,3444,5124,12070,8058,8018,5264"
20671,20671,"10326,2218,8562,3950,5303,6971,4798,13346,544,6326"
20676,20676,"9942,5303,2140,3950,8562,6220,13346,6638,2343,12404"
20694,20694,"544,1290,4277,7120,5303,6220,2989,10326,350,4576"
20709,20709,"10326,5495,5303,4798,12470,2218,2140,8562,6220,7707"
20716,20716,"5303,6971,4798,2218,2140,8562,167,7578,5549,10326"
20739,20739,"13296,5303,217,3565,64,5541,13346,1715,12315,13235"
20763,20763,"2343,544,9693,6971,10326,5303,2140,5199,6220,2903"
20779,20779,"1290,11298,1244,7120,4576,11024,10607,2989,544,10389"
20781,20781,"2218,3950,6971,6220,7707,9942,5545,4798,12665,8562"
20790,20790,"1290,7120,6971,789,9295,9962,6126,6991,5944,5135"
20792,20792,"4798,10326,12857,8421,4277,6971,5303,10916,717,217"
20797,20797,"4798,10326,5303,8562,13346,4277,9942,2218,2343,6220"
20811,20811,"6220,3950,9942,5303,6971,4798,3428,5545,13346,2140"
20821,20821,"1290,7120,4929,1244,11298,11024,4576,10663,12869,10389"
20830,20830,"10326,4277,8421,4798,10594,9580,1180,8562,6638,2815"
20861,20861,"2343,6220,9693,6971,8590,5545,13296,5199,2903,5532"
20878,20878,"1290,6220,9942,7120,6971,2989,11298,4576,12869,1244"
20891,20891,"5875,7024,8562,8235,12662,5524,13191,4715,1290,7983"
20895,20895,"6220,8562,3950,2218,5545,5495,13346,9942,4798,8413"
20901,20901,"10326,4798,6220,6971,2343,4277,5303,13346,8562,2140"
20908,20908,"10326,4798,8562,4277,2343,2140,275,6220,3950,6971"
20928,20928,"1290,7120,4929,10663,789,12030,6971,9962,2916,5135"
20945,20945,"6220,5303,6659,9942,5545,13296,12665,3428,8562,8590"
20971,20971,"4798,10326,4277,8562,13346,6433,8421,13249,12857,6326"
20979,20979,"4798,10326,6971,5303,4277,3950,2218,2140,8562,13296"
20982,20982,"5303,8421,4277,10326,1017,6433,4798,4322,10579,2140"
20991,20991,"10326,8562,13346,6220,2140,5303,8590,6326,12665,3950"
20998,20998,"9942,3950,6220,5495,13346,3428,5545,13296,1225,64"
21006,21006,"3950,5532,6220,9404,2343,5199,10835,10326,4798,5999"
21018,21018,"6971,2140,5303,8161,10326,6515,8043,8562,7578,1821"
21028,21028,"6220,9942,8188,8562,5532,6659,544,4413,513,4090"
21041,21041,"8562,3950,10326,6433,9942,13346,2905,4798,5495,11572"
21042,21042,"2343,5199,5532,10835,544,3127,2903,9532,9693,6795"
21064,21064,"1290,7120,11298,4929,9962,10663,10607,4576,2916,296"
21075,21075,"6971,2343,5199,5303,544,5532,12665,10835,3950,89"
21078,21078,"3950,10326,8562,9942,2218,13346,5545,3870,13296,4413"
21081,21081,"2218,5495,5303,12470,6220,8590,6971,3055,5545,2343"
21084,21084,"8562,3950,6971,6220,2140,10326,12857,4277,2218,13296"
21089,21089,"4277,10326,8421,10594,4798,350,5303,217,8161,8562"
21112,21112,"1290,7120,1244,4929,2989,4576,11024,10663,9101,544"
21126,21126,"13346,8562,3950,8413,8636,3713,4482,1290,9942,544"
21129,21129,"1290,7120,6971,4929,10663,2916,12869,9295,8590,9438"
21130,21130,"2343,10326,9693,6220,13346,3950,9942,64,13296,7707"
21137,21137,"3950,8562,6971,6220,5303,2140,4277,5642,2218,1788"
21149,21149,"5495,8562,2343,5545,4798,2218,3950,13346,9942,10326"
21152,21152,"10326,2218,5303,6220,8562,4798,13296,3950,4277,12665"
21177,21177,"8562,3950,4798,10916,350,4277,13346,331,10138,8421"
21191,21191,"7120,4929,10663,6971,12497,2916,6243,8922,12030,8567"
21200,21200,"3950,10326,8562,6220,5545,2218,1328,2140,9942,3428"
21204,21204,"10326,4798,4277,3950,5303,8562,717,217,8161,10916"
21221,21221,"5495,2218,6220,6971,1290,5303,8562,8590,13296,12470"
21228,21228,"1290,7120,544,11298,6971,2218,4929,2989,10663,10326"
21249,21249,"5495,10326,2140,2218,5303,544,1978,275,9733,350"
21256,21256,"3950,6220,4798,6971,2789,11396,2199,4947,3515,5124"
21261,21261,"13346,8562,3950,4798,6326,8483,10326,8413,2218,4413"
21279,21279,"10326,544,6220,2343,12665,4798,9942,7707,2140,5545"
21282,21282,"1290,7120,11298,1244,9101,2343,8590,10607,4576,9295"
21305,21305,"4277,10326,717,8421,4798,6433,10916,10594,350,8562"
21307,21307,"13110,217,5734,10594,12152,5040,10748,4077,997,1765"
21315,21315,"5642,1574,810,10100,10063,11094,8505,4365,10152,2797"
21342,21342,"7120,544,2989,6971,4576,11298,4929,9101,11024,1244"
21347,21347,"10326,6220,3950,13346,4798,4277,5303,8562,12665,9942"
21357,21357,"7707,6220,10429,544,1863,8562,1290,2327,13296,9101"
21358,21358,"5532,6971,10326,5199,10835,2903,2218,9532,2343,4266"
21368,21368,"1290,789,9962,5135,7120,11117,2784,11298,8525,3737"
21372,21372,"1290,7120,11298,4576,2989,9730,11024,10389,8590,9101"
21373,21373,"9942,3950,2218,4277,3428,2140,13306,13296,6220,4367"
21383,21383,"7120,9101,4929,1244,544,11298,10663,11024,10389,10137"
21393,21393,"6220,9942,8562,3950,5545,2218,7707,13296,5303,13346"
21415,21415,"1290,7120,6971,4929,9295,8590,10663,3697,11298,11117"
21421,21421,"1290,6220,4929,9942,8562,10663,4576,2916,12497,8590"
21433,21433,"4798,6971,2140,275,5303,10326,4277,3950,2218,544"
21449,21449,"544,4277,10326,2343,3950,6220,2140,5303,350,4798"
21483,21483,"6220,10326,9942,4277,8562,3950,13346,5303,5545,13296"
21488,21488,"8562,10326,3950,4798,8421,13346,6220,5303,12857,3055"
21518,21518,"2989,1244,3428,544,9101,4576,9942,8978,12869,7679"
21528,21528,"6220,12470,8562,2218,7707,5303,13346,3950,8188,13296"
21536,21536,"1290,7120,11298,1244,4929,4576,11024,10663,2989,9730"
21585,21585,"4798,6220,8562,9942,13296,7707,5545,5303,6971,5495"
21598,21598,"1290,11298,2989,7120,9730,9101,10389,4664,11024,6971"
21602,21602,"8562,3950,12665,5303,3055,6220,13346,8922,931,9942"
21604,21604,"4798,12793,5303,2291,9771,8183,7439,3159,9306,6887"
21626,21626,"12665,544,8598,9119,11643,2218,8215,11298,1583,10137"
21636,21636,"3950,2343,12665,9942,10835,13346,3509,13315,64,89"
21649,21649,"7120,4929,10663,12497,6243,5573,12030,2916,3697,4387"
21650,21650,"1025,12859,2650,76,10182,4512,6409,7852,12525,7295"
21655,21655,"1290,7120,4576,11024,11298,4664,9101,12869,10389,1244"
21662,21662,"11298,4576,12869,11024,1290,1244,10389,9101,544,9295"
21681,21681,"1290,7120,11298,4929,1244,10663,12869,2989,4576,10607"
21686,21686,"2140,350,2411,7063,7484,5866,9340,544,7383,10326"
21699,21699,"3950,6220,5303,13346,8562,2218,6971,12665,4798,9942"
21702,21702,"1290,7120,11298,1244,4576,10607,9101,11024,9730,10389"
21709,21709,"4798,10326,13346,3950,8562,6971,12857,8421,5303,13296"
21718,21718,"4798,3950,10326,4277,5303,8562,12857,13346,8421,6971"
21719,21719,"10326,4277,4798,8421,5303,8161,2140,6971,9580,10594"
21724,21724,"8562,6220,3950,3428,10326,13306,4798,9942,13249,13346"
21741,21741,"1290,4576,11298,2989,1244,11024,7120,9101,7679,4664"
21746,21746,"1290,11298,7120,4576,11024,9101,1244,12869,10137,10581"
21751,21751,"3950,11622,6302,6982,11751,12632,11795,9942,4413,10508"
21754,21754,"4277,10326,8421,4798,13346,12857,6433,13249,8562,217"
21768,21768,"3950,6971,4798,6220,12665,13296,13346,7707,5545,2218"
21775,21775,"6220,5199,5703,4444,10835,9942,8238,10429,5532,544"
21781,21781,"11298,11024,9730,1290,2989,4664,12995,4576,1779,3222"
21789,21789,"7120,11298,1244,4576,4929,11024,6971,10607,6220,9101"
21795,21795,"3950,2218,2140,8922,4798,8235,5495,10006,3055,12026"
21812,21812,"3950,8562,3055,8413,2218,13346,1286,3340,4413,12665"
21814,21814,"10326,4798,6971,5303,13346,8562,12857,2140,2218,6326"
21820,21820,"3950,10326,13346,8562,12665,4798,6220,5303,12857,2218"
21827,21827,"10326,9942,4798,6220,4277,2218,5303,6971,8562,2140"
21838,21838,"8562,6220,10326,7707,8188,12606,4798,10429,13346,1355"
21855,21855,"2343,9693,5532,64,6795,13346,5495,5199,10835,2218"
21881,21881,"4798,13346,12857,275,6971,2140,3950,64,10326,6626"
21884,21884,"6220,8562,4798,6971,10326,12665,13346,5545,9942,5303"
21889,21889,"1290,7120,544,10326,4929,6971,10663,6220,8590,1244"
21896,21896,"10326,6220,4277,4798,8562,5303,544,7707,5545,12665"
21902,21902,"10326,4277,4798,8421,10916,3950,6971,8161,12857,13346"
21916,21916,"10326,4277,6971,4798,544,5303,8421,8590,350,2218"
21927,21927,"1290,9962,789,11024,7120,5135,11298,10607,4036,6811"
21938,21938,"10326,4277,12857,8421,4798,1978,13249,717,6433,5303"
21948,21948,"4277,6433,810,13346,9245,10138,8798,5610,12266,4821"
21952,21952,"1290,7120,4929,10663,9295,6971,3697,12030,6243,2916"
21954,21954,"2343,5532,6795,5199,10835,2903,9693,5999,2218,4053"
21955,21955,"3950,6220,9942,5303,6659,8562,10326,11969,2140,11484"
21978,21978,"8188,6220,7707,12606,8981,5149,13296,10429,5976,1863"
21983,21983,"1290,2343,7120,11298,6220,544,8590,9101,9693,6971"
22004,22004,"1290,10326,2343,6971,5303,7120,4798,5199,5495,11384"
22007,22007,"1290,7120,11298,11024,3464,4929,4576,12869,10663,9730"
22014,22014,"6220,3950,5545,9942,3428,2218,7707,8562,8413,1598"
22020,22020,"6220,10326,4798,12665,8562,5303,13346,4277,3950,544"
22052,22052,"4798,10326,8421,8161,9580,10594,5303,11000,6971,1180"
22056,22056,"8562,2218,5495,3950,1323,9942,12665,6302,3577,566"
22064,22064,"8562,7707,10326,4798,544,2218,3950,6220,2343,5335"
22072,22072,"10326,4798,8562,4277,2218,13296,13249,6220,7707,2140"
22074,22074,"8562,4277,4798,10326,8421,13346,12665,13249,2905,10916"
22102,22102,"6220,3428,3950,9942,5545,13346,1889,13306,544,4798"
22110,22110,"8562,4798,10326,13346,6220,3950,3428,9942,13296,8421"
22111,22111,"544,10326,4277,5303,4798,6220,2140,2218,8421,217"
22119,22119,"6220,6971,7792,1290,8562,12665,5545,2218,10326,5495"
22125,22125,"3950,8413,6982,11622,8562,4798,2910,11751,5673,2789"
22150,22150,"10326,6971,4798,5303,544,5199,8922,3950,609,9306"
22151,22151,"1290,7120,4929,6971,9295,4277,10663,1244,2916,8590"
22154,22154,"1290,7120,4929,10663,1244,8703,11298,2020,4205,544"
22213,22213,"9942,6220,2218,5545,3950,6659,3870,3428,12470,3509"
22256,22256,"2343,544,1290,11298,13346,6220,6795,4576,7120,10137"
22258,22258,"5303,4277,4798,8562,13346,5495,6971,275,8421,10326"
22265,22265,"8562,6220,2218,3950,13346,10326,12665,5495,4798,7707"
22279,22279,"6220,2343,13346,6971,2218,9942,3950,89,13296,5532"
22280,22280,"10326,8562,6220,9942,4798,8590,13296,544,1290,5303"
22283,22283,"2343,8703,8981,7637,1290,6892,9693,544,5149,7120"
22286,22286,"6220,3950,5545,3428,8681,8562,3870,7707,2218,4413"
22288,22288,"2343,13346,10326,8562,5199,5303,4277,6220,544,3950"
22321,22321,"1290,7120,11298,11024,2989,4576,1244,9730,12869,10389"
22336,22336,"4798,10326,8562,6220,3950,5303,13346,12665,2140,8421"
22344,22344,"3950,6971,4798,5303,2905,10326,2789,5999,4117,3491"
22353,22353,"9453,7862,6402,10352,12024,6011,10326,8332,4399,1290"
22356,22356,"4929,2916,12497,9295,1244,6971,3697,6243,9962,789"
22387,22387,"10326,4798,5303,6971,2140,6433,13346,544,8421,8562"
22427,22427,"6971,4413,7330,9799,8235,3562,2789,3950,2567,1290"
22428,22428,"1290,2343,7120,9693,11298,9101,9962,9295,5135,12869"
22449,22449,"11298,11024,4576,4664,7679,9101,10389,1290,12655,1779"
22452,22452,"13296,6220,7707,544,10429,9942,1863,8188,7619,5976"
22460,22460,"4163,2957,1371,10674,1558,7679,7669,12869,9330,1290"
22467,22467,"1290,7120,4929,10326,6971,4798,544,10663,1244,2916"
22480,22480,"1290,7120,544,1244,9962,789,9101,5135,4929,11298"
22481,22481,"10326,4798,6971,5303,2140,8562,275,9942,6220,4277"
22484,22484,"5303,3950,9942,11572,4798,10326,1788,8562,8421,10594"
22489,22489,"2343,9693,5532,2537,6834,10835,9942,9532,3127,5782"
22502,22502,"4576,9101,1290,1244,11298,10389,9330,7679,10674,4664"
22510,22510,"1290,11298,7120,2989,12869,4576,11024,9962,789,3427"
22511,22511,"1290,7120,1863,6220,10429,589,13296,7637,544,2327"
22514,22514,"10326,6971,4798,5303,2343,8562,9693,8421,8483,2140"
22520,22520,"1290,7120,4929,10663,6133,5573,10322,4387,12474,3851"
22546,22546,"6971,4798,2140,2304,8022,9193,10326,7824,12857,2291"
22551,22551,"8562,3950,6220,2218,8413,9942,5545,12665,4413,3055"
22582,22582,"11298,1290,7120,11024,3464,4576,4664,9962,1779,2989"
22595,22595,"9942,6220,2218,13296,2343,3950,5545,12665,9693,3870"
22597,22597,"4798,10326,8562,13249,13346,1634,9580,2140,2395,8421"
22605,22605,"4277,3428,3950,9768,217,4271,11010,13306,8722,8562"
22618,22618,"544,4798,1290,7120,9942,7707,2343,11969,12869,9101"
22641,22641,"544,4277,10326,717,8421,10077,4798,350,1978,811"
22645,22645,"4277,10326,350,9178,8562,9340,652,1017,217,3416"
22660,22660,"4798,10326,8562,3950,6220,13346,4277,5303,8421,13249"
22666,22666,"3950,8562,4798,2140,6220,2411,9942,10326,1146,13346"
22674,22674,"7120,4929,4576,1244,2916,9101,789,12497,9962,2989"
22678,22678,"1290,7120,11298,11024,544,4576,2343,1244,789,8590"
22697,22697,"1290,11298,7120,11024,11775,10663,9730,4929,1244,9960"
22698,22698,"3950,2218,6220,5495,6971,7707,5303,5199,13346,3428"
22705,22705,"1290,6971,6220,544,10326,4798,7120,5303,8590,2140"
22710,22710,"2343,5676,4277,9693,3127,544,10835,8562,5495,10326"
22714,22714,"3950,2218,13306,3055,8562,3992,2905,6220,8235,3340"
22715,22715,"3950,4798,6220,13296,3055,5545,5303,5199,810,10326"
22720,22720,"4277,10326,5495,6220,8562,544,8421,2343,5303,2140"
22734,22734,"2218,10326,4798,5303,6971,544,8562,2140,13296,6220"
22735,22735,"6971,4798,5303,2218,2140,10326,8421,8161,3950,6326"
22736,22736,"6971,4798,10326,5303,8562,2218,2140,6220,13346,3950"
22747,22747,"8562,544,2343,10326,7707,6220,9693,13296,4277,5545"
22748,22748,"6971,4798,10326,2140,13296,1290,9668,7637,9937,4698"
22759,22759,"2343,13346,9693,6220,3950,12665,13306,10326,10835,544"
22761,22761,"2218,4798,10326,2140,5199,3950,2905,6971,5303,5999"
22774,22774,"10326,6971,6220,4798,5303,9942,13296,2218,8590,7707"
22783,22783,"8562,7707,8590,6220,3055,13296,6659,3950,2218,10326"
22830,22830,"544,5495,9693,6220,12470,5676,5303,10326,13296,6795"
22831,22831,"7120,4929,10663,11298,1244,2916,789,3697,10607,5135"
22846,22846,"544,10326,6220,8562,6971,2343,4798,7707,2140,275"
22850,22850,"1290,7120,789,9962,5135,3737,10147,1244,7856,11298"
22883,22883,"2218,8562,6220,5495,9942,6971,12632,12665,1912,9799"
22887,22887,"10326,4798,13346,4277,6220,3950,9693,544,6971,2140"
22893,22893,"8562,2218,6220,9942,5303,3950,12665,12857,3870,4798"
22905,22905,"6220,2343,8562,4798,5545,7707,3950,13346,8681,6925"
22923,22923,"6220,2218,4798,3950,5303,2140,10326,8562,8421,9942"
22956,22956,"10326,4798,217,3950,717,12857,4277,8161,8562,13346"
22964,22964,"6220,13296,5545,1863,12606,5976,544,7706,8562,3487"
22972,22972,"11298,1290,9101,1244,7120,12869,10607,4664,7679,4576"
22985,22985,"6971,1290,7637,8703,8053,11630,4798,11622,6982,5966"
23011,23011,"10326,4277,4798,544,350,8421,217,717,8562,1978"
23027,23027,"11298,11024,2989,4576,10389,7679,9101,4664,544,10137"
23036,23036,"6220,9942,10326,6971,3950,4798,2218,8562,5545,13346"
23038,23038,"13346,6220,8562,13296,3950,5545,9942,6971,5495,3428"
23046,23046,"10326,1290,6971,5303,4798,8590,2218,11298,4277,7120"
23051,23051,"2218,5303,12857,8413,6220,4277,4798,5199,3950,6971"
23057,23057,"2770,3960,10221,12204,2877,1290,11337,1968,5901,544"
23062,23062,"11298,7679,11024,12869,4163,2957,1244,4576,9330,1290"
23069,23069,"8562,3950,5303,13346,4798,6971,6220,10326,5495,2140"
23078,23078,"6220,2343,2218,5303,5545,7707,8562,8590,89,12665"
23113,23113,"2218,6220,8562,6971,3950,13346,2140,4798,7707,10326"
23121,23121,"1290,4576,11024,7120,1863,4664,1779,11298,7715,1244"
23123,23123,"4798,8562,3950,10326,4277,5303,2218,6220,8161,13346"
23136,23136,"13346,4798,6971,10326,8562,5495,2140,6326,8421,8413"
23138,23138,"3950,4798,6220,4277,10326,6971,8562,13346,5303,10916"
23140,23140,"10326,12665,6971,6220,5303,2218,8562,1290,4798,544"
23170,23170,"10326,4798,4277,3950,13346,8421,5303,12857,6220,8161"
23173,23173,"1290,7120,11298,10663,1244,8590,544,2989,5303,10326"
23179,23179,"6220,544,2343,6971,10326,2218,7707,5303,810,4277"
23196,23196,"4798,6220,3950,13346,8562,10326,4277,5303,7707,5495"
23199,23199,"2218,3950,6641,5545,11784,13099,652,9653,5222,751"
23216,23216,"6971,4798,10326,2140,5303,8562,7578,2343,2291,8235"
23226,23226,"13346,8562,5495,3950,11384,5610,12898,2218,10326,9942"
23233,23233,"10326,8590,2218,5303,4798,8562,8421,6220,1328,976"
23253,23253,"2343,9693,6971,6220,3055,3950,10835,8590,5199,1220"
23281,23281,"1290,7120,11298,9730,544,9295,4664,5969,10607,10137"
