ID,user_id,item_id
12,12,"4798,10326,5303,8562,4277,12857,8483,10916,2140,544"
14,14,"6220,9942,4798,8562,544,9101,10326,1290,5495,12665"
17,17,"1328,10326,544,4798,9101,9942,5495,6659,12665,8562"
21,21,"10326,4798,544,6220,8562,4277,6971,13346,9942,10916"
44,44,"11298,1290,1244,7120,9101,9295,2989,544,12869,9730"
55,55,"10326,8562,4798,2218,10916,13346,10594,3950,4277,6326"
56,56,"6971,5495,12665,89,4798,2343,9693,544,9101,10326"
58,58,"4798,10326,8562,544,6971,13346,5303,4277,6433,275"
59,59,"4798,10326,3950,6220,13346,9942,12857,4277,6433,275"
79,79,"10326,4798,13346,6220,8562,544,4277,5495,2343,3428"
81,81,"1290,7120,9101,11298,2989,544,1244,12869,9295,4929"
85,85,"4798,10326,8562,5303,5495,12857,544,275,6971,9942"
92,92,"1290,11298,7120,12869,9101,1244,2989,9295,1779,544"
97,97,"3950,12665,9942,4798,13346,5495,10326,544,9101,2218"
100,100,"4798,10326,8562,13346,10916,3950,8421,6433,12857,2140"
112,112,"4798,3950,6971,6220,8562,12857,10326,544,5495,12665"
122,122,"10326,8562,4798,3950,217,4277,6220,8483,717,10568"
133,133,"9693,2343,8483,544,9942,6659,9532,12665,1323,4798"
141,141,"1290,6220,8562,544,9101,4798,7120,10326,9942,5495"
144,144,"9295,9101,544,4798,10326,9942,5495,12665,8562,9730"
149,149,"1290,7120,11298,9101,7679,1244,4929,9730,544,7669"
153,153,"4798,10326,3950,8562,6220,12857,5303,13346,2218,6326"
166,166,"1290,544,6971,9101,4798,10326,12665,2989,9942,7120"
220,220,"4798,8562,6220,13346,8413,9942,12665,544,5676,6326"
231,231,"9693,3950,2343,12665,9404,8562,13346,5495,9532,5199"
262,262,"10326,1290,4798,7120,6971,12857,5303,544,1244,13346"
274,274,"544,6220,4798,6971,10326,2218,12665,1290,3950,89"
277,277,"544,2343,12470,12665,4277,10326,5495,13346,89,11298"
281,281,"1290,7120,11298,9295,6971,9101,4929,544,1244,4798"
291,291,"217,3428,4798,717,8421,544,9942,9101,10326,5495"
300,300,"10326,8562,4798,6220,5303,6971,9942,544,275,4277"
310,310,"4798,5303,10326,8562,544,5495,9942,2218,10916,9101"
332,332,"5495,12470,13306,544,9101,4798,609,8188,9942,10326"
344,344,"10326,4798,8562,4277,217,6433,12857,10594,10916,13249"
359,359,"544,1290,7120,6220,9101,2989,89,11298,1244,9942"
380,380,"5495,5199,544,9693,9101,9942,4798,2903,10326,12665"
386,386,"9942,8562,6220,12665,4798,3950,3428,13346,4277,6971"
426,426,"3950,13346,12665,8562,6220,5495,544,4798,9101,9942"
436,436,"4798,10326,8562,4277,544,12857,13346,6971,6433,3950"
453,453,"4798,6220,544,6971,89,8562,10326,13346,9942,3950"
461,461,"7120,544,9101,10326,2989,1244,11298,9942,6971,4798"
464,464,"4798,10326,2140,544,9101,9942,5495,12665,8562,11298"
473,473,"5495,12665,544,9101,4798,8562,10326,9942,11298,2989"
481,481,"10326,4798,6220,217,6383,717,12665,9101,350,13346"
490,490,"275,4277,4798,8483,10326,350,544,10568,3428,9340"
494,494,"4798,8562,10326,6220,5303,6971,12665,3950,9942,8413"
497,497,"2989,1290,7120,12869,9730,7679,11298,544,9101,7669"
510,510,"2343,544,9942,3950,6220,13346,12665,4798,3428,8562"
511,511,"10326,4798,8562,6220,12857,8421,717,544,5303,9101"
512,512,"9693,1290,544,2343,1244,7120,9101,11298,2989,5532"
524,524,"1290,7120,12869,1244,11298,544,9101,9295,9962,9730"
525,525,"10326,4798,544,5303,4277,3950,12665,8562,6971,9942"
545,545,"10326,4798,8421,10594,8562,544,9101,12857,9942,217"
560,560,"10326,8562,4798,3950,13346,6220,544,3428,6433,217"
564,564,"9693,2343,6795,275,10326,544,8562,9101,9942,4798"
566,566,"13346,2343,4798,9942,12665,9693,8562,275,5303,3950"
568,568,"10326,217,4798,5495,3428,6220,4277,544,2343,8562"
570,570,"8562,544,6220,8681,10326,4798,9101,9942,2218,5495"
573,573,"4798,10326,13346,3950,4277,8562,544,217,10916,6433"
594,594,"8562,3950,6220,4798,10326,13346,5303,4277,12665,9942"
601,601,"4798,10326,5303,12665,8562,544,2218,275,3950,6220"
605,605,"5495,3950,4798,544,10326,9101,2905,9942,5461,12665"
641,641,"4798,6220,9942,5495,10326,3950,3428,9693,13346,544"
650,650,"9942,6220,3950,217,2218,3428,544,8562,5303,4798"
675,675,"9942,6220,12665,8562,6971,4798,3950,544,5495,3870"
677,677,"1290,7120,4929,9101,544,1244,10663,4798,10326,11298"
679,679,"10326,544,9942,4798,8562,5303,6971,6220,5676,4277"
683,683,"3950,13346,8562,4798,544,9101,9245,10326,5610,9942"
687,687,"10326,4798,544,8562,13346,12665,6220,5303,10916,1290"
705,705,"4798,275,544,5303,10326,9101,9942,4277,5495,12665"
708,708,"1290,7120,544,9101,1244,11298,2989,6971,12665,9730"
712,712,"5495,9942,8562,6220,3950,12665,4798,10326,13346,13306"
715,715,"4798,5303,10326,8562,544,5495,13346,9101,8483,275"
728,728,"1290,7120,9101,11298,1244,2989,544,9730,12869,9962"
743,743,"12665,2343,9693,544,10326,2218,4798,6659,89,2903"
753,753,"6220,544,8562,9942,5495,2989,8413,12665,9101,4798"
757,757,"4798,10326,5303,9942,13346,5495,6971,8483,8562,12857"
768,768,"5495,3950,8413,10326,12470,8562,13346,4798,5303,2218"
797,797,"2343,6795,544,5495,5532,9101,4798,10326,9942,12665"
813,813,"12665,544,9101,4798,1290,9942,10326,11298,5495,8562"
832,832,"1290,7120,11298,9101,4929,6971,1244,9730,2989,12869"
833,833,"10326,4798,9942,8562,6220,5303,13346,12665,3950,275"
844,844,"12665,2343,13346,9942,10326,5495,4798,6220,544,8413"
858,858,"10326,544,4277,8562,3950,50,4798,9101,6220,275"
874,874,"11298,12869,9730,9101,544,6220,12665,1290,4576,7120"
875,875,"10326,12470,8562,4798,5303,544,4277,13346,6433,12665"
892,892,"4798,8562,6220,5303,10326,544,9101,9942,5495,12665"
897,897,"3950,3428,12665,13346,9942,544,9101,4798,8562,10326"
912,912,"1290,7120,4798,10326,9101,6971,544,9295,5303,8590"
924,924,"13346,8562,6220,9942,4798,12665,544,9101,5545,5485"
926,926,"1290,6220,544,12665,9942,10326,8562,4798,7120,5495"
933,933,"5303,10326,544,5495,4277,6220,8562,2140,8413,4798"
944,944,"8562,6220,9942,3950,2343,89,13346,12665,9693,3428"
951,951,"5495,4798,5303,8562,6971,2218,6220,10326,12470,544"
974,974,"8562,544,6220,9942,4798,3428,3950,13346,12665,10326"
1010,1010,"4798,544,9101,10326,9942,5495,12665,8562,11298,2989"
1013,1013,"12665,89,4798,544,9101,6971,10326,8562,9942,5495"
1016,1016,"4798,1290,9942,8562,7120,6220,2218,5303,6971,10326"
1023,1023,"1290,7120,6220,1244,89,12665,11298,6971,9942,2989"
1035,1035,"544,12665,10326,5303,9101,6971,1290,4277,217,6220"
1046,1046,"544,1290,7120,9101,10326,11298,1244,2989,5303,4798"
1051,1051,"1290,7120,9942,2989,544,8562,5495,9101,10326,4798"
1057,1057,"10326,5303,4798,8483,8421,12857,6971,544,8562,9101"
1064,1064,"1290,4798,7120,10326,6971,4929,8590,5303,8562,544"
1080,1080,"4798,544,9101,10326,9942,5495,8562,12665,11298,2989"
1089,1089,"10326,8562,4798,544,4277,217,717,13346,5303,12857"
1090,1090,"8562,13346,10326,3950,4798,4277,10916,6971,12665,12857"
1103,1103,"8562,4798,10326,10916,13346,6433,3950,217,544,5303"
1123,1123,"1290,7120,6971,4929,9101,544,4798,10326,9942,5495"
1134,1134,"10326,4798,8562,5303,13346,4277,12857,8421,8483,3950"
1136,1136,"8562,4798,3950,10326,9942,12665,13346,2218,4277,544"
1139,1139,"6220,5495,9942,544,9693,8562,9101,10326,13296,4798"
1154,1154,"12665,6220,544,3428,9942,10326,4798,12470,4277,8562"
1169,1169,"1290,9101,544,11298,1244,6220,2989,9730,9942,12665"
1173,1173,"8562,8188,4798,6220,5495,544,10326,3950,9942,9101"
1178,1178,"544,9101,4798,10326,12665,9942,5495,8562,11298,2989"
1190,1190,"8562,4798,3950,10326,5303,13346,6971,12665,5495,544"
1205,1205,"8562,4798,6220,8413,3950,10326,5303,9942,13346,6971"
1217,1217,"11298,1290,2989,7120,9730,9101,1244,7679,12869,11024"
1218,1218,"544,9693,9101,2343,9942,6220,89,12665,5495,6795"
1230,1230,"6220,10326,8562,4798,12665,544,3950,5303,9942,13346"
1250,1250,"10326,4798,8562,5303,6433,4277,10594,544,12857,2140"
1252,1252,"3950,4798,12665,2343,5303,544,8562,10326,5199,5495"
1276,1276,"9693,2343,9942,544,5495,5199,4798,5532,9101,2218"
1279,1279,"1290,7120,11298,1244,9101,544,6971,9962,4798,4929"
1281,1281,"10326,217,4798,5303,12857,275,4277,9942,8421,8562"
1288,1288,"8562,3950,3428,5495,6220,4277,5303,12470,10326,13346"
1305,1305,"11298,9730,1244,9101,544,1290,7679,4798,12869,10326"
1320,1320,"4798,8562,8413,3950,10916,6326,10326,544,5495,12857"
1321,1321,"5495,3950,10326,13346,4798,12470,5303,9404,5199,12665"
1328,1328,"9942,6659,6220,8562,2218,4798,5303,544,3870,10326"
1343,1343,"4798,10326,8562,4277,544,12857,13346,5303,717,217"
1345,1345,"1290,544,2989,7120,11298,9101,4798,10326,4277,12869"
1374,1374,"11298,7120,1244,12869,9101,7679,9730,544,2989,6288"
1410,1410,"1290,7120,10326,4929,9101,544,4798,9942,12665,11298"
1414,1414,"12857,6433,10326,8483,10594,544,9101,4798,8562,9942"
1420,1420,"8562,9942,4798,6220,13346,5676,10326,3950,8188,8413"
1440,1440,"8562,9693,544,9101,10326,2343,4798,9942,5495,9730"
1441,1441,"2989,544,9942,9101,5495,4798,7679,8562,10326,12665"
1443,1443,"9101,11298,1244,1290,544,2989,9693,4576,9730,7679"
1458,1458,"1290,7120,11298,9101,544,1244,10326,9295,2989,12869"
1492,1492,"9942,6220,4798,13346,3950,10326,6971,8562,12665,5545"
1496,1496,"10326,4798,5303,8562,6971,544,1290,12665,275,2218"
1499,1499,"12665,3950,4798,10326,544,5495,5303,13346,8562,13315"
1504,1504,"9101,1290,11298,7120,544,2989,12869,1244,9730,7679"
1516,1516,"8562,13346,6220,9942,2343,3950,10326,4798,4277,13249"
1523,1523,"4798,217,9455,544,9101,10326,9942,5495,12665,8562"
1534,1534,"544,9101,4798,10326,9942,5495,12665,8562,11298,2989"
1539,1539,"1290,544,7120,6220,11298,9942,12665,9101,2989,1244"
1559,1559,"1290,7120,2989,9101,1244,9730,6971,544,12869,4576"
1572,1572,"9942,12665,6220,8562,3950,544,10326,4798,3428,2218"
1573,1573,"10326,4798,12857,4277,717,544,5303,10594,8421,217"
1601,1601,"544,1290,6220,9942,9101,7120,4798,10326,6971,1244"
1603,1603,"4798,8562,3950,10326,8483,544,9101,13346,9942,5495"
1604,1604,"544,217,4798,4277,13346,717,350,10326,6383,1978"
1613,1613,"11298,2989,1290,9101,544,7679,1244,7120,9730,4576"
1634,1634,"4798,10326,6659,4277,8562,9404,3950,1328,6220,9942"
1642,1642,"3950,8562,4798,13346,9942,6220,10326,8413,2218,5495"
1643,1643,"1290,7120,1244,2989,11298,9101,544,6220,6971,9942"
1654,1654,"8562,4798,6220,9942,3950,544,10326,9693,6971,12665"
1657,1657,"11298,2989,544,9101,7679,12655,1244,7342,8978,9730"
1674,1674,"1290,4798,9693,544,89,6971,9942,2343,10326,12665"
1702,1702,"10326,8562,6220,13346,9942,12665,6326,13110,3950,3870"
1719,1719,"6659,3950,9942,6220,544,9101,4798,8562,3428,10326"
1725,1725,"8562,4798,10326,3950,6220,13346,12857,9942,12665,10916"
1726,1726,"1290,4798,6971,7120,10326,4929,8562,544,9101,9942"
1728,1728,"544,9693,1290,2343,9101,10326,11969,2989,6971,9942"
1735,1735,"89,544,9101,12665,4798,10326,9942,5495,8562,9693"
1739,1739,"1290,7120,4929,9101,544,4798,10326,9942,5495,1244"
1774,1774,"4798,10326,8562,3950,3428,4277,13346,5303,6220,10916"
1780,1780,"4798,544,10326,9101,4277,11969,1323,6220,217,275"
1799,1799,"217,544,9101,4798,10326,9942,5495,8562,6270,12665"
1813,1813,"4798,8562,10326,3950,9942,13346,5303,2218,6220,5495"
1834,1834,"8562,13346,3950,4798,12857,10326,10916,6326,544,9101"
1835,1835,"5495,12470,6659,8562,544,9101,4798,10326,9942,12665"
1841,1841,"1290,11298,1244,12869,9101,9730,9295,9962,544,6288"
1863,1863,"3950,8562,3428,6220,9942,12665,10326,4277,4798,275"
1878,1878,"8562,9942,13346,3950,3428,8413,12857,6220,4798,6326"
1879,1879,"2343,4798,6971,10326,8562,13346,6795,544,5303,12665"
1910,1910,"1290,7120,4798,9101,6971,10326,544,10663,6591,2989"
1911,1911,"8562,4798,10326,5303,544,13249,9101,5495,9942,12665"
1919,1919,"13346,9693,2343,9942,6220,544,12665,6795,2989,5545"
1925,1925,"12869,7679,9730,9101,11298,544,4798,10326,9942,4163"
1926,1926,"11298,9101,1244,544,4798,8978,10326,2989,9942,5495"
1931,1931,"544,10326,9101,4798,9942,5495,12665,8562,11298,2989"
1940,1940,"4798,10326,8562,5303,13346,6971,6220,2218,275,544"
1968,1968,"4798,10326,5303,8483,1328,13249,217,544,5495,9101"
1981,1981,"4798,3950,8413,13346,10326,6971,12857,5303,12665,10916"
1992,1992,"1290,7120,11298,1244,9101,544,10663,2989,4798,9730"
1998,1998,"11298,9101,1290,11024,9295,9730,1779,544,2989,1244"
2000,2000,"1290,7120,9101,11298,4929,1244,9962,544,9295,4798"
2017,2017,"8562,4798,3950,13346,10326,4277,6971,12857,5303,6220"
2036,2036,"544,9101,4798,10326,9942,12665,5495,8562,11298,2989"
2044,2044,"9693,544,2343,4798,8562,10326,5461,11969,9942,5495"
2047,2047,"11298,1290,9101,1244,7120,12869,9730,6591,544,1779"
2052,2052,"10326,5303,544,9101,4798,8562,9942,5495,12665,1328"
2055,2055,"5495,544,9101,4798,10326,9942,12665,8562,6659,11298"
2069,2069,"8562,6220,8413,9942,2218,544,3950,3428,12665,5495"
2075,2075,"9693,4798,2343,3950,10326,6220,9942,5303,13346,544"
2089,2089,"10326,4277,4798,717,8562,8421,10594,10916,544,10077"
2093,2093,"4798,12665,8562,5303,9942,6220,3950,544,10326,275"
2127,2127,"10326,4798,544,2140,9101,9942,8562,5495,12665,2989"
2135,2135,"9942,12665,6220,3950,3428,8562,5495,4798,5545,3870"
2137,2137,"12665,3950,6220,13346,8562,89,544,4798,9101,5495"
2141,2141,"8413,8562,6220,9942,544,2218,5495,8188,9101,12665"
2147,2147,"544,1290,9101,8562,7120,7669,9942,11298,2989,6220"
2150,2150,"10326,8562,4277,12857,4798,717,350,544,6433,5461"
2153,2153,"4798,10326,8562,12857,5303,6220,6326,10916,544,13249"
2158,2158,"544,9101,11298,2989,1290,7120,1244,12869,7679,8978"
2178,2178,"8562,5495,4798,13346,13249,2343,9942,5199,544,10326"
2180,2180,"8562,6220,13346,3950,6383,12665,9942,5676,3428,2343"
2181,2181,"2989,11298,544,1290,3464,7120,1244,7679,9101,1779"
2193,2193,"3950,6220,9942,8413,544,4798,9101,5495,12665,10326"
2216,2216,"10326,8562,4798,4277,544,13346,10916,6433,217,10594"
2224,2224,"8562,5495,10326,12470,3950,8413,5303,2343,12665,544"
2231,2231,"2343,6971,544,9693,89,5199,9101,9942,12665,5532"
2242,2242,"5495,3950,4277,6220,13306,217,8562,10326,3428,8681"
2243,2243,"5495,9693,2343,544,10326,5676,2903,9101,4798,3127"
2247,2247,"9730,5495,544,9101,4798,10326,9942,9693,12665,4443"
2262,2262,"544,11298,9101,1290,1244,2989,7120,4576,11024,7679"
2271,2271,"8562,10326,4798,544,3950,5303,4277,2218,5495,13346"
2284,2284,"3950,13346,6971,8413,4798,8562,5495,6220,12665,544"
2287,2287,"8562,8188,13306,5495,544,9101,4798,10326,9942,12665"
2291,2291,"5303,10326,4798,275,544,2140,2218,3950,9942,6971"
2293,2293,"4798,5303,544,9101,7120,9730,1290,11298,2218,6971"
2294,2294,"4798,10326,8562,12857,6433,5303,10594,6326,544,4277"
2301,2301,"4798,6971,6220,6659,10326,5303,13249,2218,8421,544"
2310,2310,"9942,544,12665,6220,10326,9101,6659,8562,3950,1244"
2341,2341,"4798,8562,10326,13346,6971,3950,6220,12857,5303,12665"
2345,2345,"9101,11298,7679,12655,2989,544,9730,12869,8978,4576"
2348,2348,"1290,11298,7120,9101,1244,544,9730,2989,12869,7679"
2349,2349,"4798,10326,6971,544,13346,8562,5303,10916,4277,3950"
2350,2350,"10326,4798,544,1290,4277,6220,5303,6971,7120,9942"
2355,2355,"10326,4798,4277,8562,12857,10916,3950,6433,217,13346"
2383,2383,"10326,4798,8562,13346,12857,6326,4277,544,717,3950"
2393,2393,"4798,10326,544,9101,9942,5495,12665,8562,6971,11298"
2399,2399,"7120,1244,10326,4798,544,9101,4929,5495,9942,5303"
2421,2421,"544,2343,10326,4798,5495,12665,6795,8562,13346,5303"
2435,2435,"9532,9942,2989,544,9101,12665,9693,4798,10326,11298"
2448,2448,"5495,544,4798,9101,9942,10326,12665,8562,8188,11298"
2452,2452,"1290,7120,4929,544,9101,4798,10326,2989,6971,9942"
2464,2464,"8562,6220,9942,3950,10326,4798,13346,3870,544,5545"
2470,2470,"12857,3950,8562,5642,10326,10594,217,544,9101,4798"
2478,2478,"6971,5303,1290,12665,2218,544,4798,89,10326,5495"
2506,2506,"6220,4798,3950,3428,8562,5495,10326,10594,544,7359"
2523,2523,"4798,544,10326,9101,12665,9942,5495,8562,11298,2989"
2527,2527,"1290,7120,4929,544,9101,4798,10326,9942,5495,12665"
2528,2528,"4798,3950,12857,8562,6326,10326,6220,9942,544,9101"
2530,2530,"3950,8562,13346,2218,10326,4798,5495,544,5303,12665"
2533,2533,"9942,6220,3950,8413,8562,544,9101,4798,5495,10326"
2540,2540,"8562,8483,13346,4798,10326,3950,217,4277,9942,12665"
2558,2558,"8562,3950,13346,10326,12665,9942,8413,4798,544,2343"
2559,2559,"6220,6659,12665,8188,9942,3950,5545,8562,544,10326"
2592,2592,"4798,10326,13346,544,6220,6971,275,12665,5303,1290"
2599,2599,"10326,4798,8562,5303,4277,544,3950,6220,6971,275"
2608,2608,"9942,6220,8562,12665,3428,3950,5495,10326,5545,12470"
2613,2613,"11298,2989,1290,9730,7120,12869,9101,11024,9295,1244"
2616,2616,"8413,5495,4798,544,9942,9101,8562,10326,12665,11298"
2617,2617,"544,4798,5495,9101,8562,10326,9942,12665,1863,2989"
2619,2619,"3950,9942,6220,544,8413,8562,9101,4798,10326,89"
2622,2622,"1290,7120,11298,1244,544,9101,9295,2989,9942,4798"
2629,2629,"1290,1244,9101,544,11298,7120,2989,9730,7679,6220"
2648,2648,"1244,1290,9101,544,7120,2989,7679,10326,12869,12665"
2654,2654,"4798,10326,6220,8562,5303,12665,544,6971,3950,5495"
2668,2668,"544,9101,8562,4798,9942,10326,8188,5495,6220,12665"
2703,2703,"5495,3565,544,9942,9101,4798,10326,9693,5199,4576"
2710,2710,"13346,10326,4798,4277,8562,3950,8483,6383,10916,12857"
2713,2713,"4798,10326,13346,5303,8562,6971,3950,6326,9942,12665"
2722,2722,"7120,9101,2989,11298,1244,9730,544,4929,12869,10663"
2724,2724,"1290,7120,4929,1244,9101,544,4798,9942,6971,10326"
2727,2727,"10326,6220,4798,5303,8562,6971,2218,9942,544,13346"
2755,2755,"9101,11298,7669,2989,544,12869,7679,1290,7120,8978"
2769,2769,"13346,4277,4798,275,8562,10326,544,9942,12404,3950"
2776,2776,"10326,5303,2218,544,9942,12665,8562,5495,9101,4798"
2781,2781,"1290,7120,1244,4929,9101,544,6971,11298,4798,9295"
2782,2782,"1290,7120,11298,1244,7679,4929,9101,9730,2989,544"
2789,2789,"9693,2343,4798,544,5199,10326,5495,3950,13346,5676"
2794,2794,"9942,12665,3950,2903,8562,544,4798,9101,5495,9693"
2804,2804,"6220,5303,3950,8562,9942,2218,9693,64,544,12665"
2819,2819,"544,12665,8562,5495,10326,6220,3950,4798,5303,2343"
2846,2846,"9942,8562,6971,544,5303,4798,10326,6220,9101,13408"
2851,2851,"7669,2989,12869,11298,9101,544,1244,7679,9730,9942"
2861,2861,"10326,9404,8562,5495,544,4277,4798,217,9101,3950"
2862,2862,"12665,9942,6220,9101,89,9693,2989,7679,1290,8562"
2867,2867,"13346,10326,5495,4798,544,9101,9942,8562,10594,350"
2873,2873,"5495,9693,544,13408,2343,1290,12470,5532,10326,4798"
2880,2880,"6220,8562,9942,544,7707,5495,4798,9101,10326,1863"
2881,2881,"10326,4798,12857,10916,8562,10594,13249,13346,544,9101"
2886,2886,"4798,12665,4277,5303,10326,544,50,8205,8483,8562"
2891,2891,"9693,2343,4798,10326,13346,12665,9942,6795,6971,544"
2908,2908,"544,10326,4798,1290,7120,5303,4277,275,2140,6971"
2910,2910,"544,9693,6220,2343,5303,4798,6971,8562,9101,9942"
2915,2915,"10326,4798,9942,5495,3950,8562,5303,12665,544,9404"
2935,2935,"544,5303,6971,10326,5495,12665,6220,5199,2218,9942"
2946,2946,"1290,544,9101,2989,11298,1244,12869,9730,9295,7679"
2948,2948,"544,1290,2989,9101,6220,7120,11298,7679,1244,9942"
2969,2969,"9942,3950,4798,2218,6971,544,9101,10326,5495,2140"
2979,2979,"11298,12869,1290,7120,1244,7679,2989,9101,11024,9730"
3036,3036,"3464,11298,1290,7120,7679,2989,9101,544,4798,6248"
3050,3050,"10326,3950,4798,13346,8562,2343,9942,9693,544,12665"
3056,3056,"6659,544,4798,10326,9101,9942,5495,12665,8562,1328"
3061,3061,"4798,10326,4277,8562,5303,12857,217,717,3950,8421"
3066,3066,"8562,6220,4798,6659,10326,5495,9942,544,12665,13346"
3069,3069,"10326,4798,12857,13346,6326,217,2218,13249,544,9101"
3094,3094,"10326,4277,4798,8562,5303,217,544,12857,350,10916"
3106,3106,"12665,6220,8562,3950,6659,9942,8188,10326,544,2218"
3110,3110,"1290,7120,4929,544,9101,4798,10326,10663,9942,5495"
3115,3115,"2343,9693,12665,544,5495,10326,5199,8562,5532,9942"
3136,3136,"9101,1290,544,8562,6971,10326,6220,5303,2218,12665"
3159,3159,"4798,10326,6659,1328,8562,3950,9404,8590,13346,544"
3166,3166,"10326,5495,544,4798,12665,5303,4277,6220,2343,9942"
3172,3172,"1290,2343,11298,9693,544,9101,89,1244,9730,7120"
3200,3200,"13346,3950,10326,4798,8562,544,5676,5495,2343,9101"
3217,3217,"10326,13346,4798,3950,2218,8562,10568,9942,12665,544"
3218,3218,"1290,1244,7120,11298,544,9101,4664,2989,4798,10326"
3229,3229,"4798,10326,13346,4277,275,544,5303,9101,9942,9340"
3230,3230,"544,10326,1290,7120,4798,9101,2989,275,5303,6971"
3274,3274,"4798,6971,5303,10326,544,9101,5495,12665,9942,2140"
3285,3285,"10326,4277,5303,4798,8562,544,12857,3950,350,275"
3316,3316,"9942,8562,6220,3428,13346,12665,13110,4798,10326,3870"
3319,3319,"8562,4798,4277,10326,3950,8483,350,13346,10916,544"
3323,3323,"10326,4798,8562,3950,5303,12665,4277,13346,544,6220"
3346,3346,"4798,6971,12665,5303,2989,1290,10326,11298,9730,544"
3354,3354,"10326,8562,13346,9942,4798,11969,3565,12857,12665,1328"
3368,3368,"4798,10326,8562,3950,4277,217,6220,13346,544,3428"
3374,3374,"9942,1290,3428,12665,8562,7120,5545,3870,4798,544"
3391,3391,"10326,8562,12857,3950,4277,4798,217,6220,10916,3428"
3397,3397,"8562,10326,2343,9693,6220,13346,4798,89,9942,12665"
3404,3404,"8562,5495,544,4798,10326,9101,7707,9942,10429,12665"
3408,3408,"8562,4798,12665,6971,5303,9942,2218,10326,13346,3950"
3416,3416,"9693,2343,544,6795,2989,9101,9942,4798,10326,11298"
3422,3422,"4798,10326,544,1290,5303,6971,7120,8562,6220,4277"
3423,3423,"544,8562,5303,6220,12665,10326,5495,8681,4798,8413"
3426,3426,"9942,6220,4798,12665,6659,3950,8562,3870,6971,544"
3436,3436,"10326,8562,544,4798,12665,6220,13346,6971,5495,9942"
3448,3448,"12857,4798,8562,10594,544,10326,9101,6433,10869,9942"
3464,3464,"9942,8562,12665,3950,13346,3428,5642,6659,6220,13306"
3472,3472,"1290,7120,11298,6971,1244,9101,6220,544,8562,9942"
3477,3477,"9942,544,8562,6220,10326,5495,5303,3950,3428,6659"
3488,3488,"3950,4798,5303,13346,10326,12857,8562,4277,6220,8483"
3497,3497,"13346,4798,12665,8562,9942,3950,10326,8413,3428,5303"
3504,3504,"1290,9101,544,4798,7120,10326,1244,9942,11298,5495"
3517,3517,"8562,13346,4798,5303,3950,10326,12857,8413,8483,12665"
3538,3538,"5495,5303,10326,4798,217,12668,544,9101,8562,9942"
3544,3544,"3950,4798,12665,9942,6220,10326,5495,2343,5461,544"
3547,3547,"4798,10326,4277,217,6220,717,13249,8483,13346,3950"
3569,3569,"10326,275,12665,4798,544,5303,6971,5495,2343,13346"
3570,3570,"544,9101,4798,10326,9942,5495,12665,8562,11298,2989"
3575,3575,"10326,4798,4277,544,9942,5495,13346,9101,275,3950"
3579,3579,"544,4798,217,13346,10326,4277,717,2343,3950,6433"
3588,3588,"1290,6220,7120,544,9942,4798,9101,10326,8562,9693"
3592,3592,"2989,12869,1290,544,9101,7679,9942,11298,2874,7120"
3617,3617,"10326,4798,8562,6220,5303,5495,4277,3950,717,2140"
3632,3632,"3950,8413,9942,544,12665,9101,4798,10326,8562,5495"
3650,3650,"544,4798,10326,9101,9942,11298,5495,275,12665,2140"
3654,3654,"10326,12857,1328,5303,4798,350,4277,13346,544,275"
3656,3656,"1290,5303,4798,10326,9942,544,9101,7120,5495,8562"
3678,3678,"544,1290,7120,6220,6971,9942,9693,4798,12665,3950"
3681,3681,"544,9101,4798,10326,9942,5495,12665,8562,11298,2989"
3683,3683,"4798,10326,5303,10594,544,9101,8562,8421,9942,10916"
3685,3685,"10326,4798,544,5303,3950,4277,2218,10594,8483,8562"
3699,3699,"7120,1290,11298,3464,1244,2989,7679,9101,544,4798"
3707,3707,"8562,5495,9942,544,9101,4798,6220,8413,12665,10326"
3731,3731,"1290,7120,1244,2989,544,9101,9730,4929,4576,7679"
3737,3737,"4798,8562,10326,5303,8483,6433,12857,2218,3950,544"
3739,3739,"8562,6659,8413,544,4798,10326,13346,8188,9942,5495"
3744,3744,"3950,12665,9942,13346,6220,8562,4798,3428,10326,5495"
3753,3753,"10326,4798,6971,13346,5303,10916,12857,3950,8562,8421"
3778,3778,"4798,8562,6220,9942,5303,3950,2218,5495,10326,8413"
3786,3786,"8562,3950,6220,9942,13346,8413,4798,5303,10326,544"
3790,3790,"8562,13346,3950,4798,5495,9942,6220,2218,10326,5303"
3804,3804,"4277,217,717,10077,544,13346,8421,6383,3950,10326"
3805,3805,"8562,3950,4798,10326,5303,544,10916,6220,13346,12857"
3819,3819,"544,10326,4798,8562,6220,5303,3950,5495,2218,9942"
3827,3827,"544,9101,4798,10326,9942,5495,12665,8562,11298,2989"
3829,3829,"10326,4798,8562,12857,5303,13346,6971,10916,3950,6326"
3841,3841,"10326,6971,544,5303,8562,2343,13346,275,12665,9942"
3849,3849,"11298,1290,7120,9730,9101,1244,12869,9962,544,4798"
3928,3928,"1290,7120,1244,9101,11298,544,12869,9295,4929,9730"
3988,3988,"11298,6288,8978,7679,7342,9101,544,1244,4798,3464"
3994,3994,"1290,9101,2989,7120,11298,1244,544,6220,7679,6288"
3998,3998,"13346,9942,10326,3950,2411,5461,3428,12665,275,4798"
4012,4012,"3950,13346,4798,544,9101,10326,8562,9942,5495,12665"
4021,4021,"5303,4798,10326,544,2343,6971,2140,9693,5495,8205"
4022,4022,"4798,8562,6220,12665,4277,6971,5303,13346,3950,9942"
4047,4047,"9942,544,5495,4798,6220,8562,9101,10326,3428,6659"
4073,4073,"1290,544,2989,9101,1244,11298,4929,9730,6971,4798"
4099,4099,"544,5495,1290,6220,7120,12470,5303,9730,6971,12665"
4100,4100,"544,5495,9101,4798,9942,10326,8562,12665,11298,2989"
4120,4120,"12470,13408,12099,10326,544,12668,1323,8413,9942,5676"
4126,4126,"1290,7120,544,11298,9101,10326,2989,4798,4929,9942"
4136,4136,"4798,8413,8562,12857,5495,10326,544,9101,12665,9942"
4160,4160,"7669,7679,11298,12869,9101,1290,544,7120,4798,10326"
4173,4173,"1290,7120,6971,544,1244,9101,11298,9730,4798,2989"
4177,4177,"1290,7120,9730,544,11298,9101,2989,1244,7679,12869"
4183,4183,"10326,4798,4277,5303,544,8562,717,8483,9942,8421"
4191,4191,"1290,7120,1244,4929,9101,544,4798,10326,9942,10663"
4195,4195,"8562,4798,10326,4277,13346,12857,5303,9942,217,10916"
4213,4213,"544,5495,6220,2343,6971,9693,9942,10326,9101,12470"
4226,4226,"9942,5495,217,13249,13346,3950,3428,12665,4277,544"
4227,4227,"1290,7120,9101,9295,11298,275,9730,1244,2989,544"
4232,4232,"4798,13346,10326,3950,8562,544,9942,12665,13249,9101"
4255,4255,"4798,10326,13346,4277,544,8562,5303,717,350,8421"
4258,4258,"544,9101,12869,4798,11298,1244,10326,4545,9295,9942"
4274,4274,"5303,10326,8483,1328,4798,350,8421,544,9101,5495"
4289,4289,"1290,9942,2218,544,6220,7120,10326,89,9101,5495"
4295,4295,"10326,8562,4798,6220,4277,544,13249,13346,3950,12665"
4300,4300,"8562,3950,13346,6220,3428,9942,4798,12665,10326,217"
4334,4334,"12857,4798,10326,8562,13346,8205,544,9101,217,9942"
4361,4361,"4798,8562,10326,3950,13346,544,5303,9942,9101,12665"
4377,4377,"4798,3950,8562,10326,13346,544,9942,9101,3428,13249"
4412,4412,"1290,7120,9730,11298,2989,1244,9101,3464,9295,4929"
4415,4415,"13346,12857,8413,7919,10326,544,4798,9101,8562,9942"
4424,4424,"4798,13346,10326,544,9101,8562,9942,5495,12665,11298"
4425,4425,"10326,4277,10594,4798,8562,217,350,12857,717,8421"
4430,4430,"8562,4798,10326,13346,5303,3950,12857,4277,6220,10916"
4433,4433,"4798,8413,8562,10326,5303,5495,12857,6220,10594,10916"
4436,4436,"5495,4798,544,10326,8562,9942,9101,12665,12470,2989"
4458,4458,"10326,4798,3950,5303,13346,8562,13249,10916,12665,8483"
4461,4461,"544,5495,9101,8562,4798,9942,10326,10429,1863,12665"
4488,4488,"3950,12665,9942,13346,6220,5676,4798,89,9404,544"
4497,4497,"1290,7120,1244,11298,9101,544,4929,10326,9295,2989"
4498,4498,"10326,5303,4277,4798,544,350,5495,3950,10594,2140"
4504,4504,"9942,5495,544,4798,9101,6220,10326,3950,12665,8413"
4510,4510,"9942,12665,6220,1290,3950,6971,5303,4798,10326,3428"
4512,4512,"544,9101,4798,10326,9942,5495,12665,8562,11298,2989"
4513,4513,"10326,544,6220,4798,5303,5495,2218,3428,8562,12665"
4516,4516,"1290,11298,7120,9101,9730,1244,12869,2989,544,11024"
4526,4526,"8562,544,4798,6220,9942,12665,3428,3950,6659,4277"
4528,4528,"8562,4798,13346,10326,12665,8483,10916,6971,8413,5303"
4542,4542,"4798,3950,8562,13346,12857,544,12665,6971,9942,6220"
4559,4559,"1290,7120,11298,9730,9295,2989,11299,9101,544,1779"
4572,4572,"8562,13346,3950,8413,544,4798,9101,12665,10326,5495"
4575,4575,"8562,4798,6220,3950,12665,5303,9942,10326,4277,13346"
4583,4583,"217,4798,8562,4277,10326,13346,12857,1323,6326,8421"
4602,4602,"8562,4798,6220,6971,275,5495,544,12665,9101,9942"
4608,4608,"11298,1290,1244,7679,9101,7120,2989,4664,11024,9730"
4609,4609,"13346,5495,10326,3950,8562,4798,9942,544,11000,9101"
4626,4626,"13346,8562,3950,64,2343,9942,12665,6220,10326,9693"
4642,4642,"5495,8562,3950,2343,6220,3428,13346,9942,12665,4798"
4653,4653,"8562,2343,9693,12665,9942,6971,6220,544,8681,4798"
4664,4664,"1290,11298,7120,1244,9101,9730,9295,2989,11024,7679"
4665,4665,"1290,7120,4929,544,9101,4798,1244,10326,10663,9942"
4672,4672,"1290,11298,7120,9101,2989,1244,544,11024,9730,12869"
4680,4680,"4798,10326,3950,4277,12857,217,6433,1328,12665,13346"
4705,4705,"10326,4798,8562,5495,12665,3950,9942,5303,544,9101"
4707,4707,"8562,8483,544,9101,12857,4798,5495,10326,9942,1912"
4711,4711,"5495,8562,12470,8413,3950,544,5199,9942,12665,10326"
4732,4732,"12665,3950,544,5461,5495,5199,9101,10326,1323,4798"
4734,4734,"1290,7120,9942,12665,6220,6971,9101,4929,4798,89"
4735,4735,"1290,7120,4929,9101,544,4798,10326,2989,9942,5495"
4749,4749,"544,6220,9942,9693,2343,9101,12665,4798,2989,5495"
4751,4751,"10326,4798,6971,13346,9942,5303,12665,544,8562,3950"
4762,4762,"4798,6971,8562,13346,544,12665,2218,9101,3055,10326"
4767,4767,"10326,4798,8562,544,9101,8188,5495,9942,1290,12665"
4771,4771,"4798,10326,8562,6220,544,5303,3950,9942,13346,6433"
4773,4773,"12665,10326,5495,8413,2218,4798,5303,544,9942,8562"
4776,4776,"8562,12665,544,9101,2989,4798,10326,9942,5495,11298"
4783,4783,"9942,6220,3428,6659,8562,3950,13306,5184,5545,2218"
4788,4788,"4798,12857,10594,8562,10326,544,3950,9101,9942,13346"
4808,4808,"3950,4798,350,13346,1328,10326,544,9101,8562,8483"
4810,4810,"4798,3950,10326,8562,13346,9942,6971,5303,6220,8413"
4818,4818,"4798,8562,13346,217,10326,3950,5303,717,10916,5642"
4823,4823,"544,8483,3428,8562,9693,64,4798,6220,10326,9942"
4829,4829,"8562,4798,544,3950,9693,9101,9942,10326,5495,12665"
4842,4842,"8562,6220,10326,4798,9942,544,10916,13346,8413,5495"
4859,4859,"3950,5495,6220,9942,12665,4798,64,544,13346,8413"
4866,4866,"544,6220,1290,7120,8562,8590,4798,9101,10326,5495"
4881,4881,"10326,4798,3950,4277,13346,12857,6433,9942,544,717"
4908,4908,"544,4798,9101,10326,9942,5495,12665,8562,1863,11298"
4910,4910,"1290,9101,1244,544,11298,4929,2989,12869,9693,10326"
4922,4922,"4798,10326,12665,8562,6220,217,3950,8413,3428,12857"
4942,4942,"544,10326,11298,9101,6383,1290,4277,7120,1244,9942"
4976,4976,"10326,12665,6220,11298,544,9942,4798,9101,5303,2989"
4993,4993,"544,1290,9101,8562,2989,4798,9942,10326,7120,5495"
4995,4995,"10326,4798,5303,4277,544,10916,8562,13249,12665,8421"
5020,5020,"7679,3464,11298,544,10326,9101,4798,9942,1328,2989"
5040,5040,"8562,10326,5303,12857,3950,12665,8413,2218,6433,6220"
5048,5048,"4798,544,9101,2140,10326,9942,5303,5495,12665,6433"
5058,5058,"9693,2343,6795,12665,4798,544,10326,9532,5532,9942"
5067,5067,"4798,10326,4277,544,8562,10594,217,350,6220,13346"
5087,5087,"4798,8562,5495,6220,10326,3950,13346,6971,544,9942"
5090,5090,"89,12665,544,9101,4798,9942,10326,5495,13346,8562"
5102,5102,"5495,544,9101,4798,10326,2218,9942,12665,8562,11298"
5103,5103,"4798,8562,8413,3950,6220,5303,6971,12665,9942,10326"
5105,5105,"544,9101,4798,9942,10326,5495,8562,1863,1290,12665"
5108,5108,"5495,3950,4798,12470,13346,10326,544,9101,12665,9942"
5119,5119,"544,6220,4277,5495,8562,2218,8413,5676,9942,9730"
5120,5120,"11298,1290,2989,544,9730,9101,7120,7679,1244,11024"
5124,5124,"544,9101,4798,10326,9942,5495,12665,8562,11298,2989"
5132,5132,"5495,8562,5303,10326,8413,2218,4798,3950,5199,13346"
5138,5138,"11298,2989,12869,9101,544,4576,9295,9730,9942,1779"
5144,5144,"10326,8562,544,4277,2343,13346,6433,217,12857,3950"
5159,5159,"10326,4798,13346,3950,8562,6220,544,10916,6433,9942"
5167,5167,"3950,9942,8562,2218,6220,10326,6659,4798,12665,5676"
5175,5175,"10326,4798,12857,10916,4277,717,275,8562,1328,544"
5176,5176,"1290,7120,1244,11298,9101,544,2989,4929,7679,9730"
5185,5185,"3950,12665,6971,4798,10326,8562,89,9942,13346,5495"
5189,5189,"4798,3950,12665,8562,6326,10326,9942,544,6659,9455"
5191,5191,"8562,9942,10326,6220,13306,9101,544,13346,12665,3428"
5206,5206,"9942,6220,8562,5303,544,6659,10326,6971,4798,2218"
5213,5213,"12665,544,4798,6220,8562,10326,2343,9693,5303,13346"
5224,5224,"4798,8562,4277,544,13346,717,217,6220,12857,5303"
5226,5226,"11298,1290,7120,9101,544,12665,2989,1244,6971,12869"
5241,5241,"1290,7120,11298,4929,1244,9101,544,3704,9730,2989"
5264,5264,"1290,11298,9101,7120,2989,544,1244,9730,4576,12655"
5268,5268,"4798,5303,544,10326,8562,6971,4277,2140,12665,275"
5270,5270,"4798,8562,10326,6220,12665,6971,5303,8413,13346,9942"
5287,5287,"9942,11969,544,9693,4798,9101,10326,5495,8562,12665"
5314,5314,"6220,4798,8562,544,9942,10326,9101,5495,12665,1290"
5318,5318,"1290,7120,4929,544,9101,4798,10326,9942,5495,10663"
5326,5326,"8562,6220,4798,2218,544,10326,9101,9942,5495,12665"
5336,5336,"8413,4277,3950,13346,4798,10326,544,9101,4895,9942"
5343,5343,"11298,1290,9942,9730,1244,9101,544,7120,9962,1779"
5347,5347,"9942,8562,6220,9693,2343,12665,544,3428,3950,2989"
5354,5354,"4798,8562,5495,3950,10326,13346,544,9101,9942,12665"
5356,5356,"4798,10326,3950,6971,8562,6220,12665,544,10916,13346"
5367,5367,"1290,7120,6220,544,8562,89,9101,9942,4798,10326"
5373,5373,"8562,3950,8413,5303,6220,4798,12665,9942,544,9101"
5385,5385,"544,6220,6659,10326,4277,5495,8562,9101,350,4798"
5458,5458,"9942,3428,6220,13306,3950,810,8562,4798,544,9101"
5463,5463,"4798,10326,8562,5303,6220,544,9942,4277,6971,275"
5471,5471,"11298,1290,9101,7679,2989,1244,7120,9730,1779,544"
5476,5476,"4798,1290,6220,10326,12665,275,7120,544,9101,13346"
5484,5484,"8562,3950,13346,4798,12665,8413,10326,2218,544,9101"
5508,5508,"1290,11298,9101,7120,1244,2989,12869,544,9730,4576"
5513,5513,"9942,8413,6220,8562,12665,5303,2218,544,4798,3950"
5520,5520,"10326,544,4277,8562,717,4798,217,5303,6433,12857"
5524,5524,"13346,8562,9942,5495,3950,6971,6220,3428,13306,1889"
5539,5539,"5495,9942,8413,5303,6220,4798,12470,8483,8562,12665"
5554,5554,"10326,4798,544,9101,9340,9942,5495,8562,12665,11298"
5564,5564,"4798,10326,5303,8562,544,12857,4277,5495,3950,2140"
5595,5595,"10326,5495,4798,8562,5303,9942,13346,8413,275,544"
5601,5601,"10326,275,4798,5303,6971,8562,2140,544,9101,12665"
5602,5602,"10326,8562,4798,5303,12857,3950,6971,544,275,2218"
5618,5618,"1290,7120,11298,9730,12869,2989,1244,9101,544,10663"
5643,5643,"13408,544,9693,9101,5495,4798,10326,12665,9942,5199"
5644,5644,"4798,5495,10326,9942,544,9101,13346,8562,5199,12665"
5651,5651,"8562,4798,10326,6220,3950,2218,5303,8483,13346,12857"
5655,5655,"5495,8413,8562,12668,544,10326,5676,4798,9101,9942"
5658,5658,"10326,4798,8562,10916,12857,8421,10594,544,9101,13346"
5660,5660,"10326,6659,544,13110,1323,11969,2218,4798,9942,9101"
5662,5662,"6220,12665,3950,9942,89,3428,5545,4798,5495,544"
5670,5670,"4798,10326,3950,12857,8562,5303,6326,13346,4277,544"
5676,5676,"1290,11298,7120,1244,9295,12869,9730,1779,9101,544"
5680,5680,"4798,6220,13346,12665,9942,8562,10326,3950,544,3870"
5698,5698,"9101,10326,544,9693,9942,6220,11298,12665,2343,5495"
5710,5710,"5495,10326,3950,4798,2343,544,12665,5532,9942,5199"
5723,5723,"11298,2989,9101,1290,1244,7679,9730,544,4545,4576"
5742,5742,"9693,2343,544,5532,12665,4798,10326,6795,9101,5495"
5748,5748,"4798,8562,6220,12665,3428,9942,13346,10326,544,13408"
5750,5750,"544,8562,5495,8413,6220,10326,5303,6971,4798,12665"
5787,5787,"3950,9942,4798,10326,2343,13346,9693,544,8562,9101"
5798,5798,"4798,2343,10326,13346,5303,9693,3950,12665,6971,8562"
5799,5799,"544,4798,9101,10326,9942,5495,12665,8562,11298,2989"
5815,5815,"11298,1290,9693,9101,2343,544,7120,1244,12869,9962"
5822,5822,"10326,5303,2218,4798,3950,5495,12665,544,6971,8562"
5834,5834,"12665,8562,5495,4798,3950,5303,6220,10326,9942,544"
5846,5846,"4798,10326,544,13346,3950,5303,2218,4277,8562,9942"
5858,5858,"4798,3950,8562,5495,544,10326,8413,9101,5303,9942"
5882,5882,"4798,10326,544,5303,8562,4277,2218,217,13249,11969"
5892,5892,"13346,8562,4798,10326,6971,12665,5303,544,9942,9101"
5897,5897,"8413,3950,8562,5303,6220,10326,4798,8483,12665,9942"
5898,5898,"3950,8562,4798,10326,8413,12665,9942,6220,5495,544"
5902,5902,"8413,544,9101,4798,10326,9942,5495,8562,12665,11298"
5919,5919,"1290,10326,7120,12869,544,4277,1244,9101,8562,11298"
5934,5934,"544,9101,10326,4798,6220,9693,8483,9942,5495,12665"
5946,5946,"1290,7120,6971,9101,544,9295,4798,4929,10326,9730"
5965,5965,"2343,9693,5199,544,9101,4798,5532,10326,9942,5495"
5995,5995,"10326,3950,6220,4798,9942,3428,544,13346,4277,2343"
6005,6005,"544,9101,11298,2989,1290,6220,12655,9693,1244,6971"
6006,6006,"9942,6220,3950,8562,5495,12665,13346,89,8413,4798"
6013,6013,"10326,8562,4798,9942,6220,3950,6433,217,4277,13346"
6016,6016,"3950,5495,10326,13346,2218,8562,4798,5303,9942,12665"
6023,6023,"7120,9101,1244,544,11298,2989,9730,10326,4798,4576"
6052,6052,"3950,5495,4798,10326,12665,8562,9942,3428,13346,6971"
6056,6056,"544,5495,6971,10326,12665,4798,9693,13346,2343,5303"
6059,6059,"4798,5495,10326,5303,6220,3950,6971,12665,12857,544"
6064,6064,"8562,10326,4798,3950,9942,544,13346,5199,5303,2343"
6091,6091,"3950,2218,6971,9942,12665,5495,5199,8562,6220,4798"
6112,6112,"7120,11298,2989,1244,9101,9730,7679,12869,3464,544"
6133,6133,"5303,9942,9693,6220,10326,3950,2343,5532,4798,544"
6150,6150,"4798,544,10326,9101,5495,9942,12665,8562,5610,11298"
6155,6155,"10326,4798,8562,5303,12857,9942,544,12665,3950,10916"
6157,6157,"10326,4798,5303,8562,12857,10916,3950,8421,217,4277"
6212,6212,"6220,8562,9942,5495,544,4798,9101,3428,4277,10326"
6218,6218,"10326,3950,8562,13346,4277,4798,5303,10916,6220,8421"
6242,6242,"4798,6220,10326,9942,6971,8562,275,6659,12665,13110"
6243,6243,"10326,4798,544,8562,5495,5303,275,4277,3950,2343"
6260,6260,"4798,10326,810,8421,544,8562,9101,9942,5495,12665"
6262,6262,"10326,4798,544,2140,9101,9942,5495,8562,275,12665"
6278,6278,"544,5303,6971,2218,275,5495,4798,10326,12099,6220"
6280,6280,"4798,8562,6220,3950,5303,8483,13346,9942,8413,13249"
6287,6287,"8562,4798,10326,6971,544,12665,2140,5303,1290,7120"
6305,6305,"10326,717,5303,4277,544,4798,9942,8562,217,12869"
6320,6320,"1290,7120,6220,9942,5303,6971,2343,9693,10326,4798"
6339,6339,"2343,4798,8413,8562,9942,9693,13346,12665,544,10326"
6360,6360,"544,4798,6220,5303,8562,275,3950,9693,8483,2218"
6370,6370,"8562,10326,3950,6220,4798,5495,8413,9942,13346,3428"
6376,6376,"4798,10326,8562,5303,4277,6220,13346,9942,275,3950"
6378,6378,"1244,7120,11298,9101,2989,544,9295,9730,12869,11024"
6379,6379,"8562,10326,4798,544,5303,6971,3950,6220,217,2218"
6398,6398,"544,2343,9101,1244,1290,6795,7679,12655,2903,10326"
6422,6422,"8413,8562,13346,9942,4798,544,5495,10326,9101,3428"
6424,6424,"3950,4798,9942,544,9101,10326,5495,12857,8562,13346"
6436,6436,"544,9101,4798,10326,9942,5495,8562,12665,11298,2989"
6454,6454,"9693,544,2343,9101,6795,11298,9942,12665,2989,10326"
6464,6464,"4798,10326,5303,8421,8483,544,9101,9942,8562,9693"
6479,6479,"4798,3950,13346,8483,2218,5495,544,9942,10326,9101"
6485,6485,"544,9101,4798,10326,8562,9942,5495,1863,12665,11298"
6488,6488,"9942,6220,3950,12665,8562,3428,4798,5545,544,9101"
6490,6490,"9942,8562,13110,544,9101,4798,10326,5495,12665,4654"
6498,6498,"10326,8562,9942,6220,3428,3950,4798,217,12665,544"
6533,6533,"9101,2989,11298,544,1290,12665,7120,4798,12869,10326"
6577,6577,"10326,9942,4798,3950,4277,6220,13346,2218,217,3428"
6579,6579,"4798,10326,12857,544,4277,5303,717,10594,350,8421"
6583,6583,"10326,6220,8562,3950,3428,544,9942,4798,5495,13346"
6597,6597,"8562,9942,9693,10326,2343,544,4798,5495,6220,13346"
6599,6599,"1290,6220,6971,12665,4798,13408,2218,9942,8562,544"
6607,6607,"9942,8562,5303,3428,6220,3950,8483,8413,4798,5495"
6613,6613,"8562,3950,6220,12665,13346,10326,3428,5495,8681,4798"
6622,6622,"1290,7120,9295,11298,9101,89,9730,12665,2989,544"
6637,6637,"6220,2218,2343,12665,8562,6971,9693,9942,544,3950"
6644,6644,"10326,4798,8562,4277,5303,6220,3950,13346,717,544"
6651,6651,"11298,1290,9101,2989,7120,1244,544,12869,9730,4576"
6674,6674,"10326,12665,8562,3950,13346,5495,3428,9942,4798,544"
6683,6683,"9693,2343,10326,4798,13346,12665,5495,5199,544,5303"
6686,6686,"1290,9101,544,7120,11298,9942,9693,4798,10326,2989"
6707,6707,"544,2343,8562,5495,5303,10326,6220,12665,9693,13346"
6724,6724,"544,9101,4798,1244,10326,9942,5495,2989,12665,8562"
6729,6729,"10326,8562,4798,9942,6220,3950,5303,275,6971,12665"
6739,6739,"8562,12665,3950,9942,544,9101,4798,5495,10326,5461"
6756,6756,"3950,8562,10326,4798,5303,275,6220,2218,2140,13346"
6764,6764,"6659,8562,50,5303,544,5545,9602,10326,9942,9101"
6768,6768,"9942,6220,8562,10326,3428,12665,6659,4798,544,275"
6787,6787,"12665,8562,2218,3950,4798,6971,3055,10326,13346,544"
6808,6808,"1290,1244,11298,7120,544,2989,9730,12869,9942,4576"
6811,6811,"544,10326,8483,4798,12665,4277,350,275,9101,9942"
6812,6812,"8562,4798,10326,3950,12665,9942,3428,544,13346,5303"
6831,6831,"9942,10326,544,6220,5303,4798,12665,6971,8562,2218"
6833,6833,"2343,12665,6220,9693,544,9101,8562,9942,4798,10326"
6840,6840,"4798,5303,10326,544,9101,2140,12665,9942,5495,8562"
6842,6842,"1290,7120,1244,11298,9101,544,12869,9730,4929,9962"
6855,6855,"9101,11298,1290,7120,1244,544,2989,9730,12869,7679"
6869,6869,"10326,4798,5303,8562,12857,4277,3950,13346,6971,6433"
6874,6874,"6220,6971,544,1290,4798,12665,9101,9942,10326,7120"
6879,6879,"544,9693,9942,2343,5495,5199,4798,10326,6971,12665"
6885,6885,"13346,3950,5676,4798,544,9101,10326,5495,9942,12665"
6886,6886,"9942,13346,6220,12665,2343,4798,9693,3950,544,4277"
6902,6902,"10326,4798,4277,8562,544,13346,3950,6971,6433,12857"
6908,6908,"11298,1290,2989,7120,9101,1244,544,7679,12869,12655"
6911,6911,"3950,6659,9942,10326,11484,544,9101,50,4798,3428"
6912,6912,"12665,3950,6220,9942,544,8562,4798,810,13346,6971"
6919,6919,"544,1290,7120,11298,2989,9101,1244,12869,9730,9295"
6926,6926,"544,9942,9101,4798,5532,5495,10326,12665,8562,11298"
6934,6934,"8562,10326,3950,8483,217,4798,13346,544,5495,9101"
6935,6935,"4798,10326,544,8562,4277,12665,6220,13346,8483,3950"
6939,6939,"4798,6220,5303,8413,9942,10326,8562,12665,9101,5461"
7000,7000,"9942,544,6220,2343,9693,8562,12665,5303,3950,89"
7003,7003,"8562,3950,10326,5495,2343,12665,9942,6220,9693,4798"
7005,7005,"10326,4798,544,217,3428,6433,8562,3950,717,9942"
7042,7042,"10326,4798,12665,8562,5303,3950,13346,5495,10916,8421"
7045,7045,"4798,10326,8562,544,6971,13346,3950,5495,2140,8413"
7047,7047,"544,9101,4798,9942,10326,5495,10429,12665,8562,11298"
7053,7053,"544,6220,8562,10326,4798,9942,12665,9101,8188,5495"
7063,7063,"10326,3950,717,13249,13346,8483,4798,1328,10916,12857"
7067,7067,"2343,9693,3950,2218,544,13346,717,217,4277,9942"
7071,7071,"10326,4798,4277,12857,13346,3950,717,12665,6433,217"
7078,7078,"8562,3950,6220,5495,9942,3428,2218,13346,12470,2140"
7109,7109,"10326,8562,6326,6659,1355,4798,6433,9942,544,9101"
7118,7118,"4798,10326,12857,6433,10594,5303,8562,6270,5495,544"
7129,7129,"1290,11298,7120,9101,1244,2989,9730,544,12869,4664"
7133,7133,"10326,4798,217,5495,8483,544,609,9942,350,5303"
7139,7139,"544,6971,769,9101,1290,9295,1355,8590,4798,10326"
7142,7142,"12665,4798,3950,10326,6220,8562,544,4277,5303,2218"
7146,7146,"2343,9693,4798,5303,10326,12665,544,6971,5199,5532"
7172,7172,"10326,4798,8562,217,4277,717,10916,12857,8421,544"
7181,7181,"5495,12665,64,89,13346,2343,10326,544,6971,3950"
7195,7195,"4798,10326,8562,4277,544,717,6971,12857,5303,13346"
7197,7197,"4798,8562,9942,10326,3428,5303,217,3950,13346,12470"
7203,7203,"1290,7120,11298,1244,9101,2989,544,4929,12869,9295"
7223,7223,"8562,4798,3950,6220,10326,12857,12665,5303,13346,6971"
7235,7235,"1290,544,12869,7120,9101,11298,6971,2989,9730,7679"
7236,7236,"544,10326,7120,12665,4798,9101,1244,4277,5303,2989"
7237,7237,"1290,7120,1244,544,9101,4798,4929,10326,9942,11298"
7255,7255,"1290,7120,544,4798,6971,9295,4929,1244,9101,8590"
7297,7297,"12665,8562,4798,9693,10326,6220,9942,6971,544,3950"
7320,7320,"8413,3950,4798,10326,5495,544,8562,9942,2218,9693"
7323,7323,"12665,2343,13346,9693,9942,3950,6220,64,5495,275"
7326,7326,"10326,4798,8483,5303,2218,5495,544,2140,9101,8590"
7343,7343,"10326,4798,4277,8562,6433,717,350,217,5303,8421"
7363,7363,"6220,13346,8562,9942,5495,2218,10326,12665,4798,3950"
7364,7364,"6971,4798,13346,10326,2218,12665,9942,5303,3950,8483"
7366,7366,"6220,9942,3950,3428,544,9101,8562,4798,10326,12665"
7372,7372,"8413,4798,5495,13346,5303,8562,9942,6302,544,12665"
7399,7399,"544,9942,9693,9101,5495,4798,12665,10326,8562,13408"
7402,7402,"12665,5303,8562,2218,6220,8413,5495,4798,3950,10326"
7406,7406,"8562,10326,4798,544,9101,9942,2140,12665,5495,9693"
7421,7421,"544,9942,4798,10326,8562,12665,8413,3950,2343,6971"
7425,7425,"1290,7120,544,10326,6220,9101,8562,1244,4798,9942"
7431,7431,"4798,10326,12857,10916,6971,8562,13346,4277,8421,544"
7447,7447,"4798,10326,8562,8421,544,12665,9101,3950,6326,9942"
7451,7451,"8562,6220,544,4798,10326,5495,9101,9942,7707,1863"
7453,7453,"7120,1244,4929,9101,544,4798,11298,10326,9942,9962"
7456,7456,"1290,544,9101,2989,7120,12665,9962,4798,10326,9942"
7484,7484,"1290,7120,11298,9730,1244,4929,6971,9101,544,4798"
7486,7486,"5495,4798,5303,3950,10326,8413,2218,8562,6971,6220"
7505,7505,"1290,7120,11298,9101,1244,2989,544,7679,9730,4929"
7529,7529,"4798,8562,10326,13346,2140,544,10916,9942,9101,12857"
7532,7532,"11298,2989,9101,544,1244,8978,7679,6288,12869,11024"
7548,7548,"10326,6220,8562,13346,12665,4798,9942,3950,5303,6971"
7550,7550,"3950,8562,9404,4798,10326,217,6220,1323,544,1978"
7557,7557,"10326,4798,4277,217,8421,12857,717,10594,544,8562"
7574,7574,"1290,7120,11298,2989,4929,9101,1244,544,4798,9942"
7586,7586,"9942,544,9101,8562,4798,10326,5495,12665,9693,1863"
7592,7592,"544,9101,4798,10326,9942,5495,12665,8562,11298,2989"
7594,7594,"8413,3950,9942,8562,12857,4798,13346,544,9101,5495"
7600,7600,"9693,2343,10326,8562,5495,9942,13346,4798,544,4277"
7601,7601,"10326,4798,8562,5303,13346,12857,6971,10916,4277,9942"
7642,7642,"544,10326,4798,1290,9942,6220,5303,12869,11298,7120"
7647,7647,"8413,5303,544,8562,1862,10326,9101,6971,9942,4798"
7650,7650,"8413,8562,544,6220,3950,4798,12665,5303,2218,10326"
7660,7660,"11298,9101,1290,544,2989,12869,7120,1244,9730,12665"
7682,7682,"4798,10326,8562,6220,3950,12665,6971,9942,4277,544"
7712,7712,"10326,6220,544,3428,4798,5303,8562,12665,3950,275"
7728,7728,"8562,4798,3950,10594,10916,12857,10326,544,11000,9101"
7763,7763,"8562,4798,6220,10326,13346,3428,12665,6659,5303,544"
7764,7764,"544,10326,6971,9942,6220,4798,2218,13346,275,3950"
7765,7765,"2989,11298,9101,9730,1290,8978,7120,544,7342,12869"
7768,7768,"9942,6659,4798,8413,8562,3950,544,6220,9101,10326"
7776,7776,"1290,7120,9101,544,9962,11298,4798,1244,10326,9730"
7834,7834,"4798,544,9101,10326,9942,5495,12665,8562,11298,2989"
7850,7850,"4798,4277,544,8562,10594,217,275,12857,8421,5495"
7860,7860,"11298,1290,7120,9101,2989,1244,544,7679,4929,9730"
7879,7879,"4798,10326,6971,5303,544,8562,5495,12665,2140,1290"
7892,7892,"544,9101,1290,9693,11298,7120,10326,2343,1244,12665"
7895,7895,"4798,6220,5495,8562,8413,10326,5303,9942,544,13346"
7901,7901,"4798,10326,6220,3950,8562,544,4277,5303,12857,9942"
7922,7922,"12665,544,4798,6220,4277,3950,13346,9942,8562,217"
7927,7927,"10326,4798,8562,544,5303,11969,5495,6220,8413,9942"
7931,7931,"9693,2343,544,4798,13346,5303,275,10326,8562,12665"
7938,7938,"12470,3950,9942,8562,3428,10326,13346,544,13306,6220"
7942,7942,"8562,544,4277,10326,3950,217,10916,5495,6433,6220"
7964,7964,"3950,1323,9942,8413,5495,544,12665,9101,4798,10326"
7982,7982,"5495,3950,2343,64,12665,9693,5199,9942,8562,544"
7988,7988,"1290,7120,544,9101,4798,4929,1244,10326,9942,11298"
7992,7992,"4798,8562,10326,13346,5303,4277,6220,12857,9942,10916"
8005,8005,"4798,2218,2343,6971,5303,12665,544,8413,10326,9693"
8019,8019,"3464,9101,544,11298,7679,4798,2989,7120,10326,9942"
8026,8026,"4798,8562,13346,10326,3950,12665,6220,9942,6326,13249"
8028,8028,"9693,2343,544,9404,5495,6795,9942,13346,5532,10326"
8085,8085,"13346,9942,544,50,9101,4798,10326,9693,12665,5495"
8103,8103,"89,12665,9942,544,9101,4798,10326,5495,6971,13346"
8108,8108,"10326,8562,3950,6220,4277,3428,9072,217,10594,4798"
8137,8137,"2343,9693,12665,9942,544,6971,5495,5303,4798,89"
8138,8138,"10326,8562,13346,5303,6433,217,12857,4277,3950,544"
8139,8139,"4798,10326,5303,8562,6971,3950,5495,2218,544,9942"
8148,8148,"9942,4798,8562,10326,12665,13346,6220,544,3950,3428"
8150,8150,"10326,4798,8562,275,12665,3950,13346,5303,6220,544"
8160,8160,"544,1290,7120,9101,2989,11298,12869,1244,10326,12665"
8175,8175,"12665,5495,9101,12470,544,1328,8483,9942,10326,11639"
8191,8191,"7120,1290,2989,9101,9730,12869,11298,4929,1244,6591"
8198,8198,"4798,10326,6220,9942,8483,544,6971,8562,3950,4277"
8202,8202,"9101,11298,2989,1244,1290,9730,4576,7679,544,7605"
8233,8233,"4798,10326,6971,12665,13346,3950,8483,5303,2343,89"
8251,8251,"4798,13346,544,9942,6971,9101,10326,12136,5495,5126"
8252,8252,"10326,4798,8562,4277,12857,717,3950,6433,217,544"
8265,8265,"544,10326,4798,8562,5303,6220,6971,2218,12665,275"
8267,8267,"10326,4798,8562,5303,10916,12857,8421,6433,717,13346"
8268,8268,"8562,13346,12665,10326,9942,6326,12857,4798,5303,717"
8294,8294,"9693,544,2343,6971,10326,6795,4798,5303,5495,9101"
8299,8299,"1290,7120,11298,1244,9101,544,9962,12869,4798,10326"
8302,8302,"10326,4798,5303,2218,4277,12857,2140,544,8483,8562"
8303,8303,"1290,1244,9101,4929,11298,544,2989,9730,9295,4798"
8323,8323,"9693,6971,2343,4798,10326,8562,5495,544,13346,6220"
8327,8327,"12665,6971,3950,2218,5303,6220,4798,9942,89,544"
8331,8331,"3950,6659,9942,4798,6220,5303,3428,2218,544,8562"
8332,8332,"11298,1290,9101,7120,1244,9730,2989,544,4576,7679"
8334,8334,"3950,6220,8562,4798,5495,12665,9942,8413,544,10326"
8337,8337,"544,1290,7120,11298,1244,2989,9295,10326,9730,4277"
8341,8341,"13346,3950,8562,4798,6326,10326,9942,5495,544,9101"
8361,8361,"10326,4798,9942,6971,8562,5303,544,12665,1290,9101"
8369,8369,"9404,3950,2218,9072,2411,12665,544,10326,9693,6971"
8378,8378,"10326,5303,6971,544,4798,13346,8421,13249,9942,12665"
8407,8407,"11298,7679,2989,3464,8978,544,9101,11024,1244,4576"
8419,8419,"1244,544,9101,11298,7120,1290,2989,4576,4664,10326"
8424,8424,"544,8562,5303,10326,4798,6971,1290,9942,9101,13296"
8425,8425,"8562,4277,5303,10326,6220,4798,544,13346,13249,2218"
8438,8438,"1290,7120,544,9101,11298,4929,1244,4798,10326,9942"
8447,8447,"10326,4798,4277,12857,8562,5303,10916,217,6433,544"
8458,8458,"12869,11298,544,9101,2989,4798,10326,9942,9730,5495"
8463,8463,"10326,4798,544,8562,5303,6220,9942,6971,5495,2218"
8471,8471,"4798,6971,12665,10326,8562,3950,13346,5303,2343,544"
8472,8472,"1290,9101,7120,11298,7679,544,1244,12869,2989,9730"
8477,8477,"4798,6971,5303,544,10326,8562,2343,6220,9693,12665"
8478,8478,"9693,544,12665,2343,5495,6971,6220,5303,9942,4798"
8483,8483,"1290,11298,7120,89,544,9101,9295,2989,9942,1244"
8496,8496,"10326,6971,1290,8562,3950,544,5303,7120,8205,13346"
8497,8497,"8562,10326,4798,3950,13346,217,12857,6220,3428,544"
8501,8501,"10326,4798,8562,13346,8413,3950,544,9942,9101,5495"
8506,8506,"9942,3950,6220,13346,10326,4798,5495,8562,3428,12665"
8520,8520,"10326,4798,8562,544,12857,5303,3950,4277,6971,12665"
8524,8524,"544,12665,10326,11298,9101,6220,4277,2989,9942,7679"
8531,8531,"4798,8562,8413,10326,13346,3950,50,275,6326,544"
8556,8556,"544,10326,8562,4798,4277,5303,6220,350,717,8483"
8579,8579,"9730,11298,9101,2989,1244,1290,7679,544,4576,12869"
8585,8585,"6220,544,5495,10326,2218,9693,12470,3950,9942,9101"
8591,8591,"10326,6220,12665,3428,4798,9942,6659,13346,5303,11969"
8592,8592,"1290,7120,9101,4929,544,6971,1244,2989,9693,10663"
8596,8596,"9942,3950,8562,4798,6220,3428,13346,8413,10326,717"
8598,8598,"10326,3950,544,9942,4798,5303,8562,6220,3428,12665"
8608,8608,"1290,7120,9101,11298,1244,544,10663,4798,2989,9730"
8610,8610,"1290,7120,11298,1244,9101,4929,544,9730,12869,2989"
8617,8617,"1290,7120,11298,1244,9295,9101,2989,544,9730,4798"
8621,8621,"5495,5303,2218,4798,5199,8413,8562,544,10326,9101"
8629,8629,"544,9101,4798,10326,9942,5495,12665,8562,11298,2989"
8649,8649,"12665,5495,544,9101,4798,10326,9942,8413,8562,9693"
8652,8652,"7120,4929,1244,11298,9101,544,9730,4798,10326,9942"
8714,8714,"2989,1290,7120,6220,9101,9942,8590,11298,544,9730"
8718,8718,"9942,12665,544,9101,4798,89,10326,3950,13346,5495"
8733,8733,"9101,11298,1290,544,12655,2989,7679,1244,7120,8978"
8734,8734,"6220,3428,3950,12665,13306,544,9101,4798,5495,10326"
8754,8754,"8562,5495,544,5303,2218,217,3950,12665,10326,6220"
8771,8771,"8413,8562,4798,6220,9942,2218,10326,8205,544,9101"
8791,8791,"544,10326,4798,2343,8562,13346,6220,9693,4277,9942"
8794,8794,"4798,8562,3950,6220,10326,810,13346,5303,3428,544"
8797,8797,"544,10326,9101,8562,4798,5676,350,9942,5495,9453"
8804,8804,"10326,4798,13346,8562,6220,3950,9942,13249,4277,544"
8809,8809,"10326,12857,275,13346,6971,4798,544,5303,50,12665"
8823,8823,"1290,7120,11298,9101,2989,4929,544,9295,12869,4576"
8833,8833,"10326,8562,10916,9404,3950,4277,12665,544,4798,9101"
8835,8835,"1290,7120,9693,11298,2343,1244,12869,9101,9295,4929"
8840,8840,"4798,6971,2140,8413,544,9942,8562,9101,10326,5303"
8842,8842,"8413,544,9101,5495,4798,10326,9942,1290,12665,8562"
8860,8860,"544,11298,1290,12665,6220,2989,9101,9942,12869,9730"
8866,8866,"4798,10326,8562,4277,544,9101,9942,8421,13346,717"
8877,8877,"8562,4798,544,9101,10326,9942,5495,12665,13346,11298"
8887,8887,"8562,8413,9190,544,4798,10326,9942,9101,5495,12665"
8895,8895,"544,10326,9101,4798,9942,5495,8562,12665,350,11298"
8907,8907,"1290,7120,1244,11298,9101,544,9962,9295,4798,2989"
8921,8921,"4277,4798,10326,350,6433,544,8562,5303,9942,717"
8928,8928,"11298,7679,1290,9101,3464,7120,9942,544,12869,7669"
8936,8936,"10594,13408,544,9101,4798,217,9942,10326,12857,5495"
8965,8965,"9693,2343,10326,4798,544,9942,5303,6220,13346,6971"
8971,8971,"9693,2343,12665,9942,544,8562,6795,5495,6220,10326"
9000,9000,"544,1290,7120,9101,11298,1244,2989,9693,7679,9730"
9023,9023,"12665,544,4277,3950,2343,9693,9942,10077,6220,2218"
9025,9025,"1290,12665,10326,5303,6971,275,544,4798,7120,9942"
9031,9031,"3950,9942,4798,10326,6971,8562,544,8413,9101,13346"
9045,9045,"4798,10326,1290,9942,6220,5303,6659,4277,544,7120"
9053,9053,"12665,8562,6220,3950,10326,13346,4798,6971,544,2218"
9054,9054,"9942,6220,3950,3428,12665,8483,4798,8413,13346,5495"
9060,9060,"8562,10326,6220,4798,544,5303,3950,12665,13346,2343"
9063,9063,"8562,8413,3950,9942,13346,8483,6220,544,4798,9101"
9071,9071,"8562,9942,6220,3950,12665,3428,2218,8681,13346,5495"
9078,9078,"544,9693,2343,4798,9101,10326,9942,13346,5495,2989"
9101,9101,"4798,8562,10326,6220,9942,13346,3950,544,3428,1355"
9108,9108,"5303,3950,9942,6220,544,3428,5495,4798,10326,8562"
9110,9110,"10326,4798,12665,8562,12857,6433,2218,5303,4277,5495"
9114,9114,"2989,11298,544,5495,6220,9101,1290,12665,1244,7342"
9144,9144,"1290,11298,1244,9101,7120,544,2989,10326,12665,9942"
9172,9172,"1290,7120,6220,544,9101,4798,9942,10326,5495,11298"
9185,9185,"544,8562,5495,6220,9101,9942,10326,4798,12665,1863"
9190,9190,"4798,3950,10326,8562,5303,12857,6220,5642,6971,12665"
9193,9193,"3950,10326,4798,8562,12857,6220,13346,9942,9404,13249"
9198,9198,"10326,4798,4277,5303,544,9101,9942,2140,5495,12665"
9200,9200,"1290,7120,544,10326,9942,1244,6971,4798,9101,6220"
9201,9201,"7679,1290,11298,7120,2989,12995,9101,3464,544,4798"
9204,9204,"544,10326,4798,5303,5495,13346,2343,6971,8562,3950"
9215,9215,"1290,7120,4798,10326,4929,6971,2140,544,9101,5495"
9222,9222,"1290,7120,9730,9101,12869,11298,544,1244,9295,4798"
9233,9233,"4798,4277,5303,12665,544,8562,6383,13346,3950,5495"
9235,9235,"1290,9101,544,7120,1244,2989,9942,10326,6220,4798"
9245,9245,"1290,7120,9101,1244,544,11298,9942,12869,4798,10326"
9275,9275,"12665,89,544,1290,9101,5495,4798,9942,10326,8562"
9308,9308,"9942,544,8562,6220,3428,8413,3950,5184,2218,10326"
9323,9323,"4277,544,717,10326,217,4798,8483,2218,9942,8421"
9329,9329,"10326,8562,12665,3950,13346,5303,5495,6220,12857,9942"
9355,9355,"8562,4798,3950,8413,6220,2218,10326,5303,6971,12665"
9369,9369,"4798,10326,5303,12857,6433,13346,13249,8562,2140,4277"
9386,9386,"8188,5495,8562,11484,544,9101,4798,9942,10326,12470"
9388,9388,"4798,544,12665,6220,5303,9942,6971,13346,3950,8188"
9401,9401,"1290,7120,11298,1244,9730,9101,544,9962,4929,4798"
9418,9418,"10326,6220,9942,4798,3950,544,12665,2218,8562,8413"
9433,9433,"4798,8562,10326,13346,4277,3950,8483,217,12665,717"
9440,9440,"544,10326,217,8562,4277,4798,717,6220,350,5303"
9446,9446,"3950,13346,10326,2218,9942,8562,4798,13306,3428,12665"
9464,9464,"5495,12470,5676,544,8413,8188,8562,2989,2218,9101"
9477,9477,"8562,4798,5303,5495,275,10326,3950,12665,544,6220"
9488,9488,"1290,11298,7120,9101,1244,544,6971,9730,12869,12665"
9500,9500,"10326,4798,4277,717,10916,13346,8562,12857,350,6433"
9502,9502,"4798,8562,3950,3428,544,13346,10326,810,13249,12665"
9507,9507,"2343,9693,2903,544,9101,4798,12665,5495,10326,9942"
9528,9528,"7120,11298,2989,9101,7679,4929,12655,12665,12869,544"
9539,9539,"4798,10326,544,8562,2218,6220,12857,13346,3950,4277"
9566,9566,"544,10326,9101,9693,4798,2343,11298,6971,1244,5303"
9575,9575,"4798,10326,8483,13346,12857,8562,5495,2218,544,9101"
9583,9583,"5495,4798,10326,13346,9942,3950,5303,12470,8413,6220"
9589,9589,"10326,4798,13346,3950,4277,544,8562,275,6971,6220"
9591,9591,"10326,4798,5303,3950,6971,8562,12857,10916,2218,8421"
9617,9617,"5495,4798,544,10326,9101,8562,9942,12665,11298,2989"
9620,9620,"8562,9942,12665,13346,10326,6220,3950,5495,2343,4798"
9622,9622,"5495,4798,10326,544,9101,2905,3950,9942,12665,8562"
9631,9631,"9101,12869,1290,11298,544,9730,4798,3222,10326,9942"
9655,9655,"8562,3950,8413,544,9101,4798,9942,12665,1042,10326"
9658,9658,"4798,10326,544,5495,2343,5303,9101,9693,6220,2140"
9660,9660,"1290,9101,7120,9730,11298,2989,1244,4929,9295,544"
9669,9669,"1290,7120,4929,544,9101,9962,4798,10326,9942,5495"
9672,9672,"4798,5303,13346,10326,12857,3950,5495,544,8483,10916"
9684,9684,"544,9101,4798,10326,9942,5495,8562,12665,11298,2989"
9702,9702,"1290,7120,1244,11298,9101,4929,544,9962,4798,10326"
9705,9705,"1290,7120,10326,8562,4798,12857,6971,5303,12665,6220"
9722,9722,"1244,12869,1290,11298,544,7120,9101,12665,4798,10326"
9732,9732,"11298,1290,1244,9101,7120,9730,7679,544,4576,8978"
9781,9781,"12655,9101,11298,7679,2989,844,544,2874,3148,12665"
9803,9803,"5495,544,5303,2218,5532,12665,9693,2343,12470,6971"
9809,9809,"10326,5495,8562,3950,64,2218,2343,9942,1328,6795"
9814,9814,"10326,8562,12857,4277,6971,5303,10916,8421,2140,10594"
9818,9818,"2218,6971,5303,5495,4798,3950,6220,2343,5199,10326"
9820,9820,"9693,4798,5495,544,3950,9101,10326,9942,6220,12665"
9848,9848,"10326,544,4798,4277,5303,5495,1323,2140,350,8562"
9856,9856,"4798,10326,8562,3950,544,5303,6971,12665,9942,4277"
9869,9869,"12665,6220,5303,4798,544,6971,9101,10326,9942,3950"
9889,9889,"10326,5303,2218,8413,4798,6971,12665,5495,8562,6220"
9923,9923,"4798,10326,8562,4277,8483,5303,3950,10916,350,544"
9929,9929,"8562,3950,13346,12665,4798,544,9101,10326,9942,5495"
9961,9961,"1290,7120,12665,11298,89,1244,9101,544,4798,9942"
9969,9969,"4798,10326,6971,544,2218,5303,4277,717,217,12665"
9974,9974,"1290,7120,9101,89,11298,2343,9730,12665,6591,9693"
9976,9976,"1244,11298,12869,1862,9101,544,1290,3222,7679,2989"
9989,9989,"9942,5495,8562,4798,6220,3950,12470,5303,10326,6971"
9993,9993,"12665,8562,4798,5303,6971,2343,9942,10326,3950,544"
10002,10002,"10326,6659,544,9101,4798,2989,9942,275,8562,12665"
10011,10011,"1290,11298,9730,7120,7679,2989,9101,1244,11024,4576"
10016,10016,"4798,10326,8562,9942,544,5303,6220,3950,12665,12857"
10028,10028,"9942,3428,544,9101,4798,6220,10326,5495,12665,8562"
10029,10029,"9942,13346,5495,10326,6220,3950,3428,13249,2218,544"
10033,10033,"12665,5303,3950,8413,544,1220,4798,9101,2218,5495"
10042,10042,"10326,4798,5303,12857,3950,8562,6971,10594,10916,544"
10046,10046,"4798,10326,8562,3950,13346,4277,10916,12857,217,13249"
10061,10061,"4798,8562,544,4277,6220,10594,3950,9942,717,217"
10071,10071,"6220,3950,4277,9942,217,13346,5495,10594,10326,8483"
10084,10084,"4798,13346,8562,10326,6971,12665,8421,544,6220,2140"
10091,10091,"8562,4798,10326,6220,12665,5495,544,9101,13346,9942"
10102,10102,"11298,1244,544,2989,9730,4929,12665,4576,10326,12869"
10104,10104,"8562,4798,5303,5495,2218,3950,10326,275,544,4277"
10121,10121,"1290,7120,6971,544,9101,1244,11298,4929,9693,5495"
10131,10131,"13346,3950,4798,9942,6220,3428,8562,12665,10326,8483"
10134,10134,"10326,4798,544,275,4277,12665,5303,9101,2140,9942"
10139,10139,"1290,7120,4929,11298,9101,1244,544,4798,10326,9295"
10144,10144,"3950,8562,13346,4798,10326,9942,544,5199,9101,6220"
10155,10155,"2218,4798,3950,8562,8483,10326,5303,544,9942,9101"
10168,10168,"1290,9101,544,4798,10326,9942,8562,1863,5495,12665"
10178,10178,"544,9101,1290,2989,9942,10326,11298,9693,12665,1244"
10186,10186,"9693,12665,8562,9942,13346,3950,6220,9404,4798,5461"
10190,10190,"10326,4277,10594,350,4798,717,544,217,9101,9942"
10194,10194,"4798,8562,13346,3950,4277,8413,12857,2218,6326,10326"
10196,10196,"9942,13346,5676,3950,8562,544,9101,4798,5495,10326"
10215,10215,"10326,4798,8562,4277,5303,544,6971,6433,12857,8421"
10218,10218,"9942,10326,8562,6220,5303,4798,12665,12857,5495,3950"
10251,10251,"8562,6220,8188,3950,13346,12857,10326,9942,4798,544"
10252,10252,"1290,7120,9101,1244,544,9295,11298,6220,12869,4798"
10262,10262,"5495,12099,2903,544,5199,9101,4798,10326,9942,12665"
10266,10266,"9942,544,6220,12665,8562,4798,3950,2343,6659,5303"
10271,10271,"10326,6220,9942,4798,9693,8562,2343,12665,2140,6971"
10277,10277,"8562,10326,4798,5303,13346,3950,6971,12857,6326,544"
10282,10282,"10326,12665,1290,4798,5303,544,1244,7120,9101,5495"
10286,10286,"1290,7120,544,9101,4929,4798,10326,9942,5495,12665"
10305,10305,"10326,810,4798,13346,544,1889,10916,9101,8562,5495"
10309,10309,"9942,12665,6220,8562,4798,2218,3950,10326,13346,6971"
10335,10335,"1290,7120,11298,9730,9101,1244,12869,4929,2989,544"
10340,10340,"11298,1290,2989,7120,9101,7679,544,4576,9730,1244"
10375,10375,"4798,6220,9942,8562,8413,12665,5495,544,5303,9101"
10388,10388,"4798,10326,5303,6971,8562,13346,275,544,9942,9101"
10397,10397,"10326,4798,8413,5303,4277,12857,13346,544,3950,10594"
10402,10402,"3950,12665,9942,4798,5676,13346,8562,6220,544,10326"
10407,10407,"544,4277,6220,5303,3428,10326,2343,350,810,9942"
10408,10408,"544,10326,4798,9101,9942,5495,8562,12665,11298,2989"
10416,10416,"4798,3950,13346,10326,6220,12665,2343,1220,9942,12857"
10448,10448,"10326,4798,8562,544,6220,3950,275,5303,13346,12665"
10454,10454,"3950,13346,10326,8562,5495,9942,4798,544,9404,13249"
10499,10499,"4798,10326,4277,717,217,8421,544,6433,10594,9101"
10503,10503,"3950,12665,9942,10326,544,8562,9101,5495,4798,8823"
10504,10504,"2989,11298,7679,12869,3464,544,9730,9942,4545,9101"
10508,10508,"10326,4798,5303,544,4277,217,8562,13346,717,275"
10514,10514,"8562,3950,13346,10916,4798,6220,6326,810,4277,10326"
10526,10526,"4798,10326,8562,3950,12857,13346,4277,6433,10594,6326"
10540,10540,"4798,10326,13346,6220,5303,9942,3950,4277,275,8562"
10542,10542,"10326,4277,544,217,717,4798,350,8421,2343,9340"
10551,10551,"4798,10326,544,8562,6220,9942,5303,12665,275,6971"
10554,10554,"544,12665,5303,6220,8562,9942,8413,4798,8483,2989"
10555,10555,"6220,544,5495,11484,9101,4798,10326,9942,8562,12665"
10556,10556,"4798,544,2140,9101,10326,5610,9942,5495,8562,12665"
10562,10562,"4798,12857,10326,9072,6971,2140,13346,544,3950,9101"
10575,10575,"11298,1290,7120,9730,9101,12869,2989,1244,7679,9295"
10576,10576,"10326,4798,8562,5303,544,217,10916,8421,12857,350"
10582,10582,"10326,544,12665,8562,3950,4798,9942,5303,6971,4277"
10584,10584,"3950,8562,4798,10326,13346,9942,6220,544,3428,12665"
10606,10606,"4798,10326,9942,544,3950,12665,6220,5303,8562,4277"
10611,10611,"4798,544,717,4277,217,8483,5303,8421,6383,350"
10613,10613,"544,10326,4798,1290,12665,217,717,3950,5303,6383"
10614,10614,"544,8562,9942,9101,4798,5495,10326,12665,8188,11298"
10623,10623,"544,9101,4798,10326,9942,12665,5495,8562,11298,2989"
10647,10647,"12869,11298,9101,7679,7120,544,1290,4798,10326,4163"
10657,10657,"10326,12857,4798,10594,5303,8421,717,8562,544,10916"
10670,10670,"10326,4798,10594,10916,4277,544,9101,9942,8562,8421"
10679,10679,"11298,1290,7120,1244,12869,9730,9295,9101,2989,10389"
10680,10680,"4798,8562,5303,13346,10326,2218,6220,3950,275,8483"
10699,10699,"5495,4798,6971,13346,8562,10326,5303,544,2218,8413"
10715,10715,"217,4277,4798,717,10326,544,12857,9101,5495,3428"
10720,10720,"3950,4798,13346,8413,12665,8562,10326,5303,5495,544"
10735,10735,"8562,544,10326,6220,9942,3950,1290,13346,4798,5495"
10742,10742,"10326,12665,8562,544,6220,6971,4798,5303,2218,3950"
10744,10744,"4798,217,544,9101,10326,9942,5495,8421,12665,8562"
10747,10747,"10326,544,3950,13346,10568,12665,4277,8562,9693,5303"
10769,10769,"2343,9693,9455,64,10453,544,6839,9101,9942,4798"
10795,10795,"4798,10326,8562,5303,2218,6971,275,544,9942,2140"
10817,10817,"11298,1290,1244,7120,9295,9101,2989,9730,544,4798"
10819,10819,"10326,5303,13346,12665,6971,5461,4798,7679,8483,8562"
10828,10828,"10326,6220,544,3428,4798,5303,8562,12665,3950,275"
10860,10860,"8562,4798,3950,5303,13346,12857,3428,9942,10916,12665"
10868,10868,"9693,11298,9101,2343,9730,2989,544,7679,1290,2537"
10895,10895,"4798,13346,12857,8562,10916,10326,9942,6326,13249,544"
10900,10900,"10326,4798,6971,5303,2140,10916,544,8562,275,9101"
10912,10912,"3464,9101,544,11298,4798,2989,7679,10326,9942,5495"
10934,10934,"1290,7120,1244,11298,544,10326,9101,2989,4798,4929"
10947,10947,"5495,12470,10326,544,5303,6971,4798,5199,9101,9942"
10950,10950,"10326,4798,12857,6433,6971,544,5303,13346,9101,4277"
10964,10964,"1290,11298,1244,7120,9101,2989,544,12869,9942,9962"
10965,10965,"9942,5495,8413,12136,8681,544,8562,9101,4798,10326"
10968,10968,"10326,544,5303,217,2218,4798,4277,50,350,13249"
10972,10972,"4798,13346,3950,8562,5303,12857,6971,10916,12665,544"
10975,10975,"10326,4277,4798,544,9101,6433,9942,5495,12665,8562"
11028,11028,"4798,10326,9942,8562,3950,13346,3428,4277,544,12665"
11030,11030,"1290,544,11298,9101,2989,6220,12665,7120,10326,1244"
11044,11044,"544,10326,2343,6220,9101,9693,12665,89,2989,9942"
11048,11048,"3950,4798,10326,13346,12857,544,9101,8562,2905,5495"
11065,11065,"1290,7120,5303,6971,4798,544,6220,8562,2218,2989"
11085,11085,"1290,1244,7120,11298,9962,9101,544,4798,10326,9942"
11088,11088,"8562,4798,13346,6971,10326,544,5303,9101,5495,9942"
11100,11100,"11298,1290,9101,7120,1244,2989,12869,544,12665,9730"
11102,11102,"4798,8562,3950,10326,13346,8483,12857,8413,6220,12665"
11105,11105,"9693,2343,544,1290,1244,9101,9942,6795,4798,5199"
11107,11107,"8562,10326,4798,3950,13346,9942,6220,12665,2218,10916"
11109,11109,"1290,7120,544,9101,4798,10326,6220,9942,2989,11298"
11120,11120,"1290,7120,11298,1244,9101,544,4929,2989,9730,9295"
11121,11121,"8562,3950,4798,10326,13346,6220,12665,5303,6971,13249"
11133,11133,"544,9101,4798,10326,9942,8562,5495,6659,12665,11298"
11149,11149,"10326,9942,12857,4798,6971,5303,13249,9404,544,6433"
11152,11152,"1290,7120,11298,2989,1244,9730,9101,7679,4576,12869"
11160,11160,"9942,13346,3950,4798,275,3428,5303,10326,12665,6220"
11163,11163,"10326,4798,12665,8562,3950,13346,544,6220,275,4277"
11168,11168,"544,9101,4798,10326,9942,5495,8562,12665,11298,9693"
11193,11193,"5303,6220,544,4798,8562,275,5495,9101,10326,9942"
11200,11200,"9942,5495,3428,6220,8562,12470,6659,3950,12665,10326"
11210,11210,"1290,7120,6971,4929,4798,544,9101,10326,10663,9942"
11215,11215,"10326,10594,10916,8562,9942,4798,12857,8421,544,5495"
11219,11219,"1290,7120,1244,544,9101,9962,4929,4798,10326,9942"
11243,11243,"4798,2140,544,10326,9101,8562,9942,5495,12665,11298"
11253,11253,"1290,7120,2989,9101,11298,544,1244,12869,9730,4576"
11261,11261,"6220,5303,9942,3428,12665,10326,544,8562,8413,3950"
11280,11280,"9693,2343,544,9101,9942,5532,4798,10326,6795,5495"
11285,11285,"1290,1244,7120,11298,9101,544,9942,6220,12665,2989"
11309,11309,"3950,8562,10326,12665,6220,13346,8413,9942,6326,5495"
11312,11312,"5495,3950,9404,6971,9942,12665,544,12470,8562,8413"
11314,11314,"2343,10326,717,64,350,4277,9693,4798,217,13346"
11325,11325,"4798,10326,544,8562,2343,13346,4277,9693,6433,6220"
11327,11327,"5303,6220,8562,4798,9942,544,10326,5495,9101,7707"
11359,11359,"10326,9942,4798,544,13346,12665,275,6971,6220,89"
11366,11366,"11554,544,9101,4798,9942,10326,12665,5495,8562,9730"
11368,11368,"11298,1290,9101,7120,2989,1244,12869,544,7679,9295"
11371,11371,"5495,10326,13346,8562,6326,4798,89,12665,5199,2343"
11376,11376,"544,217,2218,2989,4798,8562,9101,9693,12665,4277"
11377,11377,"4798,10326,8562,13346,5303,6220,4277,12857,6326,3950"
11383,11383,"4798,10326,5303,6971,8562,544,275,9942,6220,5461"
11416,11416,"1328,10326,4798,544,9101,9942,5495,6659,12665,8562"
11444,11444,"1290,10326,9101,1244,11298,12665,4798,4277,2989,6220"
11445,11445,"4798,8562,10326,544,4277,217,3950,717,6433,10916"
11448,11448,"9693,544,9101,6795,10326,12665,9942,13346,6220,64"
11469,11469,"6971,544,10326,9101,4798,5495,9942,5676,12665,8562"
11487,11487,"544,7120,2343,9693,2989,9101,11298,6220,6971,4929"
11492,11492,"5495,5303,6220,4798,8562,2343,9693,544,12470,9942"
11503,11503,"544,6220,6659,10326,5495,4277,10453,4798,1404,5303"
11504,11504,"544,9101,4798,2903,10326,9942,6270,5495,12665,8562"
11515,11515,"10326,4798,9942,8562,3950,6220,13346,4277,217,544"
11547,11547,"10326,12665,4798,9942,13346,3950,6220,9693,544,6971"
11552,11552,"10326,4798,2343,544,12665,3950,6220,8562,9942,13346"
11567,11567,"10326,4798,8562,3950,6220,9942,13346,217,4277,12857"
11581,11581,"10326,544,4798,9942,5303,8562,12665,275,12857,1290"
11589,11589,"11298,1290,7120,9101,2989,1244,12869,9730,544,4576"
11591,11591,"12665,11298,1290,89,9942,9101,7120,2989,544,5495"
11595,11595,"1290,7120,11298,1244,9295,9101,544,9962,2989,4798"
11604,11604,"544,4798,1290,10326,7120,6971,275,2218,6220,9942"
11608,11608,"10326,8562,12665,6220,4798,3950,13346,544,5303,9942"
11627,11627,"8562,3950,13346,4798,2218,6220,10326,9942,8483,5495"
11646,11646,"5495,8562,12665,6220,3950,3428,8413,4798,9942,8188"
11647,11647,"4798,10326,6220,5303,8483,6971,4277,275,3428,6383"
11675,11675,"5303,10326,2343,3950,13408,6971,4798,2140,9693,5495"
11676,11676,"1290,7120,11298,1244,9101,12869,544,6971,2989,9295"
11696,11696,"10326,5495,544,4798,13408,9101,9942,12665,8562,12470"
11700,11700,"8562,544,9101,10326,4798,9942,5495,12665,11298,7120"
11722,11722,"1290,7120,6971,1244,544,6220,4798,9295,11298,9101"
11754,11754,"12665,7679,3950,544,5676,9942,10326,13408,6220,2989"
11757,11757,"13408,2343,9693,10326,13346,9942,1220,89,5495,544"
11767,11767,"12665,8562,544,9942,9101,4798,10326,5495,11298,2989"
11773,11773,"10326,4798,6220,8562,5303,544,9942,8421,1328,6383"
11777,11777,"9942,4798,8562,3950,6220,13346,3428,10326,13110,5545"
11778,11778,"9101,1290,7120,11298,12869,1244,7669,544,9730,7679"
11788,11788,"1290,7120,11298,2989,9730,9101,544,4798,10326,1244"
11790,11790,"1290,7120,10326,4929,4798,544,9101,1244,8562,10663"
11811,11811,"1290,7120,1244,11298,9101,4929,2989,9730,9295,544"
11837,11837,"1290,7120,1244,11298,9101,544,2989,4664,10326,4798"
11859,11859,"13346,4798,8413,10326,544,12665,3950,9101,9942,8562"
11865,11865,"544,6220,9101,8562,4798,5495,10326,9942,12665,9693"
11867,11867,"8562,3950,4798,5495,6220,544,9101,12470,10326,5676"
11871,11871,"544,1290,7120,11298,2218,5303,9101,6971,2989,11969"
11879,11879,"7120,1244,11298,9101,544,9730,2989,4576,4798,10326"
11880,11880,"4798,10326,4277,8562,717,8483,5303,544,10594,8421"
11908,11908,"5495,4798,5303,10326,2140,6971,275,544,12665,8562"
11912,11912,"5303,275,4798,6971,10326,544,2218,9101,8562,9942"
11925,11925,"13346,717,10326,4277,64,4798,2343,3950,9693,8421"
11933,11933,"8413,8562,6220,5676,1862,8188,9942,5495,6659,544"
11945,11945,"544,9101,4798,10326,9942,5495,8562,10429,1863,12665"
11948,11948,"4798,8562,5461,3950,10326,5495,13346,13249,544,9101"
11952,11952,"5303,10326,4798,544,9101,9942,5495,8562,12665,11298"
11957,11957,"4798,544,9101,10326,5495,9942,8562,12665,11298,2989"
11959,11959,"4798,10326,9942,8562,2343,50,3428,5495,4277,6220"
11967,11967,"8562,2218,6220,8413,12665,3950,9942,4798,544,9101"
11969,11969,"9101,544,4798,10326,9942,8562,5495,12665,11298,2989"
11970,11970,"6220,8562,544,3428,9942,10326,12470,2218,13306,4277"
11975,11975,"10326,6220,12665,9942,3950,4798,8562,3428,544,13346"
11995,11995,"8562,3950,12665,6220,9942,4798,9404,13346,10326,1323"
12002,12002,"1290,11298,7120,2989,1244,544,12869,9730,4576,12655"
12022,12022,"1290,7120,12869,9101,11298,1244,544,9962,9730,4798"
12032,12032,"544,9101,6659,4798,10326,5495,9942,8562,12665,11298"
12036,12036,"9101,1290,7120,1244,544,2989,9730,11024,8978,4576"
12066,12066,"4798,9693,2343,4277,275,544,12665,13346,6971,9101"
12077,12077,"1290,7120,1244,9101,11298,4929,9962,544,4798,9730"
12078,12078,"4798,10326,5303,4277,544,717,3950,8483,13346,2140"
12084,12084,"4798,8562,5303,6971,10326,12665,275,544,6220,13346"
12089,12089,"8562,4798,10326,3950,6220,5303,6971,8413,13346,544"
12106,12106,"10326,2989,4798,6220,12869,1290,11298,4277,9942,11969"
12107,12107,"12665,8562,8188,13346,5495,3950,544,9101,4798,8413"
12111,12111,"12665,13346,10326,4798,3950,8562,6220,275,9942,5303"
12131,12131,"4798,10326,5303,8562,9942,8413,275,2140,544,10916"
12139,12139,"4798,9693,13346,8562,10326,544,9101,6220,9942,12665"
12141,12141,"6220,5495,544,13346,8188,6659,2218,9101,4798,9693"
12144,12144,"1290,1244,11298,7120,9101,544,12869,2989,9942,4798"
12150,12150,"6220,8562,9942,3950,4798,8413,12665,6659,10326,5303"
12151,12151,"10326,544,12665,4798,6220,4277,217,13346,9942,717"
12162,12162,"3950,544,4798,5495,9101,10326,9942,12665,8562,5461"
12170,12170,"9101,544,11554,9730,4798,10326,12869,9942,5495,11298"
12182,12182,"544,1290,7120,5303,5495,9693,9101,5199,2903,13408"
12185,12185,"10326,4798,6220,8562,5495,5303,13346,8483,13249,3950"
12191,12191,"10326,5495,5303,10594,12857,8562,9942,6220,3950,4798"
12197,12197,"9693,2343,544,9942,1244,9101,4798,6795,10326,5495"
12204,12204,"1290,11298,7120,2989,1244,9101,9730,9295,12869,3464"
12229,12229,"544,9693,2343,6220,4798,8562,10326,9942,12665,3950"
12231,12231,"544,1290,7120,11298,9101,2989,1244,9730,12869,12665"
12234,12234,"6220,544,8562,9101,4798,10326,9942,5495,12665,1290"
12238,12238,"4798,10326,8562,13346,5303,6971,6220,5495,12665,544"
12242,12242,"4798,8562,217,13346,5303,3950,10326,12857,9942,544"
12260,12260,"10326,13346,8562,12857,10916,13249,6220,4277,8421,217"
12262,12262,"5495,9693,544,5199,2343,8562,13346,12665,4798,9942"
12281,12281,"10326,5495,6220,8562,4798,5303,12665,2218,8483,9942"
12289,12289,"9693,10326,544,4798,6795,9942,64,8562,5495,12665"
12306,12306,"8562,3950,4798,6971,5495,10326,10916,12857,5303,6220"
12326,12326,"4798,10326,544,9101,9942,5495,12665,8562,3950,11298"
12337,12337,"8562,4798,3950,2343,6220,9693,13346,12665,9942,8413"
12355,12355,"544,1290,7120,9101,2989,1244,11298,7679,10326,12869"
12371,12371,"4798,3950,10326,6220,2343,2218,9942,3428,8562,9693"
12372,12372,"12665,544,9101,4798,10326,9942,5495,8562,11298,9693"
12373,12373,"4798,10326,4277,1328,8562,12857,8421,350,6433,544"
12390,12390,"7120,4929,544,9101,4798,10326,10663,9942,1244,5495"
12405,12405,"9693,544,2343,10326,9101,5495,6795,4798,9942,5532"
12407,12407,"1290,544,9101,4798,7120,10326,9942,5495,12665,1244"
12408,12408,"9942,544,5495,5461,5676,6220,12665,8413,89,9101"
12419,12419,"6659,275,4798,11484,5676,544,9101,7120,9942,10326"
12423,12423,"544,5495,9101,4798,10326,9942,8562,12665,11298,2989"
12426,12426,"7120,9101,11298,544,1244,2989,9730,12665,12869,6971"
12452,12452,"4798,10326,6659,13346,8562,544,8421,1328,217,9101"
12480,12480,"544,9101,7679,11298,2989,12869,1290,1244,4576,4664"
12530,12530,"4798,5303,8562,9942,10326,544,5495,9101,12665,6971"
12546,12546,"4798,6971,10326,2343,8562,1290,9693,544,9101,5303"
12556,12556,"1290,7120,1244,9101,2989,9730,544,4929,12869,9295"
12573,12573,"8413,2218,5303,5495,9942,3428,10326,544,6220,4798"
12592,12592,"10326,4798,8562,9693,9942,6220,13346,3950,544,12665"
12596,12596,"10326,8562,13346,4798,3950,4277,6220,12665,12857,9942"
12599,12599,"1290,7120,11298,1244,544,9101,2989,9295,12869,10326"
12615,12615,"544,9101,11298,1244,2989,11024,1290,7679,12869,4798"
12618,12618,"9942,3950,3428,544,8562,5676,12665,13306,10326,9693"
12624,12624,"4798,10326,12665,8562,13346,3950,6220,4277,544,275"
12638,12638,"9693,2343,6220,544,9101,9942,9404,4798,5495,861"
12641,12641,"544,5495,9693,10326,4798,2343,5199,3950,9101,9942"
12644,12644,"1290,7120,9101,544,2989,9693,12869,4929,11298,2343"
12649,12649,"1290,4798,10326,7120,544,6971,9101,8562,9942,5495"
12654,12654,"5495,8413,8562,4798,2218,10326,544,275,9101,12665"
12658,12658,"10326,4798,2218,6433,10568,544,8562,13249,9101,1889"
12659,12659,"544,7120,10326,4798,9101,12665,1244,11298,2989,4277"
12666,12666,"4798,9693,8562,13346,10326,3428,544,6795,717,4277"
12669,12669,"12665,9942,544,9101,5495,4798,10326,1244,11298,8562"
12674,12674,"10326,8413,6220,2218,4798,12665,5303,8562,5495,3950"
12688,12688,"544,9101,10326,4798,5495,9942,8562,12665,11298,2989"
12694,12694,"6220,8413,9942,544,2218,5495,3950,3428,8562,13110"
12709,12709,"10326,4798,5303,4277,13346,8562,544,275,6433,12857"
12712,12712,"544,9101,12665,4798,10326,1290,11298,9942,5495,8562"
12722,12722,"12869,7679,9101,11298,544,1290,11554,7120,2989,9730"
12728,12728,"8188,8562,5495,544,9101,4798,10326,9942,12665,2218"
12732,12732,"2343,9693,5532,544,9101,4798,10326,9942,5495,12665"
12736,12736,"10326,4798,8562,4277,6433,12857,10594,544,350,5303"
12738,12738,"4798,10326,8562,3950,544,4277,6220,2343,12857,13346"
12741,12741,"10326,9942,3950,3428,5495,8562,12470,2218,4798,217"
12756,12756,"12470,13408,8413,544,9942,4798,12665,9101,10326,2218"
12764,12764,"6220,544,10326,2343,275,12665,5303,4798,6971,3950"
12768,12768,"12665,9693,6971,2343,3950,4798,10326,6220,5495,9942"
12773,12773,"4798,8562,10326,12857,275,5303,9942,6326,544,3950"
12789,12789,"4798,10326,8562,13346,5303,5495,12665,4277,10916,6971"
12790,12790,"1290,11298,9101,4929,13408,9295,544,2989,1244,10326"
12801,12801,"5495,1862,12470,544,5532,9101,4798,10326,6971,12665"
12804,12804,"1290,1244,4929,12869,9101,544,11298,10663,4798,10326"
12833,12833,"8562,6220,10326,3950,5303,8483,13346,9942,50,4798"
12846,12846,"4798,10326,3950,13346,12857,5495,10916,6433,13249,5676"
12855,12855,"10326,5495,2343,8562,544,4798,9693,9942,9101,217"
12860,12860,"8562,4798,3950,10326,5303,6971,10568,544,13346,9404"
12874,12874,"10326,4798,8562,10916,3950,13346,6326,6220,12665,9942"
12875,12875,"13346,5495,8562,3950,5461,4798,544,10326,9101,9942"
12877,12877,"6659,2218,6220,544,9942,9101,5545,4798,10326,8562"
12883,12883,"5495,12470,8413,2218,5303,3950,12668,9942,544,9101"
12890,12890,"4798,544,9101,10326,9942,5495,12665,8562,11298,2989"
12919,12919,"1290,7120,4929,1244,9101,9295,11298,544,10663,4798"
12927,12927,"1290,544,9101,6220,1244,7120,9942,5495,10326,4798"
12955,12955,"5495,6971,10326,12470,8562,4798,3950,2343,8205,544"
12956,12956,"8562,544,844,4798,9101,10326,12665,5495,9942,11298"
12958,12958,"10326,4798,9942,544,9101,12665,5495,8562,275,13408"
12965,12965,"12470,217,5495,544,6220,3428,12857,1404,10326,4798"
12970,12970,"10326,6220,3950,8562,3428,2218,4798,5303,12665,13249"
12996,12996,"9693,2343,6795,6971,9942,5495,13346,544,9101,4798"
13000,13000,"8562,6220,3950,9942,4798,13346,2218,3428,8413,12665"
13017,13017,"544,2989,11298,9101,1244,7679,9730,1290,4576,11024"
13019,13019,"10326,8562,4277,3950,5303,12857,6971,8483,10916,6433"
13021,13021,"8562,8413,4798,544,8188,9101,9942,10326,5495,12665"
13022,13022,"10326,4798,8562,2218,4277,6220,544,12665,5303,9942"
13063,13063,"8413,5303,4798,9942,8562,2218,8188,544,13346,1862"
13075,13075,"544,12869,9942,4798,9101,6971,10326,1290,11298,7120"
13076,13076,"3950,2343,5495,13346,10326,4798,2218,9942,6220,9693"
13101,13101,"4798,10326,3950,5495,544,9942,13346,6971,8562,4277"
13105,13105,"1290,7120,11298,9101,12869,9730,1244,544,9295,4576"
13115,13115,"10326,12665,544,9942,5303,6971,6220,9101,2989,1290"
13117,13117,"1290,6220,4798,7120,544,5303,12665,10326,9101,5495"
13121,13121,"4798,3950,5303,8562,10326,8413,13346,9942,12857,544"
13123,13123,"544,1290,9101,11298,2989,2343,7120,1244,9942,12665"
13125,13125,"4798,10326,8413,12857,8562,6220,50,544,3950,9101"
13147,13147,"4798,10326,8562,13346,8483,217,3950,544,10916,6433"
13151,13151,"8562,8413,10326,5303,9942,4798,13346,5495,12470,6220"
13153,13153,"10326,4798,8562,4277,13346,544,10916,6433,5303,717"
13176,13176,"1290,544,11298,12869,7120,1244,9730,7679,2989,4576"
13180,13180,"8562,9942,6220,3428,10326,3950,4798,544,2218,5303"
13192,13192,"6659,8562,5495,10326,4798,1328,9942,3870,3950,544"
13194,13194,"3950,12665,9942,544,9101,4798,5495,10326,8562,13346"
13195,13195,"5303,8562,50,10326,4798,4277,9942,12665,217,5495"
13198,13198,"5303,10326,4798,10568,8483,4277,12857,8421,10594,544"
13231,13231,"8562,3950,9942,4798,6971,13346,12665,10326,544,5642"
13234,13234,"1290,7120,4929,9101,544,4798,1244,9295,10326,9962"
13240,13240,"544,7120,9101,11298,2989,10326,12869,4798,9730,12665"
13273,13273,"3950,12665,6220,5303,5495,9942,2218,10326,13346,4798"
13276,13276,"3950,13346,8562,6220,9942,3428,5495,544,1323,8413"
13283,13283,"10326,4798,8421,717,544,9101,10594,2140,9942,8562"
13297,13297,"13346,275,8483,10326,4798,12665,8562,3950,544,1286"
13301,13301,"4798,8413,8562,13346,5303,5461,6220,10326,544,9101"
13303,13303,"5495,12665,8562,8483,8413,3950,2218,12857,4798,544"
13321,13321,"1290,7120,11298,9295,2989,1244,9101,544,9730,4798"
13330,13330,"4798,10326,544,9101,5495,9942,8562,12665,1290,11298"
13338,13338,"11298,1290,7120,1244,9295,9101,12869,3464,2989,9730"
13380,13380,"10326,275,4798,6971,5303,8562,9942,2140,2218,544"
13389,13389,"1290,7120,1244,4929,11298,544,9101,10663,4798,10326"
13390,13390,"3950,9942,5461,9693,6220,5532,544,9101,4798,10326"
13391,13391,"11298,12869,544,10326,4798,1290,9730,6971,9101,2989"
13401,13401,"8562,10326,4798,544,3950,13346,4277,12665,5495,50"
13403,13403,"1290,10326,544,9942,4798,9101,6220,89,6971,5495"
13407,13407,"10326,544,1290,4798,7120,350,4277,1404,9101,2140"
13413,13413,"217,10326,4277,544,2140,4798,9101,10594,9942,5495"
13414,13414,"2989,11298,9730,9101,12869,1290,7679,4545,9295,3464"
13446,13446,"4798,10326,8562,4277,5303,13346,544,12857,8421,717"
13472,13472,"1290,11298,7120,7679,544,9101,2989,12655,1244,12869"
13488,13488,"4798,8562,13346,5303,3950,10326,12665,6971,5642,6326"
13502,13502,"1290,11298,544,9101,2343,2989,7120,1244,9730,10326"
13507,13507,"11298,1290,7120,9730,9101,2989,544,1244,12869,3464"
13512,13512,"4798,13346,8562,3950,10326,6659,5676,12857,3870,13249"
13543,13543,"4798,12665,8562,4277,544,5303,10916,13346,717,217"
13572,13572,"10326,4798,8562,544,5303,3950,275,6433,6971,217"
13595,13595,"1290,7120,1244,4929,4798,6971,544,9101,10326,9942"
13599,13599,"5495,544,9942,4798,3950,3428,10326,8562,6220,9693"
13608,13608,"9693,10326,12665,5303,544,6795,4798,64,13346,8562"
13609,13609,"10326,544,4798,9101,350,9942,5495,8562,12665,11298"
13630,13630,"4798,3950,12665,9942,10326,6220,2218,8562,544,13346"
13635,13635,"10326,4798,5303,8562,2140,544,9101,8421,9942,5495"
13645,13645,"4798,3950,6220,8562,10326,9942,5303,275,544,12665"
13673,13673,"13346,4798,9693,544,2343,9101,10326,5199,5495,9942"
13683,13683,"9942,4798,10326,6220,544,5303,12665,6971,3950,5495"
13702,13702,"6971,544,2218,8413,9101,4798,12665,9942,10326,9693"
13716,13716,"4798,10326,8562,3950,12665,6971,6220,5303,2218,9942"
13724,13724,"11298,9730,9101,2989,544,12869,1244,4798,10326,12655"
13746,13746,"4798,10326,12665,5303,2343,6220,544,8562,9693,3950"
13752,13752,"8562,9942,5495,544,9101,4798,3950,10326,12665,11298"
13756,13756,"1290,7120,4929,9962,9101,544,11298,1244,4798,10326"
13763,13763,"1290,7120,11298,1244,9101,9295,544,2989,9962,9730"
13774,13774,"10326,544,8562,6220,9942,6971,4798,5303,9101,1290"
13776,13776,"1290,7120,11298,9730,1244,9101,544,4798,9962,10326"
13786,13786,"1290,11298,7120,1244,9101,544,12869,4798,10326,9942"
13788,13788,"4277,10326,350,544,9101,4798,9942,5495,12665,8562"
13791,13791,"11298,1290,2989,7120,6971,1244,9101,11024,9730,544"
13810,13810,"8562,10326,6220,9942,6326,5303,12665,13346,8483,544"
13811,13811,"4798,10326,10916,12857,8421,5303,217,544,4277,8483"
13820,13820,"9942,11298,2989,11024,9101,544,1290,1244,7120,4798"
13826,13826,"5495,9730,3950,12665,9942,6220,8483,13346,544,714"
13840,13840,"544,9101,10326,4798,9942,5495,8562,12665,11298,2989"
13841,13841,"544,8562,4277,217,6220,13346,5495,12665,717,13249"
13852,13852,"9942,6220,3950,12665,89,5495,12470,544,9101,3428"
13858,13858,"4798,544,1290,10326,9101,9942,8562,7120,5495,12665"
13865,13865,"9178,6659,1328,10326,544,6383,9101,8562,4798,9942"
13871,13871,"10326,4798,4277,544,5303,8562,10594,717,217,6433"
13877,13877,"4798,5461,10326,8562,9942,544,9101,6659,12665,5495"
13905,13905,"10326,4798,8562,12857,4277,12665,544,10916,6220,8421"
13924,13924,"7120,544,9101,11298,2989,9730,12869,4929,9295,7679"
13929,13929,"10326,4798,5303,4277,544,8562,10916,12665,13346,2140"
13935,13935,"8562,3950,8413,9693,3428,5676,10916,5495,10326,4798"
13952,13952,"1290,7120,11298,1244,9101,2989,12869,4929,9730,544"
13953,13953,"10326,1290,6971,4798,7120,9101,275,544,6591,9942"
13962,13962,"10326,4798,8562,3950,544,4277,10916,717,217,13346"
13965,13965,"5495,9942,6659,544,9101,8413,4798,12665,10326,89"
13966,13966,"10326,10594,4798,12857,13346,8421,544,9101,8562,9942"
13974,13974,"11298,9101,1290,2989,7120,1244,7679,544,12869,4576"
13982,13982,"1290,7120,11298,1244,9101,89,544,6971,11024,4929"
13983,13983,"5461,2903,5495,544,5199,10326,9942,4798,9101,9693"
13987,13987,"10326,3950,6220,4798,9942,3428,8483,717,12857,13346"
13988,13988,"544,1290,7120,10326,9101,9730,4798,9942,6971,9693"
13991,13991,"4798,10326,13346,3950,12857,8483,5303,6220,6326,9942"
13995,13995,"3950,8562,5495,3428,12665,5199,6302,9942,9532,544"
13998,13998,"10326,4798,5303,6971,12665,5495,8562,2140,13346,544"
14021,14021,"6220,3428,8562,13110,544,13306,3950,5545,4798,13296"
14028,14028,"544,9693,2343,10326,4277,5461,5199,6383,9101,3950"
14042,14042,"9942,12665,6659,6220,2218,544,8562,10326,10453,5495"
14049,14049,"544,9101,4798,10326,9942,5495,12665,8562,11298,2989"
14060,14060,"8562,6220,9942,3950,13346,12665,3428,2343,5495,5199"
14061,14061,"8562,3950,544,8413,9101,4798,10326,9942,5495,12665"
14067,14067,"544,6220,9101,9693,4798,5495,8562,10326,9942,1863"
14079,14079,"4798,1290,544,12665,7120,5303,9693,6220,275,6971"
14089,14089,"544,4798,4277,5495,217,350,10326,6220,5303,1404"
14097,14097,"4798,10326,5303,544,275,4277,1290,350,8562,2140"
14105,14105,"7679,3464,11298,7669,9101,12869,544,2989,9730,11554"
14147,14147,"4798,9942,2140,544,3950,9101,12665,10326,5495,8562"
14155,14155,"8562,4798,3950,8413,9942,6220,13346,2218,5495,10326"
14168,14168,"10326,4798,5303,12857,544,4277,217,8421,10916,9942"
14170,14170,"10326,8562,5495,544,2343,9693,5676,5303,9101,4798"
14173,14173,"544,2989,9101,3428,9942,11298,4576,3464,6220,13306"
14174,14174,"8562,10326,6220,13346,3950,4798,5676,544,9101,9942"
14196,14196,"4798,8413,8562,9942,9693,13346,12665,6220,544,3950"
14197,14197,"544,10326,9730,4798,9101,2218,11298,9942,5495,12665"
14202,14202,"7120,9101,11298,1244,544,12665,4929,12869,2989,4576"
14204,14204,"544,9101,4798,10326,9942,5495,12665,8562,11298,2989"
14215,14215,"4798,2343,544,810,9693,6220,6795,10326,1574,13346"
14242,14242,"10326,4798,8562,4277,3950,717,217,5303,8421,544"
14244,14244,"10326,4798,9942,8562,12665,6220,13346,5303,275,6971"
14249,14249,"1290,7120,9101,544,4798,4929,10326,11298,1244,9942"
14250,14250,"544,9101,4798,10326,9942,5495,12665,8562,11298,2989"
14256,14256,"10326,4798,4277,5303,8562,717,12857,13346,544,6433"
14258,14258,"11298,7679,2989,4664,7258,9101,9730,4890,544,11918"
14280,14280,"4798,5303,8562,10326,544,8483,5495,9101,12665,13346"
14318,14318,"544,7120,11298,9101,1244,2989,6220,6971,10326,9942"
14325,14325,"10326,1328,350,6659,8562,544,9101,5495,9942,12665"
14328,14328,"1290,10326,4798,6971,8562,4929,544,8590,5303,4277"
14329,14329,"13346,9942,5495,8562,3870,544,9101,8681,4798,3950"
14344,14344,"8562,10326,4798,5303,6971,3950,5495,8413,6220,2140"
14366,14366,"1290,7120,4929,544,1244,9101,4798,10326,9942,5495"
14421,14421,"1290,7120,11298,3464,1244,9730,9101,9962,544,7679"
14430,14430,"10326,4798,4277,717,5303,544,217,8562,8421,2343"
14435,14435,"275,544,8562,9101,9942,4798,10326,5495,12665,3950"
14472,14472,"4798,10326,544,2218,5495,1290,275,12665,6220,89"
14501,14501,"12665,4798,6220,8562,6971,2218,10326,544,9942,12857"
14509,14509,"4798,6971,13346,5303,12665,8483,10326,3950,275,544"
14516,14516,"8562,4798,2218,6220,8188,544,10326,9942,9101,5495"
14521,14521,"10326,4798,3950,5495,8562,5303,2218,13346,12665,6220"
14553,14553,"5495,4798,8562,544,5303,10326,9101,9942,7120,1290"
14561,14561,"12665,3950,6220,8562,9942,13346,5545,3428,544,10326"
14562,14562,"5495,9942,5303,12665,13346,3950,12470,4798,5676,89"
14567,14567,"5461,9942,4798,2140,10326,544,9101,5303,1220,8562"
14575,14575,"1290,544,7120,4798,9942,11298,9101,9519,10326,12665"
14581,14581,"544,5303,2343,9693,13346,275,8562,9942,10326,12665"
14627,14627,"1290,6971,89,12665,7120,544,4798,9101,9942,10326"
14634,14634,"9942,6220,544,3428,3950,12665,6659,5184,8562,13110"
14651,14651,"4798,5303,10326,5495,275,544,13346,9101,12665,9942"
14659,14659,"2343,4798,13346,544,10326,8562,9101,9693,5495,9942"
14670,14670,"10326,4798,12665,5495,217,4277,8421,544,9455,717"
14684,14684,"8562,6220,544,5495,9942,4798,9101,10326,12665,3428"
14691,14691,"4798,9730,13346,275,1290,10326,544,9101,8562,9942"
14695,14695,"1290,12665,7120,6971,4798,5303,2218,9942,544,8413"
14705,14705,"10326,8562,4798,4277,12665,217,12857,1328,717,13346"
14711,14711,"1290,7120,10326,544,4929,9101,4798,4277,8562,9942"
14723,14723,"4798,3950,10326,8483,8562,13346,6971,544,9942,9101"
14739,14739,"11298,9730,9101,2989,1290,7120,1244,12869,9295,544"
14740,14740,"10326,4798,8562,5303,6971,275,544,12857,2140,4277"
14743,14743,"5495,4798,5303,10326,544,12470,12668,2218,5532,5199"
14747,14747,"10326,544,4798,8562,4277,6220,3950,13346,5303,350"
14748,14748,"9942,6220,12665,89,8413,5676,8681,544,9101,8562"
14764,14764,"1290,7120,4798,2989,544,9101,6383,10326,13346,9942"
14771,14771,"544,9942,6220,2989,5495,9693,11298,9101,2343,12665"
14780,14780,"4798,10326,4277,6220,217,8562,717,544,12857,12665"
14784,14784,"4798,10326,5303,544,12857,8562,4277,350,6433,9101"
14785,14785,"9942,3428,13110,544,13306,9101,5495,4798,10326,6220"
14798,14798,"2343,9693,9532,12665,1323,544,13346,5495,9942,9101"
14801,14801,"544,9942,10326,4798,12665,6220,2343,9693,2989,4277"
14803,14803,"10326,4798,544,5303,9942,275,6220,4277,13346,3950"
14821,14821,"4798,10326,5303,275,544,13249,4277,12857,6326,6971"
14832,14832,"4798,544,8562,10326,5495,6971,9693,2343,1290,5303"
14833,14833,"3950,9942,4798,10326,13346,6220,8562,3428,12665,5303"
14853,14853,"4798,12665,8562,9942,544,13346,6971,9101,6220,5303"
14854,14854,"8562,13249,6220,10326,4798,13346,8483,5303,3950,2218"
14856,14856,"544,9942,12665,6220,8562,10326,5495,3950,4798,5303"
14858,14858,"10326,3950,4798,9519,12665,544,2343,5199,5532,9101"
14864,14864,"544,9101,4798,10326,9942,5495,12665,8562,11298,1290"
14867,14867,"11298,1290,2989,9101,1244,12665,7120,7679,12655,544"
14880,14880,"7679,11298,544,2989,9101,12665,1244,11918,8978,4576"
14890,14890,"8562,13346,6220,9942,4798,12665,6971,10326,544,8205"
14892,14892,"10326,9693,4798,544,13346,12665,8562,6220,4277,6795"
14899,14899,"11298,1290,12869,9101,1244,7120,9730,544,7679,2989"
14904,14904,"2343,9693,6795,12665,89,9942,5495,544,9532,9101"
14906,14906,"11298,1290,7120,1244,9295,12869,9101,2989,3464,7679"
14909,14909,"4277,350,5303,544,10326,4798,9101,9340,9942,8562"
14929,14929,"8562,4798,6220,5303,3950,9942,544,10326,5495,2218"
14931,14931,"6220,544,8562,9101,4798,9942,10326,7707,13296,5495"
14938,14938,"4798,10326,3950,8562,13249,6220,8483,6971,12857,4277"
14955,14955,"10326,12665,4798,3950,544,6220,6971,13346,8562,5303"
14961,14961,"544,9101,10326,4798,8562,9942,5495,12665,6659,11298"
14969,14969,"11298,1290,9730,7120,9101,12869,1244,7679,544,2989"
14970,14970,"10326,4798,4277,217,717,544,6971,2218,8562,5303"
14977,14977,"12665,5495,8562,3950,9942,5676,6220,12470,3428,13346"
14991,14991,"4798,10326,5303,13346,6220,12665,8562,9942,3950,2218"
14993,14993,"4798,544,10326,9101,9942,5495,8562,12665,11298,2989"
15009,15009,"4798,12857,13346,3950,8562,10326,717,8483,13249,6433"
15014,15014,"11298,9101,9693,2989,2343,544,1244,9730,8978,4576"
15028,15028,"7120,11298,1244,9101,4929,9730,2989,9295,12869,544"
15029,15029,"10326,217,8562,4798,717,4277,8483,13249,10916,13346"
15030,15030,"5495,8562,9942,8413,13346,6220,8681,10326,544,4798"
15033,15033,"4798,10326,2343,13346,6971,8562,9693,12857,544,10916"
15052,15052,"544,4798,8562,5303,717,6433,13346,9101,9942,275"
15062,15062,"4798,10326,13346,9942,8562,5303,6220,6326,13249,544"
15074,15074,"9942,544,6220,1290,9693,8562,10326,5303,5495,12665"
15081,15081,"13346,9693,3950,5495,2343,10326,544,9942,4798,13110"
15082,15082,"544,9101,4798,10326,9942,5495,12665,8562,11298,2989"
15097,15097,"13346,6971,4798,8562,10326,544,9101,9942,5495,12665"
15098,15098,"4798,10326,8562,3950,5303,13346,6220,6971,12665,4277"
15107,15107,"1290,7120,1244,11298,4929,9101,544,4798,9295,10326"
15113,15113,"10326,4798,8562,6659,3950,6220,275,13346,4277,544"
15120,15120,"10326,4798,8562,3950,6220,13346,5303,217,3428,2218"
15121,15121,"4798,10326,8562,12665,3950,13346,12857,6220,6971,4277"
15122,15122,"4798,10326,8562,5303,3950,12857,13346,6220,2218,10916"
15141,15141,"10326,4277,350,217,4798,8562,5676,544,6383,6659"
15143,15143,"4798,10326,6220,6433,8562,4277,9942,544,13346,10916"
15148,15148,"5495,3950,13346,64,2343,544,9693,12665,9942,4798"
15164,15164,"10326,9942,6220,9693,12665,2343,8562,11969,5495,5303"
15165,15165,"9942,544,9101,6220,1290,8562,12665,6971,10326,2218"
15175,15175,"10326,4798,717,4277,275,8483,10916,8562,13346,12857"
15186,15186,"1290,1244,4929,9295,11298,9101,544,4798,10663,10326"
15189,15189,"10326,544,4798,6220,3950,4277,217,8562,5303,12665"
15200,15200,"10326,4798,544,6220,1290,8562,9942,4277,6971,5303"
15204,15204,"10326,8562,4277,4798,13346,6220,10916,9942,2140,544"
15205,15205,"4798,1290,7120,544,6971,8562,6220,13346,10326,9101"
15217,15217,"4798,5199,544,9101,5495,10326,8562,9942,12665,5303"
15240,15240,"2989,1244,12869,7679,11024,9730,9101,6288,544,8978"
15248,15248,"1290,6220,8562,5495,544,4798,9942,9101,7120,12665"
15253,15253,"4798,10326,8562,4277,10916,544,2343,5303,9101,2140"
15256,15256,"544,4277,10326,4798,13346,3950,350,2140,9101,1978"
15260,15260,"10326,544,4798,5303,8562,2343,3950,13346,9693,9942"
15265,15265,"5495,12470,544,9101,4798,10326,9942,12665,8562,5676"
15274,15274,"544,9101,4798,10326,9942,5495,12665,8562,11298,2989"
15275,15275,"4798,10326,5303,544,12665,9101,2140,5495,8562,9942"
15282,15282,"4798,10326,8562,544,2140,5495,8483,9101,8205,9942"
15294,15294,"2343,9693,6795,12665,4798,10326,544,5532,5495,9101"
15304,15304,"1290,11298,7120,1244,9101,2989,9730,9295,544,12869"
15330,15330,"544,10326,9693,9101,2343,6220,11298,4798,2989,275"
15331,15331,"8562,12665,13346,3950,5495,6220,9942,4798,544,9101"
15332,15332,"1244,7120,11298,1290,544,9101,4798,7679,2989,10326"
15339,15339,"6220,9942,544,8562,9101,4798,10326,5495,12665,1863"
15387,15387,"544,6220,9101,8562,10326,12665,5495,4798,9942,2989"
15391,15391,"544,10326,12665,4798,6220,275,4277,8562,9942,3950"
15396,15396,"4798,13346,10326,8562,6220,6326,12665,9942,6971,544"
15397,15397,"6971,2218,8562,9942,544,5495,5303,13346,9101,4798"
15421,15421,"4798,544,9101,10326,9693,9942,5495,2343,12665,8562"
15427,15427,"1290,7120,7679,9730,11298,9101,544,1244,10326,4929"
15434,15434,"544,1290,2989,11298,1244,7120,9693,4576,9942,4798"
15441,15441,"5495,10326,4798,12665,275,8562,2218,9942,544,13346"
15444,15444,"5303,10326,6971,275,4798,6220,12665,2218,9942,8413"
15457,15457,"4798,8562,6220,3950,10326,5303,13346,8483,9942,6971"
15466,15466,"8562,717,3950,217,13249,4798,10326,11000,4277,13346"
15475,15475,"4798,8413,12857,13249,3950,5676,5495,10326,5303,8483"
15483,15483,"11298,1290,9101,2989,7679,7120,9295,12665,9730,544"
15487,15487,"12665,544,4798,9101,10326,9942,8483,5495,8562,89"
15500,15500,"2140,275,544,4798,10326,9101,5495,9942,12665,8562"
15511,15511,"6220,9942,2343,4798,10326,9693,9532,544,1244,9101"
15515,15515,"8562,3950,6220,4798,2218,10326,13346,5495,9942,5545"
15519,15519,"4798,12665,8562,6971,13346,9942,544,9101,5303,5495"
15534,15534,"9693,2343,8413,5303,9942,544,9101,5495,4798,10326"
15545,15545,"1290,7120,11298,9101,12869,2989,4576,10137,1779,544"
15553,15553,"9730,9693,2989,544,2343,7679,9101,12869,11298,7342"
15556,15556,"5495,8413,12470,8562,2218,3950,5303,8483,9942,6220"
15564,15564,"4798,13249,13346,12857,6326,3950,6433,10326,544,10916"
15567,15567,"1290,7120,11298,1244,9101,12869,7669,9730,544,4929"
15582,15582,"4798,12857,8562,6433,6326,5676,10326,217,9942,544"
15585,15585,"10326,4798,4277,5303,8562,717,12857,6433,8483,13346"
15587,15587,"8562,8413,3950,6220,5495,5303,13346,2218,10326,9942"
15589,15589,"5303,6971,4798,8483,10326,8562,5495,2140,275,544"
15590,15590,"9693,5495,3428,6795,12665,544,10326,64,4798,9942"
15595,15595,"10326,544,9101,4798,3055,5495,9942,12665,8562,11298"
15611,15611,"11298,1244,9101,9730,2989,12869,544,9295,4798,10326"
15613,15613,"3950,13346,9942,4798,3428,10326,6220,8562,12665,5495"
15632,15632,"10326,8562,13346,544,12665,5303,6220,4277,5495,8483"
15633,15633,"10326,544,5303,4277,350,4798,12665,13249,9072,275"
15639,15639,"4798,5303,6971,10326,3950,5495,8483,6220,544,8562"
15648,15648,"10326,4798,217,544,4277,717,6971,8562,6220,10916"
15652,15652,"4798,10326,275,8483,13346,350,544,4277,6383,9340"
15683,15683,"9942,6220,3428,8562,544,2218,5545,6659,8413,8188"
15688,15688,"9942,8562,5495,6220,5676,3428,3950,12665,544,5303"
15703,15703,"9942,8413,3950,4798,8562,544,9101,10326,5495,13346"
15708,15708,"3950,2218,544,9101,4798,6971,10326,9942,5495,12665"
15714,15714,"4798,10326,8562,544,217,3950,717,12857,8483,10916"
15719,15719,"4798,10326,4277,8562,544,12857,10916,13346,6433,350"
15727,15727,"8413,8562,12665,10326,544,4798,9101,1230,9942,5495"
15728,15728,"1290,7120,4929,544,9101,4798,10326,9942,5495,12665"
15735,15735,"10326,4798,8562,275,4277,5303,8483,12665,544,8590"
15736,15736,"5495,8562,3950,9942,1328,4798,12665,544,10326,5676"
15739,15739,"1290,7120,2989,1244,9101,9295,8978,6288,12869,3464"
15742,15742,"9942,4798,3950,6220,10326,8562,544,8413,12665,12857"
15764,15764,"350,50,8562,4798,544,9101,13346,10326,1978,4277"
15773,15773,"10326,4798,5495,13346,8562,10916,12857,544,3950,9101"
15774,15774,"1290,11298,7669,7120,9730,12869,9101,6591,2989,9295"
15786,15786,"11298,1290,9101,544,7120,9730,12869,11024,12995,4576"
15789,15789,"4277,10326,12857,217,4798,717,544,6433,350,9101"
15796,15796,"9942,9693,2343,10326,6220,12665,544,3428,3950,2218"
15800,15800,"5495,8562,12470,2218,12099,10326,4798,544,12668,9101"
15802,15802,"1290,9101,7120,11298,1244,544,9730,9295,9693,2343"
15812,15812,"10326,4798,544,5303,8562,4277,350,5495,217,8421"
15815,15815,"544,5303,10326,4798,9101,9942,5495,12665,8562,3870"
15828,15828,"8562,10326,6220,12665,13346,9942,544,13249,6659,3950"
15831,15831,"11298,1244,7679,4664,9101,544,1779,5495,10326,4798"
15840,15840,"10326,4277,717,350,544,275,10594,9340,217,4798"
15845,15845,"4798,8562,13346,10326,3950,9942,12857,6326,8413,544"
15847,15847,"2218,5495,8413,5461,6220,544,9101,4798,10326,9942"
15856,15856,"4798,10326,8562,12857,6971,10916,13346,5303,6326,4277"
15861,15861,"12869,11298,1290,9101,544,1244,7120,4798,10326,9730"
15862,15862,"1290,7120,9101,11298,1244,544,9730,12869,7679,2989"
15871,15871,"5495,8413,12470,8562,2218,544,9101,8188,7707,4798"
15872,15872,"8562,3950,13346,10326,4798,8413,5495,8421,544,9101"
15883,15883,"1290,7120,11298,9101,2989,1244,544,9295,9730,6971"
15886,15886,"544,2343,8562,6220,9101,5495,4798,1863,10326,9942"
15888,15888,"9942,12665,544,6220,10326,5303,3950,3428,6971,2343"
15898,15898,"4798,10326,4277,6220,8562,13346,8421,3950,6971,9942"
15919,15919,"4798,50,10326,6795,12665,5495,6326,8562,64,9942"
15922,15922,"1290,7120,11298,1244,9101,4929,544,9295,4798,12869"
15931,15931,"544,1290,7120,9693,9101,4798,10326,5495,9942,1244"
15941,15941,"8562,9942,6220,8188,3950,5495,544,3428,12665,2218"
15943,15943,"4798,12857,10594,10326,544,13346,9101,8562,10916,5495"
15956,15956,"10326,4798,8562,6220,3950,12665,6971,5303,275,5495"
15958,15958,"1290,7120,544,6220,4798,6971,10326,5303,275,89"
15960,15960,"2343,8413,4798,5303,10326,9693,6220,544,13346,6795"
15973,15973,"11298,9101,3222,4890,544,4798,10326,1244,4545,9942"
15977,15977,"1290,7120,11298,1244,9101,4929,12869,9730,2989,9295"
15994,15994,"8562,89,13110,3950,7359,544,10326,9101,9942,5495"
15995,15995,"1290,7120,1244,11298,9101,9730,4929,544,6971,4798"
15996,15996,"6220,13346,3950,9942,10326,8562,4798,5545,544,9101"
15999,15999,"6220,3950,4798,8562,544,9101,9942,10326,2140,5495"
16060,16060,"1290,4798,7120,10326,544,6971,12665,5303,8562,6220"
16069,16069,"4798,3950,13346,217,10326,8483,2218,717,8562,13249"
16076,16076,"9101,11298,2989,1290,544,7120,1244,9730,12869,4576"
16085,16085,"10326,544,4798,9101,5495,8562,9942,12665,6383,11298"
16089,16089,"8562,4798,544,9101,10326,6971,9942,5495,12665,1290"
16097,16097,"10326,4798,544,8562,4277,5303,13346,217,3950,10916"
16112,16112,"544,9942,3950,6326,217,10326,4798,6220,9101,12665"
16116,16116,"4798,10916,10326,12857,8562,544,9101,9942,5495,12665"
16137,16137,"275,4798,8483,10326,4277,5303,350,544,217,13346"
16150,16150,"717,3950,217,8562,10326,1328,544,9101,4798,9942"
16174,16174,"3428,3950,9942,8413,544,13110,8562,9101,12665,4798"
16176,16176,"3950,8413,8562,544,9101,4798,9942,1889,10326,5495"
16210,16210,"1290,7120,4929,1244,544,11298,9101,6971,4798,9962"
16212,16212,"4798,10326,8562,3950,12665,13346,5303,217,6220,544"
16230,16230,"10326,4798,8562,3950,5303,544,9942,6220,4277,2218"
16245,16245,"10326,544,4277,4798,217,8562,1328,6433,350,717"
16293,16293,"8562,3950,4798,13346,6220,10326,13249,5303,9942,12857"
16299,16299,"1290,7120,11298,9101,9295,9730,2989,1244,544,7679"
16300,16300,"544,9101,4798,9942,10326,1863,8562,5495,10429,12665"
16303,16303,"8562,12857,10326,10916,3950,4798,544,4277,9101,9942"
16305,16305,"1290,11298,7120,9101,12869,89,6971,2989,12665,4576"
16314,16314,"4798,8562,10326,4277,544,5303,12857,13346,6433,6326"
16328,16328,"4798,8562,10326,12857,13346,544,9101,9942,5495,12665"
16340,16340,"1290,9101,7120,11298,544,1244,10326,2989,12869,9942"
16351,16351,"9942,10326,544,1328,8483,3428,4277,5495,10869,6659"
16363,16363,"4798,5495,10326,2343,11969,544,9693,6220,9942,8562"
16376,16376,"4798,5303,6971,10326,544,9101,2140,8562,6433,9942"
16387,16387,"4798,10326,12857,6433,10916,6326,13346,4277,9942,544"
16395,16395,"4798,8562,10326,6220,544,3428,9942,3950,5303,13346"
16414,16414,"8562,4798,6971,6220,10326,12665,544,810,9101,9942"
16416,16416,"8413,544,9101,4798,5495,10326,9942,8562,12665,11298"
16418,16418,"10326,5303,6971,6220,12665,89,2218,544,5495,9942"
16471,16471,"2989,1290,11298,7120,9101,1244,544,12655,12869,9730"
16489,16489,"8562,4798,10326,8413,12857,3950,9942,5495,6220,12665"
16497,16497,"2343,9693,12665,6795,544,9101,10326,9942,4798,5495"
16509,16509,"5303,2218,544,6971,2140,8562,9942,10326,4798,4277"
16510,16510,"9942,3950,13346,6220,5303,8413,2218,4798,8562,12665"
16521,16521,"11298,1290,1244,7120,9730,2989,9101,11024,4664,7679"
16524,16524,"544,9101,4798,10326,9942,5495,12665,8562,11298,2989"
16582,16582,"5303,13408,544,5495,9101,4798,9942,10326,12665,11298"
16592,16592,"1290,8562,2343,9693,6220,544,7120,10326,4798,6971"
16604,16604,"11298,1290,7120,9101,2989,544,7679,9730,12655,12869"
16605,16605,"9101,1290,11298,7120,544,9942,1244,12665,8978,6220"
16617,16617,"11298,9101,1290,2989,7679,7120,11024,1244,12869,9730"
16622,16622,"11298,2989,9101,1244,1290,12869,7679,7120,4576,11024"
16624,16624,"6220,8562,4798,3950,3428,9942,544,9101,10326,2140"
16628,16628,"3950,544,4798,8562,11484,9101,10326,13346,9942,5495"
16633,16633,"1290,7120,1244,11298,544,9101,4929,6971,2989,4798"
16646,16646,"8562,544,5495,10326,9101,4798,9942,12665,9693,7707"
16651,16651,"10326,5495,13346,4798,8562,12857,9942,13249,50,13408"
16654,16654,"10326,4798,13346,8483,8562,6971,5495,6220,10916,6326"
16673,16673,"8562,9942,3950,5303,4798,2218,6220,8413,13346,12857"
16675,16675,"10326,4798,8562,9942,6220,13346,3950,4277,5495,6326"
16677,16677,"6971,9693,2343,4798,12665,2218,8562,5303,3950,544"
16679,16679,"8413,275,4798,8562,13375,5303,1889,544,6971,9101"
16686,16686,"1290,11298,7120,9730,1244,9101,544,1779,2989,4798"
16695,16695,"4798,10326,3950,5303,4277,8562,12857,10594,13346,544"
16704,16704,"3428,8562,9942,13346,3950,5676,8413,5495,544,9101"
16709,16709,"9942,12665,13346,6220,5495,3950,8562,1220,4798,544"
16773,16773,"4798,10326,4277,5303,12857,6433,8483,13346,8562,3950"
16774,16774,"10326,8562,12857,3950,4798,1889,2218,13346,13249,544"
16797,16797,"9942,3950,6220,3428,8562,12665,13110,13346,544,4798"
16803,16803,"2140,8562,544,4798,9101,10326,9942,5495,12665,11298"
16804,16804,"4798,10326,13346,4277,12857,10916,5303,3950,6433,544"
16806,16806,"8562,544,4798,6220,10326,12665,5495,5303,8188,9942"
16810,16810,"3950,9942,13346,3428,8413,6220,8562,544,9101,4798"
16836,16836,"6433,4277,350,544,10326,9101,4798,8562,9942,5495"
16844,16844,"5495,544,9101,4798,13306,10326,9942,13346,12665,8562"
16861,16861,"1244,1290,11298,7120,12869,9101,544,3464,4798,10326"
16875,16875,"4798,10326,5303,13346,6971,8562,2218,3950,8483,2140"
16936,16936,"4798,10326,13346,3950,8562,12857,5303,4277,6971,12665"
16946,16946,"4798,10326,217,13346,12857,8562,3950,5303,717,1328"
16965,16965,"4798,10326,6220,3950,5303,8562,13346,275,9942,12665"
16987,16987,"4798,10326,5303,6971,8562,544,12857,2140,275,6220"
16988,16988,"6971,12665,544,4798,2343,9101,9942,10326,8562,9693"
16989,16989,"8562,10326,4798,3950,6220,12665,9942,5303,13346,2218"
17007,17007,"10326,6971,4798,275,9942,8562,5303,544,9101,5495"
17016,17016,"10326,4798,3950,6220,5461,9942,8562,544,5495,13346"
17030,17030,"4798,10326,544,9101,13408,9942,8562,5495,12665,9693"
17034,17034,"4798,10326,13346,8562,3950,4277,10916,8483,12857,5303"
17054,17054,"13346,5303,12857,4798,10326,8562,10594,2140,544,9101"
17056,17056,"12857,4798,1328,10326,13346,544,9101,8562,6326,9942"
17084,17084,"10326,12665,5495,4798,2218,5303,544,3950,8562,9942"
17098,17098,"544,5495,5303,10326,12665,9101,12470,4277,275,2343"
17102,17102,"4798,10326,5303,6971,3950,544,275,12665,2218,6220"
17109,17109,"3950,544,9101,4798,10326,9942,5495,12665,8562,11572"
17112,17112,"544,4798,10326,1290,7120,6971,275,6220,2218,9942"
17119,17119,"4798,10326,6971,2343,9942,5303,544,9101,12665,6795"
17124,17124,"6220,5303,9942,10326,8562,2218,12665,5495,544,13346"
17141,17141,"4798,544,10326,6971,9693,5303,2343,5495,13346,6220"
17160,17160,"8483,4277,544,7679,12665,9101,217,7669,12869,13408"
17179,17179,"8562,4798,3950,8483,8413,13346,2218,9942,6220,12665"
17189,17189,"4277,217,717,544,10326,6433,3950,4798,8421,350"
17191,17191,"8562,5495,10326,544,4798,9101,9942,8413,12665,11298"
17194,17194,"8562,5495,10326,12857,544,4798,3950,12665,13346,9942"
17195,17195,"5495,5199,544,9942,9693,5532,9101,4798,10326,2343"
17200,17200,"1290,7120,11298,9101,2989,1244,544,12869,4576,7679"
17212,17212,"6220,3428,3950,10326,6659,8413,4798,8562,544,13306"
17218,17218,"2343,9693,10326,5495,544,6220,12665,9532,5199,4798"
17232,17232,"8562,217,8413,3950,12857,50,6326,717,8483,4798"
17242,17242,"4798,10326,8562,544,4277,12857,13346,717,217,275"
17255,17255,"8562,9942,3950,8413,6220,4798,3428,544,12665,9101"
17262,17262,"11298,1290,1244,7120,9101,12869,2989,7679,9730,544"
17275,17275,"8562,6220,12665,3950,4798,9942,5495,544,13110,5545"
17276,17276,"4277,6220,8562,3950,5303,13346,4798,9942,10326,12857"
17278,17278,"544,9101,4798,10326,9942,9693,5495,11298,12665,1244"
17283,17283,"10326,4798,8562,544,9942,1290,5303,6971,12665,6220"
17284,17284,"11000,10326,5495,13346,8483,544,4798,9101,9942,8562"
17295,17295,"544,10326,6220,4277,9942,217,3428,6433,4798,3950"
17298,17298,"544,1290,2989,11298,9101,7120,1244,12869,7679,9730"
17319,17319,"9942,6220,8562,3428,3950,10326,544,4798,13306,12665"
17320,17320,"544,9101,11298,7679,2989,1244,1290,3148,8978,7120"
17325,17325,"9693,12665,8483,13346,544,10326,4798,6795,5303,6220"
17330,17330,"1290,544,9101,7120,4798,10326,9942,11298,1244,5495"
17334,17334,"1290,2989,9101,1244,12869,9730,7120,3704,7679,7342"
17346,17346,"6220,9693,2343,9942,12665,8562,4798,13346,8483,544"
17352,17352,"10326,6971,3950,5303,2218,4798,1290,9942,544,12665"
17353,17353,"1290,7120,544,6220,1244,4929,9101,9962,4798,9942"
17396,17396,"10326,4798,8562,5303,12857,8205,2218,3950,6433,544"
17408,17408,"544,10326,4798,4277,5303,3950,8562,12857,6220,13346"
17414,17414,"8562,6220,3950,5303,9942,10326,12665,6302,5545,5676"
17422,17422,"544,9101,4798,10326,7679,217,9942,5495,11298,12665"
17424,17424,"10326,4798,4277,8562,3950,6383,6971,8483,13346,2140"
17427,17427,"1290,7120,544,9101,4798,10326,9942,5495,9962,12665"
17432,17432,"8562,4798,217,10326,3950,13346,6326,5495,717,544"
17434,17434,"10326,5303,4798,6971,12857,8562,6220,2343,544,5495"
17439,17439,"9942,8562,6220,12665,4798,3950,3428,5495,10326,544"
17442,17442,"544,8562,6220,9942,5495,4798,2343,10326,12665,9693"
17449,17449,"4798,8562,10326,13346,9942,3950,12665,6326,6220,544"
17472,17472,"9693,5461,5495,544,12665,10326,3950,5199,9101,2343"
17509,17509,"11298,544,9101,1290,1244,7120,2989,9295,12869,4576"
17522,17522,"9942,544,4798,9101,10326,89,5495,12665,8562,3055"
17527,17527,"5303,10326,4798,2140,12857,544,9101,9942,12665,5495"
17535,17535,"1290,7120,7679,11298,1244,2989,9101,9730,9295,7342"
17540,17540,"8562,4798,10326,3950,4277,5303,5495,9942,544,2140"
17541,17541,"1290,11298,9101,2989,1244,9730,544,4929,7679,8978"
17551,17551,"10326,4798,5303,8562,6220,11000,4277,5495,8421,12665"
17564,17564,"10326,4798,12857,8421,8562,544,9101,9942,5495,12665"
17565,17565,"350,10326,544,4798,9101,9942,5495,12665,8562,11298"
17581,17581,"10326,12857,8562,8483,4277,13346,4798,10916,3950,2218"
17596,17596,"6220,6971,275,89,4277,10326,3950,8562,13346,4798"
17601,17601,"8562,3950,9942,8413,4798,13346,544,9101,10326,12665"
17611,17611,"13346,9942,8562,275,10326,6220,8413,12665,4798,10916"
17612,17612,"10326,217,9942,6659,8562,4798,3428,3950,1355,544"
17620,17620,"8413,5495,12665,3950,8188,6220,2343,8562,544,5199"
17627,17627,"9693,2343,5495,6795,544,9942,13408,5532,4798,9101"
17634,17634,"8562,544,9101,9942,4798,10326,5495,6220,12665,1863"
17649,17649,"10326,8562,544,4798,6220,4277,3950,13346,3428,5303"
17654,17654,"8562,3950,12665,13346,2343,4798,544,2218,9101,9942"
17659,17659,"4798,10326,8562,544,9101,5495,9942,12665,11298,2989"
17666,17666,"1290,544,7120,3950,6220,12665,4798,9101,11298,6971"
17674,17674,"4798,11000,5495,544,10326,9101,8483,9942,12665,8562"
17684,17684,"544,10326,4798,12665,350,6383,1328,8421,8562,9942"
17708,17708,"10326,8562,5303,4798,2218,6433,544,12857,13346,9942"
17709,17709,"6220,10326,8483,3950,8562,13346,5495,3428,4798,9942"
17741,17741,"4798,6971,10326,12665,5303,8562,544,13346,2218,9101"
17752,17752,"544,9101,4798,10326,9942,5495,12665,8562,11298,2989"
17765,17765,"2343,12665,6220,89,4798,9942,544,3950,10326,8562"
17770,17770,"544,9101,4798,10326,9942,5495,12665,8562,11298,1290"
17814,17814,"6220,544,2218,5676,5495,8562,10326,4798,1220,3950"
17818,17818,"1244,544,9942,7120,350,1290,9101,10326,4798,5495"
17822,17822,"1290,7120,544,9101,4798,10326,9942,1244,5495,11298"
17826,17826,"4798,8562,10326,544,4277,275,12857,10916,10594,6433"
17827,17827,"11298,1290,1244,7120,2989,9101,544,7679,9730,4576"
17840,17840,"10326,5495,8188,6220,4798,2218,8562,544,9942,9101"
17843,17843,"2218,8413,5495,544,9942,12470,4798,5676,9101,6220"
17864,17864,"4798,5495,3950,544,5461,10326,9101,8562,8483,6433"
17871,17871,"544,8188,9101,4798,10326,9942,8562,5495,12665,11298"
17881,17881,"544,12665,3950,4277,10326,2218,4798,2343,9693,5303"
17928,17928,"10326,8562,4798,544,12665,6220,3950,5303,8413,9942"
17931,17931,"544,9101,4798,10326,9942,5495,8562,12665,2989,11298"
17933,17933,"8413,3950,2343,8562,544,6220,5303,9942,2218,9101"
17953,17953,"544,5495,10326,4798,5303,12665,1290,6220,2218,8413"
17970,17970,"9942,3950,13346,6220,12665,544,5545,9101,4798,8562"
17977,17977,"4798,10326,8562,5303,3950,12665,544,9942,5495,8483"
17982,17982,"1290,9101,7120,11298,1244,544,12869,9962,4798,9942"
17995,17995,"1290,6971,7120,544,4798,9101,10326,9942,12665,5495"
18002,18002,"10326,4798,5303,12857,717,6971,4277,10594,10916,3950"
18006,18006,"6659,544,9101,4798,10326,9942,5495,12665,8562,11298"
18023,18023,"10326,5303,275,6971,6220,13346,4277,544,8562,2140"
18024,18024,"4798,10326,544,9101,9942,5495,12665,8562,11298,2989"
18047,18047,"6220,9942,2343,6795,9693,12665,5545,3950,3428,544"
18050,18050,"9942,4798,544,275,2218,5303,6971,6220,12665,10326"
18078,18078,"10326,4798,8562,13346,6971,5303,4277,544,8421,10916"
18086,18086,"1290,7120,4798,6971,544,9101,1244,11298,10326,4929"
18093,18093,"1290,7120,11298,1244,9101,12869,544,4929,9730,3464"
18115,18115,"10326,4798,3950,4277,12857,717,8421,10594,10568,544"
18122,18122,"1290,7120,544,9101,2218,4798,10326,9942,5495,12665"
18124,18124,"10326,4798,5303,6971,544,2343,1220,9693,1747,1290"
18127,18127,"1290,7120,1244,11298,9101,4929,12869,9295,544,9730"
18133,18133,"8562,10326,3950,13346,6220,4798,3428,12857,4277,9942"
18148,18148,"2218,3950,8562,544,9942,5199,9101,5495,10326,4798"
18155,18155,"9693,13346,2343,544,9942,275,9101,4798,8562,10326"
18158,18158,"11298,2989,8978,9101,7679,12655,11024,4576,12995,11918"
18166,18166,"10326,10568,4798,544,3950,4277,9942,5303,2140,9178"
18167,18167,"10326,5461,4277,544,2218,9942,6433,9404,3950,9072"
18169,18169,"544,9101,5495,4798,10326,2140,13346,9942,12470,8562"
18175,18175,"9693,12665,6971,10326,4798,544,9942,5495,6220,9101"
18178,18178,"8562,3950,4798,10326,13346,8413,12665,6220,5495,9942"
18214,18214,"1290,7120,11298,1244,9730,9101,2989,12869,4929,7679"
18217,18217,"8562,12665,10326,5495,3950,4798,544,13346,5303,275"
18226,18226,"1290,7120,11298,9101,12869,2989,4576,10137,1779,544"
18229,18229,"6971,4798,5303,2140,8413,544,9101,5495,10326,9942"
18236,18236,"544,9101,4798,10326,9942,5495,12665,8562,11298,2989"
18240,18240,"9942,3950,6220,6659,12665,3428,5495,8562,89,5545"
18262,18262,"9942,544,6220,8562,3950,3428,10326,12665,5303,13346"
18266,18266,"1290,11298,2989,544,9101,1244,8978,12869,4576,9730"
18272,18272,"4798,8562,13346,5303,3950,12665,6220,10326,8413,6971"
18292,18292,"8562,4798,10326,6220,3950,5303,13346,9942,8413,4277"
18299,18299,"544,10326,9942,6220,8562,3428,275,4277,12665,3950"
18321,18321,"544,9101,4798,10326,9942,5495,12665,8562,7707,11298"
18338,18338,"8562,6220,3950,10326,544,13346,9942,5303,2343,4798"
18339,18339,"10326,4798,4277,5303,8483,10916,544,12857,350,10594"
18341,18341,"8562,4798,13346,10326,544,9101,5303,9942,5495,12665"
18355,18355,"1290,7120,11298,9295,9730,1244,9101,2989,4929,544"
18364,18364,"544,1290,7120,1244,11298,9101,6971,2989,5495,4576"
18368,18368,"4798,10326,8562,12665,12857,13346,3950,6326,6971,6220"
18393,18393,"4798,10326,2343,9693,5303,6971,13346,8562,12665,4277"
18409,18409,"3950,4277,8562,217,544,4798,5676,12665,9942,717"
18434,18434,"10326,4798,12857,5303,544,6433,3950,10916,10594,217"
18440,18440,"9942,13346,4798,8562,6220,3950,8413,5495,12470,10326"
18446,18446,"10326,9693,4798,12665,2343,6220,4277,3950,8562,5303"
18467,18467,"9942,4798,8562,275,13346,1220,10326,2140,2343,544"
18475,18475,"1290,6220,9942,2218,9295,7120,8188,544,12665,2989"
18487,18487,"10326,4798,8562,6220,13346,3950,5495,4277,544,1290"
18489,18489,"544,10326,4798,9693,4277,1290,2343,350,9101,12665"
18499,18499,"12857,8205,4798,544,10326,4277,9101,8562,9942,5495"
18505,18505,"4798,10326,8562,13346,3950,6220,12665,12857,5676,9942"
18525,18525,"10326,4798,8562,4277,8421,12857,544,5303,1290,10594"
18530,18530,"10326,4798,8421,6971,10594,13346,544,9101,12665,5495"
18539,18539,"1290,544,7120,9101,4798,10326,9942,5495,2989,12665"
18546,18546,"9693,10326,2343,544,12665,64,6795,4798,6220,89"
18579,18579,"10326,9942,8562,13346,3950,4798,4277,544,6220,3428"
18585,18585,"2343,9693,64,5532,5199,12665,544,6795,5495,9942"
18595,18595,"544,8562,10326,5303,4277,50,6220,9942,3950,6433"
18648,18648,"4798,3950,6433,13346,717,11000,8483,10326,217,4277"
18679,18679,"8562,3950,8413,12665,13346,6220,9942,5495,2218,544"
18683,18683,"8562,6220,544,2343,5495,8188,10326,9693,9942,9101"
18687,18687,"1290,7120,11298,9101,1244,9730,7679,2989,4929,9295"
18718,18718,"8562,12665,544,4798,6220,10326,9942,6971,3950,5303"
18741,18741,"3950,4798,5495,8562,8413,544,9101,13346,9942,10326"
18760,18760,"1290,11298,7120,2989,9101,6971,544,12665,11024,9730"
18771,18771,"8562,6220,3950,12665,13346,4277,4798,10326,3428,5495"
18787,18787,"10326,4798,4277,275,8562,5303,544,6971,10916,8421"
18788,18788,"4798,13346,8413,12857,2218,8562,3950,10326,8483,9942"
18789,18789,"8562,2343,13346,10326,544,12857,9693,5495,9942,9101"
18798,18798,"9942,3950,6220,8562,13346,1323,12665,3428,4798,5495"
18800,18800,"10326,9942,544,12665,9101,4798,8562,5495,11298,2989"
18805,18805,"3950,8562,8413,9942,544,5495,4798,9101,10326,12665"
18806,18806,"11298,7120,9101,1244,12869,9730,2989,544,9962,4929"
18812,18812,"6971,6220,12665,4798,8413,5303,9942,544,8562,10326"
18818,18818,"6659,1328,544,10326,4798,9101,5495,9942,8562,12665"
18830,18830,"5303,4798,8562,13346,3950,10326,6971,9942,10916,5495"
18835,18835,"1290,7120,1244,9101,2989,12665,4798,9942,6971,544"
18839,18839,"5495,1355,12470,544,9101,10326,4798,9942,8562,12665"
18851,18851,"4798,9942,8413,544,9101,8562,10326,6220,5495,12665"
18854,18854,"4798,10326,8562,6971,5303,13346,8205,10916,12857,12665"
18864,18864,"10326,4798,3950,4277,13346,8562,217,544,717,5303"
18865,18865,"544,5495,9101,4798,8562,9942,10326,12665,9693,11298"
18874,18874,"544,1290,11298,9101,7120,12869,1244,2989,10326,9730"
18875,18875,"4798,10326,12857,3950,8562,5495,544,9101,13346,2218"
18879,18879,"9101,7669,7679,544,11298,11554,8978,3464,2989,12869"
18882,18882,"544,9101,11298,9730,2989,1290,12869,6220,12665,9942"
18895,18895,"3950,12665,6220,9942,13346,2218,13306,4798,5495,544"
18903,18903,"10326,4798,5303,13346,4277,12665,275,8562,6220,2343"
18913,18913,"10326,4798,2343,13346,9693,8562,544,4277,10916,64"
18934,18934,"1290,7120,1244,544,11298,9101,12869,6971,4929,12665"
18935,18935,"1290,6971,7120,9693,9942,10326,8590,544,5532,9101"
18981,18981,"12665,9942,6220,8562,6971,544,4798,10916,5303,3950"
18985,18985,"13346,4798,10326,6971,8562,9693,1290,544,6220,275"
18987,18987,"9101,9295,544,11298,4798,10326,1244,9942,5495,12665"
18990,18990,"10326,8562,4277,13346,6220,544,4798,5303,9942,12665"
18996,18996,"4798,3950,10326,2218,8562,6326,544,9942,8413,9101"
19010,19010,"10326,4798,4277,544,8562,10916,5303,13346,6433,217"
19016,19016,"9101,1290,7120,12869,2989,9730,11298,9438,3464,9295"
19018,19018,"13346,8483,4798,544,9101,1328,10326,8562,9942,5495"
19029,19029,"4798,10326,5303,8562,275,8483,8413,2140,13346,8421"
19060,19060,"6220,7679,9101,5545,12665,9693,544,2989,9942,4798"
19069,19069,"1290,7120,544,11298,1244,5303,2989,9101,12869,4929"
19084,19084,"4798,10326,8562,4277,5303,13346,12857,12665,6433,10916"
19086,19086,"1290,7120,2989,9101,1244,6220,12665,11969,12869,9693"
19105,19105,"1290,7120,9295,4929,9101,544,11298,3464,4798,10326"
19110,19110,"1290,11298,1244,7120,9101,2989,12869,544,9295,9730"
19135,19135,"10326,544,9101,4798,9942,5495,8562,12665,11298,2989"
19144,19144,"8562,8413,5303,544,10326,6220,4798,4277,3950,9942"
19154,19154,"13249,5495,5461,4798,544,9101,10326,9942,8562,12665"
19168,19168,"8562,10326,4798,3950,4277,12857,6220,12665,544,5303"
19173,19173,"1290,7120,2218,5495,4929,544,4798,9101,10326,12665"
19187,19187,"1290,7120,9101,4798,544,9942,10326,5495,6220,12665"
19216,19216,"3950,6659,544,8562,9101,4798,10326,5495,9942,12665"
19227,19227,"9942,5676,9693,5495,3428,2343,544,9101,4798,12665"
19231,19231,"4798,10326,3950,8483,5303,13346,9942,12665,10916,6220"
19234,19234,"11298,2989,1244,1290,9101,7679,7120,544,9730,11024"
19255,19255,"10326,4798,6220,3950,5303,9942,6971,2218,12665,8562"
19258,19258,"5495,3950,8413,12470,9942,4798,544,9101,10326,6220"
19266,19266,"1290,7120,6971,5303,4798,10326,544,9942,4929,9295"
19296,19296,"13346,4798,8562,6795,6971,10326,9942,12665,544,64"
19297,19297,"6659,544,9101,4798,10326,8562,9942,5495,12665,11298"
19308,19308,"3950,544,9101,8562,4798,10326,13346,5495,12665,9942"
19323,19323,"10326,4798,544,9101,9942,5495,8562,1328,12665,11298"
19346,19346,"10326,4798,5303,544,6220,6971,4277,12665,2218,8562"
19347,19347,"7120,4798,12665,6220,4929,9942,3950,6971,9101,10326"
19360,19360,"1290,7120,9101,544,9942,4798,10326,9693,9295,5495"
19364,19364,"7669,3464,2989,11298,9101,7679,544,1244,4798,10326"
19378,19378,"4798,3950,13346,12857,8562,10326,12665,8483,9942,5642"
19379,19379,"4798,8562,5303,10326,13408,5495,9942,6971,1220,12665"
19380,19380,"10326,5303,4277,544,8562,4798,12857,11969,8483,217"
19381,19381,"10326,4798,8562,4277,12857,5303,10916,8421,544,6433"
19384,19384,"8562,10326,10568,6220,3950,8421,4798,544,12665,4277"
19385,19385,"4798,8562,13346,6220,3950,10326,2218,12665,6326,9942"
19388,19388,"1290,7120,11298,2989,9101,1244,12869,544,9730,9295"
19406,19406,"4798,10326,5303,544,8562,4277,275,13346,12857,6433"
19408,19408,"5495,5199,544,9693,2343,10326,9942,4798,9101,5532"
19415,19415,"544,11298,1290,7120,1244,2989,3148,8978,4576,9730"
19417,19417,"13346,12665,4798,64,3950,6220,6971,10326,9942,8562"
19434,19434,"9693,2343,2989,64,544,11298,9730,9101,7679,2537"
19441,19441,"10326,4798,4277,8562,12857,5303,3950,13346,10916,9942"
19461,19461,"1290,7120,544,1244,9101,4929,11298,2989,4576,9730"
19474,19474,"3950,9942,6220,12665,13346,8562,2218,89,5495,8413"
19477,19477,"1290,7120,544,4798,9101,10326,350,9942,5495,8562"
19484,19484,"2989,11298,9101,1244,8978,544,7679,12869,12655,10389"
19502,19502,"5495,12099,544,12665,8562,9942,5676,7707,9101,4798"
19503,19503,"6220,544,10326,6971,5303,4277,3428,4798,9942,9101"
19512,19512,"3428,13346,50,3950,8562,10326,4798,8483,9942,12665"
19515,19515,"9942,9693,544,9101,4798,10326,12665,6220,5495,8562"
19518,19518,"1290,7120,2989,9730,9101,6220,4929,544,2218,11298"
19530,19530,"10326,8562,6220,4798,6971,5303,544,13346,2218,9942"
19559,19559,"9101,1290,7120,11298,12665,9730,12869,1244,544,6971"
19576,19576,"13346,4798,6971,544,10326,9101,8562,12665,5495,9942"
19586,19586,"9693,2343,9942,5495,64,544,9101,4798,10326,3127"
19594,19594,"1290,12665,544,10326,4798,9101,7120,89,9942,1244"
19605,19605,"544,9101,4798,12665,10326,5495,9942,8562,2989,11298"
19618,19618,"3950,10326,2218,9404,6971,4798,8562,12665,5303,9942"
19620,19620,"4798,8562,5303,10326,8413,6971,6220,544,9101,9942"
19623,19623,"3428,4277,8562,13249,350,3950,13346,10326,544,4798"
19628,19628,"10326,4798,3950,4277,217,5495,13346,8562,544,8421"
19631,19631,"7120,1244,11298,9101,544,12655,2989,4929,4576,7679"
19642,19642,"5495,12665,9693,2343,3950,10326,9942,544,6220,8562"
19644,19644,"4798,544,2218,9101,10326,2140,9942,12665,5495,8562"
19648,19648,"7679,11298,1290,5495,1355,7120,544,9101,4798,1244"
19665,19665,"8562,12665,4798,10594,10326,544,9101,9942,5495,6220"
19683,19683,"1290,11298,544,9101,1244,7679,2989,9730,3464,12869"
19684,19684,"4277,8562,10594,544,10326,4798,9101,217,717,5495"
19693,19693,"10326,4798,4277,544,217,11000,9340,13249,9101,8562"
19696,19696,"4798,10326,3950,5303,6971,8413,12857,13346,6433,9942"
19707,19707,"4798,10326,5303,12857,6971,3950,4277,8562,717,217"
19715,19715,"9693,2343,9942,64,6220,4798,5495,13346,544,8562"
19716,19716,"1290,7120,1244,9101,11298,4929,544,4798,10326,9942"
19729,19729,"1290,7120,4798,8562,6220,10326,6971,5303,9942,544"
19734,19734,"10326,13346,8562,5303,4798,5495,12857,3950,2218,10594"
19758,19758,"13346,3950,544,8562,9101,4798,10326,9942,5495,12665"
19764,19764,"8562,4798,10326,5303,2343,13346,6220,6971,2218,12665"
19773,19773,"1290,11298,544,9101,1244,2989,9730,4929,12869,12665"
19778,19778,"5495,3950,6220,9942,12470,2218,4798,8562,10326,5461"
19780,19780,"8562,6220,9942,3428,2218,12665,5495,5184,6659,544"
19784,19784,"10326,544,8562,4798,6220,6433,4277,350,50,9942"
19786,19786,"4798,8562,4277,3950,13346,6220,544,13249,10916,6433"
19793,19793,"10326,4798,6220,2218,5495,3950,5303,4277,8562,544"
19798,19798,"10326,5495,13346,4798,544,12665,6220,4277,3950,3428"
19808,19808,"4798,8562,3950,10326,13346,8413,6220,6971,9942,12665"
19812,19812,"1290,7120,1244,2989,12869,9101,7679,4929,544,3464"
19821,19821,"8562,10326,4798,3950,12857,13346,6433,5303,544,5495"
19830,19830,"12869,9730,11298,1244,9101,1290,7120,2989,544,9962"
19843,19843,"1290,7120,12869,2989,9101,7669,11298,544,9295,3464"
19867,19867,"6220,9693,9101,2343,9942,10326,12665,4798,2218,2989"
19889,19889,"8562,3950,6220,4798,13346,9942,12665,10326,544,10916"
19893,19893,"8562,6220,10326,4798,544,8188,9942,11969,2218,9101"
19898,19898,"1290,7120,11298,9101,9295,12869,2989,4929,1244,544"
19902,19902,"8562,544,10326,9101,4798,350,9942,5495,12665,11298"
19905,19905,"4798,8562,10326,5303,4277,13346,10916,3950,8590,275"
19910,19910,"3950,8562,10326,4277,4798,13346,8421,217,544,717"
19929,19929,"10326,8562,4798,544,6220,8483,12665,4277,13346,5303"
19932,19932,"11298,1290,1244,7120,7679,2989,9101,9730,12869,4576"
19952,19952,"8562,10326,4798,9942,13346,6220,3950,5495,6433,8483"
19956,19956,"4798,13110,8483,544,10326,8421,9101,8562,9942,5495"
19987,19987,"4798,8562,10326,13346,3950,8421,4277,6326,10916,12665"
20008,20008,"4798,544,8562,12665,1290,4277,9101,5303,6971,6220"
20018,20018,"4798,8562,3950,8413,9942,12665,13346,10326,6220,544"
20019,20019,"1290,544,7120,9942,5303,9101,10326,8413,4277,4798"
20020,20020,"1290,7120,4929,544,9101,10663,4798,10326,11298,9942"
20023,20023,"13346,4798,5495,10326,8562,3950,8413,9942,6326,13249"
20031,20031,"8562,6220,544,2218,4798,9942,5495,9101,9693,12665"
20039,20039,"8562,6220,12665,9942,8413,13346,3950,544,3428,4798"
20040,20040,"9942,6220,4798,5495,5303,12665,544,8562,9101,8483"
20041,20041,"12470,8188,544,8562,8413,5676,2989,6220,13346,9942"
20045,20045,"3950,13346,4798,8562,10326,12665,10916,12857,6326,8421"
20056,20056,"1290,4798,12665,6220,7120,6971,9101,11298,544,89"
20069,20069,"10326,4798,13346,2218,544,5303,6220,4277,3950,2343"
20074,20074,"6220,9942,6659,8562,3428,10326,7359,5184,12665,13110"
20083,20083,"8562,3950,9942,10326,4798,13346,544,6220,3428,13249"
20085,20085,"11298,1290,7120,7679,2989,9101,9730,11024,12869,11918"
20086,20086,"8413,5303,6220,4798,6971,5495,9942,8562,3950,544"
20089,20089,"8562,3950,6220,13346,4798,2218,12665,5642,10326,8681"
20101,20101,"4798,6220,5303,9942,12665,13346,89,3950,544,10326"
20104,20104,"544,9101,4798,10326,5495,9942,12665,8562,11298,2989"
20112,20112,"8562,12665,544,4798,9942,6220,3950,10326,5303,5495"
20115,20115,"8562,3950,4798,6220,10326,13346,9942,2903,12665,544"
20133,20133,"1290,7120,12869,11298,9101,9730,1244,544,4798,7258"
20136,20136,"10326,2343,9693,4798,217,4277,544,8562,1220,13346"
20138,20138,"11298,1244,1290,7120,9101,9962,544,9295,4798,9730"
20162,20162,"4798,10326,3950,8562,5303,6971,8421,13346,12857,5495"
20176,20176,"4798,544,10326,275,6971,2218,8562,9942,6220,12665"
20200,20200,"10326,4798,275,13346,8562,5303,9942,544,12665,4277"
20222,20222,"4798,544,9101,10326,9942,5495,8562,12665,11298,2989"
20251,20251,"10326,1290,4798,7120,5303,6971,544,8562,275,9101"
20256,20256,"12470,10326,5303,12099,544,10594,12668,5199,2218,13408"
20264,20264,"10326,8562,4277,4798,5303,6433,810,12665,10916,6220"
20280,20280,"10326,4798,4277,13249,8562,217,10916,6433,10594,544"
20286,20286,"2989,6220,1290,544,1244,9101,11298,9942,8188,4798"
20323,20323,"1290,7120,11298,4929,9101,9295,9962,2989,544,12869"
20324,20324,"7120,1290,544,9101,4929,4576,5495,1244,4798,9942"
20336,20336,"9101,9693,11298,544,1290,9730,1244,12665,6220,7120"
20339,20339,"9942,8562,3950,4798,6220,8413,13346,6326,10326,3428"
20344,20344,"5495,1290,7120,5303,6971,544,2989,10326,9101,4798"
20356,20356,"10326,8562,9942,12665,6220,3950,4798,13346,544,3428"
20360,20360,"1290,7120,6971,544,2343,9693,9101,4798,10326,9942"
20362,20362,"9693,2343,5495,10326,5199,4798,544,5532,9101,2537"
20376,20376,"13346,10326,3950,10077,13249,4277,8562,544,10568,12665"
20381,20381,"4798,10326,12665,2218,5676,5303,6971,6220,8562,9693"
20394,20394,"7120,11298,1244,544,2989,9101,10326,6971,4929,4798"
20397,20397,"8562,1355,544,12665,5495,6220,9101,9942,1779,4798"
20407,20407,"6659,3428,3950,6220,8413,5495,8483,9942,10326,13346"
20413,20413,"1290,11298,7120,2989,9730,1244,9101,12869,544,9295"
20433,20433,"1290,7120,1244,11298,9101,544,9962,4929,9730,4798"
20448,20448,"544,5303,810,9101,7792,4798,2140,10326,9942,5495"
20492,20492,"4798,10326,8562,9942,89,9693,544,9101,12665,5495"
20505,20505,"1290,7120,11298,1244,9101,2989,544,9730,12869,7679"
20512,20512,"10326,4798,13346,8562,12857,3950,10916,8483,6326,5303"
20514,20514,"544,9101,4798,10326,9942,5495,12665,8562,2989,11298"
20533,20533,"217,4277,10326,350,8483,4798,544,6433,5109,5303"
20543,20543,"1290,7120,5303,2989,10326,4798,8421,9942,12404,717"
20546,20546,"4798,10326,12857,717,10594,544,9101,8562,4277,9942"
20557,20557,"4798,8562,10326,9942,3950,544,5303,13346,3428,2218"
20558,20558,"4798,10326,12857,10594,9602,544,3950,9101,9942,8562"
20561,20561,"12665,4798,13346,6220,3950,9942,3428,10326,8562,8483"
20566,20566,"11298,1290,9101,1244,7120,544,9693,9942,2989,4576"
20573,20573,"11298,9101,544,1244,2989,4798,10326,9942,5495,12665"
20623,20623,"1290,7120,4929,4798,544,9101,6971,10326,9942,5495"
20627,20627,"544,10326,1290,9730,4798,7120,6220,4277,12665,5303"
20643,20643,"4798,10326,6971,5303,275,544,13346,2140,8562,9101"
20645,20645,"11298,1290,9101,1244,7120,544,12869,2989,9730,9942"
20652,20652,"717,10326,4277,5495,13346,8562,4798,12470,544,5303"
20654,20654,"10326,4798,8562,4277,3950,13346,717,217,6433,5303"
20667,20667,"6971,89,2989,544,1290,9101,4798,10326,9942,5495"
20670,20670,"3950,544,9101,4798,13408,10326,9942,5495,12665,8562"
20671,20671,"10326,8562,4798,5303,3950,2218,6971,544,12665,8413"
20676,20676,"9942,8562,5303,3950,13346,10326,6220,2140,544,4798"
20694,20694,"544,1290,7120,10326,12665,5303,4277,2989,9101,11298"
20709,20709,"5495,10326,4798,12470,5303,8562,544,8413,3950,2218"
20716,20716,"4798,5303,8562,6971,10326,544,5495,9101,12665,9942"
20739,20739,"5303,217,64,13346,10326,544,9693,5495,9101,9942"
20763,20763,"544,9693,2343,10326,5303,6971,12665,9101,5199,6220"
20779,20779,"1290,11298,1244,7120,544,2989,9101,9942,4576,12869"
20781,20781,"9942,4798,3950,12665,8562,6971,2218,8413,6220,10326"
20790,20790,"1290,7120,9295,6971,9101,544,11298,4798,10326,9942"
20792,20792,"4798,10326,12857,5303,10916,717,8421,8562,217,4277"
20797,20797,"4798,10326,8562,5303,13346,9942,5495,544,8483,8413"
20811,20811,"6220,9942,4798,3950,5303,3428,6971,8562,13346,544"
20821,20821,"1290,7120,1244,11298,9101,9730,12869,4929,544,11024"
20830,20830,"10326,4798,4277,8562,10594,6383,544,9101,9942,8421"
20861,20861,"9693,2343,6220,6971,544,5495,9942,5676,6795,13346"
20878,20878,"9942,1290,11298,2989,7120,9101,6220,12665,1244,544"
20891,20891,"8562,544,9101,12665,4798,9942,10326,5495,11298,2989"
20895,20895,"8562,6220,3950,5495,4798,9942,13346,8413,2218,12665"
20901,20901,"10326,4798,8562,13346,6220,2343,5303,544,6971,4277"
20908,20908,"10326,4798,8562,4277,544,275,2343,3950,5303,6220"
20928,20928,"1290,7120,4929,544,9101,4798,10326,9942,5495,11298"
20945,20945,"6659,6220,9942,12665,5303,8562,3428,544,5495,9072"
20971,20971,"4798,10326,8562,4277,13346,6433,12857,13249,10916,6326"
20979,20979,"4798,10326,5303,8562,6971,9942,3950,4277,12665,544"
20982,20982,"5303,10326,4798,6433,544,8421,4277,9101,12857,10594"
20991,20991,"10326,8562,13346,12665,5303,6220,9942,6326,2140,544"
20998,20998,"9942,3950,5495,6220,13346,3428,8562,12665,64,10326"
21006,21006,"3950,9404,4798,5495,10326,9693,2343,6220,8562,5199"
21018,21018,"6971,10326,5303,8562,4798,544,2140,9101,275,9942"
21028,21028,"9942,8188,6220,544,8562,6659,5495,4798,9693,9101"
21041,21041,"8562,10326,3950,9942,5495,4798,6433,13346,544,10916"
21042,21042,"544,2343,9693,5495,5199,10326,6795,5532,2903,9101"
21064,21064,"1290,7120,11298,9101,544,4929,9962,2989,10326,12869"
21075,21075,"544,12665,6971,2343,5303,9693,5199,3950,9942,10326"
21078,21078,"10326,8562,9942,3950,13346,2218,4798,3870,3428,12665"
21081,21081,"5495,12470,5303,2218,6220,4798,8562,6971,9942,12665"
21084,21084,"8562,3950,10326,6220,6971,12857,4798,13346,275,9942"
21089,21089,"10326,4277,4798,10594,8562,217,5303,350,10916,544"
21112,21112,"1290,7120,1244,9101,2989,544,4929,9730,12665,9295"
21126,21126,"13346,8562,8413,3950,4798,544,9101,9942,10326,5495"
21129,21129,"1290,7120,6971,9101,12869,4929,9730,2989,544,11298"
21130,21130,"2343,9693,10326,13346,9942,3950,6220,544,12665,4798"
21137,21137,"3950,8562,6220,544,6971,5303,4798,10326,5495,12665"
21149,21149,"5495,8562,4798,2343,13346,9942,10326,12470,3950,8483"
21152,21152,"10326,4798,8562,12665,5303,2218,275,6220,13346,544"
21177,21177,"8562,4798,3950,10916,13346,350,10326,544,4277,9101"
21191,21191,"7120,4929,6971,544,9101,4798,10663,10326,9942,5495"
21200,21200,"10326,8562,3950,9942,12665,5676,1328,6220,3428,2218"
21204,21204,"4798,10326,4277,8562,717,5303,3950,217,10916,544"
21221,21221,"5495,6220,12470,8562,2218,6971,5303,1290,544,3950"
21228,21228,"544,1290,11298,7120,2989,9101,12665,10326,4798,6971"
21249,21249,"5495,10326,544,5303,275,13315,4798,2218,2140,8483"
21256,21256,"3950,4798,6220,9942,544,8562,9101,10326,5495,12665"
21261,21261,"8562,4798,13346,3950,8483,8413,10326,6326,5676,9942"
21279,21279,"10326,544,12665,4798,6220,9942,2343,9693,2989,6383"
21282,21282,"1290,7120,11298,1244,9101,544,9730,2343,2989,9295"
21305,21305,"10326,4277,4798,717,8562,6433,544,10916,10594,8421"
21307,21307,"217,10594,544,9101,4798,10326,9942,13110,5495,12665"
21315,21315,"5642,810,1574,544,9101,4798,10326,9942,12665,10100"
21342,21342,"544,7120,2989,9101,11298,1244,6971,12869,12665,9942"
21347,21347,"10326,4798,13346,3950,6220,12665,8562,5303,544,9942"
21357,21357,"544,9101,8562,6220,1244,10326,4798,9942,5495,12665"
21358,21358,"10326,5495,544,9693,6971,2903,4798,5199,5532,9942"
21368,21368,"1290,9101,544,11298,7120,4798,9942,10326,1244,5495"
21372,21372,"1290,11298,7120,9101,9730,2989,1244,544,9295,4576"
21373,21373,"9942,3950,3428,4277,5495,12665,2218,544,8562,13306"
21383,21383,"7120,9101,544,1244,11298,9693,2989,4929,89,7679"
21393,21393,"9942,8562,6220,3950,8413,13346,5303,6659,5676,3428"
21415,21415,"1290,7120,6971,9295,11298,4929,544,9101,1244,4798"
21421,21421,"1290,9942,8562,9101,6220,4798,4929,9730,12665,10326"
21433,21433,"4798,10326,275,6971,5303,544,12665,8562,3950,5676"
21449,21449,"544,10326,4798,4277,3950,2343,13346,217,12665,5303"
21483,21483,"10326,9942,8562,6220,4798,13346,3950,4277,5303,3428"
21488,21488,"8562,10326,4798,3950,13346,12857,5303,10916,544,9101"
21518,21518,"2989,1244,9101,3428,544,9942,8978,7679,6659,12869"
21528,21528,"12470,8562,6220,13346,2218,5303,9942,12665,3428,3950"
21536,21536,"1290,7120,11298,1244,2989,9101,544,9730,4929,7679"
21585,21585,"4798,8562,9942,6220,5495,5303,12665,8413,10326,544"
21598,21598,"11298,2989,9101,1290,9730,7120,9295,544,3464,275"
21602,21602,"8562,12665,3950,5303,13346,9942,6220,544,4798,9101"
21604,21604,"4798,5495,544,9101,8562,10326,5303,9942,13408,12665"
21626,21626,"12665,544,11298,9101,4798,5495,10326,9942,8562,9693"
21636,21636,"12665,9942,3950,2343,13315,544,13346,2989,9693,64"
21649,21649,"7120,4929,544,9101,10663,4798,10326,9942,5495,12665"
21650,21650,"544,9101,4798,10326,9942,5495,12665,8562,11298,2989"
21655,21655,"1290,7120,9101,11298,1244,544,2989,12869,9730,7679"
21662,21662,"11298,9101,1244,12869,544,1290,7120,9295,7679,4576"
21681,21681,"1290,7120,11298,1244,9101,9730,2989,12869,544,4929"
21686,21686,"350,544,2140,10326,4798,2411,9101,9942,5495,217"
21699,21699,"8562,3950,13346,4798,12665,5303,6220,9942,8413,8483"
21702,21702,"1290,11298,7120,1244,9101,9730,544,2989,12869,9942"
21709,21709,"4798,10326,13346,8562,3950,12857,6971,5303,12665,544"
21718,21718,"4798,10326,8562,3950,5303,12857,4277,13346,717,6433"
21719,21719,"10326,4798,4277,5303,544,8421,717,8562,10594,12857"
21724,21724,"8562,3428,3950,6220,4798,10326,9942,13346,13306,13249"
21741,21741,"9101,11298,1290,2989,1244,7679,544,7120,12869,9730"
21746,21746,"11298,1290,9101,7120,1244,12869,544,7679,2989,3464"
21751,21751,"9942,8413,544,3950,9101,5495,4798,8562,10326,12665"
21754,21754,"10326,4798,4277,8562,13346,12857,6433,717,217,13249"
21768,21768,"4798,3950,12665,10326,13346,6971,6220,9942,5303,275"
21775,21775,"544,9942,5495,6220,9101,4798,10326,8562,5199,12665"
21781,21781,"11298,9730,2989,9101,1290,1244,12869,11024,12995,7120"
21789,21789,"7120,11298,1244,9101,544,2989,9730,4929,6971,6220"
21795,21795,"3950,4798,5495,544,2218,10326,8562,9101,9942,12665"
21812,21812,"8562,3950,8413,12665,13346,544,9942,4798,9101,10326"
21814,21814,"10326,4798,8562,13346,5303,12857,6971,6433,6326,12665"
21820,21820,"10326,3950,13346,8562,4798,12665,12857,5303,9942,5495"
21827,21827,"10326,4798,9942,5303,6220,12665,8562,4277,717,2218"
21838,21838,"8562,10326,6220,4798,8188,1355,13346,544,9942,9101"
21855,21855,"2343,9693,5495,64,6795,13346,544,9942,5532,4798"
21881,21881,"4798,13346,275,12857,10326,9942,64,3950,8413,8562"
21884,21884,"8562,4798,10326,6220,12665,9942,13346,6971,5303,3428"
21889,21889,"1290,7120,544,10326,4798,1244,9101,6971,4929,6220"
21896,21896,"10326,4798,8562,544,5303,6220,12665,4277,13346,6433"
21902,21902,"4798,10326,10916,4277,3950,12857,13346,8421,6433,10594"
21916,21916,"10326,4798,544,4277,6971,5303,8562,10916,13346,12857"
21927,21927,"1290,11298,7120,9101,544,9962,4798,10326,9942,1244"
21938,21938,"10326,12857,4798,4277,717,8421,13249,6433,217,544"
21948,21948,"4277,6433,13346,810,4798,9245,10326,8562,544,9101"
21952,21952,"1290,7120,4929,9295,9101,544,4798,10326,11298,9942"
21954,21954,"2343,6795,9693,5495,5199,4798,544,5532,10326,8562"
21955,21955,"9942,3950,6659,8562,5303,10326,6220,544,11484,4798"
21978,21978,"8188,6220,544,4798,12665,9101,9942,10326,5495,11298"
21983,21983,"1290,11298,9101,7120,544,2343,9693,6220,10326,9730"
22004,22004,"10326,1290,4798,7120,2343,5303,5495,6971,9693,544"
22007,22007,"1290,7120,11298,9730,3464,12869,2989,7679,4929,9101"
22014,22014,"6220,9942,3950,3428,8413,5495,8562,12665,5545,12470"
22020,22020,"10326,4798,12665,6220,8562,13346,5303,544,8413,8483"
22052,22052,"4798,10326,8421,10594,5303,8483,544,12857,9101,717"
22056,22056,"8562,5495,12665,9942,3950,1323,2218,10326,6302,13346"
22064,22064,"8562,10326,4798,544,9101,9693,5495,9942,3950,12665"
22072,22072,"10326,4798,8562,8483,13249,13346,4277,10916,544,2218"
22074,22074,"8562,4798,10326,4277,12665,13346,8421,10916,544,13249"
22102,22102,"9942,3428,3950,6220,13346,544,4798,1889,13306,12665"
22110,22110,"4798,10326,8562,13346,3428,3950,6220,9942,5495,217"
22111,22111,"544,10326,4798,5303,8483,4277,717,217,6220,9942"
22119,22119,"6220,12665,5495,8562,6971,10326,544,9942,1290,8413"
22125,22125,"8413,3950,4798,8562,544,9101,10326,5495,9942,12665"
22150,22150,"10326,4798,544,5303,6971,5495,5199,12665,9101,9942"
22151,22151,"1290,7120,1244,9295,544,6971,10326,11298,4929,4277"
22154,22154,"1290,7120,1244,11298,4929,9101,544,4798,10326,2989"
22213,22213,"9942,6220,6659,12470,3950,2218,5495,3428,8562,5545"
22256,22256,"544,2343,1290,11298,13346,9101,6795,7120,6220,2989"
22258,22258,"4798,5303,8562,5495,13346,4277,10326,275,544,9101"
22265,22265,"8562,5495,12665,10326,6220,4798,13346,3950,2218,9942"
22279,22279,"2343,6220,9942,13346,9693,89,3950,8562,5461,5495"
22280,22280,"10326,8562,4798,9942,544,5495,6220,6659,12470,9101"
22283,22283,"2343,9693,544,9101,4798,10326,9942,5495,12665,8562"
22286,22286,"6220,3950,8562,3428,8681,8413,9942,12665,13346,5676"
22288,22288,"13346,10326,2343,8562,5303,544,12665,5199,9693,9942"
22321,22321,"1290,11298,7120,2989,1244,9730,9101,12869,7679,4576"
22336,22336,"4798,10326,8562,12665,5303,3950,6220,13346,12857,10916"
22344,22344,"4798,3950,10326,5303,6971,544,9101,5495,8483,9942"
22353,22353,"544,12665,10326,9101,6659,4798,9942,5495,8562,9453"
22356,22356,"4929,1244,9101,9295,11298,544,4798,10326,6971,9942"
22387,22387,"10326,4798,5303,544,13346,6433,6971,8562,10916,275"
22427,22427,"6971,544,9942,9101,4798,8562,10326,12665,5495,11298"
22428,22428,"1290,9693,9101,2343,7120,11298,544,9730,12869,9295"
22449,22449,"11298,9101,7679,2989,12655,1244,11024,1290,4576,12869"
22452,22452,"544,9942,9101,5495,6220,8188,4798,11298,10326,2989"
22460,22460,"7679,9101,7669,12869,11298,544,1371,4798,10326,4163"
22467,22467,"1290,7120,10326,4798,544,1244,6971,4929,11298,9101"
22480,22480,"1290,544,7120,1244,9101,11298,9693,4798,9962,2989"
22481,22481,"4798,10326,8562,275,5303,9942,6971,13346,12665,2140"
22484,22484,"5303,9942,3950,4798,10326,5495,8483,8562,544,10916"
22489,22489,"9693,2343,9942,544,9101,2537,5532,5495,64,4798"
22502,22502,"9101,1244,11298,7679,1290,3464,4576,7120,544,9730"
22510,22510,"1290,11298,2989,7120,12869,9101,544,1244,9730,4545"
22511,22511,"1290,7120,544,9101,9942,4798,1244,10326,5495,8562"
22514,22514,"4798,10326,9693,5303,8562,6971,8483,2343,544,1290"
22520,22520,"1290,7120,544,9101,4798,10326,9942,4929,5495,12665"
22546,22546,"4798,6971,5495,10326,544,9101,9942,8562,12665,12857"
22551,22551,"8562,3950,8413,9942,6220,12665,2218,4798,544,9101"
22582,22582,"11298,7120,1290,3464,2989,1244,9730,9101,12869,11024"
22595,22595,"9942,6220,12665,9693,3950,2343,2218,10326,8562,4798"
22597,22597,"4798,10326,8562,13346,13249,544,9942,9101,12665,5495"
22605,22605,"3428,3950,4277,12470,217,8562,9942,544,5495,9768"
22618,22618,"4798,544,1290,7120,9101,9942,9693,12869,2343,10326"
22641,22641,"544,10326,717,4277,4798,10077,8421,8562,350,9101"
22645,22645,"10326,4277,350,8562,4798,9178,544,217,9340,9101"
22660,22660,"4798,10326,8562,3950,6220,13346,8483,5303,13249,12857"
22666,22666,"3950,4798,8562,9942,10326,6220,2411,13346,544,8483"
22674,22674,"7120,9101,1244,4929,2989,9730,11298,544,4576,9693"
22678,22678,"1290,7120,544,11298,1244,9101,2989,12665,9942,2343"
22697,22697,"11298,1290,7120,9730,1244,9101,544,4798,10326,9942"
22698,22698,"3950,5495,2218,6220,13315,13346,10326,5303,9942,8562"
22705,22705,"1290,544,4798,10326,6220,6971,7120,5303,8562,9942"
22710,22710,"5676,9693,2343,544,5495,4277,8562,4798,10326,9101"
22714,22714,"3950,2218,8562,13306,544,5495,9101,4798,8413,9942"
22715,22715,"4798,3950,6220,5303,10326,8562,5199,810,9942,544"
22720,22720,"10326,5495,544,8562,4277,4798,6220,717,12665,5303"
22734,22734,"4798,10326,544,8562,5303,2218,6971,5495,6220,9942"
22735,22735,"4798,10326,5303,6971,2218,8562,8483,3950,2140,12665"
22736,22736,"4798,10326,8562,5303,6971,13346,2218,6220,12665,9942"
22747,22747,"544,8562,10326,9693,2343,2989,9101,4798,6220,5495"
22748,22748,"4798,10326,6971,544,1290,2140,9101,8562,9942,5495"
22759,22759,"9693,2343,13346,12665,10326,3950,544,4798,6220,13306"
22761,22761,"4798,10326,544,2218,3950,5495,5199,8562,12665,5303"
22774,22774,"10326,4798,9942,5303,8562,6971,5495,6220,12665,544"
22783,22783,"8562,6659,6220,10326,9942,3950,2989,544,9101,4798"
22830,22830,"544,5495,9693,12470,5676,6220,10326,5303,6795,4798"
22831,22831,"7120,11298,1244,4929,9101,9730,544,2989,10663,4798"
22846,22846,"544,10326,8562,4798,2343,6220,275,6971,5303,9693"
22850,22850,"1290,7120,9101,1244,11298,544,4798,9942,10326,5495"
22883,22883,"8562,5495,2218,9942,12665,4798,10326,544,6220,9101"
22887,22887,"10326,4798,9693,544,13346,12665,3950,6220,4277,5303"
22893,22893,"8562,9942,12665,5303,4798,6220,2218,12857,3950,3428"
22905,22905,"6220,4798,8562,2343,9693,13346,8681,3950,544,13315"
22923,22923,"4798,6220,10326,2218,8562,5303,3950,9942,12857,13346"
22956,22956,"10326,4798,217,717,3950,12857,8562,13346,12665,10916"
22964,22964,"6220,544,8562,4798,9101,9942,10326,5495,12665,9693"
22972,22972,"11298,9101,1290,1244,7120,12869,7679,9730,2989,544"
22985,22985,"4798,6971,544,9101,10326,5495,9942,12665,8562,1290"
23011,23011,"10326,4798,544,4277,350,717,8562,217,9693,8421"
23027,23027,"11298,2989,9101,544,7679,1244,9730,11024,1290,7120"
23036,23036,"9942,10326,4798,6220,8562,3950,6971,13346,12665,3428"
23038,23038,"13346,8562,5495,9942,6220,3428,3950,4798,5303,10326"
23046,23046,"10326,4798,1290,9101,11298,12665,5303,1244,2989,7120"
23051,23051,"8413,5303,12857,2218,4798,6220,5495,4277,9942,544"
23057,23057,"544,9101,4798,10326,9942,5495,12665,8562,11298,2989"
23062,23062,"11298,7679,1244,12869,9101,8978,1290,2989,544,7120"
23069,23069,"8562,4798,5495,10326,13346,3950,5303,12665,6220,6971"
23078,23078,"6220,8562,12665,5495,2343,5303,9942,544,89,9693"
23113,23113,"8562,4798,6220,2218,5495,10326,13346,8413,9942,3950"
23121,23121,"1290,9101,544,7120,11298,4798,10326,1244,9942,5495"
23123,23123,"4798,8562,10326,3950,5303,4277,544,2218,13346,9942"
23136,23136,"13346,4798,5495,10326,8562,8413,6971,9942,6326,544"
23138,23138,"4798,3950,10326,8562,13346,6220,9942,4277,10916,12665"
23140,23140,"10326,12665,4798,544,8562,5303,9942,6220,6971,1290"
23170,23170,"4798,10326,3950,4277,13346,12857,5303,717,10916,544"
23173,23173,"1290,7120,11298,9101,544,1244,2989,10326,12665,5303"
23179,23179,"544,10326,6220,2343,5303,6971,810,4798,9693,2218"
23196,23196,"4798,8562,10326,13346,3950,6220,5495,12665,4277,5303"
23199,23199,"2218,3950,9942,544,5495,4798,9101,6641,10326,12665"
23216,23216,"4798,10326,6971,8562,5303,544,9101,9942,5495,717"
23226,23226,"13346,5495,8562,3950,544,4798,12470,10326,9101,9942"
23233,23233,"10326,4798,5303,8562,2218,544,8590,6659,5495,9101"
23253,23253,"9693,2343,6971,6220,12665,3950,9942,4798,10326,13346"
23281,23281,"1290,7120,9730,11298,544,9101,9295,1244,4798,2989"
