ID,user_id,item_id
12,12,"4798,5303,10326,4277,8562,2140,12857,8483,10916,8421"
14,14,"6220,13296,9942,7637,6971,1290,9668,1863,8562,589"
17,17,"1328,1221,7480,10326,4072,1261,8093,8673,7862,4798"
21,21,"10326,4798,6220,4277,544,2140,8421,6971,8562,6326"
44,44,"1290,11298,1244,7120,9101,11024,9962,4664,9295,10607"
55,55,"10326,8562,4798,2218,10916,13296,10594,6326,4277,13346"
56,56,"6971,89,2343,5495,12665,8922,4798,7983,5199,9693"
58,58,"10326,4798,6971,8562,13346,4277,5303,544,6433,3950"
59,59,"4798,3950,10326,6220,13346,12857,4277,9942,8421,5545"
79,79,"10326,4798,13346,6220,4277,8562,6971,2343,544,5303"
81,81,"1290,7120,9101,11298,2989,12869,1244,544,4929,9295"
85,85,"4798,10326,8562,5303,2140,12857,6971,8590,8053,6220"
92,92,"1290,11298,12869,7120,11024,1779,4576,9295,10389,4664"
97,97,"3950,12665,13346,9942,4798,4602,5495,3055,931,2218"
100,100,"4798,13346,10326,8562,8421,10916,2140,3950,8161,6433"
112,112,"3950,6971,4798,6220,2140,12857,5610,1889,8562,9733"
122,122,"10326,8562,3950,4277,4798,6220,217,717,10568,8483"
133,133,"2343,9693,9532,8483,6659,544,8590,9942,1323,6795"
141,141,"1290,6220,1863,13296,8562,8703,5149,2058,7637,4698"
144,144,"9295,6954,13330,12449,7188,816,1166,5238,12143,6919"
149,149,"1290,7120,11298,4929,4576,7679,10674,1244,10663,2916"
153,153,"3950,4798,10326,6220,8562,2218,12857,5303,13346,6326"
166,166,"6971,1290,5001,9532,9375,8235,3464,11484,7024,4497"
220,220,"4798,8562,6220,13346,8413,9942,6326,2218,12665,5545"
231,231,"3950,9693,2343,9532,5199,9404,3507,5532,12665,13346"
262,262,"1290,10326,6971,4798,7120,12857,5303,4929,8205,13346"
274,274,"6220,6971,2218,544,4798,2140,10326,1290,12665,89"
277,277,"2343,544,4277,4576,12470,12665,13346,89,6971,10326"
281,281,"1290,7120,6971,4929,9295,11298,10663,3697,5135,1244"
291,291,"217,3428,717,8421,4798,7802,8792,1735,5303,9489"
300,300,"10326,8562,6220,4798,6971,5303,4277,275,9942,2140"
310,310,"4798,5303,10326,8562,2218,544,2140,31,11000,11384"
332,332,"5495,12470,13306,609,5155,3565,1642,8188,3357,10236"
344,344,"10326,4798,4277,8562,6433,12857,217,10594,8421,13249"
359,359,"1290,544,6220,7120,89,13296,9101,2989,1244,11298"
380,380,"5495,5199,2903,10835,5532,4117,2343,11357,5999,2443"
386,386,"6220,9942,8562,3950,12665,4798,3428,4277,6971,13346"
426,426,"3950,13346,6220,3055,2218,8562,12665,5524,8235,89"
436,436,"4798,10326,4277,8562,12857,6971,13346,2140,544,8421"
453,453,"6220,6971,89,4798,544,2218,8562,13346,9532,10326"
461,461,"7120,544,10326,6971,2989,9101,4929,1244,9962,10663"
464,464,"4798,2140,10326,7138,2291,9306,6588,9771,13214,10868"
473,473,"5495,12665,8224,6378,896,11019,527,1440,3050,10779"
481,481,"10326,6220,4798,217,6383,717,8421,350,10077,4694"
490,490,"4277,275,350,8483,4798,9340,10326,10568,7138,9234"
494,494,"4798,8562,6220,10326,6971,5303,3950,12665,13346,9942"
497,497,"1290,2989,7120,12869,7679,9730,7669,11298,12655,11554"
510,510,"2343,544,3950,6220,9942,13346,64,6795,5532,3428"
511,511,"10326,4798,6220,8562,8421,12857,2140,4277,717,5303"
512,512,"1290,9693,2343,544,1244,7120,5532,4576,9101,6834"
524,524,"1290,7120,12869,9962,789,1244,11298,9295,5135,4664"
525,525,"10326,4798,544,5303,4277,3950,6971,2218,2140,8562"
545,545,"10326,8421,4798,10594,7833,12856,12857,13123,8161,11843"
560,560,"10326,8562,3950,6220,4798,13346,6433,544,3428,8421"
564,564,"9693,2343,6795,275,2537,6834,3055,10326,10835,8562"
566,566,"13346,2343,3416,4798,9942,11540,5303,13306,275,12665"
568,568,"217,6220,4277,10326,3428,4798,2343,5495,8421,544"
570,570,"8562,6220,7707,8681,10429,2218,13296,544,7706,12606"
573,573,"4277,4798,10326,13346,3950,8562,10916,6433,217,2140"
594,594,"8562,6220,3950,13346,5303,10326,4798,4277,12665,2140"
601,601,"10326,4798,2218,5303,6220,8562,2140,12665,6971,3950"
605,605,"2905,3950,12611,5495,5999,11357,406,4798,3035,1408"
641,641,"6220,4798,3950,9942,13346,3428,10326,2343,5495,9693"
650,650,"9942,6220,3950,2218,217,3428,5303,5545,8562,4277"
675,675,"6220,9942,6971,12665,8562,3870,3950,4798,4413,12404"
677,677,"1290,7120,4929,10663,3697,9962,789,2916,12030,1244"
679,679,"10326,544,6971,6220,9942,5303,4798,8562,4277,2218"
683,683,"3950,13346,5610,9245,8746,8562,8572,4113,5700,4469"
687,687,"10326,4798,544,8562,13346,6220,12665,5303,10916,1290"
705,705,"275,5303,4798,12404,4277,544,10326,7063,1912,7138"
708,708,"1290,7120,544,1244,11298,9101,6971,11024,4576,4664"
712,712,"6220,5495,3950,9942,8562,13306,12665,13346,2218,13110"
715,715,"4798,2140,5303,6971,13346,7578,10326,11000,275,8562"
728,728,"1290,7120,9101,11298,1244,9962,4576,789,2989,12995"
743,743,"2343,12665,2218,9693,544,10326,2903,5532,5199,89"
753,753,"6220,7707,544,8562,9942,8208,8333,5184,5495,5007"
757,757,"4798,10326,5303,6971,13346,9942,8421,6220,3950,5199"
768,768,"5495,3950,8413,2218,13346,12470,10326,8562,5303,5199"
797,797,"2343,5532,6795,10835,2537,9532,6834,5866,4388,64"
813,813,"12665,1290,4205,7637,8703,6971,10332,13228,6220,2847"
832,832,"1290,7120,11298,4929,6971,10663,9101,9295,1244,12869"
833,833,"10326,4798,6220,9942,8562,5303,13346,3950,275,2140"
844,844,"12665,2343,13346,6220,6971,9942,64,10326,5545,8235"
858,858,"10326,4277,544,3950,50,6220,8562,4798,8590,1290"
874,874,"11298,12869,4576,11024,6220,9730,1290,2874,7864,3704"
875,875,"10326,12470,8562,5303,4277,4798,544,5199,8421,13296"
892,892,"4798,6220,8562,5303,2140,7707,4698,9937,10326,8981"
897,897,"3950,3428,13346,4602,5524,931,12665,6220,2789,64"
912,912,"1290,7120,4798,8590,6971,4929,9295,10326,5303,9101"
924,924,"13346,6220,8562,5545,9942,5485,4798,12606,7707,12665"
926,926,"6220,1290,13296,544,5545,12665,7707,9942,8562,10326"
933,933,"5303,4277,2140,10326,6220,544,5495,9178,8562,8413"
944,944,"8562,6220,3950,9942,2343,89,5545,13346,13110,3870"
951,951,"5495,4798,6971,5303,2218,6220,8562,12470,8590,10326"
974,974,"8562,6220,544,9942,4798,3950,13296,3428,5545,13346"
1010,1010,"9306,5946,383,13214,12871,165,2149,11692,4798,544"
1013,1013,"89,6971,7024,12665,7983,13191,8922,12662,3055,7289"
1016,1016,"1290,4798,2218,8562,6220,9942,7120,6971,5303,8590"
1023,1023,"1290,6220,7120,89,6971,1244,13296,12665,11024,2218"
1035,1035,"544,12665,5303,6971,10326,1290,4277,6220,2140,89"
1046,1046,"544,1290,7120,10326,11298,9101,5303,1244,6971,4576"
1051,1051,"1290,7120,2989,8590,2218,9942,544,11615,8562,12723"
1057,1057,"5303,10326,8421,6971,7138,4798,12857,12779,1912,10594"
1064,1064,"1290,4798,7120,6971,10326,4929,8590,2140,9295,10663"
1080,1080,"7589,12104,10566,9998,7688,10434,11552,3573,4005,4798"
1089,1089,"10326,8562,4277,4798,544,6220,217,5303,717,13346"
1090,1090,"13346,8562,10326,4277,3950,6971,10916,8421,4798,11000"
1103,1103,"8562,10326,4798,10916,13346,6433,3950,1681,217,5303"
1123,1123,"1290,7120,6971,4929,10663,12030,2286,5573,2885,6243"
1134,1134,"10326,4798,5303,8562,4277,13346,8421,12857,2140,3950"
1136,1136,"3950,8562,4798,10326,2218,9942,13346,4277,12665,5545"
1139,1139,"6220,5495,13296,9942,1863,6971,544,7707,1290,5545"
1154,1154,"6220,3428,12665,544,10326,9942,4277,4798,7707,2343"
1169,1169,"1290,6220,1244,11298,4929,544,9101,4576,2989,6971"
1173,1173,"8562,8188,6220,7707,10429,4798,3950,8981,12606,1863"
1178,1178,"5875,8235,7024,13191,11403,7289,12669,7983,2281,2201"
1190,1190,"8562,3950,4798,6971,5303,13346,10326,6326,10835,5199"
1205,1205,"6220,8562,4798,3950,5303,8413,6971,10326,13346,9942"
1217,1217,"11298,1290,2989,11024,7120,4576,1244,9730,12869,7679"
1218,1218,"544,9693,2343,6220,9101,9942,89,5532,9532,6795"
1230,1230,"6220,10326,8562,4798,12665,2218,3950,544,5303,6971"
1250,1250,"10326,4798,8562,4277,6433,5303,2140,10594,12385,8161"
1252,1252,"3950,2343,5199,4798,5303,12665,5532,6971,10063,10835"
1276,1276,"2343,9693,5532,5199,2218,9942,5999,10835,4117,11357"
1279,1279,"1290,7120,9962,789,5135,6971,11298,1244,4929,13309"
1281,1281,"10326,217,4798,5303,8421,12857,8590,4277,275,8161"
1288,1288,"3950,8562,6220,4277,3428,5303,5495,13346,7707,2218"
1305,1305,"11298,9730,9962,1244,10607,789,5135,1290,4664,4036"
1320,1320,"8562,4798,3950,8413,10916,6326,10326,12857,13249,5303"
1321,1321,"3950,5495,10326,5199,13346,6971,10835,5303,9404,2140"
1328,1328,"9942,6220,6659,2218,13296,3870,8562,7707,13110,5303"
1343,1343,"4798,10326,8562,4277,12857,6971,8421,5303,2140,13346"
1345,1345,"1290,7120,544,2989,4277,11298,9101,4664,10326,4798"
1374,1374,"11298,7120,1244,12869,7679,4664,9101,4576,1851,4163"
1410,1410,"1290,7120,4929,10326,1863,10663,544,12426,9101,4798"
1414,1414,"12857,6433,10594,8161,10326,8483,2636,7910,10339,12204"
1420,1420,"8562,6220,9942,4798,2218,13296,13346,3950,8188,5545"
1440,1440,"8590,2343,8562,11660,9693,4266,536,10326,10429,544"
1441,1441,"2989,10429,3487,2327,1863,7619,6220,5976,544,9942"
1443,1443,"4576,11298,1290,1244,11024,9101,2989,544,4664,9693"
1458,1458,"1290,7120,11298,1244,10326,9101,544,9295,10607,4277"
1492,1492,"6220,13346,9942,3950,4798,5545,6971,3870,10326,4413"
1496,1496,"10326,6971,4798,5303,8562,1290,544,275,2218,8590"
1499,1499,"12665,3950,3055,5199,10326,4798,5303,13346,13315,8922"
1504,1504,"1290,9101,11298,7120,544,12869,11024,2989,1244,7679"
1516,1516,"6220,13346,8562,2343,9942,4277,3950,13249,2140,10326"
1523,1523,"9455,2767,4798,217,8363,11014,11042,638,12390,509"
1534,1534,"11758,8540,544,10326,9850,5140,4798,2334,5262,1290"
1539,1539,"1290,6220,7120,544,11298,11024,9942,4576,11969,12665"
1559,1559,"1290,7120,2989,4576,6971,1244,9101,11024,4664,10389"
1572,1572,"6220,12665,9942,3950,8562,2218,3428,544,10326,4798"
1573,1573,"10326,4277,12857,717,8421,5303,4798,10594,544,217"
1601,1601,"544,6220,1290,7707,9942,6971,9101,7120,1863,10429"
1603,1603,"4798,8562,3950,5610,1383,8746,13126,220,10326,8483"
1604,1604,"217,544,4277,350,1978,4798,13346,717,6383,8421"
1613,1613,"1290,11298,2989,4576,11024,7679,1244,4664,9101,7120"
1634,1634,"4798,10326,4277,6659,1328,6220,3950,9404,8562,6971"
1642,1642,"3950,8562,4798,13346,6220,2218,11572,13249,9942,8413"
1643,1643,"1290,7120,1244,2989,6971,6220,11298,4929,9101,544"
1654,1654,"8562,6220,4798,3950,9942,544,10326,6971,13296,9693"
1657,1657,"11298,2989,11024,12655,7679,544,4576,12995,7342,9101"
1674,1674,"1290,6971,89,2343,6220,4798,9693,5199,544,10326"
1702,1702,"6220,10326,8562,6326,13110,13346,3870,7707,5545,9942"
1719,1719,"6659,3950,6220,4256,9942,3428,12029,1328,1832,11172"
1725,1725,"8562,4798,3950,10326,6220,13346,12857,6326,4277,10916"
1726,1726,"1290,6971,4798,7120,4929,238,10326,8562,2291,30"
1728,1728,"544,1290,9693,2343,4576,11969,6971,8590,10326,2989"
1735,1735,"5875,89,12757,8235,7024,13191,12662,11931,4715,8922"
1739,1739,"1290,7120,4929,10663,3697,12133,8506,3290,11117,2885"
1774,1774,"10326,4798,3950,8562,4277,6220,3428,13346,5303,6971"
1780,1780,"4798,10326,544,4277,9101,11969,6220,1323,350,217"
1799,1799,"217,6270,2771,4892,2963,8459,2880,1854,13189,9024"
1813,1813,"4798,8562,10326,3950,9942,13346,2218,5303,6220,6326"
1834,1834,"8562,13346,3950,12857,4798,10916,6326,10326,4482,6971"
1835,1835,"12470,5495,6659,8562,8911,6082,701,11484,544,9375"
1841,1841,"1290,11298,1244,12869,9962,789,10607,5135,9295,9101"
1863,1863,"3950,6220,3428,8562,9942,5545,12665,4277,10326,2140"
1878,1878,"8562,13346,3950,9942,3428,6220,12857,8413,6326,5642"
1879,1879,"2343,4798,6971,5532,13346,6795,10326,8562,5199,5303"
1910,1910,"1290,7120,6971,10663,4798,6591,10326,12497,8590,9101"
1911,1911,"8562,4798,10326,5303,13249,8421,12606,350,9340,544"
1919,1919,"13346,2343,9693,6220,9942,5545,3870,6795,6971,9562"
1925,1925,"12869,7679,4163,2957,9730,1558,4216,1851,11298,9330"
1926,1926,"11298,11024,9962,8978,5934,9102,4642,1244,11020,789"
1931,1931,"7275,2940,10107,9850,11771,6952,4803,10326,5305,6859"
1940,1940,"4798,10326,5303,6971,8562,6220,2218,13346,4277,2140"
1968,1968,"4798,5303,10326,1328,8483,13249,4277,9340,217,350"
1981,1981,"4798,3950,6971,8413,13346,12857,10326,5303,6326,10916"
1992,1992,"1290,7120,11298,10663,1244,2916,12497,6243,3697,9101"
1998,1998,"11298,11024,1290,1779,9295,4664,9101,10607,4036,1244"
2000,2000,"1290,7120,4929,9962,789,5135,10663,11298,1244,9295"
2017,2017,"8562,3950,13346,4798,4277,6971,10326,12857,6220,5303"
2036,2036,"5875,8235,8570,3814,13112,3670,2943,4124,544,13357"
2044,2044,"9693,2343,544,11969,6220,11572,8562,5461,4436,10326"
2047,2047,"1290,11298,1244,9101,7120,1779,6591,12869,10607,9962"
2052,2052,"5303,10326,8161,1328,350,669,544,7461,8701,6971"
2055,2055,"5495,3545,5760,6060,11542,9375,5249,8911,6082,10441"
2069,2069,"6220,8562,2218,8413,9942,5545,3950,13296,2140,3428"
2075,2075,"2343,9693,6220,3950,4798,5303,10326,13346,4277,9942"
2089,2089,"4277,10326,8421,717,4798,10594,8562,10077,10916,1017"
2093,2093,"4798,12665,6220,5303,8562,3950,2218,9942,6326,275"
2127,2127,"10326,4798,2140,1295,7063,2291,8161,1240,8205,544"
2135,2135,"6220,9942,12665,3950,5545,3428,3870,2218,8562,13346"
2137,2137,"12665,6220,3950,89,13346,8235,8562,7024,7983,5875"
2141,2141,"6220,8413,2218,8562,7707,9942,5545,13296,544,7792"
2147,2147,"1290,544,7669,4576,7120,6220,8562,9101,4664,12869"
2150,2150,"10326,4277,8562,12857,350,717,4798,8421,6433,544"
2153,2153,"4798,10326,12857,5303,6220,8562,6326,6971,10916,13249"
2158,2158,"1290,11298,2989,544,9101,7120,1244,4576,12869,8978"
2178,2178,"8562,5495,13346,5199,13249,4798,2343,10835,8590,1978"
2180,2180,"6220,8562,13346,3950,6383,2343,1323,3428,12665,5676"
2181,2181,"2989,11298,1290,3464,1779,544,7120,1244,7679,4545"
2193,2193,"3950,6220,4413,8413,2789,9942,4602,2567,454,4947"
2216,2216,"10326,4277,8562,4798,8421,13346,10916,6433,10594,544"
2224,2224,"8562,5495,3950,12470,10326,5303,8413,2343,5199,6220"
2231,2231,"6971,2343,5532,5199,89,8590,2903,8922,10835,544"
2242,2242,"4277,6220,3950,5495,13306,8681,4895,217,3428,5545"
2243,2243,"5495,2343,9693,2903,3127,5532,544,5199,4117,5676"
2247,2247,"9730,4443,4266,13043,8579,6459,7240,5532,3799,13162"
2262,2262,"544,11298,1290,1244,11024,4576,9101,4664,10389,12995"
2271,2271,"8562,10326,4798,3950,5303,4277,2218,544,13296,13346"
2284,2284,"3950,13346,6971,8413,6220,4798,8562,3992,5495,2789"
2287,2287,"13306,8188,8562,10213,7003,10250,7442,5495,12646,11702"
2291,2291,"5303,2140,2218,10326,6971,4798,275,8590,6220,5199"
2293,2293,"4798,5303,1290,2218,6971,544,7120,9730,11298,9101"
2294,2294,"4798,10326,8562,12857,6433,10594,5303,6326,4277,8161"
2301,2301,"4798,6971,6220,5303,6659,2218,8421,13249,8590,10326"
2310,2310,"6220,9942,544,12665,10326,13296,6659,8562,3950,5545"
2341,2341,"4798,8562,6971,10326,13346,3950,6220,12857,5303,9404"
2345,2345,"11298,9101,7679,4576,11024,12655,11918,10137,8978,2989"
2348,2348,"1290,7120,11298,1244,9101,9730,544,4576,2989,4929"
2349,2349,"6971,4798,10326,13346,5303,5532,4277,10916,544,5199"
2350,2350,"10326,4798,1290,4277,6220,6971,544,5303,7120,8590"
2355,2355,"10326,4277,4798,12857,10916,8421,8562,3950,6433,350"
2383,2383,"10326,4798,8562,6326,4277,13346,12857,3950,9580,717"
2393,2393,"4798,2291,9306,10462,6971,10326,5946,13214,8402,2140"
2399,2399,"7120,4929,1244,10326,4798,10663,544,9101,6971,6220"
2421,2421,"2343,544,10326,6795,5532,2537,4798,12665,5199,10835"
2435,2435,"9532,12483,7897,9942,10299,515,2989,2343,3845,8235"
2448,2448,"5495,10835,5875,5199,8235,1230,7289,7024,8188,2220"
2452,2452,"1290,7120,4929,12497,6971,10663,9248,6568,11929,3086"
2464,2464,"8562,6220,9942,5545,3950,3870,4413,10326,13296,13110"
2470,2470,"12857,3950,5642,10594,8562,2063,217,2742,10326,9850"
2478,2478,"6971,5303,1290,2218,8590,5199,89,10835,5532,12665"
2506,2506,"6220,3950,3428,4798,10594,8562,10326,5495,7359,652"
2523,2523,"8235,5875,7289,6971,12662,7824,10326,4798,12253,12757"
2527,2527,"1290,7120,4929,10663,10322,5573,12030,12497,4387,6243"
2528,2528,"3950,12857,4798,8562,6326,6220,10326,10594,11638,4469"
2530,2530,"3950,13346,8562,2218,5199,10326,5303,10835,6220,13310"
2533,2533,"6220,9942,3950,13310,7792,7136,8413,8188,5482,8562"
2540,2540,"8562,8483,13346,3950,4277,10326,4798,217,6982,11622"
2558,2558,"3950,8562,13346,10326,12665,8235,2343,6971,8413,89"
2559,2559,"6220,8188,6659,12665,3950,5545,9942,13296,7707,10429"
2592,2592,"4798,10326,13346,6971,6220,275,544,8590,1290,4277"
2599,2599,"10326,4798,8562,5303,4277,6971,6220,2140,3950,544"
2608,2608,"6220,9942,8562,12665,5545,3428,3950,13296,4413,3870"
2613,2613,"11298,1290,2989,11024,9730,7120,12869,9295,4576,4664"
2616,2616,"8413,4181,7715,10673,6270,9203,1527,9275,10986,9454"
2617,2617,"1863,544,589,10761,8956,5962,10429,4798,5976,7637"
2619,2619,"3950,9942,6220,931,89,5199,2789,8413,454,8235"
2622,2622,"1290,7120,11298,1244,5135,789,9295,3697,544,4036"
2629,2629,"1290,1244,11298,544,9101,4576,7120,11024,2989,10389"
2648,2648,"1290,1244,9101,7120,544,2989,4576,10389,7679,12869"
2654,2654,"4798,10326,6220,8562,5303,6971,2140,3950,7707,12665"
2668,2668,"10429,5976,6220,8188,1290,2327,544,8562,589,7637"
2703,2703,"5495,3565,4576,5199,4118,590,4264,801,13043,7917"
2710,2710,"13346,4277,10326,3950,4798,8562,10916,6326,12857,8483"
2713,2713,"4798,10326,6971,13346,5303,8562,3950,6326,275,12857"
2722,2722,"7120,2989,9101,1244,4929,11298,10663,9730,4576,544"
2724,2724,"1290,7120,4929,10663,6971,1244,2916,9295,12497,3697"
2727,2727,"6220,10326,6971,2218,5303,4798,8562,2140,13296,9942"
2755,2755,"7669,11298,12869,1290,9101,2989,4576,11554,7679,544"
2769,2769,"4277,13346,275,4798,12404,8562,7707,566,9455,3950"
2776,2776,"10326,5303,2218,5532,5199,11357,4117,10835,785,544"
2781,2781,"1290,7120,4929,10663,6971,1244,9295,4576,8590,12497"
2782,2782,"1290,7120,11298,4929,1244,7679,10663,4576,10607,3697"
2789,2789,"2343,5199,9693,5532,10835,3950,13346,4798,10326,1220"
2794,2794,"9942,2903,3950,7707,12665,5545,10835,5622,6918,8562"
2804,2804,"6220,5303,3950,2218,64,5545,8562,9942,9693,13346"
2819,2819,"12665,544,6220,3950,8562,10326,5495,5303,4798,2343"
2846,2846,"6971,9942,8562,7707,5303,6220,544,1863,4798,10326"
2851,2851,"7669,12869,2989,11024,11298,10389,5979,4163,4664,4576"
2861,2861,"9404,10326,4277,7707,9532,5199,8562,9072,10835,5908"
2862,2862,"6220,12665,9942,13296,8590,89,11024,1290,9101,7707"
2867,2867,"13346,10326,350,9178,9598,8822,6588,10594,2063,4277"
2873,2873,"9693,5495,2343,544,13408,5532,1290,4416,3127,5866"
2880,2880,"6220,8562,7707,9942,13296,1863,544,10429,5976,4798"
2881,2881,"10326,4798,12857,10916,10594,8421,8562,13249,13346,4277"
2886,2886,"4277,4798,5303,12665,50,8205,10326,9340,2140,6220"
2891,2891,"2343,9693,5532,13346,10326,6971,4798,6795,10835,12665"
2908,2908,"544,10326,1290,4798,7120,2140,4277,5303,6971,275"
2910,2910,"544,9693,6220,2343,5303,6971,7707,8562,4798,9942"
2915,2915,"10326,4798,3950,9942,8562,5495,5303,3577,2218,6220"
2935,2935,"6971,5303,5199,544,2218,6220,5532,10326,8590,1290"
2946,2946,"1290,544,11298,2989,9101,4576,1244,12869,9295,4929"
2948,2948,"544,1290,6220,2989,7120,11298,9101,4576,7679,10389"
2969,2969,"2218,3950,6971,2140,9942,8235,7442,8964,6217,4798"
2979,2979,"11298,12869,1290,11024,7120,10389,1244,7679,11918,2989"
3036,3036,"3464,1290,6248,7120,11298,8315,2769,7220,7679,10009"
3050,3050,"3950,10326,4798,13346,2343,8562,5532,9942,6220,8421"
3056,3056,"6659,4803,4080,1328,2356,12824,10352,9568,10326,13100"
3061,3061,"4798,10326,4277,8421,5303,8562,12857,3950,717,217"
3066,3066,"6220,8562,6659,7707,4798,5545,13296,10326,9942,5495"
3069,3069,"10326,12857,4798,13346,2218,6326,13249,217,8421,482"
3094,3094,"10326,4277,5303,8562,4798,350,217,12857,10916,8421"
3106,3106,"6220,12665,3950,8562,8188,6659,2218,10326,9942,4277"
3110,3110,"1290,7120,4929,10663,2916,12497,3697,544,296,1747"
3115,3115,"2343,5199,5532,2903,9693,12665,3055,10326,544,6971"
3136,3136,"1290,6971,6220,9101,2218,8562,544,5303,10326,7120"
3159,3159,"1328,10326,3950,4798,6659,9404,8590,8562,13346,3428"
3166,3166,"10326,5495,544,4277,6220,5303,4798,2343,12665,275"
3172,3172,"1290,2343,11298,9693,544,89,9101,5532,9532,1244"
3200,3200,"13346,3950,10326,4277,2343,4798,4056,5199,2411,8562"
3217,3217,"13346,3950,10326,2218,4798,10568,9733,11540,8562,6220"
3218,3218,"1290,1244,7120,11298,4664,544,9101,10429,10389,10607"
3229,3229,"4798,13346,10326,4277,275,9340,1210,12404,5303,12793"
3230,3230,"544,1290,10326,7120,6971,4798,6220,2989,5303,9101"
3274,3274,"6971,4798,5303,2140,7063,10326,9306,2291,6433,2264"
3285,3285,"10326,4277,5303,12857,8562,4798,3950,544,8421,350"
3316,3316,"6220,9942,8562,3428,13346,13110,13296,5545,3870,4413"
3319,3319,"8562,4277,4798,10326,350,3950,8421,13346,1328,10916"
3323,3323,"10326,3950,8562,4798,4277,5303,6220,13346,12665,350"
3346,3346,"6971,4798,5303,1290,2140,12665,2989,10326,11298,7063"
3354,3354,"10326,8562,13346,9942,11969,3565,4798,1328,1889,12857"
3368,3368,"4798,3950,4277,8562,6220,10326,217,2218,13346,12857"
3374,3374,"1290,9942,3428,5545,7707,3870,7120,8562,12665,13296"
3391,3391,"10326,8562,12857,4277,3950,6220,8421,217,4798,10916"
3397,3397,"8562,2343,6220,10326,89,13346,6326,9693,3950,4798"
3404,3404,"7707,8562,10429,10447,5495,8981,5149,7637,544,6220"
3408,3408,"8562,6971,4798,5303,2218,12665,2140,9942,6220,12793"
3416,3416,"2343,9693,6795,544,5532,2989,3909,4388,8608,6971"
3422,3422,"4798,10326,1290,544,6971,5303,8421,6220,4277,7120"
3423,3423,"544,6220,5303,8562,7707,8681,10326,1019,12665,10429"
3426,3426,"6220,9942,5545,3870,6971,3950,4798,7707,12665,6659"
3436,3436,"10326,6220,8562,13346,544,4798,12665,6971,13296,2343"
3448,3448,"12857,10594,10869,11345,6433,8562,5393,1912,331,4798"
3464,3464,"9942,8562,3950,12665,13346,5545,5642,13306,6220,3428"
3472,3472,"1290,7120,6971,11298,1244,6220,2218,89,4929,8562"
3477,3477,"6220,9942,544,8562,5303,10326,5495,3950,5545,3428"
3488,3488,"3950,5303,13346,12857,4277,6220,4798,10326,8562,2140"
3497,3497,"13346,4798,3950,8562,5199,12665,8413,9229,9942,3428"
3504,3504,"1290,7637,1863,2020,8703,5149,5962,7120,1244,1078"
3517,3517,"13346,8562,5303,3950,4798,12857,10326,8413,2140,6971"
3538,3538,"5495,5303,12668,10326,217,4798,9072,8161,11115,2218"
3544,3544,"3950,6220,4798,12665,9942,2343,10326,64,9532,1788"
3547,3547,"4277,6220,217,717,4798,10326,13249,8421,3950,13346"
3569,3569,"10326,275,6971,12665,2140,5303,8590,2343,5199,8421"
3570,3570,"7902,7616,478,8705,6306,170,3481,13050,2004,1623"
3575,3575,"10326,4277,1543,10043,13346,4798,9771,9178,3950,11842"
3579,3579,"4277,13346,217,544,717,4798,6220,2343,10326,3950"
3588,3588,"1290,6220,7120,544,13296,1863,6971,3487,8590,7707"
3592,3592,"2989,12869,1290,11024,2874,7679,4576,544,1371,1779"
3617,3617,"10326,4798,8562,6220,4277,2140,5303,8421,3950,717"
3632,3632,"3950,8413,4602,6220,8235,11403,9942,12193,9410,931"
3650,3650,"2140,7063,4798,544,13214,10326,7383,5946,383,10776"
3654,3654,"10326,1328,12857,350,5303,4277,2140,4798,9178,7138"
3656,3656,"1290,5303,2199,7637,10326,4798,6395,5124,4101,4947"
3678,3678,"1290,544,6220,7120,6971,9942,9693,4798,12665,3950"
3681,3681,"8112,8540,13130,10475,544,10326,4798,6306,381,1290"
3683,3683,"4798,10326,5303,10594,8421,6971,331,9340,10916,4277"
3685,3685,"10326,4798,4277,3950,5303,544,2218,10594,2140,8590"
3699,3699,"1290,7120,3464,11298,1244,2989,7679,1779,7047,2769"
3707,3707,"6220,11047,12644,616,10429,1935,8562,13274,7623,11703"
3731,3731,"1290,7120,1244,2989,4929,4576,544,9101,10663,11024"
3737,3737,"4798,5303,8562,6433,10326,2218,1978,12857,8483,3950"
3739,3739,"8562,6659,8413,7707,8188,13346,4798,544,10326,4413"
3744,3744,"3950,6220,13346,12665,9942,8562,5545,3428,4798,3055"
3753,3753,"10326,4798,6971,13346,5303,10916,8421,3950,12857,9178"
3778,3778,"6220,2218,5303,3950,8562,4798,9942,5495,8413,10326"
3786,3786,"8562,6220,3950,13346,9942,2140,3870,5545,5303,8413"
3790,3790,"8562,13346,3950,2218,6220,4798,3870,1889,9942,5495"
3804,3804,"4277,217,10077,717,8421,350,3950,13346,544,6383"
3805,3805,"3950,8562,5303,10326,4798,6220,5199,10916,2218,13346"
3819,3819,"10326,544,6220,5303,3950,2218,4798,8562,4277,5495"
3827,3827,"2459,516,11337,7910,10536,5947,5760,9375,2710,9607"
3829,3829,"10326,4798,8562,12857,5303,13346,6971,10916,3950,8421"
3841,3841,"10326,6971,2140,5303,2343,544,13346,6220,275,8562"
3849,3849,"1290,11298,7120,9730,9962,789,5135,12869,1244,9101"
3928,3928,"1290,7120,1244,4929,11298,9101,9295,12869,10663,4576"
3988,3988,"11298,6288,8978,7342,7679,4163,2957,9732,4216,9330"
3994,3994,"1290,2989,7120,9101,11298,1244,6220,544,4664,9962"
3998,3998,"13346,9942,3950,10326,2411,3428,3799,5461,275,1210"
4012,4012,"3950,13346,4798,11540,10340,5999,544,8562,10326,8413"
4021,4021,"5303,2140,6971,2343,4798,10326,8161,8205,544,12758"
4022,4022,"4798,8562,6220,4277,6971,12665,5303,13346,3950,2140"
4047,4047,"9942,6220,8188,544,3428,2020,8981,8703,10429,8562"
4073,4073,"1290,2989,544,1244,11298,9101,4929,4576,6971,4664"
4099,4099,"544,1290,5495,6220,7120,6971,2218,12470,5303,8590"
4100,4100,"8703,544,4101,10326,5549,12104,8562,4798,5495,13228"
4120,4120,"12470,13408,12668,12099,5199,1323,609,6220,2218,10326"
4126,4126,"1290,7120,544,11298,9101,4929,4576,10326,789,11024"
4136,4136,"4798,8413,8562,12857,6326,844,6270,960,5642,13346"
4160,4160,"7669,7679,4163,12869,2957,1290,9330,11298,1558,4216"
4173,4173,"1290,7120,6971,4576,1244,544,89,8590,10137,10389"
4177,4177,"1290,7120,9730,11298,544,4576,2989,9101,1244,11024"
4183,4183,"10326,4798,4277,5303,8421,717,10077,544,8562,6971"
4191,4191,"1290,7120,4929,1244,10663,4387,6243,5573,2916,12497"
4195,4195,"8562,10326,4798,4277,13346,12857,2140,5303,2218,13249"
4213,4213,"6220,544,6971,2343,5495,9693,9942,13306,10326,12470"
4226,4226,"9942,217,5495,13249,3950,13346,4277,3428,5109,12665"
4227,4227,"1290,7120,9295,9101,275,11298,11299,1779,1244,9730"
4232,4232,"13346,3950,4798,10326,11540,8562,13249,9786,854,7079"
4255,4255,"10326,4798,4277,13346,8421,350,5303,717,8562,8161"
4258,4258,"12869,6569,7706,4545,1856,9295,544,2113,6168,3560"
4274,4274,"5303,1328,8421,350,10326,8483,1912,4798,10916,10594"
4289,4289,"1290,2218,6220,8590,7707,9229,9942,89,7120,10326"
4295,4295,"10326,8562,6220,4277,4798,13249,7707,5545,3950,13346"
4300,4300,"6220,3950,13346,8562,3428,9942,4798,217,12665,50"
4334,4334,"12857,8205,8822,13346,7657,10326,8562,10594,941,4277"
4361,4361,"4798,8562,10326,3950,13346,6326,8235,7578,5199,5303"
4377,4377,"4798,3950,13346,8562,6270,5610,10326,12702,220,13249"
4412,4412,"1290,7120,11298,9730,4929,1244,2989,3464,9295,10663"
4415,4415,"13346,12857,8413,7919,1042,5348,6483,1065,11048,1080"
4424,4424,"4798,13346,8981,6971,12104,10326,5549,8703,5149,8562"
4425,4425,"4277,10326,10594,350,8421,1978,9340,12857,217,4798"
4430,4430,"8562,10326,4798,13346,3950,5303,4277,6220,12857,6971"
4433,4433,"4798,8413,8562,10326,5303,6220,12857,10594,8421,10916"
4436,4436,"9306,7383,5731,10326,4798,7063,5495,9738,238,544"
4458,4458,"10326,4798,3950,5303,13346,8562,13249,10916,6326,7138"
4461,4461,"10429,1863,5976,3487,5841,12723,11844,7707,8562,11103"
4488,4488,"3950,12665,6220,13346,9942,3055,89,5545,4602,5676"
4497,4497,"1290,7120,4929,1244,11298,9295,10663,9101,4576,544"
4498,4498,"10326,4277,5303,350,2140,4798,544,3950,10594,9072"
4504,4504,"6220,9942,3696,5495,4398,1530,5067,6848,3950,12309"
4510,4510,"6220,9942,1290,6971,3950,12665,5303,2218,8590,4798"
4512,4512,"11395,3960,5027,5901,10660,3169,3193,3269,544,2877"
4513,4513,"6220,10326,2218,544,5303,4798,3428,7707,5495,217"
4516,4516,"1290,11298,7120,12869,1244,9730,9101,11024,4576,1779"
4526,4526,"6220,8562,4798,544,9942,3428,12665,3950,4277,13296"
4528,4528,"8562,13346,4798,10326,6971,2218,6326,12665,5545,10916"
4542,4542,"3950,4798,8562,13346,6971,12857,6220,4277,6326,12665"
4559,4559,"1290,7120,11298,9295,9730,11299,1779,3697,3539,10663"
4572,4572,"8562,3950,13346,8413,8235,12800,11540,5124,10340,12026"
4575,4575,"8562,6220,3950,5303,4798,12665,4277,7707,6326,5545"
4583,4583,"4277,217,12857,13346,8562,4798,1323,10326,6326,8421"
4602,4602,"6220,8562,6971,7707,5545,4798,1018,275,3870,2140"
4608,4608,"11298,1290,1244,7679,11024,7120,4664,4576,2989,10389"
4609,4609,"13346,3950,11000,9072,10326,5495,8562,8505,1978,5199"
4626,4626,"13346,3950,8562,64,2343,6220,5545,6971,275,9942"
4642,4642,"3950,8562,5495,2343,6220,7707,3428,13346,5545,5532"
4653,4653,"8562,2343,6971,6220,9693,7707,12665,9942,5545,8681"
4664,4664,"1290,11298,7120,1244,11024,4576,9295,9101,4929,1779"
4665,4665,"1290,7120,4929,10663,5573,12030,12497,6243,2916,3697"
4672,4672,"1290,11298,7120,1244,11024,2989,9101,544,4576,10389"
4680,4680,"4277,3950,4798,10326,12857,1328,217,350,6220,6433"
4705,4705,"10326,4798,8562,3950,5495,12665,5532,5303,10835,5199"
4707,4707,"1912,8373,5996,12857,6515,8145,7829,5270,10560,8562"
4711,4711,"5495,8562,5199,12470,3950,8413,13112,8279,8590,6220"
4732,4732,"12665,3950,5461,544,5199,5495,1323,9733,5532,64"
4734,4734,"1290,7120,6971,4929,6220,10663,12665,9942,89,9101"
4735,4735,"1290,7120,4929,10663,7637,9083,1487,8703,5149,2020"
4749,4749,"544,6220,9942,2343,9693,1863,7707,5545,10429,5976"
4751,4751,"10326,6971,4798,13346,5303,9942,12665,1220,3950,8562"
4762,4762,"6971,3055,4798,2218,8562,5875,2789,13346,8922,7578"
4767,4767,"10326,10429,1863,8562,4798,8188,6220,544,1290,987"
4771,4771,"10326,4798,8562,6220,5303,3950,544,13346,4277,6433"
4773,4773,"12665,2218,10326,8413,5303,5495,6971,2140,6220,3950"
4776,4776,"8562,12665,10429,3578,10802,5976,7637,544,2989,10326"
4783,4783,"9942,6220,3428,13306,5545,6659,3950,8562,2218,5184"
4788,4788,"12857,10594,4798,8562,8421,10326,2199,3950,11396,10340"
4808,4808,"3950,350,4798,1328,13346,1978,3416,2140,4210,220"
4810,4810,"3950,6971,13346,4798,8562,10326,6220,5303,9942,2218"
4818,4818,"4798,8562,13346,3950,217,5303,10326,5642,717,4277"
4823,4823,"544,3428,6220,64,8483,8562,2343,11603,3950,12606"
4829,4829,"8562,5545,3950,11622,5673,6982,11639,7426,6220,9799"
4842,4842,"8562,6220,10326,4798,10916,9942,7707,8421,13346,544"
4859,4859,"6220,3950,64,5495,9942,5199,12665,13346,2343,4798"
4866,4866,"544,6220,1290,8590,13296,7120,1863,6971,9083,7491"
4881,4881,"10326,4798,4277,3950,13346,12857,6433,6326,6220,10916"
4908,4908,"1863,12871,7383,383,13214,11609,1487,544,5946,4798"
4910,4910,"1290,1244,4929,9101,11298,544,9962,2916,789,2989"
4922,4922,"10326,4798,6220,8562,12665,3950,217,4277,12857,3428"
4942,4942,"544,10326,11298,1290,4277,9962,6383,789,9101,6220"
4976,4976,"10326,6220,6971,12665,11298,5303,4576,9942,544,4798"
4993,4993,"1290,544,1863,7707,10429,8562,7706,9101,7491,13296"
4995,4995,"10326,4798,4277,5303,8421,10916,13249,350,2140,8562"
5020,5020,"7679,3464,1328,11298,10326,544,1290,9516,9101,4798"
5040,5040,"8562,5303,12857,3950,10326,2218,6220,2140,5642,6433"
5048,5048,"2140,1018,37,7383,647,9306,5303,6433,5731,4749"
5058,5058,"2343,9693,6795,5532,9532,2537,12665,10835,5199,861"
5067,5067,"4798,10326,4277,10594,8562,544,350,1978,6220,8421"
5087,5087,"4798,6220,8562,6971,3950,13346,5495,10326,4277,2140"
5090,5090,"89,5875,7024,7289,5524,13191,12665,13346,12253,4715"
5102,5102,"2218,13090,5386,7341,7682,108,12322,2260,1156,11931"
5103,5103,"8562,4798,6971,6220,3950,5303,8413,12665,2218,5545"
5105,5105,"1863,10429,1487,1290,5976,5149,544,7637,9083,7707"
5108,5108,"3950,5495,4798,13346,12470,2789,10326,4602,9443,2567"
5119,5119,"6220,4277,544,7707,2218,8562,5495,8413,5676,5303"
5120,5120,"11298,1290,2989,11024,9730,544,7120,4576,9101,7679"
5124,5124,"3421,10437,13193,2308,7063,9774,11529,2697,6588,11282"
5132,5132,"8562,5495,2218,5303,5199,8413,10326,3950,13346,4798"
5138,5138,"11298,4576,2989,12869,1779,3222,10389,11024,9295,4664"
5144,5144,"10326,4277,8562,2343,544,13346,6433,8421,217,12857"
5159,5159,"10326,4798,13346,3950,6220,8562,8421,544,10916,6433"
5167,5167,"3950,2218,6220,9942,8562,714,10326,6659,6326,9733"
5175,5175,"10326,4798,12857,4277,10916,2140,8421,717,275,1328"
5176,5176,"1290,7120,1244,11298,4929,4576,2989,10663,544,9101"
5185,5185,"3950,12665,6971,89,2218,8235,7024,10326,8562,9532"
5189,5189,"4798,3950,12665,6326,9455,8562,10326,6220,10916,9602"
5191,5191,"8562,13296,6220,13306,9942,10326,89,13346,6441,3428"
5206,5206,"6220,9942,5303,8562,6971,6659,544,2218,7707,10326"
5213,5213,"6220,12665,544,4798,2343,8562,5303,10326,4277,13346"
5224,5224,"4798,4277,8562,13346,6220,717,217,544,8590,13249"
5226,5226,"1290,7120,11298,9101,544,6971,12665,4576,2989,1244"
5241,5241,"1290,7120,4929,10663,11298,9962,789,3704,1244,2916"
5264,5264,"1290,11298,7120,9101,4576,2989,1244,11024,544,10389"
5268,5268,"5303,6971,4277,4798,10326,544,8562,2140,8421,8161"
5270,5270,"4798,8562,6220,10326,6971,2218,5303,12665,13346,8413"
5287,5287,"9942,11969,12156,6626,9775,13063,9573,4263,1127,1358"
5314,5314,"6220,13296,8562,8703,4798,6971,7637,1290,10326,9942"
5318,5318,"1290,7120,4929,10663,6243,5573,12497,3697,2916,10322"
5326,5326,"6220,2218,8562,7707,8981,5149,6166,64,4798,12622"
5336,5336,"8413,4277,3950,4895,10950,13346,7087,883,13200,5177"
5343,5343,"11298,1290,9962,1779,789,5135,10607,1244,5142,9942"
5347,5347,"9942,6220,8562,2343,3428,3950,9693,12665,544,89"
5354,5354,"4798,8562,3950,5495,13346,10326,2140,9380,220,12668"
5356,5356,"10326,4798,3950,6971,6220,8562,10916,2140,13346,8205"
5367,5367,"1290,7120,6220,89,6971,8562,5545,544,9942,9101"
5373,5373,"8562,3950,6220,5303,8413,1746,5545,3577,11622,13346"
5385,5385,"6220,544,8590,4277,6659,7707,350,10326,9083,8562"
5458,5458,"9942,6220,3428,13306,810,13110,3950,6641,4413,1598"
5463,5463,"4798,10326,6220,8562,5303,4277,6971,2140,544,9942"
5471,5471,"11298,1290,1779,7679,11024,1244,9962,2989,9101,10607"
5476,5476,"1290,4798,6220,275,10326,6037,12665,7120,11325,10025"
5484,5484,"3950,8562,13346,4798,12665,2218,8413,10326,8235,10916"
5508,5508,"1290,11298,7120,9101,1244,4576,9962,789,12869,2989"
5513,5513,"6220,8413,9942,2218,5303,8562,12665,5545,13296,3950"
5520,5520,"10326,4277,544,717,8562,5303,217,6433,4798,12857"
5524,5524,"13346,6971,7707,8562,6220,1889,13306,3950,9942,3870"
5539,5539,"5495,8413,9942,6220,5303,4413,12470,8188,5545,4798"
5554,5554,"10326,9340,1180,2887,5829,5431,2840,4798,6120,9875"
5564,5564,"4798,10326,5303,4277,12857,8562,2140,544,8421,3950"
5595,5595,"10326,5495,4798,8562,5303,13346,2140,8413,9942,2218"
5601,5601,"10326,275,5303,6971,4798,2140,8562,10462,2291,1912"
5602,5602,"10326,8562,4798,5303,12857,3950,2140,6971,2218,6515"
5618,5618,"1290,7120,11298,10663,12869,9730,1244,2916,2989,11024"
5643,5643,"8922,13408,5199,8235,5875,6220,13191,3055,7489,2903"
5644,5644,"4798,5495,10326,5199,2905,5532,6123,9942,5999,544"
5651,5651,"8562,6220,2218,4798,3950,10326,5303,13346,4277,12857"
5655,5655,"5495,12668,8413,8562,5199,3055,12099,13346,7490,2218"
5658,5658,"10326,4798,8421,8562,10916,10594,12857,3596,6971,13249"
5660,5660,"10326,6659,13110,1323,2218,11969,12029,544,2140,350"
5662,5662,"6220,5545,3950,89,12665,2218,9942,3428,13110,3870"
5670,5670,"4798,10326,3950,12857,6326,5303,8562,8161,4277,8421"
5676,5676,"1290,7120,11298,9295,1244,1779,11024,10607,12869,4036"
5680,5680,"6220,13346,4798,3870,12665,5545,8562,9942,3950,89"
5698,5698,"6220,10326,9101,2343,544,9693,9942,11298,12665,4576"
5710,5710,"5495,5532,5199,3950,6971,10326,2343,8590,5999,11357"
5723,5723,"11298,2989,11024,4576,1290,1244,11918,4545,12995,1779"
5742,5742,"9693,2343,5532,10835,5199,6795,544,6834,5999,2822"
5748,5748,"6220,4798,8562,12665,3428,13346,9942,2140,10326,13110"
5750,5750,"544,8562,6220,8413,5495,6971,5303,2218,10326,9229"
5787,5787,"3950,9942,2343,10326,4798,13346,5532,5999,5199,6220"
5798,5798,"2343,4798,13346,5303,10326,6971,3950,2140,9693,12665"
5799,5799,"9306,5946,2291,383,8402,165,11692,2300,6878,7439"
5815,5815,"1290,11298,2343,9693,9101,9962,789,7120,544,1244"
5822,5822,"5303,10326,2218,6971,3950,2140,5199,1286,3055,4798"
5834,5834,"12665,8562,3950,5495,6220,4798,5303,3055,10326,6971"
5846,5846,"4798,10326,544,13346,3950,5303,2218,6971,4277,12857"
5858,5858,"4798,3950,8562,2905,2140,4436,11726,5495,5303,5700"
5882,5882,"4798,10326,5303,2218,4277,544,8562,11969,13249,2140"
5892,5892,"13346,8562,4798,6971,2218,10326,2567,5303,9449,3055"
5897,5897,"3950,8413,6220,8562,5303,8421,6326,11540,4413,4323"
5898,5898,"3950,8562,6220,4798,10326,8413,12665,9942,11540,2218"
5902,5902,"8413,1847,9358,9796,12130,4413,8076,1631,5002,11452"
5919,5919,"1290,7120,10326,12869,4277,544,1244,4576,6220,8562"
5934,5934,"544,6220,11524,4315,4384,12485,9097,12152,6505,2343"
5946,5946,"1290,7120,6971,4929,9295,10963,3737,7856,5135,3697"
5965,5965,"2343,5199,5532,9693,8408,1978,12132,4117,13346,11198"
5995,5995,"6220,3950,10326,4277,3428,13346,2343,4798,9942,544"
6005,6005,"544,1290,9101,11298,6220,2989,12655,6971,4576,11024"
6006,6006,"6220,9942,3950,8562,89,4413,13346,5495,5545,7707"
6013,6013,"10326,8562,4798,6220,4277,3950,6433,217,9942,13346"
6016,6016,"3950,13346,2218,5495,10326,5199,8562,5303,6220,4798"
6023,6023,"7120,1244,9101,544,4576,10663,11298,2989,6971,12497"
6052,6052,"3950,6971,5495,4798,10326,13346,3428,8562,5532,12665"
6056,6056,"544,6971,5495,10326,5199,12665,2343,13346,8590,2140"
6059,6059,"4798,5303,10326,5495,6220,3950,6971,12857,6326,12665"
6064,6064,"8562,10326,3950,5199,4798,5532,5999,10835,13346,2343"
6091,6091,"3950,2218,6971,5199,3055,6220,5532,9942,10835,5999"
6112,6112,"7120,11298,2989,1244,10663,3464,4576,2916,11024,12869"
6133,6133,"6220,5303,5532,9942,9693,2140,3950,2343,5199,8314"
6150,6150,"5610,4798,4843,7167,5813,10326,8538,7069,4376,12654"
6155,6155,"10326,4798,8562,5303,12857,2140,3950,9942,10916,4277"
6157,6157,"10326,4798,5303,8421,12857,10916,8562,2140,3950,4277"
6212,6212,"6220,8562,4277,13310,6442,13306,10156,3870,8285,3094"
6218,6218,"10326,3950,4277,13346,8562,5303,8421,10916,4798,6220"
6242,6242,"6220,4798,6971,10326,13296,9942,8590,5545,13110,8562"
6243,6243,"10326,4798,8562,544,5303,5495,4277,275,2140,8421"
6260,6260,"4798,810,10326,8421,8161,976,9018,8562,1290,12331"
6262,6262,"2140,10326,4798,13097,6220,11930,11655,275,13114,544"
6278,6278,"2218,6971,5303,544,275,6220,2140,5495,12099,7707"
6280,6280,"6220,3950,5303,4798,8562,13346,13249,8483,6326,3055"
6287,6287,"8562,4798,6971,10326,2140,544,1290,5303,12665,9519"
6305,6305,"10326,4277,717,5303,4798,544,217,8421,9942,8562"
6320,6320,"1290,6220,7120,6971,5303,2343,9942,8590,1220,10326"
6339,6339,"2343,4798,8413,13346,8562,6220,10835,3055,9693,3950"
6360,6360,"544,6220,4798,5303,3950,2218,275,8562,3428,8483"
6370,6370,"8562,3950,10326,6220,4798,13346,2218,4277,8413,3428"
6376,6376,"10326,4798,4277,6220,5303,8562,13346,3950,275,9942"
6378,6378,"1244,7120,11298,2989,9101,9295,11024,544,4576,12869"
6379,6379,"8562,10326,6971,6220,4798,5303,3950,544,2218,12857"
6398,6398,"2343,544,1290,6795,1244,2537,2903,6834,9101,12655"
6422,6422,"8413,8562,13346,9942,4413,4798,8183,12321,6220,5548"
6424,6424,"3950,11561,2218,11784,4798,11707,9941,10340,3078,9990"
6436,6436,"2770,6952,544,10352,10326,3960,10221,9453,4798,1290"
6454,6454,"9693,2343,544,6795,5532,9101,8608,5199,2537,7964"
6464,6464,"4798,10326,8421,5303,2158,10138,8483,5177,4277,13346"
6479,6479,"3950,4798,13346,8483,2218,4602,220,3565,7707,9729"
6485,6485,"1863,8703,7637,8981,5149,6040,2058,544,1290,8562"
6488,6488,"9942,6220,3950,5545,12665,3428,4413,8562,3509,3870"
6490,6490,"13110,9942,8562,4823,3147,4654,3870,13097,10990,5276"
6498,6498,"10326,8562,6220,9942,3950,3428,5545,4277,13296,217"
6533,6533,"1290,9101,2989,11298,544,12665,12869,7120,8590,10389"
6577,6577,"10326,9942,3950,4798,4277,6220,2218,13346,217,3428"
6579,6579,"10326,4798,4277,12857,544,8421,5303,350,10594,717"
6583,6583,"6220,10326,3950,8562,3428,6971,13346,544,5545,9942"
6597,6597,"8562,9942,2343,10326,9693,6220,13346,5303,544,4798"
6599,6599,"1290,6220,6971,2218,8590,12665,13296,1225,13408,5303"
6607,6607,"9942,6220,8562,5303,3950,3428,8483,8413,13346,4798"
6613,6613,"8562,3950,6220,13346,5545,12665,3428,8681,10326,2218"
6622,6622,"1290,7120,9295,8590,89,11298,4929,5199,3697,6003"
6637,6637,"2218,6220,2343,6971,9532,8562,3950,12665,7303,9693"
6644,6644,"10326,4798,4277,6220,8562,5303,3950,13346,717,2218"
6651,6651,"1290,11298,9101,2989,7120,4576,1244,12869,11024,544"
6674,6674,"10326,3950,12665,8562,13346,3428,5495,2343,9942,4277"
6683,6683,"2343,9693,10326,5199,5532,13346,10835,5303,4798,12665"
6686,6686,"1290,9101,1863,6697,7120,11117,11103,13115,12512,8877"
6707,6707,"544,2343,5303,6220,8562,5495,10326,5532,13346,4277"
6724,6724,"1863,10429,8235,7024,5875,11403,5976,6220,9336,13191"
6729,6729,"10326,6220,8562,3950,4798,9942,5303,6971,275,2140"
6739,6739,"3950,8562,12665,8333,438,6982,298,11622,4413,9942"
6756,6756,"3950,5303,8562,10326,4798,275,6220,2140,2218,9072"
6764,6764,"6659,50,5303,5545,8562,9602,1328,13110,2218,13296"
6768,6768,"6220,9942,8562,10326,3428,5545,6971,6659,12665,275"
6787,6787,"12665,2218,8562,3950,3055,6971,4798,9550,13346,10031"
6808,6808,"1290,1244,11298,7120,544,2989,4576,11024,12869,4664"
6811,6811,"544,10326,8483,4277,350,4798,12665,13110,275,11969"
6812,6812,"8562,4798,3950,10326,12665,9942,5545,3428,7707,13346"
6831,6831,"6220,9942,10326,5303,6971,544,2218,8562,12665,4798"
6833,6833,"2343,6220,12665,13191,9693,7024,11403,8235,10023,7983"
6840,6840,"4798,2140,5303,6270,10326,7824,10506,9085,544,11286"
6842,6842,"1290,7120,1244,11298,9962,4929,10607,789,5135,6811"
6855,6855,"1290,11298,9101,7120,1244,4576,2989,12869,544,9730"
6869,6869,"10326,4798,5303,4277,8562,12857,8421,6971,2140,3950"
6874,6874,"6971,6220,1290,544,4798,1747,1863,12665,7120,9942"
6879,6879,"544,5199,5532,2343,6971,2903,9693,2218,10835,9942"
6885,6885,"13346,3950,5676,36,5547,760,5673,7264,8242,6326"
6886,6886,"6220,13346,9942,2343,12665,4798,3950,5545,9693,4277"
6902,6902,"10326,4798,4277,8562,6971,544,13346,3950,2140,6433"
6908,6908,"1290,11298,7120,2989,9101,1244,12869,7679,4664,544"
6911,6911,"3950,6659,11484,9942,2789,50,10326,6220,2567,11547"
6912,6912,"3950,12665,6220,810,6971,5545,9942,8562,13346,544"
6919,6919,"1290,544,7120,11298,2989,1244,9101,4576,11024,12869"
6926,6926,"5532,7673,5999,12334,2337,4137,6220,544,9942,10835"
6934,6934,"8562,10326,3950,8421,217,8483,13346,1328,13259,4798"
6935,6935,"10326,4798,4277,8562,544,6220,12665,13346,3950,2140"
6939,6939,"6220,5303,4798,8413,10326,9942,6971,4413,1290,8562"
7000,7000,"6220,9942,2343,544,3950,5303,9693,89,13306,8562"
7003,7003,"8562,3950,2343,6220,10326,5495,12665,8590,9942,3428"
7005,7005,"10326,4798,544,217,3428,6433,3950,717,8421,8562"
7042,7042,"10326,12665,4798,8562,5303,3950,13346,8421,2140,10916"
7045,7045,"4798,10326,6971,8562,2140,544,13346,3950,652,2905"
7047,7047,"10429,8703,5976,5966,13377,5149,7637,1863,131,68"
7053,7053,"6220,544,8562,7707,10429,10326,1863,4798,8188,9942"
7063,7063,"10326,3950,13249,717,13346,1328,4277,8483,8421,10916"
7067,7067,"2343,2218,3950,9693,13346,717,544,4277,10063,2537"
7071,7071,"10326,4277,4798,12857,13346,3950,8421,717,6326,6433"
7078,7078,"8562,3950,6220,2218,3428,9942,2140,13346,5495,11000"
7109,7109,"10326,6326,8562,1355,6659,6433,6220,12857,2585,10262"
7118,7118,"4798,10326,12857,6433,10594,6270,5303,8421,8161,2140"
7129,7129,"1290,7120,11298,1244,9101,2989,4576,4664,11024,10389"
7133,7133,"10326,4798,217,3416,609,350,652,8483,9938,8421"
7139,7139,"769,6971,8590,9295,1290,10464,544,1355,11464,12903"
7142,7142,"3950,6220,12665,4277,4798,5303,10326,8562,544,2218"
7146,7146,"2343,5303,9693,4798,6971,5532,5199,10326,12665,2218"
7172,7172,"10326,4277,4798,217,8562,8421,350,10916,717,12857"
7181,7181,"5495,64,89,12665,6971,2343,13346,3950,10326,8235"
7195,7195,"4798,10326,8562,4277,6971,544,12857,717,5303,6220"
7197,7197,"4798,8562,3428,5303,10326,9942,217,5545,3950,2218"
7203,7203,"1290,7120,11298,1244,4929,2989,9101,10663,4576,9295"
7223,7223,"8562,3950,6220,4798,12857,5303,6971,10326,2218,13296"
7235,7235,"1290,12869,544,7120,6971,11298,9101,2957,11024,4576"
7236,7236,"544,7120,10326,12665,4277,4798,6971,5303,1244,9101"
7237,7237,"1290,7120,4929,1244,7637,9083,8703,8981,5149,544"
7255,7255,"1290,7120,6971,8590,4929,9295,544,10663,4798,3697"
7297,7297,"6220,12665,8562,6971,10326,4798,9693,2140,9942,3950"
7320,7320,"3950,8413,2218,4798,10326,11572,6971,5532,5199,5999"
7323,7323,"12665,2343,13346,6220,64,3950,9693,9942,275,13296"
7326,7326,"2218,5303,10326,8590,2140,8483,4798,12404,2291,6982"
7343,7343,"10326,4277,4798,6433,350,8421,8562,717,217,5303"
7363,7363,"6220,2218,13346,13296,6971,89,8562,1230,3950,9942"
7364,7364,"6971,2218,13346,4798,10326,3055,5303,3950,12274,12665"
7366,7366,"6220,3950,9942,3428,3799,4277,1598,3870,12417,2645"
7372,7372,"8413,3055,13346,6302,5303,2218,4798,5532,5495,8562"
7399,7399,"7707,10429,1863,544,9942,6220,4095,3487,10802,9693"
7402,7402,"2218,5303,6220,12665,8562,8413,3950,5495,6971,4798"
7406,7406,"8562,2140,10326,4798,544,4413,10185,1478,11540,5610"
7421,7421,"544,9942,4798,6971,10326,3950,8562,2343,2218,8413"
7425,7425,"1290,6220,7120,544,10326,9101,8562,1244,4576,13296"
7431,7431,"4798,10326,12857,6971,10916,8421,4277,8161,8562,13346"
7447,7447,"4798,10326,8421,8562,6326,8205,3950,6971,2140,6433"
7451,7451,"6220,8562,7707,13296,1863,10429,5545,544,8188,5976"
7453,7453,"7120,4929,789,9962,1244,5135,10663,3697,8302,10462"
7456,7456,"1290,9962,789,544,2989,7120,5008,275,9295,9101"
7484,7484,"1290,7120,11298,4929,6971,10663,1244,9730,9295,2916"
7486,7486,"5303,2218,5495,3950,4798,8413,10326,6971,6220,8562"
7505,7505,"1290,7120,11298,1244,9101,2989,4929,7679,544,4576"
7529,7529,"8562,4798,13346,10326,2140,10916,4277,8421,12857,6326"
7532,7532,"11298,2989,11024,8978,1244,4576,9101,544,10389,6288"
7548,7548,"6220,10326,13346,8562,12665,4798,3950,5545,5303,6971"
7550,7550,"3950,1978,9404,8562,6220,1323,217,4277,10326,4798"
7557,7557,"10326,4277,4798,8421,10594,12857,217,350,717,1328"
7574,7574,"1290,7120,11298,4929,9962,5135,789,10663,3697,6811"
7586,7586,"1863,7637,8703,2020,9942,544,8981,8562,6220,5976"
7592,7592,"12204,516,3960,873,1219,1213,544,6935,6318,3652"
7594,7594,"8413,3950,12857,4413,8562,9942,13346,2218,4798,11540"
7600,7600,"2343,9693,10326,8562,4277,13346,5495,9942,2905,64"
7601,7601,"10326,4798,5303,13346,6971,2140,8562,4277,12857,10916"
7642,7642,"10326,544,4798,1290,6220,5303,4277,9942,12869,7120"
7647,7647,"8413,5303,2140,1862,6971,4413,8562,544,7063,11326"
7650,7650,"8413,8562,6220,3950,544,2218,5303,4798,12665,10326"
7660,7660,"1290,11298,9101,12869,4576,544,2989,7120,1244,11024"
7682,7682,"4798,6220,10326,8562,6971,3950,4277,13346,2218,5303"
7712,7712,"6220,10326,3428,544,5303,3950,1220,13110,4798,2218"
7728,7728,"8562,3950,4798,10594,11000,10916,12857,4277,217,10326"
7763,7763,"8562,6220,4798,13346,3428,10326,12665,5545,6659,5303"
7764,7764,"10326,544,6971,6220,2218,13346,3950,4277,9942,275"
7765,7765,"2989,11298,11024,4576,1290,4890,9730,3704,11918,7342"
7768,7768,"6659,9942,4798,8413,6220,4413,931,8562,5184,3950"
7776,7776,"1290,7120,9962,789,5135,13309,6811,9866,7817,10644"
7834,7834,"3968,1390,7044,13014,5239,222,8421,851,4843,4798"
7850,7850,"4277,4798,8421,2140,10594,544,12857,217,275,8562"
7860,7860,"1290,7120,11298,2989,1244,9101,4576,4929,544,7679"
7879,7879,"6971,4798,10326,5303,2140,8421,1290,8562,8590,1912"
7892,7892,"544,1290,9101,9693,11298,2343,7120,4277,1220,1244"
7895,7895,"6220,4798,5303,8562,2140,8413,5495,7707,3950,10326"
7901,7901,"6220,4798,3950,10326,4277,8562,5303,12857,544,10916"
7922,7922,"12665,6220,544,4277,4798,3950,6971,13346,9455,217"
7927,7927,"10326,8562,11969,4798,5303,6220,6971,2140,544,8421"
7931,7931,"9693,2343,13346,5303,544,4798,275,10326,2140,6971"
7938,7938,"12470,3950,13306,5199,9942,6220,3428,2905,5532,13346"
7942,7942,"4277,8562,544,3950,10326,6220,350,10916,217,6433"
7964,7964,"3950,1323,2218,4602,8413,4413,3340,2990,2305,9942"
7982,7982,"5495,3950,2343,64,5199,2903,12665,7707,89,13346"
7988,7988,"1290,7120,4929,8302,6971,2784,11117,11923,3697,12030"
7992,7992,"4798,8562,10326,13346,4277,6220,5303,12857,10916,8421"
8005,8005,"2218,6971,5532,2343,5303,5199,3055,8413,4798,8922"
8019,8019,"3464,6248,2710,1290,13071,7679,11298,7120,10009,544"
8026,8026,"4798,13346,6220,3950,8562,10326,12665,9942,6326,2218"
8028,8028,"2343,9693,5532,544,6795,9404,5199,13346,6220,6971"
8085,8085,"13346,6626,50,12378,11635,7138,2205,6503,10395,1947"
8103,8103,"89,4602,6971,8235,12665,7024,5875,3055,7983,2567"
8108,8108,"3950,6220,4277,10326,8562,9072,10594,3428,217,1328"
8137,8137,"2343,6971,12665,9693,9942,89,5303,5532,3950,13346"
8138,8138,"10326,8562,13346,4277,5303,6433,12857,217,3950,6326"
8139,8139,"4798,10326,5303,6971,8562,2218,3950,8421,2905,4277"
8148,8148,"9942,6220,4798,8562,10326,13346,3950,6971,12665,2218"
8150,8150,"10326,4798,8562,275,3950,6220,12665,13346,5303,2140"
8160,8160,"1290,544,7120,2989,9101,11298,4576,12869,11024,6971"
8175,8175,"12665,11639,1328,2777,4277,716,12470,432,5495,8483"
8191,8191,"1290,7120,2989,12869,4929,9101,9730,6591,10663,1244"
8198,8198,"4798,6220,6971,10326,8483,9942,2218,4277,3950,544"
8202,8202,"11298,9101,4576,11024,1290,7605,12995,2989,1244,11918"
8233,8233,"4798,10326,6971,12665,13346,3950,5303,2343,8235,89"
8251,8251,"4798,6971,13346,12136,5126,5100,5999,4827,2260,1031"
8252,8252,"10326,4798,4277,8562,12857,3950,717,8421,6433,217"
8265,8265,"544,10326,6220,4798,5303,6971,8562,2218,275,12665"
8267,8267,"10326,4798,8562,8421,5303,10916,12857,8161,6433,11000"
8268,8268,"8562,13346,6326,12665,12857,10326,3577,9942,5303,1323"
8294,8294,"2343,9693,544,6971,2140,5532,6795,5199,5303,4388"
8299,8299,"1290,7120,9962,789,1244,11298,13309,9101,4929,3290"
8302,8302,"10326,5303,2218,4798,4277,2140,12857,9072,8421,3950"
8303,8303,"1290,4929,1244,789,9101,5135,12497,11298,6971,9295"
8323,8323,"6971,2343,8590,5199,9693,6220,10326,4798,8562,13346"
8327,8327,"6971,2218,6220,3950,5303,12665,89,4798,5545,7983"
8331,8331,"3950,6659,6220,2218,3055,5303,9942,4798,11384,7063"
8332,8332,"1290,11298,7120,9101,1244,4576,11024,789,4664,5135"
8334,8334,"6220,3950,8562,11572,4798,2218,5495,5545,8413,12665"
8337,8337,"1290,7120,544,11298,1244,2989,9295,12995,4576,4929"
8341,8341,"13346,3950,8562,6326,4798,10326,2905,9942,4853,11622"
8361,8361,"10326,6971,4798,9942,8562,13296,5303,1290,5545,1747"
8369,8369,"9404,3950,2218,9072,2411,6971,6220,4277,9733,12665"
8378,8378,"6971,5303,10326,8421,8161,13346,13249,5532,544,3055"
8407,8407,"7679,11298,11024,2989,4576,3464,10389,8978,1779,11918"
8419,8419,"1290,1244,7120,544,11298,4576,9101,2989,4664,11024"
8424,8424,"5303,13296,8562,544,6971,10326,8590,1290,1863,4798"
8425,8425,"4277,5303,8562,6220,10326,2140,2218,13249,4798,13346"
8438,8438,"1290,7120,4929,5135,3697,10663,9962,11117,9405,789"
8447,8447,"10326,4798,4277,12857,5303,8562,10916,8421,6971,217"
8458,8458,"12869,9962,1240,7063,2291,11298,5946,10542,9960,5747"
8463,8463,"10326,4798,6220,5303,8562,6971,544,2218,4277,2140"
8471,8471,"4798,6971,3950,12665,10326,8562,3055,13346,2140,5303"
8472,8472,"1290,7120,9101,11298,7679,1244,4576,12869,544,11024"
8477,8477,"6971,5303,4798,10326,2343,6220,8562,544,5199,10835"
8478,8478,"2343,9693,6971,544,12665,5495,6220,2218,5199,5303"
8483,8483,"1290,11298,89,7120,9295,789,9962,2784,8302,11117"
8496,8496,"10326,6971,1290,3950,8562,5303,8205,8590,5199,5532"
8497,8497,"8562,10326,3950,13346,12857,6220,217,4798,3428,717"
8501,8501,"10326,4798,13346,8562,8413,3950,5999,6220,5199,2218"
8506,8506,"3950,6220,9942,13346,10326,2218,4798,3428,13306,13296"
8520,8520,"10326,4798,8562,12857,6971,4277,5303,3950,544,10916"
8524,8524,"544,12665,6220,4576,4277,10326,11024,11298,11969,10137"
8531,8531,"4798,8562,8413,13346,3950,50,6326,10326,275,2140"
8556,8556,"10326,544,8562,4277,4798,5303,6220,350,717,1355"
8579,8579,"11298,9730,4576,11024,9101,2989,1244,1290,10389,7679"
8585,8585,"6220,2218,544,10326,5495,7707,13296,9693,3950,11230"
8591,8591,"6220,10326,12665,3428,4798,9942,13346,5303,6659,11969"
8592,8592,"1290,7120,4929,10663,6971,9101,2916,6243,1244,544"
8596,8596,"3950,9942,6220,8562,4798,3428,13346,1978,2218,5545"
8598,8598,"10326,3950,6220,5303,3428,4277,544,9942,13346,2218"
8608,8608,"1290,7120,10663,12497,6243,6971,9101,1244,11298,8567"
8610,8610,"1290,7120,1244,11298,4929,9962,10663,5135,9101,789"
8617,8617,"1290,7120,11298,9295,1244,4929,4036,4664,11024,10607"
8621,8621,"2218,5303,5495,5199,4798,1912,6971,5123,8413,1746"
8629,8629,"3420,11013,8068,9093,6708,5766,10917,5310,13182,2671"
8649,8649,"5532,12665,5819,5495,7715,4750,5866,2705,544,2857"
8652,8652,"7120,4929,1244,2916,11298,5135,9962,6243,789,12497"
8714,8714,"2989,1290,6220,8590,7120,11660,13296,9101,6018,9295"
8718,8718,"5875,8235,5524,89,7024,11403,64,12662,3950,10315"
8733,8733,"1290,9101,11298,12655,544,4576,7679,1244,11024,2989"
8734,8734,"6220,3428,13306,3950,5545,13110,12665,4413,11736,4602"
8754,8754,"8562,5495,2218,5303,544,217,3950,6220,3428,10326"
8771,8771,"8413,8562,6220,4798,2218,8205,2140,6971,6166,10326"
8791,8791,"544,10326,4798,6220,2343,13346,4277,6971,8562,9693"
8794,8794,"8562,4798,6220,3950,810,13346,10326,5303,3428,5545"
8797,8797,"9453,8822,350,11758,4560,788,10810,10326,11162,8562"
8804,8804,"10326,4798,13346,6220,3950,8562,4277,13249,13296,8590"
8809,8809,"6971,12857,10326,275,13346,4798,2140,4277,5303,50"
8823,8823,"1290,7120,11298,4929,11024,4576,10663,2989,9101,4664"
8833,8833,"10916,10326,4277,8562,9404,3950,12665,8421,5364,5545"
8835,8835,"1290,7120,9693,2343,11298,1244,12869,4929,9295,10663"
8840,8840,"6971,4798,2140,7063,4877,8413,5303,9771,2291,8053"
8842,8842,"8413,4181,2230,5819,1290,7715,10506,544,238,322"
8860,8860,"1290,544,6220,11298,11024,4576,12665,12869,89,2989"
8866,8866,"10326,4798,4277,8421,8562,666,5999,13346,12398,717"
8877,8877,"8562,1102,6515,13230,1866,5980,11201,8839,4568,11549"
8887,8887,"8562,8413,9190,5532,5731,9264,10340,10835,7626,544"
8895,8895,"11739,2770,5789,9854,3243,350,12621,10741,10326,10766"
8907,8907,"1290,7120,1244,11298,9962,789,9101,5135,4929,9295"
8921,8921,"4277,350,4798,10326,8161,2140,6433,5303,4492,717"
8928,8928,"11298,1290,3464,7679,11024,11554,9101,7120,10674,7669"
8936,8936,"10594,4685,3013,4351,4939,13408,8155,2218,6491,217"
8965,8965,"2343,9693,10326,4798,6971,544,6220,9942,5303,13346"
8971,8971,"2343,9693,12665,5532,6795,6220,10835,9942,8562,3950"
9000,9000,"1290,544,7120,11298,1244,9101,4576,11024,2989,10389"
9023,9023,"12665,4277,544,3950,2343,10077,2218,6220,9693,5532"
9025,9025,"1290,6971,5303,12665,10326,8590,275,5199,89,2140"
9031,9031,"3950,6971,2903,5999,8235,10326,13346,11357,8413,6529"
9045,9045,"4798,10326,1290,6220,4277,5303,2218,6659,9942,6971"
9053,9053,"6220,12665,8562,3950,3055,6971,7707,13346,2218,10326"
9054,9054,"9942,6220,3950,3428,12665,8413,8483,13346,2218,4798"
9060,9060,"8562,6220,10326,5303,4798,3950,544,2218,2140,13346"
9063,9063,"8562,8413,3950,6220,9942,4413,13346,2585,11540,2218"
9071,9071,"6220,8562,3950,9942,3428,12665,2218,8681,13346,13110"
9078,9078,"2343,9693,544,5532,4798,4388,2537,4416,7964,7547"
9101,9101,"4798,8562,10326,6220,13346,3950,9942,4277,13296,5545"
9108,9108,"5303,6220,3950,2140,3428,9942,6270,544,5545,13310"
9110,9110,"10326,4798,2218,12665,8562,12857,6433,4277,5303,1328"
9114,9114,"2989,11298,6220,544,1290,5495,4576,7342,9101,11969"
9144,9144,"1290,11298,1244,7120,544,9101,11024,4576,6220,4664"
9172,9172,"1290,6220,7120,1863,544,9083,8981,9101,589,7637"
9185,9185,"6220,1863,7707,10429,544,8562,5976,5495,3487,7637"
9190,9190,"4798,3950,8562,10326,5303,6220,12857,6971,5642,2140"
9193,9193,"3950,10326,6220,8562,4798,12857,2140,2218,13346,13249"
9198,9198,"4277,10326,2140,5303,7138,9340,4798,4908,2147,11320"
9200,9200,"1290,7120,6971,544,10326,6220,1244,9942,2218,5303"
9201,9201,"7679,1290,7120,11298,12995,4576,3464,2769,3845,2989"
9204,9204,"544,10326,5303,4798,6971,2343,13346,3950,5495,8590"
9215,9215,"1290,7120,4929,2140,4798,6971,10663,10326,1747,2916"
9222,9222,"1290,7120,12869,9730,9101,11298,4576,4664,1244,9295"
9233,9233,"4277,4798,5303,1328,350,8421,12665,13346,6383,3950"
9235,9235,"1290,9101,7120,1244,544,4576,11024,6220,2989,7637"
9245,9245,"1290,7120,789,1244,13309,9866,10336,5008,9101,4929"
9275,9275,"89,12665,5875,1290,7024,8235,5375,12253,12628,6509"
9308,9308,"6220,9942,544,8562,3428,5545,7707,13296,3950,2218"
9323,9323,"4277,2218,8421,717,544,217,9340,10326,8483,9072"
9329,9329,"10326,8562,3950,12665,13346,6220,5303,5495,12857,6326"
9355,9355,"8562,3950,4798,6220,2218,8413,6971,5303,10326,5545"
9369,9369,"4798,10326,5303,12857,2140,6433,13249,13346,4277,8421"
9386,9386,"8188,11484,12226,3269,5495,11745,3987,6220,8562,1810"
9388,9388,"4798,544,6220,5303,12665,6971,7707,13296,9942,5545"
9401,9401,"1290,7120,11298,9962,1244,4929,10607,5135,3697,789"
9418,9418,"6220,10326,9942,3950,2218,2140,4798,5545,7707,544"
9433,9433,"4798,4277,13346,8562,10326,3950,217,8421,8483,717"
9440,9440,"10326,544,4277,217,8562,4798,8421,6220,350,717"
9446,9446,"3950,13346,2218,13306,10326,8562,9942,5199,4277,3428"
9464,9464,"5495,12470,5676,544,8188,7707,2218,8413,2585,12086"
9477,9477,"8562,4798,5303,275,3950,6220,5495,10326,2140,12665"
9488,9488,"1290,7120,11298,4576,6971,1244,11024,12869,9101,544"
9500,9500,"10326,4798,4277,10916,717,13346,350,12857,8421,6433"
9502,9502,"4798,8562,3950,3428,13346,544,10326,810,2218,4277"
9507,9507,"2343,9693,2903,5199,3055,6795,2537,8235,544,7024"
9528,9528,"7120,11298,2989,4929,9101,7679,4576,10663,12655,12869"
9539,9539,"4798,10326,2218,6220,4277,12857,8562,3950,13346,2140"
9566,9566,"544,10326,9693,2343,9101,6971,4798,11298,5303,2140"
9575,9575,"4798,10326,13346,12857,8483,2218,9340,11000,8562,5199"
9583,9583,"5495,4798,13346,10326,3950,5303,9942,12470,6220,4277"
9589,9589,"10326,4798,13346,3950,4277,6971,8562,6220,275,544"
9591,9591,"10326,4798,6971,5303,3950,12857,2218,10916,8562,2140"
9617,9617,"5495,11384,3515,4798,1286,10326,609,544,7138,1104"
9620,9620,"8562,6220,13346,9942,3950,12665,10326,2343,5495,5545"
9622,9622,"5495,2905,5109,9393,5999,3950,4463,406,5557,10326"
9631,9631,"12869,3222,1290,9101,11918,4576,12995,7605,4142,1803"
9655,9655,"8562,3950,1042,8822,8413,3149,11910,12130,10984,8283"
9658,9658,"10326,4798,544,2343,2140,5303,5495,6220,9693,9229"
9660,9660,"1290,7120,9101,9730,11298,4929,4576,9295,10663,2989"
9669,9669,"1290,7120,789,9962,4929,5135,4387,12030,10663,13309"
9672,9672,"4798,5303,13346,3950,12857,10326,12793,4277,10916,6326"
9684,9684,"6952,8540,10352,8599,8673,2363,4832,544,10326,4798"
9702,9702,"1290,7120,4929,1244,9962,789,11298,10663,5135,3697"
9705,9705,"1290,7120,10326,8562,6971,12857,8590,4798,4929,6220"
9722,9722,"1244,1290,12869,11298,7120,544,4576,9306,5946,12665"
9732,9732,"1290,11298,1244,7120,9101,9730,4576,7679,4664,11024"
9781,9781,"12655,4576,2874,3238,844,1224,11298,7679,8822,11532"
9803,9803,"5495,5303,5532,544,2218,6971,10835,2343,2903,13112"
9809,9809,"10326,64,2218,8562,3950,5495,2343,1328,5532,6795"
9814,9814,"10326,4277,12857,6971,2140,8421,8562,5303,10916,10594"
9818,9818,"2218,6971,5303,6220,5532,5199,3950,2343,10835,4798"
9820,9820,"2905,9693,5532,3950,12611,6220,4798,5999,406,6134"
9848,9848,"10326,4277,544,5303,4798,2140,4694,1323,350,1017"
9856,9856,"4798,10326,8562,3950,6971,5303,544,4277,2140,810"
9869,9869,"6220,12665,5303,6971,8235,7024,3950,13191,4715,7983"
9889,9889,"10326,2218,5303,6971,2140,8413,6220,4798,12665,8562"
9923,9923,"4798,4277,10326,8562,8483,5303,350,3950,11000,10916"
9929,9929,"8562,3950,13346,12665,3055,4798,454,8333,11622,9455"
9961,9961,"1290,7120,12665,11298,89,11024,1244,4929,7024,8235"
9969,9969,"4798,10326,6971,2218,4277,5303,8421,717,217,1290"
9974,9974,"1290,7120,89,9101,2343,6591,11298,9730,4576,8609"
9976,9976,"1244,12869,3222,11298,1862,11918,12995,11024,1290,7679"
9989,9989,"6220,9942,8562,3950,5495,4798,12470,5303,6971,10326"
9993,9993,"12665,6971,8562,5303,4798,2343,5545,3950,13375,9942"
10002,10002,"6659,10326,544,2989,275,5303,4798,1328,6307,1290"
10011,10011,"1290,11298,7120,9730,7679,11024,4576,2989,4664,1244"
10016,10016,"10326,4798,6220,5303,8562,9942,544,6971,2218,3950"
10028,10028,"9942,3428,6220,11800,5545,1254,57,5077,12724,5209"
10029,10029,"9942,13346,6220,10326,2218,5495,3950,13249,3428,5545"
10033,10033,"12665,5303,3950,3055,8922,1230,1220,2218,1286,8413"
10042,10042,"10326,5303,6971,12857,3950,4798,10594,2140,10916,8562"
10046,10046,"4798,10326,8562,3950,4277,13346,10916,12857,217,13249"
10061,10061,"4798,4277,8562,6220,544,10594,3950,8421,6433,717"
10071,10071,"6220,4277,3950,9942,217,13346,10594,2218,13249,5642"
10084,10084,"4798,13346,6971,8562,10326,2140,8421,6220,12665,8161"
10091,10091,"8562,4798,10326,6220,9470,4482,12578,8221,13346,5999"
10102,10102,"1244,11298,4576,544,4929,2989,10663,4664,6220,11024"
10104,10104,"8562,2218,5303,3950,4798,5495,4277,6220,10326,275"
10121,10121,"1290,7120,6971,4929,789,1244,544,5135,10663,8922"
10131,10131,"13346,3950,6220,4798,9942,3428,5545,8562,4413,1598"
10134,10134,"10326,4277,4798,275,2140,8161,544,6971,5303,4877"
10139,10139,"1290,7120,4929,10663,1244,11298,2916,3697,12497,9101"
10144,10144,"3950,5199,3055,13346,8562,6220,5999,10835,3992,5532"
10155,10155,"2218,3950,4798,8562,5303,8483,11396,2199,4947,6395"
10168,10168,"1863,1290,7637,9564,13296,8703,6220,10429,10326,4798"
10178,10178,"544,1290,9101,2989,9942,10326,11298,6220,6971,1244"
10186,10186,"9693,12665,8562,9942,6220,13346,3950,5545,9404,5532"
10190,10190,"4277,10326,350,10594,8421,717,851,217,9489,4798"
10194,10194,"8562,4798,3950,13346,4277,2218,12857,6326,9455,8413"
10196,10196,"13346,9942,3950,5676,4413,8562,1574,1598,329,8321"
10215,10215,"10326,4798,4277,5303,8562,6971,8421,2140,6433,12857"
10218,10218,"10326,9942,6220,8562,5303,12857,3950,4798,6326,3870"
10251,10251,"6220,8562,8188,3950,12857,13346,5545,7707,10326,2218"
10252,10252,"1290,7120,9295,6220,1244,9962,11298,9101,789,544"
10262,10262,"5495,2903,12099,5199,4266,1619,8235,7024,10835,544"
10266,10266,"6220,9942,544,12665,3950,2343,8562,5545,6971,2218"
10271,10271,"6220,10326,2140,2343,9942,4798,6971,8562,9693,10835"
10277,10277,"8562,10326,5303,3950,6971,13346,4798,2140,12857,6326"
10282,10282,"10326,1290,12665,5303,4798,1244,8590,8421,544,6971"
10286,10286,"1290,7120,4929,12030,1400,2286,12651,3697,9295,11117"
10305,10305,"10326,810,13346,4798,1889,10916,12857,6795,4053,11357"
10309,10309,"9942,6220,12665,8562,2218,5545,3950,6971,13296,4798"
10335,10335,"1290,7120,11298,1244,4929,9730,9101,12869,10663,4576"
10340,10340,"1290,11298,7120,2989,4576,11024,7679,12995,4664,10137"
10375,10375,"6220,4798,8413,8562,9942,12665,4430,4181,5303,5495"
10388,10388,"10326,4798,6971,5303,2140,13346,2218,8562,275,8205"
10397,10397,"10326,4798,8413,5303,4277,12857,1889,10594,11540,3950"
10402,10402,"3950,12665,6220,5545,13346,2218,9942,4413,5676,11403"
10407,10407,"544,4277,6220,5303,350,3428,2343,810,5885,10326"
10408,10408,"9306,7439,3064,4877,5946,13214,10326,2140,8510,2291"
10416,10416,"3950,4798,13346,6220,10326,1220,2343,12857,12665,4277"
10448,10448,"10326,4798,8562,6220,3950,275,544,5303,13346,3428"
10454,10454,"3950,13346,10326,8562,3799,5495,13249,9404,9942,2645"
10499,10499,"4798,10326,4277,717,8421,217,10594,6433,2158,8161"
10503,10503,"3950,8823,11351,2140,4988,8296,3762,8279,6788,5538"
10504,10504,"2989,11298,3464,12869,7679,11024,4545,544,9730,8978"
10508,10508,"10326,4798,5303,4277,544,2140,8421,217,13346,8161"
10514,10514,"8562,3950,13346,10916,6326,6220,810,4277,1598,4798"
10526,10526,"4798,3950,10326,12857,4277,13346,8562,10594,6433,8421"
10540,10540,"4798,10326,13346,6220,5303,4277,3950,275,9942,6971"
10542,10542,"4277,10326,217,544,350,717,8421,9340,4798,2343"
10551,10551,"4798,10326,6220,544,8562,5303,6971,9942,275,12665"
10554,10554,"544,6220,5303,12665,8562,5199,3055,1978,8413,89"
10555,10555,"6220,11484,1607,10429,11744,1875,8444,3487,6909,5966"
10556,10556,"2140,5610,227,3766,7547,5743,7745,12856,4472,3055"
10562,10562,"12857,2140,4798,9072,6971,10326,2905,31,13346,2218"
10575,10575,"1290,11298,7120,9730,12869,11024,9101,9295,1244,2989"
10576,10576,"10326,4798,8421,5303,8562,10916,350,217,9340,12857"
10582,10582,"10326,3950,8562,12665,544,5303,6971,2218,4798,4277"
10584,10584,"3950,8562,13346,6220,4798,10326,9942,3428,5303,2218"
10606,10606,"10326,4798,9942,3950,6220,544,12665,4277,5303,8562"
10611,10611,"4798,544,4277,717,217,8421,8483,350,10077,5303"
10613,10613,"544,10326,1290,4798,217,717,8421,12665,3950,11969"
10614,10614,"7707,10429,1863,7725,7706,5976,8188,12723,8562,544"
10623,10623,"8235,7024,4715,12662,7289,3016,6509,12550,6696,544"
10647,10647,"12869,11298,4163,2957,1851,11024,7679,1290,4216,1558"
10657,10657,"10326,12857,10594,8421,4798,5303,2140,4277,10916,8161"
10670,10670,"10326,4798,10594,10916,4277,8161,8421,2291,4322,12990"
10679,10679,"1290,11298,7120,12869,9295,1244,9730,10389,11024,4576"
10680,10680,"4798,2218,8562,5303,6220,13346,3950,10326,275,6971"
10699,10699,"6971,5495,13346,4798,2218,8562,10326,6326,5303,8590"
10715,10715,"217,4277,238,717,9105,12857,2158,10326,2343,4798"
10720,10720,"3950,13346,4798,8413,8562,12665,5303,6326,10326,10340"
10735,10735,"8562,6220,10326,3950,1290,6971,544,13346,9942,2218"
10742,10742,"6220,10326,6971,12665,2218,8562,5303,544,3950,13296"
10744,10744,"2580,8421,217,4616,7305,7166,7243,837,3659,6211"
10747,10747,"3950,10326,13346,544,10568,4277,12665,6971,5303,5199"
10769,10769,"2343,9455,6839,1933,64,9693,10453,5199,4246,8279"
10795,10795,"4798,2218,6971,5303,2140,8562,10326,275,11000,4277"
10817,10817,"1290,11298,1244,7120,9295,10607,11024,789,9962,5135"
10819,10819,"10326,5303,13346,6971,12665,5461,3055,7679,4798,8483"
10828,10828,"6220,10326,3428,544,5303,3950,1220,13110,4798,8562"
10860,10860,"3950,8562,5303,4798,13346,12857,3428,10916,2789,217"
10868,10868,"9693,2343,11298,9101,9730,4576,2989,2537,4890,6834"
10895,10895,"13346,4798,12857,10916,8562,10326,6326,13249,6433,3950"
10900,10900,"10326,4798,6971,5303,2140,8161,10916,8421,275,13346"
10912,10912,"3464,8315,2769,10009,12458,363,7679,11298,1317,544"
10934,10934,"1290,7120,1244,11298,10326,544,4576,2989,4929,9101"
10947,10947,"5495,12470,6971,10326,5199,5303,544,2140,2903,5999"
10950,10950,"10326,6971,12857,6433,4798,2140,4277,7093,5126,5303"
10964,10964,"1290,1244,11298,7120,9101,9962,10607,789,2989,4664"
10965,10965,"9942,12136,8413,5495,8681,7715,7707,9203,1681,11772"
10968,10968,"10326,544,5303,2218,217,4277,350,50,2140,13249"
10972,10972,"4798,13346,3950,6971,5303,8562,4277,12857,10916,8421"
10975,10975,"4277,10326,8510,4798,9306,544,6433,10093,7383,7464"
11028,11028,"10326,4798,9942,3950,8562,4277,13346,3428,5545,13249"
11030,11030,"1290,6220,11298,544,2989,4576,9101,8590,7120,12665"
11044,11044,"2343,6220,544,10326,89,7707,8681,9101,6971,9693"
11048,11048,"3950,4798,2905,13346,2140,12857,10326,6220,2330,3035"
11065,11065,"1290,6971,5303,6220,2218,7120,9295,4798,8562,544"
11085,11085,"1290,9962,789,5135,1244,7120,11298,9405,3697,11117"
11088,11088,"8562,4798,6971,13346,5303,4698,9937,5149,10326,8981"
11100,11100,"1290,11298,1244,7120,9101,11024,4576,12869,2989,10389"
11102,11102,"4798,3950,8562,13346,12857,10326,8483,8413,6220,13296"
11105,11105,"2343,9693,1290,5532,10835,5199,2903,6795,1244,544"
11107,11107,"8562,10326,3950,13346,4798,6220,2218,9942,8421,6326"
11109,11109,"1290,7120,544,6220,1863,10429,9101,1487,10326,11615"
11120,11120,"1290,7120,11298,1244,4929,9295,9101,10607,544,2989"
11121,11121,"8562,3950,6220,13346,4798,10326,6971,5303,13249,12665"
11133,11133,"8911,6307,2034,10974,10732,8257,449,9375,544,2263"
11149,11149,"10326,12857,9942,6971,2140,4798,5731,13249,5303,9404"
11152,11152,"1290,7120,11298,4576,11024,2989,1244,1779,4664,9730"
11160,11160,"13346,9942,3950,275,4798,5303,6220,3428,4413,64"
11163,11163,"10326,4798,12665,3950,6220,13346,8562,275,544,4277"
11168,11168,"7063,7445,5970,2291,8675,3769,1242,544,8810,1633"
11193,11193,"6220,5303,1978,544,12793,7707,9863,4976,11000,275"
11200,11200,"9942,6220,3428,8562,5495,12470,3950,6659,13110,13296"
11210,11210,"1290,7120,6971,4929,10663,6243,2916,12030,3697,8567"
11215,11215,"10326,10594,8421,10916,11384,5199,12857,13259,7867,8562"
11219,11219,"1290,7120,9962,4929,5135,789,3697,10663,9405,1244"
11243,11243,"2140,4877,4798,2291,10326,6588,9865,12476,7439,544"
11253,11253,"1290,7120,2989,11298,9101,544,1244,12869,4576,10389"
11261,11261,"6220,5303,13296,5545,3428,3870,2218,9942,3950,10326"
11280,11280,"2343,9693,5532,4388,544,5199,6795,3909,12398,8274"
11285,11285,"1290,1244,7120,11298,789,6220,9962,11117,10607,9101"
11309,11309,"3950,8562,6220,6326,13346,10326,2140,8413,12665,1598"
11312,11312,"3950,6971,9404,5495,9942,12665,2218,1746,12470,8413"
11314,11314,"2343,64,717,350,4277,10326,8421,217,9693,13346"
11325,11325,"10326,4798,544,2343,8562,4277,13346,6220,6433,9693"
11327,11327,"6220,5303,8562,7707,4798,9942,10326,544,8981,5545"
11359,11359,"10326,9942,4798,13346,544,275,12665,6971,6220,89"
11366,11366,"11554,9289,9491,8315,1371,6377,5494,7220,11484,10960"
11368,11368,"1290,11298,7120,9101,1244,2989,12869,9295,11024,7679"
11371,11371,"5495,13346,6326,13112,8590,10326,5199,6971,89,2343"
11376,11376,"544,2218,217,2989,4277,4798,8562,8421,9693,12846"
11377,11377,"10326,4798,8562,13346,5303,6220,4277,6326,12857,3950"
11383,11383,"4798,5303,10326,6971,6220,8562,275,544,2140,8413"
11416,11416,"1328,1221,7480,10326,4072,1261,8093,8673,7862,4798"
11444,11444,"1290,10326,9101,1244,4277,6971,6220,11298,4576,12665"
11445,11445,"8562,4798,10326,4277,544,217,3950,350,717,6433"
11448,11448,"9693,544,6795,6220,2537,64,1220,10326,13346,6834"
11469,11469,"6971,725,6796,12451,9229,4308,273,6373,13162,3303"
11487,11487,"7120,544,2343,4929,6971,6220,9693,2989,10663,11298"
11492,11492,"5303,5495,6220,2343,5532,8562,4798,13346,9693,12470"
11503,11503,"544,6220,4277,6659,1404,10326,10453,5495,2218,5303"
11504,11504,"2903,6270,9275,1943,4956,2127,11772,9351,36,12019"
11515,11515,"10326,6220,3950,4798,13346,9942,4277,8562,217,13306"
11547,11547,"10326,12665,4798,6220,6971,3950,13346,9942,5303,2343"
11552,11552,"2343,10326,4798,6220,3950,13346,12665,544,8562,6971"
11567,11567,"10326,4798,8562,6220,3950,4277,13346,12857,217,9942"
11581,11581,"10326,544,4798,9942,5303,6971,2140,1290,6220,12857"
11589,11589,"1290,11298,7120,12869,9101,2989,1244,4576,11024,789"
11591,11591,"12665,11298,1290,89,10137,11024,7120,4654,9942,2989"
11595,11595,"1290,7120,11298,9295,9962,1244,5135,13309,2885,11117"
11604,11604,"544,1290,4798,10326,6971,2218,7120,6220,275,4277"
11608,11608,"10326,6220,8562,3950,12665,13346,5303,4798,2218,6971"
11627,11627,"3950,13346,8562,2218,6220,4798,8421,3055,10326,6326"
11646,11646,"8562,5495,6220,3950,3428,12665,8413,4798,7707,5545"
11647,11647,"10326,4798,6220,6971,5303,4277,8483,275,11000,3428"
11675,11675,"5303,2140,2343,6971,3950,10326,13408,2264,2218,4798"
11676,11676,"1290,7120,11298,1244,6971,4929,12869,9962,9101,10663"
11696,11696,"10326,5495,7063,544,13214,7383,4798,12871,383,13408"
11700,11700,"8562,7332,7772,11912,10868,10337,12424,2193,696,3827"
11722,11722,"1290,7120,6971,6220,1244,9295,544,8590,5303,4798"
11754,11754,"3950,7679,12665,6220,544,5676,13408,10326,9942,2989"
11757,11757,"13408,2343,1220,13346,89,9693,10326,931,6971,9942"
11767,11767,"12665,12757,8562,8235,5875,7024,9458,7053,3632,544"
11773,11773,"10326,6220,4798,8562,8421,5303,1328,4277,3950,6383"
11777,11777,"9942,3950,4798,6220,8562,5545,13346,13110,3428,9455"
11778,11778,"1290,9101,7120,12869,11298,1244,7669,9330,4576,4163"
11788,11788,"1290,7120,11298,10607,9962,2989,1779,3697,9295,9730"
11790,11790,"1290,7120,4929,10326,10663,8590,6971,4955,2916,1244"
11811,11811,"1290,7120,1244,11298,4929,9101,10663,4576,9295,2916"
11837,11837,"1290,7120,1244,11298,4664,10607,4929,4576,9101,2989"
11859,11859,"13346,2218,8235,3950,8413,11403,4798,10326,4413,6302"
11865,11865,"13296,6220,10429,9083,9689,544,7725,7637,1290,5976"
11867,11867,"3950,8562,4798,6220,5495,1328,11540,5642,8221,7138"
11871,11871,"544,1290,2218,7120,5303,11298,6971,11969,6220,13408"
11879,11879,"7120,1244,11298,4576,9101,10663,10607,2916,9962,4664"
11880,11880,"10326,4798,4277,8562,8421,717,10594,5303,6326,350"
11908,11908,"4798,5495,5303,2140,6971,10326,8922,275,3055,2343"
11912,11912,"5303,6971,275,2218,4798,8794,10326,8235,11194,2199"
11925,11925,"13346,4277,64,717,2343,10326,3950,8421,4798,1328"
11933,11933,"6220,8413,8562,8188,1862,5676,5545,7707,8681,2218"
11945,11945,"10429,1863,5976,589,10802,544,10090,7706,12723,8710"
11948,11948,"4798,8562,3950,5461,10326,13346,13249,5495,11751,6326"
11952,11952,"5303,10326,4798,4315,1634,10608,5497,8421,11115,9338"
11957,11957,"62,8302,4469,4798,11515,2784,633,1290,4843,544"
11959,11959,"4798,10326,9942,4277,6220,2343,50,3428,8562,1404"
11967,11967,"2218,6220,8562,3950,8413,8235,5545,8188,1286,12665"
11969,11969,"2580,5069,1421,11939,12606,9101,414,7851,6363,10424"
11970,11970,"6220,8562,2218,7707,13306,3428,4277,544,5545,5642"
11975,11975,"6220,10326,12665,9942,3950,5545,7707,8562,4798,3428"
11995,11995,"8562,3950,6220,12665,1323,9404,5199,13346,9942,2343"
12002,12002,"1290,7120,11298,2989,1244,4576,544,12869,4664,11024"
12022,12022,"1290,7120,12869,9962,789,11298,1244,4664,9101,5135"
12032,12032,"9375,1213,8911,6307,6659,5760,11484,10326,544,10732"
12036,12036,"1290,9101,7120,1244,11024,4576,2989,544,10389,4664"
12066,12066,"2343,4277,4798,9693,275,9455,6971,5731,9093,13346"
12077,12077,"1290,7120,4929,9962,789,1244,5135,10663,3697,13309"
12078,12078,"4798,10326,4277,5303,2140,11000,717,3950,8421,350"
12084,12084,"4798,6971,5303,8562,10326,2140,12665,6220,275,13346"
12089,12089,"8562,6220,6971,3950,5303,5545,4798,10326,2140,13346"
12106,12106,"10326,6220,2989,1290,12869,4277,11969,4576,4798,11298"
12107,12107,"12665,8562,8188,13346,3950,558,4413,9680,2759,6892"
12111,12111,"13346,6220,3950,12665,10326,275,8562,6971,5303,4798"
12131,12131,"4798,10326,5303,2140,8562,8413,9942,6971,275,10916"
12139,12139,"4798,9693,13346,8562,10326,2537,6220,6834,3870,6971"
12141,12141,"6220,7707,2218,5495,8188,13346,13437,8358,8838,722"
12144,12144,"1290,1244,11298,7120,9101,544,5135,4664,13309,12869"
12150,12150,"6220,3950,8562,9942,8413,4798,5545,2218,6659,6971"
12151,12151,"10326,544,12665,6220,4277,4798,217,9455,6971,13346"
12162,12162,"3950,9182,3525,3980,997,5992,2029,2789,9292,5280"
12170,12170,"11554,4163,4940,1371,4216,2957,2709,10674,1558,7971"
12182,12182,"1290,544,5303,7120,5199,2903,9693,5532,5495,275"
12185,12185,"10326,6220,5303,4798,13346,8562,13249,5495,3950,8483"
12191,12191,"10326,10594,6220,5303,12857,3950,2218,8562,5495,6433"
12197,12197,"2343,9693,544,5532,6971,5999,6795,11357,2903,5199"
12204,12204,"1290,11298,7120,2989,11024,4576,1244,9295,3464,4664"
12229,12229,"544,9693,2343,6220,4798,8562,6971,3950,10326,13346"
12231,12231,"1290,544,7120,11298,9101,2989,4576,1244,6971,12869"
12234,12234,"6220,5976,1863,10429,12606,544,8562,1290,7707,7619"
12238,12238,"4798,10326,8562,6971,6220,13346,5303,2218,12665,3950"
12242,12242,"4798,8562,217,13346,5303,3950,10326,12857,10916,11871"
12260,12260,"10326,13346,8562,6220,12857,10916,8421,13249,4277,2905"
12262,12262,"5495,5199,5532,2343,10835,4117,2903,13346,5999,9693"
12281,12281,"6220,10326,5303,8562,2218,5495,4798,8590,8188,3055"
12289,12289,"9693,6795,10326,64,544,4798,2537,6834,5532,9532"
12306,12306,"8562,3950,6971,4798,10916,2140,12857,6220,5303,10326"
12326,12326,"4798,10326,7824,10506,8022,3506,9738,12138,3950,7063"
12337,12337,"8562,3950,4798,6220,2343,13346,2140,9693,12665,8413"
12355,12355,"544,1290,7120,9101,1244,2989,11298,4576,11969,4929"
12371,12371,"3950,4798,6220,2343,2218,10326,5545,3870,3428,13110"
12372,12372,"12665,5875,8235,7024,12662,4715,12628,12550,2145,10023"
12373,12373,"10326,4798,4277,1328,8421,350,12857,8562,2158,6433"
12390,12390,"7120,4929,10663,2916,12497,544,6243,7637,2020,8703"
12405,12405,"2343,9693,544,10326,5532,6795,4388,9101,5199,5866"
12407,12407,"1290,8703,7637,6043,7120,2020,544,9668,5342,9564"
12408,12408,"9942,6220,544,5461,5676,5495,5545,3870,89,8413"
12419,12419,"8590,11484,6971,6659,275,1290,2218,5676,7120,4858"
12423,12423,"8276,12111,12321,2273,10719,3823,544,976,10326,5495"
12426,12426,"7120,11298,9101,1244,544,4929,6971,2989,12869,9730"
12452,12452,"4798,10326,6659,13346,8590,8421,8562,1328,217,13249"
12480,12480,"544,9101,4576,7679,11298,2989,12869,11024,4664,1290"
12530,12530,"5303,4798,8562,10326,6971,9942,7637,8981,1487,544"
12546,12546,"6971,4798,2343,10326,1290,8562,8703,5303,7637,9668"
12556,12556,"1290,7120,1244,2989,4929,9101,4576,9730,11024,10663"
12573,12573,"2218,8413,5303,5545,3428,6220,9942,5495,4181,10326"
12592,12592,"10326,4798,6220,8562,13346,3950,9693,9942,2218,4277"
12596,12596,"10326,8562,13346,4277,3950,4798,6220,12857,10916,8421"
12599,12599,"1290,7120,11298,1244,9295,544,11024,2989,4929,10607"
12615,12615,"544,9101,11298,11024,1244,2989,4163,2957,1290,3570"
12618,12618,"9942,3950,3428,8562,5676,544,13306,13110,5545,7707"
12624,12624,"4798,10326,8562,12665,6220,13346,3950,4277,6971,2343"
12638,12638,"9693,2343,6220,10835,861,8018,796,5199,782,3055"
12641,12641,"544,5199,2343,5532,9693,3950,10326,5495,6971,10835"
12644,12644,"1290,7120,9101,544,4929,2989,12869,10663,9295,4576"
12649,12649,"1290,6971,4798,8703,7637,7120,10326,7713,5549,4101"
12654,12654,"5495,8413,2218,8562,4798,275,50,11357,10326,5303"
12658,12658,"2218,10326,4798,6433,10568,1889,4277,13249,6220,3950"
12659,12659,"544,7120,10326,4798,9101,4277,6971,1244,12665,11298"
12666,12666,"4798,9693,13346,8562,3428,10326,6795,4277,8421,717"
12669,12669,"12507,13401,6588,4609,12665,11542,2953,2686,4303,9942"
12674,12674,"10326,6220,2218,8413,5303,2140,3950,12665,4798,7707"
12688,12688,"9453,1377,8149,10326,1328,544,8401,4798,10352,1290"
12694,12694,"6220,8413,9942,2218,5545,544,3950,13110,3428,7707"
12709,12709,"10326,4798,5303,4277,13346,8421,8562,275,6433,12857"
12712,12712,"5875,7024,8235,12662,10023,1290,12253,8570,6509,8879"
12722,12722,"12869,11554,7679,9330,4163,1290,10674,4940,6299,11298"
12728,12728,"8188,8562,8981,2218,5495,6892,5149,7637,544,6676"
12732,12732,"5532,2343,5199,10835,3909,9693,2443,9132,6529,4388"
12736,12736,"10326,4277,4798,8562,6433,10594,2140,350,12857,8421"
12738,12738,"4798,10326,8562,3950,4277,6220,2343,544,12857,6326"
12741,12741,"10326,9942,3950,2218,3428,8562,12470,4277,5495,8421"
12756,12756,"12470,13408,8413,2218,7707,3545,5545,9306,4895,3428"
12764,12764,"6220,2343,6971,10326,544,275,5303,3950,2218,12665"
12768,12768,"12665,6971,6220,2343,3950,9693,10326,89,4798,13296"
12773,12773,"8562,4798,10326,12857,2218,6326,5303,275,6971,2140"
12789,12789,"4798,10326,13346,8562,5303,4277,8421,2140,6971,10916"
12790,12790,"1290,11298,4929,9101,10663,9295,2916,13408,4576,3697"
12801,12801,"5495,1862,5532,13112,8279,6971,1286,12470,7922,5999"
12804,12804,"1290,4929,1244,10663,12869,2916,9962,12497,6243,3697"
12833,12833,"6220,3950,8562,5303,10326,13346,5642,50,8483,2218"
12846,12846,"4798,3950,10326,13346,12857,10916,6220,13249,6433,5495"
12855,12855,"2343,10326,5495,8562,11774,10785,6914,4416,5861,544"
12860,12860,"8562,3950,4798,6971,5303,10326,2218,10568,2140,13346"
12874,12874,"10326,8562,4798,10916,3950,6326,13346,6220,4277,8421"
12875,12875,"13346,5495,3950,8562,2905,5199,7547,5999,5461,4117"
12877,12877,"2218,6659,6220,5545,1118,9899,8188,12029,11585,4049"
12883,12883,"5495,12470,2218,8413,5303,12668,3950,5545,1037,6220"
12890,12890,"8703,7637,9668,10332,9954,13228,2847,4798,10326,6938"
12919,12919,"1290,7120,4929,10663,9295,12497,1244,10674,2916,12030"
12927,12927,"1290,6220,13296,1244,544,1863,7120,9101,10429,9942"
12955,12955,"6971,5495,10326,12470,3950,2343,8562,8205,4798,7707"
12956,12956,"844,1583,7715,4568,8562,8929,8053,3091,5288,6739"
12958,12958,"9771,7439,10326,5747,2291,2140,4798,8387,10912,9942"
12965,12965,"217,12470,1404,6220,5495,12857,544,3428,9340,3950"
12970,12970,"6220,3950,10326,2218,8562,3428,5545,5303,13249,13110"
12996,12996,"9693,2343,6795,6971,2537,6834,13346,5199,10835,9942"
13000,13000,"6220,3950,8562,9942,13346,2218,4798,5545,3428,3870"
13017,13017,"544,2989,11298,9101,4576,11024,1290,1244,7679,10137"
13019,13019,"10326,4277,8562,6971,3950,5303,12857,6220,13249,6326"
13021,13021,"8562,8413,7707,4413,12606,8188,9937,3950,4414,10916"
13022,13022,"10326,4798,8562,2218,4277,6220,2140,544,5303,63"
13063,13063,"8413,5303,2218,8188,4798,13346,8562,1862,6220,9942"
13075,13075,"544,12869,6971,1290,2602,2291,8205,7439,4877,9942"
13076,13076,"3950,2343,2218,6220,13346,10326,2905,5495,4798,5199"
13101,13101,"4798,3950,10326,2140,6971,13346,4277,5495,5199,544"
13105,13105,"1290,7120,11298,12869,9730,9101,1244,4576,4664,544"
13115,13115,"10326,12665,544,6971,9942,5303,6220,2218,1290,11969"
13117,13117,"1290,6220,5303,7120,4798,6971,544,4664,8681,9519"
13121,13121,"3950,4798,5303,8562,10326,13346,12857,5642,8413,2789"
13123,13123,"544,1290,2343,11298,9101,7120,2989,1244,6971,4576"
13125,13125,"4798,12857,8413,10326,6220,8562,50,3950,2199,6395"
13147,13147,"4798,13346,10326,8562,217,3950,8483,10916,6433,6326"
13151,13151,"8562,5303,8413,6220,13375,13346,10326,5731,3950,6302"
13153,13153,"10326,4798,4277,8562,13346,10916,6326,6433,13249,5303"
13176,13176,"1290,544,11298,12869,7120,4576,1244,789,10137,9730"
13180,13180,"6220,8562,9942,3428,2218,3950,10326,5545,13110,13296"
13192,13192,"6659,1328,3870,8562,10326,5495,3950,4798,9942,3423"
13194,13194,"3950,4602,8235,931,5875,4715,12665,7024,5524,12368"
13195,13195,"5303,50,8562,1978,4277,2218,10326,217,5642,6326"
13198,13198,"5303,10326,10568,4277,8421,4798,9340,12857,8483,10594"
13231,13231,"3950,6971,8562,9942,4798,13346,2140,12665,5642,6220"
13234,13234,"1290,7120,4929,9962,789,10663,5135,13309,9295,3697"
13240,13240,"544,7120,11298,9101,2989,12869,10326,4576,11024,4798"
13273,13273,"3950,6220,2218,5303,12665,13346,9942,5495,10326,8413"
13276,13276,"3950,6220,13346,8562,9942,3428,1978,3992,4602,2580"
13283,13283,"10326,8421,2140,8161,4798,717,10594,12404,1912,1180"
13297,13297,"13346,275,8483,3950,10326,1286,12665,4798,8562,5875"
13301,13301,"13346,4798,8413,5303,8562,6220,5461,1290,10326,1747"
13303,13303,"5495,12665,8562,2218,3950,8483,12857,8413,11622,10869"
13321,13321,"1290,7120,11298,9295,2989,1244,9962,10464,789,3697"
13330,13330,"8703,2855,1863,7637,5966,5631,5149,1290,10326,8247"
13338,13338,"1290,11298,7120,9295,1244,9962,789,3464,5135,1779"
13380,13380,"10326,6971,275,2140,5303,2218,4798,8562,8590,3950"
13389,13389,"1290,7120,4929,1244,10663,2916,11298,6243,12030,3697"
13390,13390,"3950,5532,9942,6220,4602,10835,12225,11439,5999,2218"
13391,13391,"11298,12869,6971,1290,10326,4576,544,4798,9730,5303"
13401,13401,"8562,10326,3950,4277,13346,4798,544,6220,50,12665"
13403,13403,"1290,6220,6971,89,8590,4482,9470,8221,8636,10326"
13407,13407,"10326,544,1290,350,7120,4277,4798,2140,4576,1404"
13413,13413,"217,2140,4277,10326,10594,9598,7063,2861,2291,8972"
13414,13414,"2989,11298,9730,9101,11024,12869,1290,4545,4576,9295"
13446,13446,"4798,10326,4277,8562,5303,8421,13346,12857,717,6971"
13472,13472,"1290,11298,7120,7679,12655,544,4576,2989,7047,9101"
13488,13488,"4798,8562,3950,5303,13346,6971,10326,5642,6326,12665"
13502,13502,"1290,11298,2343,544,11024,9101,7120,2989,1244,4576"
13507,13507,"1290,11298,7120,9730,2989,9101,4576,1244,1779,10389"
13512,13512,"4798,13346,8562,3950,3870,10326,7707,6659,5676,12857"
13543,13543,"4798,4277,12665,5303,8562,10916,8421,544,6220,6971"
13572,13572,"10326,8562,4798,544,5303,6971,3950,6433,6220,275"
13595,13595,"1290,7120,4929,6971,10663,1244,8922,12030,9295,4387"
13599,13599,"5495,3950,3428,9942,544,6220,10326,4798,8562,2218"
13608,13608,"9693,10326,6795,5303,64,12665,13346,2537,544,6220"
13609,13609,"350,10326,9999,9848,478,7480,5241,4798,544,1290"
13630,13630,"4798,3950,12665,9942,10326,2218,6220,2140,6971,2343"
13635,13635,"10326,4798,5303,2140,8421,8562,7803,811,9340,2218"
13645,13645,"6220,3950,4798,8562,10326,5303,3055,6971,8205,9942"
13673,13673,"13346,5199,3055,2343,5532,9532,4798,9693,8421,2903"
13683,13683,"9942,6220,4798,5303,10326,6971,544,3950,12665,2140"
13702,13702,"6971,2218,7715,11403,8413,8235,2903,5731,8922,7024"
13716,13716,"4798,3950,10326,8562,6971,6220,12665,5303,2218,2140"
13724,13724,"11298,2989,9730,9101,544,12869,4576,4929,1244,6971"
13746,13746,"4798,6220,10326,5303,2343,6971,2218,12665,3950,8562"
13752,13752,"8562,4413,10434,3870,3950,9942,10566,3509,8707,4740"
13756,13756,"1290,7120,4929,9962,789,5135,10663,13309,10336,3697"
13763,13763,"1290,7120,1244,11298,9962,9295,789,5135,10607,9101"
13774,13774,"10326,6220,8562,544,9942,6971,13296,7707,5545,1290"
13776,13776,"1290,7120,11298,1244,9730,9962,789,5135,4929,10147"
13786,13786,"1290,11298,7120,789,1244,5135,9962,12869,6811,3697"
13788,13788,"4277,350,9453,6643,6305,10707,4072,4029,5140,5262"
13791,13791,"1290,11298,6971,11024,7120,2989,4576,10389,12995,1244"
13810,13810,"8562,10326,6220,6326,9942,5303,1290,13346,4413,12665"
13811,13811,"10326,4798,10916,8421,12857,4277,8161,9580,5303,217"
13820,13820,"9942,11298,11024,2989,9962,10919,1290,10526,13370,5969"
13826,13826,"714,6220,3950,5495,9730,13346,6433,7078,8483,12665"
13840,13840,"2770,10352,1328,10326,6952,544,9453,4798,8562,1290"
13841,13841,"4277,544,8562,6220,217,6326,13346,13249,717,5303"
13852,13852,"9942,6220,3950,12665,89,5545,13296,3509,12470,2218"
13858,13858,"1290,7637,5549,6971,4698,5149,4798,10326,544,8981"
13865,13865,"9178,1328,6659,1210,9375,10326,6383,4277,2459,12424"
13871,13871,"10326,4277,4798,10594,5303,2140,544,717,8562,6433"
13877,13877,"5461,4798,2158,10326,8562,5292,9306,7445,9461,6659"
13905,13905,"10326,4798,12857,4277,8562,8421,6220,6971,10916,6326"
13924,13924,"7120,11298,544,9101,4929,4576,12869,10663,2989,10389"
13929,13929,"10326,4798,4277,5303,2140,8421,6971,10916,544,8562"
13935,13935,"8562,3950,8413,3428,9693,5676,10916,5532,6220,2140"
13952,13952,"1290,7120,11298,1244,4929,12869,2989,9962,9101,10389"
13953,13953,"1290,6971,10326,6591,7120,4798,7578,6522,275,9295"
13962,13962,"10326,8562,4798,3950,4277,544,10916,8421,717,13249"
13965,13965,"7983,5495,89,8235,6659,3992,9942,6220,8413,5524"
13966,13966,"10326,10594,8421,12857,13346,11754,4798,4957,851,9953"
13974,13974,"1290,11298,9101,11024,4576,7120,1244,2989,7679,12869"
13982,13982,"1290,7120,11298,11024,89,1244,6971,4929,1779,4576"
13983,13983,"5461,2903,5199,13112,4117,5532,5999,11357,785,2822"
13987,13987,"6220,3950,10326,4798,3428,8421,12857,9942,717,13346"
13988,13988,"1290,7120,10326,544,6971,9101,4576,2343,9730,4798"
13991,13991,"10326,4798,13346,3950,12857,6220,6326,5303,6971,8483"
13995,13995,"3950,5199,8562,3428,9532,6302,5495,2218,12665,1323"
13998,13998,"10326,4798,5303,6971,2140,8161,3950,13346,8562,12665"
14021,14021,"6220,3428,13110,13296,8562,5545,13306,3950,7707,4602"
14028,14028,"2343,9693,544,4277,5199,5532,10326,2903,5461,6383"
14042,14042,"9942,6220,2218,6659,12665,5545,10453,50,544,3870"
14049,14049,"8703,7637,4205,10332,9954,13228,2768,12996,544,10326"
14060,14060,"6220,8562,3950,13346,5199,3428,5545,9942,2343,13306"
14061,14061,"8562,13296,3950,9984,4559,9107,8413,4413,544,6040"
14067,14067,"1863,6220,10429,544,7707,5976,779,2327,7106,8188"
14079,14079,"1290,4798,6220,544,5303,6971,7120,12665,275,9693"
14089,14089,"544,4277,350,217,6220,4798,1404,1210,5495,5303"
14097,14097,"4798,5303,10326,4277,544,275,2140,350,1889,1290"
14105,14105,"3464,7679,7669,12869,4163,11024,9330,11554,4216,11298"
14147,14147,"2140,4798,9942,7063,5731,3950,5996,10506,3064,647"
14155,14155,"8562,4798,3950,6220,8413,2218,13346,9942,3870,5545"
14168,14168,"10326,4798,5303,12857,4277,8421,217,2140,544,10916"
14170,14170,"10326,8562,2343,5495,544,10835,5303,64,4277,6220"
14173,14173,"544,2989,3428,4576,9101,6220,13306,3464,11024,9942"
14174,14174,"8562,10326,6220,3950,13346,11540,4277,3870,13249,10916"
14196,14196,"8413,4798,8562,6220,13346,9942,3950,2343,8205,9693"
14197,14197,"2218,9340,5250,4277,3495,8361,10651,10326,3772,9730"
14202,14202,"7120,11298,9101,1244,4576,4929,9962,10663,544,12869"
14204,14204,"9306,6648,2300,8703,13214,10776,383,12871,5939,7615"
14215,14215,"2343,4798,810,6220,544,6795,9693,1574,5532,13346"
14242,14242,"10326,4277,4798,8562,3950,8421,717,5303,2140,217"
14244,14244,"10326,6220,4798,8562,9942,12665,6971,13346,5303,13249"
14249,14249,"1290,7120,4929,3697,10663,1750,11117,12030,9101,9295"
14250,14250,"9738,3285,8452,4531,11199,5939,12998,5691,544,11012"
14256,14256,"10326,4798,4277,5303,8421,717,12857,8562,10594,13346"
14258,14258,"4664,11918,11298,7258,7679,8714,4890,2989,12995,7375"
14280,14280,"5303,4798,6302,5199,8562,10326,6646,7303,13346,3950"
14318,14318,"544,7120,11298,6220,6971,1244,2989,4576,9101,8590"
14325,14325,"10326,1328,350,6659,8421,10891,8562,1377,9453,6383"
14328,14328,"1290,10326,6971,4798,8590,4929,8562,10663,2140,4277"
14329,14329,"13346,3870,9942,8333,8562,5495,8681,4457,5474,3950"
14344,14344,"8562,10326,5303,6971,4798,3950,2140,6220,5199,8413"
14366,14366,"1290,7120,4929,10663,5135,12030,1244,11651,633,1400"
14421,14421,"1290,7120,3464,11298,9962,5135,1244,9730,13309,3697"
14430,14430,"10326,4798,4277,717,5303,2140,8421,217,6220,2343"
14435,14435,"275,4413,6925,10171,4490,12575,3950,8562,11277,8999"
14472,14472,"4798,2218,10326,1290,6220,8590,5199,544,275,89"
14501,14501,"6220,12665,6971,4798,2218,8562,12857,10326,2140,5303"
14509,14509,"4798,6971,13346,5303,12665,8483,3950,10326,8235,5875"
14516,14516,"8562,2218,4798,6220,8188,13296,8981,7707,5303,8681"
14521,14521,"10326,4798,3950,5303,2218,8562,5495,6220,4277,13346"
14553,14553,"5149,5303,7637,5495,8562,6220,1290,4798,1487,2020"
14561,14561,"6220,12665,3950,5545,8562,13346,4413,3428,9942,13296"
14562,14562,"5495,5303,9942,13346,3950,12665,89,2218,12470,6220"
14567,14567,"2140,5461,1220,6220,9942,4798,12589,5303,13090,10326"
14575,14575,"1290,544,7120,4453,9846,9962,9519,2140,9938,12511"
14581,14581,"544,2343,5303,5532,5199,9693,13346,275,6971,2218"
14627,14627,"6971,1290,89,3055,8922,8235,7120,12665,8590,2789"
14634,14634,"6220,9942,3428,13110,544,5184,3950,5545,7359,8188"
14651,14651,"5303,4798,10326,5495,275,2140,8922,13346,544,2443"
14659,14659,"2343,5199,13346,5999,10835,11357,13058,5532,4117,785"
14670,14670,"10326,4798,12665,8421,217,4277,5495,9455,716,9580"
14684,14684,"6220,8562,544,10429,2218,7707,1863,12723,5976,5485"
14691,14691,"4798,13346,1290,9730,275,8922,10326,8562,5762,2140"
14695,14695,"1290,2218,6971,12665,7120,5303,13296,6220,4798,9942"
14705,14705,"10326,8562,4277,4798,1328,217,12857,12665,717,8421"
14711,14711,"1290,7120,4929,10326,544,4277,12606,6220,7491,12030"
14723,14723,"4798,3950,10326,6971,8483,13346,8562,12035,12856,11639"
14739,14739,"11298,9730,1290,2989,9101,7120,10389,11024,1244,4576"
14740,14740,"10326,4798,6971,8562,5303,275,2140,12857,544,8161"
14743,14743,"5495,5532,5303,12668,5199,2218,4798,976,8590,11406"
14747,14747,"10326,544,8562,4277,4798,6220,350,3950,8421,5303"
14748,14748,"9942,6220,89,12665,8413,8681,5545,5676,7983,4602"
14764,14764,"1290,7120,8333,4929,2989,7184,4798,2490,12113,9890"
14771,14771,"544,6220,9942,2989,5495,9693,7707,4664,4576,11298"
14780,14780,"10326,4798,4277,6220,217,8421,717,12857,9340,8562"
14784,14784,"4798,10326,5303,2140,350,12857,4277,544,8421,7138"
14785,14785,"9942,13110,3428,13306,9042,9917,1496,9800,6220,5545"
14798,14798,"2343,9693,9532,6839,10835,1323,5532,11603,13346,13306"
14801,14801,"544,9942,10326,4798,6220,12665,2343,4277,5303,6971"
14803,14803,"10326,4798,5303,6220,544,4277,275,9942,2140,13346"
14821,14821,"4798,5303,10326,275,4277,13249,6326,6971,544,12857"
14832,14832,"6971,4798,8562,1290,2343,5199,10326,544,5532,5495"
14833,14833,"3950,9942,4798,6220,13346,10326,3428,8562,5545,5303"
14853,14853,"4798,12665,8562,6971,7792,6220,9942,13346,8590,544"
14854,14854,"6220,13249,8562,10326,13346,2218,4798,5303,3950,8483"
14856,14856,"6220,544,9942,12665,8562,3950,10326,5303,2218,6971"
14858,14858,"10326,3950,5532,5199,9519,2343,10835,4798,11357,5999"
14864,14864,"6724,8984,9306,3084,3064,1784,1290,5939,9167,9461"
14867,14867,"1290,11298,2989,1244,7120,9101,12665,11024,10389,4576"
14880,14880,"7679,11298,2989,544,4576,11918,9101,11024,4664,4024"
14890,14890,"8562,13346,6220,6971,5199,8205,6326,9942,4798,3950"
14892,14892,"10326,9693,4798,544,6220,4277,13346,8562,6795,12665"
14899,14899,"1290,11298,12869,11024,1244,7120,4576,4664,9962,9101"
14904,14904,"2343,6795,9693,9532,89,3055,12665,5532,8279,8235"
14906,14906,"11298,1290,7120,1244,9295,12869,4664,3464,1779,4576"
14909,14909,"4277,350,9340,5303,4694,716,544,6751,10594,50"
14929,14929,"8562,6220,4798,5303,5545,3950,2218,4698,9937,9942"
14931,14931,"6220,7707,13296,1863,10429,8703,2058,8562,12822,544"
14938,14938,"4798,10326,3950,13249,8562,6220,6971,4277,12857,10916"
14955,14955,"3950,6971,6220,10326,2140,12665,4798,13346,5303,769"
14961,14961,"3314,2936,5645,9212,3269,1968,10326,4569,8562,8327"
14969,14969,"1290,11298,9730,7120,9962,11024,12869,5135,9101,4664"
14970,14970,"10326,4798,4277,6971,217,717,2218,8421,6220,544"
14977,14977,"12665,3950,6220,8562,5495,5676,9942,7707,1225,5545"
14991,14991,"4798,10326,6220,5303,13346,12665,8562,2218,3950,3870"
14993,14993,"4798,2140,9306,2291,7445,176,10462,4262,10326,6013"
15009,15009,"12857,4798,3950,13346,717,8562,13249,10326,8421,8483"
15014,15014,"11298,9101,9693,2989,2343,4576,1244,10389,544,8978"
15028,15028,"7120,11298,1244,4929,9101,9295,10663,3464,2989,12869"
15029,15029,"4277,217,717,10326,8562,4798,13249,8483,10916,8421"
15030,15030,"5495,13346,8562,8413,9942,6220,7707,8681,5545,13306"
15033,15033,"4798,6971,10326,2343,13346,8562,9693,12857,10916,10835"
15052,15052,"544,4798,5303,8562,717,6433,8421,6220,350,13346"
15062,15062,"4798,10326,13346,6220,6326,5303,8421,13249,1978,9942"
15074,15074,"6220,9942,544,1290,6971,5303,2218,8562,9693,2343"
15081,15081,"13346,3950,2343,13110,9693,10326,5532,5495,2140,6220"
15082,15082,"4029,3563,2436,9994,13209,5425,3339,9726,10233,5251"
15097,15097,"13346,6971,4798,2140,8562,9771,4877,2291,5747,7439"
15098,15098,"4798,10326,8562,3950,6220,6971,5303,13346,4277,2218"
15107,15107,"1290,7120,4929,1244,11298,10663,789,5135,9962,3697"
15113,15113,"10326,4798,8562,6220,3950,4277,6659,350,13346,275"
15120,15120,"10326,8562,4798,6220,3950,13346,5303,2218,13249,3428"
15121,15121,"4798,10326,8562,3950,13346,12857,6220,6971,4277,12665"
15122,15122,"4798,10326,8562,5303,3950,12857,6220,13346,2218,2140"
15141,15141,"4277,350,10326,217,8562,7275,1328,4798,6383,7886"
15143,15143,"4798,10326,6220,6433,4277,8562,13296,1863,6971,10916"
15148,15148,"3950,64,13346,5495,2343,6220,5199,5532,9693,12665"
15164,15164,"10326,9942,6220,2343,11969,9693,12665,8562,5303,7707"
15165,15165,"6220,1290,9942,544,9101,2218,6971,8562,3428,89"
15175,15175,"10326,4798,4277,717,8421,10916,275,13346,12857,8483"
15186,15186,"1290,4929,1244,9295,10663,5135,789,11298,2916,12030"
15189,15189,"10326,6220,544,3950,4277,4798,217,2218,5303,8562"
15200,15200,"10326,4798,6220,544,1290,4277,6971,5303,8562,9942"
15204,15204,"10326,8562,4277,6220,13346,10916,4798,2140,9942,3950"
15205,15205,"1290,4798,7120,6971,544,6220,5545,13346,2411,8562"
15217,15217,"5199,8590,8922,4266,8235,5532,7637,10835,5303,8703"
15240,15240,"2989,11024,12869,1244,7679,4576,10389,1779,12995,10607"
15248,15248,"1290,6220,1863,6971,10429,8562,7637,7120,8703,5495"
15253,15253,"4798,10326,8562,4277,10916,2140,2343,5303,544,9771"
15256,15256,"4277,544,10326,1978,2140,4798,13346,350,7138,3950"
15260,15260,"10326,544,5303,4798,8562,2343,3950,8421,13346,6971"
15265,15265,"5495,12470,12092,11540,5199,4376,2218,13110,12562,544"
15274,15274,"13130,5251,3314,10233,4029,8540,1516,972,10743,10326"
15275,15275,"4798,2140,5303,6971,10326,7063,11609,13214,383,12665"
15282,15282,"4798,10326,8562,2140,8205,2218,9580,8472,2924,560"
15294,15294,"2343,6795,5532,9693,9532,2903,10835,5199,4388,3909"
15304,15304,"1290,11298,7120,1244,9962,789,4576,9101,9295,10607"
15330,15330,"544,10326,6220,2343,9693,9101,11969,6971,11298,275"
15331,15331,"8562,12665,13346,3950,6220,13296,3055,5495,5199,3565"
15332,15332,"1244,1290,10389,7120,11298,2291,7679,3464,9375,3798"
15339,15339,"6220,1863,5545,10429,7707,5976,9942,8562,544,589"
15387,15387,"544,6220,7707,1863,10429,8562,10326,9101,12606,12665"
15391,15391,"544,10326,6220,4277,12665,4798,275,6971,8562,3950"
15396,15396,"4798,13346,10326,8562,6220,6326,3055,6971,12665,3870"
15397,15397,"6971,2218,7715,5303,13346,8562,3577,3870,1286,8235"
15421,15421,"4798,9306,2899,383,6648,2343,7383,10776,8071,2300"
15427,15427,"1290,7120,7679,11298,9730,4929,9101,544,4576,1244"
15434,15434,"544,1290,2989,11298,1244,7120,4576,10429,12995,6220"
15441,15441,"5495,10326,275,4798,12665,2218,8562,8590,13346,9942"
15444,15444,"6971,6220,2218,5303,275,10326,4798,12665,9942,2140"
15457,15457,"4798,6220,3950,8562,5303,13346,6971,10326,8483,8421"
15466,15466,"8562,3950,717,13249,217,11000,4277,1978,5303,13346"
15475,15475,"12857,4798,8413,13249,3950,1978,5676,6270,10326,6326"
15483,15483,"11298,1290,9295,11024,2989,7679,9101,4576,7120,1779"
15487,15487,"8235,5875,7024,12665,89,12662,13191,5375,4798,544"
15500,15500,"2140,7063,275,9771,4877,12404,7439,9306,5946,7683"
15511,15511,"6220,2343,9942,9532,12339,2822,698,10326,9032,5532"
15515,15515,"8562,6220,3950,2218,4798,5545,7707,13346,10326,8681"
15519,15519,"4798,6971,12665,8562,13346,8235,3055,7578,5303,8922"
15534,15534,"9693,2343,8413,5303,6834,2537,5545,4605,3127,5782"
15545,15545,"1290,7120,11298,9101,4576,12869,10137,11024,1779,2989"
15553,15553,"2343,9730,9693,2989,12869,11024,544,7679,4576,11298"
15556,15556,"5495,8413,12470,2218,3950,5303,6220,8562,8483,7707"
15564,15564,"4798,13249,6326,13346,12857,3950,6433,8161,7063,10916"
15567,15567,"1290,7120,11298,12869,1244,7669,4929,4163,4576,10674"
15582,15582,"12857,4798,6433,6326,8562,9602,217,5676,10326,13346"
15585,15585,"10326,4798,4277,5303,8421,717,12857,6971,8562,6433"
15587,15587,"8562,6220,3950,8413,5303,2218,13346,5495,2140,5545"
15589,15589,"6971,5303,2140,8483,4798,10326,11000,8562,275,4277"
15590,15590,"9693,6795,3428,5495,5532,2537,6834,12665,64,10835"
15595,15595,"3055,6522,10326,7526,10002,7832,6232,11227,8235,3173"
15611,15611,"11298,1244,9101,2916,9730,9962,3697,4576,9295,10607"
15613,15613,"3950,13346,9942,3428,4798,6220,10326,6971,3055,3340"
15632,15632,"10326,8562,13346,6220,4277,5303,544,12665,6326,7707"
15633,15633,"10326,544,4277,5303,350,9072,13249,4798,12857,12665"
15639,15639,"6971,5303,4798,3950,6220,10326,8421,8590,2905,2218"
15648,15648,"10326,4798,4277,217,6971,717,544,6220,10916,12857"
15652,15652,"4798,10326,9340,350,275,4277,8205,13346,8421,2140"
15683,15683,"6220,9942,3428,5545,2218,13296,7707,8562,4413,8188"
15688,15688,"9942,6220,8562,5495,5545,3950,7707,3428,2218,5676"
15703,15703,"9942,8413,3950,4413,10340,13346,8562,10896,11622,4602"
15708,15708,"3950,2218,6971,4213,2724,5879,141,2385,11040,6111"
15714,15714,"10326,4798,8562,544,3950,217,12857,717,10916,8421"
15719,15719,"4277,10326,4798,12857,10916,350,8562,13346,6433,10594"
15727,15727,"8413,1230,8562,8922,2380,2199,8235,10326,6971,5124"
15728,15728,"1290,7120,4929,10663,12030,5573,4387,6243,8567,544"
15735,15735,"10326,4798,8562,4277,275,8590,5303,8421,2140,8483"
15736,15736,"5495,3950,8562,1328,31,9942,4453,6220,1355,12665"
15739,15739,"1290,7120,2989,9295,11024,1244,8978,6288,12869,3464"
15742,15742,"9942,3950,6220,4798,12857,10326,8562,89,8413,5303"
15764,15764,"350,50,1978,9234,4277,12226,9178,8562,13346,9100"
15773,15773,"10326,4798,13346,5495,2140,6971,10916,12857,3950,8562"
15774,15774,"1290,7669,11298,7120,6591,12869,9730,9295,2957,4163"
15786,15786,"1290,11298,11024,9101,7120,544,4576,12995,9730,12903"
15789,15789,"4277,12857,10326,217,9105,8421,350,717,6433,9489"
15796,15796,"9942,6220,2343,9693,10326,3428,2218,3950,12665,9072"
15800,15800,"5495,8562,2218,12470,12099,12668,10326,10077,1783,9718"
15802,15802,"1290,7120,9101,1244,11298,544,9730,9295,2343,4576"
15812,15812,"10326,4798,5303,4277,544,8562,350,2140,8421,10077"
15815,15815,"8503,5303,11320,3870,10154,12636,1634,544,8409,11666"
15828,15828,"6220,8562,10326,13346,12665,13249,9942,3950,544,6433"
15831,15831,"11298,4664,1244,1779,7679,7265,2885,1290,2170,2870"
15840,15840,"4277,350,10326,717,9340,544,275,10594,12404,11010"
15845,15845,"4798,8562,13346,3950,10326,12857,6326,4413,9942,3870"
15847,15847,"2218,6220,8413,5461,232,5495,10799,7485,3361,11326"
15856,15856,"4798,10326,8562,12857,6971,10916,8421,5303,13346,6326"
15861,15861,"12869,1290,4163,11298,2957,9962,1558,4216,5135,4688"
15862,15862,"1290,7120,11298,4576,9101,1244,9962,789,544,4929"
15871,15871,"5495,8413,12470,7707,2218,8562,8188,5184,3950,8373"
15872,15872,"8562,3950,13346,3055,8421,9733,10326,8413,4798,8205"
15883,15883,"1290,7120,11298,9295,2989,1244,9101,4576,6971,544"
15886,15886,"1863,544,2343,6220,7707,10429,5976,8562,2327,779"
15888,15888,"9942,6220,12665,544,5303,3950,6971,10326,2218,3428"
15898,15898,"4277,6220,4798,10326,8421,13346,6971,8562,8161,3870"
15919,15919,"4798,50,6795,4416,10326,6326,64,8198,6842,9016"
15922,15922,"1290,7120,4929,5135,11298,3697,13309,1244,9295,9866"
15931,15931,"544,1290,7120,9693,11315,5251,10743,10233,589,375"
15941,15941,"6220,8562,9942,8188,3950,7707,2218,3428,5495,13110"
15943,15943,"4798,10594,12857,8161,220,8421,10326,8022,13346,6899"
15956,15956,"10326,6220,4798,6971,8562,3950,5303,12665,275,5545"
15958,15958,"1290,7120,6220,6971,544,5303,89,4798,275,10326"
15960,15960,"2343,8413,5303,6220,2140,4798,10326,6795,810,13346"
15973,15973,"3222,11298,4890,5979,4545,9101,12330,11024,7605,4576"
15977,15977,"1290,7120,11298,1244,4929,9962,789,10607,10663,9101"
15994,15994,"8562,13110,89,3950,4413,7359,7723,861,3577,13346"
15995,15995,"1290,7120,1244,4929,11298,6971,9962,9730,5135,789"
15996,15996,"6220,3950,13346,5545,9942,10326,8562,7084,4798,5303"
15999,15999,"6220,3950,2140,220,8562,4798,10006,10785,237,11572"
16060,16060,"1290,7120,6971,4798,10326,6220,544,5303,12665,2140"
16069,16069,"3950,4798,13346,2218,217,1978,717,10326,8483,13249"
16076,16076,"1290,11298,2989,9101,544,7120,1244,12869,4576,9730"
16085,16085,"12191,7480,10326,6306,11914,11999,4097,8562,5241,6383"
16089,16089,"8562,6971,8703,8922,9668,2140,7637,1290,4798,4698"
16097,16097,"10326,4277,4798,544,8562,5303,13346,8421,10594,3950"
16112,16112,"6326,3950,6220,13110,12152,217,9942,1030,544,12857"
16116,16116,"4798,10916,12857,9953,10326,8562,2291,12875,1776,4562"
16137,16137,"275,4277,8483,4798,350,5303,10326,217,13346,1978"
16150,16150,"3950,717,217,7087,1328,6528,8421,6979,4303,8562"
16174,16174,"3428,3950,13110,9942,4413,1325,12575,8413,7723,10952"
16176,16176,"3950,8413,1889,4173,6971,8562,5078,11910,11262,2903"
16210,16210,"1290,7120,4929,10663,9962,789,6971,1244,5135,11298"
16212,16212,"10326,4798,3950,8562,13346,12665,6220,4277,5303,2140"
16230,16230,"10326,8562,4798,3950,5303,6220,2218,4277,8590,13346"
16245,16245,"10326,4277,544,4798,1328,217,350,8562,6433,717"
16293,16293,"8562,3950,6220,13346,4798,13249,10326,5303,12857,11000"
16299,16299,"1290,7120,11298,9295,1779,1244,9962,8590,3697,2989"
16300,16300,"1863,10429,7706,589,7707,3542,3487,7619,11103,11233"
16303,16303,"12857,10916,3950,8562,10326,4277,2140,2218,2448,3281"
16305,16305,"1290,7120,11298,12869,6971,89,4576,9101,6220,2989"
16314,16314,"4798,8562,4277,10326,5303,12857,6433,13346,544,6326"
16328,16328,"4798,12857,8562,10326,11540,2140,13346,652,3458,240"
16340,16340,"1290,7120,9101,11298,1244,544,9962,789,12869,5135"
16351,16351,"10326,1328,9942,544,4277,10869,3428,8483,5184,1437"
16363,16363,"4798,11969,2343,6220,5495,10326,13346,5303,9693,544"
16376,16376,"4798,6971,5303,10326,2140,7063,37,6433,12733,2264"
16387,16387,"12857,4798,10326,6433,6326,8421,10916,4277,13346,6220"
16395,16395,"6220,8562,10326,4798,5545,544,1978,2140,3428,3950"
16414,16414,"6971,8562,7707,6220,810,4798,5545,10326,12606,5303"
16416,16416,"8413,7715,9454,10506,8452,3506,8053,8022,544,8217"
16418,16418,"6971,6220,5303,2218,10326,89,12665,8205,7983,9072"
16471,16471,"1290,2989,7120,11298,1244,4576,9101,11024,544,10389"
16489,16489,"8562,4798,10326,12857,8413,6220,2218,3950,6326,4413"
16497,16497,"2343,9693,5532,6795,5199,10835,12665,5303,1220,3909"
16509,16509,"5303,2218,2140,6971,4277,1978,8590,544,6220,7063"
16510,16510,"9942,3950,13346,6220,5303,2218,5545,8413,4413,8562"
16521,16521,"11298,1290,1244,11024,7120,4664,10389,2989,9730,4576"
16524,16524,"10352,12824,8540,840,11590,544,4868,4054,10326,3770"
16582,16582,"5303,13408,7136,3275,1926,12253,7986,544,5482,7609"
16592,16592,"1290,6220,2343,8562,6971,9693,544,8590,7120,7707"
16604,16604,"1290,11298,7120,12655,7679,9101,2989,11969,12869,544"
16605,16605,"1290,9101,11298,7120,4576,11024,6220,1244,544,8978"
16617,16617,"11298,1290,11024,9101,2989,4576,1779,7679,7120,12869"
16622,16622,"11298,2989,4576,11024,9101,1290,1244,12869,11918,7679"
16624,16624,"6220,8562,3950,2140,3428,4798,7238,4413,10138,11396"
16628,16628,"3950,11484,11406,6646,13380,13346,2903,10304,1361,5823"
16633,16633,"1290,7120,4929,1244,6971,11298,544,2989,9101,2916"
16646,16646,"7707,10429,8562,9083,13269,544,10326,8981,7706,5702"
16651,16651,"10326,13346,5495,8562,4798,12857,13249,50,6433,8421"
16654,16654,"13346,10326,4798,6971,6220,8562,8483,6326,8421,10916"
16673,16673,"8562,3950,2218,5303,6220,9942,11000,2140,4798,13346"
16675,16675,"10326,6220,4798,8562,13346,9942,3950,4277,6326,12857"
16677,16677,"6971,2218,2343,9693,5532,5199,5303,3950,10835,12665"
16679,16679,"8413,275,13375,1889,3416,6971,11540,2218,5303,4798"
16686,16686,"1290,11298,7120,1779,9730,1244,9962,10607,789,1576"
16695,16695,"4798,3950,10326,4277,5303,8562,12857,8421,10594,2140"
16704,16704,"3428,3950,13346,8562,12153,9942,5545,5676,8413,13306"
16709,16709,"6220,9942,13346,12665,3950,5495,1220,5545,2218,7707"
16773,16773,"4798,10326,4277,5303,6433,12857,6326,13346,3950,8483"
16774,16774,"10326,8562,12857,1889,3950,2218,8421,13249,13346,11540"
16797,16797,"6220,3950,9942,3428,13110,8562,13306,13346,12665,4947"
16803,16803,"2140,7063,6751,8562,4014,13090,11871,12026,4573,4915"
16804,16804,"10326,4798,4277,13346,12857,10916,3950,5303,6433,6326"
16806,16806,"8562,6220,4798,544,10326,5303,7707,12665,2140,5495"
16810,16810,"3950,9942,13346,3428,6220,8413,12934,220,1598,1889"
16836,16836,"6433,4277,350,2140,1978,581,10326,9423,544,8793"
16844,16844,"13306,4266,8246,5495,13346,13271,11774,544,4025,10326"
16861,16861,"1244,1290,11298,12869,7120,4163,2957,9962,5135,1558"
16875,16875,"4798,10326,6971,5303,13346,2218,8562,2140,3950,6326"
16936,16936,"4798,13346,10326,3950,12857,8562,6971,4277,5303,2140"
16946,16946,"4798,217,13346,10326,12857,3950,5303,8562,1328,717"
16965,16965,"4798,10326,6220,3950,5303,2140,13346,8562,275,2218"
16987,16987,"10326,4798,6971,5303,2140,8562,12857,8421,6220,8161"
16988,16988,"6971,5875,8922,2343,6529,7024,3055,5532,13191,12757"
16989,16989,"8562,6220,10326,4798,3950,12665,5303,2218,9942,5545"
17007,17007,"6971,10326,275,4798,5303,9602,9942,9668,4101,8562"
17016,17016,"10326,4798,3950,6220,8590,5461,13346,4277,8562,6971"
17030,17030,"4798,10326,6971,2291,9744,6624,2370,12504,6370,1692"
17034,17034,"4798,10326,13346,8562,3950,4277,6971,10916,6326,12857"
17054,17054,"13346,5303,12857,2140,10594,10326,4798,3799,3458,13402"
17056,17056,"12857,1328,4798,13346,10326,6326,350,811,6549,6306"
17084,17084,"10326,12665,2218,5495,5303,4798,3950,6220,2140,8562"
17098,17098,"544,5495,5303,4277,12470,10326,12665,4576,2343,9101"
17102,17102,"4798,6971,10326,5303,8590,3950,2140,2218,6220,3055"
17109,17109,"3950,11572,1788,782,9908,11726,6287,455,6164,544"
17112,17112,"544,1290,4798,6971,10326,2218,6220,7120,275,4277"
17119,17119,"4798,10326,6971,2343,5303,2140,9942,6795,11000,544"
17124,17124,"6220,5303,2218,10326,9942,8562,3950,7707,13346,6971"
17141,17141,"4798,6971,10326,544,2343,5303,9693,6220,13346,5495"
17160,17160,"4277,7669,8483,7679,217,4163,12869,12665,544,2957"
17179,17179,"3950,2218,8562,6220,13346,8483,4798,8413,3870,9602"
17189,17189,"4277,217,717,8421,6433,3950,350,544,9105,10326"
17191,17191,"8562,8981,5495,5149,10326,7707,7706,6220,544,4798"
17194,17194,"8562,12857,8421,10326,5495,2140,1634,2218,11000,3950"
17195,17195,"5199,5532,5495,2903,10835,5999,2218,2343,11357,4053"
17200,17200,"1290,7120,11298,4576,2989,9101,1244,11024,10389,544"
17212,17212,"6220,3428,3950,5545,13306,10326,13110,5184,6659,8413"
17218,17218,"2343,10326,9693,9532,6220,5199,544,5495,8279,3950"
17232,17232,"8562,217,3950,8413,6326,12857,50,717,6270,8161"
17242,17242,"4798,10326,4277,8562,544,12857,13346,717,217,10916"
17255,17255,"3950,8562,6220,8413,9942,4413,3428,4798,13346,9799"
17262,17262,"1290,11298,1244,7120,12869,10607,9101,4576,2989,11024"
17275,17275,"6220,8562,5545,12665,3950,13110,2218,4413,4798,9942"
17276,17276,"4277,6220,3950,5303,8562,2140,13346,9234,8421,12857"
17278,17278,"1863,4250,10429,7706,544,9083,589,7619,1290,2113"
17283,17283,"10326,4798,8562,1290,6971,9942,544,5303,6220,1220"
17284,17284,"11000,1978,3282,13346,10326,8421,5999,12034,5495,5534"
17295,17295,"544,10326,6220,4277,9942,6433,217,3950,3428,8421"
17298,17298,"1290,544,2989,11298,9101,4576,7120,1244,11024,12869"
17319,17319,"9942,6220,3428,8562,3950,5545,10326,13296,13306,544"
17320,17320,"544,11298,9101,7679,1290,3148,4576,2989,1244,11918"
17325,17325,"9693,12665,8483,13346,6795,6220,544,89,10326,2218"
17330,17330,"1290,5875,7024,8235,13191,10963,7120,7856,377,12662"
17334,17334,"1290,2989,12869,3704,1244,9962,789,9101,11024,7120"
17346,17346,"6220,9693,2343,12665,9942,13346,8562,4413,12058,2218"
17352,17352,"6971,2218,10326,3950,1290,5303,5532,4798,1220,2140"
17353,17353,"1290,7120,9962,4929,789,6220,5135,13309,1244,1863"
17396,17396,"10326,4798,8562,5303,2218,2140,8205,12857,3950,6433"
17408,17408,"4277,544,10326,3950,5303,4798,6220,8421,12857,2140"
17414,17414,"8562,6220,3950,5303,5545,6302,10326,9942,12665,13346"
17422,17422,"4163,2957,7089,7889,10981,12022,12262,10147,1098,217"
17424,17424,"10326,4277,4798,3950,2140,6971,8562,6383,8421,6270"
17427,17427,"1290,789,9962,7120,5135,4929,13309,2339,13027,4613"
17432,17432,"8562,217,4798,3950,13346,10326,6326,8421,13249,6220"
17434,17434,"10326,6971,5303,4798,6220,2140,8590,12857,2343,1912"
17439,17439,"6220,9942,8562,3950,3428,12665,5545,13296,4798,13249"
17442,17442,"6220,8562,544,9942,2343,6971,5303,10326,5545,13296"
17449,17449,"4798,8562,13346,10326,3950,12665,9942,6326,6220,5545"
17472,17472,"9693,5532,5199,5461,2905,12665,3950,544,2343,5495"
17509,17509,"1290,11298,544,1244,9101,7120,2989,4576,11024,10389"
17522,17522,"9942,3055,4413,931,8235,4602,1742,89,434,3166"
17527,17527,"5303,2140,10326,1912,12857,4798,7063,2291,12369,12733"
17535,17535,"1290,7120,4576,7679,1244,11298,9295,11918,7342,10389"
17540,17540,"8562,4798,2140,3950,10326,4277,6220,5303,7063,8421"
17541,17541,"1290,11298,2989,1244,9101,9730,4929,11024,4576,10663"
17551,17551,"10326,5303,4798,8562,11000,6220,8421,4277,2140,31"
17564,17564,"10326,8421,12857,4798,8562,6311,6899,2815,10561,11922"
17565,17565,"350,10326,12191,6306,4798,544,6071,13100,1290,9942"
17581,17581,"10326,12857,4277,8562,8483,13346,2218,10916,3950,3774"
17596,17596,"6220,6971,4277,89,275,3950,13296,10326,13346,8562"
17601,17601,"3950,8562,4413,9942,8413,7723,13346,9799,3106,10340"
17611,17611,"13346,8562,9942,275,6220,10326,8413,10916,13296,5303"
17612,17612,"10326,217,6659,8562,13296,9942,3950,3428,1355,350"
17620,17620,"8413,5495,6220,8188,3950,12665,5199,2343,3055,5545"
17627,17627,"2343,9693,6795,5532,5495,6834,1220,10835,2537,64"
17634,17634,"1863,8562,9083,8981,6220,13269,5149,7706,2643,7707"
17649,17649,"10326,8562,544,6220,4277,4798,3950,13346,350,5303"
17654,17654,"8562,3950,13346,12665,2343,2218,7707,12026,10589,6655"
17659,17659,"10326,4798,8562,9668,7707,7637,8703,4698,9937,11186"
17666,17666,"1290,7120,544,6220,3950,4929,6971,4576,10663,12665"
17674,17674,"11000,851,7916,8132,11843,5006,9711,12439,4798,560"
17684,17684,"544,10326,4798,350,1328,12665,8421,6383,652,3950"
17708,17708,"10326,8562,5303,2218,3507,6433,4798,2140,12857,13346"
17709,17709,"6220,3950,10326,13346,8483,8562,3428,5495,1328,5610"
17741,17741,"6971,4798,10326,5303,2218,3055,12665,8562,11622,13346"
17752,17752,"6307,9375,1213,6060,8911,10732,5249,544,873,516"
17765,17765,"2343,6220,89,12665,3950,2218,5532,6795,1220,2537"
17770,17770,"8703,7637,6938,5342,1290,10332,9668,544,10326,9564"
17814,17814,"2218,6220,544,5676,1220,3950,5495,8562,10326,4798"
17818,17818,"1244,350,544,7120,1290,5866,8189,9942,10987,146"
17822,17822,"1290,7120,8302,2286,11117,12030,2784,2339,8554,4638"
17826,17826,"4798,8562,10326,4277,544,12857,275,2140,8421,10594"
17827,17827,"1290,11298,1244,7120,2989,4576,10389,9101,4664,10607"
17840,17840,"10326,8188,2218,6220,7707,5495,13296,8562,1856,4798"
17843,17843,"2218,8413,5495,544,9942,6220,13310,12470,7136,11772"
17864,17864,"4798,9984,3950,12785,6639,6461,5445,6433,13329,5461"
17871,17871,"8188,5149,10429,1863,1487,8703,8981,7637,544,10326"
17881,17881,"12665,544,2218,3950,4277,10326,2343,8421,4798,1290"
17928,17928,"10326,8562,4798,6220,12665,544,8421,4277,3950,5303"
17931,17931,"9375,7220,5494,7721,6307,10974,544,10326,5103,516"
17933,17933,"8413,3950,2343,6220,2218,5303,2903,8562,9203,10986"
17953,17953,"544,5495,10326,5303,1290,2218,6220,4798,12665,3950"
17970,17970,"9942,3950,13346,6220,5545,931,4413,13306,2567,89"
17977,17977,"4798,10326,8562,5303,3950,6220,12665,1328,13249,1912"
17982,17982,"1290,9962,7120,1244,9101,12869,11298,544,7817,10644"
17995,17995,"1290,6971,7120,13296,8302,12030,2286,2339,61,7390"
18002,18002,"10326,5303,12857,6971,8590,8421,4277,4798,10594,2140"
18006,18006,"6659,10429,9107,2869,10378,1863,5976,9759,544,1659"
18023,18023,"10326,5303,6971,6220,4277,275,13346,2140,2218,544"
18024,18024,"7439,5747,4798,4877,9771,10326,2291,5946,10912,544"
18047,18047,"6220,2343,9942,5545,6795,13296,4602,3950,4413,13110"
18050,18050,"9942,2218,6971,4798,6220,275,5303,544,11969,3950"
18078,18078,"10326,4798,6971,13346,8562,4277,8421,5303,10916,2140"
18086,18086,"1290,7120,6971,4798,9962,4929,789,544,5135,1244"
18093,18093,"1290,7120,11298,4929,1244,4163,2957,3464,10674,12869"
18115,18115,"4277,10326,3950,4798,12857,8421,2140,10594,717,10568"
18122,18122,"1290,2218,7120,8981,5149,12723,11615,1856,4698,10429"
18124,18124,"10326,4798,6971,5303,2343,1220,544,1747,2140,2218"
18127,18127,"1290,7120,1244,4929,11298,9295,10663,9101,12869,9962"
18133,18133,"8562,3950,10326,6220,13346,4277,3428,12857,4798,1328"
18148,18148,"2218,3950,5199,8562,6971,2905,8505,9942,2140,4199"
18155,18155,"9693,13346,2343,12378,2867,275,6503,2205,64,12606"
18158,18158,"11298,11024,4576,2989,8978,11918,12995,12655,10389,7679"
18166,18166,"10326,10568,3950,2140,4277,4798,544,9178,5303,350"
18167,18167,"10326,4277,2218,5461,6433,544,9072,9404,3950,350"
18169,18169,"2140,9306,6724,10954,8984,13346,11609,3950,5946,9334"
18175,18175,"9693,6971,12665,9532,6220,5532,7024,10835,10326,5303"
18178,18178,"3950,8562,13346,6220,10326,4798,8413,11540,12665,5495"
18214,18214,"1290,7120,11298,1244,9730,4929,9101,12869,2989,10663"
18217,18217,"8562,12665,3950,10326,13346,5303,275,5495,4798,2140"
18226,18226,"1290,7120,11298,9101,4576,12869,10137,11024,1779,2989"
18229,18229,"6971,5303,2140,4798,4915,8413,6418,1290,2218,1384"
18236,18236,"2905,8793,4049,9546,6341,7063,8999,12404,9119,12159"
18240,18240,"6220,3950,9942,5545,6659,3428,89,2218,12665,13110"
18262,18262,"6220,9942,3950,8562,544,3428,5303,10326,5545,12665"
18266,18266,"1290,11298,2989,1244,4576,544,9101,11024,10389,8978"
18272,18272,"4798,8562,13346,5303,3950,6220,12665,6971,10326,6326"
18292,18292,"8562,6220,3950,4798,5303,10326,13346,4277,8413,9942"
18299,18299,"544,6220,10326,9942,4277,3428,275,8562,2218,3950"
18321,18321,"7707,6525,6952,4860,12424,4560,8265,2193,3911,9823"
18338,18338,"6220,3950,8562,10326,5303,13346,2343,544,9942,13296"
18339,18339,"10326,4277,4798,5303,10916,350,2140,8483,12857,10594"
18341,18341,"8562,4798,13346,2140,10326,5303,3950,6971,4452,544"
18355,18355,"1290,7120,9295,11298,4929,1244,9730,10663,3697,9101"
18364,18364,"1290,544,7120,6971,1244,11298,4576,9101,2903,5199"
18368,18368,"4798,10326,8562,12665,12857,6971,6326,13346,3950,6220"
18393,18393,"4798,10326,2343,6971,5303,9693,13346,2140,8562,4277"
18409,18409,"4277,3950,217,8562,717,8885,12385,5676,7941,275"
18434,18434,"10326,4798,12857,5303,6433,3950,10594,544,10916,8421"
18440,18440,"9942,13346,6220,4798,5545,3950,8562,1978,8413,13110"
18446,18446,"10326,6220,2343,9693,4277,12665,4798,3950,11969,5303"
18467,18467,"9942,8562,4798,2140,1220,13346,275,2343,3507,10326"
18475,18475,"6220,1290,2218,9295,9942,8188,7120,13296,5545,13310"
18487,18487,"10326,6220,4798,8562,4277,13346,3950,6971,1290,7707"
18489,18489,"544,10326,4798,4277,9693,1290,350,2343,5303,4895"
18499,18499,"12857,8205,4277,4949,3296,6335,2748,13259,12793,10326"
18505,18505,"4798,10326,8562,3950,6220,13346,4277,12857,5676,275"
18525,18525,"10326,4798,4277,8421,8562,12857,1290,6971,5303,10594"
18530,18530,"10326,4798,8421,6971,10594,13346,851,12857,9953,331"
18539,18539,"1290,7120,1863,544,589,7637,9668,8703,1487,10429"
18546,18546,"2343,9693,10326,544,12665,64,6220,6795,89,5532"
18579,18579,"10326,9942,13346,8562,4277,3950,6220,4798,13249,13296"
18585,18585,"2343,9693,5532,5199,64,6795,10835,2903,5999,3950"
18595,18595,"544,8562,10326,4277,6220,5303,50,3950,6433,350"
18648,18648,"3950,11000,6433,4798,13346,717,4277,1220,217,7232"
18679,18679,"8562,3950,6220,8413,13346,12665,2218,5545,5875,13306"
18683,18683,"6220,8562,2343,8188,544,5495,10326,13296,7707,3950"
18687,18687,"1290,7120,11298,1244,9101,4929,9730,4576,7679,9295"
18718,18718,"8562,6220,12665,544,4798,6971,10326,3950,5303,6433"
18741,18741,"3950,4798,11622,6982,8562,8413,5495,13346,5673,11751"
18760,18760,"1290,11298,7120,11024,6971,4664,12903,9295,1779,2989"
18771,18771,"6220,3950,8562,4277,13346,12665,13110,4798,3428,11000"
18787,18787,"10326,4798,4277,275,2140,6971,8421,5303,10916,13346"
18788,18788,"2218,13346,12857,4798,8413,8562,3950,4323,4413,10326"
18789,18789,"2343,13346,8562,12857,10326,544,3127,769,7484,5866"
18798,18798,"6220,3950,9942,8562,1323,13346,3428,13296,12665,5545"
18800,18800,"10326,9942,847,544,4177,11287,9641,12665,2995,11660"
18805,18805,"3950,8562,8413,4413,11772,11622,13296,9942,9410,8325"
18806,18806,"7120,11298,1244,9962,9101,12869,789,4929,4664,10607"
18812,18812,"6971,6220,12665,5303,2218,8413,4798,9942,2343,8562"
18818,18818,"6659,1328,6528,2875,4256,5822,4399,10326,6402,1377"
18830,18830,"5303,6971,3950,4798,13346,8562,2140,10326,10916,4413"
18835,18835,"1290,7120,1244,9101,2989,6971,6220,4576,10607,12665"
18839,18839,"5495,1355,5549,10410,12470,566,662,3885,6971,5836"
18851,18851,"6220,560,7444,8413,1747,1007,3105,4798,220,6971"
18854,18854,"4798,6971,10326,8562,5303,8205,13346,10916,12857,6220"
18864,18864,"10326,3950,4277,4798,13346,217,8562,717,544,6220"
18865,18865,"7707,7063,10429,8703,544,1863,3088,8981,8562,12957"
18874,18874,"1290,544,11298,7120,12869,9101,1244,4576,2989,11024"
18875,18875,"4798,10326,12857,3950,2218,2905,8562,13346,5999,2903"
18879,18879,"7669,9101,7679,11554,4576,3464,8978,10674,12869,4163"
18882,18882,"544,6220,1290,11298,9101,2989,9730,12869,4576,4664"
18895,18895,"3950,6220,2218,13306,13346,3055,12665,9942,8235,4413"
18903,18903,"10326,4798,4277,5303,13346,6220,275,6971,2140,12665"
18913,18913,"10326,4798,2343,13346,8562,9693,4277,544,10916,64"
18934,18934,"1290,7120,1244,11298,4929,544,9962,6971,789,12869"
18935,18935,"1290,6971,8590,7120,5532,2903,10835,5199,2343,9693"
18981,18981,"6220,12665,9942,6971,8562,7792,2218,10916,544,5303"
18985,18985,"13346,6971,4798,10326,1290,8562,9693,6220,2140,2343"
18987,18987,"2916,9295,6243,12497,12030,13101,8567,296,4387,5573"
18990,18990,"10326,4277,6220,13346,8562,5303,10077,6971,4798,544"
18996,18996,"4798,3950,2218,10326,8562,6326,6971,13097,9733,5303"
19010,19010,"10326,4798,4277,10916,544,8421,5303,13346,6433,8562"
19016,19016,"1290,7120,9101,12869,2989,9730,11298,9438,4576,4929"
19018,19018,"13346,8483,1328,473,11193,1010,14,4798,9373,9936"
19029,19029,"4798,10326,5303,2140,8421,275,2218,8562,13346,13249"
19060,19060,"6220,5545,7679,4654,9101,9066,8823,6970,1355,3124"
19069,19069,"1290,7120,1244,11298,544,4929,5303,6971,12869,2989"
19084,19084,"4798,10326,8562,4277,5303,12857,13346,2140,6433,6971"
19086,19086,"1290,7120,2989,1244,6220,9101,11969,12869,4664,7707"
19105,19105,"1290,7120,9295,4929,10663,3697,2916,3464,12030,9101"
19110,19110,"1290,1244,11298,7120,12869,9962,2989,5135,789,9101"
19135,19135,"1081,4832,10326,8540,8054,10352,5776,350,544,711"
19144,19144,"8562,8413,5303,6220,4277,10326,544,6971,3950,12606"
19154,19154,"13249,220,6982,3585,9800,2910,11622,5461,7063,8130"
19168,19168,"8562,10326,4277,3950,6220,4798,12857,6326,10916,5303"
19173,19173,"1290,7120,2218,4929,10663,5573,4387,8922,5495,10322"
19187,19187,"1290,7120,1863,6220,7637,1487,2058,2020,6697,5962"
19216,19216,"3950,227,6659,13159,11484,12539,10732,2034,10974,8562"
19227,19227,"5676,9942,2343,3428,10835,9693,6795,6220,5495,3799"
19231,19231,"4798,3950,10326,5303,13346,8483,10916,9942,6220,8421"
19234,19234,"11298,2989,1290,1244,11024,4576,7679,1779,9101,7120"
19255,19255,"10326,4798,6220,6971,3950,5303,2218,2140,9942,8590"
19258,19258,"5495,3950,8413,12470,2580,6220,2140,5067,1020,9942"
19266,19266,"1290,7120,6971,5303,4929,8590,9295,4798,10326,12030"
19296,19296,"13346,4798,8562,6795,6971,2537,5532,6834,64,2140"
19297,19297,"6659,544,10326,12888,4798,8562,7752,1290,5303,9101"
19308,19308,"3950,3055,4602,8235,5414,844,13346,8279,3340,11622"
19323,19323,"1328,10326,6391,4798,544,7480,350,8562,6306,1290"
19346,19346,"10326,4798,6220,6971,5303,4277,2218,544,2343,8421"
19347,19347,"7120,4929,6220,4798,6971,3950,12665,2916,4576,8590"
19360,19360,"1290,7120,8554,9295,12133,8302,2286,4929,2784,544"
19364,19364,"7669,3464,11554,2989,4940,4576,4163,2709,11298,4216"
19378,19378,"4798,3950,13346,12857,8562,10326,5642,6326,2789,10916"
19379,19379,"4798,8562,5303,6971,13408,10326,1220,2218,9942,5495"
19380,19380,"10326,4277,5303,11969,12857,8562,544,4798,5642,6220"
19381,19381,"10326,4798,4277,8562,12857,8421,5303,10916,2140,10594"
19384,19384,"8562,10326,6220,10568,8421,3950,4277,10608,9340,6751"
19385,19385,"4798,6220,13346,8562,3950,2218,10326,6326,7707,5545"
19388,19388,"1290,7120,11298,2989,4929,12869,1244,9101,9295,10663"
19406,19406,"10326,4798,5303,4277,6971,544,275,13346,12857,2140"
19408,19408,"5199,5532,2343,5495,10835,2903,4053,5999,11357,785"
19415,19415,"1290,11298,544,7120,1244,4576,3148,8978,11024,10389"
19417,19417,"13346,64,12665,3950,6220,6971,4798,2218,10326,4277"
19434,19434,"2343,9693,64,2989,2537,11298,544,9730,4028,7679"
19441,19441,"10326,4798,4277,12857,5303,3950,8562,13346,8421,10916"
19461,19461,"1290,7120,1244,544,4929,4576,10663,2916,4664,11298"
19474,19474,"3950,6220,9942,13346,2218,8562,12665,89,5199,5545"
19477,19477,"1290,7120,350,6957,11682,5409,9938,2907,12053,9887"
19484,19484,"2989,11298,1244,8978,9101,11024,10389,7679,12869,4664"
19502,19502,"5495,7707,12099,566,12665,6971,544,8562,6967,7663"
19503,19503,"6220,6971,544,4277,5303,3428,10326,714,4798,5545"
19512,19512,"3428,13346,50,3950,8562,10326,13110,4798,4277,8483"
19515,19515,"975,8235,9942,3016,6220,5875,7024,9247,7374,10616"
19518,19518,"1290,7120,2989,9730,4929,6220,2218,10663,9101,4664"
19530,19530,"10326,6220,8562,6971,4798,2218,5303,13346,2140,13296"
19559,19559,"1290,7120,9101,11298,12665,12869,6971,9730,4576,1244"
19576,19576,"13346,6971,8922,5875,8235,7024,4798,1746,6509,13191"
19586,19586,"2343,9693,3127,64,9942,13296,13235,5532,6834,6795"
19594,19594,"1290,12665,544,10326,89,7120,4798,8590,3055,8235"
19605,19605,"10429,2327,12606,9570,5976,1863,544,7792,8323,589"
19618,19618,"3950,2218,6971,10326,9404,5199,5303,8562,8922,4798"
19620,19620,"4798,8562,6971,5303,2140,6220,10326,8413,3515,2199"
19623,19623,"4277,3428,350,13249,9340,8562,3950,13346,3781,13306"
19628,19628,"10326,3950,4277,4798,8421,217,13346,6971,8562,5199"
19631,19631,"7120,1244,4929,4576,11024,12655,11298,10663,4664,11918"
19642,19642,"2343,12665,5495,3950,9693,6220,5199,10326,9942,5532"
19644,19644,"2140,2218,7063,9306,2291,10697,8402,4877,7439,4798"
19648,19648,"7679,1290,11298,2969,1355,7120,337,3742,12804,4737"
19665,19665,"8562,10594,2777,12665,1319,6220,4798,11639,6433,1223"
19683,19683,"1290,11298,1244,544,7679,9101,4576,11024,2989,3464"
19684,19684,"4277,8562,10594,4323,3568,8421,9455,11788,11390,10820"
19693,19693,"10326,4277,4798,9340,11000,13249,7138,217,8421,544"
19696,19696,"4798,10326,3950,6971,5303,8413,12857,13346,6433,2140"
19707,19707,"4798,10326,5303,6971,12857,4277,3950,8421,717,2140"
19715,19715,"2343,9693,6220,64,5532,13346,9942,5199,4798,10835"
19716,19716,"1290,7120,4929,1244,11298,9101,13309,3697,2916,10336"
19729,19729,"1290,7120,6220,6971,4798,8562,5303,10326,8590,2140"
19734,19734,"10326,13346,5303,8562,2218,4798,12857,3950,10594,5495"
19758,19758,"3950,13346,3799,5460,9786,12632,8235,7053,1233,8562"
19764,19764,"8562,4798,10326,5303,6971,6220,2218,2343,13346,6433"
19773,19773,"1290,11298,1244,544,9101,4929,2989,4576,9730,9962"
19778,19778,"5495,3950,6220,2218,12470,9942,13296,4798,8562,3871"
19780,19780,"8562,6220,2218,3428,5184,9942,13306,13296,5545,12665"
19784,19784,"10326,6220,4277,8562,6433,544,4798,350,50,7707"
19786,19786,"8562,4798,4277,6220,3950,13346,13249,10916,8421,544"
19793,19793,"10326,6220,2218,4277,3950,5303,4798,8562,5495,6971"
19798,19798,"10326,13346,5495,6220,4277,4798,3950,3428,544,2343"
19808,19808,"4798,8562,3950,13346,10326,6220,6971,8413,13249,6326"
19812,19812,"1290,7120,1244,12869,2989,4929,7679,10663,11024,3464"
19821,19821,"8562,10326,4798,3950,12857,13346,6433,7707,5303,6220"
19830,19830,"12869,9730,11298,1244,9962,1290,789,9101,5135,7120"
19843,19843,"1290,7120,12869,7669,2989,9101,11554,9295,4163,4929"
19867,19867,"6220,7707,9693,2343,1863,2218,10429,558,9101,12723"
19889,19889,"8562,3950,6220,13346,4798,9942,12665,2218,3870,8421"
19893,19893,"6220,8562,7707,13296,10326,8188,5545,11969,4798,2218"
19898,19898,"1290,7120,11298,9295,4929,9101,12869,4576,2989,10389"
19902,19902,"350,8562,2140,10326,1129,544,7403,12101,7486,2338"
19905,19905,"4798,8562,10326,5303,8590,4277,8421,10916,11000,2140"
19910,19910,"3950,4277,8562,10326,8421,4798,13346,217,10077,6220"
19929,19929,"10326,8562,6220,4798,4277,8483,544,12665,13346,5303"
19932,19932,"1290,11298,1244,7120,4576,7679,1779,10389,2989,9101"
19952,19952,"8562,10326,6220,4798,13346,3950,6433,9942,8421,5495"
19956,19956,"13110,8421,2814,1210,8483,5497,6220,4798,7701,2456"
19987,19987,"4798,8562,10326,13346,8421,6326,4277,3950,8161,10916"
20008,20008,"4798,544,4277,1290,6971,6220,8562,5303,12665,11969"
20018,20018,"4798,3950,8562,8413,13346,6220,9942,10326,12665,4413"
20019,20019,"1290,7120,544,9942,5303,4277,5731,4929,8413,7063"
20020,20020,"1290,7120,4929,10663,2916,4083,6243,12497,1132,10322"
20023,20023,"13346,4798,3950,10326,5495,6326,8562,13249,8413,11751"
20031,20031,"6220,8562,2218,544,7707,5545,13296,1863,10429,4798"
20039,20039,"6220,8562,12665,13346,8413,3950,9942,5545,3428,2343"
20040,20040,"6220,9942,4798,5303,5495,3571,2140,3950,220,12665"
20041,20041,"12470,8188,7707,8413,8562,544,5676,6220,769,2218"
20045,20045,"3950,13346,4798,8562,10326,12665,8421,10916,6326,12857"
20056,20056,"1290,6220,6971,4798,12665,7120,89,11298,9101,13346"
20069,20069,"10326,4798,2218,13346,6220,4277,5303,3950,13306,2343"
20074,20074,"6220,6659,9942,3428,8562,13110,5184,5545,7359,3870"
20083,20083,"8562,3950,10326,13346,9942,4798,5545,6220,13249,3428"
20085,20085,"1290,11298,11024,11918,7120,4664,7679,2989,10607,12869"
20086,20086,"6220,5303,8413,6971,3950,4798,8562,9942,7715,5495"
20089,20089,"8562,6220,3950,13346,2218,4798,5642,4277,3870,8681"
20101,20101,"6220,5303,4798,13346,89,3950,3055,9942,12665,8590"
20104,20104,"5760,8911,2034,449,6402,1377,4935,5105,6011,544"
20112,20112,"8562,6220,3950,12665,544,4798,9942,10326,5303,13346"
20115,20115,"3950,8562,6220,4798,3055,2903,13346,10326,6326,8421"
20133,20133,"1290,7120,12869,789,11298,5135,1244,9101,7258,9730"
20136,20136,"2343,4277,10326,217,9693,4798,1220,544,8562,2140"
20138,20138,"11298,1244,9962,1290,11024,789,5135,9295,7120,4664"
20162,20162,"4798,10326,3950,8421,6971,5303,8562,12857,13346,851"
20176,20176,"4798,6971,2218,10326,544,275,6220,2140,8590,8562"
20200,20200,"10326,4798,2140,13346,275,6971,5303,4277,8562,9942"
20222,20222,"9306,13214,5946,383,165,7439,4798,8402,2149,2291"
20251,20251,"1290,10326,4798,6971,5303,7120,8590,544,2140,2218"
20256,20256,"12470,5303,12668,12099,5199,10594,10326,2218,544,3126"
20264,20264,"10326,4277,5303,8562,6433,810,4798,6220,10594,350"
20280,20280,"10326,4277,4798,13249,217,10916,8562,8421,6433,10594"
20286,20286,"6220,1290,7707,2989,1863,10429,1244,8188,544,1487"
20323,20323,"1290,7120,11298,4929,9962,789,10663,9295,5135,9101"
20324,20324,"1290,7120,4576,4929,544,6220,10663,8590,1863,6971"
20336,20336,"1290,11298,9693,9101,544,1244,9730,4576,6220,12665"
20339,20339,"3950,8562,9942,6220,4798,8413,13346,6326,5545,3870"
20344,20344,"1290,5495,6971,7120,5303,544,2989,10326,7637,9668"
20356,20356,"10326,6220,8562,3950,9942,12665,4798,13346,2218,3428"
20360,20360,"1290,7120,6971,2343,4929,12474,4019,4083,10322,5675"
20362,20362,"2343,9693,5532,5199,2537,10835,6834,3127,9532,4605"
20376,20376,"13346,10077,3950,10326,4277,13249,2140,11384,8562,10568"
20381,20381,"2218,10326,4798,6971,12665,5303,5676,6220,7707,1220"
20394,20394,"7120,11298,1244,2989,544,4576,4929,6971,9101,11024"
20397,20397,"8562,1355,7707,1779,6220,544,1863,12665,6810,6653"
20407,20407,"3428,6659,3950,6220,8413,13346,5495,8483,7707,10326"
20413,20413,"1290,11298,7120,2989,1244,9730,12869,11024,9101,9962"
20433,20433,"1290,7120,1244,9962,789,11298,5135,4929,9101,9295"
20448,20448,"544,5303,810,7792,2140,8623,9553,7879,11454,9330"
20492,20492,"4798,10326,89,3055,8562,855,5545,6326,1412,6220"
20505,20505,"1290,7120,11298,1244,2989,9101,4929,12869,4576,10389"
20512,20512,"10326,4798,13346,12857,3950,8562,6326,10916,5642,5303"
20514,20514,"13013,10537,12453,1706,4181,3524,8285,2548,6306,6634"
20533,20533,"4277,217,350,10326,5109,8483,6433,4798,8421,811"
20543,20543,"1290,7120,5303,8421,12404,2140,2989,1286,10326,4277"
20546,20546,"4798,8161,10326,12857,10594,9580,717,4277,8421,4974"
20557,20557,"4798,8562,10326,3950,9942,2218,5303,13346,4277,3428"
20558,20558,"4798,10326,12857,9602,10594,3950,2289,3673,76,6804"
20561,20561,"12665,6220,13346,3950,4798,3428,5545,2218,9942,3870"
20566,20566,"1290,11298,4576,1244,7120,9101,10389,544,6220,12869"
20573,20573,"11298,1244,9671,10607,2989,4036,11117,12133,544,1290"
20623,20623,"1290,7120,4929,6971,10663,8922,8703,4698,5149,1487"
20627,20627,"544,10326,1290,6220,4277,9730,4798,7120,5303,12665"
20643,20643,"4798,10326,6971,5303,2140,8161,275,13346,8421,2291"
20645,20645,"1290,11298,1244,7120,9101,12869,4576,544,789,11024"
20652,20652,"717,4277,10326,13346,8421,3950,5303,9340,8562,5495"
20654,20654,"10326,4798,4277,8562,3950,13346,8421,717,6433,217"
20667,20667,"6971,89,1290,5199,2903,8235,2989,7578,6522,7024"
20670,20670,"3950,10159,11467,3802,3444,5124,12070,8058,8018,5264"
20671,20671,"10326,8562,2218,3950,5303,4798,6971,8413,13346,544"
20676,20676,"9942,5303,3950,8562,2140,13346,6220,6638,10326,5199"
20694,20694,"544,1290,4277,7120,5303,6220,10326,12665,2989,350"
20709,20709,"10326,5495,4798,12470,5303,8562,2218,2140,6220,3950"
20716,20716,"5303,4798,6971,2218,8562,2140,167,7578,5549,10326"
20739,20739,"5303,13296,217,64,3565,13346,12315,1715,5541,13235"
20763,20763,"2343,544,9693,10326,6971,5303,5199,2903,2140,6220"
20779,20779,"1290,11298,1244,7120,4576,2989,11024,544,10607,9101"
20781,20781,"3950,2218,6971,6220,9942,4798,12665,7707,8413,8562"
20790,20790,"1290,7120,9295,6971,789,6126,9962,6991,5944,12512"
20792,20792,"4798,10326,12857,8421,5303,10916,4277,6971,717,10594"
20797,20797,"4798,10326,5303,8562,13346,9942,4277,3950,5495,8413"
20811,20811,"6220,3950,9942,5303,4798,6971,3428,13346,8562,1598"
20821,20821,"1290,7120,1244,11298,4929,9101,11024,4576,12869,9730"
20830,20830,"10326,4277,10594,4798,8421,9580,8562,1180,6383,2815"
20861,20861,"9693,2343,6220,6971,6795,8590,5545,2903,5199,544"
20878,20878,"1290,9942,6220,11298,2989,7120,6971,1244,9101,12869"
20891,20891,"5875,7024,8562,12662,8235,4715,13191,5524,544,12665"
20895,20895,"6220,8562,3950,5495,2218,13346,5545,8413,4798,9942"
20901,20901,"10326,4798,6220,6971,13346,2343,4277,8562,5303,2140"
20908,20908,"10326,4798,8562,4277,2343,275,544,3950,5303,2140"
20928,20928,"1290,7120,4929,10663,12030,6971,8302,9962,8703,2286"
20945,20945,"6220,6659,5303,9942,12665,3428,8562,5545,9072,13296"
20971,20971,"4798,10326,4277,8562,13346,6433,13249,12857,8421,6326"
20979,20979,"4798,10326,6971,5303,4277,8562,3950,2218,2140,9942"
20982,20982,"5303,8421,10326,6433,4277,4798,1017,4322,9105,10579"
20991,20991,"10326,8562,13346,6220,2140,5303,6326,12665,9942,3950"
20998,20998,"9942,3950,6220,5495,13346,3428,64,1225,8562,5545"
21006,21006,"3950,9404,5199,5532,6220,2343,4798,10326,9693,5495"
21018,21018,"6971,5303,2140,8161,10326,6515,8043,8562,7578,1821"
21028,21028,"6220,9942,8188,6659,8562,544,513,5532,4413,4090"
21041,21041,"8562,3950,10326,6433,13346,9942,4798,2905,10916,5495"
21042,21042,"2343,5199,5532,544,2903,3127,9693,6795,10835,9532"
21064,21064,"1290,7120,11298,4929,9962,9101,544,10607,10663,4576"
21075,21075,"6971,2343,5199,5303,12665,544,5532,3950,89,10835"
21078,21078,"10326,3950,8562,13346,9942,2218,3870,4413,5545,3428"
21081,21081,"12470,5495,5303,2218,6220,6971,1746,5199,12668,3055"
21084,21084,"8562,3950,6971,6220,10326,12857,2140,13346,4277,275"
21089,21089,"4277,10326,10594,4798,8421,350,217,5303,10916,8562"
21112,21112,"1290,7120,1244,2989,9101,4929,4576,544,11024,10663"
21126,21126,"13346,8562,3950,8413,8636,3713,4798,4482,544,10326"
21129,21129,"1290,7120,6971,4929,12869,10663,9295,9438,9101,2916"
21130,21130,"2343,9693,10326,13346,6220,3950,9942,64,12665,544"
21137,21137,"3950,8562,6971,6220,5303,5642,1788,544,2411,13346"
21149,21149,"5495,8562,2343,4798,13346,3950,5545,10326,12470,2218"
21152,21152,"10326,5303,2218,8562,4798,6220,12665,13346,3950,275"
21177,21177,"8562,3950,4798,10916,350,13346,4277,331,10138,10326"
21191,21191,"7120,4929,10663,6971,12497,2916,6243,8922,12030,8567"
21200,21200,"10326,3950,8562,1328,6220,2218,9942,5545,5676,2140"
21204,21204,"10326,4798,4277,3950,5303,717,8562,217,10916,8161"
21221,21221,"5495,6220,2218,6971,1290,12470,5303,8562,8590,13296"
21228,21228,"1290,544,7120,11298,6971,2218,2989,4929,10326,12665"
21249,21249,"5495,10326,2140,544,2218,5303,275,13315,1978,350"
21256,21256,"3950,6220,4798,11396,2789,2199,3515,4947,5124,6971"
21261,21261,"13346,8562,3950,4798,8483,6326,8413,10326,4413,10916"
21279,21279,"10326,544,6220,2343,12665,4798,9942,9693,7707,2140"
21282,21282,"1290,7120,11298,1244,9101,2343,544,9295,9730,12869"
21305,21305,"10326,4277,717,4798,6433,10594,10916,8421,8562,350"
21307,21307,"10594,217,13110,5734,12152,5040,10748,4077,997,1323"
21315,21315,"5642,1574,810,10100,11094,4365,10063,8505,10152,2797"
21342,21342,"7120,544,2989,9101,6971,11298,1244,4576,12869,4929"
21347,21347,"10326,6220,4798,13346,3950,4277,5303,8562,12665,9942"
21357,21357,"6220,7707,544,10429,9101,1863,8562,2327,1290,1244"
21358,21358,"5532,10326,2903,5199,6971,9532,10835,2218,5495,2343"
21368,21368,"1290,9962,789,5135,2784,11117,8525,11298,7120,3737"
21372,21372,"1290,7120,11298,9730,2989,9101,4576,1244,10389,11024"
21373,21373,"9942,3950,4277,3428,2218,13306,2140,12153,12665,4367"
21383,21383,"7120,9101,1244,544,11298,4929,10663,89,2989,9693"
21393,21393,"6220,9942,8562,3950,13346,5303,5545,2218,8413,3428"
21415,21415,"1290,7120,6971,4929,9295,8590,3697,11298,11117,10663"
21421,21421,"1290,8562,9942,6220,4929,10663,9101,4576,4798,2916"
21433,21433,"4798,6971,275,10326,5303,2140,4277,3950,31,12665"
21449,21449,"544,10326,4277,3950,2343,6220,4798,13346,5303,350"
21483,21483,"10326,6220,9942,8562,4277,13346,3950,4798,5303,3428"
21488,21488,"8562,10326,4798,3950,13346,8421,12857,5303,6220,10916"
21518,21518,"1244,2989,3428,9101,544,8978,9942,7679,4576,12869"
21528,21528,"12470,8562,6220,2218,13346,5303,7707,8188,3950,3428"
21536,21536,"1290,7120,11298,1244,4929,2989,4576,9730,9101,544"
21585,21585,"4798,8562,6220,9942,5303,7707,13296,5545,5495,12665"
21598,21598,"1290,11298,2989,9101,9730,7120,10389,9295,4664,3464"
21602,21602,"8562,12665,3950,5303,3055,13346,6220,8922,931,8350"
21604,21604,"4798,12793,2291,3159,5303,9771,8183,7439,5495,6887"
21626,21626,"12665,544,9119,8598,11643,8215,11298,1583,8205,3442"
21636,21636,"12665,3950,2343,9942,13315,13346,64,89,10835,5875"
21649,21649,"7120,4929,10663,5573,12030,6243,3697,4387,12497,8567"
21650,21650,"1025,12859,2650,76,10182,4512,6409,7852,1364,12525"
21655,21655,"1290,7120,11298,9101,1244,4576,11024,12869,4664,2989"
21662,21662,"11298,12869,1244,1290,9101,4576,11024,544,10389,9295"
21681,21681,"1290,7120,11298,1244,4929,12869,9101,9730,2989,10663"
21686,21686,"2140,350,2411,7063,544,7484,9340,10326,5866,1328"
21699,21699,"3950,6220,13346,8562,5303,4798,12665,2218,6971,9942"
21702,21702,"1290,11298,7120,1244,9101,9730,544,4576,10607,10389"
21709,21709,"4798,10326,13346,3950,8562,12857,6971,5303,8421,10138"
21718,21718,"4798,10326,3950,5303,8562,4277,12857,13346,8421,6433"
21719,21719,"10326,4798,4277,8421,5303,10594,8161,12857,717,9580"
21724,21724,"8562,6220,3950,3428,10326,13306,4798,13346,13249,9942"
21741,21741,"1290,11298,9101,2989,1244,7679,4576,7120,544,11024"
21746,21746,"1290,11298,7120,9101,1244,12869,4576,11024,10137,10581"
21751,21751,"3950,6302,11622,6982,12632,8413,11751,11795,10508,12425"
21754,21754,"4277,10326,4798,12857,13346,8421,6433,8562,13249,717"
21768,21768,"3950,4798,12665,6971,6220,13346,10326,13296,7707,2218"
21775,21775,"6220,5199,5703,4444,10429,8238,544,12540,9942,12723"
21781,21781,"11298,9730,11024,1290,2989,12995,4664,9101,1779,12869"
21789,21789,"7120,11298,1244,9101,4929,4576,11024,6971,2989,544"
21795,21795,"3950,4798,2218,8922,5495,2140,8235,10006,12026,2990"
21812,21812,"8562,3950,8413,3055,1286,13346,12665,3340,4413,2199"
21814,21814,"10326,4798,13346,5303,6971,8562,12857,2140,6326,6433"
21820,21820,"3950,10326,13346,8562,4798,12665,12857,5303,5642,6220"
21827,21827,"10326,4798,9942,6220,4277,5303,2218,6971,717,8562"
21838,21838,"8562,6220,10326,8188,1355,7707,4798,13346,12606,10429"
21855,21855,"2343,9693,64,6795,5532,13346,5495,5199,544,9942"
21881,21881,"4798,13346,12857,275,64,6971,3950,10326,2140,31"
21884,21884,"8562,6220,4798,10326,12665,13346,6971,9942,5303,5545"
21889,21889,"1290,7120,544,10326,6971,4929,1244,6220,4798,10663"
21896,21896,"10326,4798,6220,8562,4277,5303,544,12665,13346,7707"
21902,21902,"10326,4798,4277,10916,8421,3950,12857,13346,6971,8161"
21916,21916,"10326,4277,4798,6971,544,5303,8421,10916,350,8562"
21927,21927,"1290,11298,9962,7120,11024,789,5135,6811,3697,11117"
21938,21938,"10326,12857,4277,8421,4798,717,13249,1978,6433,217"
21948,21948,"4277,6433,810,13346,9245,10138,8798,5610,4798,12266"
21952,21952,"1290,7120,4929,9295,10663,3697,12030,6971,4387,5573"
21954,21954,"2343,6795,5532,5199,9693,2903,10835,5999,5495,4053"
21955,21955,"3950,9942,6220,6659,5303,8562,10326,11484,544,11969"
21978,21978,"8188,6220,8981,7707,12606,5149,10429,1863,5976,544"
21983,21983,"1290,2343,11298,7120,9101,6220,544,9693,10326,8590"
22004,22004,"10326,1290,2343,5303,6971,7120,4798,5199,5495,9693"
22007,22007,"1290,7120,11298,3464,11024,4929,12869,9730,4576,12903"
22014,22014,"6220,3950,9942,3428,5545,8413,8562,2218,12665,5495"
22020,22020,"6220,10326,4798,12665,8562,13346,5303,544,4277,10916"
22052,22052,"4798,10326,8421,10594,8161,11000,9580,5303,12857,1180"
22056,22056,"8562,5495,1323,2218,3950,12665,9942,6302,3577,13346"
22064,22064,"8562,10326,4798,7707,544,8681,5335,3950,5149,10429"
22072,22072,"10326,4798,8562,4277,13249,2218,13346,10916,8483,6220"
22074,22074,"8562,4798,4277,10326,8421,13346,12665,10916,13249,2905"
22102,22102,"3428,6220,3950,9942,13346,5545,1889,13306,544,4798"
22110,22110,"4798,10326,8562,13346,6220,3428,3950,9942,13249,1328"
22111,22111,"544,10326,5303,4277,4798,6220,8483,717,217,2140"
22119,22119,"6220,6971,7792,12665,8562,1290,5495,10326,8413,7715"
22125,22125,"8413,3950,4798,6982,11622,8562,2910,11751,5673,11795"
22150,22150,"10326,4798,6971,5303,544,5199,8922,609,5495,3950"
22151,22151,"1290,7120,4929,6971,9295,1244,4277,3697,10663,10326"
22154,22154,"1290,7120,4929,1244,8703,11298,10663,2020,4205,544"
22213,22213,"9942,6220,2218,5545,3950,6659,12470,3870,3428,13110"
22256,22256,"544,2343,1290,11298,13346,6795,6220,9101,1220,2537"
22258,22258,"5303,4798,8562,4277,13346,5495,275,10326,10462,10916"
22265,22265,"8562,6220,2218,3950,13346,10326,12665,5495,4798,8413"
22279,22279,"6220,2343,13346,89,9942,3950,6971,9693,2218,5532"
22280,22280,"10326,8562,4798,9942,6220,544,10869,11749,8590,6659"
22283,22283,"2343,9693,8981,8703,7637,6892,544,5149,1290,10326"
22286,22286,"6220,3950,8681,3428,5545,8562,3870,8413,13346,2218"
22288,22288,"13346,2343,10326,8562,5199,5303,4277,12665,544,6220"
22321,22321,"1290,11298,7120,1244,2989,9730,11024,4576,12869,9101"
22336,22336,"4798,10326,8562,5303,3950,6220,13346,12665,12857,2140"
22344,22344,"3950,4798,6971,5303,10326,2905,2789,5999,4117,2567"
22353,22353,"9453,7862,6402,10352,12024,6011,6659,10326,12665,8332"
22356,22356,"4929,1244,9295,3697,12497,6971,2916,6243,12030,11298"
22387,22387,"10326,4798,5303,6971,6433,13346,2140,544,10916,8562"
22427,22427,"6971,4413,7330,9799,3562,8235,2567,2789,7637,8562"
22428,22428,"1290,2343,9693,9101,7120,11298,9295,9962,12869,544"
22449,22449,"11298,11024,4576,9101,7679,4664,12655,1290,2989,1244"
22452,22452,"13296,6220,544,10429,1863,9942,8188,7619,7707,9101"
22460,22460,"4163,1371,7679,2957,7669,10674,1558,12869,9330,3722"
22467,22467,"1290,7120,10326,4798,4929,6971,544,1244,10663,350"
22480,22480,"1290,7120,544,1244,9101,9962,789,4929,5135,11298"
22481,22481,"10326,4798,6971,5303,275,8562,2140,9942,13346,6220"
22484,22484,"5303,3950,9942,4798,11572,10326,1788,10594,10916,8562"
22489,22489,"2343,9693,5532,2537,6834,9942,9532,10835,64,5782"
22502,22502,"9101,1244,4576,11298,1290,7679,9330,3464,10389,10674"
22510,22510,"1290,11298,2989,7120,12869,4576,9101,1244,11024,9962"
22511,22511,"1290,1863,7120,10429,6220,589,7637,544,1244,2020"
22514,22514,"10326,4798,6971,5303,9693,8562,2343,8483,8421,1290"
22520,22520,"1290,7120,4929,6133,5573,10322,4387,12474,3851,1482"
22546,22546,"6971,4798,2140,2304,8022,10326,12857,9193,5495,8205"
22551,22551,"8562,3950,8413,6220,2218,9942,12665,4413,5545,3055"
22582,22582,"11298,1290,7120,11024,3464,4664,1244,4576,2989,9962"
22595,22595,"9942,6220,2218,3950,2343,12665,9693,13296,3870,5545"
22597,22597,"4798,10326,8562,13346,13249,1634,9580,2395,10473,11282"
22605,22605,"3428,3950,4277,9768,217,12470,4271,13306,8562,8722"
22618,22618,"4798,544,1290,7120,9942,9101,12869,9693,2343,11969"
22641,22641,"544,4277,10326,717,10077,4798,8421,350,5098,1978"
22645,22645,"4277,10326,350,9178,8562,9340,652,217,1017,4798"
22660,22660,"4798,10326,8562,3950,6220,13346,5303,13249,4277,8421"
22666,22666,"3950,4798,8562,6220,2140,2411,10326,9942,13346,1146"
22674,22674,"7120,4929,1244,9101,4576,2989,2916,11298,12497,9730"
22678,22678,"1290,7120,11298,544,1244,11024,2343,4576,2989,6220"
22697,22697,"1290,11298,7120,11024,9730,1244,11775,9960,544,11299"
22698,22698,"3950,5495,2218,6220,6971,13346,5199,13315,5303,3428"
22705,22705,"1290,6971,6220,544,10326,4798,7120,5303,8562,2140"
22710,22710,"5676,2343,9693,4277,3127,544,8562,5495,4798,10326"
22714,22714,"3950,2218,13306,3055,8562,3992,2905,8235,5564,3340"
22715,22715,"4798,3950,6220,3055,5199,5303,13296,810,5545,10326"
22720,22720,"10326,4277,5495,8562,544,6220,8421,4798,5303,717"
22734,22734,"10326,4798,2218,5303,6971,544,8562,6220,2140,9229"
22735,22735,"4798,6971,5303,10326,2218,2140,8421,8161,3950,6326"
22736,22736,"4798,10326,5303,6971,8562,2218,13346,6220,2140,3950"
22747,22747,"544,8562,10326,2343,9693,7707,6220,4277,10429,9336"
22748,22748,"4798,6971,10326,2140,1290,9668,7637,9937,4698,2020"
22759,22759,"2343,13346,9693,12665,3950,6220,13306,10326,544,6795"
22761,22761,"4798,10326,2218,5199,2905,3950,2140,5999,5303,6971"
22774,22774,"10326,6971,4798,5303,6220,9942,8562,2218,5495,8590"
22783,22783,"8562,6220,7707,6659,8590,3055,3950,10326,2218,13296"
22830,22830,"544,5495,9693,12470,5676,6220,5303,6795,10326,2537"
22831,22831,"7120,4929,1244,11298,10663,3697,2916,9962,10607,789"
22846,22846,"544,10326,8562,6220,6971,2343,4798,275,5303,3950"
22850,22850,"1290,7120,9962,789,1244,5135,3737,10147,7856,11298"
22883,22883,"8562,2218,5495,6220,12665,9942,12632,1912,9799,5061"
22887,22887,"10326,4798,13346,9693,544,6220,3950,4277,12665,6971"
22893,22893,"8562,6220,2218,9942,5303,12665,12857,4798,3950,3870"
22905,22905,"6220,2343,8562,4798,8681,5545,13346,3950,7707,2585"
22923,22923,"6220,4798,2218,5303,3950,10326,8562,2140,12857,9942"
22956,22956,"10326,4798,217,3950,717,12857,10916,13346,8562,6326"
22964,22964,"6220,1863,5545,13296,544,12606,5976,8562,7706,10326"
22972,22972,"11298,1290,9101,1244,12869,7120,7679,10607,4664,9730"
22985,22985,"6971,7637,4798,8703,1290,8053,11630,11622,6982,5966"
23011,23011,"10326,4798,4277,544,350,717,8421,217,8562,4694"
23027,23027,"11298,2989,11024,9101,7679,544,4576,1244,10389,4664"
23036,23036,"6220,9942,10326,4798,3950,6971,8562,13346,2218,89"
23038,23038,"13346,6220,8562,5495,9942,3950,3428,6971,13296,5545"
23046,23046,"10326,1290,4798,6971,5303,11298,9101,1244,2218,12665"
23051,23051,"8413,2218,5303,12857,6220,4277,4798,5199,5495,3950"
23057,23057,"2770,3960,10221,2877,12204,544,11337,1968,5901,10326"
23062,23062,"11298,7679,12869,1244,11024,4163,9330,2957,1290,8978"
23069,23069,"8562,4798,13346,3950,5303,5495,10326,6971,6220,12665"
23078,23078,"6220,2343,5303,8562,2218,12665,89,5495,5545,9942"
23113,23113,"2218,6220,8562,6971,13346,4798,3950,8413,10326,5495"
23121,23121,"1290,1863,4576,7120,11024,1244,11298,7715,544,9101"
23123,23123,"4798,8562,10326,3950,5303,4277,2218,6220,13346,8161"
23136,23136,"13346,4798,10326,5495,8562,6971,6326,8413,2140,8421"
23138,23138,"4798,3950,10326,6220,8562,13346,4277,6971,10916,5303"
23140,23140,"10326,12665,5303,6971,6220,8562,4798,544,1290,2218"
23170,23170,"10326,4798,4277,3950,13346,12857,5303,8421,6220,1328"
23173,23173,"1290,7120,11298,1244,544,9101,2989,10326,5303,10663"
23179,23179,"544,6220,2343,10326,6971,810,2218,5303,7707,8421"
23196,23196,"4798,13346,3950,8562,6220,10326,4277,5495,5303,6326"
23199,23199,"2218,3950,6641,13099,11784,652,9653,5222,751,4674"
23216,23216,"4798,6971,10326,5303,8562,7578,2140,2291,9668,8235"
23226,23226,"13346,8562,5495,3950,5610,12898,11384,12470,8092,10326"
23233,23233,"10326,5303,2218,4798,8590,8562,8421,1328,6659,6220"
23253,23253,"2343,9693,6971,6220,3950,3055,10835,5199,1220,12665"
23281,23281,"1290,7120,9730,11298,544,9295,9101,5969,4664,10137"
