ID,user_id,item_id
12,12,"10326,4798,5303,4277,8562,12857,2140,10594,8483,8421"
14,14,"6220,9942,13296,544,8562,4798,9101,10326,1290,5495"
17,17,"1328,4798,10326,544,9101,7480,9942,1221,5495,12665"
21,21,"10326,4798,8562,13346,4277,544,6220,6971,8421,10916"
44,44,"11298,1290,7120,1244,9101,9295,9962,11024,4664,9730"
55,55,"4798,10326,8562,10916,2218,13346,4277,6220,3950,5676"
56,56,"89,6971,2343,12665,4798,9404,5495,9693,8413,5199"
58,58,"10326,4798,6971,8562,13346,5303,544,4277,6433,3950"
59,59,"4798,3950,10326,13346,6220,12857,6433,12665,8413,9942"
79,79,"4798,10326,13346,6220,8562,544,4277,2343,3428,3950"
81,81,"1290,7120,9101,544,2989,11298,1244,12869,4929,9295"
85,85,"4798,10326,8562,12857,5303,5676,2140,275,13346,6971"
92,92,"1290,11298,12869,7120,11024,1779,10389,9101,1244,9295"
97,97,"3950,12665,4798,9942,13346,2218,5495,10326,4602,544"
100,100,"8562,4798,10326,13346,10916,12857,8421,4277,2140,3950"
112,112,"3950,6971,12857,4798,10326,8413,8562,9178,5610,1889"
122,122,"4798,10326,8562,217,3950,4277,717,12857,3428,6326"
133,133,"2343,9942,9693,6659,1323,8483,9532,64,11484,8590"
141,141,"1290,7120,6220,1863,544,9101,8562,4798,9942,10326"
144,144,"9295,6954,9101,544,13330,12449,9730,4798,816,7188"
149,149,"1290,7120,11298,7679,4929,1244,9101,9730,7669,4576"
153,153,"10326,4798,8562,3950,6220,12857,13346,2218,6971,12665"
166,166,"6659,544,9101,4798,9942,12665,6971,10326,11484,5001"
220,220,"4798,8562,6220,8413,13346,9942,6326,12665,2218,2140"
231,231,"9693,3950,2343,9532,9942,5676,12665,5199,3507,9404"
262,262,"4798,10326,1290,7120,6971,12857,5303,4929,8205,1244"
274,274,"6220,4798,6971,10326,2218,544,5495,2140,3950,12665"
277,277,"544,12470,2343,4277,12665,13346,5495,10326,4798,4576"
281,281,"1290,7120,6971,9295,4929,11298,544,9101,3697,9962"
291,291,"217,717,4798,3428,8421,5303,2140,12857,10326,544"
300,300,"10326,4798,8562,6220,5303,6971,275,9942,544,4277"
310,310,"10326,4798,5303,12857,544,1328,5495,8562,13346,8421"
332,332,"5495,12470,8188,13306,609,3565,544,9101,5155,4798"
344,344,"10326,4798,4277,8562,12857,6433,10594,13249,8421,10916"
359,359,"1290,7120,9101,544,6220,89,2989,1244,11298,13296"
380,380,"5495,5199,5532,2903,9693,2343,10835,9942,544,9101"
386,386,"9942,6220,8562,12665,3950,3428,4798,4277,13346,544"
426,426,"3950,13346,8562,2218,3055,8413,12665,5495,544,9942"
436,436,"4798,10326,544,4277,8562,12857,6971,6433,13346,8421"
453,453,"6220,6971,89,4798,544,8562,13346,9942,5303,10326"
461,461,"7120,544,9101,10326,1244,2989,6971,4929,11298,9730"
464,464,"4798,10326,2140,544,9101,7138,2291,9942,5495,6588"
473,473,"5495,12665,544,9101,4798,8562,9942,10326,8224,896"
481,481,"10326,4798,6220,217,6383,12665,717,8421,350,9101"
490,490,"275,8483,4277,4798,350,10326,10568,3428,9340,6270"
494,494,"4798,8562,6220,10326,5303,6971,9942,13346,12665,2218"
497,497,"2989,1290,7120,12869,7679,9730,7669,12655,11298,9101"
510,510,"2343,544,3950,6220,9942,8562,13346,3428,64,12665"
511,511,"10326,4798,6220,12857,8562,8421,10594,5303,4277,717"
512,512,"9693,1290,544,2343,11298,7120,5532,4576,9101,1244"
524,524,"1290,7120,1244,11298,12869,9101,4929,9962,9730,9295"
525,525,"4798,10326,5303,544,2343,3950,2218,4277,13346,8562"
545,545,"4798,10326,8421,10594,12857,8562,217,717,8161,544"
560,560,"10326,8562,4798,3950,13346,6220,217,544,6433,10916"
564,564,"9693,2343,6795,275,544,2537,10326,64,5532,6834"
566,566,"13346,2343,275,2218,4798,9693,12665,5303,10326,3416"
568,568,"3428,4277,5495,10326,6220,8562,217,4798,8483,8421"
570,570,"8562,8681,2218,6220,10429,544,7707,5495,10326,4798"
573,573,"4798,10326,8562,4277,13346,3950,6220,10916,6433,217"
594,594,"8562,4798,6220,3950,13346,10326,5303,4277,2140,12665"
601,601,"10326,4798,5303,275,2218,12665,6971,2140,6220,544"
605,605,"5495,2905,4798,3950,12611,544,5999,9101,10326,5461"
641,641,"6220,9942,4798,3950,13346,9693,3428,2343,10326,544"
650,650,"9942,6220,3950,3428,2218,5303,4798,544,217,8562"
675,675,"8562,6220,9942,12665,6971,4798,3870,3950,2411,4413"
677,677,"1290,7120,4929,10663,3697,9962,1244,9101,544,12030"
679,679,"10326,544,4798,6971,8562,5303,6220,2218,4277,5676"
683,683,"3950,4798,8562,9245,4469,13346,5610,810,3428,544"
687,687,"10326,544,4798,8562,13346,6220,12665,10916,5303,8421"
705,705,"275,4798,5303,717,10326,9340,544,217,9101,7063"
708,708,"1290,7120,544,11298,9101,1244,6971,9730,2989,4664"
712,712,"8562,9942,5495,6220,3950,12665,13346,13306,10326,13110"
715,715,"4798,5303,10326,2140,8483,5495,13346,11000,544,8562"
728,728,"1290,7120,9101,1244,11298,9730,544,12869,2989,9962"
743,743,"12665,9693,2343,544,10326,89,2218,5532,2903,5199"
753,753,"6220,544,5495,2989,6302,5184,8413,8562,4798,4413"
757,757,"4798,10326,5303,13346,9942,8483,4277,2218,6220,12857"
768,768,"5495,3950,8413,8562,10326,5303,13346,4798,12470,9942"
797,797,"2343,6795,5532,544,2537,10835,5199,9101,6220,6834"
813,813,"12665,9942,9101,544,1290,4798,10326,2989,11298,4205"
832,832,"1290,7120,11298,4929,9101,1244,9295,10663,6971,9962"
833,833,"4798,9942,10326,6220,8562,13346,5303,3950,12665,275"
844,844,"12665,2343,13346,4277,6220,4798,9942,544,6971,10326"
858,858,"10326,4277,544,50,6220,275,4798,8562,9101,3950"
874,874,"11298,12869,9730,12665,6220,4576,544,11024,9101,3704"
875,875,"10326,12470,8562,4277,5303,544,13346,4798,5199,6220"
892,892,"4798,6220,8562,5303,2140,9942,544,10326,9101,2218"
897,897,"3950,9942,3428,13346,12665,544,4602,9101,4798,8562"
912,912,"1290,7120,4798,10326,6971,5303,544,4929,8590,9295"
924,924,"6220,13346,9942,8562,544,4798,5545,12665,3428,8188"
926,926,"1290,6220,544,10326,6971,8562,9942,12665,13296,7120"
933,933,"10326,4277,5303,8562,9178,544,2140,8413,6433,5495"
944,944,"8562,6220,9942,3950,2343,89,13346,5545,3428,13110"
951,951,"5495,4798,5303,8562,6971,2218,10326,9404,6220,8413"
974,974,"544,8562,6220,3428,9693,8681,4798,1220,5495,12665"
1010,1010,"4798,9306,544,9101,10326,5946,13214,9942,5495,12871"
1013,1013,"12665,89,6971,4798,8562,544,7024,9942,9101,7983"
1016,1016,"4798,1290,6220,9942,7120,6971,5303,2218,8562,13346"
1023,1023,"1290,7120,6220,12665,89,11298,6971,2218,1244,4929"
1035,1035,"544,12665,5303,6971,6220,217,11298,10326,9942,1290"
1046,1046,"544,1290,7120,9101,10326,2989,11298,1244,5303,6971"
1051,1051,"1290,7120,9942,2989,8562,544,9101,2218,12665,5495"
1057,1057,"4798,5303,10326,8421,8562,8483,12857,1912,6971,7138"
1064,1064,"1290,4798,7120,6971,4929,10326,8590,5303,9295,2140"
1080,1080,"4798,8562,544,7589,12104,9101,10326,10566,9998,9942"
1089,1089,"10326,4798,8562,4277,5303,544,717,6220,2343,3950"
1090,1090,"8562,13346,10326,3950,10916,4277,217,8421,4798,6971"
1103,1103,"8562,10326,4798,10916,13346,3950,6433,2140,1681,217"
1123,1123,"1290,7120,4929,6971,10663,544,9101,12030,4798,2885"
1134,1134,"10326,4798,5303,8562,13346,12857,8421,4277,275,6433"
1136,1136,"8562,4798,3950,10326,9942,13346,12665,4277,2218,5303"
1139,1139,"6220,5495,544,9942,9693,13296,1863,9101,10429,1290"
1154,1154,"544,9942,6220,12665,3428,10326,2343,12470,8562,64"
1169,1169,"1290,544,11298,9101,1244,6220,2989,9730,4929,9942"
1173,1173,"8562,8188,6220,4798,3950,10429,13346,7707,10326,5495"
1178,1178,"12665,544,5875,9101,4798,10326,8235,9942,7024,5495"
1190,1190,"8562,4798,3950,10326,5303,6971,13346,12665,5495,8413"
1205,1205,"8562,4798,6220,5303,13346,10326,9942,3950,6971,8413"
1217,1217,"11298,1290,9730,2989,7120,12869,1244,7679,9101,11024"
1218,1218,"544,9693,9101,2343,9942,6220,89,6795,5532,11298"
1230,1230,"6220,8562,4798,10326,544,5303,2343,12665,2218,9693"
1250,1250,"10326,4798,8562,5303,6433,4277,10594,13346,2140,8421"
1252,1252,"544,5303,3950,12665,8562,5199,4798,2343,6971,9693"
1276,1276,"9693,2343,5199,5532,9942,5495,544,6795,5999,2218"
1279,1279,"1290,7120,9962,4929,11298,6971,789,1244,9101,544"
1281,1281,"10326,217,5303,4798,4277,12857,8421,544,275,9942"
1288,1288,"8562,3950,13346,3428,5495,275,4277,6220,12470,2218"
1305,1305,"11298,1290,1244,9730,9962,9101,7679,10607,789,7120"
1320,1320,"4798,8562,3950,8413,10916,12857,5303,13249,6326,6433"
1321,1321,"5495,3950,10326,5303,5199,2218,13346,9404,6971,2140"
1328,1328,"9942,6220,6659,8562,2218,3870,13296,7707,544,13110"
1343,1343,"4798,10326,8562,4277,12857,5303,13346,544,717,8421"
1345,1345,"1290,544,2989,7120,10326,11298,9101,4277,4798,9730"
1374,1374,"11298,1244,7120,12869,7679,9101,4664,6288,2989,544"
1410,1410,"1290,7120,4929,11298,544,9101,6971,1863,10326,4798"
1414,1414,"12857,10594,6433,10326,8161,4798,8483,544,9101,2636"
1420,1420,"9942,4798,6220,8562,8413,5676,2218,5495,5303,10326"
1440,1440,"544,2343,9101,9693,8562,9942,11660,10326,4798,8590"
1441,1441,"544,9101,10429,9942,2989,5495,7679,9693,1863,4798"
1443,1443,"11298,1290,9101,2989,1244,4576,9730,544,7679,9693"
1458,1458,"1290,7120,1244,11298,544,9101,10326,9295,2989,4929"
1492,1492,"4798,9942,6220,10326,8562,3950,5545,13346,3870,12665"
1496,1496,"10326,4798,5303,8562,6971,544,275,12665,8421,6220"
1499,1499,"12665,5199,3950,3055,13315,10326,8562,2343,4798,544"
1504,1504,"9101,1290,11298,7120,544,1244,2989,12869,9730,7679"
1516,1516,"8562,6220,13346,10326,12665,9942,13408,2343,4798,4277"
1523,1523,"4798,217,9455,2767,544,9101,8363,10326,638,11014"
1534,1534,"544,9101,4798,10326,9942,5495,12665,8562,11298,2989"
1539,1539,"1290,544,7120,2989,9942,11298,6220,1244,7679,12665"
1559,1559,"1290,7120,2989,9101,544,9730,1244,6971,4576,12869"
1572,1572,"9942,6220,8562,544,12665,3950,10326,3428,4798,2218"
1573,1573,"10326,4798,5303,12857,4277,717,8421,10594,544,217"
1601,1601,"544,1290,6220,9942,6971,7120,9101,7707,1244,10429"
1603,1603,"8562,3950,4798,1383,544,5610,9101,11406,10326,1328"
1604,1604,"217,544,4277,4798,350,13346,717,10326,1978,8421"
1613,1613,"11298,2989,1290,7679,544,1244,9730,9101,7120,4576"
1634,1634,"4798,10326,9942,8562,4277,6659,9404,6971,1328,544"
1642,1642,"8562,3950,6220,4798,13346,10326,9942,8413,2218,12857"
1643,1643,"1290,7120,1244,2989,544,11298,9101,6971,6220,4929"
1654,1654,"8562,6220,4798,3950,9942,10326,13346,544,6971,9693"
1657,1657,"7679,2989,11298,12655,544,9101,8978,1244,11024,9730"
1674,1674,"544,1290,6971,89,10326,9693,12665,4798,2343,9942"
1702,1702,"10326,8562,6220,12665,9942,6326,13110,13346,3870,5545"
1719,1719,"6659,3950,1328,6220,9942,3428,8562,544,9101,4798"
1725,1725,"4798,8562,10326,3950,13346,6220,12857,4277,5303,6326"
1726,1726,"1290,6971,4798,7120,4929,2140,10326,275,238,544"
1728,1728,"9693,2343,6971,544,11969,9101,9942,5495,10326,4576"
1735,1735,"89,5875,12757,12665,544,7024,9101,8235,4798,1290"
1739,1739,"1290,7120,4929,3697,10663,9101,544,4798,1244,10326"
1774,1774,"4798,10326,3950,8562,13346,4277,12857,3428,10916,6433"
1780,1780,"4798,10326,544,9101,4277,6220,1323,11969,13346,350"
1799,1799,"217,6270,2771,544,9101,4798,1854,10326,4892,2963"
1813,1813,"4798,8562,9942,10326,3950,13346,2218,5303,6220,6326"
1834,1834,"4798,13346,8562,3950,12857,10916,6326,10326,8421,9942"
1835,1835,"5495,12470,11484,8562,544,9101,4798,6659,217,8911"
1841,1841,"1290,11298,1244,12869,9101,9962,9730,9295,10607,4929"
1863,1863,"3950,6220,3428,9942,12665,8562,10326,5545,275,13110"
1878,1878,"8562,9942,13346,3950,12857,3428,6220,8413,4798,6326"
1879,1879,"2343,4798,10326,6971,8562,5303,6795,5532,5199,13346"
1910,1910,"1290,7120,10326,6971,9101,275,10663,4798,2343,9693"
1911,1911,"4798,8562,5303,13249,10326,5495,350,9340,544,12857"
1919,1919,"13346,9942,2343,9693,6220,5545,544,3870,6795,6971"
1925,1925,"12869,7679,9730,11298,9101,4163,2957,1244,3464,544"
1926,1926,"11298,1244,9962,8978,9101,7679,789,12869,11024,9730"
1931,1931,"544,10326,9101,4798,7275,2940,9942,10107,9850,5495"
1940,1940,"4798,10326,5303,8562,13346,6971,4277,2218,6220,6433"
1968,1968,"4798,5303,10326,4277,8483,1328,8421,217,13249,717"
1981,1981,"4798,3950,8413,5303,13346,12857,12665,10326,6971,10916"
1992,1992,"1290,7120,11298,1244,10663,9101,2989,2916,544,12497"
1998,1998,"11298,1290,11024,9295,9101,1779,1244,9730,10607,544"
2000,2000,"1290,7120,4929,1244,11298,9962,9101,10663,9295,789"
2017,2017,"8562,4798,13346,3950,4277,10326,12857,5303,6971,6433"
2036,2036,"5875,544,9101,4798,12665,10326,9942,5495,8570,3814"
2044,2044,"9693,2343,544,9942,6220,3950,5495,11572,5461,8562"
2047,2047,"11298,1290,9101,7120,1244,6591,1779,4664,9730,12869"
2052,2052,"5303,10326,350,544,1328,4798,9101,9942,8562,5495"
2055,2055,"5495,544,9101,4798,10326,9942,5760,6060,1323,12665"
2069,2069,"9942,6220,8562,2218,8413,3428,5495,13110,5545,12665"
2075,2075,"9693,2343,5303,3950,8562,6220,10326,544,4277,9942"
2089,2089,"4798,4277,10326,10594,8421,717,8562,10916,10077,12857"
2093,2093,"4798,12665,8562,6220,5303,9942,3950,10326,6326,13346"
2127,2127,"10326,4798,2140,8205,544,1295,5610,9101,8562,9942"
2135,2135,"9942,12665,6220,3428,3950,3870,8562,2218,5545,5303"
2137,2137,"12665,8562,3950,89,6220,13346,8235,2343,544,4798"
2141,2141,"8413,6220,8562,2218,544,9942,3428,5545,7707,5495"
2147,2147,"544,1290,7669,7120,6220,11298,12869,9101,9942,8562"
2150,2150,"10326,4798,8562,4277,12857,717,350,8421,544,50"
2153,2153,"4798,8562,12857,10326,5303,6326,6220,13249,10916,4277"
2158,2158,"1290,2989,544,11298,7120,9101,1244,7679,12869,8978"
2178,2178,"8562,2343,5495,13346,13249,5199,9693,6971,4798,544"
2180,2180,"8562,9942,6220,13346,3428,3950,5676,2343,6383,10326"
2181,2181,"2989,11298,3464,1290,1244,544,7679,1779,9101,7120"
2193,2193,"9942,3950,8413,8562,5495,6220,544,4413,4798,9101"
2216,2216,"10326,4798,8562,4277,544,8421,10916,6433,10594,13346"
2224,2224,"8562,5495,10326,8413,2343,3950,12470,5303,5199,12665"
2231,2231,"2343,9693,6971,5532,5199,544,12665,9942,89,9101"
2242,2242,"4277,10326,6220,3428,13306,3950,5495,8681,9942,8562"
2243,2243,"5495,2343,544,5676,2903,9693,5199,10326,3127,9101"
2247,2247,"9730,4443,544,9101,8579,13043,9693,4798,6459,10326"
2262,2262,"544,11298,1290,9101,1244,2989,4576,11024,7120,7679"
2271,2271,"8562,4798,10326,544,5303,4277,3950,2218,13346,2343"
2284,2284,"13346,3950,6971,4798,8413,5495,8562,6220,3992,544"
2287,2287,"13306,8562,8188,544,5495,9101,4798,10326,10213,9942"
2291,2291,"5303,10326,2140,4798,275,5199,544,8562,9942,8590"
2293,2293,"4798,5303,544,7120,1290,6971,2218,2989,2343,10326"
2294,2294,"4798,10326,8562,5303,12857,6433,4277,6326,8421,10594"
2301,2301,"4798,6971,10326,6659,5303,8421,13249,5495,2140,8590"
2310,2310,"9942,544,12665,6220,3428,8562,3950,10326,1244,9101"
2341,2341,"4798,10326,8562,6971,13346,3950,9404,6220,12857,12665"
2345,2345,"11298,9101,7679,12655,2989,4576,11918,8978,9730,1244"
2348,2348,"1290,7120,11298,9101,1244,9730,544,2989,4929,12869"
2349,2349,"6971,4798,13346,10326,10916,544,4277,8562,3950,5303"
2350,2350,"10326,4798,544,4277,6220,6971,1290,5303,7120,350"
2355,2355,"10326,4798,4277,12857,8562,217,10916,8421,3950,6433"
2383,2383,"10326,4798,12857,8562,13346,4277,717,6326,3950,10916"
2393,2393,"4798,10326,544,2291,9101,9942,6971,2140,10462,5495"
2399,2399,"7120,4929,1244,544,4798,9101,10663,10326,5495,2916"
2421,2421,"2343,544,10326,6795,13346,4277,5532,2537,12665,4798"
2435,2435,"9532,2989,9101,11298,9693,544,10326,12483,4798,12665"
2448,2448,"5495,8188,9942,544,5875,13346,12665,4798,9101,8590"
2452,2452,"1290,7120,4929,1220,6971,544,9295,9101,9693,2989"
2464,2464,"8562,6220,9942,3870,5545,3950,4798,10326,4413,13110"
2470,2470,"12857,3950,10326,5642,10594,8562,217,2063,544,9101"
2478,2478,"6971,5303,1290,5199,12665,2218,89,4798,10326,544"
2506,2506,"6220,3950,8562,3428,5303,10326,10594,5495,7359,8681"
2523,2523,"4798,6971,10326,544,9101,12665,8235,5875,8562,9942"
2527,2527,"1290,7120,4929,10663,544,10322,9101,12030,4798,5573"
2528,2528,"4798,3950,12857,8562,6326,10326,13346,5303,12665,9942"
2530,2530,"13346,8562,2218,3950,5303,5676,5495,6971,4798,5199"
2533,2533,"9942,8413,6220,8188,6659,7792,13346,13310,544,5495"
2540,2540,"8562,8483,10326,217,13346,3950,4277,3428,4798,1001"
2558,2558,"3950,8562,13346,10326,4798,9942,12665,8413,544,8235"
2559,2559,"12665,6659,6220,8188,3950,9942,5545,8562,13110,13306"
2592,2592,"4798,10326,13346,6971,544,6220,275,12665,4277,9942"
2599,2599,"10326,4798,8562,5303,4277,6971,275,544,2140,12857"
2608,2608,"9942,6220,8562,3428,3950,5545,12470,5495,12665,3870"
2613,2613,"11298,1290,7120,9730,2989,12869,9101,11024,9295,1244"
2616,2616,"8413,5495,5303,8562,4181,6270,544,4798,9101,7715"
2617,2617,"8562,1863,6220,544,4798,10326,9101,5495,12665,10429"
2619,2619,"9942,3950,8562,6220,13346,8413,89,544,4798,9101"
2622,2622,"1290,7120,11298,1244,9101,544,9295,2989,9730,4929"
2629,2629,"1290,1244,9101,11298,544,7120,9730,2989,6220,4576"
2648,2648,"1290,1244,9101,7120,544,2989,7679,12869,4576,10326"
2654,2654,"4798,10326,8562,6220,12665,6971,9942,5303,3950,2140"
2668,2668,"10429,544,9101,5976,6220,4798,9942,5495,10326,8562"
2703,2703,"5495,3565,5199,9942,544,4118,5532,9101,4798,4264"
2710,2710,"13346,10326,4798,3950,4277,8562,8483,6383,13249,10916"
2713,2713,"4798,10326,13346,6971,5303,8562,3950,6326,12665,8205"
2722,2722,"7120,1244,9101,2989,11298,9730,4929,544,12869,10663"
2724,2724,"1290,7120,4929,1244,6971,10663,4798,9295,9101,544"
2727,2727,"8562,10326,6220,4798,5303,6971,13346,2218,9942,12665"
2755,2755,"11298,7669,544,9101,2989,7679,12869,11554,8978,3464"
2769,2769,"13346,4277,275,8562,4798,12404,10326,9942,8681,3428"
2776,2776,"10326,5303,2218,5495,5199,544,5532,9942,12665,4798"
2781,2781,"1290,7120,4929,1244,6971,9101,10663,9295,11298,544"
2782,2782,"1290,7120,11298,7679,1244,4929,9730,10663,9101,4576"
2789,2789,"2343,10326,5199,9693,4798,3950,5532,544,5676,5303"
2794,2794,"9942,2218,2903,3950,12665,5545,4798,544,5495,3428"
2804,2804,"8562,3950,2218,6220,5303,9942,3428,5545,9693,13296"
2819,2819,"544,12665,5495,8562,6220,3950,10326,5303,2343,4798"
2846,2846,"9942,8562,6971,544,6220,13408,4798,5303,2218,10326"
2851,2851,"7669,12869,2989,11298,1244,4664,11024,7679,9101,544"
2861,2861,"10326,544,4277,9404,9532,7707,8562,9072,5495,8421"
2862,2862,"12665,9942,6220,9101,2989,9693,2343,89,544,5545"
2867,2867,"13346,10326,350,10594,9178,2063,1328,5495,4798,544"
2873,2873,"9693,2343,544,5495,13408,1290,6795,6971,5532,3127"
2880,2880,"6220,8562,9942,544,7707,1863,10429,13296,9101,5495"
2881,2881,"10326,4798,12857,4277,10594,10916,8562,8421,13249,8483"
2886,2886,"4798,4277,12665,5303,8483,8562,6220,3950,9340,50"
2891,2891,"2343,9693,10326,4798,9942,13346,6795,12665,5532,6971"
2908,2908,"10326,544,4798,2140,7120,1290,4277,5303,8421,350"
2910,2910,"544,9693,2343,6220,8562,6971,9101,9942,5303,7707"
2915,2915,"10326,4798,5495,9942,3950,8562,5303,9404,13346,5676"
2935,2935,"544,6971,5303,10326,6220,5495,5199,2218,12665,9693"
2946,2946,"1290,544,2989,11298,9101,9730,1244,12869,4576,9295"
2948,2948,"544,6220,2989,1290,11298,7120,9101,7679,10389,12665"
2969,2969,"3950,2140,4798,9942,2218,544,9101,8413,8562,12665"
2979,2979,"11298,12869,1290,7679,1244,7120,11024,2989,10389,8978"
3036,3036,"3464,7679,1290,7120,6248,11298,9101,2989,544,8315"
3050,3050,"8562,10326,13346,4798,3950,2343,9942,8421,5199,544"
3056,3056,"6659,4798,544,9101,10326,5495,9942,1328,4803,8562"
3061,3061,"4798,10326,4277,5303,217,8562,8421,12857,717,3950"
3066,3066,"6220,8562,9942,4798,6659,5495,7707,8188,544,13346"
3069,3069,"10326,4798,12857,5303,6326,217,8562,13346,8421,10916"
3094,3094,"10326,4798,4277,8562,5303,217,350,13346,717,544"
3106,3106,"12665,8562,9942,6220,3950,8188,6659,4277,2218,10326"
3110,3110,"1290,7120,4929,10663,544,9101,2916,4798,1747,9730"
3115,3115,"2343,9693,5199,12665,5532,544,10326,8562,2903,9942"
3136,3136,"1290,9101,6971,544,8562,7120,2218,10326,6220,5303"
3159,3159,"1328,3950,10326,8562,4798,6659,9404,9942,8590,2140"
3166,3166,"5495,10326,544,4798,4277,6220,9942,5303,2343,13346"
3172,3172,"1290,544,2343,9693,9101,11298,1244,89,7120,6971"
3200,3200,"13346,3950,8562,4277,217,4798,544,350,10326,9942"
3217,3217,"10326,13346,3950,4798,2218,8562,9942,6220,10568,12857"
3218,3218,"1290,7120,1244,11298,9101,544,6220,4664,9942,2989"
3229,3229,"4798,10326,13346,4277,5303,275,6433,544,2140,1210"
3230,3230,"544,1290,10326,7120,9101,4798,6971,5303,6220,2989"
3274,3274,"4798,6971,2140,5303,10326,275,6433,7063,544,9101"
3285,3285,"10326,4798,4277,5303,8562,275,350,12857,544,8421"
3316,3316,"9942,8562,6220,3428,13346,12665,13110,5545,3870,2218"
3319,3319,"8562,4798,4277,10326,3950,350,8483,1328,217,13346"
3323,3323,"10326,4798,8562,3950,4277,5303,13346,12665,544,217"
3346,3346,"4798,2989,6971,12665,5303,11298,2140,1290,9730,544"
3354,3354,"10326,8562,13346,9942,3950,3565,11969,4798,1328,3428"
3368,3368,"4798,10326,3950,8562,4277,217,6220,13346,3428,2218"
3374,3374,"9942,1290,8562,3428,7120,5545,3870,12665,13110,13296"
3391,3391,"10326,8562,4277,3950,4798,12857,217,8421,10916,6220"
3397,3397,"8562,2343,89,13346,9693,6220,4798,9942,10326,6326"
3404,3404,"7707,8562,544,10429,5495,4798,9101,10326,8981,9942"
3408,3408,"8562,9942,5303,12665,6971,8413,4798,2218,3950,12668"
3416,3416,"2343,9693,2989,6795,544,9101,5532,1290,9942,11298"
3422,3422,"4798,10326,544,1290,6971,7120,5303,8562,4277,8421"
3423,3423,"544,8562,6220,5303,2218,5495,1019,4798,2140,10326"
3426,3426,"9942,6220,12665,6659,3870,5545,4798,544,3428,7707"
3436,3436,"8562,10326,6220,12665,544,4798,2343,6971,5495,13346"
3448,3448,"4798,10594,12857,8562,10869,10326,11345,544,9101,8421"
3464,3464,"9942,12665,8562,3950,13346,3428,2218,5642,1323,6220"
3472,3472,"1290,7120,6971,11298,1244,4929,2218,544,89,9101"
3477,3477,"9942,8562,544,6220,5303,10326,5495,3428,3950,5545"
3488,3488,"13346,4798,10326,3950,5303,12857,4277,6220,8562,8483"
3497,3497,"13346,8413,8562,5303,12665,4798,5199,3428,9942,6971"
3504,3504,"1290,1863,7120,9101,544,7637,4798,11298,10326,2020"
3517,3517,"13346,5303,4798,8562,3950,12857,10326,8413,2140,275"
3538,3538,"5495,5303,10326,4798,12668,217,8421,9942,2140,544"
3544,3544,"3950,4798,12665,13346,64,2343,10326,6220,89,5461"
3547,3547,"217,4798,4277,717,10326,6383,6220,13249,8421,404"
3569,3569,"10326,275,12665,2343,5303,6971,6220,4798,5199,2140"
3570,3570,"544,9101,4798,10326,7902,9942,7616,5495,170,12665"
3575,3575,"10326,4277,13346,4798,5495,11000,9178,1543,544,9101"
3579,3579,"4798,4277,10326,13346,8562,717,6433,2343,217,6220"
3588,3588,"1290,6220,7120,544,9942,13296,89,9101,8590,1863"
3592,3592,"2989,12869,1290,11298,7679,9942,9101,2874,11024,4576"
3617,3617,"4798,10326,8562,6220,5303,4277,8421,2140,10568,6971"
3632,3632,"8413,3950,12665,9942,544,4602,9101,4798,1225,10326"
3650,3650,"544,4798,2140,10326,9101,7063,9942,275,13214,5495"
3654,3654,"10326,350,4798,1328,9178,275,13249,5303,12857,2140"
3656,3656,"5303,10326,4798,1290,544,9942,2199,9101,7637,4947"
3678,3678,"1290,544,7120,6220,6971,9693,9942,89,4798,3950"
3681,3681,"544,9101,4798,10326,8112,9942,5495,12665,8540,8562"
3683,3683,"4798,10326,5303,13346,8421,4277,10594,10916,3950,544"
3685,3685,"10326,4798,544,5303,4277,3950,2218,10594,8562,2140"
3699,3699,"7120,1290,3464,11298,1244,2989,7679,9101,4929,544"
3707,3707,"6220,9942,8562,8413,5495,10429,8188,544,4798,9101"
3731,3731,"1290,7120,1244,2989,9101,544,9730,4929,4576,10663"
3737,3737,"4798,8562,12857,5303,6433,3950,8483,10326,1978,13346"
3739,3739,"8562,13346,4798,10326,8188,6659,9942,544,6220,9101"
3744,3744,"3950,12665,13346,9942,6220,8562,4798,10326,2218,89"
3753,3753,"10326,4798,13346,5303,6971,10916,8421,3950,8562,12857"
3778,3778,"5303,6220,5495,8562,9942,2218,4798,3950,8413,10326"
3786,3786,"8562,3950,6220,9942,13346,5303,8413,4798,2140,3870"
3790,3790,"8562,4798,9942,13346,2218,5303,3950,6220,5676,10326"
3804,3804,"4277,217,717,10077,350,8421,13346,544,6383,10326"
3805,3805,"8562,3950,10326,5303,4798,13346,10916,544,5199,2218"
3819,3819,"544,10326,4798,6220,8562,5303,3950,2218,5495,9942"
3827,3827,"544,9101,2459,4798,9375,11337,10326,9942,5947,5495"
3829,3829,"4798,10326,8562,13346,5303,12857,6971,6326,8421,3950"
3841,3841,"10326,6971,5303,544,275,8562,13346,2140,12665,2343"
3849,3849,"1290,7120,11298,9730,9101,9962,12869,1244,789,5135"
3928,3928,"1290,7120,11298,1244,9101,4929,9295,12869,544,9730"
3988,3988,"11298,8978,7679,6288,7342,3464,4163,9101,2957,1244"
3994,3994,"1290,2989,7120,11298,9101,1244,544,6220,12869,7679"
3998,3998,"13346,9942,3950,10326,2411,4277,275,12665,5461,3428"
4012,4012,"3950,13346,4798,8413,544,9101,9942,8562,10326,5495"
4021,4021,"5303,4798,2140,10326,6971,2343,544,8205,8562,5495"
4022,4022,"4798,8562,4277,6971,6220,13346,12665,3950,5303,275"
4047,4047,"9942,544,8188,6220,4798,5495,8562,10326,9101,6659"
4073,4073,"1290,2989,544,1244,11298,9101,4929,9730,4576,10389"
4099,4099,"544,5495,1290,7120,6220,5303,2218,12665,12470,275"
4100,4100,"5495,544,9942,9101,4798,10326,8703,8562,12665,11298"
4120,4120,"12470,13408,12099,5676,12668,5303,8413,1355,9942,1323"
4126,4126,"1290,7120,544,9101,11298,4929,2989,6971,10326,9942"
4136,4136,"4798,8413,844,9942,10326,6326,8562,5303,5495,12857"
4160,4160,"7669,7679,1290,11298,12869,7120,4163,9101,6288,2957"
4173,4173,"1290,7120,6971,1244,4576,9101,11298,8562,6220,544"
4177,4177,"1290,7120,9730,2989,544,11298,9101,1244,12869,4576"
4183,4183,"10326,4798,4277,5303,544,717,8421,10594,6971,10077"
4191,4191,"1290,7120,4929,1244,10663,9101,544,4798,10326,4387"
4195,4195,"8562,4798,10326,4277,12857,13346,2140,5303,6433,10916"
4213,4213,"9693,544,6220,2343,5495,6971,9942,8562,13306,10326"
4226,4226,"5495,13249,9942,217,3428,5109,4277,13346,5303,1328"
4227,4227,"1290,7120,9295,11298,275,1244,9101,544,10607,9730"
4232,4232,"13346,3950,10326,4798,8562,13249,9942,11540,544,12665"
4255,4255,"4798,10326,13346,4277,5303,717,8421,217,350,8483"
4258,4258,"12869,544,4545,9101,2989,9295,1244,4798,11298,1856"
4274,4274,"5303,1328,10326,8421,350,8483,4798,1912,544,9101"
4289,4289,"1290,2218,7120,544,6220,89,13296,8590,7707,9942"
4295,4295,"10326,8562,544,6220,4798,4277,13346,3950,9942,64"
4300,4300,"8562,13346,3950,6220,3428,217,9942,10326,12665,4277"
4334,4334,"10326,4798,8562,217,12857,8421,10594,13346,8205,8822"
4361,4361,"8562,10326,4798,5303,3950,5199,13346,12665,544,9942"
4377,4377,"4798,3950,8562,8483,13249,10326,5303,5610,9942,6270"
4412,4412,"1290,7120,9730,11298,9101,1244,4929,2989,7679,9295"
4415,4415,"8413,13346,12857,7919,1042,5348,544,8562,9101,10326"
4424,4424,"6971,13346,4798,8562,10326,544,8981,9101,5495,9942"
4425,4425,"10326,4277,4798,10594,12857,8562,350,8421,9340,717"
4430,4430,"8562,4798,10326,13346,5303,3950,6220,12857,10916,4277"
4433,4433,"10326,8413,8562,5303,4798,12857,10594,6220,2218,5495"
4436,4436,"5495,9942,4798,10326,544,5731,275,9101,9306,8562"
4458,4458,"10326,4798,5303,13346,10594,8562,10916,12665,13249,3950"
4461,4461,"10429,1863,8562,544,5495,9101,4798,9942,10326,5976"
4488,4488,"3950,12665,9942,13346,89,6220,5676,9404,4798,2218"
4497,4497,"1290,7120,1244,4929,9295,544,11298,9101,6971,10663"
4498,4498,"10326,5303,4277,4798,350,544,2140,8421,217,9072"
4504,4504,"9942,5495,8413,3950,544,12665,4798,9101,6220,5461"
4510,4510,"9942,6220,10326,5303,6971,3950,1290,12665,4798,2218"
4512,4512,"544,9101,4798,10326,11395,9942,5495,3960,3193,12665"
4513,4513,"10326,6220,544,3428,2218,5495,4798,8562,4277,5303"
4516,4516,"1290,7120,11298,9730,9101,1244,12869,544,11024,2989"
4526,4526,"6220,8562,4798,544,12665,9942,3428,4277,3950,2218"
4528,4528,"8562,4798,10326,13346,5303,2218,8483,12665,12857,10916"
4542,4542,"4798,3950,8562,12665,6220,13346,9942,5303,6971,544"
4559,4559,"1290,7120,11298,9295,9730,1779,11299,1244,3697,2989"
4572,4572,"8562,13346,3950,4798,544,9101,10326,12665,8413,11540"
4575,4575,"8562,4798,6220,5303,3950,12665,4277,10326,2218,6326"
4583,4583,"4798,217,8562,4277,12857,13346,10326,1323,8483,6326"
4602,4602,"275,6971,8562,6220,5303,7707,12136,3950,5495,4798"
4608,4608,"11298,1290,1244,7679,7120,9101,2989,9730,10389,4664"
4609,4609,"13346,5495,8562,11000,4798,3950,8413,10326,5199,8590"
4626,4626,"13346,2343,64,8562,275,3950,9942,8413,12665,9693"
4642,4642,"5495,8562,3950,3428,9942,13346,6220,7707,2343,12665"
4653,4653,"8562,2343,6220,12665,9942,9693,6971,544,8681,4798"
4664,4664,"1290,11298,7120,1244,11024,9101,7679,4576,1779,9730"
4665,4665,"1290,7120,4929,10663,544,1244,9101,5573,4798,12030"
4672,4672,"1290,11298,7120,9101,544,1244,2989,11024,9730,1779"
4680,4680,"4798,3950,12857,10326,10916,4277,217,1328,350,6326"
4705,4705,"10326,4798,8562,5495,3950,12665,5199,5303,9942,5461"
4707,4707,"5303,8483,1912,8373,12857,4798,5996,544,9101,8562"
4711,4711,"5495,8562,12470,8413,5199,9942,3950,5532,5303,544"
4732,4732,"12665,3950,5461,5495,5199,544,64,5532,10326,1323"
4734,4734,"1290,7120,4929,9942,6971,6220,12665,9101,1244,89"
4735,4735,"1290,7120,4929,10663,9101,544,4798,7637,9083,10326"
4749,4749,"544,6220,9942,9693,2343,9101,1863,10429,5545,13110"
4751,4751,"10326,6971,4798,9942,13346,5303,8562,12665,544,3950"
4762,4762,"4798,8562,6971,13346,3055,2218,5875,8922,5303,12665"
4767,4767,"8562,4798,10326,544,10429,9101,1863,5495,8188,7637"
4771,4771,"4798,10326,8562,6220,5303,3950,13346,544,9942,12665"
4773,4773,"5495,8413,12665,5303,10326,2218,2140,6971,6220,8562"
4776,4776,"8562,12665,4798,544,10429,9101,9942,10326,2989,3578"
4783,4783,"9942,6220,3428,6659,13306,8562,5545,13110,5184,3950"
4788,4788,"4798,12857,10326,10594,8562,8421,3950,2140,13346,9942"
4808,4808,"3950,4798,350,1328,8483,8562,1978,10077,5642,12857"
4810,4810,"9942,8562,3950,4798,6220,6971,13346,10326,5303,12857"
4818,4818,"4798,8562,10326,3950,13346,5303,5642,217,4277,717"
4823,4823,"8483,3428,64,8562,4798,544,6220,4277,3950,9693"
4829,4829,"8562,5545,6220,3950,5495,9942,4798,13346,544,9101"
4842,4842,"8562,544,6220,4798,2343,10326,13346,9942,5303,9693"
4859,4859,"9942,6220,13346,3950,12665,64,8413,4798,5495,2343"
4866,4866,"544,1290,6220,8590,7120,8562,9404,1863,4798,9101"
4881,4881,"10326,4798,3950,4277,13346,12857,6220,6433,9942,717"
4908,4908,"544,4798,9942,9101,1863,10326,12871,5495,13214,383"
4910,4910,"1290,1244,11298,4929,544,9101,2989,9962,12869,9693"
4922,4922,"10326,4798,8562,6220,12665,3428,4277,217,8413,12857"
4942,4942,"544,10326,1290,9101,11298,4277,7120,6383,6220,9942"
4976,4976,"10326,12665,6220,11298,4798,2989,5303,6971,2218,544"
4993,4993,"544,1290,9101,1863,10429,7120,10326,4798,8562,9942"
4995,4995,"10326,4277,5303,4798,10916,350,8421,2140,10594,13249"
5020,5020,"7679,3464,11298,544,9101,10326,6659,4798,9942,7120"
5040,5040,"8562,3950,5303,12857,10326,4798,2218,6433,12665,6971"
5048,5048,"2140,5303,6433,544,4798,9101,1018,10326,37,9942"
5058,5058,"9693,2343,12665,6795,5532,544,5199,9942,9532,2537"
5067,5067,"10326,4798,8562,4277,10594,6220,217,8421,350,6326"
5087,5087,"4798,10326,8562,6220,6971,5495,3950,3428,13346,12665"
5090,5090,"89,5875,544,12665,7024,4798,9101,13346,9942,10326"
5102,5102,"2218,544,5495,9101,4798,10326,13090,9942,5386,12665"
5103,5103,"8562,4798,8413,3950,6971,12665,5303,6220,13346,2140"
5105,5105,"1863,10429,544,9101,9942,4798,1290,10326,5495,8562"
5108,5108,"3950,4798,5495,5303,13346,10326,12470,13408,544,6270"
5119,5119,"6220,4277,544,8562,2218,8413,3428,1355,5495,5676"
5120,5120,"11298,544,9730,1290,2989,7120,7679,9101,11024,1244"
5124,5124,"544,4798,9101,6433,10326,3421,9942,8562,2308,5495"
5132,5132,"5303,5495,2218,8562,8413,10326,8205,13346,4798,5199"
5138,5138,"11298,9295,544,9101,9730,1779,10389,3222,4576,2989"
5144,5144,"10326,544,8562,4277,2343,13346,6433,8421,12857,3950"
5159,5159,"10326,4798,13346,8562,3950,6220,544,217,8421,10916"
5167,5167,"9942,2218,8562,3950,10326,5676,6220,6326,12665,714"
5175,5175,"10326,4798,4277,12857,10916,8421,2140,1328,275,8562"
5176,5176,"1290,7120,1244,11298,2989,9101,4929,544,7679,9730"
5185,5185,"3950,12665,6971,89,13346,9942,10326,8562,4798,2218"
5189,5189,"4798,3950,8562,12665,6326,10916,10326,6971,6659,9942"
5191,5191,"8562,10326,9942,89,13306,6220,13296,12665,9101,544"
5206,5206,"8562,6220,9942,544,6659,5303,4798,6971,10326,2218"
5213,5213,"544,12665,6220,9693,2343,9942,10326,4798,8562,2218"
5224,5224,"4798,8562,4277,13346,544,217,717,13249,5303,12857"
5226,5226,"1290,11298,7120,544,9101,2989,12665,1244,6971,12869"
5241,5241,"1290,7120,4929,11298,10663,9101,9962,1244,3704,789"
5264,5264,"1290,11298,9101,544,7120,2989,9730,1244,4576,12655"
5268,5268,"10326,8562,4798,6971,5303,544,4277,2140,275,10916"
5270,5270,"8562,4798,10326,6220,12665,6971,2218,13346,5303,8413"
5287,5287,"9942,9693,11969,2343,544,9775,12156,9101,4798,12665"
5314,5314,"6220,6971,4798,8562,544,9942,13296,8188,10326,9101"
5318,5318,"1290,7120,4929,10663,544,9101,6243,4798,10326,9942"
5326,5326,"6220,8562,2218,4798,544,8981,10326,9942,9101,5495"
5336,5336,"8413,4277,4895,3428,3950,10950,13346,7087,544,10326"
5343,5343,"11298,1290,9962,1779,9730,9942,9101,7120,1244,789"
5347,5347,"9942,6220,12665,3428,2343,9693,544,3950,8562,2218"
5354,5354,"8562,5495,4798,10326,13346,3950,275,2140,5303,544"
5356,5356,"10326,4798,8562,3950,6971,8413,8205,6220,5303,2140"
5367,5367,"1290,7120,89,6220,544,4798,9101,9942,11298,5545"
5373,5373,"8562,5303,3950,8413,12665,6220,4798,10326,3577,3055"
5385,5385,"6220,544,6659,5495,10326,8562,350,9101,4798,8590"
5458,5458,"9942,3428,6220,13306,810,2343,13110,13346,5545,8562"
5463,5463,"4798,10326,8562,5303,9942,6220,275,13346,4277,6971"
5471,5471,"11298,1290,1244,9730,7679,1779,11024,7120,9101,9962"
5476,5476,"4798,1290,6220,10326,7120,5303,13346,9101,544,10916"
5484,5484,"4798,8562,3950,12665,13346,2218,8413,6971,2140,10916"
5508,5508,"1290,7120,11298,9101,1244,2989,544,9730,12869,9962"
5513,5513,"6220,9942,8413,12665,2218,5303,8681,9693,3950,8562"
5520,5520,"10326,4798,4277,544,717,6433,217,8562,12857,5303"
5524,5524,"13346,3950,6971,9942,6220,1889,3870,5495,3428,7707"
5539,5539,"5495,9942,8413,5303,12470,4798,8188,8483,6220,12665"
5554,5554,"10326,10594,9340,10916,8161,4798,544,8421,9101,8562"
5564,5564,"4798,10326,5303,4277,8562,12857,2140,8421,10594,6383"
5595,5595,"4798,5495,10326,8562,275,5303,13346,2218,2140,8413"
5601,5601,"10326,275,5303,4798,8562,2140,6971,544,1912,9101"
5602,5602,"10326,8562,4798,5303,12857,275,3950,2140,13346,6326"
5618,5618,"1290,7120,11298,9101,10663,9730,1244,12869,2989,3704"
5643,5643,"13408,9693,2343,5199,5532,5495,544,8922,9101,5303"
5644,5644,"4798,5495,13346,5199,5303,2905,5461,544,9942,10326"
5651,5651,"4798,8562,10326,6220,2218,5303,3950,13346,4277,12857"
5655,5655,"5495,8413,12668,8562,9942,5199,5676,10326,8205,544"
5658,5658,"10326,4798,8562,8421,10916,10594,12857,13346,6971,544"
5660,5660,"10326,2218,13110,1323,6659,544,2140,9942,1328,3428"
5662,5662,"6220,2218,9942,12665,5545,89,3950,5303,13110,8562"
5670,5670,"4798,10326,5303,12857,6433,4277,6326,3950,8562,8421"
5676,5676,"1290,7120,11298,1244,9295,1779,10607,12869,9730,9101"
5680,5680,"4798,6220,9942,13346,10326,89,6326,8413,5545,12665"
5698,5698,"544,9942,6220,9101,9693,2343,10326,11298,12665,4798"
5710,5710,"5495,5199,2343,5532,10326,6971,3950,4798,13315,12665"
5723,5723,"11298,2989,1290,544,4576,7120,9730,4545,1244,7679"
5742,5742,"9693,2343,544,5532,6795,5199,10835,12665,3950,13346"
5748,5748,"4798,8562,6220,12665,9942,3428,13346,13408,3870,6971"
5750,5750,"8562,544,8413,5303,5495,6220,4798,10326,2218,6971"
5787,5787,"3950,2343,13346,9942,4798,9693,10326,8562,5199,5532"
5798,5798,"2343,5303,9693,3950,13346,10326,9942,4798,12665,6971"
5799,5799,"4798,9306,544,9101,5946,10326,2291,9942,5495,12665"
5815,5815,"1290,11298,9101,9693,2343,7120,544,9962,12869,1244"
5822,5822,"10326,5303,4798,2218,8413,5495,3950,2140,12665,6971"
5834,5834,"8562,12665,4798,5303,5495,6220,9942,6971,10326,3950"
5846,5846,"4798,10326,13346,544,12665,5303,3950,2218,6971,4277"
5858,5858,"4798,3950,5495,8413,10326,8562,2140,2905,5303,544"
5882,5882,"4798,544,8562,5303,10326,4277,2218,3950,11969,10916"
5892,5892,"13346,8562,4798,5303,12665,10326,2218,6971,544,2567"
5897,5897,"8413,3950,8562,13346,2140,12665,5303,6326,4798,8421"
5898,5898,"10326,8562,3950,6220,8413,4798,12665,9942,3870,5495"
5902,5902,"8413,544,9101,1847,12130,4798,10326,5495,8076,9942"
5919,5919,"10326,544,1290,7120,12869,4277,6433,8562,9101,6220"
5934,5934,"544,2343,6795,9693,8483,10326,9101,3428,4798,11524"
5946,5946,"1290,7120,6971,9295,4929,9101,544,3697,4798,10326"
5965,5965,"13346,2343,5199,9693,5532,8408,5495,544,9101,4798"
5995,5995,"13346,4798,6220,10326,2343,4277,3950,8562,3428,544"
6005,6005,"544,9101,11298,2989,1290,6220,12655,6971,7679,12665"
6006,6006,"9942,6220,8562,5495,3950,12665,8413,3428,5545,13346"
6013,6013,"10326,8562,4798,6220,9942,3950,13346,6433,4277,12857"
6016,6016,"10326,13346,3950,5495,2218,4798,8562,12857,5199,4277"
6023,6023,"7120,1244,9101,544,11298,9730,2989,10663,4576,6971"
6052,6052,"3950,9942,4798,10326,6971,8562,3428,13346,5495,5303"
6056,6056,"544,5495,6971,12665,10326,5199,13346,2343,9693,5303"
6059,6059,"10326,4798,5495,5303,3950,6220,12857,6971,8562,12665"
6064,6064,"8562,3950,5199,10326,4798,2343,13346,5532,9942,5303"
6091,6091,"3950,6971,9942,2218,5199,5495,12665,3055,10326,4798"
6112,6112,"7120,11298,1244,2989,9101,7679,10663,9730,12869,3464"
6133,6133,"9693,6220,2343,3950,5199,5303,5532,9942,2140,8562"
6150,6150,"4798,8205,5610,10326,10594,544,12857,9101,5495,9942"
6155,6155,"10326,4798,12857,13346,8562,5303,3950,9942,12665,2140"
6157,6157,"10326,4798,5303,8562,12857,8421,10916,2140,4277,8483"
6212,6212,"6220,9942,3428,8562,4277,13306,6442,4798,544,10326"
6218,6218,"10326,3950,13346,4798,4277,8562,5303,8421,10916,6220"
6242,6242,"4798,10326,6220,9942,12665,6971,2140,8562,275,13110"
6243,6243,"4798,10326,8562,544,5495,5303,275,4277,2343,717"
6260,6260,"4798,810,10326,8421,8562,544,5303,8161,9101,8483"
6262,6262,"10326,2140,4798,6220,275,8562,9942,544,9101,13097"
6278,6278,"5303,2218,275,544,6971,4798,5495,6220,12099,2140"
6280,6280,"4798,8562,3950,5303,6220,8483,13249,12665,6326,13346"
6287,6287,"8562,4798,6971,2140,10326,544,12665,9519,9942,5303"
6305,6305,"10326,717,4277,4798,544,217,9942,5303,8562,8421"
6320,6320,"1290,7120,9942,6220,2343,9693,6971,544,5303,4798"
6339,6339,"2343,8562,8413,12665,6220,9942,4798,13346,9693,5303"
6360,6360,"544,4798,6220,5303,13346,2218,6971,275,8413,8562"
6370,6370,"8562,3950,10326,6220,4798,4277,3428,13346,5303,8413"
6376,6376,"4798,10326,8562,4277,5303,13346,275,6220,3950,9942"
6378,6378,"7120,1244,11298,9101,2989,9295,9730,544,7679,4929"
6379,6379,"8562,10326,4798,3950,6971,6220,544,12857,5303,2218"
6398,6398,"544,2343,9101,6795,12655,2537,10326,1290,11969,2903"
6422,6422,"8413,13346,8562,9942,4798,3428,544,10326,844,4413"
6424,6424,"3950,4798,2218,6659,10326,11561,9942,13346,11784,544"
6436,6436,"544,9101,4798,10326,2770,9942,8562,5495,9453,12665"
6454,6454,"9693,544,2343,9101,6795,5532,9942,11298,1244,10326"
6464,6464,"4798,10326,8483,8421,5303,2140,2158,10594,544,13346"
6479,6479,"13346,4798,3950,2218,8483,8413,8562,13249,9942,12665"
6485,6485,"1863,544,8703,9101,8981,7637,4798,10326,9942,8562"
6488,6488,"9942,6220,3950,3428,5545,8562,13110,3870,12665,4413"
6490,6490,"9942,13110,8562,4823,3870,4654,544,9101,4798,3147"
6498,6498,"8562,10326,9942,6220,3950,3428,13346,4798,5303,2343"
6533,6533,"1290,2989,11298,12665,9730,7120,9101,544,7679,1244"
6577,6577,"10326,4798,9942,3950,13346,4277,8562,5303,2218,6220"
6579,6579,"4798,10326,4277,12857,5303,8483,8421,544,50,10594"
6583,6583,"10326,6220,9942,3950,8562,3428,544,13346,4277,4798"
6597,6597,"8562,9942,9693,2343,10326,4798,6220,5303,13346,5495"
6599,6599,"6220,6971,2218,12665,5303,13408,1290,2140,13296,8590"
6607,6607,"9942,8562,5303,6220,3428,3950,8413,13346,8483,4798"
6613,6613,"8562,3950,6220,12665,8681,13346,10326,8413,3428,5495"
6622,6622,"1290,7120,9295,11298,4929,9101,5199,1244,9730,3697"
6637,6637,"6220,2218,6971,8562,9693,2903,2343,9532,5199,9942"
6644,6644,"10326,4798,4277,8562,5303,3950,6220,217,13346,717"
6651,6651,"1290,11298,1244,2989,9101,7120,544,9730,12869,4576"
6674,6674,"3950,10326,13346,8562,12665,4798,4277,5303,9942,2343"
6683,6683,"9693,2343,10326,12665,5199,4798,5532,5495,6971,544"
6686,6686,"1290,9101,7120,1863,6971,544,9693,9730,11103,6697"
6707,6707,"544,8562,2343,5303,5495,6220,9693,10326,9942,4277"
6724,6724,"1863,10429,544,6220,9101,1244,4798,9942,5875,10326"
6729,6729,"10326,8562,9942,6220,3950,4798,275,5303,6971,2218"
6739,6739,"8562,12665,3950,5461,8333,9942,6220,4413,544,9101"
6756,6756,"8562,10326,5303,4798,3950,2218,275,2140,6220,12857"
6764,6764,"6659,5303,6220,50,8562,5545,1328,9602,9942,6433"
6768,6768,"9942,6220,8562,12665,3428,10326,6659,275,5303,5545"
6787,6787,"12665,8562,2218,3950,4798,6971,3055,13346,10326,6326"
6808,6808,"1290,1244,11298,7120,544,2989,12869,9730,7679,4664"
6811,6811,"544,10326,4277,4798,350,9942,12665,8562,8483,11969"
6812,6812,"8562,4798,12665,9942,10326,3950,3428,13346,5545,275"
6831,6831,"9942,544,6220,4798,5303,10326,12665,2218,8562,13346"
6833,6833,"2343,9693,12665,6220,9942,8562,544,3870,8413,9101"
6840,6840,"4798,5303,10326,2140,275,544,6270,9101,12665,8562"
6842,6842,"1290,7120,11298,1244,4929,9962,9101,10607,9730,544"
6855,6855,"1290,11298,9101,7120,1244,544,9730,2989,12869,4576"
6869,6869,"10326,4798,5303,8562,4277,8421,6433,3950,6971,12857"
6874,6874,"6971,6220,544,1290,12665,4798,9101,9942,8562,10326"
6879,6879,"544,9693,2343,5495,5199,5532,6971,10326,4798,12665"
6885,6885,"13346,3950,5676,544,4798,6326,9101,36,10326,5495"
6886,6886,"9942,6220,2343,9693,13346,544,4798,3950,12665,5545"
6902,6902,"10326,4798,4277,13346,544,6971,8562,12857,6433,3950"
6908,6908,"11298,1290,7120,2989,9101,1244,7679,12869,4664,12655"
6911,6911,"3950,6659,9942,11484,8562,10326,544,11547,4798,4277"
6912,6912,"12665,3950,6220,9942,8562,810,544,4798,3428,6971"
6919,6919,"1290,7120,544,11298,2989,1244,9101,4576,12869,11024"
6926,6926,"3950,9942,5532,4413,544,9101,4798,10326,5495,7673"
6934,6934,"10326,8562,3950,8483,10916,13346,8421,4798,5495,13249"
6935,6935,"4798,10326,544,8562,4277,12665,6220,8483,13346,3950"
6939,6939,"6220,8413,5303,4798,10326,1290,9942,12665,2218,9101"
7000,7000,"9942,544,6220,2343,9693,8562,12665,3950,3428,5303"
7003,7003,"8562,3950,2343,9942,10326,12665,9693,1323,6220,5495"
7005,7005,"10326,4798,544,3428,8562,217,717,6433,8421,350"
7042,7042,"10326,4798,8562,3950,5303,12665,10916,12857,6971,13346"
7045,7045,"4798,10326,8562,13346,544,6220,2140,12665,5303,5495"
7047,7047,"10429,1863,544,9101,4798,9942,8703,10326,5976,5495"
7053,7053,"6220,8562,544,10326,8188,12665,9942,10429,4798,7707"
7063,7063,"10326,4798,13249,717,13346,8483,12857,3950,4277,1328"
7067,7067,"2343,9693,3950,13346,2218,4277,717,6433,544,6795"
7071,7071,"10326,4798,4277,12857,3950,13346,717,6433,6326,8421"
7078,7078,"8562,6220,3950,5495,3428,13346,2218,9942,2343,2140"
7109,7109,"4798,1355,8562,6433,6326,12857,13346,10326,5495,9942"
7118,7118,"4798,10326,12857,6433,10916,5303,6270,6326,13346,8562"
7129,7129,"1290,7120,11298,1244,2989,9101,9730,544,4664,12869"
7133,7133,"10326,4798,609,350,5303,5495,217,3416,8421,9229"
7139,7139,"769,544,9295,1290,12903,8590,11464,9101,11298,10464"
7142,7142,"8562,4798,6220,3950,4277,12665,544,10326,5303,9602"
7146,7146,"9693,2343,4798,5303,12665,10326,5532,6971,5199,2218"
7172,7172,"10326,4798,8562,4277,217,717,8421,12857,10594,10916"
7181,7181,"89,544,64,12665,6971,5495,4576,4798,1290,9404"
7195,7195,"4798,10326,8562,4277,12857,13346,5303,717,10916,6971"
7197,7197,"4798,8562,10326,9942,3428,5303,3950,13346,5545,2218"
7203,7203,"1290,7120,11298,1244,9101,2989,4929,9295,544,9730"
7223,7223,"8562,3950,10326,6220,4798,10916,12857,12665,13346,6971"
7235,7235,"1290,12869,544,7120,9101,11298,2989,9730,1244,11024"
7236,7236,"544,7120,10326,4798,12665,4277,5303,1244,6971,2989"
7237,7237,"1290,7120,4929,1244,544,9101,4798,10326,9942,7637"
7255,7255,"1290,7120,9295,4929,8590,4798,544,10663,9101,9730"
7297,7297,"6220,9942,12665,9693,8562,10326,4798,6971,2140,544"
7320,7320,"8413,4798,3950,10326,2218,5303,544,11572,5495,13346"
7323,7323,"12665,2343,64,9693,13346,3950,1323,6220,8562,5495"
7326,7326,"4798,10326,5303,5495,8483,8590,2140,2218,12404,275"
7343,7343,"10326,4798,4277,6433,8562,350,717,8421,5303,217"
7363,7363,"5495,13346,6220,9942,8562,12665,89,2218,6971,1230"
7364,7364,"4798,6971,2218,13346,10326,8483,9942,3055,8413,12665"
7366,7366,"6220,9942,3428,3950,4277,13110,544,10326,8562,9101"
7372,7372,"8413,13346,8562,5495,6302,9942,2218,5303,3055,3428"
7399,7399,"9942,544,9532,6659,9693,1863,10429,5495,7679,9101"
7402,7402,"8562,8413,5303,6220,12665,2218,5495,4798,3950,9942"
7406,7406,"8562,10326,4798,544,3950,9942,11540,5610,4413,9101"
7421,7421,"544,9942,4798,10326,12665,8562,6971,2218,8413,2343"
7425,7425,"1290,7120,6220,544,10326,8562,1244,9101,11298,4929"
7431,7431,"4798,10326,12857,10916,6971,4277,8421,8562,10594,13346"
7447,7447,"4798,10326,8421,8562,5303,13346,8205,2140,544,5495"
7451,7451,"8562,6220,544,1863,13296,7707,10429,10326,5545,4798"
7453,7453,"7120,4929,1244,6971,9962,789,5135,11298,544,9101"
7456,7456,"1290,9101,7120,1244,9962,2989,544,789,6971,4798"
7484,7484,"1290,7120,11298,9730,4929,1244,6971,10663,544,9101"
7486,7486,"4798,10326,8413,5303,5495,8562,3950,2218,9942,6220"
7505,7505,"1290,7120,11298,2989,1244,544,9101,9730,7679,4929"
7529,7529,"4798,10326,8562,13346,12857,10916,2140,8421,4277,2343"
7532,7532,"11298,9101,2989,8978,7679,12869,6288,1244,544,11024"
7548,7548,"8562,13346,6220,12665,9942,4798,8413,5303,10326,2218"
7550,7550,"3950,8562,9404,4277,1978,6326,4798,1328,544,9101"
7557,7557,"10326,4277,4798,8421,217,10594,8562,717,350,12857"
7574,7574,"1290,7120,11298,9962,4929,2989,9101,1244,789,544"
7586,7586,"9942,1863,544,7637,8562,9101,8703,4798,10326,5495"
7592,7592,"544,9101,4798,12204,10326,9942,5495,873,12665,9258"
7594,7594,"8413,13346,12857,4798,3950,8562,4413,9942,2218,6220"
7600,7600,"10326,2343,9693,13346,8562,544,4798,4277,9942,9404"
7601,7601,"4798,10326,5303,13346,8562,4277,6971,2140,10594,10916"
7642,7642,"544,10326,4798,1290,5303,6220,9942,7120,11298,12665"
7647,7647,"8413,5303,544,8562,2218,1862,6220,4798,10326,7138"
7650,7650,"8413,8562,3950,2218,5303,6220,4798,544,13346,3428"
7660,7660,"1290,11298,9101,2989,7120,544,12869,1244,4576,9730"
7682,7682,"10326,4798,6220,8562,5303,9942,4277,3950,6971,13346"
7712,7712,"544,6220,12665,10326,3428,4798,2218,8562,5303,3950"
7728,7728,"8562,4798,10594,10916,3950,11000,12857,10326,4277,6433"
7763,7763,"8562,4798,6220,10326,13346,12665,3428,5303,6659,5545"
7764,7764,"6220,10326,544,6971,9942,13346,2218,4277,275,12665"
7765,7765,"2989,11298,9101,9730,1290,7679,8978,3704,11024,4890"
7768,7768,"6659,8413,9942,4798,8562,4413,5495,544,6220,931"
7776,7776,"1290,7120,9962,9101,789,11298,544,5135,4798,13309"
7834,7834,"4798,544,8421,10326,9101,3968,350,1390,9942,7044"
7850,7850,"4798,4277,544,217,8421,10594,275,2140,12857,2218"
7860,7860,"1290,7120,11298,2989,9101,1244,7679,4929,544,9730"
7879,7879,"4798,10326,6971,5303,8562,8421,2140,10916,5495,12665"
7892,7892,"544,11298,9101,1290,9693,2343,1220,9156,1244,7120"
7895,7895,"4798,6220,8562,5303,8413,13346,10326,5495,2140,7707"
7901,7901,"4798,10326,6220,3950,4277,5303,544,13346,8562,12857"
7922,7922,"12665,544,6220,4798,4277,3950,9942,9101,9455,8562"
7927,7927,"4798,10326,8562,11969,5303,5495,9942,6971,6220,8413"
7931,7931,"9693,2343,10326,4798,13346,5303,544,275,8562,12665"
7938,7938,"12470,9942,3950,13306,3428,6220,5199,8562,11969,13346"
7942,7942,"544,4277,8562,10326,3950,6433,350,6220,10916,217"
7964,7964,"9942,1323,2218,8413,3950,5545,5495,4413,3428,544"
7982,7982,"5495,64,2343,3950,12665,5461,5199,2903,9942,9404"
7988,7988,"1290,7120,4929,544,9101,4798,3697,8302,10326,6971"
7992,7992,"4798,8562,10326,13346,4277,6220,12857,5303,10916,9942"
8005,8005,"6971,8413,4798,2343,2218,5303,12665,10326,5199,5532"
8019,8019,"3464,6248,7679,9101,2710,544,11298,2989,4798,10326"
8026,8026,"8562,13346,4798,10326,6220,3950,9942,12665,4277,13249"
8028,8028,"9693,2343,544,5532,9404,6795,5199,9942,4798,64"
8085,8085,"13346,50,275,64,544,9942,6626,9101,4798,12665"
8103,8103,"89,12665,4602,544,9942,9101,4798,7024,5875,10326"
8108,8108,"8562,3950,6220,10326,4277,3428,217,10594,13346,9072"
8137,8137,"9942,6971,12665,2343,544,9693,3950,5495,5303,8562"
8138,8138,"10326,8562,13346,12857,217,6433,5303,4277,3950,717"
8139,8139,"4798,10326,8562,5303,3950,6971,8421,2218,12857,6220"
8148,8148,"9942,4798,10326,8562,12665,13346,6220,3950,6971,3428"
8150,8150,"10326,4798,12665,8562,275,5303,6220,3950,4277,2140"
8160,8160,"544,1290,7120,11298,2989,9101,1244,12869,4576,11024"
8175,8175,"12665,10326,1328,9942,11639,3950,217,8483,13346,4277"
8191,8191,"7120,1290,9730,2989,9101,12869,11298,1244,4929,6591"
8198,8198,"4798,10326,6220,8483,8562,6971,3950,2218,4277,13346"
8202,8202,"11298,9101,1244,2989,7679,1290,4576,9730,7605,12995"
8233,8233,"4798,10326,6971,13346,12665,8483,5303,2343,8562,8421"
8251,8251,"4798,12136,544,5126,9942,5495,1031,13346,9101,5100"
8252,8252,"10326,4798,4277,12857,8562,717,3950,6433,8421,217"
8265,8265,"10326,544,4798,5303,6220,8562,6971,2218,275,12665"
8267,8267,"10326,4798,5303,8562,8421,12857,11000,6433,8161,8483"
8268,8268,"8562,13346,12665,12857,5303,6326,717,10326,3950,544"
8294,8294,"2343,9693,544,6971,5532,5199,2140,4798,6795,10326"
8299,8299,"1290,7120,9962,1244,11298,9101,789,544,12869,4798"
8302,8302,"10326,4798,5303,2218,4277,12857,13346,2140,9072,3950"
8303,8303,"1290,4929,1244,9101,11298,544,2989,9295,9730,789"
8323,8323,"6971,8562,9693,2343,544,6220,10326,5495,5199,4798"
8327,8327,"2218,5303,6971,4798,6220,3950,12665,9942,89,8413"
8331,8331,"3950,6659,2218,8562,1328,5303,9942,714,3428,4798"
8332,8332,"1290,11298,9101,7120,1244,9730,4576,7679,4664,2989"
8334,8334,"3950,6220,8562,9942,5495,8413,12665,4798,11572,2218"
8337,8337,"1290,11298,7120,544,1244,2989,9295,2343,10326,9730"
8341,8341,"8562,13346,3950,6326,10326,4798,9942,5495,12857,12665"
8361,8361,"10326,4798,6971,9942,5303,8562,544,8590,13296,5545"
8369,8369,"3950,9404,2411,9072,9693,544,10326,8562,6220,2343"
8378,8378,"6971,5303,10326,8421,13249,13346,4798,9942,8161,544"
8407,8407,"7679,11298,2989,3464,544,8978,11024,9101,4576,10389"
8419,8419,"1290,1244,7120,544,11298,9101,2989,4576,4664,9730"
8424,8424,"8562,5303,10326,544,4798,6971,13296,1290,1863,9101"
8425,8425,"5303,4277,8562,6220,13249,13346,2218,10326,2140,4798"
8438,8438,"1290,7120,4929,3697,9962,11298,544,9101,5135,11117"
8447,8447,"10326,4798,4277,12857,8562,5303,10916,8421,6433,217"
8458,8458,"12869,11298,544,2989,9101,9962,9942,1240,4798,10326"
8463,8463,"10326,4798,9942,8562,6220,5303,544,6971,2218,5495"
8471,8471,"4798,10326,6971,5303,3950,12665,8562,13346,2140,3055"
8472,8472,"1290,1244,7120,9101,11298,7679,544,12869,2989,9730"
8477,8477,"6971,4798,5303,2343,544,10326,6220,9693,8562,5199"
8478,8478,"9693,2343,12665,5495,6971,9942,544,6220,5199,2218"
8483,8483,"1290,11298,7120,9295,2989,9101,89,544,9962,6971"
8496,8496,"10326,6971,8562,5303,3950,1290,8205,544,5199,5495"
8497,8497,"8562,10326,4798,12857,3428,3950,13346,8483,217,6220"
8501,8501,"10326,4798,13346,8562,8413,544,5999,9101,9942,12857"
8506,8506,"9942,3950,13346,6220,5495,2218,3428,5461,8562,10326"
8520,8520,"4798,10326,12857,8562,5303,4277,3950,10916,544,6971"
8524,8524,"544,12665,11298,7679,4277,9101,11969,2989,4576,11024"
8531,8531,"4798,8562,8413,10326,13346,50,275,3950,4277,6326"
8556,8556,"10326,4798,544,8562,4277,5303,5495,350,6220,8483"
8579,8579,"11298,9730,2989,9101,1244,1290,4576,12869,544,11024"
8585,8585,"6220,544,2218,5495,13110,13296,9693,7707,5545,3950"
8591,8591,"12665,10326,6220,9942,3428,13346,4798,4277,6659,11969"
8592,8592,"1290,7120,4929,1244,10663,9101,6971,544,11298,9693"
8596,8596,"9942,3950,8562,4798,6220,13346,10326,3428,8413,8421"
8598,8598,"10326,8562,3428,5303,3950,12665,6220,2218,4277,4798"
8608,8608,"1290,7120,9101,10663,1244,11298,9295,6971,2989,544"
8610,8610,"1290,7120,1244,11298,9101,4929,9730,9962,544,9295"
8617,8617,"1290,7120,11298,9295,1244,4664,4929,9101,10607,3697"
8621,8621,"5303,6971,5199,2218,5495,4798,1746,13346,544,9101"
8629,8629,"9093,544,3420,9101,11013,4798,10326,8068,6708,9942"
8649,8649,"5495,5532,544,9101,4798,12665,2705,9942,10326,5819"
8652,8652,"7120,4929,1244,11298,9101,544,9730,2916,6243,9962"
8714,8714,"1290,2989,7120,6220,9101,9942,11298,8590,544,11660"
8718,8718,"89,12665,9942,64,5875,544,2343,9101,8235,13346"
8733,8733,"9101,1290,11298,12655,7679,7120,2989,544,1244,8978"
8734,8734,"12665,6220,3428,3950,3870,5545,13110,4413,544,9101"
8754,8754,"8562,5495,5303,544,2218,217,3428,3950,12470,6220"
8771,8771,"8413,4798,8562,2218,6220,10326,8205,5303,6971,544"
8791,8791,"544,4798,10326,2343,6220,8562,9942,13346,4277,9693"
8794,8794,"8562,4798,5303,810,6220,3950,2218,3428,13346,10326"
8797,8797,"9453,10326,544,8822,8562,9101,4798,350,9942,4560"
8804,8804,"10326,4798,13346,8562,3950,6220,4277,2218,10916,12857"
8809,8809,"10326,12857,275,4798,6971,544,5676,13346,5303,50"
8823,8823,"1290,7120,11298,2989,4929,9101,7679,11024,4576,10663"
8833,8833,"10916,10326,8562,4277,3950,12665,8421,5545,10077,544"
8835,8835,"1290,7120,9693,11298,2343,1244,4929,12869,9101,9295"
8840,8840,"4798,5303,2140,6971,8413,544,9101,10326,9942,8562"
8842,8842,"8413,544,5495,4181,238,9101,4798,10326,7063,9942"
8860,8860,"544,1290,11298,12665,2989,89,1244,7679,6220,11024"
8866,8866,"10326,4798,8421,4277,8562,544,8483,13346,3950,5199"
8877,8877,"8562,4798,12665,544,6515,9101,10326,1102,9942,13230"
8887,8887,"8413,8562,5532,9190,5731,3950,544,12665,4798,6220"
8895,8895,"350,10326,544,4798,9101,11739,2770,8092,9942,3243"
8907,8907,"1290,7120,11298,1244,9962,9101,4929,789,9730,5135"
8921,8921,"10326,4277,13346,350,717,4798,6433,2140,9942,4492"
8928,8928,"7679,3464,11298,1290,7669,9101,544,11554,7120,1371"
8936,8936,"10594,13408,5495,12857,217,544,4685,9101,4798,3013"
8965,8965,"9693,2343,10326,4798,544,9942,6220,6971,13346,5303"
8971,8971,"9693,2343,12665,9942,6795,544,5532,8562,5495,6220"
9000,9000,"544,1290,7120,11298,9101,1244,7679,9693,4576,2989"
9023,9023,"12665,544,3950,4277,9942,2343,9693,10326,2218,10077"
9025,9025,"12665,5303,6971,10326,275,1290,89,5199,4798,544"
9031,9031,"8413,3950,4798,6971,13346,9942,5199,544,8562,9101"
9045,9045,"4798,1290,9942,7120,6220,4277,8413,2218,5303,6659"
9053,9053,"8562,12665,6220,4798,10326,6971,13346,3950,544,3055"
9054,9054,"9942,12665,3950,6220,3428,5303,8483,13346,4798,2218"
9060,9060,"8562,4798,10326,6220,12665,5303,3950,13346,544,2343"
9063,9063,"8562,8413,3950,9942,2585,13346,4413,3428,544,6220"
9071,9071,"8562,6220,12665,3950,9942,3428,2218,8681,13346,275"
9078,9078,"9693,2343,544,9101,5532,6795,10326,4798,5199,2537"
9101,9101,"4798,8562,10326,13346,9942,6220,5495,3950,3428,1355"
9108,9108,"6220,3950,5303,9942,2140,3428,4798,544,6270,8483"
9110,9110,"8562,10326,4798,5303,12857,4277,2218,12665,6433,13346"
9114,9114,"2989,11298,544,5495,9101,6220,7342,7679,9730,12655"
9144,9144,"1290,11298,7120,1244,544,9101,2989,9730,4576,11024"
9172,9172,"1290,7120,6220,9101,544,1863,4798,10326,9942,5495"
9185,9185,"544,1863,8562,10429,5495,6220,9101,9942,10326,4798"
9190,9190,"4798,8562,5303,3950,10326,12857,6220,5642,2140,12665"
9193,9193,"10326,8562,3950,4798,13346,2218,6220,13249,6971,2140"
9198,9198,"10326,4277,5303,9340,2140,4798,544,7138,4908,9101"
9200,9200,"1290,7120,9942,10326,6971,6220,544,5303,1244,4798"
9201,9201,"7679,1290,7120,11298,12995,1244,9101,3464,544,2989"
9204,9204,"544,10326,5303,4798,2343,6971,9693,5495,2218,3950"
9215,9215,"1290,7120,10326,4798,6971,4929,2140,1747,10663,544"
9222,9222,"1290,7120,9730,11298,9101,12869,1244,544,9295,4664"
9233,9233,"4798,4277,5303,8562,13346,6383,12665,350,3950,544"
9235,9235,"1290,9101,7120,1244,544,11298,9942,4576,2989,7679"
9245,9245,"1290,7120,1244,9101,789,11298,4929,544,13309,5008"
9275,9275,"12665,89,9942,5495,5875,544,9101,1290,7024,8562"
9308,9308,"9942,8562,6220,544,3428,2218,3950,5545,5184,8413"
9323,9323,"10326,4277,8483,544,5303,717,2218,10594,8421,4798"
9329,9329,"10326,3950,8562,6220,12665,13346,5303,5495,12857,2343"
9355,9355,"8562,3950,8413,4798,6220,2218,5303,6971,10326,12665"
9369,9369,"4798,10326,5303,12857,6433,13346,2140,8562,8421,13249"
9386,9386,"8188,11484,5495,544,12226,9101,6659,3269,4798,9942"
9388,9388,"4798,544,6220,5303,12665,275,6971,9942,4277,8188"
9401,9401,"1290,7120,11298,1244,9962,4929,9730,10607,789,3697"
9418,9418,"10326,8562,6220,4798,9942,2218,3950,3428,13346,5303"
9433,9433,"4798,8562,4277,10326,8483,3950,13346,12857,217,10916"
9440,9440,"10326,544,4277,8562,4798,217,717,350,8421,5303"
9446,9446,"3950,13346,8562,2218,4277,13306,10326,5495,3428,5199"
9464,9464,"5495,12470,544,8188,5676,8413,2218,7707,2585,12086"
9477,9477,"8562,5303,275,5495,4798,12665,50,3950,6220,2140"
9488,9488,"1290,7120,11298,1244,544,6971,9101,4576,9730,12869"
9500,9500,"10326,4798,4277,717,10916,13346,350,8562,8421,6433"
9502,9502,"4798,8562,3428,3950,10326,2218,13346,12857,5495,12665"
9507,9507,"2343,9693,2903,544,2537,9942,12665,9101,89,4798"
9528,9528,"7120,2989,9101,11298,7679,12655,4929,12869,9730,544"
9539,9539,"4798,10326,13346,4277,12857,8562,6433,717,2218,3950"
9566,9566,"544,9101,9693,10326,4798,2343,6971,11298,6220,5303"
9575,9575,"4798,8483,2218,5303,8562,12857,10326,11000,5199,4277"
9583,9583,"5495,4798,13346,10326,9942,5303,3950,6220,12470,6326"
9589,9589,"10326,4798,3950,4277,13346,544,8562,6433,6971,10594"
9591,9591,"4798,10326,5303,8562,3950,6971,10916,12857,2218,4277"
9617,9617,"5495,5303,1286,544,4798,10326,9101,12470,11384,609"
9620,9620,"8562,12665,6220,13346,3950,10326,2343,9942,5495,3428"
9622,9622,"5495,2905,4798,544,5109,10326,9101,3950,9942,5999"
9631,9631,"9730,4576,9101,11298,7679,11918,3222,7605,12869,544"
9655,9655,"8413,3950,8562,1042,8822,8188,544,12665,9101,11910"
9658,9658,"10326,4798,5495,6220,544,2343,5303,2140,8421,9942"
9660,9660,"1290,7120,9730,9101,11298,4929,9295,2989,1244,4576"
9669,9669,"1290,7120,4929,9962,789,5135,9295,544,9101,4798"
9672,9672,"4798,5303,13346,12857,8483,3950,8562,4277,6326,10916"
9684,9684,"544,9101,4798,10326,6952,9942,8562,5495,12665,10352"
9702,9702,"1290,7120,4929,1244,9962,11298,9101,10663,789,544"
9705,9705,"1290,7120,8562,4798,6220,5303,12857,10326,2218,6971"
9722,9722,"1244,12869,11298,1290,7120,9101,544,12665,7679,10137"
9732,9732,"1290,1244,7120,11298,9730,9101,7679,544,4576,8978"
9781,9781,"12655,2989,11298,9101,844,7679,2874,3704,3148,3238"
9803,9803,"5495,5303,5532,6971,544,2343,9693,12665,12470,2218"
9809,9809,"10326,8562,64,2218,5495,2343,6795,9942,13306,12665"
9814,9814,"10326,12857,6971,5303,4277,8562,8421,10916,2140,10594"
9818,9818,"6971,2218,5303,2343,5199,5495,9693,6220,5532,8562"
9820,9820,"4798,9693,13346,5495,2905,5532,5199,544,13315,9101"
9848,9848,"544,5303,10326,4277,4798,350,2140,8562,13346,217"
9856,9856,"4798,10326,8562,5303,6971,544,12665,3950,217,9942"
9869,9869,"6220,12665,5303,6971,4798,544,8235,9101,10326,9942"
9889,9889,"10326,5303,4798,275,2218,8413,2140,8562,50,6971"
9923,9923,"4798,10326,4277,8562,3950,5303,8483,350,8421,10916"
9929,9929,"8562,3950,13346,12665,4798,5461,9404,9942,3055,10326"
9961,9961,"1290,7120,11298,12665,89,1244,9101,4929,11024,544"
9969,9969,"4798,10326,4277,717,6971,217,544,5303,12665,2218"
9974,9974,"1290,7120,89,2343,9101,6591,11298,4929,9693,2218"
9976,9976,"1244,11298,1290,1862,9101,3222,13315,11918,12869,4890"
9989,9989,"8562,5495,9942,6220,3950,12470,5303,4798,12665,13306"
9993,9993,"9942,8562,12665,4798,2343,5303,6971,10916,544,10326"
10002,10002,"6659,10326,544,9101,4798,2989,9942,275,12665,5495"
10011,10011,"1290,11298,9730,7120,7679,2989,9101,4664,10137,11024"
10016,10016,"10326,4798,8562,5303,544,9942,6220,12857,6971,4277"
10028,10028,"9942,3428,544,5545,9101,57,4798,8562,12665,10326"
10029,10029,"9942,13346,6220,10326,5303,3428,8562,2218,5495,3950"
10033,10033,"12665,2218,8413,5303,3055,1220,1230,6971,1286,8922"
10042,10042,"10326,4798,5303,6971,3950,12857,10594,8562,10916,2140"
10046,10046,"4798,10326,8562,4277,3950,12857,13346,217,10916,13249"
10061,10061,"4798,4277,544,8562,6433,3950,10594,12857,6220,217"
10071,10071,"6220,13346,4277,9942,217,3950,3428,10326,10594,8421"
10084,10084,"4798,13346,8562,6971,2218,6220,12857,8421,2140,10326"
10091,10091,"8562,4798,10326,6220,5303,9942,5495,1323,3950,544"
10102,10102,"1244,11298,544,2989,4929,4576,9730,6971,12869,12665"
10104,10104,"8562,4798,5303,2218,3950,10326,5495,6220,12857,4277"
10121,10121,"1290,7120,6971,4929,544,1244,9693,9101,5495,11298"
10131,10131,"13346,3950,3428,9942,6220,8562,8413,12857,5545,4798"
10134,10134,"10326,4798,275,544,4277,2140,350,8421,5303,9942"
10139,10139,"1290,7120,4929,11298,1244,10663,9295,9101,3697,544"
10144,10144,"3950,8562,13346,6220,5199,10326,4798,3055,9942,5532"
10155,10155,"2218,4798,8562,10326,13346,8483,3950,9942,5303,544"
10168,10168,"1863,1290,544,4798,9101,9942,6220,7637,10326,8562"
10178,10178,"544,1290,9101,2989,9942,10326,7120,6220,11298,1244"
10186,10186,"9693,12665,8562,13346,9942,6220,3950,5545,89,5532"
10190,10190,"4277,10326,10594,4798,8421,10916,717,217,350,11222"
10194,10194,"8562,4798,13346,3950,8413,12857,4277,12665,6326,2218"
10196,10196,"9942,5676,13346,3950,1889,4413,1574,6220,544,8562"
10215,10215,"10326,4798,4277,8562,6971,12857,5303,8421,6433,13249"
10218,10218,"9942,8562,6220,4798,5303,12857,10326,3950,12665,5495"
10251,10251,"8562,6220,4798,8188,12857,5303,2218,3950,13346,10326"
10252,10252,"1290,7120,9295,11298,9101,9962,1244,544,789,6220"
10262,10262,"5495,12099,2903,5199,544,8205,9101,4798,10326,9942"
10266,10266,"9942,6220,12665,544,4798,3950,8562,2343,6971,5545"
10271,10271,"9942,6220,2343,12665,10326,8562,4798,9693,2140,6971"
10277,10277,"8562,4798,10326,5303,13346,6971,3950,2218,10916,2140"
10282,10282,"10326,12665,4798,1290,5303,13346,8421,8590,544,10568"
10286,10286,"1290,7120,4929,10663,9295,544,9101,12030,3697,4798"
10305,10305,"10326,810,4798,1889,13346,5199,12857,5495,544,3950"
10309,10309,"9942,12665,6220,8562,10326,2218,5545,6971,4798,13346"
10335,10335,"1290,7120,1244,11298,9730,9101,4929,10663,2989,12869"
10340,10340,"11298,1290,2989,7120,7679,9101,4576,544,9730,4545"
10375,10375,"6220,4798,8413,9942,5303,12665,8562,5495,5676,544"
10388,10388,"4798,10326,5303,6971,13346,2218,275,8562,2140,5495"
10397,10397,"10326,4798,8413,5303,4277,12857,8421,1889,10594,6433"
10402,10402,"9942,5676,3950,3870,2218,8562,4798,12665,5199,13346"
10407,10407,"544,6220,2343,4277,350,810,10326,3428,5303,5885"
10408,10408,"10326,4798,544,9942,9101,8562,5495,9306,12665,7439"
10416,10416,"10326,3950,13346,4798,2343,6220,9942,1220,12665,12857"
10448,10448,"8562,4798,10326,3950,544,6220,5303,13346,4277,275"
10454,10454,"3950,8562,13346,10326,3428,5495,13249,9942,4798,9404"
10499,10499,"4798,10326,4277,717,8421,13346,217,6433,10594,10916"
10503,10503,"3950,12665,8823,10568,544,8296,9101,4988,11351,4798"
10504,10504,"2989,7679,11298,3464,12869,9101,1244,4545,544,12655"
10508,10508,"10326,4798,5303,544,717,4277,8562,217,2140,8421"
10514,10514,"8562,3950,13346,10916,4798,10326,12857,810,4277,6326"
10526,10526,"4798,13346,10326,3950,4277,12857,8562,10594,6433,717"
10540,10540,"4798,10326,13346,9942,6220,275,5303,4277,8562,3950"
10542,10542,"4277,217,350,10326,544,8421,4798,9340,6433,12404"
10551,10551,"4798,10326,8562,9942,6220,544,275,6971,5303,12665"
10554,10554,"8562,544,12665,9942,5199,5676,5303,2989,3870,8413"
10555,10555,"11484,8562,6220,544,10429,9101,8590,4798,10326,8188"
10556,10556,"844,3055,4798,2140,5610,227,544,5303,9101,7547"
10562,10562,"12857,4798,2218,10326,13346,9072,2140,6971,3950,5303"
10575,10575,"11298,1290,7120,9730,7679,9101,7669,9295,12869,1244"
10576,10576,"10326,4798,5303,8562,8421,10916,350,12857,2140,217"
10582,10582,"4798,10326,544,8562,9942,3950,5303,12665,2218,4277"
10584,10584,"3950,8562,4798,13346,10326,9942,6220,5303,12665,3428"
10606,10606,"4798,10326,9942,3950,544,6220,5303,13346,4277,12665"
10611,10611,"544,4798,4277,717,8483,217,8421,10594,5303,6383"
10613,10613,"544,10326,4798,217,717,5303,6383,8421,12665,8483"
10614,10614,"8188,2218,9942,544,8562,4798,9101,7707,5495,10429"
10623,10623,"544,8235,7024,9101,4715,4798,10326,9942,5495,12662"
10647,10647,"11298,12869,7679,1290,4163,7120,9101,11024,1244,2957"
10657,10657,"10326,12857,4798,5303,8421,10594,4277,8562,717,275"
10670,10670,"10326,4798,10594,4277,10916,8421,6433,2140,12857,8562"
10679,10679,"1290,11298,7120,1244,9295,12869,9730,9101,10389,2989"
10680,10680,"4798,8562,10326,3950,13346,5303,2218,275,6220,10916"
10699,10699,"6971,4798,2218,13346,5303,5495,8562,3950,6326,10326"
10715,10715,"217,10326,2343,4277,717,275,9340,9105,9404,4798"
10720,10720,"3950,4798,8562,13346,12665,8413,10326,5303,6326,12857"
10735,10735,"8562,10326,9942,6220,13346,3950,544,2218,6971,4798"
10742,10742,"12665,6220,9942,2218,8562,544,6971,3950,5303,10326"
10744,10744,"4798,8421,2580,544,4616,9101,7305,10326,3659,7166"
10747,10747,"544,13346,10326,3950,4277,4798,10568,12665,9693,9942"
10769,10769,"2343,9693,9455,6839,5199,10453,5676,1933,12665,9942"
10795,10795,"10326,4798,5303,275,6971,12857,8562,2218,13346,2140"
10817,10817,"11298,1290,1244,7120,9295,10607,9101,9730,9962,11024"
10819,10819,"10326,12665,5303,6971,5461,13346,2218,2140,4798,8483"
10828,10828,"544,6220,12665,10326,3428,4798,2218,8562,5303,3950"
10860,10860,"8562,3950,5303,4798,13346,12857,3428,10326,10916,2218"
10868,10868,"9693,9101,11298,2343,9730,2989,1290,544,4576,4890"
10895,10895,"13346,8562,4798,10326,12857,10916,8413,13249,6433,6326"
10900,10900,"10326,4798,5303,6971,2140,8421,8562,10916,275,544"
10912,10912,"3464,7679,8315,9101,544,2769,4798,2989,11298,10326"
10934,10934,"1290,7120,10326,11298,1244,544,2989,4798,9101,4929"
10947,10947,"5495,12470,6971,10326,5303,5199,544,4798,2140,2903"
10950,10950,"10326,12857,5303,4798,2140,6433,4277,6971,3950,8562"
10964,10964,"1290,11298,1244,7120,9101,12869,2989,9962,544,10607"
10965,10965,"9942,5495,8413,12136,1681,8681,8562,7715,3428,544"
10968,10968,"10326,544,5303,4798,4277,217,350,12857,275,8562"
10972,10972,"4798,13346,8562,3950,10916,5303,12857,4277,2343,8421"
10975,10975,"4798,4277,6433,544,10326,1290,7120,9101,8510,9306"
11028,11028,"10326,4798,9942,8562,3950,13346,3428,4277,5545,5303"
11030,11030,"1290,544,7120,2989,11298,9101,12869,10326,12665,2411"
11044,11044,"2343,544,12665,6971,9693,10326,89,6220,64,810"
11048,11048,"3950,4798,13346,12857,2905,10326,2140,8562,6220,544"
11065,11065,"1290,5303,6971,6220,2218,4798,7120,9295,2989,8562"
11085,11085,"1290,1244,7120,9962,11298,789,5135,9101,544,3697"
11088,11088,"8562,4798,6971,2218,13346,5303,10326,275,544,6326"
11100,11100,"1290,11298,7120,1244,9101,544,2989,12869,9730,11024"
11102,11102,"4798,8562,10326,3950,12857,8483,8413,13346,10916,6220"
11105,11105,"9693,2343,1290,5199,6795,5532,544,1244,9101,10835"
11107,11107,"8562,10326,3950,4798,13346,9942,6220,12665,5303,10916"
11109,11109,"1290,7120,544,9101,6220,1863,4929,9942,10429,11298"
11120,11120,"1290,7120,11298,1244,4929,9101,544,9295,9730,9962"
11121,11121,"8562,3950,4798,10326,13346,5303,12665,6971,6220,4277"
11133,11133,"8911,544,9101,4798,10326,9942,5495,8257,8562,6659"
11149,11149,"10326,9942,6971,4798,12857,275,2140,13249,9404,5731"
11152,11152,"1290,11298,7120,9730,2989,7679,11024,1779,4576,1244"
11160,11160,"9942,13346,3950,4798,275,3428,6220,8546,64,4413"
11163,11163,"10326,12665,4798,3950,13346,544,6220,8562,275,4277"
11168,11168,"544,9101,4798,10326,9942,2291,5495,8675,12665,8562"
11193,11193,"5303,6220,544,12793,5495,3428,9693,275,10326,9101"
11200,11200,"9942,5495,6220,3428,12470,8562,3950,13110,6659,13346"
11210,11210,"1290,7120,6971,4929,10663,4798,544,9101,10326,9942"
11215,11215,"10326,4798,8562,10594,10916,13249,9942,5199,8421,13259"
11219,11219,"1290,7120,4929,9962,10663,9101,1244,544,789,3697"
11243,11243,"2140,350,4798,8421,10326,544,9101,8562,4277,9942"
11253,11253,"1290,7120,2989,11298,9101,544,1244,9730,12869,4576"
11261,11261,"6220,5303,8562,3950,3428,2218,9942,13346,5545,13296"
11280,11280,"2343,9693,5532,544,6795,5199,9101,9942,4388,10326"
11285,11285,"1290,7120,11298,1244,9101,9962,10607,9942,544,11117"
11309,11309,"3950,8562,6220,3428,6326,810,217,12665,2140,5642"
11312,11312,"9942,6971,9404,3950,5495,8562,2343,8413,544,9693"
11314,11314,"2343,4277,10326,717,350,9693,4798,64,8421,13346"
11325,11325,"4798,10326,8562,544,2343,4277,6220,13346,6433,9942"
11327,11327,"5303,8562,6220,2218,4798,9942,7707,544,10326,12665"
11359,11359,"9942,544,10326,4798,13346,275,6971,6220,12665,2343"
11366,11366,"11554,11484,1371,3464,544,9101,9289,9491,8315,4798"
11368,11368,"11298,1290,7120,9101,1244,2989,7679,9295,12869,544"
11371,11371,"5495,13346,5199,8562,6326,2343,3950,89,13112,12665"
11376,11376,"544,2218,217,8562,9693,4277,2343,4798,12665,13346"
11377,11377,"4798,10326,8562,13346,5303,3950,6326,4277,6220,10916"
11383,11383,"4798,10326,5303,6971,9942,12857,8562,6220,2140,12665"
11416,11416,"1328,4798,10326,544,9101,7480,9942,1221,5495,12665"
11444,11444,"1290,10326,9101,11298,1244,12665,4277,2989,6220,4929"
11445,11445,"4798,8562,10326,544,3950,4277,217,350,10916,8421"
11448,11448,"9693,544,6795,12665,9101,10326,6220,9942,13346,1220"
11469,11469,"6971,5676,9229,10326,544,4798,12451,9101,725,6796"
11487,11487,"544,7120,11298,2343,9101,9693,4929,2989,6971,12665"
11492,11492,"5303,5495,6220,4798,8562,2343,275,544,9942,9693"
11503,11503,"544,10326,4798,10453,6659,1404,6220,4277,9693,2218"
11504,11504,"2903,6270,544,9275,1943,9101,4798,10326,36,2127"
11515,11515,"8562,10326,3950,13346,6220,9942,4798,4277,217,544"
11547,11547,"10326,12665,13346,9942,4798,6971,3950,2343,544,5199"
11552,11552,"10326,2343,4798,544,8562,12665,6220,3950,9693,13346"
11567,11567,"10326,4798,8562,6220,3950,4277,13346,12857,9942,5303"
11581,11581,"544,10326,4798,9942,5303,6220,6971,12665,12857,8562"
11589,11589,"1290,11298,7120,1244,12869,9101,2989,9730,9962,789"
11591,11591,"12665,9942,11298,2989,7679,4654,89,9101,1290,544"
11595,11595,"1290,7120,11298,9295,9962,1244,9101,5135,544,3697"
11604,11604,"4798,544,10326,1290,6220,6971,2218,7120,275,4277"
11608,11608,"10326,8562,6220,12665,4798,544,13346,5303,3950,9942"
11627,11627,"8562,13346,3950,6220,2218,4798,5303,9942,10326,3055"
11646,11646,"8562,5495,12665,3950,4798,3428,6220,8413,8188,5545"
11647,11647,"4798,10326,8483,5303,6971,4277,6220,275,2140,10916"
11675,11675,"5303,10326,3950,6971,2140,4798,5495,13408,2218,544"
11676,11676,"1290,7120,11298,1244,9101,12869,4929,544,9962,6971"
11696,11696,"10326,5495,4798,544,13408,9101,12665,9942,8562,13214"
11700,11700,"8562,544,4798,9101,7332,10326,7919,7772,9942,10868"
11722,11722,"1290,7120,6971,1244,544,6220,4929,11298,9295,4798"
11754,11754,"3950,12665,6220,544,7679,5303,9942,2989,3428,13346"
11757,11757,"2343,13408,9693,12665,10326,13346,1220,544,89,769"
11767,11767,"12665,9942,8562,6971,544,12757,9101,4798,5495,5875"
11773,11773,"10326,4798,8562,6220,3950,5303,12857,8421,1328,717"
11777,11777,"9942,4798,3950,8562,6220,13110,13346,5545,6326,544"
11778,11778,"9101,1290,7120,11298,1244,7669,12869,9730,544,9330"
11788,11788,"1290,7120,11298,9730,9101,4929,9295,2989,1244,4664"
11790,11790,"1290,7120,10326,4929,6971,10663,4798,9101,8590,544"
11811,11811,"1290,7120,1244,11298,9101,4929,9295,9730,10663,2989"
11837,11837,"1290,7120,1244,11298,9101,4929,9962,544,9942,7679"
11859,11859,"13346,4798,8413,12665,64,8562,10326,544,9101,9942"
11865,11865,"8562,544,10429,5495,9101,6220,4798,10326,9942,9693"
11867,11867,"8562,4798,3950,6220,12857,5303,6326,5495,10326,275"
11871,11871,"544,1290,7120,2218,5303,6971,11298,9730,9942,9101"
11879,11879,"7120,1244,11298,9101,544,10663,4576,10607,9730,9962"
11880,11880,"10326,4798,4277,8562,5303,8421,10594,8483,717,10916"
11908,11908,"5303,4798,5495,10326,2140,2343,6971,5199,275,9693"
11912,11912,"275,4798,6971,5303,2218,8205,544,9101,10326,2140"
11925,11925,"10326,13346,4277,717,3950,64,4798,2343,275,8421"
11933,11933,"8413,6220,5676,8562,1862,8188,8681,5545,7707,5495"
11945,11945,"10429,1863,544,9101,5976,4798,10326,9942,5495,8562"
11948,11948,"4798,8562,5461,13346,3950,13249,5495,10326,544,9942"
11952,11952,"5303,10326,4798,8421,12857,544,9101,10594,9942,10608"
11957,11957,"4798,544,9101,1290,10326,8302,5610,4469,9942,5495"
11959,11959,"4798,10326,9942,8562,50,4277,3428,2343,12857,6220"
11967,11967,"2218,8562,6220,8413,12665,9942,3950,4798,3428,8235"
11969,11969,"9101,544,4798,8562,10326,1421,2580,5495,9942,11939"
11970,11970,"6220,8562,3428,2218,9942,12665,13306,5642,544,4277"
11975,11975,"10326,6220,3950,3428,9942,12665,8562,5545,4798,13346"
11995,11995,"8562,3950,9942,6220,9404,12665,13346,5199,5461,1323"
12002,12002,"1290,11298,7120,2989,544,1244,9730,4576,12869,4890"
12022,12022,"1290,7120,12869,11298,9101,9962,1244,789,4929,5135"
12032,12032,"6659,11484,544,9375,9101,4798,5495,10326,9942,8911"
12036,12036,"9101,1290,7120,1244,544,9730,2989,11024,4576,8978"
12066,12066,"2343,4798,9693,4277,544,12665,13346,275,6971,10326"
12077,12077,"1290,7120,4929,1244,9962,11298,9101,789,10663,9295"
12078,12078,"4798,10326,5303,4277,2140,6971,11000,8421,350,8562"
12084,12084,"4798,10326,8562,6971,5303,12665,275,2140,13346,544"
12089,12089,"8562,10326,8413,5303,6220,3950,4798,5545,6971,9942"
12106,12106,"10326,2989,6220,1290,11298,1244,4277,11969,12869,8978"
12107,12107,"12665,8562,8188,13346,8413,3950,4798,10326,1286,5495"
12111,12111,"4798,10326,13346,12665,275,3950,6220,8562,717,9942"
12131,12131,"4798,10326,5303,8562,275,2140,8413,2218,12857,6971"
12139,12139,"4798,9693,13346,8562,10326,2537,544,9942,6795,6834"
12141,12141,"6220,8188,2218,13346,6659,5495,9693,544,9942,8562"
12144,12144,"1290,1244,11298,7120,9101,544,12869,4664,5135,2989"
12150,12150,"6220,8562,9942,8413,3950,4798,5303,2218,6659,10326"
12151,12151,"10326,12665,544,4798,6220,4277,217,3950,9455,717"
12162,12162,"3950,5495,5461,544,4798,9182,9101,3525,3980,10326"
12170,12170,"11554,9101,1371,4163,12869,11298,4940,544,401,4798"
12182,12182,"1290,544,7120,5495,9693,2343,5199,2903,13408,5303"
12185,12185,"4798,10326,8562,6220,13346,5303,8483,5495,217,13249"
12191,12191,"10326,4798,5495,6220,10594,6433,12857,5303,2218,9942"
12197,12197,"9693,2343,544,5532,6795,1290,6971,9942,5199,1244"
12204,12204,"11298,1290,2989,7120,9101,1244,9295,9730,1779,4576"
12229,12229,"544,9693,2343,6220,9942,8562,4798,13346,5303,6795"
12231,12231,"544,1290,11298,7120,9101,1244,9730,2989,4576,9295"
12234,12234,"6220,8562,544,9101,5976,1863,5495,4798,10429,10326"
12238,12238,"4798,10326,13346,8562,5303,6971,6220,2218,12665,5495"
12242,12242,"217,8562,4798,5303,13346,3950,12857,10326,10916,717"
12260,12260,"10326,13346,8562,12857,10916,13249,8421,4277,6220,217"
12262,12262,"5495,5199,13346,9693,5532,2343,6971,2903,8562,9942"
12281,12281,"10326,8562,5495,4798,5303,6220,2218,13346,9942,3950"
12289,12289,"9693,544,6795,10326,9942,4798,64,12665,2537,6220"
12306,12306,"8562,3950,4798,10326,6971,6220,12857,10916,5303,2140"
12326,12326,"4798,10326,5303,3950,544,9101,12665,9942,7824,8562"
12337,12337,"4798,3950,8562,2343,12665,9693,13346,6220,2140,9942"
12355,12355,"544,1290,7120,9101,2989,1244,11298,7679,10326,12869"
12371,12371,"4798,3950,10326,2218,6220,2343,9942,5495,1323,3870"
12372,12372,"12665,5875,8235,544,9101,4798,7024,10326,12662,9942"
12373,12373,"4798,10326,4277,12857,1328,350,8562,8421,544,2158"
12390,12390,"7120,4929,544,10663,9101,4798,1244,2916,10326,12497"
12405,12405,"9693,2343,544,10326,6795,9101,5495,5532,4798,9942"
12407,12407,"1290,7120,9101,544,7637,8703,4798,10326,9942,5495"
12408,12408,"9942,5495,6220,5676,544,5461,3428,13110,5545,12665"
12419,12419,"11484,8590,275,10326,4798,6659,544,9101,9942,5495"
12423,12423,"4798,544,9101,8276,10326,5495,8562,9942,12111,2273"
12426,12426,"7120,9101,11298,1244,544,2989,9730,12869,6971,4929"
12452,12452,"10326,4798,6659,13346,1328,8421,8562,13249,544,9101"
12480,12480,"544,9101,7679,1290,11298,1244,2989,4576,12869,10389"
12530,12530,"4798,5303,9942,8562,10326,544,5495,6971,9101,7637"
12546,12546,"4798,6971,10326,2343,544,8562,9693,2140,9101,1290"
12556,12556,"1290,7120,1244,2989,9101,9730,4929,544,4576,9295"
12573,12573,"8413,5303,2218,3428,6220,9942,5545,5495,5676,8562"
12592,12592,"10326,4798,8562,9693,13346,9942,6220,3950,12665,544"
12596,12596,"10326,8562,13346,4798,3950,4277,6220,12857,10916,5303"
12599,12599,"1290,7120,11298,1244,9101,544,9295,2989,9730,10607"
12615,12615,"544,9101,11298,1244,7679,11024,2989,4664,1779,1290"
12618,12618,"9942,544,3950,8562,5676,3428,12665,13306,13110,10326"
12624,12624,"4798,10326,12665,8562,13346,3950,4277,6220,2343,544"
12638,12638,"9693,2343,3127,3055,9404,10835,5199,861,89,5495"
12641,12641,"5495,544,5199,10326,5461,2343,6971,5532,12665,2411"
12644,12644,"1290,7120,9101,544,2989,4929,2343,9693,6971,11298"
12649,12649,"1290,4798,7120,10326,6971,544,9101,8703,7637,9942"
12654,12654,"5495,8413,10326,5676,50,3428,275,2218,8562,544"
12658,12658,"2218,10326,8562,4798,6220,6433,5461,10568,9072,544"
12659,12659,"544,7120,10326,4798,9101,11298,1244,4277,12665,6971"
12666,12666,"9693,8562,4798,13346,3428,6795,4277,544,9942,64"
12669,12669,"12665,9942,1244,544,9101,6588,6659,4798,10326,12507"
12674,12674,"10326,8413,6220,12665,2218,5303,5676,3950,3870,9942"
12688,12688,"544,10326,4798,9101,5495,9942,8562,1377,1328,12665"
12694,12694,"8413,6220,9942,3428,2218,5495,8562,544,5545,6659"
12709,12709,"10326,4798,5303,13346,4277,8562,12857,275,8421,544"
12712,12712,"5875,1290,7024,544,9101,12665,8235,4798,12662,11298"
12722,12722,"12869,7679,11298,1290,11554,9101,7120,8978,9330,544"
12728,12728,"8562,8188,2218,5495,13346,544,9101,8981,4798,10326"
12732,12732,"2343,9693,5532,5199,544,10835,9101,4798,3909,2443"
12736,12736,"10326,8562,4798,4277,10594,5303,275,350,10916,6433"
12738,12738,"4798,10326,8562,3950,13346,4277,12857,3428,5303,6220"
12741,12741,"9942,5495,12470,8562,3428,3950,2218,10326,217,4798"
12756,12756,"12470,13408,8413,2218,4798,9942,7707,544,4895,10326"
12764,12764,"544,6220,12665,2343,10326,4798,275,2218,8562,6971"
12768,12768,"12665,6971,2343,4798,9942,13408,9693,89,5495,3950"
12773,12773,"8562,4798,10326,12857,275,5303,6326,6971,2140,2218"
12789,12789,"4798,10326,5303,8562,13346,4277,8421,12857,5495,10916"
12790,12790,"1290,11298,9101,4929,544,13408,9295,4576,10663,1244"
12801,12801,"5495,1862,6971,5532,12470,13112,1286,8279,5303,544"
12804,12804,"1290,1244,4929,12869,10663,11298,9101,9295,9962,2916"
12833,12833,"6220,8562,5303,3950,13346,9942,2218,10326,8483,5642"
12846,12846,"4798,3950,10326,13346,12857,5495,10916,5676,13249,5303"
12855,12855,"2343,8562,10326,4798,5495,1328,544,9693,3428,5861"
12860,12860,"8562,6971,3950,4798,5303,2140,9942,13346,2218,9404"
12874,12874,"10326,4798,8562,12665,9942,6220,13346,10916,3950,6326"
12875,12875,"5495,13346,8562,5461,3950,5199,4798,10326,544,2411"
12877,12877,"2218,6220,5545,8188,6659,544,9101,9942,9899,4798"
12883,12883,"5495,12470,8413,5303,2218,12668,3950,9942,5545,544"
12890,12890,"4798,544,8703,7637,9101,10326,9942,9668,5495,12665"
12919,12919,"1290,7120,4929,9295,1244,10663,11298,9101,544,12497"
12927,12927,"1290,6220,9101,544,13296,9942,1863,10429,1244,7120"
12955,12955,"6971,5495,8562,3950,12470,8205,8413,2218,9178,10326"
12956,12956,"5495,544,4798,9101,10326,7715,9942,844,1583,12665"
12958,12958,"9942,10326,544,4798,2140,9101,9771,12665,7439,275"
12965,12965,"217,544,12857,12470,350,3950,6220,1404,8562,5495"
12970,12970,"6220,8562,3950,2218,3428,5303,10326,13249,5545,4798"
12996,12996,"9693,2343,6795,6971,544,9942,5199,2537,6834,13346"
13000,13000,"8562,6220,3950,9942,2218,3428,8413,13346,5545,4798"
13017,13017,"2989,544,11298,9101,1290,7679,4576,9730,11024,1244"
13019,13019,"10326,8562,4277,5303,12857,3950,6971,10916,6326,6220"
13021,13021,"8562,8413,10916,4798,7707,8188,3950,544,6220,12665"
13022,13022,"10326,8562,6220,544,4277,2218,4798,2140,1328,12665"
13063,13063,"8413,4798,5303,6220,13346,9942,2218,1862,8188,12665"
13075,13075,"12869,544,4798,9942,9101,10326,11298,275,2291,1244"
13076,13076,"3950,13346,6220,9942,4798,2343,2218,5495,10326,8562"
13101,13101,"4798,5495,3950,6971,10326,12665,13346,2140,4277,5461"
13105,13105,"1290,7120,11298,9101,12869,1244,9730,544,4576,9295"
13115,13115,"10326,12665,544,9942,5303,5495,6971,13346,2989,6326"
13117,13117,"6220,1290,5303,4798,7120,12470,8413,5495,9519,544"
13121,13121,"3950,4798,5303,10326,8413,8562,9942,2140,544,9101"
13123,13123,"544,1290,9101,2343,11298,7120,2989,1244,9942,12665"
13125,13125,"4798,8562,8413,10326,12857,6220,2218,50,9942,544"
13147,13147,"4798,8562,10326,13346,3950,217,8483,6433,10916,8421"
13151,13151,"8562,4798,5303,6220,8413,5495,12665,3950,13346,6971"
13153,13153,"10326,4798,4277,8562,13346,6433,10916,717,13249,10594"
13176,13176,"544,1290,11298,12869,7120,1244,9730,7679,4576,2989"
13180,13180,"6220,8562,3428,9942,4798,2218,544,3950,5495,10326"
13192,13192,"10326,6659,9942,5495,3870,8562,4798,1328,4323,5184"
13194,13194,"3950,12665,9942,4602,544,8235,9101,5875,4798,931"
13195,13195,"5303,2218,8562,12665,10326,4277,4798,6326,217,1978"
13198,13198,"5303,10326,10568,4798,8483,4277,12857,10594,9340,8421"
13231,13231,"6971,3950,8562,9942,4798,13346,5303,2140,2343,10326"
13234,13234,"1290,7120,4929,9962,10663,789,1244,9101,9295,544"
13240,13240,"7120,544,11298,9101,2989,12869,9942,10326,9730,4798"
13273,13273,"3950,5303,6220,2218,12665,9942,13346,10326,4798,8413"
13276,13276,"3950,8562,13346,6220,9942,3428,5495,1323,5545,2218"
13283,13283,"10326,4798,8421,10594,717,8161,2140,544,9101,6433"
13297,13297,"13346,8562,12665,10326,4798,275,8413,5303,8483,1286"
13301,13301,"13346,4798,8413,5303,6220,8562,1747,6971,5495,12665"
13303,13303,"5495,12665,4798,13346,8483,12857,8562,10326,3950,2218"
13321,13321,"1290,7120,11298,9295,1244,2989,9101,9962,9730,544"
13330,13330,"1863,4798,10326,544,9101,9942,8703,1290,5495,8562"
13338,13338,"1290,11298,7120,9295,1244,9962,9101,9730,789,3464"
13380,13380,"10326,4798,6971,275,5303,2140,2218,8562,9942,3950"
13389,13389,"1290,7120,4929,1244,10663,11298,9101,2916,544,2989"
13390,13390,"3950,9693,5461,9942,2218,5532,4602,10835,544,9101"
13391,13391,"11298,1290,4798,544,6971,12869,9730,9101,2989,4576"
13401,13401,"10326,8562,3950,4277,13346,3428,4798,5303,50,350"
13403,13403,"6971,89,10326,8590,544,4798,9101,9942,6220,8562"
13407,13407,"544,10326,1290,4277,7120,4798,350,275,9730,8205"
13413,13413,"217,2140,4798,350,544,10326,4277,9101,7063,10594"
13414,13414,"2989,11298,9101,9730,1290,9295,11024,7679,3464,4545"
13446,13446,"4798,10326,5303,4277,13346,8562,8421,12857,717,10916"
13472,13472,"1290,544,7679,9101,7120,11298,12655,2989,12869,1244"
13488,13488,"4798,8562,3950,5303,10326,13346,6326,6971,5642,12665"
13502,13502,"1290,11298,544,9101,7120,2343,2989,7679,9730,10326"
13507,13507,"1290,11298,7120,9730,2989,9101,544,1244,4576,10389"
13512,13512,"4798,8562,13346,3950,5676,6659,12857,844,3870,10326"
13543,13543,"4798,12665,8562,4277,5303,10916,12857,217,717,13346"
13572,13572,"10326,4798,8562,5303,544,275,6220,6971,6433,217"
13595,13595,"1290,7120,4929,1244,6971,9295,10663,544,4798,9101"
13599,13599,"5495,9942,8562,3950,10326,3428,6220,2343,544,12665"
13608,13608,"9693,8562,13346,12665,4277,64,6795,544,10326,4798"
13609,13609,"350,544,10326,4798,9101,9942,5495,8562,12665,11298"
13630,13630,"4798,3950,12665,10326,9942,6971,8562,2218,275,2140"
13635,13635,"4798,10326,5303,8421,8562,6971,9340,544,275,9101"
13645,13645,"4798,8562,3950,6220,10326,8483,9942,8205,12857,5303"
13673,13673,"2343,9693,5199,13346,10326,5532,9532,2903,544,4798"
13683,13683,"9942,4798,10326,6220,5303,544,6971,3950,12665,5495"
13702,13702,"6971,89,8413,544,2903,1290,7715,4798,12665,9101"
13716,13716,"4798,10326,8562,3950,12665,5303,6971,6220,13346,2218"
13724,13724,"11298,2989,9101,9730,544,1244,12655,12869,10326,4576"
13746,13746,"4798,8562,12665,2343,5303,6220,6971,544,3950,9693"
13752,13752,"9942,8562,3870,5495,544,3950,4798,9101,10326,12665"
13756,13756,"1290,7120,4929,9962,789,1244,10663,5135,9101,11298"
13763,13763,"1290,7120,11298,1244,9295,9101,9962,9730,789,4929"
13774,13774,"10326,8562,6220,9942,544,4798,6971,1290,5545,12665"
13776,13776,"1290,7120,9730,1244,11298,9962,9101,12869,544,4929"
13786,13786,"1290,11298,7120,1244,9962,789,9101,5135,544,4798"
13788,13788,"4277,350,1328,9453,9340,544,10326,6643,9101,4798"
13791,13791,"1290,2989,11298,7120,6971,1244,11024,12995,4890,10389"
13810,13810,"10326,8562,9942,5303,6326,6220,8483,3950,9455,12665"
13811,13811,"10326,4798,12857,10916,8421,5303,217,4277,8562,13249"
13820,13820,"9942,11298,2989,11024,9101,544,8562,10919,9962,1244"
13826,13826,"5495,9942,714,12470,3428,8483,13346,9730,3950,1862"
13840,13840,"544,9101,2770,10326,4798,8562,9942,5495,1328,12665"
13841,13841,"8562,544,217,4277,717,5303,13249,6220,6326,2343"
13852,13852,"9942,3950,6220,12665,89,5495,2218,5545,12470,2343"
13858,13858,"4798,1290,10326,544,6971,9101,9942,7637,8562,7120"
13865,13865,"1328,9178,6659,544,9101,10326,8562,4798,1210,9942"
13871,13871,"10326,4798,4277,544,6433,10594,5303,2140,8562,217"
13877,13877,"4798,5461,10326,12665,8562,2158,6659,64,544,13346"
13905,13905,"10326,4798,8562,12857,4277,5303,8421,3950,544,10916"
13924,13924,"7120,9101,11298,544,2989,9730,4929,12869,4576,7679"
13929,13929,"10326,4798,4277,5303,8562,544,2140,10916,13346,8421"
13935,13935,"8562,8413,3950,10326,3428,5199,2140,9693,12665,13346"
13952,13952,"1290,7120,11298,1244,9101,12869,4929,2989,544,9730"
13953,13953,"10326,1290,6971,4798,6591,275,9101,7120,8205,9295"
13962,13962,"10326,4798,8562,3950,4277,544,13346,10916,717,6971"
13965,13965,"6220,89,8413,9942,5495,12665,7983,6659,544,9101"
13966,13966,"10326,12857,10594,8421,4798,3950,8562,13346,544,9101"
13974,13974,"11298,1290,7679,7120,9101,1244,2989,11024,4576,544"
13982,13982,"1290,7120,11298,1244,4929,6971,89,544,9101,11024"
13983,13983,"5461,2903,5199,5495,8413,13112,5532,10326,544,9101"
13987,13987,"10326,4798,3950,6220,12857,717,13346,8483,4277,1323"
13988,13988,"10326,1290,7120,544,1244,9101,7679,2989,4798,11298"
13991,13991,"10326,4798,13346,3950,12857,6220,5303,6326,8483,4277"
13995,13995,"3950,13346,1323,8562,5495,5199,6302,3428,9532,12665"
13998,13998,"10326,4798,5303,6971,2140,8562,10916,5495,3950,13346"
14021,14021,"6220,3428,13110,8562,5545,13296,13306,544,3950,9693"
14028,14028,"544,2343,9693,4277,6383,5199,10326,6795,12665,5461"
14042,14042,"9942,6220,6659,2218,12665,8562,544,8188,10326,3428"
14049,14049,"544,8703,9101,7637,4798,10326,9942,4205,5495,12665"
14060,14060,"8562,6220,9942,3428,3950,13110,13306,5545,2343,12665"
14061,14061,"8562,8413,3950,544,13296,9101,9984,4798,4413,10326"
14067,14067,"1863,544,6220,10429,9101,9693,4798,5495,10326,9942"
14079,14079,"4798,1290,544,7120,12665,5303,6220,9693,275,6971"
14089,14089,"544,4277,350,217,5303,1404,5495,4798,6220,10326"
14097,14097,"4798,10326,5303,275,4277,2218,2140,6971,8562,13346"
14105,14105,"7679,3464,7669,9101,11298,2989,12869,11554,9330,4163"
14147,14147,"2140,4798,8562,9693,2343,9942,5731,544,7063,9101"
14155,14155,"4798,8562,9942,3950,6220,8413,2218,13346,6326,10326"
14168,14168,"10326,4798,5303,12857,4277,8421,544,2140,5495,6220"
14170,14170,"10326,8562,2343,5303,5495,544,6220,4277,9942,7707"
14173,14173,"544,2989,3428,9101,11298,13306,4576,3464,7679,11024"
14174,14174,"8562,10326,6220,12857,3950,13249,4798,13346,3428,9942"
14196,14196,"8562,8413,9693,4798,6220,9942,13346,12665,2343,3950"
14197,14197,"9340,544,4277,4798,10326,9101,9730,5250,9942,5495"
14202,14202,"7120,11298,9101,1244,4929,4576,9962,544,9730,10663"
14204,14204,"544,4798,9306,9101,10326,9942,2300,5495,12665,8562"
14215,14215,"2343,4798,544,810,6220,6795,9693,5303,8483,4277"
14242,14242,"4798,10326,4277,3950,8562,217,717,8421,5303,2140"
14244,14244,"10326,4798,6220,9942,8562,12665,13346,6971,5303,13249"
14249,14249,"1290,7120,4929,3697,9101,544,1244,4798,11298,10326"
14250,14250,"544,9101,4798,10326,9738,5495,9942,3285,7383,12998"
14256,14256,"10326,4798,4277,5303,717,12857,8421,8562,13346,10594"
14258,14258,"7679,4664,9101,2989,4890,7258,11918,11298,1290,12995"
14280,14280,"5303,4798,8562,5199,8413,6302,544,8205,6971,9101"
14318,14318,"544,7120,11298,2989,9101,1244,6971,10326,6220,89"
14325,14325,"10326,1328,8421,350,6659,8562,544,4277,9101,6383"
14328,14328,"1290,10326,4798,6971,4929,5303,8562,8590,544,4277"
14329,14329,"13346,9942,3870,5495,8562,8681,8333,4798,544,6326"
14344,14344,"8562,5303,10326,4798,6971,12857,3950,6220,5495,2218"
14366,14366,"1290,7120,4929,10663,6971,544,9101,4798,1244,10326"
14421,14421,"1290,7120,3464,11298,9962,9295,7679,1244,9101,5135"
14430,14430,"10326,4798,4277,2343,717,5303,8562,8421,544,9693"
14435,14435,"275,8413,8562,544,9942,9101,4798,5495,10326,9338"
14472,14472,"4798,10326,2218,275,6220,1290,5495,5199,3950,12665"
14501,14501,"6220,12665,6971,8562,10326,5303,4798,12857,9942,2218"
14509,14509,"4798,6971,13346,5303,10326,12665,275,2218,3950,8562"
14516,14516,"8562,4798,2218,275,6220,5303,8188,8413,8681,544"
14521,14521,"10326,4798,8562,3950,5495,5303,6220,2218,13346,4277"
14553,14553,"5303,5495,4798,544,10326,1290,8562,7120,9101,1487"
14561,14561,"12665,6220,9942,3950,8562,13346,3428,10326,544,5545"
14562,14562,"5495,9942,5303,13346,6220,5676,12665,12470,2218,4798"
14567,14567,"5461,2140,2343,9942,4798,12665,8562,10326,1220,544"
14575,14575,"1290,7120,544,4929,9519,9962,9846,11298,9101,4453"
14581,14581,"544,2343,13346,5303,9693,275,5199,6220,5532,12665"
14627,14627,"6971,1290,89,7120,4798,544,12665,3055,9101,9942"
14634,14634,"6220,9942,12665,3950,3428,8562,5184,544,8188,13110"
14651,14651,"4798,10326,5303,2140,5495,12857,10916,544,10594,9101"
14659,14659,"2343,5199,4798,5532,10326,544,8562,11572,5999,9101"
14670,14670,"10326,4798,4277,12665,8421,5495,8483,9455,10594,350"
14684,14684,"8562,6220,544,1863,13346,10429,12665,4798,9942,5495"
14691,14691,"4798,9730,275,1290,8413,6971,544,10326,7120,9101"
14695,14695,"1290,7120,9942,2218,6971,8413,275,89,12665,4798"
14705,14705,"10326,8562,4277,4798,12857,1328,12665,717,350,13346"
14711,14711,"1290,7120,4929,10326,544,8562,4277,9101,4798,13408"
14723,14723,"4798,10326,3950,12857,8562,13346,9942,6971,8421,8483"
14739,14739,"1290,11298,9730,7120,2989,9101,1244,9295,10389,12869"
14740,14740,"10326,4798,8562,5303,6971,275,544,2140,12857,6433"
14743,14743,"5495,10326,5303,4798,12668,3950,5199,5532,544,976"
14747,14747,"10326,544,4798,8562,4277,13346,350,5303,13249,8421"
14748,14748,"9942,6220,12665,89,5676,8413,8681,13249,5545,8562"
14764,14764,"1290,7120,4929,8333,6971,10326,4798,544,13346,9101"
14771,14771,"544,5495,6220,9942,9693,2989,9101,12470,11298,12665"
14780,14780,"10326,4798,4277,6220,717,12857,217,8421,8562,350"
14784,14784,"4798,10326,5303,4277,6433,8421,12857,2140,544,350"
14785,14785,"9942,3428,6220,13110,13306,810,544,5184,9101,9042"
14798,14798,"2343,9693,6795,9532,5532,12665,1323,5199,6839,10835"
14801,14801,"544,9942,4798,10326,12665,6220,2343,9693,2989,4277"
14803,14803,"10326,4798,5303,4277,6220,544,9942,13346,275,2140"
14821,14821,"4798,10326,5303,275,6971,4277,6326,13249,13346,8562"
14832,14832,"4798,5303,6971,5495,5199,10326,1290,544,9693,2343"
14833,14833,"9942,3950,10326,4798,13346,5303,3428,6220,8562,9404"
14853,14853,"4798,12665,6971,9942,544,7792,5303,8562,844,9101"
14854,14854,"8562,13249,8483,4798,2218,6220,10326,5303,6971,13346"
14856,14856,"544,6220,9942,8562,12665,10326,5303,3950,3428,5495"
14858,14858,"3950,10326,5199,12665,9519,2343,5532,4798,2140,544"
14864,14864,"544,9101,4798,6724,10326,9306,9942,5495,8984,8562"
14867,14867,"11298,2989,1290,1244,12665,9101,7679,12655,7120,10389"
14880,14880,"11298,7679,2989,544,1244,11918,9101,4576,10389,12665"
14890,14890,"8562,6220,6971,4798,13346,9942,10326,8205,5199,5495"
14892,14892,"10326,9693,544,4798,6220,8562,13346,4277,12665,717"
14899,14899,"11298,1290,12869,7120,1244,9730,7679,9101,11024,4664"
14904,14904,"2343,9693,6795,12665,9532,89,5532,64,3055,5495"
14906,14906,"11298,1290,7120,1244,9295,7679,2989,3464,9730,12869"
14909,14909,"4277,350,9340,544,10326,6383,8483,5303,4798,9101"
14929,14929,"8562,4798,6220,2218,5303,5545,10326,544,3950,275"
14931,14931,"6220,7707,1863,9942,544,13296,8562,4798,9101,10326"
14938,14938,"4798,10326,8562,3950,13249,12857,6971,10916,6220,4277"
14955,14955,"4798,5303,12665,6971,10326,3950,5495,275,13346,544"
14961,14961,"8562,544,9101,10326,4798,6659,9942,3314,5495,2936"
14969,14969,"11298,1290,7120,9730,9101,9962,12869,1244,11024,9295"
14970,14970,"10326,4798,4277,717,217,6971,2218,6433,5303,544"
14977,14977,"12665,9942,3950,5495,5676,8562,12470,6220,13346,3870"
14991,14991,"4798,10326,8562,5303,13346,6220,2218,12665,3950,3870"
14993,14993,"2140,4798,544,9101,10326,9306,2291,9942,176,10462"
15009,15009,"4798,10326,13346,12857,3950,8562,13249,717,8483,6326"
15014,15014,"11298,9101,9693,2989,2343,544,8978,9730,1244,4576"
15028,15028,"7120,11298,1244,9101,4929,9295,9730,2989,3464,10663"
15029,15029,"10326,8562,217,4798,4277,717,8483,10916,13249,3950"
15030,15030,"9942,5495,8413,6220,13346,8562,8681,5545,4798,50"
15033,15033,"4798,10326,6971,13346,2343,8562,12857,5303,10916,9693"
15052,15052,"4798,544,717,8562,5303,6433,1290,6220,217,8421"
15062,15062,"4798,10326,13346,5303,810,8562,6220,9942,6326,2343"
15074,15074,"9942,544,6220,8562,1290,9693,5303,10326,2343,6971"
15081,15081,"13346,3950,9693,2343,544,13110,4798,10326,9942,2140"
15082,15082,"544,9101,4798,4029,3563,10326,9942,5495,12665,8562"
15097,15097,"13346,6971,4798,2140,10326,8562,544,9101,9942,12758"
15098,15098,"4798,10326,8562,3950,5303,13346,6220,6971,4277,12857"
15107,15107,"1290,7120,1244,4929,11298,10663,9295,9962,9101,3697"
15113,15113,"10326,4798,8562,6220,4277,3950,275,13346,350,50"
15120,15120,"10326,8562,4798,3950,6220,5303,13346,2218,12665,6659"
15121,15121,"10326,4798,8562,13346,3950,12857,4277,6971,12665,6220"
15122,15122,"10326,4798,8562,5303,12857,3950,13346,2218,10916,6220"
15141,15141,"4798,4277,350,10326,275,217,9072,6383,5676,8562"
15143,15143,"4798,6220,10326,6433,8562,4277,13296,10916,544,13346"
15148,15148,"5495,13346,3950,2343,9942,64,544,12665,3428,5199"
15164,15164,"9942,10326,6220,9693,2343,12665,11969,5303,8562,4798"
15165,15165,"9942,6220,544,9101,8562,89,12665,8413,6971,1290"
15175,15175,"10326,4798,275,4277,717,13346,8483,8421,10916,12857"
15186,15186,"1290,4929,1244,9295,11298,10663,9101,544,2916,9730"
15189,15189,"10326,544,4798,6220,4277,3950,8562,5303,217,2218"
15200,15200,"10326,4798,8562,6220,4277,9942,5303,544,6971,13346"
15204,15204,"10326,8562,4277,6220,4798,13346,10594,2140,9942,10916"
15205,15205,"1290,4798,7120,6220,6971,544,275,8562,2411,5545"
15217,15217,"5303,5199,8590,4798,9942,544,5495,10326,9101,8922"
15240,15240,"2989,12869,1244,7679,11024,9101,9730,8978,12995,4576"
15248,15248,"1290,8562,6220,1863,7120,9942,10429,544,5495,12665"
15253,15253,"4798,10326,8562,4277,10916,2140,5303,12857,544,217"
15256,15256,"4277,10326,4798,350,3950,2140,544,13346,6433,1978"
15260,15260,"10326,5303,4798,8562,544,2343,4277,3950,717,3428"
15265,15265,"5495,12470,5676,5199,12092,544,9101,9942,4798,11540"
15274,15274,"544,9101,10326,4798,3314,13130,9942,5495,12665,8562"
15275,15275,"4798,10326,2140,6971,5303,12665,544,9942,9101,5495"
15282,15282,"4798,10326,8205,2140,2218,8562,544,5303,9101,6795"
15294,15294,"2343,9693,6795,5532,64,13346,10326,12665,2903,4798"
15304,15304,"1290,11298,1244,7120,9101,9962,9730,789,9295,10607"
15330,15330,"544,10326,9693,9101,2343,11298,6220,1244,2989,11969"
15331,15331,"8562,12665,3950,13346,6220,13296,5545,1323,3055,64"
15332,15332,"1244,7679,7120,1290,11298,2989,10389,3464,2874,544"
15339,15339,"6220,9942,544,8562,1863,5545,10429,9101,4798,5495"
15387,15387,"544,6220,8562,1863,12665,9101,5495,7707,10429,12470"
15391,15391,"10326,544,12665,6220,4798,8562,275,2343,4277,3428"
15396,15396,"4798,13346,10326,8562,6220,6326,6971,12665,9942,3870"
15397,15397,"6971,5495,2218,9942,8562,5303,3870,13346,544,12665"
15421,15421,"4798,2343,9693,544,9101,10326,9306,2899,12665,9942"
15427,15427,"1290,7120,7679,11298,1244,9730,544,9101,4929,11969"
15434,15434,"544,1290,7120,11298,2989,1244,6220,9693,4576,9730"
15441,15441,"5495,10326,4798,275,12665,9942,8562,2218,13346,3870"
15444,15444,"10326,6971,275,6220,2218,5303,89,5495,4798,8413"
15457,15457,"4798,8562,6220,3950,10326,5303,13346,8483,6971,9942"
15466,15466,"8562,217,717,10326,3950,13249,11000,13346,4798,1978"
15475,15475,"4798,8413,12857,13249,10326,8483,5676,5303,275,3950"
15483,15483,"11298,1290,2989,12665,9101,9295,9730,7679,7120,11024"
15487,15487,"89,8483,4798,12665,8235,544,5875,9101,10326,7024"
15500,15500,"2140,275,4798,544,10326,5495,9101,9942,9771,12665"
15511,15511,"6220,9942,2343,9532,12665,544,9693,5532,2903,9101"
15515,15515,"8562,6220,4798,3950,10326,13346,2218,9942,5545,89"
15519,15519,"4798,8562,6971,12665,13346,13249,9942,3055,544,7578"
15534,15534,"9693,2343,5303,8413,544,6834,2537,2218,5545,9942"
15545,15545,"1290,7120,11298,9101,12869,4576,544,2989,10137,11299"
15553,15553,"9730,12869,2343,9693,11298,544,9101,2989,7679,11024"
15556,15556,"5495,8413,12470,5303,2218,8562,6220,3950,9942,3428"
15564,15564,"4798,13346,13249,6971,12857,6326,6433,10916,10326,3950"
15567,15567,"1290,7120,11298,1244,7669,9101,12869,4929,9730,4163"
15582,15582,"12857,4798,8562,6433,6326,217,4277,11000,5676,5642"
15585,15585,"10326,4798,4277,5303,8562,12857,717,8421,8483,6433"
15587,15587,"8562,8413,6220,3950,5303,13346,6326,10326,4798,12857"
15589,15589,"5303,6971,8483,10326,4798,2140,8562,5495,11000,5199"
15590,15590,"9693,5495,6795,3428,544,12665,64,5532,2537,10326"
15595,15595,"3055,10326,544,5199,9101,4798,6522,6659,9942,5495"
15611,15611,"11298,1244,9101,9730,9295,12869,2989,544,9962,3697"
15613,15613,"3950,9942,13346,3428,5495,6220,8562,10326,4798,8413"
15632,15632,"10326,13346,8562,5495,12665,5303,275,4277,6220,544"
15633,15633,"10326,544,4277,275,350,4798,12857,5303,13249,9072"
15639,15639,"4798,5303,8483,6971,5495,8421,2218,10326,2140,8562"
15648,15648,"4798,10326,4277,217,12857,717,8562,6971,544,10916"
15652,15652,"4798,10326,275,350,4277,8483,13346,9340,8421,8205"
15683,15683,"9942,6220,3428,2218,5545,13296,8562,544,7707,5495"
15688,15688,"9942,5495,8562,6220,3428,12665,12470,5676,3950,2218"
15703,15703,"9942,8413,3950,13346,8562,4413,13110,544,4798,9101"
15708,15708,"3950,2218,8413,6971,544,4213,9101,4798,10326,2724"
15714,15714,"4798,10326,8562,12857,544,3950,217,717,10916,13249"
15719,15719,"10326,4798,4277,8562,12857,350,13346,10594,10916,6433"
15727,15727,"8413,12665,1230,8562,10326,4798,544,844,9101,9942"
15728,15728,"1290,7120,4929,10663,12030,544,5573,9101,4798,10326"
15735,15735,"10326,4798,275,5303,8562,4277,11969,12665,2140,8483"
15736,15736,"5495,3950,8562,2218,4798,9942,13346,31,10326,4453"
15739,15739,"1290,7120,2989,9295,3464,8978,12869,1244,9101,9730"
15742,15742,"9942,8562,3950,12665,6220,4798,10326,8413,89,13346"
15764,15764,"350,4277,9178,1978,544,8562,4798,9101,3428,12226"
15773,15773,"10326,4798,13346,12857,5495,10916,13249,2140,8562,544"
15774,15774,"1290,7120,11298,7669,2989,12869,6591,9101,3464,7679"
15786,15786,"11298,1290,9101,544,7120,9730,12995,11024,7679,10137"
15789,15789,"4277,10326,217,12857,6433,8421,717,10594,9105,4798"
15796,15796,"9942,10326,9693,2343,6220,12665,3428,544,5303,3950"
15800,15800,"5495,12470,8562,2218,12099,12668,4798,5303,8483,13346"
15802,15802,"1290,7120,11298,1244,9101,544,9730,9295,2343,2989"
15812,15812,"10326,4798,5303,544,4277,8562,350,217,8421,10594"
15815,15815,"544,3870,8503,9101,4798,10326,11320,10154,9942,9340"
15828,15828,"8562,10326,6220,13346,12665,9942,4277,3950,13249,544"
15831,15831,"11298,1244,7679,7120,4664,1290,1779,2989,9101,544"
15840,15840,"10326,4277,350,717,275,9340,10594,544,217,12404"
15845,15845,"4798,8562,13346,10326,12857,3950,8413,9942,6326,3870"
15847,15847,"2218,6220,5461,8562,8413,544,9101,232,4798,10326"
15856,15856,"4798,10326,8562,12857,13346,6971,10916,4277,5303,8421"
15861,15861,"1290,11298,12869,7120,4163,1244,9962,9101,2957,544"
15862,15862,"1290,7120,544,11298,1244,9101,9962,4929,9730,7679"
15871,15871,"5495,12470,8413,2218,8562,8188,7707,544,9101,8373"
15872,15872,"8562,13346,3950,4798,5495,8421,8413,10326,6220,7707"
15883,15883,"1290,7120,11298,9295,544,9101,1244,2989,9730,4929"
15886,15886,"2343,544,6220,1863,8562,9101,10429,8188,5495,5976"
15888,15888,"9942,12665,6220,544,5303,3428,3950,8562,10326,2343"
15898,15898,"10326,4798,4277,2218,6220,8421,13346,3950,6433,10594"
15919,15919,"4798,10326,50,64,6326,6795,2140,12665,4416,8562"
15922,15922,"1290,7120,11298,4929,1244,9295,9101,3697,5135,9730"
15931,15931,"544,9693,1290,7120,9101,11315,4798,10326,2343,5251"
15941,15941,"8562,6220,9942,8188,2218,3950,12665,5495,544,7707"
15943,15943,"4798,10326,10594,12857,8421,5303,8161,8205,544,8562"
15956,15956,"10326,6220,4798,8562,6971,3950,5303,275,12665,9942"
15958,15958,"1290,7120,544,6220,6971,5303,4798,275,89,10326"
15960,15960,"2343,5303,4798,13346,8413,810,6220,10568,2140,10326"
15973,15973,"11298,3222,9101,4890,4545,5979,7605,2989,11024,544"
15977,15977,"1290,7120,11298,1244,4929,9101,9962,2989,9295,789"
15994,15994,"8562,89,13110,6220,3950,9942,7359,4413,861,5495"
15995,15995,"1290,7120,1244,6971,11298,4929,9101,9730,544,9962"
15996,15996,"6220,13346,3950,9942,10326,5545,8562,4798,5303,13296"
15999,15999,"6220,3950,8562,2140,8483,13249,4798,2580,544,9101"
16060,16060,"4798,1290,10326,7120,6971,5303,8562,12665,544,4929"
16069,16069,"4798,13346,8483,2218,8413,10326,3950,217,13249,4277"
16076,16076,"11298,1290,2989,9101,7120,544,1244,9730,12869,4576"
16085,16085,"10326,544,5495,9101,8562,4798,12191,9942,12665,11298"
16089,16089,"8562,2140,4798,544,8922,9101,8703,10326,9942,6971"
16097,16097,"10326,4798,544,4277,8562,10594,350,13346,5303,8421"
16112,16112,"13315,3428,13110,3950,5495,13346,217,544,4798,10326"
16116,16116,"4798,5303,8421,10916,12857,10594,10326,544,717,9101"
16137,16137,"275,4277,10326,5303,350,8483,4798,10077,544,2140"
16150,16150,"1328,717,10326,3950,217,8421,4798,8562,2140,7087"
16174,16174,"3428,3950,9942,13110,12665,8413,4413,8562,544,9101"
16176,16176,"8413,3950,6971,2903,8562,544,9101,5078,4173,12665"
16210,16210,"1290,7120,4929,1244,11298,6971,9962,10663,9101,789"
16212,16212,"4798,10326,12665,3950,13346,8562,217,4277,12857,6220"
16230,16230,"10326,4798,8562,5303,6220,3950,4277,13346,2218,9942"
16245,16245,"544,10326,4277,717,8562,217,1328,4798,350,6433"
16293,16293,"8562,4798,3950,6220,13346,9942,13249,10326,2218,5303"
16299,16299,"1290,7120,11298,9295,1244,9101,9962,1779,9730,544"
16300,16300,"1863,10429,544,9101,4798,9942,10326,8562,8188,7706"
16303,16303,"2218,12857,10326,8562,2140,3950,4798,10916,4277,8421"
16305,16305,"1290,7120,11298,9101,12869,89,6971,4576,12665,6220"
16314,16314,"4798,10326,8562,4277,544,5303,12857,6433,6971,13346"
16328,16328,"12857,10326,4798,13346,2140,11540,5495,8562,544,5642"
16340,16340,"1290,7120,11298,9101,544,1244,12869,2989,9962,10326"
16351,16351,"9942,1328,10326,4277,10869,217,544,717,3428,6659"
16363,16363,"4798,2343,9942,10326,11969,9693,6220,8562,13346,5495"
16376,16376,"4798,5303,6971,2140,10326,7063,8413,6433,544,9101"
16387,16387,"12857,4798,6326,10326,10916,8421,6433,13346,13249,9404"
16395,16395,"4798,8562,544,6220,9942,5303,3950,10326,3428,5545"
16414,16414,"5303,6971,12665,8562,6220,4798,810,3428,7707,544"
16416,16416,"8413,5495,7715,544,4798,9101,10326,9942,9454,12665"
16418,16418,"5303,2218,6220,6971,12665,89,10326,5495,8205,9942"
16471,16471,"1290,2989,11298,7120,1244,9101,12655,4576,544,12869"
16489,16489,"8562,4798,10326,12857,3950,9942,8413,6220,6326,13346"
16497,16497,"2343,9693,6795,9942,5199,12665,5532,544,5495,4798"
16509,16509,"5303,6971,2140,544,2218,8562,8590,810,8421,10326"
16510,16510,"9942,3950,13346,8562,5303,2218,6220,4798,8413,12857"
16521,16521,"11298,1290,7120,1244,2989,9730,11024,9101,10389,4664"
16524,16524,"544,9101,4798,10326,9942,5495,12824,10352,12665,8562"
16582,16582,"5303,13408,544,5495,9942,7136,3275,9101,4798,10326"
16592,16592,"1290,2343,9693,8562,6220,12665,6971,544,7120,5303"
16604,16604,"1290,7120,9101,11298,9730,7679,12655,2989,544,12869"
16605,16605,"9101,11298,1290,7120,1244,544,9730,12869,4576,8978"
16617,16617,"11298,1290,9101,2989,9730,7120,7679,11024,12869,1244"
16622,16622,"11298,9101,2989,1290,1244,12869,7120,7679,9730,4576"
16624,16624,"6220,3428,8562,2140,3950,4798,544,9942,9101,4413"
16628,16628,"3950,11484,8562,2903,5303,4798,10326,544,11406,9101"
16633,16633,"1290,7120,1244,4929,11298,6971,544,2989,9101,4798"
16646,16646,"5495,7707,544,10429,8562,9101,10326,9942,4798,9083"
16651,16651,"10326,5495,4798,8562,13346,13249,9942,50,3950,8421"
16654,16654,"10326,4798,13346,6971,8562,8483,5495,10916,6326,5303"
16673,16673,"8562,9942,4798,2218,5303,13346,3950,10326,6220,11000"
16675,16675,"10326,4798,8562,13346,6220,9942,3950,12857,6326,5495"
16677,16677,"9693,6971,2343,2218,9942,8562,5199,3950,5303,4798"
16679,16679,"8413,4798,1889,275,6971,8562,5303,11540,10326,3416"
16686,16686,"1290,11298,7120,9730,1244,9101,9962,544,1779,9295"
16695,16695,"4798,10326,3950,4277,12857,5303,8562,13346,8421,2140"
16704,16704,"3428,8413,8562,13346,217,12153,5495,5676,717,6220"
16709,16709,"9942,12665,6220,13346,3950,1220,9693,2218,5495,5545"
16773,16773,"4798,10326,12857,5303,8562,6433,6326,3950,13346,8483"
16774,16774,"10326,8562,3950,4798,12857,13346,1889,4277,8421,13249"
16797,16797,"9942,6220,3950,3428,8562,12665,13110,13346,13306,544"
16803,16803,"2140,8562,4798,10326,7063,544,9101,9942,6751,12665"
16804,16804,"4798,10326,13346,4277,10916,12857,5303,3950,6433,6326"
16806,16806,"6220,544,8562,5303,5495,2218,2343,4798,10326,2140"
16810,16810,"3950,9942,3428,8413,13346,6220,12934,714,9404,8483"
16836,16836,"6433,350,4277,2140,544,10326,810,1328,275,11969"
16844,16844,"13306,2343,5495,544,9101,4798,10326,9942,9693,4266"
16861,16861,"1244,1290,11298,7120,9101,12869,4163,9962,2957,7679"
16875,16875,"4798,10326,5303,13346,6971,2218,8562,3950,6326,2140"
16936,16936,"4798,10326,13346,3950,8562,12857,5303,12665,6971,10916"
16946,16946,"4798,10326,217,13346,3950,8562,12857,5495,5303,717"
16965,16965,"4798,10326,5303,3950,6220,13346,8562,2218,12665,2140"
16987,16987,"4798,10326,5303,6971,8562,2140,275,8205,6433,544"
16988,16988,"6971,12665,89,4798,2343,5875,8922,544,8562,9101"
16989,16989,"8562,9942,10326,4798,3950,6220,5303,13346,12665,2218"
17007,17007,"10326,275,6971,4798,8562,8413,5303,544,9942,9602"
17016,17016,"10326,4798,3950,6220,13346,8562,5461,5495,8590,4277"
17030,17030,"4798,2140,10326,275,3950,544,5303,8562,9101,9942"
17034,17034,"4798,10326,13346,8562,3950,10916,4277,8483,6326,6433"
17054,17054,"12857,5303,13346,4798,10326,2140,11000,8421,544,10594"
17056,17056,"1328,12857,4798,10326,3950,13346,8562,4277,544,9101"
17084,17084,"10326,5495,12665,5303,8413,544,2218,4798,6220,8562"
17098,17098,"544,5495,5303,12470,9101,12665,2989,10326,275,4277"
17102,17102,"4798,10326,5303,6971,13346,8590,3950,2140,5199,2218"
17109,17109,"3950,11572,544,9101,4416,4798,1788,10326,9942,5495"
17112,17112,"4798,544,10326,1290,6220,6971,2218,275,7120,4277"
17119,17119,"4798,10326,6971,5303,9942,2140,6326,6220,2218,544"
17124,17124,"6220,5303,8562,10326,2218,9942,13346,4798,12665,6971"
17141,17141,"10326,4798,6971,2343,544,9693,6220,5303,5495,5199"
17160,17160,"7669,7679,544,4277,12665,12869,13408,217,9101,4163"
17179,17179,"8413,13346,8562,2218,6220,8483,3428,5303,3950,9942"
17189,17189,"4277,6433,717,217,4798,8421,350,10594,10326,3950"
17191,17191,"5495,10326,8981,8562,4798,6220,544,8413,9101,5149"
17194,17194,"8562,4798,12857,5495,8421,3950,10326,13346,2218,5199"
17195,17195,"5199,5495,5532,2903,544,9942,2343,9693,9101,4798"
17200,17200,"1290,7120,11298,2989,9101,1244,544,4576,7679,10389"
17212,17212,"6220,10326,12665,3950,3428,2218,13110,8562,13306,5545"
17218,17218,"9693,2343,5495,10326,6220,544,5199,9532,3950,6795"
17232,17232,"8562,217,3950,8413,6326,4798,50,12857,717,8421"
17242,17242,"4798,10326,8562,4277,13346,12857,275,544,217,717"
17255,17255,"8413,9942,8562,3950,6220,13346,4798,4413,3428,12665"
17262,17262,"1290,11298,1244,7120,7679,9101,2989,12869,9730,10607"
17275,17275,"8562,6220,9942,3428,3950,12665,5495,5545,13110,13346"
17276,17276,"4277,6220,8562,5303,3950,10326,6971,9942,2218,12857"
17278,17278,"544,1863,9101,4798,10326,11298,9942,10429,4250,5495"
17283,17283,"4798,10326,544,8562,5303,9942,6971,12665,6220,2218"
17284,17284,"10326,11000,8421,5495,1978,3282,4798,13346,8483,544"
17295,17295,"544,10326,6220,4277,3950,10453,9942,4798,3428,350"
17298,17298,"1290,544,11298,2989,7120,9101,1244,4576,7679,12869"
17319,17319,"9942,6220,3428,8562,3950,12665,10326,13306,544,5545"
17320,17320,"9101,544,11298,7679,2989,1290,3148,1244,8978,4576"
17325,17325,"9693,12665,8483,544,4798,64,10326,13346,6795,89"
17330,17330,"1290,544,1244,9101,7120,5875,4798,7024,10326,9942"
17334,17334,"1290,2989,9101,1244,7120,12869,3704,9730,7679,9962"
17346,17346,"6220,9693,4798,9942,12665,13346,2343,8562,4413,544"
17352,17352,"6971,2218,3950,5303,9693,12665,4798,10326,544,2343"
17353,17353,"1290,7120,4929,9962,789,1244,544,9101,5135,4798"
17396,17396,"4798,10326,8562,5303,12857,8205,2140,3950,6433,2218"
17408,17408,"4798,4277,544,3950,5303,8562,10326,217,13249,810"
17414,17414,"8562,6220,12665,3950,5303,10326,9942,5545,6302,13346"
17422,17422,"544,9101,1244,9962,4798,1098,4163,12022,7679,10326"
17424,17424,"10326,4798,4277,8562,6383,5303,8421,2140,6270,6659"
17427,17427,"1290,7120,4929,9962,789,5135,544,9101,13309,4798"
17432,17432,"8562,4798,217,13346,3950,10326,8421,5495,6326,12665"
17434,17434,"10326,5303,4798,6971,2343,12665,544,13346,2140,8562"
17439,17439,"9942,8562,3428,5495,12665,3950,6220,5545,13296,4798"
17442,17442,"544,8562,6220,5495,9942,2343,4798,12665,10326,275"
17449,17449,"4798,13346,8562,9942,3950,10326,12665,6326,6220,8413"
17472,17472,"9693,12665,5199,5461,5495,3950,5532,544,8408,2905"
17509,17509,"11298,544,1290,9101,7120,1244,2989,9295,10389,11024"
17522,17522,"9942,8413,4413,89,3055,4798,544,9101,931,3870"
17527,17527,"10326,4798,5303,2140,12857,1912,544,9942,12665,7063"
17535,17535,"1290,7120,7679,11298,9295,4576,1244,9730,10389,7342"
17540,17540,"8562,4798,3950,5303,6220,10326,2140,8421,4277,13249"
17541,17541,"1290,11298,1244,9101,2989,9730,544,4929,7679,4576"
17551,17551,"10326,4798,5303,8562,2140,11000,6971,6220,4277,8421"
17564,17564,"10326,4798,8421,13346,12857,8562,544,9101,6311,6899"
17565,17565,"350,10326,544,4798,9101,12191,5495,9942,12665,8562"
17581,17581,"10326,4798,8483,4277,2218,8562,13346,10916,6971,5303"
17596,17596,"6220,10326,6971,4277,275,5303,89,3950,1290,11000"
17601,17601,"3950,8562,9942,8413,13346,4413,4798,3870,544,9101"
17611,17611,"13346,8562,9942,275,6220,8413,10916,12665,50,10326"
17612,17612,"10326,4277,1323,8562,9942,8421,3950,350,12665,217"
17620,17620,"8413,12665,5495,8188,3950,8562,5199,2343,3428,6220"
17627,17627,"9693,2343,6795,64,13315,5495,5199,2537,5532,13408"
17634,17634,"8562,1863,6220,544,8981,9942,9101,4798,9083,10326"
17649,17649,"10326,8562,544,4798,6220,4277,3428,3950,13346,5303"
17654,17654,"8562,3950,13346,9942,10916,12665,2218,6220,3055,2343"
17659,17659,"8562,4798,10326,544,6971,9101,5495,12665,9942,7637"
17666,17666,"1290,7120,544,3950,6220,9942,1244,6971,12665,4929"
17674,17674,"11000,4798,8421,12857,10326,5495,851,544,9101,7916"
17684,17684,"544,10326,4798,350,6383,8421,1328,4277,13375,652"
17708,17708,"10326,5303,8562,2140,12857,13346,4798,6433,8205,2218"
17709,17709,"6220,4798,8483,3428,3950,13346,5303,10326,12665,8562"
17741,17741,"4798,6971,10326,5303,12665,8562,2218,3950,9942,13346"
17752,17752,"9375,544,9101,4798,6307,10326,6060,9942,5495,1213"
17765,17765,"2343,6220,12665,89,3950,8562,2218,9942,544,4798"
17770,17770,"9101,544,8703,7637,4798,1290,10326,5495,9942,7120"
17814,17814,"544,6220,2218,4798,5676,8562,10326,5495,1220,13408"
17818,17818,"1244,9942,350,544,1290,7120,8189,5866,9101,10326"
17822,17822,"1290,7120,8302,544,4929,9101,4798,2286,11117,12030"
17826,17826,"4798,10326,8562,4277,12857,544,717,10916,6433,8421"
17827,17827,"11298,1290,7120,1244,2989,7679,9101,4576,9730,12869"
17840,17840,"8188,5495,6220,10326,8562,4798,2218,544,7707,9942"
17843,17843,"2218,8413,5495,544,9942,5676,8562,6220,9101,4798"
17864,17864,"4798,6433,5461,544,11969,4277,10916,3950,9984,5495"
17871,17871,"8188,544,9101,4798,8562,10326,10429,1863,5495,9942"
17881,17881,"12665,544,10326,3950,4277,2343,9693,2218,275,8562"
17928,17928,"10326,8562,4798,12665,544,6220,3950,6433,8421,6326"
17931,17931,"544,9101,4798,10326,5495,9942,12665,8562,9375,2989"
17933,17933,"8413,3950,6220,2343,8562,5303,2218,3055,544,2903"
17953,17953,"544,5495,5303,10326,2218,6220,1290,12665,4798,8413"
17970,17970,"9942,3950,13346,6220,12665,3428,5545,89,13306,931"
17977,17977,"8562,4798,5303,10326,3950,4277,8483,13346,13249,544"
17982,17982,"1290,7120,9101,11298,9962,1244,12869,544,9730,2989"
17995,17995,"1290,7120,6971,4798,544,9101,13296,10326,8302,9942"
18002,18002,"10326,4798,5303,12857,4277,8421,3950,2140,717,350"
18006,18006,"6659,10429,544,9101,4798,10326,5495,9942,12665,2869"
18023,18023,"10326,5303,4277,275,6971,13346,2140,8562,6220,6433"
18024,18024,"4798,10326,544,7439,9101,4877,9771,5747,9942,5495"
18047,18047,"6220,9942,2343,9693,6795,5545,3428,13110,12665,8562"
18050,18050,"9942,4798,275,2218,5303,6220,6971,5495,12665,10326"
18078,18078,"4798,10326,8562,5303,6971,13346,4277,8421,544,10916"
18086,18086,"1290,7120,4798,6971,1244,4929,9962,544,9101,10326"
18093,18093,"1290,7120,11298,1244,9730,9101,4929,7669,11299,3464"
18115,18115,"10326,3950,4277,4798,12857,217,8421,717,10594,6433"
18122,18122,"1290,7120,2218,8981,544,9101,4798,10429,5495,10326"
18124,18124,"10326,4798,5303,2343,6971,1290,9693,1220,1747,544"
18127,18127,"1290,7120,1244,11298,4929,9101,9295,12869,544,10663"
18133,18133,"8562,10326,3950,13346,6220,4798,12857,3428,4277,9942"
18148,18148,"2218,6971,5199,3950,8562,5495,544,9942,13346,3428"
18155,18155,"9693,13346,2343,9942,275,544,9101,4798,10326,2867"
18158,18158,"11298,2989,4576,11024,7679,8978,11918,12655,12995,9101"
18166,18166,"10326,4798,10568,544,3950,2140,9072,4277,9178,350"
18167,18167,"10326,5461,4277,544,6433,3950,6220,5303,9942,9072"
18169,18169,"2140,13346,544,10326,9101,4798,5495,9306,3950,9942"
18175,18175,"9693,12665,6971,9942,6220,10326,5303,544,4798,5532"
18178,18178,"8562,3950,10326,4798,13346,9942,6220,12665,8413,11540"
18214,18214,"1290,7120,11298,1244,9730,9101,4929,2989,7679,12869"
18217,18217,"8562,3950,5495,5303,10326,275,4798,13346,12857,4277"
18226,18226,"1290,7120,11298,9101,12869,4576,2989,544,10137,11299"
18229,18229,"6971,5303,8413,4798,2140,10326,544,5495,9101,8483"
18236,18236,"2905,8793,544,12404,9101,4798,9546,10326,9119,170"
18240,18240,"9942,3950,6220,12665,3428,6659,5545,89,5495,8562"
18262,18262,"9942,8562,6220,544,3950,3428,12665,13346,10326,5303"
18266,18266,"1290,11298,2989,544,1244,9101,8978,7679,9730,4576"
18272,18272,"8562,4798,12665,13346,5303,3950,6220,10326,6971,2218"
18292,18292,"8562,4798,13346,6220,5303,3950,10326,4277,9942,544"
18299,18299,"544,10326,6220,8562,4277,3428,275,3950,9942,2218"
18321,18321,"544,7707,8265,9101,4798,6525,10326,9942,4860,5495"
18338,18338,"6220,3950,9942,544,12665,5303,2343,8562,13346,10326"
18339,18339,"4798,10326,4277,5303,10916,8483,12857,8562,350,544"
18341,18341,"4798,8562,5303,13346,2140,8413,9942,8483,544,10326"
18355,18355,"1290,7120,11298,9295,1244,9730,4929,9101,2989,3697"
18364,18364,"544,1290,7120,11298,6971,9101,5495,2903,5199,1244"
18368,18368,"4798,10326,8562,12665,12857,13346,6971,3950,6326,6220"
18393,18393,"4798,10326,2343,5303,6971,9693,4277,2140,13346,1220"
18409,18409,"3950,4277,8562,10326,217,275,717,13346,2140,4798"
18434,18434,"10326,4798,12857,544,5303,6433,10916,10594,217,717"
18440,18440,"9942,6220,13346,3950,4798,8562,5545,2218,12470,3428"
18446,18446,"10326,9693,4798,2343,6220,4277,3950,12665,8562,9942"
18467,18467,"9942,2343,4798,13346,8562,12665,2140,544,275,9693"
18475,18475,"6220,2218,9295,1290,9942,7120,8590,544,13296,8188"
18487,18487,"10326,4798,8562,6220,13346,4277,12857,5495,3950,544"
18489,18489,"544,4798,10326,9693,4277,2343,350,1290,11969,2140"
18499,18499,"12857,8205,4277,13249,9340,8562,10326,4798,544,9101"
18505,18505,"4798,10326,8562,13346,3950,6220,12857,4277,5676,12665"
18525,18525,"10326,4798,8562,5303,4277,8421,6971,12857,544,10594"
18530,18530,"4798,10326,13346,4277,8421,10594,12857,6971,544,5495"
18539,18539,"1290,7120,544,9101,4798,1863,10326,10429,5495,9942"
18546,18546,"9693,2343,10326,544,12665,6795,89,64,6220,5532"
18579,18579,"9942,10326,8562,13346,4798,3950,4277,6220,544,13249"
18585,18585,"2343,9693,5532,5199,6795,64,12665,544,2903,10326"
18595,18595,"10326,544,8562,6220,5303,4277,50,6433,13346,3950"
18648,18648,"4798,6433,3950,11000,10326,4277,717,1220,13346,8483"
18679,18679,"8562,3950,13346,8413,9942,12665,2218,6220,5545,3428"
18683,18683,"6220,544,8562,10326,8188,2343,5495,9693,9101,3950"
18687,18687,"1290,7120,11298,1244,9101,9730,7679,4929,2989,4576"
18718,18718,"8562,12665,544,4798,6220,10326,9942,6971,3950,2218"
18741,18741,"3950,4798,5495,8413,8562,13346,10326,544,12309,9942"
18760,18760,"1290,11298,7120,6971,9730,11024,2989,9101,4664,12903"
18771,18771,"6220,3950,8562,4798,3428,4277,13346,12665,9942,13110"
18787,18787,"10326,4798,275,4277,5303,8421,6971,2140,13346,6433"
18788,18788,"12857,8413,13346,2218,4798,8562,10326,8483,3950,4323"
18789,18789,"2343,8562,13346,9693,544,275,12857,10326,769,5199"
18798,18798,"9942,3950,8562,6220,13346,1323,3428,5495,12665,4798"
18800,18800,"10326,275,12665,9942,544,13249,4798,3950,9101,847"
18805,18805,"8562,3950,8413,9942,13346,4413,4798,544,9101,5495"
18806,18806,"7120,11298,1244,9101,9730,12869,9962,4929,4664,789"
18812,18812,"6971,6220,8413,12665,5303,2218,4798,9942,8562,544"
18818,18818,"6659,1328,544,10326,4798,9101,9942,5495,6528,12665"
18830,18830,"5303,4798,8562,10326,3950,13346,6971,2140,10916,8413"
18835,18835,"1290,7120,1244,9101,9730,2989,9942,544,4929,12665"
18839,18839,"5495,1355,12470,4798,6971,544,566,9942,9101,10410"
18851,18851,"6220,4798,8413,544,9101,6971,9942,4413,10326,560"
18854,18854,"4798,10326,8562,6971,5303,8205,13346,10916,12857,12665"
18864,18864,"10326,4798,13346,4277,3950,8562,217,717,544,10916"
18865,18865,"6220,544,7063,8562,9101,7707,4798,10429,9942,9693"
18874,18874,"544,1290,7120,11298,2989,9101,1244,12869,9730,4664"
18875,18875,"10326,4798,12857,8421,5495,544,10594,9101,13346,8562"
18879,18879,"7669,9101,7679,544,11554,11298,3464,6288,8978,2989"
18882,18882,"544,11298,2989,1290,9730,9101,6220,9942,6971,5495"
18895,18895,"3950,9942,2218,6220,13306,12665,13346,4798,8413,3055"
18903,18903,"10326,4798,5303,4277,12665,13346,2343,275,6220,8562"
18913,18913,"4798,10326,9693,2343,13346,544,8562,4277,10916,6433"
18934,18934,"1290,7120,1244,11298,544,9101,4929,6971,9962,12665"
18935,18935,"1290,6971,7120,5199,2903,8590,5532,544,9693,9942"
18981,18981,"12665,6220,6971,2218,9942,8562,7792,1220,10916,9693"
18985,18985,"13346,1290,6971,4798,9693,6220,2343,8562,544,9942"
18987,18987,"9295,2916,9101,11298,544,1244,6243,4798,12497,10326"
18990,18990,"10326,8562,4798,13346,6220,4277,5303,544,12665,10077"
18996,18996,"4798,8562,2218,10326,3950,8413,6326,5303,6971,13346"
19010,19010,"10326,4798,4277,544,8562,10916,5303,6433,8421,217"
19016,19016,"9101,1290,7120,2989,12869,9730,11298,9438,9295,4929"
19018,19018,"8483,1328,13346,544,9101,10326,4798,9373,473,8562"
19029,19029,"10326,4798,5303,8562,275,12857,8483,13346,2140,8421"
19060,19060,"7679,6220,5545,9101,1355,4654,544,2989,9942,9730"
19069,19069,"1290,7120,11298,544,1244,4929,9101,5303,6971,2989"
19084,19084,"4798,10326,8562,4277,12857,5303,13346,6433,10916,2140"
19086,19086,"1290,7120,9101,6220,2989,9693,12665,7679,2343,1244"
19105,19105,"1290,7120,9295,4929,3464,9101,10663,3697,544,11298"
19110,19110,"1290,1244,11298,7120,9101,544,2989,9962,12869,7679"
19135,19135,"10326,544,9101,4798,1948,4832,9942,1081,10352,5495"
19144,19144,"8562,5303,8413,3950,4277,6971,6220,12665,10326,544"
19154,19154,"13249,5461,5495,4798,544,220,9101,9800,7063,6982"
19168,19168,"8562,10326,4798,4277,12857,3950,6220,5303,12665,717"
19173,19173,"1290,7120,2218,4929,8188,5495,544,10663,4798,9101"
19187,19187,"1290,7120,9101,544,9942,4798,6220,10326,5495,7637"
19216,19216,"6659,3950,8562,544,227,9101,4798,9942,10326,12665"
19227,19227,"9942,9693,1220,2343,3428,5495,6220,5461,5545,13110"
19231,19231,"4798,10326,3950,5303,13346,9942,8483,12857,8421,12665"
19234,19234,"11298,2989,1290,1244,7679,9101,7120,9730,11024,4576"
19255,19255,"10326,4798,6220,5303,3950,6971,2218,275,9942,2343"
19258,19258,"5495,3950,8413,9942,4798,12665,8562,2140,12470,544"
19266,19266,"1290,7120,6971,4798,4929,10326,544,5303,8590,9101"
19296,19296,"4798,13346,8562,6795,6971,12665,64,3950,1220,2537"
19297,19297,"6659,544,9101,4798,10326,8562,9942,6383,5495,12665"
19308,19308,"3950,844,3055,8562,544,12665,9101,4602,8413,9942"
19323,19323,"1328,10326,544,4798,9101,5495,9942,8562,12665,11298"
19346,19346,"10326,4798,544,5303,6971,6220,4277,2218,12665,2343"
19347,19347,"7120,4929,4798,6971,6220,12665,10326,9101,9942,2989"
19360,19360,"1290,7120,4929,9295,9101,544,4798,9942,8554,10326"
19364,19364,"7669,3464,7679,11298,11554,4163,9101,2989,544,2709"
19378,19378,"4798,3950,13346,12857,8562,10326,6326,12665,5642,9404"
19379,19379,"4798,8562,5495,10326,5303,9942,6971,2218,13408,544"
19380,19380,"10326,4798,5303,4277,8562,12857,11969,8483,544,13249"
19381,19381,"10326,4798,8562,4277,12857,8421,10916,6433,5303,10594"
19384,19384,"8562,10326,10568,6220,4277,3950,5303,4798,8421,12665"
19385,19385,"4798,13346,8562,6220,3428,2218,3950,6326,12665,10326"
19388,19388,"1290,7120,2989,11298,1244,9101,12869,9730,4929,9295"
19406,19406,"10326,4798,5303,4277,13346,8562,12857,6433,544,275"
19408,19408,"5495,5199,5532,544,5461,10326,2903,9942,2343,9101"
19415,19415,"544,11298,1290,7120,1244,3148,2989,9730,8978,4576"
19417,19417,"12665,13346,10326,4798,64,2218,3950,9942,6971,4277"
19434,19434,"9693,2343,11298,64,2989,544,7679,9730,2537,10326"
19441,19441,"10326,4798,12857,4277,8562,5303,8421,13346,3950,6433"
19461,19461,"1290,7120,1244,11298,4929,9730,544,4576,9101,10663"
19474,19474,"3950,8562,9942,12665,6220,2218,8413,13346,5199,89"
19477,19477,"1290,7120,350,4929,4798,544,9938,9101,6957,11682"
19484,19484,"2989,11298,1244,9101,8978,7679,12869,544,11024,12655"
19502,19502,"544,5495,5676,12665,8562,12099,7707,6659,3950,6220"
19503,19503,"6220,544,10326,5303,6971,3428,275,4277,5495,9404"
19512,19512,"3428,13346,50,8562,2218,4277,3950,5676,4798,2343"
19515,19515,"9693,9942,89,975,2218,544,2255,8235,9101,4798"
19518,19518,"1290,2989,7120,9730,9101,6220,4929,544,11298,2218"
19530,19530,"10326,8562,6220,4798,9942,6971,5303,13346,3950,544"
19559,19559,"1290,7120,9101,11298,9730,12869,1244,12665,6971,2989"
19576,19576,"6971,13346,10326,8922,8562,4798,544,5875,2343,9101"
19586,19586,"9693,2343,64,9942,13315,3127,5495,6795,544,2537"
19594,19594,"12665,1290,10326,4798,544,7120,9101,89,2343,2989"
19605,19605,"544,10429,1863,6220,7792,9101,4798,2327,12606,9942"
19618,19618,"3950,10326,9404,6971,8562,2218,4798,5199,5303,2140"
19620,19620,"4798,8562,5303,6971,8413,2140,6220,10326,544,9942"
19623,19623,"3428,4277,8562,3950,13249,1328,350,9942,11222,9340"
19628,19628,"10326,4798,3950,4277,217,5495,8421,13346,6971,8562"
19631,19631,"7120,1244,11298,9101,12655,4929,2989,544,4576,7679"
19642,19642,"5495,12665,2343,9942,9693,3950,5676,6220,5199,8562"
19644,19644,"2140,4798,2218,5303,544,10326,9101,7063,9306,2291"
19648,19648,"7679,1290,11298,7120,9295,1355,9229,9101,1244,544"
19665,19665,"8562,4798,10326,9942,12665,11639,2777,544,6220,9101"
19683,19683,"1290,11298,544,1244,9101,7679,9730,2989,3464,4929"
19684,19684,"10326,10594,717,8562,8421,4277,217,4798,4323,6326"
19693,19693,"10326,4277,4798,9340,11000,5199,13249,544,7138,8421"
19696,19696,"4798,10326,5303,3950,6971,12857,8413,275,8205,13346"
19707,19707,"4798,10326,5303,12857,4277,8483,275,6971,8421,3950"
19715,19715,"9693,2343,64,6220,5495,9942,5303,12665,5532,8562"
19716,19716,"1290,7120,4929,1244,11298,9101,544,3697,4798,13309"
19729,19729,"1290,7120,4798,8562,6220,6971,10326,9942,5303,12665"
19734,19734,"10326,13346,4798,8562,5495,5303,3950,6433,10594,2218"
19758,19758,"3950,8562,544,3799,9101,4798,5460,10326,9786,9942"
19764,19764,"8562,4798,5303,10326,6220,6971,2218,2343,6433,13346"
19773,19773,"1290,544,11298,9101,1244,2989,4929,9730,4576,9962"
19778,19778,"9942,5495,2218,3950,10326,5676,6220,12470,5461,13408"
19780,19780,"8562,3428,6220,9942,2218,13306,6659,5495,5184,4277"
19784,19784,"10326,8562,544,6220,4798,4277,50,6433,350,9942"
19786,19786,"4798,8562,4277,3950,13346,13249,12857,10916,810,8421"
19793,19793,"10326,5495,6220,2218,5303,4277,275,3950,4798,8562"
19798,19798,"4798,13346,10326,5495,3428,4277,6220,3950,1323,8562"
19808,19808,"4798,8562,13346,3950,10326,8413,6220,9942,13249,12665"
19812,19812,"1290,7120,2989,1244,7679,12869,9101,4929,4664,9730"
19821,19821,"8562,10326,4798,12857,6433,13346,3950,275,5303,2218"
19830,19830,"1244,9730,12869,1290,11298,9101,7120,9962,789,544"
19843,19843,"1290,7120,12869,7669,2989,9101,11298,9295,544,11554"
19867,19867,"6220,9693,2343,2218,9101,1863,9942,558,10429,10326"
19889,19889,"8562,6220,9942,3950,2218,13346,4798,10326,3870,4277"
19893,19893,"8562,6220,10326,2218,8188,4798,5545,9942,7707,544"
19898,19898,"1290,7120,11298,9295,9101,1244,4929,12869,2989,544"
19902,19902,"8562,350,544,9101,10326,4798,9942,5495,12665,6659"
19905,19905,"4798,10326,8562,5303,12857,8590,10916,4277,8421,1328"
19910,19910,"3950,4277,10326,4798,13346,8421,217,8562,717,6220"
19929,19929,"8562,4798,10326,6220,8483,544,4277,5303,13346,12665"
19932,19932,"11298,1290,1244,7120,7679,2989,9101,12869,1779,4576"
19952,19952,"10326,8562,4798,13346,6220,5495,9942,5303,3950,8421"
19956,19956,"8483,8421,544,4798,2814,8562,10568,13110,810,10326"
19987,19987,"4798,8562,10326,5303,3950,8421,4277,6326,2140,13346"
20008,20008,"4798,544,4277,8562,5303,12665,6971,8421,9101,6220"
20018,20018,"8562,13346,3950,4798,9942,8413,10326,12665,2218,6326"
20019,20019,"1290,7120,9942,5303,544,275,2140,4277,9101,5731"
20020,20020,"1290,7120,4929,10663,9101,544,11298,4798,10326,1244"
20023,20023,"13346,4798,8413,5495,8562,10326,6326,10916,9942,2218"
20031,20031,"6220,2218,544,8562,4798,9693,1863,5495,9942,9101"
20039,20039,"8562,6220,9942,12665,8413,3428,544,3950,2218,8681"
20040,20040,"4798,9942,6220,5495,8483,8562,64,8413,12665,2140"
20041,20041,"12470,8188,8413,544,1355,2218,5676,769,8562,7707"
20045,20045,"13346,4798,3950,8562,10326,10916,8421,12857,12665,5303"
20056,20056,"1290,6220,4798,544,6971,12665,7120,9295,89,12869"
20069,20069,"10326,4798,13346,2218,6220,5303,4277,2343,3950,544"
20074,20074,"8562,9942,6220,6659,3428,5184,13110,7359,3870,5545"
20083,20083,"8562,9942,3950,13346,4798,10326,3428,6220,5545,6326"
20085,20085,"1290,11298,7120,7679,9101,9730,4664,11918,11024,12869"
20086,20086,"8413,5303,8562,6220,6971,5495,3950,4798,3428,9942"
20089,20089,"8562,6220,3950,13346,2218,4277,3870,4798,9942,8681"
20101,20101,"9942,4798,5303,6220,89,2218,12665,13346,1290,275"
20104,20104,"544,9101,5105,4798,8911,10326,5495,449,9942,12665"
20112,20112,"8562,4798,9942,3950,12665,5676,544,10326,6220,13346"
20115,20115,"8562,3950,6220,4798,10326,5303,12665,2903,13346,9942"
20133,20133,"1290,7120,12869,11298,9730,9101,1244,789,4929,7258"
20136,20136,"10326,544,2343,4277,9693,217,8562,4798,1220,2140"
20138,20138,"11298,1244,1290,9962,7120,11024,789,9101,9730,544"
20162,20162,"10326,4798,3950,13346,5303,8421,6971,12857,2140,6220"
20176,20176,"4798,10326,6971,2218,275,6220,544,8562,2140,12665"
20200,20200,"10326,4798,275,8562,5303,2140,13346,4277,12665,544"
20222,20222,"4798,9306,544,9101,9942,10326,5495,13214,12665,8562"
20251,20251,"10326,1290,6971,4798,5303,7120,2140,8590,544,12857"
20256,20256,"12470,5303,10594,12099,12668,5199,10326,13408,609,217"
20264,20264,"10326,4277,8562,4798,6433,6220,5303,810,10916,12665"
20280,20280,"10326,8562,4277,4798,13249,217,10916,12857,8421,6433"
20286,20286,"6220,8188,1244,1290,544,11298,9101,10429,1863,2989"
20323,20323,"1290,7120,11298,4929,9962,9101,9295,10663,789,9730"
20324,20324,"1290,7120,544,4929,5495,4576,6971,9101,8590,12470"
20336,20336,"544,9693,11298,9101,1290,1244,9730,2989,12665,6220"
20339,20339,"8562,9942,3950,6220,4798,13346,8413,6326,12665,3870"
20344,20344,"5495,1290,6971,7120,5303,544,10326,12470,9101,4798"
20356,20356,"10326,8562,9942,4798,6220,3950,12665,13346,3428,544"
20360,20360,"1290,7120,4929,6971,544,2343,9101,9693,4798,12474"
20362,20362,"9693,2343,5199,5532,2537,10326,544,5495,4798,6834"
20376,20376,"13346,10326,10077,3950,4277,13249,10568,10916,8562,4798"
20381,20381,"5676,4798,2218,5303,10326,6971,12665,8562,6220,13408"
20394,20394,"7120,1244,544,11298,9101,2989,4929,6971,4576,11024"
20397,20397,"8562,1355,5495,12665,544,1779,7707,10429,1863,5545"
20407,20407,"6659,3428,8413,8483,10326,12665,6220,5495,9942,3950"
20413,20413,"1290,7120,11298,9730,12869,9101,1244,2989,11024,544"
20433,20433,"1290,7120,1244,11298,4929,9962,9101,789,5135,9295"
20448,20448,"544,5303,810,7792,2140,9693,9101,1244,9553,7879"
20492,20492,"89,4798,13346,10326,9942,8562,6220,6971,12665,8205"
20505,20505,"1290,7120,11298,1244,9101,2989,9730,544,4929,7679"
20512,20512,"10326,4798,13346,8562,12857,3950,5303,10916,6326,13249"
20514,20514,"544,10537,9101,4181,4798,1706,12453,13013,10326,9942"
20533,20533,"217,4277,350,5109,8483,8421,544,10326,4798,5495"
20543,20543,"5303,1290,7120,2989,4277,8421,10326,6220,1286,12404"
20546,20546,"4798,10326,8421,4277,10594,8562,8161,717,9580,6326"
20557,20557,"4798,8562,9942,10326,3950,13346,12665,4277,5303,3428"
20558,20558,"4798,10326,12857,9602,8562,10568,3950,544,9101,3673"
20561,20561,"12665,9942,6220,13346,4798,3950,10326,3428,2218,3870"
20566,20566,"11298,1290,1244,9693,7120,9101,544,2343,9942,4576"
20573,20573,"11298,1244,9101,544,10607,1290,4798,10326,9942,5495"
20623,20623,"1290,7120,4929,6971,10663,5303,4798,544,9101,10326"
20627,20627,"544,10326,1290,9730,7120,6220,4277,6971,12665,8562"
20643,20643,"4798,10326,6971,5303,2140,275,8421,8161,8562,544"
20645,20645,"1290,11298,7120,1244,9101,544,12869,9730,4576,2989"
20652,20652,"10326,717,13346,4277,12857,3950,5303,8562,4798,8421"
20654,20654,"10326,4798,8562,4277,3950,13346,10916,717,6433,8421"
20667,20667,"6971,89,1290,2989,7120,9101,544,5199,4798,10326"
20670,20670,"3950,544,9101,4798,10326,9942,10159,6538,1889,89"
20671,20671,"10326,4798,8562,5303,2218,3950,6326,6971,8205,8413"
20676,20676,"9942,5303,8562,13346,3950,4798,2140,10326,6220,5199"
20694,20694,"544,1290,4277,12665,5303,7120,12655,2989,350,8562"
20709,20709,"5495,10326,4798,12470,5303,8413,8562,3950,6220,2218"
20716,20716,"4798,8562,5303,10326,2218,2140,8205,544,6971,9101"
20739,20739,"5303,12470,217,64,13296,3565,13346,9693,2218,5495"
20763,20763,"9693,544,2343,6971,10326,5303,5199,2903,4798,5532"
20779,20779,"1290,11298,1244,7120,544,4576,9101,2989,11024,9942"
20781,20781,"8562,3950,2218,6220,6971,8413,4798,12665,9942,5303"
20790,20790,"1290,7120,9295,9962,789,9101,6971,3697,544,6126"
20792,20792,"4798,10326,12857,8421,5303,6971,4277,10594,717,10916"
20797,20797,"4798,13346,5303,5495,8562,8483,10326,8413,6220,3428"
20811,20811,"6220,9942,3950,5303,3428,4798,8562,13346,2218,2140"
20821,20821,"1290,7120,11298,1244,9730,12869,9101,4929,544,11024"
20830,20830,"10326,4798,10594,6383,8421,5303,13259,8562,9580,4277"
20861,20861,"9693,2343,6220,6971,544,10326,9942,6795,5495,5676"
20878,20878,"1290,11298,7120,9101,6220,6971,9730,89,1244,12665"
20891,20891,"8562,12665,5875,544,7024,9101,4798,9942,10326,5495"
20895,20895,"8562,6220,3950,4798,9942,13346,2218,5495,5303,12665"
20901,20901,"10326,4798,8562,6220,5303,6971,2343,4277,13346,2218"
20908,20908,"10326,8562,4798,2343,4277,275,9693,5303,3950,13346"
20928,20928,"1290,7120,4929,10663,544,9101,12030,4798,10326,9942"
20945,20945,"9942,6220,5303,12665,6659,544,8562,3428,8188,8413"
20971,20971,"4798,10326,8562,13346,4277,12857,6433,12665,13249,8421"
20979,20979,"4798,10326,5303,8562,6971,3950,13346,4277,12665,9942"
20982,20982,"5303,10326,6433,8421,4277,4798,217,10594,12857,8562"
20991,20991,"10326,13346,8562,12665,5303,6326,3950,2140,8413,6220"
20998,20998,"9942,3950,5495,13346,12665,6220,3428,10326,64,1225"
21006,21006,"3950,2343,9404,6220,9693,5199,5532,4798,5495,8562"
21018,21018,"6971,10326,5303,4798,2140,8562,8161,6515,544,9101"
21028,21028,"9942,6220,8188,6659,8562,544,5495,5676,9693,8413"
21041,21041,"3950,10326,8562,4798,5495,13346,6433,9942,12665,10916"
21042,21042,"2343,9693,6795,5199,5532,5495,9532,2903,544,3127"
21064,21064,"1290,7120,11298,9101,4929,9962,544,12869,9730,2989"
21075,21075,"6971,2343,544,5199,9693,12665,5303,9942,5532,89"
21078,21078,"10326,9942,13346,8562,3950,2218,4798,3870,6326,12665"
21081,21081,"5495,12470,5303,2218,2343,5199,6971,12665,12668,10326"
21084,21084,"8562,10326,3950,13346,275,6971,6220,4277,12665,4798"
21089,21089,"10326,4277,4798,350,8562,10594,217,8421,10916,717"
21112,21112,"1290,7120,9101,1244,2989,4929,544,9730,4576,10663"
21126,21126,"13346,8413,8562,3950,4798,544,9101,9942,10326,5495"
21129,21129,"1290,7120,6971,9101,4929,2989,12869,9438,9730,9295"
21130,21130,"2343,9693,13346,10326,3950,9942,64,12665,8562,6220"
21137,21137,"3950,8562,5642,6220,5303,2140,13346,544,4798,9942"
21149,21149,"5495,4798,8562,12470,9942,6220,8483,3950,10326,12665"
21152,21152,"10326,4798,8562,6220,5303,2218,2343,275,6971,12665"
21177,21177,"3950,8562,10916,4277,350,4798,13346,10326,544,9101"
21191,21191,"7120,4929,10663,6971,544,4798,9101,12497,2916,6243"
21200,21200,"10326,8562,12665,5676,9942,3950,1328,6220,4798,2140"
21204,21204,"10326,4798,4277,8562,717,5303,217,3950,6433,10594"
21221,21221,"5495,2218,8562,6220,5303,6971,1290,12470,3950,8681"
21228,21228,"1290,7120,11298,544,12665,2989,6971,9101,9942,10326"
21249,21249,"10326,5495,5303,275,2343,2140,544,13315,8483,4798"
21256,21256,"3950,4798,844,6220,8562,9942,544,8413,10326,9101"
21261,21261,"13346,8562,4798,8483,8413,3950,2218,6326,10326,5676"
21279,21279,"10326,544,9942,6220,2343,9693,4798,275,12665,6383"
21282,21282,"1290,7120,11298,1244,9101,9730,544,2989,2343,12869"
21305,21305,"10326,4277,4798,717,8562,10594,8421,10916,6433,544"
21307,21307,"217,10594,3428,13315,13110,5495,13249,5734,544,12152"
21315,21315,"810,1574,5642,11094,10100,544,10063,4365,9101,10152"
21342,21342,"7120,544,2989,9101,11298,1244,6971,12665,4576,4929"
21347,21347,"10326,4798,13346,6220,3950,4277,5303,12665,8562,8413"
21357,21357,"544,6220,8562,9101,1290,10429,1244,7707,4798,7120"
21358,21358,"10326,5199,6971,5532,2903,5495,9693,5303,544,2343"
21368,21368,"1290,9962,9101,544,11298,4798,7120,10326,9942,11117"
21372,21372,"1290,11298,7120,9730,2989,9101,544,1244,9295,10389"
21373,21373,"9942,3950,12665,3428,4277,2218,544,5303,13306,5461"
21383,21383,"7120,9101,1244,544,11298,89,4929,9693,9730,10137"
21393,21393,"9942,8562,6220,3950,13346,8413,3428,5303,2218,6659"
21415,21415,"1290,7120,6971,4929,9295,11298,3697,10663,9101,1244"
21421,21421,"1290,9942,8562,6220,4929,9101,4798,12665,3428,10326"
21433,21433,"10326,4798,5303,275,6971,12857,2140,6433,4277,3950"
21449,21449,"544,10326,4798,8562,4277,6220,2343,5303,3950,6433"
21483,21483,"9942,8562,10326,6220,13346,4277,3428,3950,5303,4798"
21488,21488,"4798,8562,10326,3950,13346,10916,8421,5303,12857,9942"
21518,21518,"2989,1244,544,3428,9101,8978,7679,12869,12655,11298"
21528,21528,"12470,6220,8562,13346,5303,2218,3428,5676,9942,12665"
21536,21536,"1290,7120,11298,1244,9730,2989,9101,544,4929,9295"
21585,21585,"4798,8562,9942,6220,5303,10326,5495,6326,12857,12665"
21598,21598,"11298,1290,2989,7120,9730,9101,544,9295,6971,3464"
21602,21602,"8562,12665,5303,3950,3055,13346,4798,9942,544,8413"
21604,21604,"4798,5303,5495,12793,544,9101,9105,10326,8562,9942"
21626,21626,"12665,11298,9693,5495,8205,9295,544,9119,9101,8215"
21636,21636,"12665,3950,9942,13346,2343,13315,89,2989,9693,544"
21649,21649,"7120,4929,10663,544,5573,9101,3697,4798,12030,6243"
21650,21650,"544,1025,9101,12859,4798,10326,9942,7852,4512,5495"
21655,21655,"1290,7120,9101,11298,1244,544,9730,2989,12869,4576"
21662,21662,"11298,1244,12869,1290,9101,9295,7679,544,7120,4576"
21681,21681,"1290,7120,11298,1244,9101,12869,9730,2989,4929,544"
21686,21686,"350,2140,2411,1328,544,12758,4798,7063,10326,9101"
21699,21699,"8562,13346,5303,12665,4798,9942,3950,2218,8413,6971"
21702,21702,"1290,11298,7120,1244,9101,544,9730,4576,2989,10607"
21709,21709,"4798,10326,13346,3950,12857,8562,5303,8421,6971,10916"
21718,21718,"10326,4798,8562,3950,5303,12857,4277,13346,10916,6433"
21719,21719,"10326,4798,4277,5303,8421,6433,10594,12857,8483,717"
21724,21724,"8562,3428,4798,3950,9942,6220,13306,10916,10326,13346"
21741,21741,"1290,9101,2989,7679,11298,1244,544,7120,12869,4576"
21746,21746,"1290,11298,7120,9101,12869,1244,544,7679,3464,10137"
21751,21751,"9942,8413,6302,3950,544,9101,5495,4798,12665,10326"
21754,21754,"4798,10326,4277,8562,12857,6433,13346,217,13249,8421"
21768,21768,"3950,4798,12665,13346,10326,6220,5303,9942,6971,3055"
21775,21775,"9942,544,5495,6220,5199,8188,8681,9101,6659,4798"
21781,21781,"11298,1290,9730,2989,8978,7120,9101,11024,12995,1244"
21789,21789,"7120,1244,11298,9101,544,2989,4929,9730,4576,11024"
21795,21795,"4798,8413,3950,5495,10326,12665,8922,5303,8562,544"
21812,21812,"8562,3950,8413,13346,9942,12665,3055,1286,544,4798"
21814,21814,"10326,4798,8562,5303,13346,6971,12857,2140,6433,6326"
21820,21820,"3950,10326,8562,4798,13346,12665,5303,6220,9942,6326"
21827,21827,"10326,9942,4798,6220,12665,4277,5303,717,2218,8562"
21838,21838,"8562,10326,8188,6220,4798,1355,13346,10429,544,9101"
21855,21855,"2343,9693,64,6795,5495,9942,5532,5199,13346,544"
21881,21881,"4798,13346,275,12857,3950,64,717,10326,9942,8562"
21884,21884,"8562,10326,4798,12665,9942,13346,6220,5303,3428,6971"
21889,21889,"1290,7120,544,10326,4798,1244,6971,9101,4929,8562"
21896,21896,"8562,10326,4798,544,6220,5303,4277,13346,1323,2140"
21902,21902,"4798,10326,4277,10916,8421,12857,13346,3950,10594,6433"
21916,21916,"10326,4798,4277,544,8562,5303,6971,10916,13346,350"
21927,21927,"1290,7120,11298,9962,789,5135,9101,544,11024,1244"
21938,21938,"10326,12857,4798,4277,717,13249,6433,217,8421,6971"
21948,21948,"810,4277,6433,8562,13346,9245,12857,4798,11603,5610"
21952,21952,"1290,7120,4929,9295,3697,544,9101,10663,12030,4798"
21954,21954,"2343,6795,9693,5199,5532,5495,544,10326,4798,9942"
21955,21955,"9942,6220,3950,5303,544,6659,8562,275,10326,3428"
21978,21978,"8188,6220,4798,2218,544,8981,9101,12665,10326,9942"
21983,21983,"1290,11298,7120,2343,544,9693,9101,9730,6220,10326"
22004,22004,"10326,1290,4798,9693,7120,5303,2343,6971,2140,5199"
22007,22007,"1290,7120,11298,3464,9730,12869,4929,11024,4576,2989"
22014,22014,"9942,3950,3428,8413,5495,6220,2218,89,5545,12470"
22020,22020,"12665,4798,10326,6220,8562,5303,8413,717,13346,9942"
22052,22052,"4798,10326,5303,8421,12857,717,10594,4277,8483,8161"
22056,22056,"8562,5495,12665,3950,1323,2218,9942,13346,6302,9404"
22064,22064,"8562,10326,2343,4798,544,9693,6220,8681,13346,9101"
22072,22072,"10326,4798,8562,12857,4277,10916,5303,13249,13346,6220"
22074,22074,"8562,4798,4277,10326,8421,12857,13249,10916,5303,13346"
22102,22102,"3428,13346,3950,9942,6220,13306,5545,1889,1374,12665"
22110,22110,"8562,10326,13346,3428,4798,3950,9942,6220,217,5495"
22111,22111,"544,10326,5303,4798,4277,6220,8483,2218,8562,275"
22119,22119,"6220,1290,5495,89,12665,6971,8205,10326,544,7792"
22125,22125,"8413,8562,3950,13346,4798,544,9101,10326,9942,5495"
22150,22150,"10326,4798,5303,544,5199,6971,5495,8922,275,3950"
22151,22151,"1290,7120,9295,1244,4929,6971,11298,544,4277,3697"
22154,22154,"1290,7120,4929,1244,11298,9101,10663,544,8703,4798"
22213,22213,"9942,6220,3950,12470,3428,2218,5545,6659,3870,5495"
22256,22256,"544,2343,1290,13346,11298,6220,9730,6795,9101,7120"
22258,22258,"4798,5303,8562,13346,5495,10326,4277,8421,10916,6971"
22265,22265,"8562,4798,10326,13346,3950,9942,6220,12665,5495,2218"
22279,22279,"2343,13346,6220,9693,9942,5495,8562,2218,3950,89"
22280,22280,"10326,8188,9942,8562,4798,10869,275,5495,6659,6220"
22283,22283,"2343,9693,544,9101,4798,10326,9942,5495,8981,12665"
22286,22286,"6220,3428,9942,3950,8562,8681,5676,8413,3870,13346"
22288,22288,"8562,2343,10326,13346,5199,9693,4277,544,12665,9942"
22321,22321,"1290,7120,11298,9730,1244,2989,9101,7679,12869,4576"
22336,22336,"4798,10326,8562,5303,12665,3950,13346,12857,6220,10916"
22344,22344,"4798,6971,5303,3950,10326,844,13346,544,9101,5495"
22353,22353,"9453,12665,544,6659,9942,9101,10326,4798,7862,5495"
22356,22356,"4929,1244,9295,9101,11298,3697,544,2916,12497,6971"
22387,22387,"10326,4798,5303,13346,6433,6971,8562,12857,544,2140"
22427,22427,"6971,4798,9942,544,8562,9101,4413,10326,12665,7330"
22428,22428,"1290,9693,9101,7120,2343,11298,544,9730,1244,9295"
22449,22449,"11298,9101,7679,1290,2989,11024,4576,1244,12655,4664"
22452,22452,"544,9942,9101,6220,13296,10429,5495,1863,11298,1290"
22460,22460,"7679,7669,1371,11298,4163,9101,12869,2957,544,1244"
22467,22467,"1290,7120,10326,4798,1244,544,4929,6971,11298,10594"
22480,22480,"1290,7120,544,1244,9101,9962,4929,9693,789,11298"
22481,22481,"4798,10326,275,5303,8562,13346,9942,6971,2140,12665"
22484,22484,"5303,9942,4798,3950,10326,8483,11572,8421,5495,1788"
22489,22489,"9693,2343,9942,544,2537,5532,64,6834,9101,9532"
22502,22502,"9101,1290,11298,1244,7679,7120,4576,4664,3464,10389"
22510,22510,"1290,9101,11298,2989,12869,7120,544,9730,4576,1244"
22511,22511,"1290,7120,1863,6220,544,9101,10429,4798,9942,5495"
22514,22514,"4798,10326,9693,5303,6971,2343,8483,8562,8421,4277"
22520,22520,"1290,7120,4929,544,9101,4798,5573,10322,10326,9942"
22546,22546,"6971,4798,12857,2140,5495,544,9101,10326,8562,13346"
22551,22551,"8562,8413,3950,6220,12665,9942,13346,5545,3870,4413"
22582,22582,"11298,1290,7120,1244,3464,8978,9730,9101,11024,9295"
22595,22595,"9942,6220,12665,9693,2343,3950,3428,2218,544,4798"
22597,22597,"4798,8562,10326,13346,13249,6326,10916,9942,544,8483"
22605,22605,"3428,3950,4277,217,9768,12470,13346,5495,13249,13306"
22618,22618,"544,4798,9942,1290,7120,9101,9693,2343,11969,5303"
22641,22641,"544,10326,717,4277,10077,4798,8421,350,1328,8562"
22645,22645,"10326,4277,8562,350,9178,217,544,9340,652,4798"
22660,22660,"10326,4798,8562,3950,13346,5303,6220,12857,4277,8483"
22666,22666,"3950,8562,4798,2140,12665,8413,13346,9942,8483,5461"
22674,22674,"7120,9101,1244,4929,11298,544,9730,2989,4576,9693"
22678,22678,"1290,7120,544,11298,1244,9101,2989,2343,9730,9942"
22697,22697,"11298,1290,7120,11024,1244,544,4929,9101,9730,4798"
22698,22698,"3950,5495,13315,13346,2218,6220,5199,6971,10326,1889"
22705,22705,"544,1290,8562,6971,10326,4798,6220,5303,7120,2140"
22710,22710,"5676,8562,2343,4277,9693,10326,5495,544,3127,6971"
22714,22714,"3950,2218,13306,8562,8413,3055,3992,4798,9942,544"
22715,22715,"5303,4798,810,10916,3950,3055,10326,5199,9942,13346"
22720,22720,"4798,10326,5495,4277,544,2343,717,5303,6220,8562"
22734,22734,"4798,10326,8562,5303,2218,6971,544,5495,275,2140"
22735,22735,"4798,10326,6971,2218,5303,3950,8421,13346,6326,13249"
22736,22736,"4798,8562,5303,10326,6971,2218,13346,2140,12857,6220"
22747,22747,"2343,8562,9693,544,10326,4798,10916,4277,275,9101"
22748,22748,"4798,6971,10326,2140,5303,8562,1290,544,9101,9942"
22759,22759,"9693,2343,12665,13346,10326,6220,6795,2218,4798,3950"
22761,22761,"4798,10326,5199,2218,12665,5303,2140,6971,2905,8562"
22774,22774,"10326,4798,8562,6971,9942,5303,2218,5495,6220,12665"
22783,22783,"8562,6659,6220,2989,10326,7707,3950,3055,9942,13296"
22830,22830,"5495,9693,544,12470,5676,10326,6220,5303,13346,6795"
22831,22831,"7120,4929,11298,1244,10663,3697,9730,9101,2989,2916"
22846,22846,"544,10326,8562,4798,6220,2343,13346,6971,3950,275"
22850,22850,"1290,7120,1244,11298,9101,9962,544,3737,4798,9942"
22883,22883,"5495,8562,2218,9942,4798,6220,1912,544,12665,12470"
22887,22887,"10326,4798,544,9693,13346,12665,3950,6220,4277,5303"
22893,22893,"8562,9942,5303,2218,12665,3428,6220,12857,3870,3950"
22905,22905,"6220,8562,2343,13315,4798,8681,3950,9693,13346,3428"
22923,22923,"4798,10326,6220,12857,8562,3950,5303,2218,13346,717"
22956,22956,"10326,4798,12857,13346,217,6326,717,3950,10916,4277"
22964,22964,"6220,544,8562,5495,1863,9942,4798,9101,10326,5545"
22972,22972,"11298,1290,9101,1244,7120,7679,12869,9730,2989,4664"
22985,22985,"6971,4798,5495,10326,544,12665,9101,5461,9942,1290"
23011,23011,"4798,10326,544,4277,350,8562,12857,717,8421,217"
23027,23027,"11298,9101,2989,7679,544,11024,1244,1290,9730,4664"
23036,23036,"10326,9942,6220,3950,6971,3428,4798,8562,2218,13346"
23038,23038,"8562,13346,6220,5495,3950,3428,4798,9942,5303,6971"
23046,23046,"10326,1290,4798,5303,9101,11298,12665,1244,7120,6971"
23051,23051,"8413,12857,2218,5303,6220,4277,4798,5199,9340,3950"
23057,23057,"544,9101,4798,10326,9942,2770,5495,12665,8562,11298"
23062,23062,"11298,7679,1244,8978,12869,9101,1290,4163,11024,9330"
23069,23069,"8562,4798,5303,13346,3950,5495,6971,10326,12665,6220"
23078,23078,"12665,6220,5495,8562,2343,89,2218,5303,9942,1290"
23113,23113,"8562,6220,4798,8413,2218,2343,3950,10326,6971,5303"
23121,23121,"1290,11298,9101,544,1244,4798,9942,10326,9730,9693"
23123,23123,"4798,8562,10326,3950,544,5303,4277,13346,13249,717"
23136,23136,"13346,4798,5495,8562,6971,8413,5303,10326,9942,12857"
23138,23138,"4798,3950,8562,13346,10326,4277,5303,12857,10916,6971"
23140,23140,"10326,12665,4798,5303,544,6220,1290,6971,8562,2218"
23170,23170,"10326,4798,4277,3950,13346,12857,5303,8421,10916,6220"
23173,23173,"1290,7120,11298,9101,2989,1244,5303,10326,544,2343"
23179,23179,"544,6220,2343,9693,5303,6971,810,10326,50,8562"
23196,23196,"4798,8562,10326,13346,6220,3950,4277,12665,5495,5303"
23199,23199,"6220,2218,3950,6641,9942,5495,3428,4413,544,4798"
23216,23216,"4798,10326,6971,5303,8562,844,544,9101,13346,7578"
23226,23226,"8562,13346,5495,3950,10326,12470,217,1328,5610,4798"
23233,23233,"10326,4798,5303,8562,2218,8590,8421,50,1328,5495"
23253,23253,"9693,2343,12665,6971,3950,6220,5199,3055,10326,4798"
23281,23281,"1290,7120,544,9730,9101,11298,9295,4929,5969,9438"
