ID,user_id,item_id
12,12,"9799,8421,4798,2218,8413,6326,12026,6971,1996,12331"
14,14,"6141,5149,544,11615,2343,8421,5642,9519,3950,8562"
17,17,"4158,12339,1328,840,4832,4080,12898,2004,9370,5822"
21,21,"4798,7558,560,4117,6326,5495,3950,11289,10835,10326"
44,44,"11298,5135,11024,4333,1290,5969,10389,9962,3464,13309"
55,55,"5303,5999,5532,8590,10835,560,4117,2580,10326,11289"
56,56,"12793,5303,8922,4117,2140,8590,4315,4277,2789,2990"
58,58,"6638,11615,11886,7327,7715,652,8822,8188,4865,4277"
59,59,"5999,6971,2140,11357,4117,9504,12990,12026,331,9799"
79,79,"13346,8421,13110,10326,8221,5545,11384,350,5145,3950"
81,81,"1290,5135,7120,9962,10607,4929,2916,11298,789,10389"
85,85,"8703,9937,7637,3542,1669,9668,6395,4698,8981,7345"
92,92,"1290,4111,789,4929,5135,4028,11024,9101,6243,1334"
97,97,"11615,3799,544,2799,8703,1945,13403,3138,6638,12606"
100,100,"11886,11615,8822,6638,7715,4277,9890,9799,11843,11969"
112,112,"12793,2140,5303,8922,8590,4315,4117,4277,2789,2990"
122,122,"4798,3950,12665,13346,4679,8562,6326,12990,4277,10326"
133,133,"2140,6220,13296,4388,8590,5303,5545,12793,4602,6971"
141,141,"7637,8703,8981,5149,7706,12663,11103,6474,9564,1487"
144,144,"1290,4929,7120,6243,10663,5573,12497,12030,4387,13101"
149,149,"1290,4163,1779,4216,2957,1558,11024,2916,9732,10389"
153,153,"2140,5303,8590,6220,10326,12793,4602,8505,5532,4315"
166,166,"10464,7120,12666,1290,393,3509,6971,6755,8188,10241"
220,220,"11615,544,3799,4266,10499,2343,1513,12842,12606,12058"
231,231,"6220,5532,8505,2343,2140,5999,4413,5545,4602,8590"
262,262,"3515,7120,1290,5573,6971,4387,7955,5549,6243,4777"
274,274,"4277,6326,10326,12944,2343,8562,89,9072,3870,4798"
277,277,"7480,2016,12191,12332,5020,10678,9999,3593,11999,4097"
281,281,"1290,3697,9962,789,2916,7120,10464,4111,4929,10663"
291,291,"6326,4277,4798,10326,3950,10916,10063,12857,13346,9072"
300,300,"9937,3055,8235,1290,2218,12668,7487,3416,5495,12286"
310,310,"4798,6326,3950,4117,10916,4277,10326,9799,8562,3870"
332,332,"6220,13296,12470,2343,4413,3509,9410,4798,3428,11403"
344,344,"4798,8413,9799,12857,8421,2218,11622,6638,6326,13346"
359,359,"1290,10389,296,13309,10663,11298,12903,10336,2916,4929"
380,380,"5999,5303,5532,10835,11289,8590,560,8505,10326,5495"
386,386,"2343,13296,6220,4413,12665,12470,3950,3428,7723,1978"
426,426,"12857,9072,8562,9870,7707,10326,6220,5386,6971,8421"
436,436,"13296,6220,4388,10835,2140,4413,3950,5545,2343,5532"
453,453,"8235,11403,3317,7024,8681,5495,3908,12668,9032,9942"
461,461,"789,7120,2916,4929,3697,3737,10963,9405,9962,12030"
464,464,"8235,7487,9937,5387,12668,11403,7948,65,7024,6742"
473,473,"6220,13296,12470,4413,11403,3509,2343,9410,4798,89"
481,481,"6659,12191,10100,3911,12793,3509,8354,5184,8230,9729"
490,490,"6220,13296,2343,12470,4413,3428,12665,5866,4798,3509"
494,494,"5303,4117,5532,2580,5999,560,10835,4798,9799,5495"
497,497,"1558,4216,1290,2957,1779,6610,10389,13431,11024,9732"
510,510,"2343,9942,5999,5495,769,11289,1478,12665,2305,3870"
511,511,"851,8421,9580,4277,4798,12990,1776,11843,9799,2140"
512,512,"11615,3138,1945,3799,13403,10827,544,1933,2799,12606"
524,524,"11298,1290,10607,7120,5135,2916,4929,10663,9962,10389"
525,525,"2140,13296,4388,8590,5303,5545,4602,5532,6971,1598"
545,545,"8922,2140,6971,5303,2291,11282,9668,8593,9744,6515"
560,560,"4798,6326,3950,10326,1978,10916,8562,13346,5999,4679"
564,564,"9937,1290,5495,3055,12668,8235,2218,7715,3515,7487"
566,566,"13346,2343,13110,2990,8421,2218,1978,914,487,275"
568,568,"13296,6220,2343,10835,4413,3950,4388,5545,3428,8608"
570,570,"7706,8922,13296,11103,6220,7707,1487,7024,2327,8703"
573,573,"7715,11403,8188,2343,8822,8235,6220,13112,6638,8922"
594,594,"13346,275,89,2343,454,13110,1978,5642,1574,1746"
601,601,"5149,8981,3487,1863,7707,13296,4698,12663,7706,7637"
605,605,"4117,5999,2140,6971,2567,5303,12793,11357,8922,6982"
641,641,"2343,89,9942,769,1978,5495,275,13346,5184,4602"
650,650,"2343,6220,10835,13296,4413,3950,5545,5999,3428,12665"
675,675,"3870,8922,8235,2411,5495,9942,5485,6326,9799,12794"
677,677,"1290,4929,7120,3697,10663,789,2916,12030,13101,12497"
679,679,"2343,13296,6220,4413,12665,3428,3950,5545,544,1978"
683,683,"851,8421,9580,4798,10326,2140,11843,12990,4277,6515"
687,687,"4798,5303,4117,10835,5999,4679,2580,5532,12665,12026"
705,705,"8235,8922,3870,9799,6326,2411,4277,12136,12794,3950"
708,708,"3998,2969,4890,9730,296,4036,12665,8135,11677,544"
712,712,"6220,2140,13296,4388,8590,5532,5545,4602,5303,1598"
715,715,"4798,9799,8421,2218,12857,11622,1996,5303,4277,12331"
728,728,"1290,5135,7120,10607,11298,9962,10663,4929,4163,1779"
743,743,"13296,6220,2343,10835,4413,3950,4388,8608,3428,5545"
753,753,"4798,12857,4277,8562,12990,4679,13346,8421,6638,10326"
757,757,"8235,11886,7715,9799,4865,4277,13375,8922,652,9890"
768,768,"2343,275,769,13346,544,7707,2559,12665,3515,6220"
797,797,"2343,12665,6220,11289,1478,4413,5999,6834,5495,5545"
813,813,"11298,1290,4576,4152,9732,10389,11677,296,82,2916"
832,832,"1290,11298,11024,4036,9962,10389,789,10464,5135,9500"
833,833,"12857,6220,6326,1978,3870,12665,9870,3950,8505,6971"
844,844,"10141,1447,11615,257,8703,13322,2343,1062,9668,1786"
858,858,"1290,296,10663,10147,4929,6243,8590,869,789,89"
874,874,"4576,11298,1290,7120,9732,4664,1558,10137,7864,10389"
875,875,"2343,9942,5999,7707,13346,6220,3870,769,544,275"
892,892,"8703,9564,1669,7637,5976,8981,9937,1487,2020,3467"
897,897,"6220,13296,12470,11403,4413,89,3509,5495,9410,4798"
912,912,"6659,7411,3911,3509,8354,10100,8230,9932,8135,12793"
924,924,"12339,4158,9750,1018,4630,12898,6391,6273,9328,840"
926,926,"5149,7637,5976,1487,9937,8703,8981,6892,12704,11103"
933,933,"2343,6220,13296,4413,1978,12665,10835,3950,11289,5545"
944,944,"2343,13346,5545,8421,13110,487,13296,2990,12470,1978"
951,951,"6971,2140,8421,2218,9072,8562,10326,6220,4277,3055"
974,974,"12665,11403,121,8235,8681,6742,13296,2343,9942,5387"
1010,1010,"8703,11536,5731,5966,11336,12663,5303,10313,4838,661"
1013,1013,"8922,646,7715,11886,8822,2882,2343,11403,8188,10537"
1016,1016,"2140,6971,2218,9072,8562,8421,13310,10326,6220,5545"
1023,1023,"5135,296,2969,10137,9730,1290,4929,7120,4576,544"
1035,1035,"7063,2291,8520,8922,8452,1872,976,7637,9937,3909"
1046,1046,"7120,2916,1290,11298,4929,5135,10607,10663,1977,13024"
1051,1051,"1290,7120,6243,4929,4111,5135,3070,789,9101,5841"
1057,1057,"5999,4117,6971,2140,11357,2567,6982,5303,12026,11622"
1064,1064,"5135,789,9962,1290,4929,7120,3697,10336,2916,9866"
1080,1080,"8922,7063,6971,5303,976,4101,8520,7024,8452,8235"
1089,1089,"4798,4679,3950,10835,5303,10916,13346,10326,8562,5999"
1090,1090,"851,8421,9580,4277,1776,9799,6971,12990,2140,4798"
1103,1103,"8421,2789,6971,2140,11384,4798,10326,8590,12990,2990"
1123,1123,"1290,10663,9564,2286,544,4777,8302,7120,11846,12021"
1134,1134,"6638,1082,4250,8562,8019,12990,7707,3127,12858,1933"
1136,1136,"13296,12470,2343,4413,3509,9410,4798,11403,12665,544"
1139,1139,"8703,7637,5149,8981,12663,9564,6474,5631,3487,9668"
1154,1154,"2343,275,13346,89,1978,769,8450,5495,3340,454"
1169,1169,"1290,8608,4036,2567,2343,10663,10648,3697,10464,11626"
1173,1173,"6383,13403,8265,1933,1912,1082,3127,8648,12990,12858"
1178,1178,"7024,8235,6220,13296,89,11403,8922,7706,2218,12606"
1190,1190,"4117,5999,2140,6971,12793,2567,5303,8922,8590,4277"
1205,1205,"11931,8235,7474,11050,11969,7491,6166,13249,7715,3055"
1217,1217,"1290,7120,2916,10607,4929,10663,4576,296,6610,11298"
1218,1218,"4036,735,3427,2343,2537,7792,4718,12073,11500,12727"
1230,1230,"6220,12857,6971,8421,6326,10326,4798,3950,1978,9870"
1250,1250,"4277,4798,12990,8562,12857,10326,9455,13346,6326,8421"
1252,1252,"2343,12665,5999,6220,11289,5495,1478,6834,10835,13346"
1276,1276,"5303,5532,10835,4117,5999,560,12665,2580,11289,4798"
1279,1279,"1290,7120,12497,4929,8567,2916,5135,10663,5573,6243"
1281,1281,"7480,5020,4234,3593,10678,8703,350,2016,1323,13407"
1288,1288,"5999,5303,11289,10835,5532,560,12665,4117,5495,8590"
1305,1305,"1290,4163,1779,7120,2916,11298,10607,2957,5135,1851"
1320,1320,"7558,8505,6326,2903,3317,3870,8235,5495,3340,5303"
1321,1321,"11615,12665,13403,6638,544,1933,2799,3799,1082,12990"
1328,1328,"4935,4641,1213,2806,5105,10050,11917,11461,7721,11484"
1343,1343,"6515,8421,2140,11282,4798,851,3770,6971,9580,11396"
1345,1345,"13403,10974,9203,6758,1759,2311,12723,714,13408,6053"
1374,1374,"7120,2916,10607,4929,10663,4576,1779,11298,6610,5135"
1410,1410,"12660,6697,3487,7120,5636,5976,589,987,4718,779"
1414,1414,"5999,4117,6971,2140,11357,11622,12026,9504,12990,12857"
1420,1420,"4698,1487,4430,6892,6166,8703,9937,1062,12704,5149"
1440,1440,"5976,7725,13296,8113,11615,5398,2033,544,10429,5484"
1441,1441,"8235,6220,7024,11403,89,13296,2218,5495,4413,12606"
1443,1443,"6697,3464,12660,3487,9571,779,1156,6201,589,7220"
1458,1458,"1290,7120,6243,1779,10607,10389,296,11298,3697,10663"
1492,1492,"8235,11403,7024,3317,12665,6529,3257,8205,11384,12668"
1496,1496,"2789,8421,2380,5303,4798,6971,9668,785,12026,12990"
1499,1499,"2020,12944,11615,8703,7715,1062,6311,6638,10693,5996"
1504,1504,"1290,4163,1558,1779,4216,2957,6610,2916,11024,9732"
1516,1516,"11024,10326,1290,4823,12995,5105,10389,3427,11272,8590"
1523,1523,"4117,5999,2140,6971,2567,11357,5303,12793,6982,8590"
1534,1534,"6011,6640,4832,10441,5822,5105,294,11758,4399,6402"
1539,1539,"1290,10389,296,6322,10663,8978,10607,4036,7590,9732"
1559,1559,"2969,8135,3998,1290,4890,3697,12858,296,7120,10206"
1572,1572,"13346,8421,13110,3491,2343,2218,1746,487,11384,5545"
1573,1573,"11931,8822,8235,12944,2343,7491,13274,11691,12662,11969"
1601,1601,"8703,7637,12663,8981,5149,9564,6474,11103,7706,5631"
1603,1603,"4117,5999,2140,6971,2567,5303,12793,8922,8590,11357"
1604,1604,"13296,6220,4388,2140,10835,4413,3950,5545,2343,5532"
1613,1613,"1290,2916,1779,4163,7120,6610,11024,4576,2957,10607"
1634,1634,"7024,8235,6220,13296,8922,7706,89,11403,2218,12606"
1642,1642,"2140,6220,5303,8590,12793,4602,4388,10326,5532,5545"
1643,1643,"1290,7120,12660,987,589,5636,3487,2870,6697,3088"
1654,1654,"10128,4609,9623,8809,1799,6659,2573,2255,10431,8623"
1657,1657,"1290,4163,1779,2916,6610,2957,4216,1558,11024,7120"
1674,1674,"121,257,4715,2343,11403,5358,1447,12665,11609,1786"
1702,1702,"11615,544,652,8188,8922,13112,7024,4715,13090,9693"
1719,1719,"5822,4832,6714,12898,711,7763,6659,12191,3003,10352"
1725,1725,"6220,13296,11403,12470,89,4413,3509,5495,9410,4798"
1726,1726,"7120,1290,4929,5573,6243,12474,4387,10663,12497,4083"
1728,1728,"6220,11403,13296,89,8235,4413,7024,5495,2218,9799"
1735,1735,"6515,2140,6971,11282,4798,3770,8421,5303,11396,1634"
1739,1739,"1290,7120,4929,5135,789,3697,2916,10663,9962,12497"
1774,1774,"8235,6326,2343,7948,8822,646,13296,4277,11000,8562"
1780,1780,"12995,11024,10137,12793,12073,11677,7287,6591,7903,7605"
1799,1799,"13296,6220,2343,10835,4413,3950,4388,5545,3428,8608"
1813,1813,"5303,5532,4117,560,5999,10835,2580,12665,11289,4798"
1834,1834,"12665,544,6962,6220,13112,4865,5555,8562,2343,652"
1835,1835,"2140,12793,5303,8590,6220,4602,6971,10326,4388,13296"
1841,1841,"1290,9962,3697,1977,5135,4036,2916,10663,789,6811"
1863,1863,"2343,13346,1978,2990,275,13110,4413,89,12665,5545"
1878,1878,"2343,89,9942,8922,2411,3870,1978,8235,769,646"
1879,1879,"8922,3870,8235,6326,2411,9799,4277,4798,5485,5495"
1910,1910,"7120,789,1290,296,5135,6991,4387,9962,10963,9671"
1911,1911,"7706,13296,7707,6220,7024,8922,11103,2327,1863,1487"
1919,1919,"4158,12339,12898,4630,1328,840,6391,1018,1948,2004"
1925,1925,"4163,1290,1558,4216,1779,2957,6610,2916,11024,9732"
1926,1926,"1290,2916,7120,10607,1779,4576,4929,6610,11024,4163"
1931,1931,"7480,12898,9453,9482,8276,350,6690,12647,5155,12191"
1940,1940,"4277,12990,8421,12857,8562,4798,2218,10326,2140,13296"
1968,1968,"8421,4798,4277,9799,851,12990,1776,5303,4679,10326"
1981,1981,"8483,12857,6326,1220,8505,13346,6220,7558,89,2411"
1992,1992,"1290,7120,8567,10607,2916,5135,10663,789,12497,12030"
1998,1998,"1290,789,2916,3697,4929,7120,9962,13101,10581,6811"
2000,2000,"1290,5135,7120,10663,9962,4929,10607,11298,789,3697"
2017,2017,"6971,5999,9799,12990,331,12026,8421,9504,851,4798"
2036,2036,"8235,6220,13296,11403,89,2218,12606,9570,9799,8922"
2044,2044,"1863,9532,5149,11615,13115,3088,2218,8421,3384,9083"
2047,2047,"1290,4111,5135,789,6243,4929,4028,9101,1334,9962"
2052,2052,"9453,4832,10352,5760,11183,11461,4152,1261,4029,6659"
2055,2055,"5760,2123,10441,4935,6150,6011,6935,294,10974,7047"
2069,2069,"6220,13296,12470,11403,4413,89,3509,5495,9410,4798"
2075,2075,"4117,12793,8922,5303,2140,2990,8590,4277,6971,2567"
2089,2089,"4277,12990,2140,10326,12857,8562,2218,8421,9072,13296"
2093,2093,"4798,12990,8562,4277,3950,10326,1017,13346,12857,8421"
2127,2127,"2291,8161,7063,8235,851,12104,12680,12990,8169,5303"
2135,2135,"2343,13296,6220,4413,3428,3950,544,5866,12665,5545"
2137,2137,"13346,11384,8421,3127,2255,13296,12035,9461,2343,89"
2141,2141,"11024,12995,2270,3427,3148,1290,5979,11299,10389,4024"
2147,2147,"1290,789,11024,4929,5135,9101,4024,4111,4028,9156"
2150,2150,"5149,10326,8421,9532,13346,5642,2343,7792,3491,11384"
2153,2153,"2789,8421,4798,12990,6515,2140,10326,11384,5303,6971"
2158,2158,"1290,4163,1779,2916,6610,2957,4216,1558,11024,7120"
2178,2178,"6220,13296,11403,89,4413,12470,5495,8235,3509,9799"
2180,2180,"13296,6220,2343,10835,4413,3950,4388,8608,3428,5545"
2181,2181,"3464,1156,6201,13071,6697,3567,7864,13296,7220,4545"
2193,2193,"12665,5555,13044,544,5642,4924,12758,3888,2861,6220"
2216,2216,"4798,6326,4277,3950,10326,10916,10224,1978,8562,3870"
2224,2224,"4798,4679,12665,8562,3950,13346,4277,10326,10916,6326"
2231,2231,"8235,12665,12668,5495,2218,3908,3317,9072,11403,3055"
2242,2242,"13346,13110,5545,8421,2343,4413,13296,3491,12470,6220"
2243,2243,"6220,5532,10835,2140,8590,8505,10326,4602,5303,5545"
2247,2247,"6971,2140,5999,12990,9799,331,12026,9504,8421,851"
2262,2262,"2343,8608,1290,2990,8607,89,119,2270,9178,12510"
2271,2271,"2140,13296,5532,4388,8590,10835,5545,4602,10326,4413"
2284,2284,"4798,12665,5303,4679,10835,4117,3950,5999,10916,10326"
2287,2287,"2343,6220,13296,4413,3428,3950,544,5866,12665,9729"
2291,2291,"4117,5999,2140,12793,5303,8922,2567,6971,8590,2990"
2293,2293,"1290,7120,2916,4929,10663,789,11298,10607,10137,3737"
2294,2294,"4277,12990,4798,8562,10326,9072,9455,6326,3950,12857"
2301,2301,"9937,5149,4698,6892,8981,2020,3122,7706,1189,5303"
2310,2310,"2343,7792,11195,11024,3427,11969,4028,7258,10389,1290"
2341,2341,"4277,6326,10326,2343,9072,8562,89,12944,3428,3870"
2345,2345,"1290,4163,1779,2916,1558,4216,2957,6610,11024,9732"
2348,2348,"1290,7120,4929,10607,5135,10663,2916,789,296,9962"
2349,2349,"4117,12793,8922,5303,2140,2990,8590,4277,6971,2789"
2350,2350,"2789,12990,8421,4798,6515,8922,2140,5303,851,2380"
2355,2355,"2670,6383,8265,9375,12191,3604,12483,8028,9344,438"
2383,2383,"12191,9344,350,6383,1082,12858,8562,1912,8265,1421"
2393,2393,"5303,5731,2140,1421,10608,4838,6980,2291,10241,7383"
2399,2399,"7120,4929,583,9331,4205,5962,4250,5573,9689,8710"
2421,2421,"11615,275,13346,2343,3491,544,3799,5149,4266,12842"
2435,2435,"13296,2343,6220,4413,3428,3950,544,10835,5545,5866"
2448,2448,"12793,2140,5303,8590,6220,4277,10326,6971,4602,9799"
2452,2452,"7120,1290,4929,5573,12474,12030,6243,4387,12497,10434"
2464,2464,"3515,2343,8235,544,8922,6220,4715,13112,7707,8846"
2470,2470,"11622,9799,4798,12857,8421,851,5303,12331,12026,6971"
2478,2478,"10241,646,7120,1290,10464,6359,12990,9203,10568,4277"
2506,2506,"2343,6220,10835,4413,13296,5999,12665,1478,3950,11289"
2523,2523,"89,31,8235,12026,5731,2218,8505,3870,8608,3992"
2527,2527,"7120,1290,4929,5573,6243,10663,12474,12497,4387,12030"
2528,2528,"4798,5999,6326,10326,5303,4117,1978,3950,4277,10916"
2530,2530,"11615,544,12665,3799,12606,13044,652,2799,2343,5149"
2533,2533,"8483,89,8505,1493,9306,8639,3055,2343,3992,10106"
2540,2540,"6220,13296,2140,4388,5545,8590,6971,5532,1598,4602"
2558,2558,"8235,2903,5495,9937,3870,8922,12136,3515,5199,7558"
2559,2559,"13296,2287,2580,5976,5337,5249,2218,12623,12086,1863"
2592,2592,"6166,4430,1062,4698,6892,8703,1487,8981,7491,913"
2599,2599,"4798,8421,12857,2218,9799,4277,1996,6638,13296,12990"
2608,2608,"6220,13296,12470,11403,89,4413,3509,5495,9410,4798"
2613,2613,"1290,7120,2916,4163,1779,10607,11298,4929,5135,1851"
2616,2616,"13296,6220,2140,4388,5545,10835,4413,5532,6971,1598"
2617,2617,"11615,5149,2847,9668,9461,8703,544,7578,2343,9519"
2619,2619,"13346,8421,13110,2218,3491,1746,1598,11384,4266,487"
2622,2622,"7681,3567,3464,7220,13071,1317,2295,786,162,12776"
2629,2629,"7120,1290,3697,5135,2969,869,4929,296,12497,9866"
2648,2648,"1290,4036,2916,9962,789,1977,10389,3697,10663,9866"
2654,2654,"8703,11615,10141,9668,4430,2343,9519,1447,9937,7637"
2668,2668,"7637,5149,8703,9083,8981,11103,13228,2847,9942,7706"
2703,2703,"6971,2140,9799,12990,331,5999,12026,8421,851,9504"
2710,2710,"4798,12665,8562,13346,12990,4679,4277,12857,6326,8421"
2713,2713,"13346,2343,89,8483,275,11384,6326,1978,8235,5642"
2722,2722,"5135,7120,4929,789,12497,2916,10663,8567,3697,9962"
2724,2724,"4929,7120,1290,789,10464,296,9671,10663,8525,1891"
2727,2727,"5866,2218,2237,9937,7024,6433,5471,2140,11089,7383"
2755,2755,"11298,7120,1290,4929,5135,10607,2916,4163,1779,1558"
2769,2769,"11886,7715,8922,8188,8235,8822,13112,2461,6638,652"
2776,2776,"5303,4117,4798,5532,2580,5999,10835,560,8590,9799"
2781,2781,"7120,5573,1290,4387,6971,3697,4929,4777,12497,11117"
2782,2782,"1290,987,12474,13309,9962,2870,10464,7120,589,12660"
2789,2789,"5303,5532,6326,4117,2580,5999,5495,10835,11289,560"
2794,2794,"2343,5999,9942,5495,11289,769,1478,2305,12665,3870"
2804,2804,"7706,8922,13296,11103,6220,7707,1487,2327,7024,8703"
2819,2819,"8235,11931,7948,2343,11691,121,8590,6971,6220,11403"
2846,2846,"8703,1487,5976,9564,5149,12704,10141,2020,6892,4430"
2851,2851,"1290,4163,1779,2916,1558,2957,4216,6610,11024,9732"
2861,2861,"13346,8421,13110,2218,1746,3491,5545,1598,8235,8221"
2862,2862,"7706,11103,8922,13296,6220,7707,1487,8703,2327,8981"
2867,2867,"350,12647,6778,12191,3781,7480,11876,1421,6118,4968"
2873,2873,"6971,6515,2140,5303,4798,11282,9744,3770,6166,8421"
2880,2880,"5976,3487,779,1156,13296,12623,6268,8997,1669,13376"
2881,2881,"8421,4277,851,9799,1776,12857,4798,12990,9580,5303"
2886,2886,"5149,569,11615,8421,2058,1724,10090,2561,8703,799"
2891,2891,"4117,11622,12857,4798,5999,13346,5303,12026,9799,717"
2908,2908,"1290,2916,789,4929,7120,12497,10389,10663,286,1244"
2910,2910,"8703,7637,5149,12663,8981,9564,6474,5631,3487,9668"
2915,2915,"12026,6971,2140,2789,8235,6326,8590,2218,8421,9799"
2935,2935,"275,11384,9937,8235,3491,4715,7578,2343,4057,454"
2946,2946,"1290,11298,4576,9732,10389,2916,10137,10663,10607,1244"
2948,2948,"11024,290,4036,11314,1290,6322,12073,5135,2938,982"
2969,2969,"2140,12793,5303,8590,6220,10326,4602,6971,4277,9799"
2979,2979,"1290,7120,2916,10607,4929,4576,10663,1779,6610,11298"
3036,3036,"4832,1948,4080,6402,4158,5760,840,1328,294,5105"
3050,3050,"5303,4798,12665,10835,4117,2580,5999,4679,5532,12026"
3056,3056,"7480,6383,9344,12898,6690,13407,12191,8276,9408,12647"
3061,3061,"5999,4117,11357,2140,9504,12990,11622,12026,12857,8421"
3066,3066,"7706,13296,8922,6220,7024,11103,7707,1487,9799,12606"
3069,3069,"4798,8421,2140,12857,10326,12990,2218,11784,560,2789"
3094,3094,"12026,6971,6220,6326,5999,2218,4388,5866,1978,8413"
3106,3106,"5149,9937,7706,4698,5387,6892,9942,6742,12622,11103"
3110,3110,"6322,7120,1290,2916,2140,8590,5135,10663,3537,789"
3115,3115,"2343,12665,4413,6220,1978,13296,3340,5545,11289,6834"
3136,3136,"1290,7120,9331,4929,13309,6243,325,987,10663,4992"
3159,3159,"8562,6659,12268,1029,6425,3911,13296,11182,10431,4029"
3166,3166,"12026,2218,8608,6326,6971,3870,2140,4388,5731,5303"
3172,3172,"1290,4036,7120,4576,1220,7087,7279,13185,10663,10333"
3200,3200,"2343,6220,10835,4413,12665,5999,11289,1478,3950,5545"
3217,3217,"11886,7715,8188,13112,11403,121,8922,2461,8822,6638"
3218,3218,"6697,5841,1156,1290,589,9571,1466,13296,3464,3487"
3229,3229,"9072,12990,8421,6395,2140,10326,8562,12857,4798,4277"
3230,3230,"10389,1290,8562,13350,12268,7745,9744,2064,11038,2989"
3274,3274,"851,8421,9580,2140,4798,11843,13114,6515,10326,4277"
3285,3285,"2343,13296,6220,4413,3428,3950,544,5866,10835,12665"
3316,3316,"2343,13296,6220,4413,10835,3428,12665,1978,5545,544"
3319,3319,"4798,4679,12665,5303,12857,13346,10835,4117,12990,8562"
3323,3323,"4798,8413,8421,6326,12990,12857,13346,13296,11368,1017"
3346,3346,"2989,8871,1290,10389,2916,4152,10102,10581,11298,4576"
3354,3354,"4798,12857,11622,9799,8421,851,5303,12990,6638,12331"
3368,3368,"12793,2140,5303,8590,6220,4277,10326,6971,8922,4602"
3374,3374,"2140,13296,4388,8590,5545,5532,4602,6971,1598,5303"
3391,3391,"6383,8265,9344,9375,3604,4100,217,899,10680,2670"
3397,3397,"8205,12382,9937,7244,8235,11403,8681,6442,11000,10537"
3404,3404,"8703,7637,5149,12663,8981,9564,6474,5631,9668,5342"
3408,3408,"6971,2140,2789,8421,2218,9072,8590,6220,10326,544"
3416,3416,"2343,5999,11289,12665,1478,5495,6220,9942,4413,10835"
3422,3422,"8703,7637,2020,5149,6043,13228,12663,2058,8981,7344"
3423,3423,"8703,5976,1062,1447,10090,3138,2497,12704,2343,1940"
3426,3426,"3317,8235,7024,2380,31,12665,3870,8293,5303,3127"
3436,3436,"8235,13296,2218,7024,89,6220,5875,11403,13110,4413"
3448,3448,"2789,8421,6971,2140,11384,10326,4798,8590,12990,12331"
3464,3464,"6220,10835,5532,2343,4413,13296,2140,8505,5545,3950"
3472,3472,"10464,7120,1290,9671,4929,10241,6359,8567,393,10644"
3477,3477,"13296,6220,2343,10835,4413,3950,4388,8608,3428,5545"
3488,3488,"4798,12665,4679,13346,3950,12990,8562,6326,1017,12857"
3497,3497,"851,8421,6971,9580,4277,9799,1776,2140,7833,12990"
3504,3504,"7120,2916,2140,8590,1290,12030,3504,6971,12026,610"
3517,3517,"6326,4798,12026,4117,3950,7558,3870,13346,10326,5303"
3538,3538,"2218,2140,9937,3055,9072,7715,7707,5495,12668,1290"
3544,3544,"89,8505,31,3992,4413,6220,8483,6795,3870,5545"
3547,3547,"8235,7024,8205,3317,5731,8293,2380,31,11384,4413"
3569,3569,"12857,4798,8421,10326,3870,7558,2140,6326,2903,6220"
3570,3570,"7480,350,13407,5020,12647,9498,12191,12898,9408,6690"
3575,3575,"4798,5303,4117,5999,5532,560,10835,12665,2580,10326"
3579,3579,"2140,12793,6220,5303,8590,13296,4388,4602,6971,5545"
3588,3588,"1290,5976,3464,7120,10649,6697,3487,6671,6243,13403"
3592,3592,"1290,2916,1779,4163,7120,6610,11024,2957,4576,9732"
3617,3617,"4798,4679,12857,8562,13346,12990,4277,12665,5303,8421"
3632,3632,"2218,9532,8421,2287,1863,5149,10326,13115,6925,7792"
3650,3650,"12321,613,3222,8115,4929,7120,7444,11129,11298,12009"
3654,3654,"3908,2218,3870,2380,9072,5495,12470,7707,12665,8562"
3656,3656,"7706,13296,8922,6220,11103,7707,7024,1487,2327,9799"
3678,3678,"7120,10464,1290,8681,9671,393,4929,3697,3509,11464"
3681,3681,"4158,4832,12339,840,1948,4080,5822,6640,1328,3733"
3683,3683,"12990,2140,8421,10326,4277,4798,9072,8562,6326,5386"
3685,3685,"4798,2140,8421,12026,11784,6971,2218,5303,3340,8235"
3699,3699,"3464,13071,1156,2769,7047,779,5976,6697,8997,6003"
3707,3707,"7706,13296,7024,8922,6220,7707,11103,1487,9799,12606"
3731,3731,"1290,7120,9732,4576,10389,9500,5969,9962,5186,2916"
3737,3737,"4798,11622,9799,12857,851,8421,5303,6638,12331,4277"
3739,3739,"9564,4250,7079,1945,1940,1323,5976,7344,2497,12345"
3744,3744,"12470,4413,13296,13110,5545,6220,13346,2343,8421,5875"
3753,3753,"11609,6382,2990,8076,9306,10986,3149,10462,8452,5436"
3778,3778,"4117,5999,2140,6971,2567,5303,12793,8922,11357,8590"
3786,3786,"4929,1290,10663,9768,8302,8590,2990,830,7120,4977"
3790,3790,"13375,12857,8235,3055,2140,89,10326,2218,10219,5338"
3804,3804,"4798,12665,12990,13346,8562,6326,12857,4277,3950,8421"
3805,3805,"6220,2343,13296,4413,3428,5866,3950,544,12665,9729"
3819,3819,"11615,1447,12575,4266,544,275,2343,5199,3799,121"
3827,3827,"6011,10441,6487,5822,4029,11771,11758,294,6150,3988"
3829,3829,"8421,851,4798,6515,2140,9580,11282,10326,7578,11843"
3841,3841,"10100,8188,3950,10241,6971,8421,11784,10916,2140,13346"
3849,3849,"7120,10464,1290,4929,789,10607,6971,10241,11938,13309"
3928,3928,"7120,1290,2916,7590,10137,10663,6610,9295,7471,11298"
3988,3988,"1290,4163,1558,1779,4216,2957,6610,2916,11024,9732"
3994,3994,"10147,1290,4929,296,6243,10663,10963,7120,3697,8590"
3998,3998,"2343,6220,13296,12470,4413,5545,12665,5495,3509,3950"
4012,4012,"6326,8505,12026,3055,717,4388,5532,8608,5303,10063"
4021,4021,"8421,6515,12331,12990,2789,4798,11994,10326,2140,2169"
4022,4022,"6166,7491,7715,11931,4430,12944,11969,1062,4715,10429"
4047,4047,"8703,9564,8981,13228,12663,5149,2058,4205,2020,9083"
4073,4073,"1290,3697,7590,296,6576,6243,10389,10137,8290,10607"
4099,4099,"10464,393,5083,7120,10241,1290,1105,6433,6755,3509"
4100,4100,"7411,10835,63,342,7406,3950,6107,8562,5532,10077"
4120,4120,"6220,11403,13296,89,8235,4413,7024,2218,9799,5875"
4126,4126,"7120,1290,789,296,3697,5135,6971,6576,11117,4929"
4136,4136,"12026,6326,3870,4388,89,8235,7558,3340,2218,8505"
4160,4160,"2343,1290,8608,10648,13297,89,11716,4036,12615,6220"
4173,4173,"10137,296,5135,12903,11677,4576,8135,9348,6591,12995"
4177,4177,"1290,7120,2916,10137,10663,11298,9295,4576,7590,10607"
4183,4183,"4798,6326,3950,13346,8562,12665,4679,10326,12990,10916"
4191,4191,"7120,1290,4929,5573,12474,6243,4387,12030,10663,12497"
4195,4195,"4798,3870,9942,6326,10224,8922,5999,5495,1978,2343"
4213,4213,"9072,8562,4277,12857,12793,4243,2140,6971,3428,217"
4226,4226,"2343,13296,6220,4413,3428,3950,544,5866,12665,10835"
4227,4227,"1290,4111,5135,789,4028,11024,9101,1334,4929,5142"
4232,4232,"9072,2140,8562,12857,12990,4277,10326,8421,7707,6971"
4255,4255,"6326,2343,8483,13296,10326,4277,3428,4798,6220,13346"
4258,4258,"7706,11103,8922,13296,6220,7707,1487,8703,2327,7637"
4274,4274,"7480,12191,6383,4234,1323,5020,3593,12379,4900,7953"
4289,4289,"7706,11103,8922,8703,13296,7637,6220,1487,8981,7707"
4295,4295,"2343,11289,12665,4413,5999,5495,1478,6220,9942,1978"
4300,4300,"2140,6220,13296,4388,8590,5545,5303,4602,6971,5532"
4334,4334,"2343,13346,12665,4413,5545,5642,1978,6220,13110,3340"
4361,4361,"8235,8822,8922,646,11886,7715,4277,6326,2343,8188"
4377,4377,"4798,6326,3950,10916,10326,13346,4277,8562,1978,10063"
4412,4412,"7120,1290,2916,11298,10607,4929,5135,10663,10389,9962"
4415,4415,"6220,13296,2343,4413,3428,5866,3950,544,12665,9729"
4424,4424,"8235,8161,10340,5549,12680,12990,5303,6515,9306,1912"
4425,4425,"13044,5642,8562,11615,544,12665,10429,13117,5149,3500"
4430,4430,"4117,5303,4798,12857,13346,5999,9799,12026,4277,2140"
4433,4433,"5303,4117,2140,8590,8922,11843,5532,4798,2580,9799"
4436,4436,"8703,9564,2020,2058,5149,1669,6043,12663,589,7637"
4458,4458,"4117,5303,8922,5999,8590,2140,9799,4277,13346,4798"
4461,4461,"8703,5149,7637,8981,12663,9564,5631,3487,6474,5342"
4488,4488,"13296,6220,4388,2140,10835,4413,3950,5545,2343,5532"
4497,4497,"1290,12497,4929,7120,5573,5135,8567,10663,6243,2916"
4498,4498,"2140,5303,5532,8590,10326,4602,8505,5545,10835,2218"
4504,4504,"2140,6220,5303,8590,12793,13296,4602,4388,10326,5545"
4510,4510,"7120,1290,5303,4576,789,2567,811,3305,2114,10464"
4512,4512,"6011,5822,10441,6487,4029,11758,294,12507,5105,6640"
4513,4513,"4924,5642,12665,5555,5149,544,13044,3888,6220,10326"
4516,4516,"1290,7120,4929,10607,2916,10663,5135,296,789,3697"
4526,4526,"9532,5149,2218,8421,13115,7792,1863,2343,11615,3088"
4528,4528,"13296,6220,2343,10835,4413,3950,4388,8608,3428,5545"
4542,4542,"1062,8703,4250,9564,5976,1945,10693,2020,1487,12807"
4559,4559,"11298,7120,10607,1290,2916,5135,4929,10389,10663,9962"
4572,4572,"2789,8421,2140,3340,13346,4798,785,5549,5303,11622"
4575,4575,"2343,6220,12665,13346,5999,6834,11289,10326,5495,10835"
4583,4583,"4277,8822,6326,8235,12944,2343,89,10326,11969,5545"
4602,4602,"4798,11622,12857,4117,851,9799,5303,12331,717,12990"
4608,4608,"1290,10648,9962,3539,2343,10674,7120,6220,9320,10205"
4609,4609,"12793,2140,5303,8590,8922,4277,6220,4315,4117,2789"
4626,4626,"12665,8235,3317,3908,11384,12857,609,2380,4876,9072"
4642,4642,"89,275,2343,8235,8922,11886,9164,11681,8161,13296"
4653,4653,"7715,11615,6638,8703,8188,2461,10693,121,5976,4715"
4664,4664,"1290,2916,7120,1779,4163,6610,11024,4576,2957,9732"
4665,4665,"7120,3697,4929,1290,1400,4387,12474,10663,12997,4777"
4672,4672,"3464,9730,7681,1290,2710,10674,2920,7864,1317,3487"
4680,4680,"4798,12857,4679,11622,5303,13346,12990,851,9799,4117"
4705,4705,"4117,12793,2140,5999,5303,8922,2567,6971,8590,2990"
4707,4707,"6220,13296,12470,2343,4413,3509,11403,9410,4798,3428"
4711,4711,"6220,13296,12470,4413,11403,3509,89,9410,2343,4798"
4732,4732,"2140,12793,5303,8590,6220,4602,6971,10326,4277,5545"
4734,4734,"1290,7120,11298,987,789,9962,6243,4929,296,1747"
4735,4735,"7120,4929,4083,2916,1400,1290,8977,1977,5573,4250"
4749,4749,"4609,4641,5561,3464,10739,6659,5249,6402,5105,4935"
4751,4751,"4230,8690,2989,2573,9509,12793,1290,5364,2885,2636"
4762,4762,"7715,8188,8822,11886,6638,2461,13112,11403,12662,8922"
4767,4767,"10941,9331,7973,6071,4684,13137,7733,11321,10201,6659"
4771,4771,"8235,9072,2218,6971,8562,3055,7948,12857,10608,12668"
4773,4773,"2218,2140,6971,7715,5303,5999,9072,9093,3055,5545"
4776,4776,"7024,8235,6220,13296,8922,7706,89,11403,12606,2218"
4783,4783,"6220,8235,11403,89,13296,7024,4413,5495,2218,5875"
4788,4788,"4117,12793,8922,5303,2140,2990,8590,4277,6971,2789"
4808,4808,"8235,7715,8922,11886,8188,8822,11403,13112,2343,2882"
4810,4810,"9072,12857,12665,8562,3428,217,4243,609,13296,1220"
4818,4818,"8235,4277,8922,6326,3870,11886,5610,646,9799,89"
4823,4823,"8235,6220,7024,11403,89,13296,2218,5495,12606,4413"
4829,4829,"8822,8235,8188,7715,2343,8922,12944,11403,6326,11886"
4842,4842,"12073,7619,11024,11314,1049,1747,7369,8978,1290,341"
4859,4859,"8421,1514,2343,9942,3127,13346,9461,1323,544,12896"
4866,4866,"7637,8703,8981,12663,5149,9564,6474,7706,11103,9668"
4881,4881,"6220,2140,5532,8590,13296,5303,4602,10835,10326,5545"
4908,4908,"4929,7120,5573,12474,4387,8590,13375,5962,10663,6776"
4910,4910,"4929,789,1290,4387,9671,12497,6243,12474,296,9284"
4922,4922,"12793,2140,5303,8590,8922,4315,4117,4277,2789,6971"
4942,4942,"3464,7681,2242,3567,3444,2990,13071,7220,1832,2343"
4976,4976,"4576,544,9348,10137,12995,12903,9730,11024,6576,3998"
4993,4993,"5976,3487,13296,779,11403,1156,1491,10825,6697,13376"
4995,4995,"2218,9937,2140,3055,9072,7715,7707,1290,5495,12668"
5020,5020,"9607,6150,5760,10974,8112,6383,2263,5027,3563,9375"
5040,5040,"12665,9768,1290,89,12793,13076,8590,2990,10986,7088"
5048,5048,"8161,2291,12680,12990,8235,851,5303,8169,647,10340"
5058,5058,"275,2343,13346,769,89,5495,12665,544,3340,5642"
5067,5067,"13296,6220,4388,2140,10835,5545,4413,3950,5532,1598"
5087,5087,"12026,4798,6326,7558,11784,3870,2140,8421,3340,6220"
5090,5090,"6220,7024,11403,89,13296,2218,5495,4413,12606,9799"
5102,5102,"2291,7063,9771,2264,9085,4877,7439,12476,10462,2140"
5103,5103,"6971,2140,5999,12990,9799,331,12026,9504,8421,851"
5105,5105,"7637,8703,8981,12663,5149,9564,6474,7706,9668,1487"
5108,5108,"6971,2789,2140,5303,7172,8590,2218,8421,7024,5999"
5119,5119,"12623,5976,2580,13296,2242,8710,1290,12722,3148,9101"
5120,5120,"7120,1290,2916,11298,10663,6610,7590,789,10607,3697"
5124,5124,"9937,8235,7715,2140,13249,7474,2218,2559,7707,12857"
5132,5132,"6220,2140,13296,4388,8590,5545,6971,4602,1598,5532"
5138,5138,"11298,1290,10607,7120,1558,4576,12995,10137,6610,9962"
5144,5144,"4277,10224,10326,3870,1978,3950,10916,5999,8562,8922"
5159,5159,"2343,6326,8562,12944,13296,9072,7948,8235,8822,10326"
5167,5167,"8235,8590,11403,4698,11751,6742,5404,7948,8681,12665"
5175,5175,"3515,8235,11609,1776,6433,9178,2990,13214,4877,2423"
5176,5176,"1290,7120,10607,11298,5135,2916,10663,4929,8302,9962"
5185,5185,"2380,9763,12299,9178,8703,2612,12665,2871,10609,7489"
5189,5189,"6326,3950,7558,8505,8413,2411,11289,12857,1220,1978"
5191,5191,"11615,6141,11639,9519,8562,275,4865,8421,13296,3950"
5206,5206,"8235,2218,9072,7948,3055,10608,6971,6742,12668,8562"
5213,5213,"6220,13296,2343,12470,4413,3428,3509,12665,4798,9410"
5224,5224,"2140,12793,6220,5303,8590,13296,4388,4602,6971,5545"
5226,5226,"1290,7120,10389,11298,10102,9732,1779,2916,4576,10581"
5241,5241,"1290,7120,11298,5135,10607,4929,2916,10663,9962,1779"
5264,5264,"12655,11024,3222,5135,1290,4024,11298,12903,12995,4333"
5268,5268,"8421,9799,851,12990,6971,12857,4798,4865,4277,1776"
5270,5270,"8421,9799,4798,5303,1996,12331,2218,4277,4679,12857"
5287,5287,"12793,2140,5303,8590,6220,4277,10326,6971,4602,9799"
5314,5314,"8703,7637,13228,6040,9564,8981,2058,2020,4205,9083"
5318,5318,"1290,7120,4929,5135,10663,9405,9962,13309,8567,5142"
5326,5326,"7706,11103,8922,1487,8703,13296,7637,6220,8981,7707"
5336,5336,"12793,8922,5303,2140,4117,8590,4315,4277,2990,2789"
5343,5343,"1290,10648,9962,10464,3697,10336,7120,10663,4036,6811"
5347,5347,"6326,4277,4798,10326,10224,2343,12944,8562,3870,3950"
5354,5354,"12857,8699,13346,8421,8235,7558,11384,11784,8483,8562"
5356,5356,"2343,9942,1978,5495,89,769,11289,3870,12665,13346"
5367,5367,"12660,6697,3487,9571,987,5636,589,7120,779,1290"
5373,5373,"8235,5495,3340,8671,89,4715,454,3317,2903,12470"
5385,5385,"8703,7637,8981,5149,3487,9564,12663,5976,6474,5631"
5458,5458,"4798,5303,12665,4117,10835,4679,5999,2580,5532,13346"
5463,5463,"9072,13296,2343,8562,9226,350,6326,8681,7948,6971"
5471,5471,"10464,7120,1290,6755,393,8188,6971,12666,10241,9295"
5476,5476,"8922,5303,2140,4101,8707,9744,6515,6166,4798,8235"
5484,5484,"12026,6326,5999,6971,2140,2218,11622,2373,8235,11784"
5508,5508,"4036,3998,544,5135,9730,11314,2969,1290,420,10137"
5513,5513,"5149,11615,10326,2343,12842,9532,2218,4266,1165,3491"
5520,5520,"6383,1912,9344,6659,4900,12191,1323,8265,12898,4100"
5524,5524,"6220,13296,11403,89,12470,4413,5495,3509,8235,9410"
5539,5539,"6971,7063,6220,12026,2218,2199,5303,5999,2140,3870"
5554,5554,"4798,12857,11622,4679,12990,8562,5303,13346,851,9799"
5564,5564,"8421,851,4277,9799,12990,4798,1776,12857,9580,6971"
5595,5595,"8235,8293,13346,11384,4715,9937,275,454,7578,6141"
5601,5601,"8922,6971,5303,4101,7063,976,2140,8707,7024,8235"
5602,5602,"6326,4798,12026,8413,8421,9799,2218,2140,1017,10326"
5618,5618,"2916,7120,1290,296,11304,11298,9405,10389,789,11024"
5643,5643,"7024,8235,6220,13296,8922,7706,89,11403,2218,12606"
5644,5644,"12026,2218,8235,3870,6971,5303,2140,3340,8608,6326"
5651,5651,"4277,8421,12990,2218,12857,4798,8562,10326,2140,13296"
5655,5655,"89,8235,454,13346,275,2343,5642,11384,3340,1978"
5658,5658,"851,8421,9580,4277,2140,1776,6971,9799,8161,11843"
5660,5660,"13346,8421,13110,5545,2343,3491,4413,1156,8221,3950"
5662,5662,"5149,1669,8703,9937,10141,4698,12191,4516,5303,9564"
5670,5670,"9306,11622,13121,3340,10340,277,5549,5303,10063,7710"
5676,5676,"1290,13309,9962,4929,4036,3697,1977,7306,6243,10336"
5680,5680,"5303,5532,5999,4117,10835,560,2580,12665,11289,4798"
5698,5698,"9532,2343,11319,7792,6839,11572,3911,10326,11384,12425"
5710,5710,"4117,5303,8922,12793,2140,8590,2990,5999,4277,2789"
5723,5723,"5135,544,1290,2969,10137,3998,1554,11298,9962,12903"
5742,5742,"13296,6220,2343,10835,4388,4413,3950,5545,3428,8608"
5748,5748,"12995,12793,4576,9348,10137,11272,6576,4940,4664,544"
5750,5750,"9937,8235,7715,1018,2140,2903,4576,7707,9036,3416"
5787,5787,"8922,11886,8235,89,2343,275,11681,8188,2882,13112"
5798,5798,"10340,8235,5549,8421,13121,6515,11622,9178,9306,7356"
5799,5799,"10434,12104,5946,9306,10566,2291,9998,7120,1290,7439"
5815,5815,"1290,10464,3697,9962,4413,9295,2439,3713,3401,2789"
5822,5822,"2140,12793,5303,8590,6220,4602,6971,10326,4277,9799"
5834,5834,"6971,8421,2140,10326,6220,9072,12990,8562,6395,4277"
5846,5846,"5999,4117,6971,2140,11357,12026,9504,6982,2905,11622"
5858,5858,"5999,6971,4117,2140,11357,9504,12026,2905,6982,12990"
5882,5882,"4929,7120,1290,4387,10663,12474,8302,6776,8590,12497"
5892,5892,"12026,6326,4798,7558,11784,3340,3870,2140,10835,5303"
5897,5897,"9164,2169,5471,7356,13121,9306,6433,2855,316,2585"
5898,5898,"4413,12665,11403,12470,8235,11384,8205,31,3317,89"
5902,5902,"6220,13296,12470,4413,2343,3509,11403,9410,4798,5495"
5919,5919,"7120,1290,5804,7679,9203,5752,6433,1012,3697,16"
5934,5934,"8421,6971,2140,4277,2218,10326,2789,9072,12990,11384"
5946,5946,"7120,789,1290,296,3697,11117,6971,4387,9962,5663"
5965,5965,"5650,3700,10241,6971,9065,10537,586,2103,13104,2784"
5995,5995,"2343,12665,4413,6220,13296,1978,5545,3340,11289,5495"
6005,6005,"11024,11299,1290,5135,12903,4024,12995,9101,8514,10663"
6006,6006,"13296,6220,2343,10835,4413,3950,4388,8608,3428,5545"
6013,6013,"4798,12857,11622,9799,851,12990,5303,6638,4277,8562"
6016,6016,"5999,6971,12990,8421,12857,9799,9504,11622,2140,12026"
6023,6023,"5135,789,7120,9962,3697,10663,12030,13101,12497,6243"
6052,6052,"4798,6326,3950,1978,10326,4117,10916,12665,8562,10835"
6056,6056,"9942,769,2343,5999,5495,3870,5303,89,1978,11289"
6059,6059,"4798,9799,8421,2218,8413,1996,12857,6326,4277,11622"
6064,6064,"5999,11622,4117,12857,6971,9799,12026,8421,4798,12990"
6091,6091,"12793,2140,5303,8590,6220,4277,10326,6971,9799,2789"
6112,6112,"9962,5135,13309,10336,6243,6811,11298,4036,11024,789"
6133,6133,"2343,769,13346,275,5495,9942,89,2559,1478,5999"
6150,6150,"4277,2140,12990,8421,10326,12857,8562,9072,2218,5386"
6155,6155,"851,8421,9580,4277,2140,1776,9799,6971,4798,12990"
6157,6157,"8421,851,4798,12990,4277,9580,10326,9799,1776,11843"
6212,6212,"8421,5149,13346,4266,10326,12842,9532,3491,2343,3384"
6218,6218,"2343,89,9942,769,275,5495,3870,1978,4602,8922"
6242,6242,"6971,5999,2140,12990,331,12026,9504,9799,8421,4482"
6243,6243,"8822,11931,8235,2343,4277,6326,12944,6220,8188,5545"
6260,6260,"3733,9453,4152,350,4158,6391,9742,4832,4097,2734"
6262,6262,"646,10241,8567,3089,8681,7120,4664,8235,7224,13104"
6278,6278,"12793,4117,8922,5303,2140,8590,2990,4277,4315,2789"
6280,6280,"851,8421,9580,4277,1776,2140,6971,9799,8161,13114"
6287,6287,"851,8421,9580,2140,4277,13114,11843,1776,4798,8161"
6305,6305,"7715,8235,4715,11615,10219,9937,12857,11969,3990,6166"
6320,6320,"1290,10464,9962,8284,1334,7769,9295,12026,6948,10648"
6339,6339,"6220,2343,13296,3428,4413,5866,3950,544,12665,9729"
6360,6360,"8235,7024,6220,13296,11403,89,2218,12606,9570,9799"
6370,6370,"2343,6220,13296,4413,3428,12665,3950,544,5866,12470"
6376,6376,"2343,6326,13296,4277,7948,9072,8562,9404,6220,9226"
6378,6378,"10389,11298,789,2916,7120,10607,5691,6322,9962,296"
6379,6379,"7356,10340,5549,9358,8076,9306,12857,10986,8235,5303"
6398,6398,"2343,12665,6220,11289,1478,5999,4413,6834,5495,10835"
6422,6422,"2789,8421,6971,2140,11384,4798,5303,8590,6515,2380"
6424,6424,"5999,6971,4117,2140,11357,9504,12026,12990,2905,6982"
6436,6436,"4935,7325,5561,2034,9644,6659,899,10472,2414,11655"
6454,6454,"6220,2343,13296,4413,3428,3950,544,12665,9729,5545"
6464,6464,"4798,11622,12857,9799,13346,851,717,12990,8421,5303"
6479,6479,"6326,2343,9072,13296,350,8562,9226,8161,3428,12793"
6485,6485,"8703,7637,5149,2020,8981,13228,2058,12663,6043,1487"
6488,6488,"6220,13296,8235,11403,89,4413,5875,5495,2218,7024"
6490,6490,"13296,2343,6220,4413,3950,10835,3428,544,4388,5545"
6498,6498,"4798,6326,4277,3950,10326,8562,10916,9072,13346,9455"
6533,6533,"1290,10389,5691,6322,296,6591,10607,2916,10663,11298"
6577,6577,"13296,2343,6220,4413,3950,10835,3428,544,4388,5545"
6579,6579,"851,8421,2140,4277,13114,11843,4798,1776,8161,6971"
6583,6583,"6220,13296,11403,89,4413,12470,5495,8235,3509,9799"
6597,6597,"8235,11384,12665,6302,12857,3317,1978,3127,538,11403"
6599,6599,"4117,12793,8922,5303,2140,8590,2990,4277,2789,6971"
6607,6607,"6326,4798,2343,10224,3870,1978,8922,4277,9942,10326"
6613,6613,"8681,12665,11403,350,2343,8235,121,1220,9404,13296"
6622,6622,"7120,1290,789,10464,6971,2916,2140,4118,3509,1747"
6637,6637,"13346,2343,13110,8421,5545,5642,487,2990,2218,1978"
6644,6644,"11622,9799,4117,4798,12026,12857,6326,717,12331,5999"
6651,6651,"1290,11024,3222,5135,4024,11299,12869,11298,12903,10663"
6674,6674,"4277,10326,12857,2140,12990,8562,9072,6326,10916,9164"
6683,6683,"12857,10326,2140,2218,8421,646,8562,9072,3428,7707"
6686,6686,"7637,8703,8981,5149,12663,7706,11103,6474,9564,1487"
6707,6707,"2343,6220,13296,3428,4413,3950,5866,544,12665,9729"
6724,6724,"7706,13296,8922,6220,11103,7024,7707,1487,2327,9799"
6729,6729,"2140,6220,13296,4388,5303,12793,5545,4602,6971,1598"
6739,6739,"769,9942,2343,3870,8922,89,5495,5999,2411,544"
6756,6756,"2343,6220,10835,13296,4413,3950,5545,12665,5999,1478"
6764,6764,"12191,8562,6383,4100,350,1912,9453,349,8421,3500"
6768,6768,"13296,5976,2287,2580,1863,5484,558,3487,5337,3077"
6787,6787,"8421,4798,851,12990,10326,2140,6515,9580,5303,6971"
6808,6808,"1290,4111,4028,11024,5135,789,2340,11298,1334,11501"
6811,6811,"5149,11615,9532,10326,2343,11247,3088,1863,13115,3138"
6812,6812,"8235,11403,89,13296,4413,5495,7024,2218,5875,7983"
6831,6831,"8421,10326,5149,9532,2218,7792,13346,5545,8221,2343"
6833,6833,"7024,8235,11403,5387,7487,9937,7948,12665,6742,9374"
6840,6840,"2291,7063,37,8922,5303,11286,8161,9454,2140,6420"
6842,6842,"1290,3697,4929,9962,6243,1977,4036,7120,5135,10663"
6855,6855,"1290,4163,2916,1779,6610,2957,7120,11024,4216,1558"
6869,6869,"8421,851,4798,4277,12990,9799,1776,9580,6971,10326"
6874,6874,"3464,3487,5976,1290,7120,779,9286,6268,8997,11915"
6879,6879,"2343,12665,11289,5999,6220,1478,5495,4413,6834,9942"
6885,6885,"6638,2255,7327,11615,1447,8703,8562,4250,544,1862"
6886,6886,"7480,350,13407,9498,5020,12647,6383,12191,716,9344"
6902,6902,"4277,4798,10326,6326,3950,10916,12857,12990,10063,8562"
6908,6908,"1290,7120,4929,10607,2916,10663,5135,296,789,11298"
6911,6911,"10326,8590,9616,7087,1843,9172,8445,12758,5145,2467"
6912,6912,"5642,13346,275,5149,2343,4924,12665,10326,607,13306"
6919,6919,"1290,7120,10663,3697,7590,89,9295,1779,11298,11024"
6926,6926,"4117,5999,2140,6971,2567,5303,12793,11357,8922,8590"
6934,6934,"11639,6141,8562,1421,349,9509,350,13296,5364,6383"
6935,6935,"6220,13296,2343,4413,3428,5866,3950,544,12665,9729"
6939,6939,"11615,8703,12575,4266,1447,5199,3799,257,1165,12911"
7000,7000,"13346,2343,13110,275,5642,2990,1574,2218,1978,1746"
7003,7003,"6220,13296,12470,11403,4413,89,3509,5495,9410,4798"
7005,7005,"5999,4117,6971,2140,11357,2567,6982,12026,11622,2905"
7042,7042,"13296,6220,2343,10835,4388,4413,3950,5545,3428,8608"
7045,7045,"4715,8235,9937,5199,3515,8922,782,6962,544,8188"
7047,7047,"7706,13296,8922,6220,11103,7024,7707,1487,9799,2327"
7053,7053,"5976,3487,779,1156,13296,8997,3464,10825,12086,3444"
7063,7063,"8235,8922,2882,4715,3515,8188,13112,652,2461,4865"
7067,7067,"2343,13346,275,769,12665,3340,1478,6433,89,5495"
7071,7071,"5999,11289,10835,12665,2343,6220,1478,5495,5532,8505"
7078,7078,"6220,13296,2343,12470,4413,12665,3428,3509,5545,5495"
7109,7109,"8235,7024,13296,6220,89,11403,2218,12606,9570,7707"
7118,7118,"3340,5549,2789,2140,12606,5303,8421,9306,560,10340"
7129,7129,"7120,1290,3697,10464,5859,10147,5874,8567,8290,10607"
7133,7133,"6220,13296,12470,2343,4413,3509,9410,3428,4798,12665"
7139,7139,"9344,6383,6150,516,9375,9607,899,3604,12191,9408"
7142,7142,"4798,6326,3950,4117,12665,5303,10916,10326,10835,13346"
7146,7146,"2343,6220,10835,5999,12665,1017,11289,6834,10326,3950"
7172,7172,"3515,5549,8235,6971,5292,4277,5762,9148,7356,11403"
7181,7181,"6220,2343,13296,4413,3428,5866,3950,544,12665,9729"
7195,7195,"851,9580,4277,9799,1776,6971,12990,2140,4798,8161"
7197,7197,"8235,11403,8590,7948,11751,7832,11931,8681,121,6971"
7203,7203,"1290,7120,2916,10607,4929,10663,4576,296,6610,5135"
7223,7223,"4117,12793,2140,5999,5303,8922,2567,2990,6971,8590"
7235,7235,"2969,12858,1290,8135,4216,3998,3429,10206,7120,11327"
7236,7236,"7120,296,6576,9295,10137,10389,10607,12869,10663,12497"
7237,7237,"11298,7120,1558,10607,2916,4929,1290,4576,1244,3222"
7255,7255,"8161,8235,2291,12990,12680,6515,5303,10340,7063,851"
7297,7297,"9942,5495,11289,5999,1978,89,3870,769,2305,4602"
7320,7320,"4798,4117,9799,11622,5303,13346,12026,10835,12857,6326"
7323,7323,"6220,12470,13296,4413,3509,2343,11403,89,5545,5495"
7326,7326,"8413,4798,9799,6326,2218,8421,11622,12026,1996,12857"
7343,7343,"4117,12857,5999,5303,4798,13346,11622,2140,9799,12026"
7363,7363,"5999,2343,10835,11289,6220,12665,1478,5495,1017,8505"
7364,7364,"851,8421,6515,2140,11282,4798,9580,3770,7578,11396"
7366,7366,"5149,13346,8421,10326,2218,3491,2343,4266,12842,10949"
7372,7372,"9799,8421,11622,4798,5303,851,12857,6971,12331,6326"
7399,7399,"4698,9937,5149,8981,6892,2020,1487,8703,6445,5663"
7402,7402,"851,8421,9580,4277,6971,9799,1776,2140,7833,12990"
7406,7406,"6220,13296,12470,2343,4413,3509,9410,11403,4798,3428"
7421,7421,"6326,9072,4277,10326,8562,2343,4798,3428,13296,3870"
7425,7425,"1290,13309,4929,10336,10663,5429,6243,4625,3070,3298"
7431,7431,"851,6971,8421,9799,12990,2140,4277,12026,1776,7833"
7447,7447,"8235,8822,4277,7715,2343,8188,89,11931,646,6326"
7451,7451,"5976,12339,3487,8703,1156,9750,5149,2870,7064,8981"
7453,7453,"987,1012,589,12660,10464,5636,3487,7120,3539,6697"
7456,7456,"1290,9962,789,4929,7120,10607,10663,3697,2916,13309"
7484,7484,"7120,1290,6433,9203,8922,7679,4723,16,10100,13291"
7486,7486,"11622,4798,9799,12857,851,8421,5303,12331,12990,4865"
7505,7505,"3487,6697,5976,1491,11403,7120,9571,12660,9689,779"
7529,7529,"6971,851,9799,8421,2140,12990,12026,331,4277,1776"
7532,7532,"1290,7120,2916,10607,4929,10663,5135,1779,11298,4576"
7548,7548,"8235,7948,8590,11931,2343,121,11403,11691,6971,8681"
7550,7550,"4935,11917,11461,12507,5105,1377,1210,4641,2034,6640"
7557,7557,"350,7480,12191,10678,6118,716,13407,5020,12647,8703"
7574,7574,"1290,4929,7120,6243,10663,3697,2916,12030,5135,13101"
7586,7586,"5976,7725,9083,3487,551,6893,1863,1669,7120,779"
7592,7592,"7480,8276,12898,6690,350,12191,9482,13407,516,12647"
7594,7594,"12665,11403,121,8235,8681,2343,1220,8590,13296,11540"
7600,7600,"769,2343,89,275,9942,1978,3870,5495,8922,1404"
7601,7601,"12026,6971,2140,2789,8235,8590,6326,2218,8421,5303"
7642,7642,"2343,4036,8608,89,1290,8607,2990,9140,5532,7792"
7647,7647,"6220,13296,2140,4388,5545,5532,6971,10835,1598,4413"
7650,7650,"13346,275,2343,89,454,2990,13110,1978,914,2218"
7660,7660,"2969,1290,3697,7120,12858,5135,296,4890,8135,3998"
7682,7682,"2343,8235,8822,6326,4277,6220,11931,13296,7948,8562"
7712,7712,"13296,6220,2343,10835,4413,3950,4388,3428,8608,5545"
7728,7728,"8235,4715,2343,275,8922,544,13112,8188,89,3515"
7763,7763,"13346,5149,11384,8421,2343,8483,5642,12857,13110,10326"
7764,7764,"4277,6326,4798,10326,10916,3950,8562,10063,3870,13346"
7765,7765,"11024,11299,5135,1891,1290,12995,12869,12903,4024,9101"
7768,7768,"7706,7024,13296,6220,8922,7707,11103,9799,1487,12606"
7776,7776,"1290,7120,10464,7769,589,2784,1012,9962,1334,9295"
7834,7834,"851,8421,9580,2140,4798,4277,11843,13114,10326,8161"
7850,7850,"4798,12665,6326,10916,4679,13346,8562,10835,5999,1978"
7860,7860,"11298,1290,5135,9962,544,4036,12903,11299,286,10607"
7879,7879,"8421,2789,4798,12331,2140,10326,6971,6515,9799,12990"
7892,7892,"8135,2969,1290,296,3697,6576,869,11471,10607,7120"
7895,7895,"8703,4250,2020,11615,6638,5976,9564,1062,10693,1945"
7901,7901,"13296,6220,4388,10835,2140,4413,3950,5545,2343,5532"
7922,7922,"2343,6220,12665,11289,4413,1478,6834,5999,10835,5545"
7927,7927,"2140,6220,13296,8590,5303,4388,12793,4602,5545,6971"
7931,7931,"4798,12990,3950,12665,8562,13346,6326,4277,1017,10326"
7938,7938,"2343,275,89,13346,769,1978,9942,3340,12665,6433"
7942,7942,"2343,13296,6220,4413,12470,5545,12665,5495,3950,3509"
7964,7964,"6220,13296,2343,4413,3428,5866,3950,544,12665,9729"
7982,7982,"12857,8562,2218,9072,7707,10326,3870,5495,646,3428"
7988,7988,"1290,5135,4163,11298,7120,4929,1779,1851,10607,1558"
7992,7992,"12026,6971,2140,5999,12579,8235,2218,5303,11784,6326"
8005,8005,"12026,6971,5999,2140,6326,2218,5303,11784,12579,3340"
8019,8019,"3567,3464,7681,13071,6201,13426,2295,786,10919,10009"
8026,8026,"8235,11384,11403,12665,6529,3257,11288,8205,8681,11000"
8028,8028,"2343,13296,6220,4413,10835,3950,3428,1978,5545,544"
8085,8085,"4277,6326,8235,10326,89,8822,11969,9799,9164,3870"
8103,8103,"6220,13296,11403,89,4413,8235,5495,12470,3509,7024"
8108,8108,"2670,12758,1583,5642,9453,6383,438,8562,1912,9340"
8137,8137,"717,10106,2218,12515,8483,2670,9306,5618,11622,3295"
8138,8138,"8562,1082,12177,6141,2670,12665,12990,6325,349,13403"
8139,8139,"2789,12026,8421,3340,5303,11357,6971,1408,785,12606"
8148,8148,"6220,13296,2343,4413,3428,12470,5866,12665,3950,544"
8150,8150,"8235,11384,823,12857,11288,8699,4715,11403,6089,9937"
8160,8160,"1290,11298,7120,9500,5691,2916,789,9962,9673,9732"
8175,8175,"6220,13296,2343,4413,3428,5866,3950,12665,544,12470"
8191,8191,"1290,7120,10137,10389,11298,10102,9732,4576,10581,2916"
8198,8198,"6971,851,8421,9799,12990,2140,4277,12026,1776,331"
8202,8202,"1290,4163,1779,1558,4216,2957,2916,6610,11024,9732"
8233,8233,"8235,11931,11050,6971,3055,11691,2343,7948,7832,7356"
8251,8251,"6515,8421,2140,11282,851,4798,3770,9580,6971,11396"
8252,8252,"4277,9164,9799,6326,3870,10326,8235,3950,10916,8562"
8265,8265,"2140,12793,5303,8590,6220,10326,4315,4602,8505,4277"
8267,8267,"1261,10102,10229,8871,9607,10220,4803,4029,3570,350"
8268,8268,"6220,11403,13296,89,4413,12470,8235,5495,3509,5875"
8294,8294,"4798,6326,4277,10326,3950,10916,8562,1978,13346,10224"
8299,8299,"1290,4929,7120,789,3697,2916,10663,12030,13101,6243"
8302,8302,"5303,2140,2789,8235,6515,2291,7063,6971,12944,7024"
8303,8303,"5135,789,1290,4929,3697,10336,9866,11117,12497,9671"
8323,8323,"11615,12665,544,3799,2343,2799,3138,3919,13044,12606"
8327,8327,"1290,10663,6591,10389,296,2874,89,3273,13309,4929"
8331,8331,"12793,2140,5303,8590,8922,4315,4277,4117,2789,6220"
8332,8332,"5135,2969,1290,544,10137,7120,1554,9730,1851,6811"
8334,8334,"5303,4117,10835,5532,2580,12665,5999,4798,560,4679"
8337,8337,"1290,10464,4036,7120,1220,10663,89,2567,10607,4576"
8341,8341,"4798,6326,3950,12857,10326,3870,1978,8421,12990,9072"
8361,8361,"8703,5149,7637,8981,9564,12663,3487,5631,6474,5976"
8369,8369,"2670,4890,2969,9375,12348,3998,5006,8135,438,8554"
8378,8378,"2670,12758,6197,13044,84,1933,13403,6383,1912,1082"
8407,8407,"4163,1558,4216,2957,1779,10389,1290,13431,4940,9732"
8419,8419,"10607,11298,1290,7120,2916,4929,12995,9962,1558,5135"
8424,8424,"8703,4430,7138,12723,10462,1156,10274,12134,4321,8717"
8425,8425,"2670,12758,12600,10159,1583,4012,6448,46,11000,7609"
8438,8438,"1290,4929,7120,5135,789,3697,2916,10663,12497,13101"
8447,8447,"2140,8421,2218,2169,10326,5866,7715,10262,12990,316"
8458,8458,"5731,5303,7024,2218,2140,7383,3870,7715,8071,1421"
8463,8463,"2343,6220,13296,10835,4413,3950,5545,8608,3428,1978"
8471,8471,"4117,11622,2140,13346,5999,2789,12793,2990,5303,8922"
8472,8472,"1290,7120,12858,10137,10102,1779,10389,7494,7349,11298"
8477,8477,"4798,12026,5866,8421,6220,7558,5610,6326,10326,12857"
8478,8478,"7024,6638,6529,8235,1378,11403,9229,1225,5149,329"
8483,8483,"1290,5135,10607,4929,9962,789,7120,10663,3697,2916"
8496,8496,"6326,4277,2343,10224,10326,3870,12944,8562,3950,9942"
8497,8497,"13346,2343,5642,275,2218,13110,3340,12665,2990,12053"
8501,8501,"12793,4117,8922,5303,2140,8590,2990,4277,4315,2789"
8506,8506,"6220,11403,89,13296,8235,7024,4413,5495,2218,9799"
8520,8520,"4798,6326,12990,8421,12857,10326,12385,8562,3950,1017"
8524,8524,"11024,12995,11299,12903,1891,1290,3148,2270,3427,4024"
8531,8531,"2343,6220,13296,4413,12665,5545,3950,10835,11289,3340"
8556,8556,"4277,9072,2343,6326,8562,10326,13296,3428,89,12793"
8579,8579,"12858,4216,2969,1290,1558,4163,9491,1879,8482,7120"
8585,8585,"6220,13296,2343,4413,3428,5866,3950,12665,544,12470"
8591,8591,"6220,13296,12470,11403,89,4413,3509,5495,9410,4798"
8592,8592,"3697,1290,4929,7120,789,2916,10663,4387,9962,6243"
8596,8596,"9072,8562,4243,4277,3428,6971,12793,12857,13296,217"
8598,8598,"4798,5303,12665,5999,4117,10835,560,5532,2580,10326"
8608,8608,"1290,7120,5135,10663,3697,789,12497,9962,9295,4777"
8610,8610,"1290,7120,5135,2916,11298,10663,9962,4929,10389,789"
8617,8617,"11298,1290,10607,7120,5135,9962,1977,13309,12903,2916"
8621,8621,"6638,11615,7327,8703,7715,2020,5996,8188,6311,652"
8629,8629,"4117,12793,8922,5303,2140,8590,2990,4277,2789,6971"
8649,8649,"7024,5495,8235,5303,7715,3317,1290,2218,3870,3515"
8652,8652,"3697,4929,9962,6243,4036,7306,1400,7120,8567,13309"
8714,8714,"2670,7120,5303,10106,717,12515,1834,5962,10195,2218"
8718,8718,"6220,13296,12470,11403,89,4413,3509,5495,9410,4798"
8733,8733,"11024,1290,11299,5135,12995,12869,1891,4024,12903,12655"
8734,8734,"6220,8235,11403,89,13296,7024,4413,5495,2218,9799"
8754,8754,"6220,13296,2140,5532,4388,10835,5545,4413,8590,4602"
8771,8771,"5149,9937,4698,6892,7706,558,11103,5387,8235,9668"
8791,8791,"11615,13112,8188,6962,652,4865,4715,544,2094,2461"
8794,8794,"12857,8235,8421,11384,2903,560,646,7715,10326,6925"
8797,8797,"11931,11403,121,8235,13274,8590,11691,7491,2343,6220"
8804,8804,"4798,3950,6326,12665,13346,10326,10916,4679,1978,1017"
8809,8809,"2255,1447,8562,6638,11403,7881,1862,349,11639,7392"
8823,8823,"1290,7120,10607,4929,5135,2916,10663,11298,9962,789"
8833,8833,"4277,12990,4798,8562,10326,12857,9455,8421,2140,13346"
8835,8835,"1290,5135,12869,1891,11024,6811,10663,286,9962,11299"
8840,8840,"2291,8161,7063,8235,851,12680,12990,8169,12104,5303"
8842,8842,"5149,11615,9532,10326,2343,3138,7792,1863,3088,11247"
8860,8860,"1290,12858,7120,10389,2171,10102,9156,6875,2989,7679"
8866,8866,"5999,4117,6971,2140,11357,2567,6982,5303,12026,11622"
8877,8877,"350,7480,12647,6778,13407,7447,5020,12191,9498,6118"
8887,8887,"12857,9072,2218,8562,2140,10326,10608,2343,3428,646"
8895,8895,"4277,6326,4798,10916,10326,3950,8562,13346,3870,9164"
8907,8907,"5135,1290,9962,7120,4929,10663,789,2916,11298,3697"
8921,8921,"9072,8562,12793,4277,2343,10326,217,6326,13296,6971"
8928,8928,"9730,3464,5760,6629,10009,173,1141,162,1290,2710"
8936,8936,"12793,8922,5303,2140,8590,4117,4315,4277,2990,2789"
8965,8965,"2343,6220,12665,11289,5999,10835,4413,5495,1017,8505"
8971,8971,"11403,13274,2343,121,6220,9404,11931,13296,8562,8188"
9000,9000,"1290,4163,1779,2916,6610,2957,4216,1558,11024,9732"
9023,9023,"2343,6220,13296,10835,4413,3950,5545,12665,1978,3428"
9025,9025,"8421,4798,10326,2140,6971,12990,6220,2218,5866,12857"
9031,9031,"9306,10340,8161,5549,5303,8235,7356,13121,9358,8076"
9045,9045,"1290,10389,296,10663,2916,789,6591,11298,4929,10607"
9053,9053,"1945,8703,1062,11615,9564,5976,10827,3138,1933,13403"
9054,9054,"5999,5303,11289,4117,5532,10835,5495,12665,560,4798"
9060,9060,"8235,5387,7024,9937,5149,7706,11403,7487,6742,4698"
9063,9063,"13296,6220,2343,10835,4413,3950,4388,3428,8608,544"
9071,9071,"275,12575,89,13346,11384,13306,8562,5855,1978,1180"
9078,9078,"5999,6971,4117,2140,11357,9504,12026,2905,6982,12990"
9101,9101,"6220,13296,11403,89,12470,4413,5495,3509,8235,9799"
9108,9108,"13296,6220,10835,4388,4413,3950,2343,2140,5545,5532"
9110,9110,"3911,8562,6659,6448,1029,10431,9453,1377,4100,12029"
9114,9114,"5135,296,10137,2969,9730,544,1290,7120,4576,4929"
9144,9144,"1290,12869,1891,11024,7120,10464,4929,2916,11969,6811"
9172,9172,"9564,3088,7637,7120,1487,1400,12837,12660,13228,7706"
9185,9185,"5976,3487,13296,779,1156,8997,11403,13376,10825,6268"
9190,9190,"4117,5999,2140,12793,5303,8922,6971,2567,8590,2990"
9193,9193,"13296,6220,2343,10835,4413,3950,4388,8608,3428,5545"
9198,9198,"2789,8421,4798,2140,6971,11384,12990,10326,6515,5303"
9200,9200,"7120,1290,789,13101,6322,2567,2140,10663,5135,8441"
9201,9201,"4163,1558,4216,2957,1779,10389,1290,3464,13431,9732"
9204,9204,"8703,4430,5976,1487,1062,12704,9083,3138,4691,9668"
9215,9215,"7120,1290,5573,4387,4929,6971,789,11117,6660,8567"
9222,9222,"1290,4929,7120,5135,13309,3697,9962,4036,10663,7306"
9233,9233,"6326,12857,8483,2343,9072,13296,4798,3428,13346,6220"
9235,9235,"12623,5976,8710,3487,3464,8997,3148,1290,6671,13296"
9245,9245,"789,1290,4929,7120,3697,2916,10336,10663,9866,13309"
9275,9275,"8235,6220,7024,89,13296,11403,2218,4413,5495,12606"
9308,9308,"7024,8235,6220,13296,8922,7706,89,11403,12606,2218"
9323,9323,"12857,350,2343,8681,1220,13296,8483,6220,12665,8562"
9329,9329,"3950,12665,6326,13346,10916,4679,10326,8562,1978,1017"
9355,9355,"4798,12857,11622,13346,12990,9799,8562,6638,8421,8413"
9369,9369,"8421,4798,2218,1996,9799,12857,4277,10326,12990,13296"
9386,9386,"8235,6220,11403,89,7024,13296,2218,5495,4413,12606"
9388,9388,"8421,13346,9532,5149,3384,13110,6925,13115,5545,4266"
9401,9401,"1290,5135,4929,10607,789,7120,9962,10663,296,2916"
9418,9418,"2343,6220,5545,13346,5642,3950,4413,7723,13110,12665"
9433,9433,"3055,2218,2140,9937,9072,4277,7707,12668,5495,1290"
9440,9440,"4798,12857,4679,13346,5303,8562,4117,12990,12665,851"
9446,9446,"13044,11615,12665,12758,5149,544,5642,10429,11000,5555"
9464,9464,"8235,7024,6220,11403,13296,89,2218,12606,9570,9799"
9477,9477,"6971,2140,5999,12990,9799,331,12026,9504,8421,851"
9488,9488,"2969,1290,7120,3697,296,8135,6576,869,9866,5135"
9500,9500,"4798,5303,12665,10835,4679,4117,5999,12857,13346,2580"
9502,9502,"275,2343,12665,544,9693,13346,5642,769,9937,3515"
9507,9507,"8235,7024,6220,11403,89,13296,2218,12606,5495,4413"
9528,9528,"7120,5135,11298,10607,2916,9962,10663,4929,10389,13309"
9539,9539,"851,8421,4277,9580,9799,1776,12990,6971,4798,2140"
9566,9566,"12995,11024,2270,10326,3427,1843,3148,4576,5414,9960"
9575,9575,"6383,1912,12191,8562,4100,8421,6659,12025,350,3911"
9583,9583,"6326,2343,9942,3870,8922,1978,4798,10224,89,2411"
9589,9589,"12793,2140,5303,8590,6220,4277,8922,10326,4315,2789"
9591,9591,"851,8421,9580,2140,4277,13114,11843,4798,1776,8161"
9617,9617,"1863,2218,9532,5149,3088,2287,12265,13115,9942,9083"
9620,9620,"1863,9532,2218,5149,13115,3088,8421,12265,6925,11615"
9622,9622,"4117,5999,2140,6971,2567,12793,5303,8922,8590,11357"
9631,9631,"7220,3464,7047,3567,7681,162,5760,10009,13071,1317"
9655,9655,"7706,11103,8922,13296,6220,7707,1487,8703,7637,2327"
9658,9658,"2670,9375,8135,2885,2969,6383,2989,5006,4890,10229"
9660,9660,"4163,1558,1290,4216,2957,1779,6610,11024,10389,13431"
9669,9669,"6322,1290,2140,7120,2916,6846,8277,12200,10663,11213"
9672,9672,"8421,2789,6971,2140,11384,10326,8590,4798,2990,12331"
9684,9684,"4158,4832,12339,4080,1948,11461,840,1328,6640,3733"
9702,9702,"10464,1290,9962,8284,7120,10663,789,3697,9295,4036"
9705,9705,"1290,4929,7120,13309,3070,10663,6243,5135,10336,8590"
9722,9722,"1558,11298,10607,12995,3222,2916,7120,1036,1290,9932"
9732,9732,"11298,1290,13309,9962,3464,1977,11024,12903,12096,10389"
9781,9781,"6220,8235,11403,89,13296,7024,4413,5495,2218,9799"
9803,9803,"4117,12793,2140,5303,8922,5999,2990,8590,2567,6971"
9809,9809,"12758,10326,9938,8590,5642,9616,7087,8445,5149,4054"
9814,9814,"851,8421,6971,9799,4277,9580,1776,2140,12990,7833"
9818,9818,"2218,2140,7707,8421,10326,9937,7715,13310,5866,12857"
9820,9820,"4798,11622,12857,9799,851,8421,6638,5303,12990,4277"
9848,9848,"769,2343,9942,89,8922,3870,1404,1978,10224,5495"
9856,9856,"13296,11403,89,4413,12470,5495,8235,3509,9799,2218"
9869,9869,"12026,6326,2218,6971,8608,2140,3870,4388,5999,4895"
9889,9889,"2218,7715,5303,2140,5999,3870,6971,7024,9937,3515"
9923,9923,"4798,4277,12857,8562,6638,12990,13346,9799,4679,11622"
9929,9929,"5303,5532,4117,8590,10835,560,5999,2580,10326,2140"
9961,9961,"2580,1290,2896,4028,12623,9101,7619,3171,12352,7454"
9969,9969,"4277,12990,10326,8562,4798,9455,2140,8421,6326,13296"
9974,9974,"4158,4832,12339,840,1948,4080,5822,1328,3733,6640"
9976,9976,"4152,10201,6659,6018,1328,7756,3509,9742,6549,4576"
9989,9989,"9072,8235,12665,2218,7948,8681,6971,8562,3908,6742"
9993,9993,"8235,9937,11384,12857,4715,12470,6529,544,861,129"
10002,10002,"4036,9941,9831,12073,3222,544,6758,4545,194,8978"
10011,10011,"1290,4163,1779,2916,1558,4216,2957,6610,11024,9732"
10016,10016,"1290,6971,7120,10464,10147,10241,393,3697,5650,4277"
10028,10028,"9306,13121,7356,11622,11751,11368,8562,5303,12665,6433"
10029,10029,"13296,6220,4388,2140,10835,4413,5545,3950,5532,1598"
10033,10033,"7063,8922,8520,976,8452,2291,5303,7637,1872,7024"
10042,10042,"6971,5999,2140,6326,8235,2218,11784,5303,12579,3340"
10046,10046,"2140,6220,5532,8590,5303,10326,4602,8505,10835,5545"
10061,10061,"11931,12944,8235,13274,7491,11403,11691,121,2343,12662"
10071,10071,"13296,6220,2343,10835,4413,3950,4388,3428,8608,5545"
10084,10084,"12857,2140,10326,8421,2218,12990,4277,8562,9072,7707"
10091,10091,"4798,5303,4117,12665,10835,4679,5999,13346,2580,5532"
10102,10102,"4036,4929,9962,5135,13309,1977,8567,3697,7306,10663"
10104,10104,"6220,2140,13296,4388,8590,5532,5545,4602,10326,5303"
10121,10121,"7120,1290,13101,789,2567,6456,10663,10336,4250,4387"
10131,10131,"2343,13296,6220,4413,3428,3950,544,5866,12665,5545"
10134,10134,"2855,316,13121,9306,4865,2140,7558,3064,2169,9937"
10139,10139,"1290,7120,5135,2916,789,4929,3697,10663,9962,12497"
10144,10144,"4798,6326,3950,1978,10326,10916,13346,8562,4277,12665"
10155,10155,"9799,8421,2218,6326,12331,6971,12026,4798,8413,11622"
10168,10168,"7120,1290,10464,6971,3334,12652,3487,1747,11144,13191"
10178,10178,"2343,4036,7792,2806,4718,9532,10100,5184,9941,9585"
10186,10186,"13346,1978,89,275,2990,12665,4413,914,13110,13296"
10190,10190,"2343,6220,12665,4413,5545,3340,11289,3950,6834,13296"
10194,10194,"2343,13296,6220,4413,3428,3950,544,5866,12665,5545"
10196,10196,"13346,275,2343,5642,454,12053,2218,12665,1180,1574"
10215,10215,"8161,12990,5303,2291,2789,12680,6515,10340,851,8421"
10218,10218,"2343,89,914,1978,275,13110,2990,4413,1574,13306"
10251,10251,"7706,8703,7637,11103,8981,5149,12663,6474,1487,8922"
10252,10252,"7120,1290,3697,10137,7590,296,9295,789,2916,2969"
10262,10262,"13296,5976,2242,3444,1156,3487,10825,3467,558,3464"
10266,10266,"7024,11403,8235,12665,3317,8205,6529,5495,3257,7340"
10271,10271,"2343,275,13346,769,12665,2559,5642,3340,454,544"
10277,10277,"12793,8922,5303,2140,4117,8590,4315,2990,4277,2789"
10282,10282,"12990,4277,8421,2140,8562,10326,12857,4798,9072,5386"
10286,10286,"1290,4929,7120,5135,789,3697,2916,10663,6243,12030"
10305,10305,"8922,89,8235,2343,11886,1404,3870,275,646,2411"
10309,10309,"4929,1290,3697,4387,7120,10663,4777,2784,2286,12021"
10335,10335,"1290,5135,7120,10607,9962,10663,4929,11298,2916,789"
10340,10340,"11024,1290,12655,3222,5135,11299,4024,9101,12995,11298"
10375,10375,"13296,2343,6220,4413,3950,3428,10835,544,4388,5545"
10388,10388,"2789,8421,11180,5549,10462,2140,10340,6515,9306,12990"
10397,10397,"851,8421,9799,6971,4798,1776,12990,5303,2140,4277"
10402,10402,"4277,9072,2140,10326,8562,12990,12857,9455,6326,3428"
10407,10407,"13346,2343,2990,13110,1978,4413,275,5642,2218,12665"
10408,10408,"6326,12026,8413,11622,13346,4430,9443,5999,2140,4117"
10416,10416,"2140,12793,5303,8590,6220,4602,6971,10326,4277,5545"
10448,10448,"6638,11615,8703,5976,1945,4250,10141,10693,6311,9564"
10454,10454,"2343,13296,6220,4413,5545,12665,12470,3950,5495,1978"
10499,10499,"6971,2789,2140,8590,12026,8421,2220,5303,8235,2218"
10503,10503,"6220,13296,12470,4413,2343,3509,11403,9410,4798,3428"
10504,10504,"12470,4572,544,8308,11314,4036,2270,5672,6220,12449"
10508,10508,"6971,6220,12026,2218,8421,1017,5866,4332,8413,10326"
10514,10514,"11931,8235,8822,12944,11969,7491,11050,11691,2343,12662"
10526,10526,"4798,4679,12665,5303,10835,12857,13346,4117,8562,5999"
10540,10540,"9306,2670,2218,2140,5303,13254,11622,7411,717,6641"
10542,10542,"13296,6220,2343,10835,3950,4413,4388,5545,8608,3428"
10551,10551,"9072,2140,8562,4277,12857,10326,12990,6971,4243,12793"
10554,10554,"7120,3509,1290,10464,6971,12666,8188,5996,3487,12038"
10555,10555,"7637,8703,8981,12663,5149,9564,6474,7706,11103,9668"
10556,10556,"8421,9799,4798,2218,1996,12331,4277,5303,12857,4679"
10562,10562,"2789,8421,4798,11384,10326,2140,12990,8590,6971,5303"
10575,10575,"1290,2916,7120,1779,10607,6610,4576,4163,11024,9732"
10576,10576,"9799,8421,851,4798,5303,6971,6326,2140,12857,1776"
10582,10582,"10835,13296,5532,2343,4413,3950,5545,8590,4388,10326"
10584,10584,"11403,11384,12665,8235,11288,8681,3317,8205,8671,12382"
10606,10606,"11931,8235,8822,12944,2343,11691,6220,11969,12662,5545"
10611,10611,"5532,5303,2140,10835,8590,6220,8505,4602,4117,560"
10613,10613,"4798,5303,4117,10835,5999,4679,5532,2580,560,12026"
10614,10614,"1493,8205,4451,9461,4413,2375,10106,4243,1746,4895"
10623,10623,"7024,7706,13296,6220,8922,8235,7707,9799,12606,11103"
10647,10647,"1290,7120,2916,10607,4929,1779,4576,6610,11024,10663"
10657,10657,"9072,8562,4277,2140,12857,10326,6971,2343,2218,3428"
10670,10670,"8421,2789,4798,2140,12331,10326,12990,6515,6971,13346"
10679,10679,"1290,1779,4163,2916,7120,11024,10607,9732,2957,4576"
10680,10680,"2140,6220,13296,8590,5303,12793,4388,4602,5545,6971"
10699,10699,"5495,12665,5999,6220,10835,10326,3870,3950,1664,6326"
10715,10715,"11639,350,8562,13296,12268,3733,8421,11182,9509,1029"
10720,10720,"2140,6220,13296,8590,4388,5303,5532,4602,5545,10326"
10735,10735,"6220,2343,13296,12470,4413,5545,3509,3950,5495,3428"
10742,10742,"6220,13296,2140,4388,5545,8590,6971,5532,1598,4602"
10744,10744,"12793,2140,5303,8590,8922,4315,4117,4277,2789,6971"
10747,10747,"6220,13296,2343,4413,3428,5866,3950,544,12665,9729"
10769,10769,"13346,2343,275,5642,2218,12665,3340,2990,12053,454"
10795,10795,"4117,12793,8922,5303,2140,2990,8590,4277,6971,2567"
10817,10817,"1290,2916,3697,789,13101,9962,6811,7120,4929,10464"
10819,10819,"8421,9799,4798,851,5303,4277,6971,1776,1996,12331"
10828,10828,"13296,6220,2343,10835,4413,3950,4388,3428,8608,5545"
10860,10860,"4798,11622,12857,4117,12026,851,13346,5303,9799,717"
10868,10868,"5976,13296,2242,3444,3464,1156,3487,11403,10825,6697"
10895,10895,"12857,10326,9072,2140,8562,4277,3428,89,4798,3870"
10900,10900,"8161,5303,7063,12680,851,8235,12990,7439,647,6588"
10912,10912,"3567,5760,3464,1317,6201,11334,13426,10009,5504,10739"
10934,10934,"7120,1290,4036,12665,4576,2343,89,10333,8684,10663"
10947,10947,"5999,4798,5303,4117,11289,5495,10326,12665,5532,560"
10950,10950,"851,8421,6971,4277,9580,9799,1776,2140,12990,7833"
10964,10964,"1290,7120,2916,10607,4929,4576,1779,10663,6610,11024"
10965,10965,"6220,13296,12470,11403,4413,3509,89,9410,5495,4798"
10968,10968,"2343,13296,6220,4413,3428,3950,12665,544,5545,9729"
10972,10972,"9164,12857,8235,13375,9799,8421,12990,2218,1017,2140"
10975,10975,"7120,1290,4929,5573,12474,6243,4387,10663,12497,4083"
11028,11028,"2343,9942,6326,1978,89,4798,5495,3870,13346,3428"
11030,11030,"6220,13296,12470,4413,2343,3509,11403,9410,5545,5495"
11044,11044,"6638,5149,329,1378,7637,2380,6529,11103,7024,9942"
11048,11048,"8922,2343,769,3515,8235,3870,9942,544,2411,5495"
11065,11065,"1290,6576,8135,2969,10607,296,7120,10137,12099,10663"
11085,11085,"1290,5135,9962,10607,789,4929,7120,10663,3697,13309"
11088,11088,"6971,5999,2140,9504,12990,12026,331,9799,11357,4117"
11100,11100,"7120,1290,10137,12858,9295,1779,10389,2969,9500,11020"
11102,11102,"11814,6141,11639,5642,8483,349,8562,9942,13346,10345"
11105,11105,"5303,4798,8922,13346,12857,2140,8590,5999,4277,9799"
11107,11107,"11615,3799,544,2799,8703,652,1945,4266,3138,12606"
11109,11109,"7391,9689,1290,13296,5976,1491,2242,6697,1012,11403"
11120,11120,"7120,1290,8608,2343,12369,89,10674,2567,5303,4413"
11121,11121,"4798,4679,12665,13346,12857,8562,12990,4277,5303,3950"
11133,11133,"5760,10441,7047,5105,6935,294,6011,6640,4935,6402"
11149,11149,"11639,13346,8421,8703,5124,7867,275,7138,4430,12857"
11152,11152,"1290,4111,11024,5135,4028,789,1334,9962,11298,4929"
11160,11160,"6220,13296,2140,4388,5545,5532,8590,10835,6971,1598"
11163,11163,"13346,2343,13110,2990,8421,914,1978,2218,275,13306"
11168,11168,"9455,350,1421,8421,11182,9408,4798,11639,3733,12191"
11193,11193,"9072,8562,2140,4277,12857,10326,12990,6971,12793,3428"
11200,11200,"2287,13296,1863,2218,558,7707,2580,5484,3487,3127"
11210,11210,"7120,1290,4929,5573,6243,12474,10663,4387,4083,12030"
11215,11215,"9072,12990,8421,2140,6395,10326,12857,8562,4798,4277"
11219,11219,"5135,1290,9962,789,10607,4929,7120,10663,13309,3697"
11243,11243,"9937,8235,2218,7715,3055,7707,1180,10608,7048,1290"
11253,11253,"1290,7120,4929,10607,2916,10663,5135,296,789,3697"
11261,11261,"6220,13296,11403,89,4413,5495,12470,8235,3509,9799"
11280,11280,"5303,4117,2580,5532,5999,11843,8505,10835,8590,560"
11285,11285,"1290,5135,7120,10607,1554,11298,10663,10137,12869,9962"
11309,11309,"6326,4798,10224,4277,1978,3870,10326,3950,2343,9942"
11312,11312,"8235,13296,6220,5875,2218,13110,5545,4413,89,11403"
11314,11314,"12857,12665,9870,2380,3870,2218,3908,7707,89,8562"
11325,11325,"3635,8562,130,4152,3733,2989,13296,1029,350,11170"
11327,11327,"4250,6638,8703,11615,7327,1945,2020,9564,544,7707"
11359,11359,"6638,11615,7327,652,4865,8188,8822,10487,4277,11403"
11366,11366,"6220,2343,13296,3428,4413,5866,3950,544,12665,9729"
11368,11368,"1290,7120,5135,11298,2916,10607,9962,10663,4929,10389"
11371,11371,"2140,12793,5303,6220,8590,4602,6971,13296,4388,10326"
11376,11376,"11931,8235,11050,11691,6971,2343,12944,11969,3055,5545"
11377,11377,"4117,12793,8922,5303,2140,8590,2990,4277,2789,4315"
11383,11383,"5999,6971,8421,12990,9799,9504,2140,12857,12026,4798"
11416,11416,"4158,12339,1328,840,4832,4080,12898,2004,9370,5822"
11444,11444,"5135,10137,1290,11024,4576,4929,296,789,9348,10464"
11445,11445,"4117,5999,2140,12793,5303,8922,6971,2567,8590,4277"
11448,11448,"6220,13296,12470,4413,3509,9410,4798,3428,11403,12665"
11469,11469,"13296,6220,2343,10835,4413,3950,4388,8608,3428,5545"
11487,11487,"7120,10464,6971,2916,789,9920,11938,3509,2140,80"
11492,11492,"9072,12857,8421,8562,10326,12990,4277,7707,4798,5386"
11503,11503,"6220,13296,12470,4413,2343,3509,11403,9410,5545,89"
11504,11504,"13296,6220,2343,10835,4413,3950,4388,8608,3428,5545"
11515,11515,"6220,13296,2343,4413,5866,3950,12470,12665,544,5545"
11547,11547,"11615,4266,11247,12575,3799,2343,544,12842,1447,1165"
11552,11552,"13346,2343,3340,6641,11289,6433,2990,8413,2218,12665"
11567,11567,"4277,6326,2343,9072,8562,10326,13296,3428,89,6971"
11581,11581,"4277,2140,12990,8421,9072,10326,8562,12857,2218,1328"
11589,11589,"7120,1290,3697,8681,10464,3089,1598,7679,8922,6971"
11591,11591,"10464,7120,393,6971,1290,12666,3509,7679,4190,1747"
11595,11595,"1290,5135,7120,11298,10607,4163,4929,9962,10663,1779"
11604,11604,"851,6971,8421,9799,4277,9580,12990,2140,1776,7833"
11608,11608,"5999,5495,12665,2343,6220,9942,10326,769,5303,3870"
11627,11627,"4117,5303,8590,8922,5999,2140,4798,4277,9799,4315"
11646,11646,"5303,4117,4798,10835,560,5532,5999,2580,12665,4679"
11647,11647,"8235,5495,2903,7558,8505,3870,3340,6326,3317,8922"
11675,11675,"2343,6220,13296,4413,1978,12665,3950,5545,10835,11289"
11676,11676,"1290,11298,7120,10607,4576,6610,2916,10663,1779,9962"
11696,11696,"8703,11536,11336,12663,2020,2212,4391,661,9564,6218"
11700,11700,"7637,8703,8981,12663,5149,9564,6474,7706,11103,9668"
11722,11722,"4929,789,7120,1290,10147,9671,6243,10963,296,6991"
11754,11754,"13296,6220,2343,10835,4413,3950,3428,4388,544,8608"
11757,11757,"2343,6220,13296,4413,1978,12665,10835,3950,11289,5545"
11767,11767,"5387,9937,8235,7706,5149,4698,7487,6742,558,11403"
11773,11773,"2140,6220,12793,5303,8590,13296,4388,4602,6971,5545"
11777,11777,"2343,89,13346,275,9942,4602,5495,1978,3992,3428"
11778,11778,"1290,7120,5135,10607,4929,11298,4163,2916,10663,1779"
11788,11788,"7120,1290,4929,11024,1747,987,11298,6243,8567,1977"
11790,11790,"5549,4277,9148,6971,3515,7356,11403,8235,9358,4686"
11811,11811,"5135,1290,789,9962,4929,10607,7120,10663,3697,13309"
11837,11837,"1012,10464,1290,10205,987,9962,10648,9320,589,7120"
11859,11859,"7024,5149,8235,9937,6529,9942,7487,5387,11403,7948"
11865,11865,"4277,2343,9072,8562,89,10326,6971,6326,2140,8235"
11867,11867,"6383,8648,12025,8265,6659,2670,10680,13403,1912,10337"
11871,11871,"4929,7120,1290,4387,12497,10663,4977,12474,8302,10929"
11879,11879,"5135,789,9962,7120,2916,3697,10663,10607,13309,12497"
11880,11880,"4277,2140,12990,10326,12857,8562,9072,2218,8421,13375"
11908,11908,"4798,8421,2789,851,12990,2140,8205,6515,10326,8590"
11912,11912,"851,8421,9580,2140,13114,11843,4798,4277,1776,8161"
11925,11925,"11615,6638,4250,1945,13403,8703,5976,544,2799,7327"
11933,11933,"10326,8421,7792,12425,2287,5545,9532,8221,11384,5149"
11945,11945,"8703,7637,12663,8981,5149,9564,6474,5631,9668,11103"
11948,11948,"4117,5999,2140,6971,2567,11357,5303,12793,8590,8922"
11952,11952,"6515,2140,4798,11282,6971,8421,851,5303,3770,10326"
11957,11957,"2169,9937,1239,9799,4924,7707,10241,8717,12998,10274"
11959,11959,"8235,2343,8822,8922,646,6326,13296,89,6220,11886"
11967,11967,"8235,11403,7024,6529,12665,8205,4413,5495,13296,9339"
11969,11969,"8235,7024,7487,12668,11403,5387,5495,3317,9937,1022"
11970,11970,"2343,13296,6220,4413,3428,3950,544,5866,12665,5545"
11975,11975,"121,11403,13274,2343,6220,9404,11931,13296,7715,8639"
11995,11995,"13296,6220,4388,10835,4413,3950,2140,2343,5545,5532"
12002,12002,"11298,10607,1558,7120,1290,3222,2916,12995,4576,12903"
12022,12022,"1290,5135,10607,9962,7120,4929,10663,789,11298,13309"
12032,12032,"4832,12735,4256,11297,6659,6011,2541,2940,10739,1101"
12036,12036,"4576,1290,7120,10137,1558,1244,4664,10607,1779,6610"
12066,12066,"12793,2140,5303,8590,6220,4277,10326,8922,4315,6971"
12077,12077,"5135,789,9962,1290,4929,7120,3697,2916,10336,9866"
12078,12078,"4798,11622,12857,9799,851,8421,12331,12990,5303,717"
12084,12084,"2140,5303,2218,10608,7383,7024,1746,10241,4838,6980"
12089,12089,"6971,6220,8421,2218,12026,2140,2789,10326,9799,1017"
12106,12106,"1290,789,11024,4929,5135,4024,1779,2916,9348,12903"
12107,12107,"8703,5149,7637,8981,9564,12663,3487,5631,6474,5976"
12111,12111,"13346,8421,2343,3491,4266,2218,9532,5149,12842,11384"
12131,12131,"8235,10340,8161,12680,12990,5549,6515,5303,8421,2789"
12139,12139,"11615,9532,5149,1863,11247,4266,3088,3138,13115,12842"
12141,12141,"9306,10340,8161,5549,5303,8235,13121,560,7356,9358"
12144,12144,"5135,1290,4929,7120,3697,13309,2916,10663,9866,10607"
12150,12150,"2343,13346,12665,1978,275,4413,3340,2990,89,5495"
12151,12151,"12990,4277,8421,4798,8562,12857,10326,2140,13296,2218"
12162,12162,"6515,2140,11282,4798,8421,3770,6971,11396,851,1634"
12170,12170,"11298,4576,1290,1558,7120,12995,10137,10607,1244,6610"
12182,12182,"7706,8922,13296,6220,11103,7707,1487,7024,2327,8703"
12185,12185,"4798,6326,3950,10326,1978,10916,4277,8562,5999,13346"
12191,12191,"6971,12026,9799,6326,8413,2218,8421,2140,8590,2789"
12197,12197,"12857,6220,7063,3317,31,8235,1978,2380,6971,3870"
12204,12204,"11298,4576,1290,1558,7120,10137,1244,4664,7279,1779"
12229,12229,"769,2343,275,89,3515,544,13346,9942,5495,12665"
12231,12231,"1290,7120,4929,2916,10607,10663,296,5135,4576,789"
12234,12234,"1863,10023,6893,5976,13191,3799,3528,13403,11615,10835"
12238,12238,"8235,5495,2903,8922,12136,3870,12278,7558,9937,2411"
12242,12242,"544,3515,275,2343,9693,4715,12665,8922,6220,7707"
12260,12260,"8562,10835,5642,2255,13403,1862,2343,6659,1447,6383"
12262,12262,"13296,6220,2343,10835,4413,3950,4388,5545,3428,8608"
12281,12281,"8235,7948,2343,11931,8590,121,11691,6971,11403,13296"
12289,12289,"6220,13296,12470,4413,3509,3428,9410,4798,12665,11403"
12306,12306,"4277,8235,6326,8922,3870,89,11886,9799,5610,10326"
12326,12326,"6971,2789,2140,5303,7172,8421,2218,8590,8235,7024"
12337,12337,"8922,8235,11886,2882,1404,89,2343,13112,275,7715"
12355,12355,"1290,7120,10137,10389,11298,9732,2916,4576,9295,1779"
12371,12371,"5999,9942,5495,769,5303,2343,4798,11289,3870,1978"
12372,12372,"11615,275,544,10499,1513,12575,3799,5199,12911,2343"
12373,12373,"4158,12339,12898,4630,1328,840,2004,6391,1018,613"
12390,12390,"7120,4929,3697,12997,10663,4387,583,1400,11997,10202"
12405,12405,"13296,6220,2343,10835,4413,3950,3428,5545,4388,1978"
12407,12407,"12660,7120,1400,987,2870,12474,5636,589,6697,6342"
12408,12408,"6220,8235,11403,89,13296,7024,4413,5495,2218,9799"
12419,12419,"1290,4929,10663,296,869,7120,9671,6243,10147,8590"
12423,12423,"2940,4572,4399,5822,4507,11297,10352,10475,3069,704"
12426,12426,"2916,7120,1779,10607,4163,6610,11024,9732,2957,4929"
12452,12452,"6383,13403,9143,3127,13262,8562,1912,1933,4900,12025"
12480,12480,"11298,4576,1558,1290,12995,7120,1244,10137,4664,7279"
12530,12530,"8703,9207,10609,12104,2380,12665,589,2351,8717,9748"
12546,12546,"7474,6892,8981,2020,4698,7084,5149,2373,13249,7491"
12556,12556,"1290,7120,2916,10607,4929,4576,1779,6610,10663,11024"
12573,12573,"12758,9938,10326,13044,11000,5642,12600,5149,833,8981"
12592,12592,"5303,5999,5532,560,4117,10835,2580,11289,12665,8590"
12596,12596,"12758,2670,13044,10159,5642,12600,11000,9938,1583,10326"
12599,12599,"1290,10607,7120,11298,10663,4929,5135,2916,8302,789"
12615,12615,"1290,7120,4929,10607,2916,10663,5135,296,789,3697"
12618,12618,"5149,10326,5642,2343,13346,3491,9937,2218,3770,8421"
12624,12624,"2343,13296,6220,4413,3428,3950,544,5866,12665,10835"
12638,12638,"6971,851,9799,8421,2140,12990,12026,331,4277,1776"
12641,12641,"5999,5303,2140,8922,13346,12857,11622,8590,12793,4277"
12644,12644,"5135,1290,10137,1891,11024,4576,12869,7120,286,544"
12649,12649,"12026,3340,2140,11784,2789,5999,9306,5549,3506,8235"
12654,12654,"12191,6383,8265,13403,6659,10835,12990,12278,12858,9455"
12658,12658,"8235,12668,5495,3317,3908,7024,1290,2218,7487,3055"
12659,12659,"7120,3697,10389,10137,9500,10607,7308,8290,12497,4028"
12666,12666,"6383,6659,10835,13403,4691,5420,7881,10138,2255,8623"
12669,12669,"6971,2140,6515,5303,9744,11282,4798,8922,3770,6166"
12674,12674,"12857,4798,7558,2903,7715,11784,3340,3870,2140,6925"
12688,12688,"6659,4832,449,632,12191,9453,10352,11461,5760,5184"
12694,12694,"6220,13296,2343,12470,4413,5545,3509,3428,12665,3950"
12709,12709,"4277,2218,12990,10326,8562,12857,9072,3055,89,5022"
12712,12712,"851,8421,9580,2140,6515,4798,11282,11843,7578,10326"
12722,12722,"11298,7120,10607,2916,1290,4929,5135,1558,3222,13024"
12728,12728,"5149,8703,7637,9564,8981,5976,9937,1487,1669,2020"
12732,12732,"12793,2140,5303,8922,8590,4315,4117,4277,2789,2990"
12736,12736,"8421,4277,2218,12990,2140,12857,10326,4798,8562,9938"
12738,12738,"12793,2140,5303,8590,6220,4277,10326,6971,4602,8922"
12741,12741,"2140,12793,5303,8590,13296,4388,4602,6971,5545,10326"
12756,12756,"5731,7383,5303,4838,2140,6980,1421,10608,10241,2899"
12764,12764,"6220,13296,2343,4413,3428,12470,5866,12665,3950,544"
12768,12768,"7024,7706,13296,8922,6220,8235,7707,9799,12606,11103"
12773,12773,"8562,1421,350,11170,130,3733,13296,2989,479,4029"
12789,12789,"8421,851,4798,9799,4277,1776,12990,6971,9580,5303"
12790,12790,"1290,10137,12858,2969,3697,296,9295,6576,9500,13370"
12801,12801,"2343,13296,6220,4413,12665,3428,5545,3950,12470,7723"
12804,12804,"1290,4929,10607,2916,5135,10663,789,296,3697,9962"
12833,12833,"13296,2343,6220,4413,3950,10835,3428,544,4388,5545"
12846,12846,"7558,6326,12857,8505,8483,3870,12026,6220,3340,13346"
12855,12855,"8922,2343,3870,9942,6326,10224,4277,4798,89,1978"
12860,12860,"5303,4117,8590,5532,2580,5999,2140,560,11843,10326"
12874,12874,"2789,2140,6971,8421,12026,8590,6326,12331,9799,8235"
12875,12875,"4117,5303,8922,8590,4315,2140,12793,4277,2789,11843"
12877,12877,"7706,11103,8703,7637,8981,8922,1487,5149,13296,6220"
12883,12883,"8922,8235,2343,646,89,6326,4277,11886,3870,8822"
12890,12890,"7637,8703,8981,12663,5149,9564,6474,11103,9668,7706"
12919,12919,"11298,1290,10607,7120,5135,10663,2916,9962,8302,4929"
12927,12927,"6659,4609,5822,9623,10078,3505,4256,8673,130,6402"
12955,12955,"6220,2343,10835,13296,4413,8608,1978,4388,3950,3428"
12956,12956,"7024,8235,11403,7487,5387,9937,7948,5495,12665,9374"
12958,12958,"5966,5303,5731,10608,2291,2140,4838,2899,8703,3106"
12965,12965,"2343,6220,13296,4413,3950,12665,10835,5545,1978,3428"
12970,12970,"2343,5999,5495,1978,769,11289,4798,5303,10224,3870"
12996,12996,"8922,3870,8235,2343,9942,769,2411,89,6326,5495"
13000,13000,"13346,13110,8421,12470,13296,5545,2343,13306,2218,5875"
13017,13017,"11024,1290,5135,4024,3222,11299,12655,12995,12903,9101"
13019,13019,"8421,851,11843,4277,9580,10326,2789,9799,8161,5303"
13021,13021,"8703,2020,10678,6892,5663,9564,5636,4250,8981,8418"
13022,13022,"2343,4277,6326,12944,8562,13296,9072,10326,8822,9404"
13063,13063,"6166,7474,9937,13249,7491,4430,4698,8981,2140,10241"
13075,13075,"2916,9932,1290,1244,10206,10674,8562,8871,4576,236"
13076,13076,"2343,275,89,8922,9942,769,13346,4602,3515,544"
13101,13101,"5303,5999,4117,5532,560,11289,10835,12665,2580,4798"
13105,13105,"1290,7120,2916,10607,4929,1779,4576,6610,11024,10663"
13115,13115,"9937,10616,5199,4865,4924,2882,4111,13408,13070,12998"
13117,13117,"7120,1290,5135,4576,4250,789,5303,13101,89,10663"
13121,13121,"9799,6326,12026,2218,8413,11622,8421,12331,6971,4798"
13123,13123,"11024,12995,5135,11299,1290,12903,12869,10137,4576,9348"
13125,13125,"5303,5532,4117,2140,8590,11843,2580,10326,560,10835"
13147,13147,"6971,8421,9799,5999,12990,851,4798,9504,2140,12026"
13151,13151,"8235,11403,11288,646,2343,121,11000,6089,8562,11384"
13153,13153,"12990,9072,4798,10326,12857,2140,4277,8562,5386,6326"
13176,13176,"1290,2916,1779,4163,7120,10607,11024,4576,2957,6610"
13180,13180,"11931,2343,8235,13274,8822,7948,121,11403,6220,9404"
13192,13192,"2343,5532,4935,2806,7792,11484,2990,6659,2773,3507"
13194,13194,"6220,11403,89,13296,8235,7024,4413,5495,2218,9799"
13195,13195,"2140,4277,12990,8421,10326,2218,8562,9072,12857,7707"
13198,13198,"4798,8421,2789,12990,851,6515,8161,10326,5303,11843"
13231,13231,"12857,8235,3317,2903,11384,3340,10778,3870,11403,1978"
13234,13234,"8567,10241,2855,9405,7120,3089,9206,5558,1075,10100"
13240,13240,"10464,10648,9962,1012,8284,6220,10205,9320,1334,10336"
13273,13273,"5149,9937,11615,6043,7578,275,8421,9667,4576,9668"
13276,13276,"4117,4798,11622,5303,9799,12026,10835,5999,12857,13346"
13283,13283,"8421,2218,2140,10326,5866,6220,7715,2789,6971,7707"
13297,13297,"9072,8235,7948,2218,6971,8681,6742,10608,3055,1220"
13301,13301,"7706,13296,8922,6220,11103,7707,7024,1487,2327,9799"
13303,13303,"4798,6326,4117,3950,5495,7558,3870,11289,5303,10326"
13321,13321,"1290,7120,9405,9671,2916,9962,13309,3697,4929,11298"
13330,13330,"8703,5149,7637,8981,12663,9564,3487,5631,6474,5342"
13338,13338,"1290,7120,2916,10607,4929,1779,4163,5135,11298,10663"
13380,13380,"4277,8421,2218,12990,2140,12857,10326,8562,9938,4798"
13389,13389,"4929,1290,7120,6243,10663,12030,3697,5573,2916,13101"
13390,13390,"6971,2789,8421,2140,8590,2218,12026,12331,10326,9799"
13391,13391,"8135,4890,12903,4036,3998,296,2969,6591,1290,9730"
13401,13401,"4798,6326,3950,10326,1978,8562,10916,12857,7558,3870"
13403,13403,"1290,4413,10464,11601,3697,9962,5891,11846,6584,3401"
13407,13407,"8703,2020,5149,9564,6043,12663,8981,4698,2058,589"
13413,13413,"2506,8115,2734,3733,1987,7138,1716,1856,4576,11038"
13414,13414,"1290,7120,4929,2916,10607,10663,296,5135,4576,789"
13446,13446,"7637,8703,8981,12663,5149,9564,6474,7706,11103,9668"
13472,13472,"1290,2916,1779,4163,7120,6610,11024,4576,2957,10607"
13488,13488,"6971,851,8421,9799,12990,2140,12026,4798,4277,1776"
13502,13502,"1290,6243,5135,4111,4929,3070,7120,5969,5841,1747"
13507,13507,"1290,5135,6243,5969,3464,4333,4929,11298,9962,3070"
13512,13512,"5303,5532,5999,4117,560,10835,2580,12665,11289,8590"
13543,13543,"9799,8421,851,12990,12857,4798,4865,6971,4277,11622"
13572,13572,"7707,2218,9072,12857,2140,8562,13310,10326,3870,2380"
13595,13595,"7120,4929,10217,8567,1290,10464,4664,6359,9206,3089"
13599,13599,"6220,10835,8590,10326,5532,2140,1017,5999,8505,8413"
13608,13608,"6220,13296,4413,12665,10835,3950,11289,5545,1978,1478"
13609,13609,"4832,10352,1521,7563,11461,7973,6011,449,4097,711"
13630,13630,"9072,8562,4277,6326,12793,10326,2343,3428,12857,13296"
13635,13635,"2140,2218,8562,9072,8421,10326,4277,6971,12990,7707"
13645,13645,"2789,2140,8421,12606,5303,3340,6515,785,5549,10340"
13673,13673,"12665,11384,8681,2343,12857,11403,13346,5524,8483,8235"
13683,13683,"6220,13296,2140,10835,4388,5532,5545,4413,3950,4602"
13702,13702,"5149,9937,9942,7578,8293,9668,11103,2380,7637,8703"
13716,13716,"5303,5532,10835,4117,8590,560,5999,10326,2580,2140"
13724,13724,"10389,11298,10607,10102,11024,9500,4036,10663,3697,290"
13746,13746,"12026,6326,4388,3870,8505,89,6220,1978,3317,5999"
13752,13752,"8205,8235,8639,9306,2899,7024,89,12470,383,5731"
13756,13756,"5135,789,1290,4929,9962,7120,3697,2916,10663,12030"
13763,13763,"1290,10607,4036,10663,2916,9962,10102,11024,11298,10389"
13774,13774,"1290,10464,7391,10205,9320,10648,9962,4111,646,2242"
13776,13776,"7120,5135,789,4929,1290,5663,296,12497,10963,4387"
13786,13786,"1290,5135,10607,4929,7120,9962,10663,789,2916,11298"
13788,13788,"6220,13296,2343,4413,3428,5866,3950,12665,544,12470"
13791,13791,"4152,2989,4576,6659,1290,10389,10466,11298,3733,8871"
13810,13810,"7024,8235,6220,13296,11403,89,2218,12606,9570,9799"
13811,13811,"8421,9799,4798,5303,6326,1996,12331,2218,12857,4679"
13820,13820,"1290,4163,2916,1779,6610,2957,7120,4216,11024,1558"
13826,13826,"13296,6220,2343,10835,4413,3950,4388,8608,3428,5545"
13840,13840,"516,9491,5760,10974,9607,12507,5786,3674,5194,1385"
13841,13841,"2020,8703,6892,4250,4786,11615,1062,5996,11450,7784"
13852,13852,"6220,13296,11403,89,12470,4413,5495,8235,3509,5875"
13858,13858,"7637,4321,2058,4430,8847,7138,12723,10462,9667,10792"
13865,13865,"2580,13296,2287,5249,3077,4935,5337,2218,558,10326"
13871,13871,"4277,10326,12990,2140,12857,9072,8562,6326,10916,4798"
13877,13877,"8703,7637,5149,6638,13228,6040,2020,9083,11292,8981"
13905,13905,"851,8421,9580,6515,2140,11282,4798,7578,3770,11843"
13924,13924,"4929,10607,5135,7120,789,10663,9962,2916,296,3697"
13929,13929,"6892,8981,7084,9937,5149,4698,1634,7474,8421,13249"
13935,13935,"2343,12665,6220,11289,1478,4413,5999,6834,5495,10835"
13952,13952,"1290,7120,4929,2916,10607,10663,296,5135,4576,789"
13953,13953,"1290,10102,10137,7120,6812,6576,2989,10389,296,10581"
13962,13962,"9306,10340,5549,7356,5303,9358,8076,2670,8235,8161"
13965,13965,"6326,9072,4277,2343,10326,8562,13296,4798,3428,3950"
13966,13966,"6971,2140,9799,12990,331,5999,12026,851,8421,9504"
13974,13974,"1290,2916,7120,1779,4163,6610,10607,11024,4576,9732"
13982,13982,"7120,1290,5976,8710,3487,1747,6697,4250,10649,779"
13983,13983,"13296,2343,6220,4413,3950,3428,10835,544,4388,5545"
13987,13987,"1082,8562,4250,11639,6638,6141,6383,3127,13403,3500"
13988,13988,"1290,7120,11298,10389,4929,296,2916,789,10607,1036"
13991,13991,"4798,12857,4277,6638,12990,11622,9799,4679,13346,8421"
13995,13995,"5822,6011,4832,6640,840,9453,11758,5105,4029,6487"
13998,13998,"2855,2169,9937,4924,12998,13440,1239,9828,4104,8699"
14021,14021,"7706,7024,13296,8922,6220,7707,11103,9799,1487,12606"
14028,14028,"9938,2343,3138,10326,7792,1634,11001,6839,6902,6256"
14042,14042,"6220,2343,12470,4413,3428,3509,4798,9410,12665,5866"
14049,14049,"7637,8703,8981,12663,5149,9564,6474,7706,11103,1487"
14060,14060,"5303,8590,5999,5532,10326,2140,10835,4117,2580,560"
14061,14061,"12623,5976,8710,2580,1290,13296,9101,12722,10649,2242"
14067,14067,"8703,7637,5149,12663,8981,9564,6474,5631,9668,5342"
14079,14079,"4117,12793,5303,2140,2990,4277,6971,2567,6166,5999"
14089,14089,"11931,8822,12944,8235,12662,2343,13274,7715,11691,11969"
14097,14097,"851,8421,9580,4277,2140,1776,13114,6971,11843,8161"
14105,14105,"4163,1558,4216,2957,10389,1779,1290,13431,4940,3464"
14147,14147,"13296,6220,10835,4388,4413,3950,2343,2140,5545,5532"
14155,14155,"6220,13296,2343,4413,12470,3428,12665,3950,5866,544"
14168,14168,"4798,4277,12857,11622,8562,6638,9799,12990,13346,851"
14170,14170,"9344,6383,516,7480,8276,6690,9408,12898,12191,9482"
14173,14173,"4152,6659,1328,4832,10352,3509,7756,11461,7982,4576"
14174,14174,"13296,2343,6220,10835,3950,3428,544,4388,5545,1978"
14196,14196,"12995,11024,8978,10389,10137,4576,5292,12793,7287,12073"
14197,14197,"1290,1558,4576,11298,10607,2916,4929,12995,1244,10137"
14202,14202,"5135,7120,4929,10663,11298,10607,9962,1851,2916,1779"
14204,14204,"7637,8703,4205,13228,3506,10918,5149,9937,2020,1337"
14215,14215,"13296,6220,2343,10835,4413,3950,4388,3428,8608,5545"
14242,14242,"8235,8922,6326,9799,3870,4277,5610,6220,2411,4865"
14244,14244,"5999,2343,11289,12665,10835,6220,5495,1478,4413,1017"
14249,14249,"1290,4929,7120,10607,2916,10663,11298,789,5135,8567"
14250,14250,"9408,12321,8093,10685,613,3985,8054,4152,10257,12009"
14256,14256,"851,8421,9580,2140,6515,4798,11282,11843,7578,10326"
14258,14258,"1290,2916,7120,1779,4163,6610,11024,10607,4576,9732"
14280,14280,"5999,12665,6220,8413,2343,10326,5495,8590,10835,1220"
14318,14318,"10464,7120,10445,1105,2215,4414,2295,3384,7369,3697"
14325,14325,"6659,8112,4609,449,4832,4256,5561,5249,5760,899"
14328,14328,"6359,4929,10464,1290,13403,9203,9156,3697,10203,5859"
14329,14329,"769,275,2343,3515,544,89,9693,13346,12665,1404"
14344,14344,"12990,851,6515,8421,8922,2291,2789,11282,10340,9580"
14366,14366,"3697,7120,4929,1290,4387,6243,10663,9962,296,1400"
14421,14421,"9730,247,3464,11298,1290,4163,1779,5135,12903,13309"
14430,14430,"6971,8421,2140,2218,6220,10326,8562,9072,4277,12990"
14435,14435,"10326,4823,12425,13282,9036,5073,350,1570,5105,7454"
14472,14472,"12857,10326,2140,13375,89,8235,5338,10608,316,7715"
14501,14501,"1290,10663,10389,789,6322,4929,3057,296,2064,2874"
14509,14509,"8235,9937,7487,5387,12668,7024,9374,7948,11403,6742"
14516,14516,"3509,5996,12193,11615,3799,10023,3017,7709,6659,7120"
14521,14521,"5999,5303,11289,5495,10835,12665,560,8590,4117,1478"
14553,14553,"5976,1156,3487,3464,12339,1377,613,2870,4630,779"
14561,14561,"7024,8235,6529,12665,1378,5495,8205,13296,121,9942"
14562,14562,"8235,6326,9164,2411,8922,3870,6220,5495,6925,89"
14567,14567,"5999,5495,5303,9942,11289,3870,769,12665,2343,5532"
14575,14575,"6971,851,9799,8421,12990,2140,4277,12026,331,1776"
14581,14581,"12793,4117,8922,5303,2140,8590,2990,4277,4315,2789"
14627,14627,"10217,2670,6245,1747,5303,2370,11166,7457,2140,1228"
14634,14634,"2287,2580,5249,13296,5337,10326,5484,558,5073,1863"
14651,14651,"4117,5999,11622,2140,5303,12857,11357,2567,13346,12026"
14659,14659,"8235,3340,7558,11784,2140,3870,12026,2903,2218,5303"
14670,14670,"4277,10326,12857,2140,89,8562,12990,9072,13375,6326"
14684,14684,"1522,12665,10609,7682,9178,10925,12979,9763,11609,8703"
14691,14691,"3070,869,4036,6322,9156,9623,1290,10445,6243,8623"
14695,14695,"1290,4929,2396,789,10663,7904,5393,4111,1244,9156"
14705,14705,"9072,8562,4277,4243,3428,12793,6971,2343,13296,10326"
14711,14711,"12026,4777,1290,9564,640,11846,5962,544,2339,10663"
14723,14723,"8235,7948,9072,6971,2343,4277,8562,2218,1220,13296"
14739,14739,"1290,7120,2343,10648,8608,4036,10663,7339,2989,89"
14740,14740,"6971,2140,11282,4798,5303,8421,3770,2199,851,6166"
14743,14743,"6220,12470,13296,4413,11403,3509,89,5495,2343,9410"
14747,14747,"2343,13296,6220,4413,3428,3950,544,5866,12665,5545"
14748,14748,"8235,11403,12665,6742,7948,8681,8590,7706,7487,13296"
14764,14764,"6220,13296,12470,4413,2343,11403,3509,9410,4798,89"
14771,14771,"11615,3799,544,2799,4266,652,8703,12606,3138,2343"
14780,14780,"2670,6383,8648,10680,438,217,4621,9375,8265,3604"
14784,14784,"4158,12339,1328,1948,840,12898,4080,4832,2004,6391"
14785,14785,"7024,8235,6220,13296,11403,89,8922,2218,12606,7706"
14798,14798,"8235,7024,13296,2218,6220,89,7707,12606,11403,7983"
14801,14801,"6220,13296,12470,4413,2343,3509,11403,9410,4798,5495"
14803,14803,"13296,6220,2140,4388,10835,5545,4413,3950,5532,6971"
14821,14821,"4117,5999,2140,6971,2567,5303,12793,8922,8590,11357"
14832,14832,"10464,4414,1105,9693,10445,9969,13191,9671,3799,4563"
14833,14833,"8421,2343,13346,5149,4266,9461,3491,7578,9532,13115"
14853,14853,"851,8421,9580,2140,4277,13114,11843,4798,1776,8161"
14854,14854,"12758,2670,13044,10159,5642,1583,10429,3143,12665,12600"
14856,14856,"2343,7948,13296,4277,8562,6326,6971,8235,9404,3428"
14858,14858,"6638,8562,1082,4250,12177,4898,12990,7327,6141,1912"
14864,14864,"2140,5303,2218,6971,5731,12944,8235,8071,5819,7383"
14867,14867,"1290,11298,4576,7120,10137,1558,1244,4664,2916,9732"
14880,14880,"2343,1290,4028,10648,10389,9320,11024,2242,2990,10205"
14890,14890,"13346,275,89,13110,1978,1746,914,13306,2343,11384"
14892,14892,"13296,6220,4413,3428,3950,544,10835,5866,5545,12665"
14899,14899,"1290,7120,10607,4929,5135,10663,2916,11298,9962,789"
14904,14904,"6220,9410,89,12665,9799,12368,1290,4413,13296,3428"
14906,14906,"1290,2916,7120,10607,1779,4576,6610,4163,11024,4929"
14909,14909,"516,5760,9607,10974,9491,9482,2268,4589,2263,5027"
14929,14929,"11615,6638,5976,10141,2461,8703,7327,13322,652,9519"
14931,14931,"11615,3138,544,1933,13403,1945,3799,12606,2343,10827"
14938,14938,"8235,4865,8922,8188,3515,4649,6962,7715,652,13375"
14955,14955,"8413,4798,9799,6326,2218,8421,12857,11622,1996,12026"
14961,14961,"6659,12191,3509,13147,9729,8230,2034,10100,12861,3911"
14969,14969,"5135,1290,9962,4929,10607,7120,10663,3697,2916,296"
14970,14970,"4798,8421,12857,6326,8562,4277,13346,13296,2218,10326"
14977,14977,"275,2343,89,13346,1978,769,914,454,5495,8450"
14991,14991,"2343,13296,6220,4413,3428,3950,544,5866,12665,10835"
14993,14993,"4798,8421,12857,4277,2218,13296,12990,8562,1996,6638"
15009,15009,"4798,12665,3950,6326,12990,13346,1017,8421,10326,12857"
15014,15014,"11299,12903,12995,5135,10137,4576,9348,544,1290,1891"
15028,15028,"5135,7120,11298,10607,4929,10663,9962,2916,4163,10389"
15029,15029,"4277,8235,6326,9164,9799,10326,3870,89,11886,11969"
15030,15030,"6220,13296,12470,11403,4413,3509,89,9410,5495,4798"
15033,15033,"4277,8421,12990,2218,12857,8562,10326,2140,4798,13296"
15052,15052,"6326,9164,4798,3950,9799,4117,10916,3870,5495,8562"
15062,15062,"2218,9799,7314,9164,8413,6220,6433,5866,3018,12990"
15074,15074,"1290,10128,10663,3070,12903,9156,5135,9768,4929,13309"
15081,15081,"13296,6220,10835,4413,3950,2140,2343,5545,5532,1598"
15082,15082,"10441,6011,11771,6150,2123,4029,294,3988,5822,11758"
15097,15097,"9306,13121,8161,10340,8235,5549,5303,6515,560,7356"
15098,15098,"11622,5999,9799,12857,12990,8421,4798,6971,851,4117"
15107,15107,"1290,4929,2916,7120,9405,8567,3697,789,10663,13309"
15113,15113,"13296,6220,2140,4388,5545,10835,4413,5532,6971,1598"
15120,15120,"2343,275,89,769,8922,1404,1978,3870,8235,11886"
15121,15121,"4798,12857,11622,9799,8421,12990,6638,4277,5303,8562"
15122,15122,"8235,4715,7715,11403,12725,11784,646,4865,782,2461"
15141,15141,"9938,4399,5822,10352,10326,11000,4572,12600,9340,7792"
15143,15143,"7637,8981,8703,5149,12663,7706,9564,11103,6474,2327"
15148,15148,"6220,13296,2343,12470,4413,3428,12665,5866,3950,4798"
15164,15164,"8703,7637,12663,8981,5149,9564,6474,5631,9668,11103"
15165,15165,"4036,2343,7087,1290,12286,7792,2537,5979,9140,4028"
15175,15175,"4798,8413,11622,12857,9799,8421,2218,13346,6638,717"
15186,15186,"1290,4929,5135,789,2916,10663,13101,12497,6243,12030"
15189,15189,"2343,12665,6220,11289,5999,6834,13346,5495,4413,1478"
15200,15200,"6220,13296,2343,12470,4413,3428,5866,12665,3950,544"
15204,15204,"8421,12857,6326,4798,10326,9072,2140,12990,3950,6971"
15205,15205,"9405,8567,10241,10644,13130,1075,7543,11919,6429,6911"
15217,15217,"7706,13296,8922,6220,7024,11103,7707,1487,9799,12606"
15240,15240,"4576,4163,7279,4152,7864,1558,9732,12995,7120,1779"
15248,15248,"7120,6697,1290,5636,589,3487,987,4718,3088,1487"
15253,15253,"9937,2218,3055,1290,7715,2140,5495,9072,12668,8235"
15256,15256,"6383,12191,8562,8265,2670,350,1912,349,9375,1082"
15260,15260,"4798,6326,5999,1978,10326,3950,10916,4277,4117,5303"
15265,15265,"2343,12665,4413,1978,6220,13296,11289,5545,5495,3340"
15274,15274,"7480,12898,12191,5020,13407,350,7275,12647,9498,711"
15275,15275,"8161,8235,10340,5303,5549,6515,12680,2199,11048,8421"
15282,15282,"8421,12990,6395,2140,8562,4277,10326,6971,4798,9072"
15294,15294,"7948,2343,6971,9072,13296,4277,8562,1220,11691,6220"
15304,15304,"1290,5135,789,9962,6243,4929,4111,9170,3697,2916"
15330,15330,"7637,8703,8981,12663,5149,9564,6474,7706,11103,9668"
15331,15331,"5149,5642,10326,5555,12758,13044,3770,4924,2343,544"
15332,15332,"1290,5976,9101,3148,10649,7391,4111,12623,8710,4028"
15339,15339,"5976,3487,1156,779,8997,11403,12623,13376,10825,5974"
15387,15387,"1290,12623,8710,7120,10649,9101,3070,9689,3487,7892"
15391,15391,"2343,6220,13296,10835,4413,3950,5545,3428,1978,8608"
15396,15396,"4277,10326,89,2140,6326,8562,9072,2343,12857,12944"
15397,15397,"2573,4230,12793,2636,11814,5642,1799,8452,5364,6141"
15421,15421,"5303,5966,2140,9306,2899,2291,5731,10608,3106,12733"
15427,15427,"1290,12858,7120,10102,8816,5760,5147,10137,7494,516"
15434,15434,"12623,5976,8710,3148,13296,1290,2242,10649,3464,3487"
15441,15441,"8235,6220,11403,89,7024,13296,2218,5495,4413,12606"
15444,15444,"7024,8235,11403,3317,5495,7340,12665,13191,5303,8293"
15457,15457,"4798,5303,4117,10835,4679,5999,12857,12665,13346,12026"
15466,15466,"5999,6971,4117,2140,11357,9504,12026,12990,2905,6982"
15475,15475,"6326,4277,4798,10326,3950,10224,10916,3870,8562,12944"
15483,15483,"1290,10648,2343,6220,8608,13297,10674,9962,7342,2989"
15487,15487,"6326,2343,4277,13296,9072,8562,12944,9404,10326,7948"
15500,15500,"11615,5149,9668,2847,10141,8703,9519,544,9461,1863"
15511,15511,"12723,4814,10974,7948,8115,9450,2670,5663,13403,4909"
15515,15515,"9072,4277,6326,10326,8562,3428,2343,2140,12793,6834"
15519,15519,"13346,5149,275,2343,3491,5642,544,12566,11615,3799"
15534,15534,"8235,7024,6220,13296,11403,89,2218,12606,9570,9799"
15545,15545,"1290,4163,2916,1779,6610,2957,7120,11024,4216,1558"
15553,15553,"11677,1290,9156,869,179,6758,10607,11471,3697,4036"
15556,15556,"8235,11384,12665,6302,11403,12857,3317,12470,11000,6529"
15564,15564,"8235,3515,11609,2808,9178,2990,12104,2789,2169,10340"
15567,15567,"1290,4163,1779,2916,1558,4216,2957,6610,11024,9732"
15582,15582,"6971,2140,9799,12990,851,331,12026,8421,5999,9504"
15585,15585,"9072,4277,10326,2140,12990,8562,12857,6326,4798,9455"
15587,15587,"6220,10835,5532,2343,2140,8505,4413,5999,5545,3950"
15589,15589,"6971,5999,2140,12990,331,12026,9799,9504,8421,4482"
15590,15590,"13296,6220,4413,12665,3428,3950,5545,1978,3340,544"
15595,15595,"4152,4576,6659,3509,82,9932,6018,10429,11298,5482"
15611,15611,"2916,3697,9962,789,5135,6811,10607,10464,9866,10336"
15613,15613,"13296,6220,2343,4413,10835,3950,3428,4388,544,5545"
15632,15632,"8235,13296,6220,2218,5875,89,11403,4413,13110,7983"
15633,15633,"6220,13296,2343,12470,4413,3428,12665,4798,5866,3509"
15639,15639,"2140,2218,9072,4277,3055,6971,8562,10326,89,1421"
15648,15648,"851,6971,4277,9799,9580,1776,12990,2140,7833,12857"
15652,15652,"2343,13296,6220,4413,3428,3950,544,5866,12665,5545"
15683,15683,"8703,7637,12663,5149,8981,9564,6474,5631,9668,5342"
15688,15688,"2343,13346,275,12665,3340,5642,1478,6834,6220,6433"
15703,15703,"2140,6220,12793,5303,8590,13296,4388,4602,6971,5545"
15708,15708,"6220,13296,12470,4413,11403,3509,9410,89,2343,4798"
15714,15714,"4798,3950,1017,12990,8413,12665,8421,9234,10326,12857"
15719,15719,"6659,6383,899,12191,5184,632,4100,4256,4832,8112"
15727,15727,"3085,8076,10986,9768,9306,8590,4608,8243,11609,5303"
15728,15728,"7120,1290,4929,5573,6243,10663,12497,4387,12474,12030"
15735,15735,"9511,8115,12078,7345,7138,7621,2058,10974,12723,797"
15736,15736,"2343,9942,5495,769,5999,1978,11289,89,3870,2305"
15739,15739,"3464,987,13436,7120,1977,1290,6248,5636,9730,10464"
15742,15742,"9306,8235,5303,13121,2140,6515,12733,11000,3340,5549"
15764,15764,"5976,1377,12339,1156,6596,3487,6402,8112,2870,3464"
15773,15773,"12026,4798,11622,6326,4117,13346,717,12857,9799,5303"
15774,15774,"4163,1558,4216,2957,10389,1779,1290,13431,4940,6610"
15786,15786,"1290,5135,4333,11024,11298,4111,5969,6243,4028,3070"
15789,15789,"9072,12990,4277,8562,10326,2140,4798,12857,8421,5386"
15796,15796,"12470,6220,13296,4413,5545,2343,13110,3509,8421,5495"
15800,15800,"12793,4117,8922,5303,2140,8590,2990,4277,2789,4315"
15802,15802,"5135,1290,9962,6243,11298,13309,11024,4929,789,5969"
15812,15812,"12857,9072,8562,3428,4798,10326,6326,217,3870,2343"
15815,15815,"8922,6971,5303,4101,7063,976,2140,8707,7024,8235"
15828,15828,"6220,13296,11403,89,12470,4413,5495,3509,8235,9799"
15831,15831,"3464,7681,2295,6201,3567,7047,13071,7220,1290,10919"
15840,15840,"4158,12339,1328,1948,840,12898,4080,4832,2004,6391"
15845,15845,"9937,5149,4698,8981,6892,1487,7706,2020,9668,8703"
15847,15847,"4823,10326,5073,12425,7454,341,13282,1570,2905,9036"
15856,15856,"851,8421,9580,4277,6971,1776,9799,2140,8161,7833"
15861,15861,"1290,7120,2916,10607,4929,4576,1779,6610,11024,10663"
15862,15862,"7120,5135,4929,1290,2969,296,10137,9295,9730,6811"
15871,15871,"6220,13296,12470,11403,89,4413,5495,9410,4798,9799"
15872,15872,"4277,9072,6326,10326,8562,4798,2140,3428,3950,10916"
15883,15883,"1290,7120,10648,10663,10336,9962,3697,4036,8608,757"
15886,15886,"8703,5149,7637,8981,12663,9564,3487,5631,6474,5342"
15888,15888,"2343,6220,13296,4413,12665,3340,1978,3950,7723,11289"
15898,15898,"6638,11615,7715,11886,4277,652,7327,8822,8188,4865"
15919,15919,"13296,6220,2343,10835,4413,3950,4388,8608,3428,5545"
15922,15922,"1290,3697,7120,2916,13101,6811,5135,10663,10464,4929"
15931,15931,"12339,4158,9750,1018,4630,5976,5149,8703,9328,12898"
15941,15941,"6326,4277,2343,12944,10224,3870,4798,10326,89,8562"
15943,15943,"8421,2789,4798,2140,12331,6971,10326,12990,13346,2218"
15956,15956,"275,13346,2343,5642,12665,454,3340,2559,9937,89"
15958,15958,"2472,9450,10217,5303,2670,13403,4929,7948,6093,3295"
15960,15960,"4698,8981,9937,8703,6892,5149,4430,9886,7715,7474"
15973,15973,"2670,2969,4890,8135,3998,12348,3429,9375,5006,2885"
15977,15977,"1290,7120,2916,10607,4929,10663,4576,11298,296,1779"
15994,15994,"2343,13296,6220,4413,3428,3950,544,5866,12665,5545"
15995,15995,"1290,5135,7120,789,4929,2916,12497,10663,3697,9962"
15996,15996,"9072,8562,2218,3908,4277,5495,3428,1210,2140,609"
15999,15999,"4277,11931,89,11969,9890,8235,8822,13375,10326,12857"
16060,16060,"1290,296,6576,10663,5135,869,9295,4929,3070,7120"
16069,16069,"4798,6326,3950,10916,4277,10326,1978,8562,13346,4117"
16076,16076,"1290,2916,7120,1779,10607,4576,6610,4163,11024,4929"
16085,16085,"4158,12339,12898,1948,840,4080,2004,4832,6391,4630"
16089,16089,"5149,8703,2020,9564,9937,6043,8981,12663,4698,7637"
16097,16097,"11931,12944,8235,12662,11969,7715,4277,2343,5545,7491"
16112,16112,"6220,13296,2140,4388,10835,4413,5545,5532,3950,1598"
16116,16116,"851,6971,8421,9799,4277,12990,2140,1776,9580,7833"
16137,16137,"2140,2218,9072,8562,7707,10326,13310,6971,4277,9203"
16150,16150,"4935,7325,6659,5561,899,2034,5249,9644,10472,10050"
16174,16174,"6220,13296,2343,4413,12470,3428,12665,3950,5545,5866"
16176,16176,"13296,6220,2343,10835,4413,3950,4388,3428,544,8608"
16210,16210,"4929,7120,1290,789,4387,9671,10663,8525,13101,3682"
16212,16212,"10128,8699,12282,7595,8546,2612,931,5822,11814,8809"
16230,16230,"4798,6326,8421,1017,6220,6971,6395,3950,10326,12665"
16245,16245,"4117,5999,2140,6971,2567,12793,5303,8922,8590,4277"
16293,16293,"5303,8590,2140,10326,5532,6220,8413,11843,4117,8505"
16299,16299,"5135,1290,789,9962,11024,6243,4111,4333,11298,4929"
16300,16300,"8703,7637,12663,8981,5149,9564,6474,11103,7706,9668"
16303,16303,"6220,13296,2140,4388,5545,5532,6971,8590,1598,4602"
16305,16305,"544,5135,2969,10137,3998,296,4576,12903,4036,1290"
16314,16314,"6326,4798,4277,9072,10326,3950,8562,9455,13346,10063"
16328,16328,"12026,2218,2140,8235,5303,6971,6326,3340,3055,8608"
16340,16340,"5135,2916,1290,3697,7120,789,4929,10663,13101,9962"
16351,16351,"8703,7637,5149,12663,8981,9564,6474,5631,9668,5342"
16363,16363,"3487,8703,8981,7706,5976,1863,13296,7707,5149,2327"
16376,16376,"8922,2291,5303,6971,2140,7063,8707,9668,11282,851"
16387,16387,"2343,6220,13296,4413,3428,12665,544,5866,5545,9729"
16395,16395,"6659,3509,4256,7763,12191,5184,449,10100,1210,2299"
16414,16414,"4117,12793,8922,5303,2140,2990,8590,4277,6971,2789"
16416,16416,"9937,5199,4924,12822,275,13070,4865,5513,2140,10792"
16418,16418,"8235,2218,9072,7948,3055,6742,12668,6971,10608,5495"
16471,16471,"4163,1290,1558,4216,1779,2957,2916,11024,9732,10389"
16489,16489,"4798,12665,13346,6326,3950,12990,8562,4679,1017,12857"
16497,16497,"7558,3340,3064,12136,9937,11784,8235,1746,2140,2899"
16509,16509,"8703,2020,5149,6043,2058,9564,12663,11336,4698,7637"
16510,16510,"7392,8562,12665,13112,544,2343,3799,275,10869,2255"
16521,16521,"1290,5135,4163,11298,7120,1779,10607,4929,9962,10663"
16524,16524,"4832,10352,12898,11461,711,7480,7563,1521,6011,5822"
16582,16582,"12026,6971,6220,5999,1978,5866,5545,7063,4388,9093"
16592,16592,"1290,4929,7904,8399,3070,5135,1244,10663,10649,6165"
16604,16604,"1290,7120,10137,11298,2916,4576,10663,10389,10607,9732"
16605,16605,"10648,1290,10205,2343,9962,6220,9320,10464,7120,7391"
16617,16617,"11314,6758,11677,2255,3222,869,12435,194,12655,4890"
16622,16622,"1290,2916,1779,4163,7120,6610,11024,4576,2957,10607"
16624,16624,"4277,89,2140,3055,8235,11931,13375,10326,11969,11050"
16628,16628,"12758,10326,9938,12600,11000,13044,10159,7087,4054,9616"
16633,16633,"1290,7120,9295,4286,789,2916,6322,10648,10336,9962"
16646,16646,"1290,4111,4929,789,9101,5135,1244,4028,10663,9156"
16651,16651,"6326,2343,4277,13296,8235,12944,8822,8562,10326,9404"
16654,16654,"4117,2140,6971,2567,5303,12793,8922,11357,8590,6982"
16673,16673,"8421,4798,12990,2789,11384,10326,2140,12331,4679,5303"
16675,16675,"1062,8703,1447,257,10141,13322,2343,4250,2255,1323"
16677,16677,"2140,9072,2218,6971,4277,8562,3055,12857,10326,8235"
16679,16679,"2343,13296,6220,4413,3428,3950,544,5866,12665,10835"
16686,16686,"1290,7120,4929,2916,10607,10663,5135,296,789,4576"
16695,16695,"4117,12793,8922,5303,2140,2990,8590,5999,4277,2567"
16704,16704,"2343,6220,13296,4413,3428,3950,5866,544,12665,9729"
16709,16709,"1863,2287,9532,2218,6925,12265,8421,5545,7792,9942"
16773,16773,"4798,6326,3950,4117,10326,7558,8562,1978,12857,13346"
16774,16774,"7024,8235,8205,6638,11403,2380,5495,84,9229,7340"
16797,16797,"2218,8421,13346,13110,9532,10326,5149,7792,2287,6925"
16803,16803,"6971,6220,12026,2218,8421,2140,5545,5999,10326,8590"
16804,16804,"4798,5303,4117,10835,13346,12857,4679,12026,5999,2580"
16806,16806,"7637,8703,8981,9083,5149,11103,7706,1487,6040,13228"
16810,16810,"12990,8421,9072,4798,6395,2140,10326,12857,8562,4277"
16836,16836,"13296,6220,2343,10835,4413,3950,4388,8608,3428,5545"
16844,16844,"6220,13296,11403,89,4413,12470,5495,8235,3509,5875"
16861,16861,"1290,2916,7120,1779,10607,4576,6610,4163,11024,4929"
16875,16875,"8421,2140,6971,2218,10326,9072,12990,8562,2789,4277"
16936,16936,"11615,3138,13044,5642,2343,10835,13403,2380,1933,544"
16946,16946,"275,2343,544,9693,12665,89,8922,4615,3515,2469"
16965,16965,"11615,544,12665,275,3799,652,2343,10499,9693,9574"
16987,16987,"2140,9072,12857,4277,10326,8562,12990,89,6971,8421"
16988,16988,"12026,2218,8608,6326,6971,3870,4388,2140,5303,6220"
16989,16989,"2343,12665,6220,4413,11289,1478,5999,10835,5495,5545"
17007,17007,"9306,13121,11622,7558,6433,5303,8562,2140,2670,11751"
17016,17016,"8922,769,2343,3870,8235,89,3515,1404,9942,2411"
17030,17030,"11622,5999,2140,6971,12026,11357,4117,6326,9504,9799"
17034,17034,"8421,2140,4798,10326,12990,2218,2789,9164,560,12331"
17054,17054,"5731,2218,5303,3870,8235,2140,6971,7024,7063,7383"
17056,17056,"7480,12898,4097,7563,711,10891,1848,12339,1756,2016"
17084,17084,"13296,2343,6220,4413,3950,10835,3428,544,4388,5545"
17098,17098,"8235,7024,6220,13296,11403,89,2218,12606,9570,9799"
17102,17102,"2140,2218,6971,5303,7172,7715,5999,7024,2789,8235"
17109,17109,"2343,9942,769,1978,5495,10224,4798,3870,89,5999"
17112,17112,"851,6971,8421,9799,4277,9580,12990,2140,1776,7833"
17119,17119,"6971,6515,2140,9744,5303,4798,11282,3770,6166,8421"
17124,17124,"121,9942,13296,11403,4691,9083,6220,6742,9668,2343"
17141,17141,"12026,6326,11622,2373,5999,3340,2140,11784,8235,5303"
17160,17160,"2343,4036,1290,8608,12286,89,9140,4028,7087,7792"
17179,17179,"6220,13296,2140,4388,5545,10835,5532,4413,6971,1598"
17189,17189,"6220,6971,12026,4388,12857,2218,8421,8235,6326,10326"
17191,17191,"1239,2855,9937,2850,9405,8567,1487,10241,7618,7637"
17194,17194,"6326,4277,10326,10916,9072,4798,3950,8562,10063,3870"
17195,17195,"12793,2140,5999,5303,8922,2567,6971,8590,2990,4277"
17200,17200,"1290,2916,7120,10607,1779,4576,6610,4163,11024,4929"
17212,17212,"5149,10326,5642,2343,5731,5555,13346,8421,5145,2380"
17218,17218,"13296,6220,2343,10835,4413,3950,4388,5545,8608,3428"
17232,17232,"4277,6326,10326,10916,3950,9164,4798,10063,8562,3870"
17242,17242,"4798,8413,8421,6326,13346,12857,1017,13296,10326,2218"
17255,17255,"12026,6971,6220,7063,5999,2218,9093,5545,1978,5866"
17262,17262,"1290,7120,4929,10607,2916,10663,5135,296,789,3697"
17275,17275,"6220,13296,12470,2343,4413,3509,9410,4798,11403,3428"
17276,17276,"6326,4277,2343,12944,8235,3870,89,10326,646,10224"
17278,17278,"8703,7637,5149,12663,8981,9564,6474,5631,9668,5342"
17283,17283,"11615,7327,6638,4865,8188,2461,652,13112,6962,2094"
17284,17284,"4117,12793,2140,8922,5303,2990,5999,8590,2567,6971"
17295,17295,"769,9942,3870,10224,2343,8922,4798,1978,5999,5495"
17298,17298,"4333,1290,11024,5135,4028,11298,7864,9101,4111,3222"
17319,17319,"6220,13296,12470,2343,4413,3509,9410,11403,4798,3428"
17320,17320,"1290,4163,1558,1779,4216,2957,6610,2916,11024,9732"
17325,17325,"6141,11615,8562,275,8421,544,11639,3950,13346,12857"
17330,17330,"1290,9564,10663,8302,11604,8554,9962,987,9295,2286"
17334,17334,"5135,1290,544,12903,10097,286,9962,1851,12869,4022"
17346,17346,"8235,7024,6220,13296,11403,89,2218,12606,9570,9799"
17352,17352,"8235,8922,11886,9799,4277,7715,3870,4865,652,4524"
17353,17353,"1290,12474,7120,987,10663,9962,10464,9295,9564,11775"
17396,17396,"8421,2789,2140,4798,12331,13346,785,12990,6515,9799"
17408,17408,"12793,2140,5303,8590,6220,8922,4277,4315,10326,6971"
17414,17414,"1447,2255,257,2343,8703,10141,12665,13322,1862,5996"
17422,17422,"1290,5135,789,9962,4929,10607,7120,10663,3697,296"
17424,17424,"4158,12339,12898,1328,840,1948,4630,2004,6391,4080"
17427,17427,"2472,7120,9450,5303,2670,4929,10217,8590,13403,4563"
17432,17432,"6326,4277,8922,3870,10224,2343,4798,9942,12944,8235"
17434,17434,"12857,9072,8562,2140,10326,4277,2218,3428,1421,2343"
17439,17439,"7706,11103,7637,1487,8703,13296,8981,7707,8922,6220"
17442,17442,"121,11403,5358,4715,8235,2343,11609,12665,257,8639"
17449,17449,"2343,6220,13296,10835,4413,3950,5545,12665,1978,3428"
17472,17472,"7120,1290,5303,1220,13381,11464,4576,10464,10674,9671"
17509,17509,"1290,4111,5135,4333,11298,4028,3070,7864,5969,11024"
17522,17522,"8235,11403,7024,12668,9937,1022,3317,12665,5387,7487"
17527,17527,"851,8421,6515,2140,11282,4798,9580,3770,7578,11843"
17535,17535,"7706,11103,8703,7637,8981,8922,5149,1487,13296,6474"
17540,17540,"6971,851,8421,9799,12990,2140,4277,12857,12026,1776"
17541,17541,"1290,4929,10607,2916,10663,5135,789,296,3697,9962"
17551,17551,"4277,10326,8562,12857,2140,6326,12990,10916,9072,9164"
17564,17564,"9072,2140,4277,8562,10326,12857,6971,2218,12990,4243"
17565,17565,"12339,9750,4158,1018,5149,8703,5976,4630,7064,3487"
17581,17581,"2343,6220,10835,4413,13296,12665,1478,5999,3950,11289"
17596,17596,"2789,2140,8421,4798,6971,6326,11384,12331,9799,12026"
17601,17601,"7558,9164,5199,3340,12857,3925,12990,2140,8235,2218"
17611,17611,"13296,6220,2343,10835,3950,4388,3428,8608,5545,544"
17612,17612,"13346,275,2343,2218,8421,1180,12842,3491,13306,4266"
17620,17620,"275,13346,2343,89,454,1978,5642,6433,12665,769"
17627,17627,"8205,2140,7024,2218,538,2327,3497,12662,5769,4288"
17634,17634,"7706,11103,8922,13296,6220,8703,1487,7707,7637,8981"
17649,17649,"6220,13296,12470,2343,4413,3509,9410,4798,3428,11403"
17654,17654,"9306,7558,8639,5303,2670,2218,2899,3870,2140,8505"
17659,17659,"8703,2020,11336,6043,6218,4391,12663,9564,5149,2058"
17666,17666,"7120,789,6971,1290,2916,10464,1747,4118,9671,2140"
17674,17674,"6515,2140,8421,11282,4798,3770,851,6971,11396,1634"
17684,17684,"2343,13296,6220,4413,3428,3950,544,5866,12665,5545"
17708,17708,"2343,6220,13296,4413,10835,3950,12665,5545,1978,3428"
17709,17709,"6220,13296,11403,12470,89,4413,5495,3509,8235,5875"
17741,17741,"10217,646,8205,4111,8567,1746,1747,8681,10241,2370"
17752,17752,"10441,6011,6487,11771,6150,4029,2123,5822,3988,11758"
17765,17765,"8235,7948,6971,3055,2218,8590,8681,10608,1220,11751"
17770,17770,"12623,7120,1290,1856,8710,5976,3487,9689,6268,8703"
17814,17814,"5149,10326,5555,12758,5642,3770,7087,12857,13044,2380"
17818,17818,"7120,1290,4929,5573,6243,10663,12474,4387,12497,4083"
17822,17822,"1290,7120,10648,3848,9730,7339,1779,11716,9962,10663"
17826,17826,"4798,8421,2218,2140,10326,12990,9799,12857,6326,6971"
17827,17827,"11298,4163,1290,5135,7120,3464,1779,12903,4929,1558"
17840,17840,"10326,2287,9532,2218,8421,7792,5545,1863,5149,12265"
17843,17843,"4798,4679,13346,12857,12665,8562,12990,4277,6326,3950"
17864,17864,"6971,9799,2140,851,12990,331,8421,12026,5999,9504"
17871,17871,"8703,7637,8981,9564,12663,13228,7706,5149,4205,1487"
17881,17881,"6220,13296,2343,4413,12470,3428,12665,3950,544,4798"
17928,17928,"7637,8703,8981,5149,12663,7706,9564,6474,11103,1487"
17931,17931,"4641,2806,1810,4572,4399,11461,7721,704,11917,10441"
17933,17933,"5303,5999,4117,5532,10835,560,12665,11289,4798,2580"
17953,17953,"8235,646,4715,782,1746,275,11384,13090,6345,9164"
17970,17970,"12793,2140,5303,8590,8922,4277,6220,4315,4117,10326"
17977,17977,"8235,11403,12665,7024,7948,5387,7487,6742,7706,8681"
17982,17982,"9962,1290,4929,7120,3697,10607,10663,2916,6811,4036"
17995,17995,"1493,10106,2375,4451,8205,4243,9306,7352,6725,2218"
18002,18002,"2789,6971,8421,12331,2140,9799,8590,9504,10326,2218"
18006,18006,"5249,4935,4609,5561,6659,7325,5105,6425,899,87"
18023,18023,"8235,8161,3515,12990,11283,5549,11010,9580,10340,12680"
18024,18024,"2140,9306,5303,6433,13121,10608,2855,8235,6515,2218"
18047,18047,"6220,11403,13296,89,8235,4413,5495,7024,12470,2218"
18050,18050,"2990,6326,3870,12793,6382,4608,63,8413,5303,5731"
18078,18078,"9164,316,10326,12857,10608,2218,2169,12990,2140,5338"
18086,18086,"1290,4929,7120,2916,10663,5135,789,10607,3697,13309"
18093,18093,"11298,1290,4163,5135,7120,4929,10607,1558,2916,1779"
18115,18115,"12793,4117,8922,5303,2140,8590,2990,4277,4315,2789"
18122,18122,"7024,7706,13296,8922,6220,8235,7707,9799,12606,11103"
18124,18124,"2291,7063,37,8161,11286,5303,12104,851,8922,9454"
18127,18127,"1290,7120,2916,4929,10607,10663,5135,4576,296,11298"
18133,18133,"8421,3911,10077,12191,8562,2343,11771,13296,9072,11639"
18148,18148,"6971,6220,12026,2218,8421,5866,10326,4332,331,1017"
18155,18155,"11931,12944,8822,11969,7491,7715,11615,4277,9799,5545"
18158,18158,"2969,5135,7120,1290,296,9730,3697,4929,4890,8135"
18166,18166,"9072,2218,3055,12668,4277,2140,5495,8235,8562,6971"
18167,18167,"275,5149,5642,11615,13346,544,2343,3799,7392,8562"
18169,18169,"5999,9942,11289,5495,5303,2343,1978,769,4798,4602"
18175,18175,"8421,13110,487,2218,3491,1598,11384,7983,13296,12035"
18178,18178,"8505,89,1978,3870,11289,8483,3317,6220,6795,5999"
18214,18214,"1290,5135,7120,11298,10607,10663,4929,9962,10389,4688"
18217,18217,"13296,6220,2343,10835,4413,3950,4388,5545,3428,8608"
18226,18226,"1290,4163,2916,1779,6610,2957,7120,11024,4216,1558"
18229,18229,"8421,4798,2789,2140,6326,9799,5303,11843,11384,6971"
18236,18236,"8703,5149,7637,8981,9564,12663,3487,5976,7064,12339"
18240,18240,"2287,1863,5484,13296,558,2580,5073,5545,2218,7707"
18262,18262,"13346,8421,13110,2218,3491,1746,1598,2343,487,11384"
18266,18266,"10389,1290,4036,11298,10607,789,6322,11024,9962,2916"
18272,18272,"12026,6326,8235,11784,2140,3340,2218,3950,7558,13346"
18292,18292,"8703,1062,1945,11615,4250,5976,6638,9564,13322,10141"
18299,18299,"2343,12665,4413,6220,11289,1478,5545,3340,5495,6834"
18321,18321,"4158,12339,1948,1328,840,4832,4080,12898,2004,9370"
18338,18338,"2343,13296,6220,4413,3428,3950,544,5866,12665,10835"
18339,18339,"4277,8235,6326,8922,11886,3870,89,9799,5610,8822"
18341,18341,"2855,9306,13121,2169,316,12998,9164,6433,560,7356"
18355,18355,"1290,7120,5135,2916,10607,11298,9962,10663,4929,789"
18364,18364,"12623,5976,2580,13296,2287,5484,558,7619,12086,3487"
18368,18368,"851,8421,9580,4277,2140,1776,4798,11843,13114,6971"
18393,18393,"7637,5149,8703,9083,1487,8981,5976,11103,13228,6040"
18409,18409,"5303,5532,5999,560,4117,10835,2580,8590,10326,11289"
18434,18434,"6971,851,9799,2140,12990,8421,331,12026,9504,5999"
18440,18440,"8922,2343,9942,89,3870,769,1404,646,8235,1978"
18446,18446,"4798,6326,4277,10224,10326,3870,1978,3950,8562,12944"
18467,18467,"12990,8922,2789,8421,851,5303,6515,2291,8161,2140"
18475,18475,"7120,7411,8354,10464,3509,6659,8135,10835,1290,10100"
18487,18487,"1863,2287,2218,4900,9532,3487,9942,9325,3911,8421"
18489,18489,"12842,4266,5149,8421,2218,13346,2343,3384,3491,11615"
18499,18499,"4798,11622,12857,9799,851,4277,6638,8562,12990,5303"
18505,18505,"6971,2789,12026,2140,8590,8421,9799,2218,12331,8235"
18525,18525,"6659,8623,10835,1619,3889,4713,12191,4256,3509,7128"
18530,18530,"6971,5999,9799,12990,8421,2140,851,12026,9504,331"
18539,18539,"8703,7637,12663,8981,5149,9564,6474,5631,9668,11103"
18546,18546,"8421,10326,5149,2218,7792,13346,13115,5545,2287,4430"
18579,18579,"6220,13296,2343,4413,3428,5866,3950,12665,544,12470"
18585,18585,"4798,6326,4277,3950,10326,10916,8562,13346,10063,3870"
18595,18595,"2343,13346,5642,6220,6834,12665,3340,10326,8413,2218"
18648,18648,"4798,5303,12857,4679,4117,10835,13346,5999,12026,12665"
18679,18679,"13346,8421,13110,2218,2343,1746,275,1598,3491,1978"
18683,18683,"4430,4698,6166,1487,9668,13214,8981,6742,6892,4691"
18687,18687,"1290,11298,7120,4576,6610,10137,1558,2916,1779,10663"
18718,18718,"11615,6638,8703,4250,7327,5976,2020,544,6311,652"
18741,18741,"5999,5303,5495,11289,5532,4117,9942,12665,3870,10326"
18760,18760,"11298,7120,1290,1972,9962,9500,10607,4576,10389,4929"
18771,18771,"13296,2343,6220,4413,3950,10835,3428,544,4388,5545"
18787,18787,"6166,6892,7491,7474,2020,4430,1062,8053,8981,4698"
18788,18788,"4117,5999,2140,12793,5303,6971,2567,8922,8590,4277"
18789,18789,"3138,11615,2343,13044,10835,5642,5149,544,1933,12606"
18798,18798,"6220,13296,2343,4413,3428,12470,5866,12665,3950,544"
18800,18800,"8235,8188,7715,8922,11886,2343,11403,12944,13112,646"
18805,18805,"13296,6220,2343,4413,10835,3950,3428,4388,544,5545"
18806,18806,"7120,4929,10607,10663,789,296,3697,9962,11298,4576"
18812,18812,"3911,8562,10389,2989,3250,9744,2916,1856,12073,7539"
18818,18818,"6659,12191,4832,10352,1521,449,7763,1210,6011,11461"
18830,18830,"4117,5303,5999,4798,12857,13346,12026,11622,9799,2140"
18835,18835,"1290,7120,4576,6610,10137,10607,5969,10663,1779,2916"
18839,18839,"13296,2343,6220,4413,3950,3428,10835,544,4388,5545"
18851,18851,"9799,8421,12331,4798,9504,2218,6326,6971,2789,1996"
18854,18854,"4798,3950,13346,6326,12665,8562,12990,10326,10916,4679"
18864,18864,"12793,8922,2140,5303,8590,4117,4315,4277,2990,2789"
18865,18865,"8703,7637,5149,12663,8981,9564,6474,5631,9668,5342"
18874,18874,"3464,1317,7220,7681,173,8775,5760,162,6629,786"
18875,18875,"8235,8922,4277,11886,3870,9799,6326,646,5610,9164"
18879,18879,"3998,4890,2969,9730,4036,12665,5661,2670,544,7227"
18882,18882,"1012,1290,10464,10205,987,589,7120,7391,1491,9962"
18895,18895,"6220,8235,11403,13296,4413,5495,2218,9799,12606,5875"
18903,18903,"6220,13296,2343,4413,3428,12470,12665,3950,5866,5545"
18913,18913,"12990,2789,6515,8421,8161,10340,851,5303,12680,2291"
18934,18934,"1290,4036,8608,7120,2567,2343,10648,10663,2989,10607"
18935,18935,"3998,4890,2670,12665,9730,2969,544,4036,9336,4012"
18981,18981,"2343,6220,13296,4413,12665,5545,3950,3340,1978,7723"
18985,18985,"8703,10462,4430,8717,9937,1239,4321,8847,5124,11087"
18987,18987,"5135,2916,12497,9962,13101,6243,4777,8567,12030,13309"
18990,18990,"12793,5303,8590,8922,4315,4277,4117,2789,6220,10326"
18996,18996,"8235,12857,89,2343,8562,4277,10326,2218,3055,10608"
19010,19010,"6326,10326,4798,4277,9072,3950,10916,10063,8562,12990"
19016,19016,"1290,7120,2916,10607,4929,10663,4576,296,5135,11298"
19018,19018,"4929,7120,789,1290,296,10464,5135,3539,1891,4576"
19029,19029,"2789,4798,8421,2140,2990,6326,8590,12026,8235,11843"
19060,19060,"13346,13110,4823,8421,8221,5545,350,1156,11384,5145"
19069,19069,"7287,2327,6567,4576,1856,4268,591,2847,2670,2977"
19084,19084,"4798,12990,4277,8562,3950,10326,13346,1017,9455,12857"
19086,19086,"2343,10648,2242,1290,10205,7391,2990,4028,10389,9320"
19105,19105,"11298,7120,1290,5135,10607,4929,2916,10663,9962,10389"
19110,19110,"1290,11024,9962,5135,11298,6243,10389,789,13309,3464"
19135,19135,"6011,10441,294,2123,6150,6487,5105,11771,5760,12204"
19144,19144,"4798,4277,8562,3950,6326,13346,10326,10916,12990,4679"
19154,19154,"5999,6971,4117,2140,11357,9504,12026,12990,2905,6982"
19168,19168,"5999,6971,4117,9504,2140,12990,11357,11622,12026,8421"
19173,19173,"10609,12665,9763,4929,1522,2916,9178,89,772,1290"
19187,19187,"7637,8703,7706,8981,11103,5149,12663,6474,1487,8922"
19216,19216,"3487,5976,13296,8703,1156,7706,779,8981,9083,12623"
19227,19227,"8703,7637,5149,12663,8981,9564,6474,5631,9668,5342"
19231,19231,"6326,4798,4277,3950,3870,10326,10916,9799,4117,10224"
19234,19234,"1290,4163,1779,4216,1558,2957,11024,9732,2916,6610"
19255,19255,"11622,4798,12857,4117,9799,851,5303,12026,12331,717"
19258,19258,"2140,5303,8590,6220,12793,10326,4602,5532,8505,5545"
19266,19266,"8567,7120,10241,5142,3706,3089,2784,1747,3700,9405"
19296,19296,"6326,4277,8922,3870,8235,4798,9799,9164,10224,3950"
19297,19297,"8925,5551,3041,9969,449,11297,6628,7983,13403,3889"
19308,19308,"4798,10224,9942,1978,5999,3870,769,6326,2343,5495"
19323,19323,"7480,12898,350,711,9453,4832,5822,6690,11461,7275"
19346,19346,"2218,9937,9072,3055,7707,7715,5495,12668,1290,3870"
19347,19347,"4929,3697,2916,6243,12497,7120,5135,12030,789,4777"
19360,19360,"1290,12474,987,7120,10663,9564,2870,9962,9295,13309"
19364,19364,"1290,7120,10137,4576,11298,9732,10389,2916,10581,4664"
19378,19378,"8922,8235,3870,769,2343,3515,89,1404,2411,11886"
19379,19379,"5999,5303,11289,5532,10835,560,4117,12665,5495,8590"
19380,19380,"4798,6326,4277,8562,3950,4117,9799,10326,10916,9164"
19381,19381,"851,8421,6971,9799,12990,4798,2140,1776,12857,4277"
19384,19384,"2343,9942,5999,5495,769,11289,1978,3870,89,2305"
19385,19385,"7706,11103,8703,7637,8981,5149,8922,1487,6474,12663"
19388,19388,"1290,7120,4929,10607,2916,10663,5135,11298,296,789"
19406,19406,"2789,4798,8421,2140,785,11384,5303,12026,2990,12990"
19408,19408,"5999,2140,6971,2567,5303,11357,12793,6982,8590,8922"
19415,19415,"1290,789,11024,5135,4111,4929,2916,5142,4028,4024"
19417,19417,"2140,12793,5303,6220,8590,4602,6971,13296,4388,10326"
19434,19434,"5999,4117,6971,2140,11357,12026,9504,6982,2905,2567"
19441,19441,"4798,8562,4679,12857,12990,13346,4277,12665,8421,6326"
19461,19461,"1290,6697,6243,7120,5841,5135,3464,4929,9837,11143"
19474,19474,"2140,6220,5303,12793,8590,13296,4388,5545,6971,10326"
19477,19477,"13296,6220,2343,10835,4413,3950,4388,3428,544,8608"
19484,19484,"1290,4163,1779,2916,1558,4216,2957,6610,11024,9732"
19502,19502,"5149,10326,11615,2343,9532,9938,5642,3138,12758,7792"
19503,19503,"2343,3127,9942,7867,544,8421,12470,11384,12502,4715"
19512,19512,"6302,8293,13346,11384,7867,544,8421,3127,9942,8235"
19515,19515,"7637,8703,7706,8981,11103,5149,12663,6474,1487,8922"
19518,19518,"5135,10137,296,1290,4929,10663,7120,9730,2969,12903"
19530,19530,"7706,9942,12622,9937,8434,5149,11403,11103,13296,5976"
19559,19559,"1290,7120,10137,2916,11298,4576,10389,9960,10663,296"
19576,19576,"9937,1290,5495,12668,8235,3055,2218,3515,7715,2317"
19586,19586,"8703,7637,12663,5149,8981,9564,6474,5631,9668,5342"
19594,19594,"2670,10217,5303,7120,12515,5962,1747,3295,2218,4004"
19605,19605,"12339,9750,4158,1018,5149,8703,5976,4630,7064,3487"
19618,19618,"5999,4117,6971,2140,2567,11357,5303,6982,12793,8590"
19620,19620,"2789,5303,2140,8421,6515,2291,6971,2380,8235,8922"
19623,19623,"2343,6220,13296,4413,5545,12665,12470,3950,7723,1978"
19628,19628,"4117,5999,2140,12793,5303,8922,2567,6971,8590,2990"
19631,19631,"4111,3697,789,11024,4929,4036,9962,10663,164,8284"
19642,19642,"6220,13296,12470,2343,4413,12665,3509,5545,5495,3428"
19644,19644,"2291,9771,7439,5946,9306,4877,13214,7063,2149,10462"
19648,19648,"4163,1558,4216,1290,2957,1779,6610,10389,13431,11024"
19665,19665,"5149,8235,9937,9942,7024,5387,6529,4698,12253,11403"
19683,19683,"1290,4163,11298,5135,10607,2916,4929,1851,9962,10663"
19684,19684,"6515,2140,6971,11282,4798,3770,8421,5303,11396,6166"
19693,19693,"10141,2343,5149,9942,8703,9937,10090,569,1514,7637"
19696,19696,"6326,2343,4277,8822,8235,12944,13296,89,10326,7948"
19707,19707,"4277,12990,2140,8421,10326,12857,8562,9072,9455,1328"
19715,19715,"6220,13296,12470,2343,4413,3509,5545,12665,5495,3428"
19716,19716,"7120,1290,4929,2916,4387,3697,13101,12497,9671,10464"
19729,19729,"7120,2670,5303,8590,4929,9450,2472,1290,1747,8681"
19734,19734,"4798,6326,8421,13346,1017,12857,12990,8413,10326,3950"
19758,19758,"8421,4277,2218,12990,12857,2140,10326,1996,4798,8562"
19764,19764,"2343,12665,4413,13296,1978,6220,5545,3340,11289,5495"
19773,19773,"1290,3697,296,5135,789,6971,6576,11969,5663,8290"
19778,19778,"8235,11403,12665,8681,3317,7948,7024,9942,13296,12668"
19780,19780,"6220,13296,11403,89,4413,5495,8235,12470,3509,7024"
19784,19784,"8205,448,7341,7024,11103,544,13314,8235,1746,8302"
19786,19786,"4798,4277,6326,3950,10916,8562,13346,10063,12990,9455"
19793,19793,"9890,4277,11969,8822,8235,11931,89,9799,13375,11843"
19798,19798,"8235,3491,13346,11384,2343,6529,12665,9871,275,4715"
19808,19808,"13296,6220,2343,10835,3950,4388,8608,3428,5545,544"
19812,19812,"1290,4163,1779,2916,7120,11024,9732,2957,4216,10607"
19821,19821,"2218,1863,9532,13115,8421,6925,3088,3384,9942,5545"
19830,19830,"1290,7120,13101,3697,10648,757,2567,10663,10336,9962"
19843,19843,"7120,1290,3697,10137,6971,10389,6812,13370,8922,7308"
19867,19867,"1290,4028,11024,9036,3171,10389,9101,5105,7619,3148"
19889,19889,"5999,5303,5532,10835,560,11289,8590,2580,12665,4117"
19893,19893,"6383,12191,4100,1912,350,6659,8562,899,9344,6628"
19898,19898,"1290,2916,7120,1779,10607,4576,6610,4163,11024,4929"
19902,19902,"5249,4935,7325,6659,4609,10050,5561,87,5105,6425"
19905,19905,"7480,4234,1323,13262,6383,5020,4900,9408,2016,8703"
19910,19910,"5303,4798,4117,12665,10835,2580,5532,4679,5999,560"
19929,19929,"4798,3950,6326,13346,12990,10326,8562,10916,12665,4277"
19932,19932,"11298,1290,4163,9730,1779,12903,3464,5135,10389,13309"
19952,19952,"8562,6141,12177,11639,2670,13117,13296,5642,349,3500"
19956,19956,"5149,9937,8703,4698,8981,1487,2020,9564,6892,7637"
19987,19987,"5999,4117,6971,2140,11357,2567,6982,12026,2905,11622"
20008,20008,"851,8421,9580,4277,6971,9799,1776,2140,7833,12990"
20018,20018,"5303,5999,8590,5532,10326,10835,2580,2140,4117,560"
20019,20019,"6220,13296,2343,4413,3428,5866,12470,3950,12665,544"
20020,20020,"7120,1290,4929,6243,10663,12497,4083,12030,13101,8567"
20023,20023,"4117,11622,12857,5999,4798,13346,5303,12026,9799,2140"
20031,20031,"8703,8981,5149,3487,7637,9564,7706,12663,5976,2327"
20039,20039,"13346,8421,13110,2218,5545,10326,8221,3491,8235,1156"
20040,20040,"8235,2903,8870,5495,4865,9937,12136,5199,3422,7558"
20041,20041,"8235,7024,6220,11403,89,13296,2218,12606,4413,9570"
20045,20045,"12857,8235,9164,13375,8421,9799,10326,5495,6220,3870"
20056,20056,"1290,10389,6576,10102,8135,10607,2989,12099,1755,10663"
20069,20069,"2343,13296,6220,4413,12665,5545,1978,3428,3950,12470"
20074,20074,"2580,2287,5249,13296,5484,5337,12623,5976,558,2434"
20083,20083,"2218,9532,1863,8421,2287,5149,10326,13115,5545,12265"
20085,20085,"1290,4929,10607,7120,5135,789,10663,2916,9962,296"
20086,20086,"6220,13296,12470,4413,11403,3509,2343,9410,4798,89"
20089,20089,"5149,9937,8703,8981,1487,9564,2020,7637,4698,5976"
20101,20101,"8235,4715,823,12725,11384,275,6089,9937,454,8671"
20104,20104,"4832,12339,4080,1948,840,11461,6640,3733,8540,12898"
20112,20112,"6638,5149,7024,6529,1378,9942,2380,11103,9229,9937"
20115,20115,"8421,9799,4798,851,5303,6326,6971,1776,11843,8205"
20133,20133,"7120,1290,296,3697,789,5135,6971,10137,9295,6576"
20136,20136,"13296,6220,2343,10835,4413,3950,4388,3428,8608,5545"
20138,20138,"1290,5135,9962,789,10607,4929,7120,10663,3697,13309"
20162,20162,"12793,4117,8922,5303,2140,8590,2990,4277,4315,2789"
20176,20176,"6971,2140,9799,12990,331,5999,12026,8421,851,9504"
20200,20200,"2343,13346,8483,11403,5700,11384,8562,6326,89,7867"
20222,20222,"12321,6893,7120,8093,8054,13436,613,9325,3985,3720"
20251,20251,"7120,1290,296,789,6576,2916,3737,1400,1977,6971"
20256,20256,"6220,13296,12470,4413,11403,3509,2343,9410,4798,89"
20264,20264,"9072,2140,10326,4277,12857,8562,12990,6326,12793,8421"
20280,20280,"4117,5999,2140,12793,5303,6971,8922,2567,8590,4277"
20286,20286,"4163,1558,4216,2957,1290,1779,10389,13431,6610,4940"
20323,20323,"1290,5135,7120,789,2916,4929,3697,9962,10663,12497"
20324,20324,"4111,1290,5976,7391,4028,1334,1156,10649,13296,9101"
20336,20336,"4036,7411,9941,6074,6795,8607,8684,10299,7130,8135"
20339,20339,"8235,7024,6220,11403,13296,89,2218,12606,9570,9799"
20344,20344,"1290,789,4929,2916,3697,4111,11024,6322,10663,1779"
20356,20356,"2343,13296,12470,6220,4413,12665,5495,5545,89,3428"
20360,20360,"9564,10429,544,4777,3088,5962,1816,11103,11846,7120"
20362,20362,"8235,8822,8922,4277,12944,11886,7715,646,6326,2343"
20376,20376,"4798,11622,12857,13346,9799,12990,717,851,8562,5303"
20381,20381,"11615,544,652,12665,3799,8188,10312,10499,6962,1513"
20394,20394,"7120,4036,9101,89,10607,10663,2343,296,2989,3239"
20397,20397,"1290,11024,5135,4111,789,9101,4028,4929,11677,11298"
20407,20407,"10326,7792,7087,3427,350,5545,9532,4823,6839,2343"
20413,20413,"7120,10464,1290,80,11298,6971,8188,5168,3305,4929"
20433,20433,"5135,789,9962,1290,4929,7120,3697,10336,2916,9866"
20448,20448,"13296,6220,2343,10835,4413,3950,4388,3428,8608,5545"
20492,20492,"6220,13296,12470,11403,4413,3509,89,9410,5495,4798"
20505,20505,"1290,5135,7120,11298,4929,9962,10663,2916,4163,13309"
20512,20512,"8235,4715,2343,8483,3950,12857,2411,10537,6529,8562"
20514,20514,"6220,13296,12470,11403,4413,3509,89,9410,5495,4798"
20533,20533,"11615,8188,13090,8922,544,7024,11886,652,275,13112"
20543,20543,"12793,2140,5303,8590,8922,6220,4277,4315,10326,6971"
20546,20546,"8421,9799,4798,851,5303,12857,4277,1996,1776,4679"
20557,20557,"2343,13296,4413,3950,10835,3428,544,5545,1978,12665"
20558,20558,"4117,12793,8922,5303,2140,2990,8590,4277,6971,6166"
20561,20561,"6220,13296,12470,2343,4413,3509,9410,4798,3428,11403"
20566,20566,"1290,6243,4929,5135,7120,4111,789,9837,9962,5841"
20573,20573,"7120,1290,4576,11298,9732,10137,6610,10389,4664,1779"
20623,20623,"9564,7120,1816,1400,12474,544,12026,1290,5962,4777"
20627,20627,"10464,1105,5083,10241,1290,10100,393,7120,3697,6433"
20643,20643,"2291,8922,7063,5303,2140,851,8161,10039,11282,37"
20645,20645,"1290,5135,7120,4163,10607,11298,4929,2916,1779,10663"
20652,20652,"9072,2140,12990,12857,8562,10326,12793,4277,8421,6971"
20654,20654,"4798,12665,3950,4679,13346,8562,12990,10326,1017,4277"
20667,20667,"8205,448,8302,342,6900,2850,9461,1228,544,2343"
20670,20670,"13110,13346,8421,5545,5875,2218,8221,8235,1156,13296"
20671,20671,"6971,2140,8421,2218,6220,9072,10326,8562,4277,8922"
20676,20676,"4117,5999,2140,6971,11357,2567,5303,11622,6982,12793"
20694,20694,"869,8135,11677,1290,11471,9156,10663,6591,10607,12099"
20709,20709,"2140,9072,4277,10326,12857,8562,8421,2218,6971,1421"
20716,20716,"6971,2140,5999,9799,12990,331,12026,9504,8421,851"
20739,20739,"2140,6220,13296,8590,5303,12793,4388,4602,5545,6971"
20763,20763,"2218,2140,9072,7707,7715,3055,9937,10326,3870,12470"
20779,20779,"1290,5135,4929,10607,7120,789,9962,10663,296,2916"
20781,20781,"6515,6971,2140,11282,4798,3770,5303,8421,6166,11396"
20790,20790,"1290,4929,5135,789,7120,3697,9962,2916,10663,12030"
20792,20792,"4277,9164,10326,9799,11969,12857,13375,8235,2910,12990"
20797,20797,"5532,6220,10835,2140,8505,8590,10326,5303,4602,5545"
20811,20811,"8421,2140,2218,4798,6971,8235,2789,10326,12990,560"
20821,20821,"1290,2916,1779,7120,4163,6610,11024,10607,4576,9732"
20830,20830,"6971,851,9799,2140,12990,8421,331,12026,4277,9504"
20861,20861,"7637,8703,8981,5149,7706,12663,11103,6474,9564,1487"
20878,20878,"7120,1747,1290,9331,8017,987,4992,9500,8399,6638"
20891,20891,"8235,11403,11288,11384,6089,121,6634,12725,6160,4715"
20895,20895,"2343,12665,4413,6220,3340,13346,1978,5545,6834,11289"
20901,20901,"6971,5999,2140,12990,331,12026,9799,9504,8421,4798"
20908,20908,"2343,13346,275,12665,1478,6834,3340,2559,769,6220"
20928,20928,"9564,10429,1816,8281,10217,7120,2286,1290,544,910"
20945,20945,"13346,8421,13110,3491,2343,1598,1746,1115,4266,11384"
20971,20971,"7715,8822,8235,4277,8188,11969,11931,2343,12944,8922"
20979,20979,"2140,6971,2218,5303,7172,7715,5999,7024,2789,9072"
20982,20982,"4798,6515,2140,8421,11282,6971,851,8922,5303,8593"
20991,20991,"2789,8421,2140,3340,785,6515,5549,5303,8161,12606"
20998,20998,"12758,13044,5642,1082,13403,8562,11615,544,1583,12665"
21006,21006,"13296,6220,10835,4388,4413,2343,3950,2140,5545,5532"
21018,21018,"2291,7063,2264,9771,9937,9085,4877,8452,2539,5819"
21028,21028,"7024,13296,7706,6220,8922,8235,7707,9799,12606,2218"
21041,21041,"275,13346,2343,12665,5642,454,769,544,12053,6433"
21042,21042,"6220,13296,10835,2140,5532,4388,4413,5545,3950,2343"
21064,21064,"9962,1290,4929,7120,10607,3697,13309,10663,10336,2916"
21075,21075,"13346,2343,454,89,5642,12665,3340,2990,1978,914"
21078,21078,"4413,1493,8205,2343,89,3859,1122,4451,9440,1746"
21081,21081,"2343,13346,1978,2990,4413,89,13110,12665,13296,12470"
21084,21084,"6220,13296,2343,4413,3428,12470,5866,12665,3950,544"
21089,21089,"5642,8562,6141,12665,10835,12463,13403,349,12990,6383"
21112,21112,"3464,7864,3148,1156,4333,4545,6201,6671,13403,13071"
21126,21126,"3515,8235,8922,544,13112,2343,4715,6220,8188,652"
21129,21129,"7120,1290,11298,10607,2916,5135,4929,10663,9962,10389"
21130,21130,"7792,7087,2343,9532,3427,4036,2806,3520,5184,11319"
21137,21137,"6220,10835,13296,2343,5532,4413,3950,5545,2140,3428"
21149,21149,"9768,11677,12793,299,2573,8978,10389,10663,1290,8135"
21152,21152,"6220,8235,11403,89,13296,7024,4413,5495,2218,9799"
21177,21177,"7715,8922,8188,4865,6638,8235,11403,2461,13112,652"
21191,21191,"4929,7120,4387,789,12474,5573,10663,12133,12497,11651"
21200,21200,"5999,11289,5495,2343,5303,9942,1478,12665,8590,10835"
21204,21204,"8235,12857,6971,3055,9937,2140,1220,13249,10326,2218"
21221,21221,"6971,8421,2140,2218,6220,10326,9072,8562,8922,4277"
21228,21228,"1290,7120,2916,4929,10137,10663,296,789,6322,9295"
21249,21249,"8681,8235,12665,11403,7948,121,1220,8590,350,13296"
21256,21256,"851,8421,9580,4277,6971,1776,9799,2140,7833,12990"
21261,21261,"4798,12665,5303,10835,5999,4117,2580,4679,5532,560"
21279,21279,"12026,2140,6971,2218,12579,5303,8235,6326,5819,5999"
21282,21282,"7120,1290,2567,4036,89,2343,8608,1220,7374,10464"
21305,21305,"13296,6220,4388,2140,10835,4413,5545,3950,5532,1598"
21307,21307,"5999,4117,6971,2140,2567,11357,5303,6982,12793,8590"
21315,21315,"4117,12793,8922,5303,2140,2990,8590,4277,6971,2567"
21342,21342,"4111,11024,4230,10217,12184,4625,5723,11556,13130,6243"
21347,21347,"5999,4798,5303,4117,11289,10326,5495,1978,6326,12665"
21357,21357,"5976,2242,13296,12623,1156,3487,7391,5428,3467,5974"
21358,21358,"5303,5999,4117,4798,560,5532,10835,12665,2580,11289"
21368,21368,"1290,5135,4929,7120,789,10663,8567,2916,12497,8302"
21372,21372,"11298,7120,1290,4576,10607,6610,10137,2957,1558,10663"
21373,21373,"2343,13346,5545,13110,5642,8421,6220,4413,487,3950"
21383,21383,"7681,7220,3464,3567,1317,173,786,13071,162,9177"
21393,21393,"5149,9937,1487,6892,5976,4698,8981,12704,11103,7706"
21415,21415,"1290,6243,7120,9962,789,4929,3697,4036,13309,5135"
21421,21421,"4929,1290,789,296,1891,10464,10663,12497,2916,13101"
21433,21433,"4117,12793,8922,5303,2140,2990,8590,4277,6971,2789"
21449,21449,"2343,13296,6220,4413,3428,3950,544,5866,12665,5545"
21483,21483,"2343,6220,13296,4413,3428,3950,5866,544,12665,9729"
21488,21488,"3515,544,2343,4715,8922,8235,13112,6220,652,9693"
21518,21518,"5135,10137,1290,296,7120,4576,4929,2969,9348,1891"
21528,21528,"2343,13346,12665,1478,6834,275,769,3340,6220,2559"
21536,21536,"1290,7120,11298,5135,10607,4163,4929,9962,1779,10663"
21585,21585,"13044,11615,12665,12990,544,13403,1082,1933,12758,5832"
21598,21598,"1290,9101,11024,4028,789,5135,4111,3148,11272,11298"
21602,21602,"2343,6220,13296,12665,4413,10835,3950,5545,11289,3340"
21604,21604,"12990,6515,8421,2789,10340,851,8235,2291,10326,12680"
21626,21626,"5999,6971,2140,9504,12990,12026,331,11357,9799,4117"
21636,21636,"6220,13296,2343,12470,4413,3428,3509,12665,4798,9410"
21649,21649,"7120,4929,12497,3697,2916,10663,5573,4777,6243,8567"
21650,21650,"6326,4277,10326,4798,3950,12944,10916,3870,10224,8562"
21655,21655,"5135,9962,13309,1290,11298,11024,6243,3464,10336,5969"
21662,21662,"7120,1290,10137,12858,9500,1779,9295,2969,3697,7590"
21681,21681,"1290,5135,7120,789,4929,9962,3697,10663,12497,13309"
21686,21686,"13296,2343,6220,4413,3950,10835,3428,544,4388,5545"
21699,21699,"3055,2218,8235,2140,9937,6971,12286,10608,9072,4277"
21702,21702,"7120,4929,789,1290,10464,9671,5135,296,10336,10663"
21709,21709,"7084,9072,8421,8703,13117,6141,11639,13296,799,4250"
21718,21718,"851,6971,8421,9799,4277,12990,1776,9580,7833,12857"
21719,21719,"6326,8235,4277,2343,9164,3870,10326,8922,89,646"
21724,21724,"8922,2343,89,769,3870,9942,1404,8235,646,2411"
21741,21741,"1290,7120,2916,10607,1779,4929,4576,6610,4163,11024"
21746,21746,"1290,2916,4163,1779,7120,6610,2957,11024,4216,9732"
21751,21751,"4388,12793,2140,5303,6220,13296,5545,8505,8590,2218"
21754,21754,"12026,6971,6220,2218,5999,5866,4388,5545,6326,8421"
21768,21768,"2140,12026,6971,5303,8235,2218,12579,5819,7391,5731"
21775,21775,"4698,9937,6892,5149,8981,7474,6445,7706,6166,1189"
21781,21781,"1290,4163,1558,1779,4216,2957,6610,2916,11024,9732"
21789,21789,"12660,3539,1012,10205,3464,3487,987,5636,7120,589"
21795,21795,"2140,12793,5303,8590,6220,4602,6971,10326,4388,13296"
21812,21812,"2140,12793,6220,5303,8590,13296,4388,4602,6971,5545"
21814,21814,"5999,6971,4117,11357,11622,2140,9504,12990,12026,12857"
21820,21820,"2343,13346,8562,8421,5642,3500,22,11384,9942,2255"
21827,21827,"275,8922,89,2343,8235,11886,13112,9693,7024,1404"
21838,21838,"8703,7637,5149,12663,8981,9564,6474,5631,9668,5342"
21855,21855,"6383,12191,350,899,11484,3604,9344,4100,1912,8092"
21881,21881,"851,8421,9799,6971,4277,12990,1776,12857,4798,4865"
21884,21884,"7120,1290,8681,6433,4277,13291,12990,4723,63,8354"
21889,21889,"1290,4929,296,7120,789,10147,6243,9962,2916,10663"
21896,21896,"8235,7948,12665,6742,11403,8681,9072,2218,12668,8590"
21902,21902,"5999,4117,6971,2140,11357,2567,6982,5303,12026,2905"
21916,21916,"2343,6220,10835,5999,12665,11289,4413,1478,5495,1017"
21927,21927,"1290,5135,7120,9962,10663,10607,4929,11298,13309,2916"
21938,21938,"4277,12990,12857,10326,8562,8421,2140,2218,13296,9455"
21948,21948,"12990,4277,4798,8421,8562,12857,10326,13296,2140,2218"
21952,21952,"9405,7120,1290,6971,1747,4118,9671,789,393,3697"
21954,21954,"5303,8922,12793,2140,4315,8590,4277,2789,2990,11843"
21955,21955,"5149,10326,5642,13346,2343,5555,5731,3770,3491,13110"
21978,21978,"7706,8703,7637,11103,8981,5149,12663,6474,1487,8922"
21983,21983,"1290,7120,3697,7590,869,10607,9156,6243,10663,12497"
22004,22004,"2140,6971,2218,12026,5303,5731,12579,7063,8608,7383"
22007,22007,"9564,11103,8205,544,640,1487,5962,10429,4777,12026"
22014,22014,"6220,13296,12470,11403,4413,3509,89,9410,5495,2343"
22020,22020,"6220,13296,2343,4413,12470,3428,5866,12665,3950,544"
22052,22052,"8421,4798,11384,2789,10326,12990,6971,8205,2140,4277"
22056,22056,"6220,13296,12470,4413,11403,3509,89,9410,2343,4798"
22064,22064,"121,275,8188,11886,13112,11403,7715,7024,2343,9550"
22072,22072,"2343,13296,6220,4413,3428,3950,544,5866,10835,12665"
22074,22074,"9072,12857,8562,12793,217,10326,6971,2140,3428,4277"
22102,22102,"2343,6220,13296,4413,3428,3950,544,5866,12665,9729"
22110,22110,"4277,12990,8421,12857,2140,8562,10326,2218,4798,13296"
22111,22111,"5303,4117,5999,2580,5532,8590,560,10835,10326,2140"
22119,22119,"8235,11384,4715,6529,12470,8671,11403,2411,3317,89"
22125,22125,"2789,8421,2140,4798,785,5303,6515,7289,12026,11384"
22150,22150,"4865,8188,8235,9937,7715,13090,5199,11615,8922,8655"
22151,22151,"7120,1290,3697,296,10137,789,9295,5135,6971,6576"
22154,22154,"7120,1290,4929,4250,8710,1747,10102,6243,583,5962"
22213,22213,"5999,4798,5303,11289,4117,5495,9942,10326,10224,6326"
22256,22256,"1290,789,11024,5135,4929,4024,12869,9348,12903,12995"
22258,22258,"2789,8421,6971,2140,2218,10326,4798,5303,8235,6220"
22265,22265,"6892,2020,6166,7491,11969,4786,11615,1062,3303,10241"
22279,22279,"6220,13296,2140,4388,5545,5532,6971,1598,8590,10835"
22280,22280,"7120,1290,4149,3088,12660,12026,5636,12449,589,987"
22283,22283,"1863,7120,10023,987,9500,1290,11615,11398,1747,12652"
22286,22286,"2343,769,9942,1978,13346,275,5495,89,1478,12665"
22288,22288,"12793,2140,5303,8590,8922,4315,4277,4117,2789,6220"
22321,22321,"4163,1558,4216,1779,2957,10389,1290,13431,3464,9732"
22336,22336,"6326,4798,3950,5495,4117,7558,10326,5532,9164,3870"
22344,22344,"2789,6971,2140,9799,12026,6326,8590,8421,12331,9504"
22353,22353,"4152,6659,3509,6018,1328,10201,9742,4576,7756,8515"
22356,22356,"9730,11298,9962,5135,13309,11024,12903,987,3464,4036"
22387,22387,"4798,11622,12857,4277,9799,6638,8562,12990,851,13346"
22427,22427,"7706,13296,7707,8981,11103,5149,2327,6220,7637,8703"
22428,22428,"1290,4111,4929,6243,3697,9962,2916,5135,10663,9295"
22449,22449,"1290,7120,4929,10607,2916,10663,5135,296,789,3697"
22452,22452,"3487,5976,779,1156,13296,11403,6697,3464,9571,1491"
22460,22460,"4163,1558,2957,1290,1779,10389,13431,6610,4940,11024"
22467,22467,"7120,4929,789,4387,1290,5135,9962,296,8567,3697"
22480,22480,"6697,3487,12660,9571,987,5636,589,1290,5841,1012"
22481,22481,"5731,9306,2670,7341,383,3789,2899,7120,3506,2300"
22484,22484,"4117,5303,8922,12793,2140,8590,2990,4277,2789,4315"
22489,22489,"2343,13296,6220,4413,12665,5545,1978,3950,12470,3340"
22502,22502,"1290,4163,1779,1558,4216,2957,2916,6610,11024,9732"
22510,22510,"2969,1290,7120,3697,12858,296,6576,8135,10607,9866"
22511,22511,"8703,2020,5149,7637,6043,9564,12663,4205,13228,8981"
22514,22514,"4798,4117,5303,10835,4679,5999,12857,13346,12026,2580"
22520,22520,"7120,13228,6697,4929,4387,7637,4205,7448,10918,9567"
22546,22546,"4117,5999,2140,6971,2567,5303,12793,11357,6982,8922"
22551,22551,"5999,6220,12665,8590,10835,8413,10326,5495,2343,1017"
22582,22582,"1290,7120,10607,4929,5135,10663,2916,11298,9962,789"
22595,22595,"11931,2343,8235,8822,121,13274,6220,11403,9404,13296"
22597,22597,"6971,5999,2140,12990,9504,12026,331,9799,8421,4798"
22605,22605,"6971,851,9799,2140,12990,8421,331,12026,4277,9504"
22618,22618,"13296,11403,12470,89,4413,3509,5495,9410,4798,8235"
22641,22641,"4117,4798,5303,10835,5999,5532,2580,12026,560,9799"
22645,22645,"2343,6220,13296,4413,3428,3950,5866,544,12665,9729"
22660,22660,"11615,6638,1945,8703,4250,5976,10141,2799,544,2020"
22666,22666,"7024,5495,7715,2218,1290,9937,5303,3515,12668,3055"
22674,22674,"4929,7120,5135,3697,6243,789,2916,12030,13101,12497"
22678,22678,"1290,10464,9962,1334,6220,7120,2343,11024,4028,10663"
22697,22697,"7120,10464,1290,11938,789,3509,6971,2916,9671,80"
22698,22698,"2343,5999,11289,5495,9942,12665,1478,10835,4413,6220"
22705,22705,"10464,7120,10100,1290,10445,3697,9203,7038,10241,9048"
22710,22710,"6971,6220,2218,8421,2140,10326,8562,12857,13310,5545"
22714,22714,"6326,2343,4277,8235,12944,646,89,8922,8822,3870"
22715,22715,"12668,5495,2218,9937,3055,8235,9072,1290,3908,7715"
22720,22720,"11615,13403,6638,1933,3138,1945,12665,544,4250,3799"
22734,22734,"2343,13296,6220,4413,3428,3950,544,5866,10835,12665"
22735,22735,"6971,9744,5303,6515,2140,8922,8707,6166,4798,4101"
22736,22736,"9937,8235,2218,12857,12470,2903,7715,2140,7707,3055"
22747,22747,"7706,11103,8922,13296,6220,7707,1487,8703,2327,8981"
22748,22748,"5966,10608,2140,2291,5303,5731,3106,448,2899,12200"
22759,22759,"6220,13296,12470,11403,4413,3509,89,9410,5495,4798"
22761,22761,"5999,4117,6971,2140,11357,11622,12026,2567,9504,6982"
22774,22774,"9937,8235,4698,10219,13249,2140,1634,6892,3055,6166"
22783,22783,"6220,13296,12470,2343,4413,3509,3428,9410,4798,12665"
22830,22830,"6326,8922,4277,3870,9942,646,10224,89,8235,4798"
22831,22831,"7120,5135,2916,789,4929,10607,10663,9962,3697,12497"
22846,22846,"12857,8421,8483,6326,10326,6220,13346,3950,1220,4798"
22850,22850,"5135,1290,789,9962,4929,10607,7120,3697,13309,10663"
22883,22883,"12793,4117,8922,5303,2140,2990,4277,4315,2789,6971"
22887,22887,"9072,4277,13296,6326,12793,3428,10326,6971,9226,7948"
22893,22893,"2343,6220,13296,4413,3428,3950,5866,544,12665,9729"
22905,22905,"7706,7024,13296,6220,8922,7707,11103,9799,1487,8235"
22923,22923,"11050,7474,8235,3055,11931,6971,89,2140,4277,5545"
22956,22956,"4798,4679,8562,13346,12990,4277,12857,10326,3950,6326"
22964,22964,"8703,7637,12663,8981,5149,9564,6474,5631,9668,11103"
22972,22972,"1290,7120,2916,10607,4929,4576,10663,1779,6610,11298"
22985,22985,"5149,9937,6892,1487,5976,558,9942,4698,11103,7706"
23011,23011,"6220,13296,10835,4388,4413,2343,2140,3950,5545,5532"
23027,23027,"3464,1156,3148,6201,13071,6671,7864,13296,6697,5976"
23036,23036,"5999,5532,4117,10835,560,12665,11289,2580,4798,10326"
23038,23038,"2140,6220,5532,8590,5303,10326,4602,8505,10835,5545"
23046,23046,"10100,6795,4036,8354,7120,12678,1290,10464,6433,4277"
23051,23051,"2343,2559,769,275,12665,7707,5495,544,6220,5999"
23057,23057,"6150,2123,11771,6487,10441,3988,6528,11142,1599,10105"
23062,23062,"1290,4163,1779,1558,2957,2916,6610,11024,9732,10389"
23069,23069,"12857,7707,8421,10326,6220,2140,4798,3870,5866,3428"
23078,23078,"13346,8421,13110,3491,2218,2343,1746,487,1598,11384"
23113,23113,"6220,13296,12470,11403,4413,3509,89,9410,5495,4798"
23121,23121,"2343,2990,7258,2242,4718,2814,1290,544,3075,6220"
23123,23123,"2789,8421,9799,6326,2140,4798,6971,12331,5303,9504"
23136,23136,"8235,3515,10340,9178,5549,9580,12331,7356,11886,8343"
23138,23138,"3870,5495,5999,9799,4117,8922,5532,5303,6326,2411"
23140,23140,"8922,8235,11886,646,3870,89,2343,1404,4277,6326"
23170,23170,"2343,5999,11289,12665,10835,6220,4413,1478,5495,8505"
23173,23173,"1290,2916,10389,296,10607,11298,789,10663,7120,1755"
23179,23179,"2343,6220,13296,4413,10835,1978,3950,12665,3428,5545"
23196,23196,"2140,12793,5303,8590,6220,10326,4602,4277,6971,9799"
23199,23199,"12793,8922,5303,2140,4117,8590,4315,4277,2789,2990"
23216,23216,"8235,3055,9937,7487,7948,2218,11403,6742,12668,8590"
23226,23226,"10100,9203,8354,6659,4859,12793,13403,8681,11171,10835"
23233,23233,"2343,9532,6839,6902,10326,7792,3138,2043,9938,11001"
23253,23253,"4798,11622,12857,851,4679,9799,12990,5303,8562,13346"
23281,23281,"6971,5650,586,9405,7120,10537,2103,2784,3697,3700"
