ID,user_id,item_id
12,12,"10326,4798,5303,4277,8562,12857,2140,8421,10916,10594"
14,14,"6220,544,9942,13296,8562,10326,1290,4798,9101,1863"
17,17,"1328,544,10326,4798,9101,7480,9942,1221,5495,12665"
21,21,"10326,4798,8562,6220,6971,544,4277,13346,10916,8421"
44,44,"1290,11298,7120,1244,9101,9295,9962,12869,9730,4664"
55,55,"4798,10326,8562,13346,6220,10916,4277,3950,6433,2218"
56,56,"89,6971,2343,12665,4798,5495,9693,9404,8922,544"
58,58,"10326,4798,6971,8562,5303,544,13346,4277,6433,3950"
59,59,"4798,10326,3950,6220,13346,12857,6971,6433,8413,4277"
79,79,"10326,6220,13346,4798,544,4277,2343,5303,8562,9693"
81,81,"1290,7120,9101,11298,544,1244,2989,12869,4929,7679"
85,85,"4798,10326,5303,8562,6971,12857,2140,5495,275,544"
92,92,"1290,11298,7120,1244,12869,9730,10389,9101,9295,11024"
97,97,"3950,12665,4798,9942,2218,13346,10326,5495,4602,3055"
100,100,"4798,10326,8562,13346,10916,12857,8421,2140,3950,4277"
112,112,"3950,12857,4798,10326,8562,6971,8413,5495,6220,6326"
122,122,"10326,8562,4798,3950,217,4277,717,3428,6220,10568"
133,133,"2343,9693,6659,1323,64,9532,9942,8483,5532,544"
141,141,"1290,7120,1863,544,6220,9101,4798,9942,10326,6971"
144,144,"9295,9101,6954,544,13330,12449,4798,816,1166,9730"
149,149,"1290,7120,11298,1244,7679,4929,9101,7669,4576,9730"
153,153,"4798,10326,8562,3950,6220,12857,5303,13346,6971,4277"
166,166,"6971,544,9101,3464,9532,9942,2989,6659,4798,11484"
220,220,"4798,8562,6220,8413,13346,9942,6326,2218,12665,10326"
231,231,"9693,2343,3950,9532,5676,13346,9404,5199,8562,12665"
262,262,"1290,4798,10326,7120,6971,5303,4929,12857,8562,544"
274,274,"10326,4798,6220,6971,1290,2218,3950,544,89,12665"
277,277,"10326,12665,4277,544,2343,12470,89,9942,13346,8562"
281,281,"1290,7120,6971,4929,9295,11298,1244,9101,544,3697"
291,291,"4798,217,717,3428,8421,12857,5303,5495,10326,12665"
300,300,"10326,4798,8562,6220,5303,6971,9942,275,4277,544"
310,310,"10326,4798,5303,2218,8562,544,12857,2140,8421,6433"
332,332,"5495,12470,8188,13306,609,3565,544,9101,4798,10326"
344,344,"10326,4798,4277,8562,12857,217,10594,6433,8421,10916"
359,359,"1290,7120,6220,544,9101,89,2989,1244,9942,11298"
380,380,"5495,5199,2903,5532,2343,9693,9942,10835,544,6795"
386,386,"9942,6220,8562,4798,3950,12665,3428,4277,13346,6971"
426,426,"3950,13346,8562,2218,12665,3055,5495,5303,5199,8413"
436,436,"10326,4798,544,4277,12857,8562,6971,13346,6433,8421"
453,453,"4798,6971,8562,6220,89,10326,5303,13346,544,9942"
461,461,"7120,544,1244,10326,9101,2989,6971,11298,4929,9942"
464,464,"4798,10326,2140,544,7138,9101,2291,9942,5495,9306"
473,473,"5495,12665,544,9942,1862,9101,8562,4798,10326,8224"
481,481,"10326,6220,4798,217,6383,717,12665,350,8421,9101"
490,490,"275,4277,8483,350,3428,4798,10326,544,9340,2218"
494,494,"4798,8562,6220,10326,5303,6971,12665,8413,9942,3950"
497,497,"2989,1290,7120,12869,7679,9730,7669,9101,11298,12655"
510,510,"2343,544,9942,3950,8562,6220,13346,3428,64,12665"
511,511,"10326,4798,8562,6220,12857,4277,8421,717,5303,10594"
512,512,"1290,9693,2343,544,7120,11298,1244,9101,4576,9730"
524,524,"1290,7120,1244,11298,4929,9962,12869,9295,9101,789"
525,525,"4798,10326,544,5303,13346,3950,4277,8562,6971,12665"
545,545,"4798,10326,12857,8421,10594,8562,217,717,544,9101"
560,560,"10326,8562,3950,4798,13346,6220,10916,12857,544,3428"
564,564,"9693,2343,6795,275,544,4277,9942,10326,2537,6834"
566,566,"13346,12665,2343,5303,4798,6971,6220,275,10326,9942"
568,568,"6220,3428,4277,10326,8562,2218,13346,4798,5495,8421"
570,570,"8562,6220,2218,544,7707,10429,10326,4798,9942,5495"
573,573,"10326,4798,8562,13346,4277,3950,6433,6220,10916,217"
594,594,"8562,10326,4798,6220,3950,13346,5303,4277,12665,9942"
601,601,"10326,4798,5303,275,6971,2218,2140,6220,12665,544"
605,605,"5495,2905,3950,12611,4798,5999,544,9101,10326,9942"
641,641,"9942,6220,4798,3950,3428,13346,2343,9693,10326,544"
650,650,"9942,3950,6220,3428,2218,4798,5303,8562,12665,2411"
675,675,"9942,6220,8562,12665,6971,4798,3870,3950,275,5545"
677,677,"1290,7120,4929,10663,9962,3697,1244,9101,544,789"
679,679,"10326,544,4798,5303,6971,4277,9942,6220,5676,8562"
683,683,"3950,13346,4798,810,8562,4469,5610,9245,12665,217"
687,687,"10326,544,4798,8562,13346,6220,5303,10916,8421,12665"
705,705,"275,4798,5303,10326,717,544,9340,4277,9101,7063"
708,708,"1290,7120,544,11298,1244,9101,6971,2989,4576,4664"
712,712,"8562,9942,5495,6220,3950,13346,12665,13306,2343,13110"
715,715,"4798,5303,10326,275,2140,13346,6971,4277,3950,5495"
728,728,"1290,7120,9101,1244,11298,9730,12869,9962,544,4929"
743,743,"12665,9693,2343,544,10326,89,2218,6971,2903,5532"
753,753,"6220,544,8413,5495,2989,5303,12665,5545,9942,4413"
757,757,"4798,10326,13346,5303,6220,6971,8562,9942,3950,2218"
768,768,"5495,3950,8562,8413,10326,13346,5303,4798,6220,2218"
797,797,"2343,6795,5532,2537,64,544,10835,5199,6834,10326"
813,813,"12665,9942,6971,9101,544,2989,6220,4798,10326,4413"
832,832,"1290,7120,11298,4929,1244,9101,6971,10663,2989,9295"
833,833,"9942,6220,4798,8562,10326,12665,13346,5303,3950,2140"
844,844,"12665,13346,2343,9942,4277,6220,544,10326,4798,8413"
858,858,"10326,544,4277,3950,8562,6220,50,9101,4798,8421"
874,874,"11298,12869,9730,544,12665,6220,4576,11024,9101,1290"
875,875,"10326,12470,8562,5303,4798,4277,544,6220,9404,13346"
892,892,"4798,6220,8562,5303,2140,9942,544,10326,6971,9101"
897,897,"3950,9942,3428,13346,12665,544,4602,5524,9101,4798"
912,912,"1290,7120,10326,4798,6971,5303,8590,9295,4929,9101"
924,924,"6220,9942,8562,13346,8188,12665,5545,3428,544,5485"
926,926,"6220,1290,544,9942,8562,12665,13296,10326,6971,5495"
933,933,"10326,4277,5303,5495,544,2140,8413,9178,6433,8562"
944,944,"8562,6220,9942,3950,13346,4798,13110,5545,89,3428"
951,951,"5495,4798,5303,8562,6971,2218,10326,6220,8413,9942"
974,974,"544,8562,6220,3428,9693,4798,12665,9942,2343,8681"
1010,1010,"9306,4798,544,9101,10326,5946,9942,12871,13214,5495"
1013,1013,"89,12665,6971,4798,544,7024,9942,8562,9101,7983"
1016,1016,"4798,1290,6220,9942,7120,5303,6971,2218,8562,12665"
1023,1023,"1290,7120,6220,89,12665,6971,1244,11298,9730,4929"
1035,1035,"544,12665,1290,6220,5303,6971,4798,1244,4277,11298"
1046,1046,"544,1290,7120,9101,10326,1244,11298,2989,5303,4798"
1051,1051,"1290,7120,9942,2218,2989,544,6220,5495,11298,9101"
1057,1057,"5303,10326,4798,8421,10594,8562,6971,1912,2140,10916"
1064,1064,"1290,7120,4798,6971,4929,10326,8590,5303,9295,10663"
1080,1080,"4798,544,12104,9101,8562,10326,10566,7589,10434,9998"
1089,1089,"10326,8562,4798,4277,544,6220,5303,717,13346,2343"
1090,1090,"10326,8562,13346,3950,10916,4798,4277,12857,6971,8421"
1103,1103,"10326,8562,4798,13346,10916,6433,3950,8421,1681,2140"
1123,1123,"1290,7120,4929,6971,10663,544,9101,1244,12030,4798"
1134,1134,"10326,4798,5303,8562,12857,4277,8421,13346,275,6433"
1136,1136,"8562,3950,10326,4798,9942,13346,12665,4277,5303,2218"
1139,1139,"6220,544,13296,5495,1863,9693,9942,10429,1290,8562"
1154,1154,"9942,544,6220,3428,12665,10326,12470,8562,5495,2343"
1169,1169,"1290,1244,11298,544,9101,6220,2989,9730,4929,4576"
1173,1173,"8562,8188,4798,6220,7707,13346,10326,10429,544,3950"
1178,1178,"544,9101,5875,4798,12665,10326,8235,8413,7024,9942"
1190,1190,"8562,4798,10326,3950,5303,6971,13346,12665,5199,8413"
1205,1205,"4798,8562,6220,5303,9942,13346,10326,3950,6971,8413"
1217,1217,"11298,1290,2989,9730,7120,12869,7679,1244,9101,4576"
1218,1218,"544,9693,9101,2343,6220,9942,12665,89,11298,5532"
1230,1230,"6220,4798,10326,8562,544,2218,5303,9693,2343,12665"
1250,1250,"10326,4798,5303,8562,4277,13346,10594,6433,12857,8421"
1252,1252,"3950,2343,5303,5199,8562,9942,544,4798,12665,5495"
1276,1276,"9693,2343,9942,5199,5532,6795,544,5495,5999,4798"
1279,1279,"1290,7120,6971,1244,11298,9962,4929,789,5135,544"
1281,1281,"10326,217,5303,4798,4277,12857,8421,275,1328,544"
1288,1288,"8562,3950,3428,6220,13346,4277,5495,275,9942,2218"
1305,1305,"11298,1290,1244,9730,9962,9101,7679,789,10607,5135"
1320,1320,"4798,8562,3950,8413,10916,12857,13249,6326,6220,5303"
1321,1321,"5495,3950,10326,5303,6971,4798,5199,2218,2140,13346"
1328,1328,"9942,6220,6659,8562,2218,3870,13296,7707,8188,544"
1343,1343,"4798,10326,8562,4277,12857,5303,544,13346,6971,10916"
1345,1345,"544,2989,1290,10326,7120,9101,11298,4277,9730,11969"
1374,1374,"11298,1244,7120,7679,12869,9101,4664,9730,6288,8978"
1410,1410,"1290,7120,4929,9101,11298,544,1863,12665,4798,10326"
1414,1414,"12857,10594,10326,8161,4798,6433,544,9101,2636,8483"
1420,1420,"4798,6220,9942,8562,2218,8413,5676,10326,5495,5303"
1440,1440,"2343,9693,544,8562,8590,9101,5495,11660,9942,4798"
1441,1441,"544,2989,10429,9101,9942,1863,7679,4798,12665,3487"
1443,1443,"11298,1290,9101,1244,2989,9730,4576,544,7679,11024"
1458,1458,"1290,7120,1244,11298,544,9101,10326,9295,4929,2989"
1492,1492,"4798,9942,6220,10326,3950,8562,13346,6971,3870,5303"
1496,1496,"10326,4798,5303,6971,8562,544,275,8421,2218,4277"
1499,1499,"12665,5303,5199,3950,10326,2343,13346,3055,4798,13315"
1504,1504,"1290,11298,9101,7120,1244,2989,12869,544,7679,9730"
1516,1516,"8562,4798,6220,10326,13346,2343,4277,12665,3428,9942"
1523,1523,"4798,9455,717,2767,9178,544,9101,8363,10326,638"
1534,1534,"544,9101,4798,10326,9942,5495,12665,8562,8540,11298"
1539,1539,"1290,7120,544,2989,11298,6220,1244,9942,12665,12869"
1559,1559,"1290,7120,2989,1244,544,9101,9730,6971,12869,4576"
1572,1572,"6220,9942,12665,8562,544,3950,10326,2218,4798,3428"
1573,1573,"10326,4798,5303,4277,717,12857,8421,10594,10916,217"
1601,1601,"544,1290,6220,9942,7120,6971,7707,9101,1244,4798"
1603,1603,"8562,3950,4798,50,12857,10326,1383,544,9101,10916"
1604,1604,"217,4277,544,10326,4798,350,717,13346,3428,1978"
1613,1613,"11298,2989,1290,7679,544,1244,7120,9101,9730,4576"
1634,1634,"4798,10326,9942,8562,4277,6659,3950,6971,544,9404"
1642,1642,"3950,8562,4798,6220,13346,10326,2218,9942,12665,8413"
1643,1643,"1290,7120,1244,2989,9101,11298,544,6220,6971,4929"
1654,1654,"8562,4798,6220,10326,9942,3950,13346,544,9693,6971"
1657,1657,"2989,11298,7679,12655,544,9101,8978,9730,11024,1244"
1674,1674,"1290,6971,4798,10326,12665,544,89,9693,2343,6220"
1702,1702,"8562,10326,9942,6220,12665,13346,6326,13110,3428,3870"
1719,1719,"6659,3950,9942,544,8562,1328,9101,6220,4798,10326"
1725,1725,"4798,8562,10326,3950,13346,6220,12857,4277,6326,12665"
1726,1726,"1290,7120,6971,4929,4798,2140,275,10326,544,7063"
1728,1728,"2343,9693,544,6971,9942,9101,11969,10326,4576,1244"
1735,1735,"89,5875,12757,7024,12665,544,8235,9101,8922,4798"
1739,1739,"1290,7120,4929,10663,3697,9101,544,1244,4798,10326"
1774,1774,"4798,10326,8562,3950,13346,6220,4277,12857,5303,3428"
1780,1780,"544,10326,4798,9101,4277,11969,1323,6220,350,10568"
1799,1799,"217,6270,544,2771,9101,8459,4798,10326,4892,2963"
1813,1813,"4798,8562,10326,3950,9942,13346,2218,5303,6220,4277"
1834,1834,"4798,8562,3950,13346,12857,10916,6326,10326,544,8421"
1835,1835,"5495,12470,11484,8562,544,9101,4798,10326,8911,6082"
1841,1841,"1290,11298,1244,12869,9730,9101,9295,9962,10607,789"
1863,1863,"6220,3950,3428,12665,8562,9942,10326,4798,5545,13346"
1878,1878,"8562,3950,9942,12857,13346,6220,3428,8413,4798,6326"
1879,1879,"2343,10326,4798,8562,6971,6795,13346,5532,5303,5199"
1910,1910,"1290,7120,6971,2343,5303,9101,10663,4798,10326,6591"
1911,1911,"4798,8562,5303,13249,10326,5495,8421,6220,544,9340"
1919,1919,"13346,9693,2343,9942,6220,544,6795,5545,3870,12665"
1925,1925,"12869,7679,9730,11298,9101,4163,2957,8978,3464,1558"
1926,1926,"11298,9962,1244,8978,789,9101,9730,11024,7679,544"
1931,1931,"544,10326,4798,9101,7275,2940,9942,9850,10107,5495"
1940,1940,"4798,10326,5303,8562,13346,6971,4277,2218,6220,275"
1968,1968,"4798,5303,10326,4277,1328,8483,12857,13249,717,8421"
1981,1981,"4798,3950,8413,12665,13346,5303,6971,6220,10916,10326"
1992,1992,"1290,7120,11298,1244,10663,2989,9101,2916,9295,9730"
1998,1998,"11298,1290,9730,9295,11024,9101,1779,1244,2989,4664"
2000,2000,"1290,7120,4929,11298,1244,9962,9101,10663,9295,789"
2017,2017,"4798,8562,10326,3950,13346,4277,12857,5303,6971,6220"
2036,2036,"544,5875,9101,4798,10326,9942,12665,8235,5495,13112"
2044,2044,"9693,2343,544,6220,3950,9942,11572,5495,11969,8562"
2047,2047,"11298,1290,9101,7120,1244,12869,6591,9730,2989,1779"
2052,2052,"5303,10326,1328,544,350,4798,9101,8161,8562,9942"
2055,2055,"5495,544,9101,4798,9942,10326,5760,6060,12665,9375"
2069,2069,"9942,8562,6220,2218,8413,3428,3950,5545,13110,544"
2075,2075,"2343,9693,6220,5303,10326,3950,8562,4798,544,9942"
2089,2089,"4798,4277,10326,8421,10916,10594,8562,717,350,12857"
2093,2093,"4798,8562,12665,6220,10326,3950,5303,9942,2218,6326"
2127,2127,"10326,4798,2140,5303,8205,544,5610,1295,4277,9101"
2135,2135,"9942,12665,6220,3428,8562,3950,5545,5303,2218,5495"
2137,2137,"12665,89,3950,6220,8562,2343,13346,3055,8235,544"
2141,2141,"8413,6220,8562,544,9942,2218,8188,7707,5495,7792"
2147,2147,"1290,544,7120,6971,7669,11298,1244,4664,12869,9101"
2150,2150,"10326,4277,8562,12857,4798,717,350,5303,8421,544"
2153,2153,"4798,8562,12857,5303,10326,6326,6220,10916,13249,6971"
2158,2158,"1290,11298,7120,2989,1244,544,9101,7679,12869,4576"
2178,2178,"5495,8562,2343,6971,5199,13249,13346,4798,5532,9693"
2180,2180,"8562,9942,6220,13346,3428,3950,12665,2343,5676,10326"
2181,2181,"2989,11298,3464,544,1290,7679,1779,1244,7120,9730"
2193,2193,"3950,9942,8413,8562,6220,4413,4798,544,5495,9101"
2216,2216,"10326,4798,8562,4277,544,13346,8421,6433,350,12857"
2224,2224,"8562,5495,10326,3950,8413,12470,5303,2343,5199,2140"
2231,2231,"2343,6971,9693,89,12665,5199,5532,544,1290,8590"
2242,2242,"3428,4277,10326,5495,3950,6220,13306,217,8681,544"
2243,2243,"5495,2343,9693,544,5676,2903,10326,5199,12470,5532"
2247,2247,"9730,4443,544,9101,13043,8579,4798,4266,5495,10326"
2262,2262,"544,11298,1290,1244,9101,7120,2989,4576,7679,11024"
2271,2271,"4798,10326,8562,544,5303,3950,4277,2218,13346,2343"
2284,2284,"13346,3950,6971,4798,8413,10916,5495,8562,10326,609"
2287,2287,"8562,13306,8188,544,9101,5495,4798,9942,10326,10213"
2291,2291,"5303,10326,2140,4798,2218,5199,275,8562,6971,544"
2293,2293,"4798,1290,544,5303,7120,6971,9730,2218,1244,275"
2294,2294,"4798,10326,8562,12857,5303,4277,6433,10594,6326,8421"
2301,2301,"4798,6971,5303,10326,6220,8421,6659,275,2343,8562"
2310,2310,"9942,12665,544,6220,8562,2989,10326,3428,1244,1290"
2341,2341,"4798,10326,8562,6971,13346,3950,12665,5303,12857,6220"
2345,2345,"11298,7679,9101,2989,12655,11024,4576,11918,12869,1244"
2348,2348,"1290,7120,11298,1244,9101,9730,2989,544,4929,12869"
2349,2349,"4798,10326,6971,13346,544,4277,3950,10916,8562,5532"
2350,2350,"10326,544,4798,1290,4277,5303,6971,7120,6220,9942"
2355,2355,"10326,4798,4277,12857,8562,3950,10916,217,717,6433"
2383,2383,"10326,4798,13346,12857,8562,717,6326,4277,6433,8421"
2393,2393,"4798,10326,2140,544,2291,9101,9306,9942,5303,6971"
2399,2399,"7120,4929,1244,4798,6971,544,9101,10663,10326,5303"
2421,2421,"544,2343,10326,6795,13346,5532,4798,12665,4277,2537"
2435,2435,"9532,9693,2989,9101,544,10326,89,11298,2343,4798"
2448,2448,"5495,8188,6971,5199,9942,13346,544,5875,10326,4798"
2452,2452,"1290,7120,4929,6971,9295,1220,544,9693,2343,9101"
2464,2464,"8562,6220,9942,3950,3870,10326,4798,5545,4413,3428"
2470,2470,"12857,3950,5642,8562,10594,10326,4277,2063,217,9453"
2478,2478,"6971,1290,2218,5303,5199,12665,89,8590,5532,2903"
2506,2506,"6220,8562,5495,3950,3428,10326,5303,4798,10594,217"
2523,2523,"6971,4798,544,8235,12665,10326,9101,5875,9942,5495"
2527,2527,"1290,7120,4929,10663,544,9101,5573,12030,4798,10322"
2528,2528,"4798,3950,8562,12857,10326,6220,6326,13346,12665,9942"
2530,2530,"13346,8562,3950,2218,5303,10326,4798,5199,12665,5495"
2533,2533,"9942,6220,8413,8188,6659,7792,3950,13310,544,3428"
2540,2540,"8483,8562,10326,13346,4277,275,3950,4798,217,5461"
2558,2558,"3950,8562,13346,10326,12665,4798,9942,6971,8413,8235"
2559,2559,"6659,6220,12665,8188,9942,3950,5545,13110,8562,13306"
2592,2592,"10326,4798,13346,544,6971,275,6220,5303,8562,12665"
2599,2599,"10326,4798,8562,5303,4277,6971,275,544,2140,12857"
2608,2608,"9942,6220,8562,12665,3428,3950,5545,12470,89,5495"
2613,2613,"11298,1290,7120,2989,9730,12869,11024,9101,9295,1244"
2616,2616,"8413,5495,8562,6270,4798,4181,544,7715,9101,9942"
2617,2617,"544,8562,1863,6220,4798,10326,9101,275,10429,5495"
2619,2619,"3950,9942,8562,6220,8413,13346,12665,89,544,4798"
2622,2622,"1290,7120,11298,1244,9101,9295,4929,9730,544,789"
2629,2629,"1290,11298,1244,9101,7120,544,9730,4576,7679,2989"
2648,2648,"1290,1244,9101,7120,544,2989,7679,4576,12869,9730"
2654,2654,"4798,10326,8562,6220,12665,5303,6971,3950,275,2140"
2668,2668,"10429,544,5976,9101,6220,9942,4798,10326,8562,5495"
2703,2703,"5495,5199,3565,5532,9942,544,4118,9101,4798,5422"
2710,2710,"10326,4798,8562,4277,3950,13346,9942,12857,10916,8483"
2713,2713,"4798,6971,5303,10326,13346,8562,3950,12665,6326,8421"
2722,2722,"7120,1244,9101,9730,11298,4929,2989,544,12869,10663"
2724,2724,"1290,7120,4929,1244,6971,10663,9295,544,9942,11298"
2727,2727,"10326,4798,6220,8562,5303,6971,544,13346,2218,9942"
2755,2755,"11298,7669,544,9101,2989,12869,7679,1290,11554,8978"
2769,2769,"13346,4277,10326,275,8562,4798,9942,12404,3428,9455"
2776,2776,"10326,5303,2218,544,5495,5199,5532,9942,8562,6971"
2781,2781,"1290,7120,4929,1244,6971,11298,9295,10663,9101,544"
2782,2782,"1290,7120,11298,1244,7679,4929,9730,9101,10663,4576"
2789,2789,"2343,4798,9693,5199,3950,10326,5532,5303,13346,544"
2794,2794,"9942,3950,2903,12665,5545,2218,4798,3428,8562,544"
2804,2804,"8562,6220,3950,9942,2218,2343,12665,3428,13346,9693"
2819,2819,"544,5495,12665,6220,8562,10326,5303,3950,4798,2218"
2846,2846,"6971,544,8562,9942,4798,6220,13408,10326,12665,2218"
2851,2851,"7669,12869,2989,11298,1244,9101,11024,11554,544,9730"
2861,2861,"10326,4277,544,8562,9532,9404,8421,7707,5199,2343"
2862,2862,"9942,12665,6220,9693,9101,2989,89,2343,8562,544"
2867,2867,"13346,10326,350,10594,5495,4798,1328,544,9101,12857"
2873,2873,"9693,2343,5495,544,13408,6795,5532,1290,12665,6971"
2880,2880,"6220,9942,8562,7707,544,1863,13296,10429,9101,9693"
2881,2881,"10326,4798,12857,4277,8562,10594,10916,8421,13346,6433"
2886,2886,"4798,4277,12665,8562,5303,6220,50,217,9340,10326"
2891,2891,"2343,9693,10326,13346,4798,9942,6795,12665,6971,5532"
2908,2908,"10326,544,4798,5303,1290,2140,7120,8421,4277,6971"
2910,2910,"544,9693,8562,2343,6220,7707,9942,4798,5303,9101"
2915,2915,"10326,4798,5495,9942,3950,8562,6220,13346,12665,8413"
2935,2935,"6971,5303,544,6220,5495,5199,2218,10326,12665,8562"
2946,2946,"1290,544,2989,11298,9101,1244,9730,12869,4576,9295"
2948,2948,"544,1290,2989,6220,11298,7120,9101,7679,1244,10389"
2969,2969,"3950,9942,2218,2140,4798,12665,544,9101,8562,10326"
2979,2979,"11298,12869,1290,7679,2989,1244,7120,11024,8978,10389"
3036,3036,"3464,1290,7679,7120,11298,6248,9101,2989,8315,1244"
3050,3050,"4798,10326,13346,8562,2343,3950,9942,5199,9693,8421"
3056,3056,"6659,1328,4798,544,9101,10326,9942,5495,8562,4803"
3061,3061,"4798,10326,4277,5303,12857,8421,8562,717,3950,217"
3066,3066,"6220,8562,4798,5495,9942,6659,2218,10326,5545,12665"
3069,3069,"10326,4798,5303,12857,8562,217,6326,8421,13346,10916"
3094,3094,"10326,4798,4277,5303,8562,350,217,544,10916,717"
3106,3106,"8562,12665,6220,3950,9942,8188,6659,2218,10326,4277"
3110,3110,"1290,7120,4929,10663,544,9101,4798,2916,9730,12497"
3115,3115,"2343,9693,5199,5532,12665,544,10326,5495,2903,8562"
3136,3136,"1290,544,6971,7120,9101,5303,2218,6220,8562,10326"
3159,3159,"10326,8562,4798,1328,3950,6659,9404,2140,9942,6220"
3166,3166,"10326,5495,544,4798,5303,4277,2343,6220,9942,275"
3172,3172,"1290,2343,9693,11298,544,7120,1244,9101,89,6971"
3200,3200,"13346,3950,8562,4277,10326,2343,544,350,6326,6383"
3217,3217,"4798,10326,13346,3950,2218,8562,10568,6220,9942,5199"
3218,3218,"1290,7120,11298,1244,544,9101,6220,4664,7679,1863"
3229,3229,"4798,10326,13346,4277,5303,6433,275,544,9340,10916"
3230,3230,"544,1290,10326,7120,6971,2989,9101,5303,6220,4798"
3274,3274,"4798,6971,10326,5303,2140,7063,275,6433,544,5495"
3285,3285,"10326,4798,4277,5303,12857,544,350,8562,9178,8421"
3316,3316,"9942,6220,8562,3428,13346,12665,13110,5545,2218,3870"
3319,3319,"8562,4798,10326,4277,3950,5303,350,8483,13346,8421"
3323,3323,"10326,4798,8562,3950,4277,13346,5303,12665,6220,544"
3346,3346,"4798,2989,5303,12665,6971,1290,11298,2140,9730,7120"
3354,3354,"8562,10326,13346,9942,11969,6220,4798,3950,3565,12857"
3368,3368,"4798,8562,3950,10326,4277,6220,217,5303,3428,12857"
3374,3374,"9942,1290,8562,7120,3428,12665,5545,3870,13110,13296"
3391,3391,"8562,10326,4277,12857,3950,4798,217,10916,8421,350"
3397,3397,"8562,2343,13346,6220,89,10326,12665,9693,9942,4798"
3404,3404,"8562,7707,10429,544,5495,4798,6220,9101,10326,8981"
3408,3408,"9942,4798,8562,12665,6971,5303,8413,6220,2218,3950"
3416,3416,"2343,9693,2989,6795,544,9101,6971,5532,1290,11298"
3422,3422,"4798,10326,1290,544,6971,7120,5303,8562,4277,8421"
3423,3423,"544,8562,6220,5303,5495,2218,10326,4798,1019,9693"
3426,3426,"9942,6220,12665,3428,3870,4798,5545,6659,8562,2218"
3436,3436,"8562,10326,4798,12665,6220,2343,544,13346,6971,9693"
3448,3448,"4798,10594,12857,8562,10326,8421,11345,10869,544,9101"
3464,3464,"9942,12665,8562,3950,13346,2218,6220,6659,10326,5642"
3472,3472,"1290,7120,6971,11298,1244,4929,89,544,6220,9101"
3477,3477,"9942,8562,6220,5495,544,5303,10326,3428,3950,12470"
3488,3488,"10326,4798,3950,13346,5303,6220,4277,12857,8562,10916"
3497,3497,"13346,8562,4798,8413,12665,5303,3950,6220,10326,5199"
3504,3504,"1290,7120,1863,544,9101,7637,1244,4798,8703,10326"
3517,3517,"13346,5303,4798,8562,10326,3950,12857,6971,2140,8421"
3538,3538,"5495,5303,10326,4798,12668,8421,217,9942,8562,9072"
3544,3544,"3950,12665,2343,4798,5461,13346,6220,64,10326,89"
3547,3547,"217,4798,4277,10326,717,13249,6220,3950,13346,6383"
3569,3569,"10326,275,6971,5303,2343,4798,12665,2140,6220,5199"
3570,3570,"544,170,9101,10326,4798,7902,9942,5495,7616,12665"
3575,3575,"10326,4277,4798,13346,9178,544,11000,12934,12857,3950"
3579,3579,"4798,10326,8562,2343,4277,13346,544,6220,6433,217"
3588,3588,"1290,6220,544,7120,8590,13296,9942,9101,1863,10326"
3592,3592,"2989,12869,7679,1290,11298,9942,2874,544,9101,11024"
3617,3617,"4798,10326,8562,5303,6220,3950,4277,6971,8421,2140"
3632,3632,"8413,3950,9942,12665,4602,544,3870,9101,4798,6220"
3650,3650,"544,4798,2140,10326,9101,7063,9942,275,13214,5495"
3654,3654,"10326,4798,350,5303,1328,275,9178,8562,2140,12857"
3656,3656,"4798,5303,10326,1290,9942,544,9101,7637,7120,2199"
3678,3678,"1290,544,7120,6220,6971,9693,9942,2343,3950,5303"
3681,3681,"544,9101,8112,4798,10326,9942,5495,8540,12665,8562"
3683,3683,"4798,10326,5303,717,8421,4277,10916,6971,2140,217"
3685,3685,"10326,4798,544,5303,4277,3950,8562,2218,10594,12665"
3699,3699,"1290,7120,3464,11298,1244,7679,2989,9101,4929,7047"
3707,3707,"8188,5495,8562,6220,10429,9942,4413,544,4798,9101"
3731,3731,"1290,7120,1244,2989,544,9101,4929,9730,4576,7679"
3737,3737,"4798,12857,8562,5303,10326,6433,8483,3950,13346,2218"
3739,3739,"8562,13346,4798,10326,9942,6659,8188,544,6220,9101"
3744,3744,"3950,12665,6220,13346,9942,8562,4798,10326,2218,3428"
3753,3753,"10326,4798,13346,6971,5303,10916,8562,8421,3950,9178"
3778,3778,"8562,5303,5495,6220,2218,4798,3950,9942,10326,8413"
3786,3786,"8562,3950,6220,9942,4798,13346,5303,12470,8413,5495"
3790,3790,"4798,8562,9942,3950,13346,10326,2218,5303,6220,3428"
3804,3804,"4277,217,717,10077,350,544,6383,8421,10326,13346"
3805,3805,"8562,3950,4798,10326,5303,13346,2218,12857,5199,8413"
3819,3819,"10326,544,4798,8562,6220,5303,3950,2218,5495,13346"
3827,3827,"544,2459,9101,9375,4798,10326,11337,9942,5760,5495"
3829,3829,"4798,10326,8562,13346,5303,12857,6971,3950,8421,2140"
3841,3841,"10326,6971,5303,2343,544,8562,2140,13346,6220,275"
3849,3849,"1290,7120,11298,1244,9730,9101,9962,12869,789,5135"
3928,3928,"1290,7120,11298,1244,9101,4929,9295,12869,544,9730"
3988,3988,"11298,7679,8978,7342,6288,3464,4163,9101,2957,9330"
3994,3994,"1290,2989,7120,11298,9101,1244,544,6220,7679,9730"
3998,3998,"13346,9942,3950,2411,4277,10326,3428,4798,12665,6220"
4012,4012,"3950,13346,4798,8413,8562,544,10340,9101,10326,9942"
4021,4021,"5303,4798,2343,2140,6971,10326,544,8205,5495,9693"
4022,4022,"4798,8562,6220,4277,6971,13346,12665,5303,3950,9942"
4047,4047,"9942,6220,8188,544,6659,5495,8562,4798,10326,9101"
4073,4073,"1290,2989,544,11298,1244,9101,9730,4929,4576,6971"
4099,4099,"544,5495,1290,7120,6220,5303,12470,2218,9942,12665"
4100,4100,"5495,544,8703,9101,4798,9942,10326,8562,12665,8413"
4120,4120,"12470,13408,5303,12099,9942,1355,12668,6220,1323,5676"
4126,4126,"1290,7120,544,11298,9101,6971,4929,2989,10326,4576"
4136,4136,"4798,8413,8562,5303,2140,10326,844,5495,2218,6326"
4160,4160,"7669,1290,11298,7679,12869,9101,7120,4163,9330,1244"
4173,4173,"1290,7120,1244,6971,11298,9101,4576,9730,9942,2989"
4177,4177,"1290,7120,9730,544,2989,11298,9101,7679,1244,4576"
4183,4183,"10326,4798,4277,5303,544,8421,717,10594,217,10077"
4191,4191,"1290,7120,4929,1244,10663,544,9101,4798,10326,4387"
4195,4195,"10326,8562,4798,4277,13346,12857,5303,2140,8421,10916"
4213,4213,"9693,9942,2343,6220,544,6971,5495,13306,8562,10326"
4226,4226,"5495,9942,13249,3428,3950,5109,13346,217,5303,4277"
4227,4227,"1290,7120,11298,1244,9295,9101,9730,544,2989,1779"
4232,4232,"13346,3950,4798,10326,8562,13249,11540,854,12665,544"
4255,4255,"4798,10326,4277,13346,5303,717,8421,350,8562,217"
4258,4258,"544,12869,9101,6569,4545,1856,11298,9295,4798,7706"
4274,4274,"5303,1328,10326,8421,350,4277,4798,8483,1912,544"
4289,4289,"1290,7120,2218,6220,6971,13296,7707,544,89,5545"
4295,4295,"10326,8562,6220,13346,4277,4798,544,9942,3950,64"
4300,4300,"8562,13346,10326,3950,6220,3428,9942,217,4277,12665"
4334,4334,"4798,13346,12857,10326,8421,217,8562,10594,6326,8205"
4361,4361,"8562,10326,4798,5303,13346,3950,5199,9942,6971,8205"
4377,4377,"4798,8562,3950,10326,13249,13346,3428,5610,6220,6326"
4412,4412,"1290,7120,9730,11298,2989,1244,4929,7679,3464,9295"
4415,4415,"8413,13346,12857,7919,1042,8562,4798,544,5348,10326"
4424,4424,"4798,13346,8562,6971,10326,544,9101,5303,8981,5495"
4425,4425,"10326,4277,4798,10594,12857,8421,350,8562,6433,9340"
4430,4430,"8562,4798,10326,13346,5303,3950,6220,12857,10916,4277"
4433,4433,"10326,4798,8562,8413,5303,6220,12857,2218,5495,8421"
4436,4436,"5495,9942,10326,4798,544,5731,2140,8562,9101,7063"
4458,4458,"10326,4798,5303,13346,8562,3950,10594,10916,13249,6433"
4461,4461,"10429,1863,544,8562,9101,5495,4798,9942,10326,5976"
4488,4488,"3950,12665,9942,6220,13346,2218,89,5676,4798,3055"
4497,4497,"1290,7120,1244,11298,4929,9101,544,9295,6971,10326"
4498,4498,"10326,5303,4277,4798,544,350,2140,8421,8562,217"
4504,4504,"5495,9942,8413,6220,12665,3950,544,4798,9101,10326"
4510,4510,"9942,6220,1290,10326,3950,5303,6971,12665,2218,7120"
4512,4512,"544,9101,4798,10326,9942,3960,11395,5495,12665,3269"
4513,4513,"4798,6220,10326,3428,8562,2218,544,5303,5495,4277"
4516,4516,"1290,7120,11298,1244,9101,9730,12869,2989,11024,4576"
4526,4526,"544,6220,8562,4798,9942,12665,3428,4277,3950,6659"
4528,4528,"8562,4798,10326,5303,2218,8483,13346,6220,8413,10916"
4542,4542,"3950,4798,13346,8562,6220,12665,5303,4277,6971,544"
4559,4559,"1290,7120,11298,9730,9295,4929,1244,11299,1779,3697"
4572,4572,"8562,13346,3950,544,9101,4798,10326,11540,12665,9942"
4575,4575,"8562,4798,6220,5303,12665,3950,9942,4277,2218,6326"
4583,4583,"4798,10326,8562,217,4277,12857,13346,1323,350,6326"
4602,4602,"8562,275,6971,5303,6220,5545,3950,5495,8681,7707"
4608,4608,"11298,1290,1244,7679,9101,2989,7120,9730,4664,11024"
4609,4609,"13346,3950,4798,10326,5495,8413,8562,11000,5199,1978"
4626,4626,"13346,2343,8562,64,8413,3950,9942,12665,6220,275"
4642,4642,"8562,5495,3950,13346,9942,3428,6220,2343,4798,10326"
4653,4653,"8562,6220,2343,9942,9693,6971,544,12665,3950,13346"
4664,4664,"1290,11298,7120,1244,9101,11024,7679,9730,9295,4576"
4665,4665,"1290,7120,4929,10663,544,9101,12030,5573,4798,10326"
4672,4672,"1290,11298,7120,1244,544,9101,2989,11024,9730,4576"
4680,4680,"10326,4277,3950,4798,12857,217,10916,1328,6220,8421"
4705,4705,"10326,4798,8562,5495,3950,12665,6971,9942,5303,5199"
4707,4707,"5303,8562,8483,4798,1912,9942,5996,8373,12857,544"
4711,4711,"5495,12470,8562,6220,8413,9942,5303,5199,3950,2218"
4732,4732,"12665,3950,5495,5199,544,5461,10326,5532,6220,1323"
4734,4734,"1290,7120,6971,4929,1244,6220,12665,9942,9730,89"
4735,4735,"1290,7120,4929,10663,9101,544,4798,7637,2989,10326"
4749,4749,"544,6220,9942,2343,9693,9101,1863,5545,10429,13110"
4751,4751,"10326,4798,6971,9942,5303,13346,12665,544,8562,3950"
4762,4762,"6971,4798,8562,3055,2218,13346,5303,5875,8922,544"
4767,4767,"4798,10326,8562,544,1863,9101,7637,10429,8703,5495"
4771,4771,"10326,4798,8562,6220,3950,5303,544,13346,9942,4277"
4773,4773,"5495,5303,8413,12665,2218,6220,8562,4798,6971,10326"
4776,4776,"8562,12665,544,4798,9101,10326,3578,9942,5149,2989"
4783,4783,"9942,6220,3428,8562,13306,3950,5184,13110,2218,6659"
4788,4788,"4798,12857,10326,8562,10594,2140,8421,3950,13346,544"
4808,4808,"3950,4798,8483,350,1328,4277,10077,13346,12857,5642"
4810,4810,"3950,8562,6220,9942,13346,5303,6971,4798,10326,12857"
4818,4818,"4798,8562,13346,10326,3950,5303,217,5642,6220,4277"
4823,4823,"3428,8483,544,8562,64,6220,4798,10326,8188,3950"
4829,4829,"8562,3950,6220,5545,4798,5495,13346,3870,544,9101"
4842,4842,"8562,6220,4798,544,2343,9942,10326,13346,9693,8421"
4859,4859,"13346,6220,4798,3950,64,9942,12665,8413,5495,5199"
4866,4866,"1290,544,7120,8590,6220,9404,8562,10326,13296,9101"
4881,4881,"10326,4798,3950,13346,4277,6220,12857,6433,717,9942"
4908,4908,"1863,544,4798,9942,9101,10326,12871,5495,383,13214"
4910,4910,"1290,1244,11298,4929,544,9101,2989,9295,9962,12869"
4922,4922,"10326,4798,8562,6220,12665,4277,3428,8413,3950,5303"
4942,4942,"544,10326,1290,9101,11298,7120,4277,1244,6383,6220"
4976,4976,"10326,12665,4798,6220,2989,6971,5303,11298,9942,2218"
4993,4993,"544,1290,1863,9101,7120,10429,8562,2989,5495,9942"
4995,4995,"10326,4798,4277,5303,350,8421,544,13346,10916,6433"
5020,5020,"7679,3464,11298,544,1328,2989,9101,10326,7120,4798"
5040,5040,"8562,4798,5303,3950,10326,12857,2218,6971,6433,10916"
5048,5048,"2140,4798,544,9101,10326,37,5303,6433,5731,9942"
5058,5058,"9693,2343,6795,5532,9942,12665,5199,13346,544,9532"
5067,5067,"10326,4798,4277,8562,10594,217,12857,5303,350,8421"
5087,5087,"4798,6220,8562,13346,10326,3428,3950,9942,5495,2343"
5090,5090,"89,5875,13346,12665,544,7024,9101,4798,9942,10326"
5102,5102,"2218,544,4798,9101,5495,10326,13090,9942,12665,9306"
5103,5103,"4798,8562,6971,5303,8413,3950,12665,6220,9942,2218"
5105,5105,"1863,544,10429,9101,1290,5495,9942,4798,10326,8562"
5108,5108,"3950,5495,4798,5303,10326,2218,13346,12470,13408,544"
5119,5119,"6220,544,2218,4277,3950,8562,1355,8413,3428,8188"
5120,5120,"11298,1290,544,9730,2989,9101,7120,7679,11024,1244"
5124,5124,"10594,8421,6433,4798,544,9101,11282,7063,10326,5495"
5132,5132,"8413,8562,5303,2218,5495,10326,4798,5199,12665,8205"
5138,5138,"11298,9295,544,2989,9730,9101,12869,10389,1779,3222"
5144,5144,"10326,8562,4277,544,2343,13346,6220,8421,12857,217"
5159,5159,"10326,4798,13346,8562,3950,6220,217,544,10916,8421"
5167,5167,"9942,2218,8562,3950,5676,6220,8188,6326,714,13306"
5175,5175,"10326,4798,12857,4277,10916,2140,8421,5303,8562,1328"
5176,5176,"1290,7120,1244,11298,9101,2989,4929,7679,544,4576"
5185,5185,"3950,12665,13346,6971,9942,8562,2218,89,10326,2343"
5189,5189,"4798,3950,12665,8562,6326,10326,10916,6220,9942,6659"
5191,5191,"8562,9942,10326,13346,13306,12665,89,13296,6220,2343"
5206,5206,"9942,544,8562,6220,5303,6659,4798,10326,6971,7707"
5213,5213,"544,12665,6220,10326,2343,9693,4798,8562,9942,5303"
5224,5224,"4798,8562,4277,13346,217,544,717,5303,12857,1328"
5226,5226,"1290,11298,7120,2989,544,9101,12665,1244,6971,6220"
5241,5241,"1290,7120,4929,11298,10663,9962,9295,1244,2989,9101"
5264,5264,"1290,11298,9101,7120,2989,544,1244,9730,4576,12655"
5268,5268,"10326,4798,8562,6971,5303,544,4277,2140,8421,6220"
5270,5270,"4798,8562,10326,6971,6220,5303,13346,8413,12665,2218"
5287,5287,"9942,9693,11969,2343,544,4798,9775,12156,9101,10326"
5314,5314,"6220,8562,6971,10326,4798,9942,544,13296,9101,5303"
5318,5318,"1290,7120,4929,10663,544,9101,4798,6243,10326,9942"
5326,5326,"6220,8562,5303,4798,2218,544,8981,5495,10326,9101"
5336,5336,"8413,4895,3428,3950,13346,4277,10950,544,5642,9101"
5343,5343,"11298,1290,1244,9962,7120,1779,789,9101,9942,10607"
5347,5347,"9942,6220,12665,3428,2343,9693,544,8562,3950,2218"
5354,5354,"5495,8562,5303,3950,4798,275,10326,13346,2140,12470"
5356,5356,"4798,10326,8562,3950,6971,6220,8413,13346,8205,6326"
5367,5367,"1290,7120,6220,89,11298,9101,544,1244,9942,5545"
5373,5373,"8562,5303,12665,6220,4798,3950,13346,3577,10326,5676"
5385,5385,"6220,6659,350,544,5495,10326,4277,8562,8590,7707"
5458,5458,"9942,3428,6220,13306,8562,13110,810,2343,4798,5545"
5463,5463,"4798,10326,8562,6220,5303,9942,6971,13346,4277,275"
5471,5471,"11298,1290,1244,9730,7120,1779,9101,7679,11024,9295"
5476,5476,"4798,1290,7120,5303,13346,10326,10916,275,6220,4929"
5484,5484,"3950,8562,13346,12665,8413,2218,4798,5303,10326,10916"
5508,5508,"1290,7120,11298,9101,1244,2989,9730,4576,544,9962"
5513,5513,"6220,12665,9942,8413,5303,2218,8562,4798,3950,6971"
5520,5520,"10326,544,4277,4798,5303,717,217,8562,12857,8421"
5524,5524,"13346,6220,3950,3428,9942,3870,13306,8562,5495,10326"
5539,5539,"5495,8413,9942,4798,5303,6220,8188,8483,12470,12665"
5554,5554,"10326,10916,10594,4798,9340,8161,544,9101,8421,8562"
5564,5564,"4798,10326,5303,4277,8562,12857,3950,2140,8421,350"
5595,5595,"10326,5495,4798,5303,275,8562,2218,2140,8413,9942"
5601,5601,"10326,275,8562,4798,5303,6971,2140,1912,544,8590"
5602,5602,"10326,8562,4798,5303,12857,3950,6220,8421,6326,2140"
5618,5618,"1290,7120,11298,9730,2989,9101,12869,1244,10663,4576"
5643,5643,"13408,6971,5495,5532,544,2343,8922,9101,4798,5199"
5644,5644,"4798,5495,13346,5303,5199,10326,5532,9942,544,2905"
5651,5651,"10326,4798,8562,6220,2218,5303,3950,4277,6971,13346"
5655,5655,"5495,8562,8413,12668,5199,9942,10326,5676,2218,544"
5658,5658,"10326,4798,8421,8562,10594,10916,12857,6971,544,3596"
5660,5660,"10326,6659,2218,544,1323,13110,2140,9942,5303,6220"
5662,5662,"6220,2218,9942,12665,5545,89,3428,5303,3950,8562"
5670,5670,"4798,10326,12857,5303,4277,3950,6433,6326,8562,13346"
5676,5676,"1290,7120,11298,1244,9295,9730,12869,1779,9962,10607"
5680,5680,"4798,6220,9942,13346,10326,8562,12665,6326,3870,89"
5698,5698,"544,6220,2343,10326,9101,9942,9693,12665,11298,5495"
5710,5710,"5495,10326,2343,5199,3950,6971,5532,12665,9942,4798"
5723,5723,"11298,2989,1290,1244,4576,544,11024,7679,9730,9101"
5742,5742,"9693,2343,544,5532,6795,5199,10835,3950,13346,12665"
5748,5748,"4798,8562,6220,12665,9942,3428,13346,10326,5303,3870"
5750,5750,"544,8562,8413,6220,5303,10326,6971,4798,2218,5495"
5787,5787,"3950,9942,2343,13346,9693,4798,10326,5199,544,5532"
5798,5798,"2343,4798,10326,5303,13346,3950,9693,12665,8562,2140"
5799,5799,"9306,544,9101,4798,5946,2291,10326,9942,5495,8402"
5815,5815,"1290,9101,11298,9693,2343,7120,544,1244,9962,789"
5822,5822,"10326,5303,2218,4798,8413,5495,6971,2140,5199,3950"
5834,5834,"8562,4798,12665,5303,5495,3950,6971,9942,6220,10326"
5846,5846,"4798,10326,544,13346,5303,3950,9942,12665,2218,6971"
5858,5858,"4798,3950,5495,8413,5303,8562,2140,10326,2905,544"
5882,5882,"4798,544,10326,5303,8562,4277,2218,12857,10916,6433"
5892,5892,"4798,13346,8562,5303,12665,10326,6971,2218,3055,6326"
5897,5897,"3950,8413,8562,12665,13346,5303,4798,2140,6971,10326"
5898,5898,"10326,3950,8562,4798,6220,12665,8413,4413,9942,5495"
5902,5902,"8413,544,9101,1847,4798,9358,10326,12130,2108,9942"
5919,5919,"544,1290,10326,7120,4277,8562,6220,1244,6433,12869"
5934,5934,"544,9693,2343,8483,10326,6795,9101,11524,4798,3428"
5946,5946,"1290,7120,6971,4929,9295,9101,544,3697,4798,10326"
5965,5965,"2343,9693,5199,5532,8408,5495,4798,544,9101,13112"
5995,5995,"10326,6220,13346,2343,4798,3950,4277,3428,8562,544"
6005,6005,"544,9101,11298,2989,1290,6220,6971,12655,9942,12665"
6006,6006,"6220,9942,5495,8562,3950,8413,12665,5545,89,2218"
6013,6013,"10326,4798,8562,6220,9942,13346,3950,12857,4277,6433"
6016,6016,"4798,3950,13346,10326,5495,2218,8562,12857,5303,4277"
6023,6023,"7120,1244,11298,9101,544,9730,2989,10663,4576,6971"
6052,6052,"3950,8562,10326,9942,5495,12665,4798,6971,13346,5303"
6056,6056,"544,5495,6971,10326,5303,2343,12665,6220,13346,9693"
6059,6059,"4798,10326,5495,5303,3950,12857,6220,6971,12665,8562"
6064,6064,"8562,10326,3950,4798,2343,13346,5199,5303,9942,5532"
6091,6091,"3950,6971,2218,9942,5199,3055,6220,12665,5495,8562"
6112,6112,"7120,11298,1244,2989,9101,7679,9730,3464,10663,12869"
6133,6133,"5303,9693,2343,6220,9942,5495,5199,2140,8562,5532"
6150,6150,"4798,10326,5610,10594,8205,544,9101,5495,9942,8562"
6155,6155,"10326,4798,8562,5303,13346,12857,3950,9942,6220,4277"
6157,6157,"10326,4798,5303,8562,8421,12857,10916,2140,4277,10594"
6212,6212,"6220,9942,4798,13306,8562,4277,3428,544,6442,9101"
6218,6218,"10326,4798,3950,4277,13346,5303,8562,10916,8421,217"
6242,6242,"4798,10326,6220,9942,6971,12665,275,8562,2140,5545"
6243,6243,"10326,4798,8562,544,5303,2343,4277,6220,275,9693"
6260,6260,"4798,10326,810,8421,5303,8562,12857,544,8161,9101"
6262,6262,"4798,10326,6220,2140,9942,8562,544,13346,5495,9101"
6278,6278,"5303,2218,544,275,4798,6971,4277,2140,6220,5495"
6280,6280,"4798,8562,3950,5303,6220,12665,13249,5495,8483,8413"
6287,6287,"4798,8562,6971,10326,2140,544,2343,5303,12665,9942"
6305,6305,"10326,717,4798,4277,217,5303,12857,9942,544,8421"
6320,6320,"1290,7120,6220,2343,9942,4798,6971,9693,544,5303"
6339,6339,"2343,8562,12665,9942,8413,5303,9693,10326,4798,6220"
6360,6360,"4798,6220,5303,544,2218,13346,275,6971,8413,8483"
6370,6370,"10326,8562,3950,6220,4798,5303,3428,13346,4277,5495"
6376,6376,"4798,10326,8562,4277,6220,5303,13346,275,3950,9942"
6378,6378,"7120,11298,1244,2989,9101,9295,544,9730,7679,4576"
6379,6379,"4798,8562,3950,10326,6220,6971,544,5303,12857,13346"
6398,6398,"544,2343,9101,12655,6795,10326,7679,2537,11969,1244"
6422,6422,"8413,8562,13346,9942,10326,10916,4798,844,3428,544"
6424,6424,"3950,4798,10326,9942,13346,6659,11561,2218,6220,8562"
6436,6436,"544,9101,2770,9453,4798,10326,5495,9942,8562,12665"
6454,6454,"9693,2343,544,9101,6795,5532,11298,10326,12665,9942"
6464,6464,"4798,10326,8421,13346,8483,8562,4277,10916,3950,10594"
6479,6479,"13346,3950,4798,2218,8483,9942,8562,12665,8413,13249"
6485,6485,"1863,544,8981,8703,9101,7637,4798,9942,10326,5149"
6488,6488,"9942,6220,3950,3428,8562,5545,3870,12665,13346,4413"
6490,6490,"13110,9942,3870,8562,544,9101,4798,4654,4823,10326"
6498,6498,"10326,8562,9942,6220,3950,3428,4798,5495,5303,2343"
6533,6533,"2989,1290,9730,11298,12665,544,9101,7120,7679,10326"
6577,6577,"10326,4798,9942,3950,4277,13346,8562,5303,6220,2218"
6579,6579,"10326,4798,12857,4277,5303,8421,717,544,10594,50"
6583,6583,"10326,6220,8562,4798,3950,9942,3428,13346,544,6971"
6597,6597,"8562,9942,9693,2343,10326,4798,6220,5303,544,5495"
6599,6599,"12665,1290,6220,6971,2218,5303,4798,89,9942,13296"
6607,6607,"9942,8562,6220,5303,3428,8413,3950,13346,5495,4798"
6613,6613,"8562,3950,6220,12665,13346,3428,10326,8681,9942,5495"
6622,6622,"1290,7120,9295,4929,11298,89,5199,1244,6971,9730"
6637,6637,"6220,2218,8562,12665,6971,9942,3950,5199,9693,2903"
6644,6644,"10326,4798,8562,4277,5303,3950,6220,217,717,2218"
6651,6651,"1290,11298,7120,2989,9101,1244,544,9730,12869,4576"
6674,6674,"10326,8562,3950,13346,5303,12665,4798,3428,9942,5495"
6683,6683,"2343,9693,10326,5199,5495,5532,5303,13346,12665,6971"
6686,6686,"1290,7120,1863,9101,9693,544,9730,1244,11298,6220"
6707,6707,"8562,544,2343,6220,5495,10326,5303,9693,13346,9942"
6724,6724,"1863,10429,544,9101,5875,4798,9942,7024,10326,2989"
6729,6729,"10326,8562,9942,6220,4798,3950,5303,275,6971,12665"
6739,6739,"12665,8562,3950,9942,8333,4413,544,9101,4798,438"
6756,6756,"4798,8562,10326,5303,3950,6220,2218,275,2140,4277"
6764,6764,"6659,6220,8562,1328,6433,5545,50,9602,5303,13110"
6768,6768,"9942,6220,8562,10326,12665,3428,6659,5303,4798,5545"
6787,6787,"12665,8562,2218,3950,6971,4798,3055,13346,10326,6326"
6808,6808,"1290,1244,544,11298,7120,2989,9730,4576,4664,7679"
6811,6811,"544,4277,4798,350,10326,9942,11969,8562,8483,6220"
6812,6812,"8562,4798,9942,12665,10326,3950,3428,13346,5303,5545"
6831,6831,"9942,544,6220,5303,4798,12665,2218,8562,10326,6971"
6833,6833,"2343,12665,9693,8413,9942,544,8562,89,12274,9101"
6840,6840,"4798,5303,10326,2140,544,6270,9101,8562,12665,275"
6842,6842,"1290,7120,1244,11298,4929,9962,9101,9730,10663,10607"
6855,6855,"1290,11298,7120,9101,1244,2989,9730,544,12869,4576"
6869,6869,"10326,4798,5303,8562,4277,6971,8421,3950,12857,2140"
6874,6874,"6971,6220,1290,544,12665,4798,9101,1863,9942,7120"
6879,6879,"544,9693,2343,5199,5532,9942,6971,5495,2218,4798"
6885,6885,"5676,13346,3950,544,8413,9101,4798,10326,8562,5495"
6886,6886,"9942,6220,13346,2343,9693,4798,544,6795,4277,3950"
6902,6902,"10326,4798,4277,544,8562,13346,12857,6971,6433,3950"
6908,6908,"11298,1290,7120,2989,9101,1244,7679,12869,544,4664"
6911,6911,"3950,6659,9942,11484,10326,50,544,11547,9101,4798"
6912,6912,"3950,12665,6220,8562,9942,810,6971,13346,544,4798"
6919,6919,"544,1290,7120,11298,2989,9101,1244,12869,4576,9730"
6926,6926,"3950,5532,9942,544,4798,9101,12665,4413,10326,5495"
6934,6934,"10326,8562,8483,3950,4798,13346,13249,10916,8421,5495"
6935,6935,"4798,10326,8562,4277,544,6220,8483,12665,217,13346"
6939,6939,"6220,5303,8413,4798,10326,9942,1290,6971,12665,8188"
7000,7000,"9942,544,6220,9693,2343,12665,8562,5303,3428,5676"
7003,7003,"8562,2343,3950,12665,10326,9942,5495,1323,9693,6220"
7005,7005,"10326,544,4798,217,3428,3950,8562,2218,8421,350"
7042,7042,"10326,4798,8562,5303,12665,3950,12857,5495,13346,10916"
7045,7045,"10326,4798,8562,13346,544,3950,2140,12665,6220,5303"
7047,7047,"10429,1863,544,9101,8703,4798,9942,10326,8981,5495"
7053,7053,"6220,8562,544,10326,4798,9942,7707,8188,12665,10429"
7063,7063,"10326,4798,8483,13346,13249,3950,4277,717,8421,12857"
7067,7067,"2343,9693,3950,4277,544,13346,2218,6795,6433,10326"
7071,7071,"10326,4798,4277,12857,3950,13346,6433,717,6220,8421"
7078,7078,"8562,5495,6220,3950,3428,9942,2343,2218,13346,9404"
7109,7109,"6433,4798,10326,8562,12857,6326,13346,1355,3870,5495"
7118,7118,"4798,10326,12857,6433,5303,10916,8562,10594,6326,6270"
7129,7129,"1290,7120,11298,1244,9730,9101,2989,544,4576,4664"
7133,7133,"10326,4798,350,609,8421,5303,3416,217,5495,652"
7139,7139,"1290,769,544,8590,9101,6971,11298,11464,12903,10464"
7142,7142,"10326,8562,544,4798,3950,6220,4277,5303,12665,2218"
7146,7146,"2343,4798,9693,5303,10326,12665,544,2218,6971,5532"
7172,7172,"10326,4798,4277,8562,217,717,8421,10916,12857,13249"
7181,7181,"89,12665,64,5495,544,6971,4576,9404,1290,2343"
7195,7195,"4798,10326,8562,4277,13346,12857,5303,6971,544,10916"
7197,7197,"4798,8562,10326,9942,3428,13346,5303,3950,5495,2218"
7203,7203,"1290,7120,11298,1244,9101,2989,4929,9730,9295,544"
7223,7223,"8562,3950,4798,6220,6971,10326,13346,12857,10916,5303"
7235,7235,"1290,7120,12869,544,11298,9101,6971,2989,1244,9730"
7236,7236,"544,10326,7120,4798,12665,4277,5303,6971,6220,2343"
7237,7237,"1290,7120,4929,1244,544,9101,4798,8981,10326,7637"
7255,7255,"1290,7120,544,4929,9295,8590,4798,6971,9730,4277"
7297,7297,"6220,9942,4798,12665,10326,8562,6971,9693,2140,5303"
7320,7320,"8413,4798,3950,10326,5303,2218,5495,8562,13346,11572"
7323,7323,"12665,2343,13346,64,6220,9693,3950,9942,275,10326"
7326,7326,"5303,4798,275,10326,8483,2218,2140,5495,8590,8421"
7343,7343,"10326,4798,4277,8562,6433,350,717,8421,5303,12857"
7363,7363,"9942,13346,6220,8562,5495,12665,2218,4798,6971,1230"
7364,7364,"4798,6971,2218,8483,10326,13346,3950,9942,3055,89"
7366,7366,"6220,9942,3428,3950,544,8562,10326,4277,9101,3799"
7372,7372,"8413,13346,8562,5495,4798,5303,6220,3950,9942,6302"
7399,7399,"9942,544,5495,1863,7707,10429,6659,9532,9101,7679"
7402,7402,"8562,12665,6220,5495,5303,2218,4798,8413,9942,6971"
7406,7406,"8562,10326,4798,9942,3950,275,5610,11540,544,4413"
7421,7421,"9942,544,10326,4798,12665,8562,6971,3950,2218,2343"
7425,7425,"1290,7120,6220,8562,10326,1244,544,9101,11298,13296"
7431,7431,"4798,10326,12857,10916,6971,8421,4277,13346,8562,5303"
7447,7447,"4798,10326,8421,5303,8562,13346,2140,3950,12857,5495"
7451,7451,"8562,6220,13296,544,7707,1863,10429,5545,8188,4798"
7453,7453,"7120,4929,1244,9962,789,6971,5135,11298,544,9101"
7456,7456,"1290,7120,1244,9962,9101,544,789,6971,4798,10326"
7484,7484,"1290,7120,11298,4929,9730,6971,1244,10663,9101,9295"
7486,7486,"5495,4798,5303,10326,8562,8413,2218,3950,6220,9942"
7505,7505,"1290,7120,11298,2989,1244,9101,544,7679,9730,4929"
7529,7529,"10326,4798,8562,13346,12857,10916,2140,4277,8421,2343"
7532,7532,"11298,2989,1244,7679,9101,6288,8978,12869,11024,4576"
7548,7548,"8562,6220,12665,13346,4798,9942,10326,5303,8413,3950"
7550,7550,"3950,8562,9404,4277,217,1328,6326,1978,4798,1323"
7557,7557,"10326,4798,4277,8562,8421,350,217,10594,10916,6433"
7574,7574,"1290,7120,11298,4929,1244,9962,12869,9295,2989,9101"
7586,7586,"9942,1863,544,7637,8562,9101,8703,4798,5495,10326"
7592,7592,"544,9101,873,4798,12204,10326,9942,5495,12665,1219"
7594,7594,"8413,3950,12857,2218,8562,13346,4798,6220,4413,3870"
7600,7600,"10326,2343,9693,4798,8562,13346,9942,4277,544,9404"
7601,7601,"10326,4798,5303,8562,6971,13346,4277,10916,2140,12857"
7642,7642,"544,10326,4798,1290,9942,5303,6220,12665,9101,7120"
7647,7647,"8413,5303,1862,8562,6220,544,10326,2218,4798,2140"
7650,7650,"8562,8413,3950,5303,2218,6220,12665,544,10326,4798"
7660,7660,"1290,11298,2989,9101,544,7120,12869,9730,1244,4576"
7682,7682,"10326,4798,8562,6220,5303,6971,9942,3950,12665,4277"
7712,7712,"6220,544,10326,4798,12665,3428,8562,2218,5303,3950"
7728,7728,"8562,4798,10916,10594,6433,11000,12857,3950,4277,10326"
7763,7763,"8562,6220,4798,10326,12665,13346,3428,5303,6659,5545"
7764,7764,"10326,6220,9942,6971,12665,13346,275,4798,2218,544"
7765,7765,"2989,11298,9101,9730,7679,1290,8978,4576,4890,11024"
7768,7768,"9942,6659,8413,4798,8562,6220,3950,4413,544,5184"
7776,7776,"1290,7120,9962,4929,9101,789,1244,11298,5135,544"
7834,7834,"4798,8421,350,544,10326,9101,10916,3968,851,10594"
7850,7850,"4798,4277,544,8421,10594,217,2140,275,12857,350"
7860,7860,"1290,11298,7120,2989,9101,1244,7679,544,4929,9730"
7879,7879,"10326,4798,5303,6971,8562,2140,8421,5495,12665,275"
7892,7892,"544,1290,9693,11298,9101,7120,2343,1220,9156,12665"
7895,7895,"4798,6220,8562,13346,6971,8413,5303,10326,5495,275"
7901,7901,"4798,10326,3950,6220,4277,8562,5303,544,13346,12857"
7922,7922,"12665,544,4798,6220,4277,3950,9101,9942,8562,9455"
7927,7927,"4798,5495,8562,10326,9942,5303,8413,11969,6220,6971"
7931,7931,"9693,4798,2343,10326,5303,544,13346,275,8562,6220"
7938,7938,"12470,9942,6220,3950,3428,5199,13306,10326,8562,5532"
7942,7942,"544,8562,4277,6220,3950,10326,10916,350,6433,4798"
7964,7964,"9942,8413,2218,1323,3950,5545,4413,12665,544,4602"
7982,7982,"5495,2343,64,3950,5199,12665,2903,9942,9404,5461"
7988,7988,"1290,7120,4929,9101,544,3697,4798,8302,11117,6971"
7992,7992,"4798,10326,8562,13346,4277,12857,6220,5303,10916,8421"
8005,8005,"6971,8413,2343,2218,4798,10326,5303,5199,12665,9693"
8019,8019,"3464,6248,7679,9101,11298,2710,544,2989,4798,10326"
8026,8026,"8562,4798,13346,3950,10326,6220,12665,9942,2218,6326"
8028,8028,"9693,2343,544,5532,6795,5199,9404,4798,64,13346"
8085,8085,"13346,50,275,64,9942,544,6626,9101,4798,10326"
8103,8103,"89,12665,6971,4602,8235,544,9942,9101,7024,4798"
8108,8108,"8562,3950,6220,10326,4277,3428,217,13346,9072,1328"
8137,8137,"2343,6971,12665,544,9693,9942,8562,5303,3950,5495"
8138,8138,"10326,8562,13346,12857,6433,5303,4277,217,3950,8483"
8139,8139,"4798,10326,8562,5303,6971,3950,5495,2218,8421,6220"
8148,8148,"9942,4798,12665,10326,8562,13346,6220,544,6971,3950"
8150,8150,"4798,10326,8562,12665,275,5303,13346,6220,4277,3950"
8160,8160,"544,1290,7120,11298,9101,2989,1244,12869,6971,10326"
8175,8175,"12665,217,1328,9942,8483,10326,3950,11639,4277,13346"
8191,8191,"7120,1290,9730,2989,9101,11298,1244,12869,4929,6591"
8198,8198,"4798,10326,6220,8562,6971,8483,3950,2218,9942,12665"
8202,8202,"11298,9101,1244,2989,1290,7679,4576,9730,7120,7605"
8233,8233,"4798,10326,6971,5303,13346,12665,8483,3950,8562,12857"
8251,8251,"4798,5495,544,9942,9693,5100,9101,12136,10326,5126"
8252,8252,"10326,4798,4277,8562,12857,717,3950,8421,5303,544"
8265,8265,"10326,4798,544,6220,5303,8562,6971,2218,275,12665"
8267,8267,"10326,4798,5303,8562,12857,8421,13346,10916,717,6433"
8268,8268,"8562,13346,5303,12665,6326,12857,10326,3950,717,2905"
8294,8294,"544,2343,9693,6971,5303,10326,2140,13346,5532,6795"
8299,8299,"1290,7120,1244,9962,11298,9101,789,4929,544,12869"
8302,8302,"10326,4798,5303,4277,2218,12857,3950,2140,9072,6433"
8303,8303,"1290,4929,1244,9101,11298,544,2989,9295,9730,789"
8323,8323,"6971,8562,2343,9693,10326,5199,544,5495,8590,4798"
8327,8327,"2218,6971,6220,5303,4798,12665,3950,89,9942,8413"
8331,8331,"3950,6659,2218,5303,1328,8562,3428,9942,714,6220"
8332,8332,"1290,11298,1244,7120,9101,4576,9730,4664,2989,7679"
8334,8334,"6220,8562,3950,5495,4798,8413,9942,12665,11572,3428"
8337,8337,"1290,544,7120,11298,1244,2989,2343,9295,9730,6220"
8341,8341,"13346,8562,3950,4798,10326,6326,9942,5495,8421,12665"
8361,8361,"10326,4798,9942,6971,8562,5303,6220,544,13296,2140"
8369,8369,"3950,9404,2411,10326,9693,8562,9072,2343,12665,9942"
8378,8378,"5303,6971,10326,4798,8421,13249,544,5199,13346,8161"
8407,8407,"7679,11298,2989,3464,544,9101,8978,11024,9730,4576"
8419,8419,"1244,1290,7120,544,11298,2989,9101,4576,12869,4664"
8424,8424,"544,5303,1290,8562,10326,6971,4798,2218,13296,7120"
8425,8425,"5303,4277,10326,8562,4798,6220,13346,2140,2218,9072"
8438,8438,"1290,7120,4929,9962,3697,5135,11298,544,9101,10663"
8447,8447,"4798,10326,4277,12857,8562,5303,10916,8421,350,6433"
8458,8458,"12869,11298,9962,2989,544,9101,9942,1240,4798,7063"
8463,8463,"10326,4798,8562,9942,6220,5303,5495,6971,544,4277"
8471,8471,"4798,6971,10326,5303,8562,3950,12665,13346,2140,3055"
8472,8472,"1290,7120,9101,11298,1244,7679,2989,12869,544,9730"
8477,8477,"4798,6971,5303,10326,2343,544,8562,6220,9693,5199"
8478,8478,"9693,2343,5495,12665,9942,6971,544,6220,2218,5199"
8483,8483,"1290,7120,11298,9295,1244,89,9101,9962,6971,544"
8496,8496,"10326,6971,5303,8562,3950,2218,1290,544,5495,5199"
8497,8497,"8562,10326,4798,12857,6220,3950,3428,13346,8483,217"
8501,8501,"10326,4798,13346,8413,8562,3950,544,5999,9942,9101"
8506,8506,"9942,3950,6220,13346,4798,8562,10326,3428,2218,12665"
8520,8520,"10326,4798,5303,8562,4277,12857,6971,544,3950,10916"
8524,8524,"544,12665,11298,9101,7679,4576,4277,10326,6220,11969"
8531,8531,"4798,8562,8413,275,10326,50,3950,13346,6433,4277"
8556,8556,"10326,4798,544,4277,5303,8562,350,6220,8483,717"
8579,8579,"2989,11298,9730,9101,4576,1290,11024,7679,12869,1244"
8585,8585,"544,6220,2218,5495,5545,714,7707,13296,9693,3950"
8591,8591,"10326,12665,6220,3428,13346,4798,9942,4277,5303,6659"
8592,8592,"1290,7120,4929,1244,6971,10663,9101,544,9295,2916"
8596,8596,"9942,3950,6220,4798,8562,13346,10326,3428,8413,8421"
8598,8598,"10326,8562,12665,5303,6220,3950,3428,13346,544,4277"
8608,8608,"1290,7120,10663,1244,9101,11298,9295,544,12497,2989"
8610,8610,"1290,7120,11298,1244,4929,9101,9962,9730,9295,789"
8617,8617,"1290,7120,11298,1244,9295,9101,9962,4664,4929,10607"
8621,8621,"5303,2218,5199,5495,6971,4798,1746,8562,544,10326"
8629,8629,"544,3420,9101,9093,11013,6708,4798,8068,10326,9942"
8649,8649,"5495,5532,12665,544,9101,9942,4798,238,10326,2705"
8652,8652,"7120,4929,1244,11298,9101,9962,544,2916,9730,789"
8714,8714,"1290,2989,7120,6220,11298,9101,8590,544,9942,7679"
8718,8718,"12665,9942,89,5875,2343,13346,544,8235,9101,64"
8733,8733,"9101,1290,544,11298,12655,7120,7679,2989,1244,8978"
8734,8734,"6220,3428,12665,3950,5545,3870,13110,89,13306,4413"
8754,8754,"8562,5495,5303,2218,544,3950,12470,217,3428,10326"
8771,8771,"8413,8562,4798,2218,6220,6971,10326,8205,2140,5303"
8791,8791,"544,10326,4798,6220,8562,2343,4277,9693,13346,6971"
8794,8794,"8562,4798,6220,13346,3428,3950,810,5303,2218,2343"
8797,8797,"9453,350,8562,544,10326,9101,4798,9942,4560,11758"
8804,8804,"10326,4798,13346,3950,8562,6220,4277,9942,2218,10916"
8809,8809,"4798,10326,275,12857,6971,5303,50,4277,544,13346"
8823,8823,"1290,7120,11298,9101,4929,2989,7679,9730,4576,10663"
8833,8833,"8562,4277,10916,10326,3950,12665,13346,8421,12857,6326"
8835,8835,"1290,7120,11298,9693,1244,2343,4929,9295,9101,9730"
8840,8840,"4798,5303,2140,6971,8413,544,9942,7063,8562,9101"
8842,8842,"8413,2218,544,7063,5495,238,4798,9101,4181,9942"
8860,8860,"1290,11298,544,2989,12665,9101,7679,89,1244,6220"
8866,8866,"10326,4277,4798,8421,13346,3950,2343,8562,8483,544"
8877,8877,"8562,544,4798,9101,10326,6515,1102,9942,5980,5495"
8887,8887,"8562,8413,6220,3950,12665,5532,9190,5731,4798,9942"
8895,8895,"350,10326,544,9101,4798,8092,11739,2770,9942,5495"
8907,8907,"1290,7120,1244,11298,4929,9101,9962,9730,789,3697"
8921,8921,"4277,10326,4798,717,12857,6433,350,2140,13346,544"
8928,8928,"7679,11298,3464,9101,7669,1290,11554,7120,12869,2989"
8936,8936,"10594,13408,217,4798,544,9942,4685,9101,5495,3013"
8965,8965,"9693,2343,10326,4798,544,6971,5303,6220,13346,9942"
8971,8971,"9693,2343,12665,9942,6795,544,6220,8562,5532,5495"
9000,9000,"544,1290,7120,11298,9101,1244,9693,2989,7679,4576"
9023,9023,"12665,544,4277,3950,9693,9942,2218,2343,6220,10326"
9025,9025,"5303,12665,6971,1290,544,10326,275,89,5495,2218"
9031,9031,"8413,3950,4798,6971,13346,2218,5999,9942,10326,544"
9045,9045,"4798,10326,1290,9942,7120,5303,6220,6659,2218,544"
9053,9053,"12665,8562,6220,10326,6971,3950,4798,13346,2218,544"
9054,9054,"9942,12665,6220,3950,3428,13346,4798,2218,8483,5303"
9060,9060,"8562,4798,10326,6220,5303,12665,544,2343,6971,2218"
9063,9063,"8562,8413,3950,9942,13346,6220,4413,12665,4798,544"
9071,9071,"8562,6220,9942,12665,3950,3428,2218,8681,13346,5545"
9078,9078,"9693,544,2343,9101,5532,10326,6795,2537,4388,64"
9101,9101,"4798,8562,10326,9942,13346,6220,5495,3950,12665,3428"
9108,9108,"9942,6220,5303,3950,3428,2140,4798,8483,544,5495"
9110,9110,"4798,10326,8562,12665,12857,5303,2218,4277,6433,9942"
9114,9114,"2989,544,11298,9101,5495,6220,7679,1290,12665,1244"
9144,9144,"1290,11298,7120,1244,9101,544,2989,4576,9730,12869"
9172,9172,"1290,7120,6220,544,9101,1863,4798,9942,10326,5495"
9185,9185,"544,1863,10429,6220,5495,8562,9101,9942,10326,4798"
9190,9190,"4798,8562,5303,10326,12857,3950,6220,6971,2140,8421"
9193,9193,"10326,3950,4798,8562,6220,2218,5303,12857,13249,13346"
9198,9198,"5303,10326,4277,2140,9340,4798,350,544,7138,9101"
9200,9200,"1290,7120,9942,544,6971,10326,1244,5303,6220,4929"
9201,9201,"7120,1290,7679,11298,12995,2989,3464,1244,4576,12655"
9204,9204,"544,10326,5303,4798,2343,9693,6971,2218,8562,5495"
9215,9215,"1290,7120,4798,6971,4929,2140,10326,1747,10663,544"
9222,9222,"1290,7120,1244,11298,9101,12869,9730,9295,544,4664"
9233,9233,"4798,4277,5303,8562,12665,13346,3950,6383,1328,544"
9235,9235,"1290,7120,9101,1244,544,11298,7679,9942,10326,4576"
9245,9245,"1290,7120,1244,11298,9101,4929,789,544,12869,13309"
9275,9275,"12665,89,9942,1290,5875,5495,544,7024,9101,4798"
9308,9308,"9942,8562,6220,544,3428,2218,5184,5545,5495,3950"
9323,9323,"544,4277,217,8483,717,5303,4798,10326,10594,2218"
9329,9329,"10326,8562,3950,6220,13346,5495,5303,12665,4277,2343"
9355,9355,"8562,4798,3950,6220,8413,2218,6971,5303,10326,12665"
9369,9369,"10326,4798,5303,12857,8562,6433,13346,2140,2218,8421"
9386,9386,"8188,11484,5495,544,6659,12226,9101,4798,3987,3269"
9388,9388,"4798,544,6220,5303,12665,275,6971,9942,7707,2140"
9401,9401,"1290,7120,11298,1244,9962,4929,9730,789,9101,10607"
9418,9418,"10326,8562,4798,6220,3950,12665,2218,9942,5303,8413"
9433,9433,"4798,8562,10326,4277,13346,3950,12857,10916,8483,217"
9440,9440,"10326,544,8562,4798,217,4277,717,350,8421,5303"
9446,9446,"3950,8562,13346,10326,2218,13306,4277,5495,5303,9942"
9464,9464,"5495,8188,544,12470,2218,7707,5676,2585,8413,12086"
9477,9477,"8562,5303,5495,275,3950,4798,10326,50,4277,6220"
9488,9488,"1290,11298,7120,1244,6971,544,9101,9730,2989,12869"
9500,9500,"10326,4798,4277,8562,717,10916,13346,350,8421,6433"
9502,9502,"4798,8562,10326,3428,3950,13346,5303,12857,5495,13249"
9507,9507,"2343,9693,2903,89,544,6795,12665,2537,9942,9101"
9528,9528,"7120,2989,11298,9101,7679,4929,12655,12869,544,9730"
9539,9539,"4798,10326,4277,13346,8562,6220,12857,6433,6971,3950"
9566,9566,"544,10326,9693,9101,2343,4798,6971,11298,5303,6220"
9575,9575,"4798,8562,5303,10326,2218,12857,5495,5199,8483,11000"
9583,9583,"5495,4798,10326,13346,6220,5303,9942,3950,12470,6326"
9589,9589,"10326,4798,4277,13346,3950,544,6433,10594,8562,6971"
9591,9591,"4798,10326,8562,5303,3950,6971,10916,12857,4277,13346"
9617,9617,"5495,5303,10326,8562,13346,1286,4798,544,9101,609"
9620,9620,"8562,12665,6220,9942,13346,2343,10326,3950,5495,544"
9622,9622,"5495,2905,3950,4798,10326,5109,544,9101,5999,9942"
9631,9631,"9730,4576,11298,9101,3222,12869,11918,7679,544,11024"
9655,9655,"8413,8562,12665,3950,1042,8822,4798,544,9101,11910"
9658,9658,"10326,4798,5495,544,2343,6220,5303,2140,8421,13346"
9660,9660,"1290,7120,9730,9101,11298,4929,2989,9295,1244,4576"
9669,9669,"1290,7120,4929,9962,10663,789,9101,544,9295,5135"
9672,9672,"4798,5303,12857,3950,8483,13346,8562,13249,10916,10326"
9684,9684,"544,6952,9101,4798,10326,8562,9942,5495,10352,12665"
9702,9702,"1290,7120,4929,1244,6971,11298,9962,9101,10663,789"
9705,9705,"1290,7120,8562,4798,10326,5303,6220,12857,2218,12665"
9722,9722,"12869,1244,11298,1290,544,9101,7120,11024,8978,7679"
9732,9732,"1290,11298,1244,7120,9730,7679,9101,8978,4576,544"
9781,9781,"12655,2989,11298,7679,9101,2874,844,3148,3704,544"
9803,9803,"5495,5303,2343,6971,5532,544,9693,2218,12665,12470"
9809,9809,"5495,10326,64,2343,8562,2218,1323,5199,13306,9942"
9814,9814,"10326,12857,4277,5303,6971,8421,8562,2140,10916,10594"
9818,9818,"6971,2218,4798,5495,2343,5303,8562,5199,6220,3950"
9820,9820,"4798,5495,9693,13346,2905,12611,13315,5532,544,9942"
9848,9848,"544,10326,4798,4277,5303,13346,2140,12857,350,8562"
9856,9856,"4798,10326,8562,5303,544,12665,6971,3950,9942,4277"
9869,9869,"12665,5303,6220,6971,4798,544,8235,9101,7024,3055"
9889,9889,"10326,4798,5303,2218,6971,275,8413,2140,8562,6220"
9923,9923,"4798,10326,4277,5303,8562,8483,3950,8421,10916,6971"
9929,9929,"8562,3950,12665,13346,4798,10326,3055,9942,544,9101"
9961,9961,"1290,7120,12665,11298,89,1244,4929,9101,2989,7024"
9969,9969,"4798,10326,6971,4277,5303,2218,717,1290,8421,544"
9974,9974,"1290,7120,2343,89,9101,11298,6591,9693,9730,4929"
9976,9976,"1862,11298,1244,3222,9730,7679,11918,1290,4890,12869"
9989,9989,"8562,5495,9942,6220,3950,4798,12470,5303,10326,12665"
9993,9993,"4798,12665,8562,9942,5303,2343,6971,13346,10916,10326"
10002,10002,"6659,10326,544,2989,4798,9101,9942,12665,5495,11298"
10011,10011,"1290,11298,9730,7120,7679,1244,2989,9101,4664,10137"
10016,10016,"10326,4798,5303,8562,6220,4277,12857,9942,6971,544"
10028,10028,"9942,3428,5545,544,57,9101,4798,10326,5495,11800"
10029,10029,"9942,6220,10326,13346,3950,5303,5495,2218,8562,13249"
10033,10033,"12665,8413,2218,5303,6971,5495,3055,1286,1220,1230"
10042,10042,"10326,4798,8562,5303,6971,12857,3950,10916,4277,6220"
10046,10046,"10326,4798,4277,8562,3950,12857,13346,10916,13249,810"
10061,10061,"4798,544,4277,8562,3950,6433,6220,10594,12857,5303"
10071,10071,"9942,3950,6220,4277,13346,10326,217,3428,13249,10594"
10084,10084,"4798,8562,6220,6971,13346,2218,10326,2140,8421,12857"
10091,10091,"8562,4798,10326,6220,13346,3950,5303,12857,5495,544"
10102,10102,"1244,11298,544,2989,4929,4576,9730,12869,6971,12665"
10104,10104,"8562,4798,5303,2218,10326,3950,6220,275,5495,6971"
10121,10121,"1290,7120,6971,4929,1244,544,9101,11298,5495,9693"
10131,10131,"13346,6220,3950,9942,3428,4798,8562,12857,5545,12665"
10134,10134,"10326,4798,275,544,5303,4277,2140,350,6971,12665"
10139,10139,"1290,7120,4929,11298,1244,10663,9295,9101,3697,544"
10144,10144,"3950,8562,13346,6220,4798,5199,10326,3055,9942,2343"
10155,10155,"4798,2218,3950,8562,10326,13346,8483,5303,9942,544"
10168,10168,"1290,1863,544,6220,13296,9942,9101,4798,7120,7637"
10178,10178,"1290,544,9101,6220,10326,9942,2989,7120,11298,1244"
10186,10186,"9693,12665,9942,6220,8562,13346,3950,5545,89,9404"
10190,10190,"4277,4798,10326,10594,8421,717,10916,350,217,544"
10194,10194,"8562,4798,3950,13346,12665,8413,4277,10326,12857,6326"
10196,10196,"5676,9942,13346,3950,1889,6220,4413,13110,8413,544"
10215,10215,"10326,4798,4277,8562,5303,12857,6971,8421,13346,6433"
10218,10218,"9942,8562,4798,6220,10326,5303,5495,12857,3950,12665"
10251,10251,"6220,8562,5303,2218,8188,4798,12857,10326,3950,5545"
10252,10252,"1290,7120,1244,9295,11298,9101,9962,789,544,3697"
10262,10262,"5495,12099,2903,5199,544,9101,9942,12470,4798,10326"
10266,10266,"6220,9942,544,12665,3950,4798,2218,2343,8562,5545"
10271,10271,"9942,6220,4798,2343,9693,12665,8562,6971,2140,10326"
10277,10277,"4798,10326,8562,5303,6971,13346,3950,2218,12857,12665"
10282,10282,"10326,1290,5303,4798,12665,6971,1244,8421,13346,544"
10286,10286,"1290,7120,4929,10663,3697,544,12030,9101,4798,10326"
10305,10305,"10326,810,13346,1889,4798,3950,10916,5199,12857,5495"
10309,10309,"9942,12665,6220,8562,6971,10326,5545,2218,89,13346"
10335,10335,"1290,7120,11298,1244,9730,9101,4929,2989,12869,10663"
10340,10340,"11298,1290,2989,7120,7679,9101,4576,544,9730,12995"
10375,10375,"6220,4798,8413,9942,8562,5303,12665,8681,5676,4181"
10388,10388,"10326,4798,5303,6971,2218,13346,2140,8562,275,5495"
10397,10397,"10326,4798,8413,5303,4277,6433,12857,1889,13346,8421"
10402,10402,"9942,3950,12665,5676,6220,8562,13346,4798,2218,3870"
10407,10407,"544,6220,4277,2343,10326,3428,350,810,8562,9942"
10408,10408,"10326,4798,8562,544,9101,9306,5495,9942,12665,2291"
10416,10416,"10326,13346,3950,4798,2343,6220,12665,1220,9693,8562"
10448,10448,"8562,4798,10326,544,3950,13346,6220,5303,4277,275"
10454,10454,"3950,8562,13346,10326,9942,6220,5495,4798,13249,3428"
10499,10499,"10326,4798,4277,717,8421,217,13346,10594,544,6433"
10503,10503,"3950,3428,8823,544,10568,9942,12665,8296,9101,11351"
10504,10504,"2989,11298,7679,9101,12869,3464,1244,544,4545,8978"
10508,10508,"10326,4798,5303,544,8562,717,4277,217,2140,8421"
10514,10514,"8562,3950,4798,10326,13346,10916,12857,4277,6326,8483"
10526,10526,"10326,4798,13346,3950,4277,12857,8562,6433,717,10594"
10540,10540,"4798,10326,13346,9942,6220,5303,3950,8562,275,4277"
10542,10542,"4277,10326,544,350,217,8421,4798,9340,12404,717"
10551,10551,"10326,4798,8562,6220,544,9942,5303,275,12665,6971"
10554,10554,"544,12665,8562,5303,6220,5676,4798,2989,9942,5199"
10555,10555,"6220,11484,8562,8590,544,9101,10429,1863,4798,10326"
10556,10556,"4798,844,2140,227,3055,5303,544,5610,6971,9101"
10562,10562,"4798,2218,12857,6971,5303,10326,2140,9072,13346,3950"
10575,10575,"1290,11298,7120,9730,7679,9101,1244,2989,9295,12869"
10576,10576,"10326,4798,8562,5303,8421,10916,12857,2140,350,544"
10582,10582,"10326,4798,544,9942,8562,12665,5303,3950,2218,4277"
10584,10584,"3950,8562,10326,13346,9942,6220,4798,12665,5303,3428"
10606,10606,"4798,10326,9942,544,3950,6220,8562,12665,5303,4277"
10611,10611,"544,4798,4277,717,8483,217,8421,350,5303,10594"
10613,10613,"544,10326,4798,217,717,5303,275,12665,6383,3950"
10614,10614,"6220,9942,8188,544,7707,5495,8562,1863,4798,9101"
10623,10623,"544,8235,7024,9101,4715,4798,12662,10326,9942,5495"
10647,10647,"11298,12869,7679,1290,9101,4163,1244,11024,7120,2957"
10657,10657,"10326,12857,4798,5303,8421,10594,4277,8562,717,10916"
10670,10670,"10326,4798,10594,4277,10916,8421,2140,12857,6433,275"
10679,10679,"1290,11298,7120,1244,12869,9295,9730,9101,2989,10389"
10680,10680,"4798,8562,10326,13346,3950,5303,2218,9942,6220,275"
10699,10699,"4798,6971,13346,8562,2218,5303,5495,10326,3950,8413"
10715,10715,"10326,217,2343,4277,717,275,9693,2140,4798,9105"
10720,10720,"3950,4798,12665,13346,10326,8562,8413,5303,12857,6326"
10735,10735,"8562,10326,6220,9942,13346,3950,4798,544,6971,2218"
10742,10742,"12665,9942,6220,2218,8562,10326,6971,3950,4798,5303"
10744,10744,"4798,8421,217,4277,544,9101,4616,2580,7243,10326"
10747,10747,"544,10326,3950,13346,4277,10568,4798,12665,6971,5199"
10769,10769,"9693,2343,9455,6839,64,5199,12665,1933,5676,9942"
10795,10795,"4798,10326,5303,275,2218,12857,13346,8562,6433,4277"
10817,10817,"11298,1290,1244,7120,9295,9962,9730,10607,9101,11024"
10819,10819,"10326,5303,12665,6971,8483,4798,13346,5461,2140,2218"
10828,10828,"6220,10326,544,4798,12665,3428,8562,2218,5303,3950"
10860,10860,"3950,5303,8562,4798,13346,3428,10326,8413,12857,4277"
10868,10868,"9693,11298,2343,9101,2989,9730,544,1290,7679,4576"
10895,10895,"13346,10326,8562,4798,12857,10916,3950,8413,6971,6326"
10900,10900,"10326,4798,5303,6971,2140,8421,8562,12857,544,8161"
10912,10912,"3464,7679,8315,9101,544,2769,11298,2989,4798,10326"
10934,10934,"1290,7120,11298,1244,10326,9101,544,2989,12869,4798"
10947,10947,"5495,12470,10326,5303,6971,544,5199,4798,2140,2903"
10950,10950,"10326,4798,6971,5303,12857,6433,4277,2140,8562,8421"
10964,10964,"1290,11298,7120,1244,9101,12869,9962,4929,2989,9730"
10965,10965,"8413,9942,5495,8562,8681,12136,3428,7715,1681,544"
10968,10968,"10326,544,5303,4798,4277,8562,50,350,2218,8421"
10972,10972,"4798,13346,8562,12857,3950,5303,10916,6971,8421,4277"
10975,10975,"4277,4798,10326,6433,544,1290,9101,7120,8510,2140"
11028,11028,"10326,4798,9942,8562,13346,3950,3428,4277,5545,12665"
11030,11030,"1290,7120,11298,544,9101,6220,2989,12869,12665,9730"
11044,11044,"2343,544,9693,6220,6971,1290,89,10326,12665,9101"
11048,11048,"3950,4798,13346,12857,10326,2905,2140,5461,8421,544"
11065,11065,"1290,7120,6971,5303,6220,4798,2218,2989,9295,544"
11085,11085,"1290,7120,1244,9962,11298,789,5135,9101,3697,544"
11088,11088,"4798,8562,13346,6971,10326,5303,8413,2218,544,6326"
11100,11100,"1290,11298,7120,9101,1244,544,9730,12869,2989,4576"
11102,11102,"4798,3950,8562,10326,12857,8483,13346,6220,8413,10916"
11105,11105,"1290,2343,9693,6795,5199,6971,5532,544,1244,7120"
11107,11107,"8562,10326,3950,4798,13346,6220,9942,12665,10916,2218"
11109,11109,"1290,7120,544,6220,9101,1863,4929,11298,9942,10429"
11120,11120,"1290,7120,11298,1244,9101,4929,9295,9730,9962,544"
11121,11121,"10326,4798,8562,3950,5303,6220,13346,6971,12665,9942"
11133,11133,"8911,544,9101,8257,4798,10326,9942,5495,6659,8562"
11149,11149,"10326,9942,6971,4798,12857,2140,8562,5303,275,10594"
11152,11152,"1290,7120,11298,2989,9730,7679,1244,11024,4576,9101"
11160,11160,"9942,13346,3950,4798,275,3428,6220,10326,8546,12665"
11163,11163,"10326,12665,4798,3950,544,8562,13346,6220,275,4277"
11168,11168,"544,4798,9101,10326,9942,2291,8562,5495,7063,7445"
11193,11193,"5303,6220,544,5495,12793,9693,8546,1978,12470,13315"
11200,11200,"9942,5495,6220,3428,8562,12470,3950,12665,6659,13110"
11210,11210,"1290,7120,4929,6971,10663,544,4798,9101,12030,6243"
11215,11215,"10326,4798,10594,8562,10916,8421,5303,5199,5495,12857"
11219,11219,"1290,7120,4929,9962,1244,544,9101,3697,10663,5135"
11243,11243,"2140,4798,8421,350,8562,4277,10326,544,9101,9942"
11253,11253,"1290,7120,11298,9101,2989,1244,544,9730,12869,4576"
11261,11261,"6220,8562,9942,3950,5303,2218,3428,5545,13296,3870"
11280,11280,"2343,9693,5532,6795,544,9101,5199,4388,10326,9942"
11285,11285,"1290,7120,1244,11298,9101,9962,789,544,10607,5135"
11309,11309,"3950,8562,6220,3428,810,6326,9942,2140,4798,12857"
11312,11312,"9942,5495,9404,6971,3950,2218,8413,6220,8562,1746"
11314,11314,"10326,4277,2343,350,717,64,13346,8421,4798,217"
11325,11325,"10326,4798,8562,544,2343,4277,13346,6220,6433,9693"
11327,11327,"6220,5303,8562,4798,9942,7707,5495,2218,544,10326"
11359,11359,"10326,544,9942,4798,13346,6220,275,6971,12665,3950"
11366,11366,"11484,11554,8315,544,3464,9101,9491,4798,9289,10326"
11368,11368,"11298,1290,7120,9101,1244,2989,7679,12869,9295,9730"
11371,11371,"5495,13346,5199,2343,89,6326,13112,4798,8562,3950"
11376,11376,"544,2218,217,8562,4798,4277,12665,2343,9693,2989"
11377,11377,"4798,10326,8562,5303,6220,4277,13346,6326,12857,10916"
11383,11383,"4798,10326,8562,5303,6971,6220,12665,9942,12857,2140"
11416,11416,"1328,544,10326,4798,9101,7480,9942,1221,5495,12665"
11444,11444,"1290,10326,9101,11298,1244,2989,6220,4277,12665,6971"
11445,11445,"4798,8562,10326,4277,3950,544,5303,10916,217,13346"
11448,11448,"9693,544,6795,10326,9101,6220,12665,13346,9942,64"
11469,11469,"6971,10326,4798,9229,544,12451,9101,725,6796,4308"
11487,11487,"544,7120,2343,2989,11298,9101,9693,12665,4929,6971"
11492,11492,"5303,5495,6220,4798,8562,2343,544,10326,275,9942"
11503,11503,"544,10326,6220,4798,4277,2343,10453,9693,1404,350"
11504,11504,"6270,2903,4798,544,9275,1943,9101,10326,5495,9942"
11515,11515,"10326,8562,4798,3950,6220,13346,9942,4277,217,12665"
11547,11547,"10326,12665,4798,6971,6220,13346,2343,3950,544,9942"
11552,11552,"10326,4798,2343,6220,3950,544,12665,9693,8562,13346"
11567,11567,"10326,4798,8562,6220,13346,4277,3950,9942,5303,12857"
11581,11581,"10326,544,4798,9942,6220,5303,6971,8562,12665,275"
11589,11589,"1290,11298,7120,1244,2989,12869,9101,9730,11024,9962"
11591,11591,"12665,11298,1290,9942,9101,7679,89,7120,4654,544"
11595,11595,"1290,7120,11298,9295,9962,1244,9101,5135,4929,544"
11604,11604,"4798,10326,544,1290,7120,6220,6971,2218,275,4277"
11608,11608,"10326,8562,4798,6220,12665,5303,3950,13346,9942,544"
11627,11627,"3950,13346,8562,2218,4798,6220,5303,9942,10326,3055"
11646,11646,"8562,5495,6220,12665,3950,3428,8413,4798,13346,8188"
11647,11647,"4798,10326,5303,6971,6220,4277,8483,275,8562,10916"
11675,11675,"5303,10326,3950,4798,2140,2343,5495,6971,13408,544"
11676,11676,"1290,7120,11298,1244,9101,544,4929,6971,9962,9295"
11696,11696,"5495,10326,4798,544,9101,9942,8562,12665,13214,13408"
11700,11700,"8562,544,10326,9101,4798,7332,9942,7120,7772,10868"
11722,11722,"1290,7120,6971,1244,9295,4929,544,4798,5303,11298"
11754,11754,"3950,6220,12665,544,9942,7679,3428,5303,2989,13346"
11757,11757,"13408,2343,9693,13346,1220,12665,89,10326,5495,544"
11767,11767,"12665,9942,8562,5495,544,4798,12757,9101,5875,10326"
11773,11773,"10326,8562,4798,6220,3950,5303,9942,1328,12857,4277"
11777,11777,"4798,9942,3950,6220,8562,13346,13110,5545,3428,6326"
11778,11778,"1290,9101,7120,1244,11298,12869,7669,9730,544,4163"
11788,11788,"1290,7120,11298,9730,4929,2989,9101,9295,1244,9962"
11790,11790,"1290,7120,10326,4929,9101,1244,10663,6971,4798,544"
11811,11811,"1290,7120,11298,1244,9101,4929,9730,9295,10663,2989"
11837,11837,"1290,7120,1244,11298,9101,9962,544,4929,2989,4664"
11859,11859,"13346,8413,12665,4798,10326,2218,8235,64,9942,544"
11865,11865,"544,5495,10429,8562,9101,4798,10326,6220,2343,9693"
11867,11867,"8562,4798,3950,5495,6220,5303,12857,1323,10326,6326"
11871,11871,"544,1290,7120,2218,5303,11298,9730,6971,1244,13408"
11879,11879,"7120,1244,11298,9101,9730,4576,10663,10607,9962,544"
11880,11880,"10326,4798,4277,8562,5303,8421,10594,717,10916,12857"
11908,11908,"5303,10326,4798,6971,2343,5495,2140,9693,5199,275"
11912,11912,"4798,275,5303,6971,2218,2140,8205,10326,544,9101"
11925,11925,"10326,13346,4277,717,4798,2343,64,3950,8421,9693"
11933,11933,"8413,6220,8562,1862,8188,5676,8681,5545,7707,2218"
11945,11945,"10429,1863,544,9101,5976,4798,10326,9942,589,5495"
11948,11948,"8562,4798,3950,13346,5461,5495,10326,13249,5199,544"
11952,11952,"5303,10326,8421,4798,12857,544,9101,9340,717,10594"
11957,11957,"4798,1290,544,9101,9295,10326,8302,4469,9942,5495"
11959,11959,"4798,10326,9942,2343,50,8562,3428,6220,9693,4277"
11967,11967,"6220,2218,8562,8413,12665,5545,3950,9942,1286,3428"
11969,11969,"9101,8562,544,2580,4798,10326,5495,6220,11939,1421"
11970,11970,"8562,6220,3428,2218,12665,3950,5642,13306,9942,5545"
11975,11975,"6220,10326,3950,9942,12665,3428,5545,8562,4798,2218"
11995,11995,"8562,3950,6220,9942,12665,9404,10326,13346,4798,5199"
12002,12002,"1290,7120,11298,2989,544,1244,9730,4576,12869,7679"
12022,12022,"1290,7120,11298,1244,12869,9101,9962,789,4929,4664"
12032,12032,"11484,6659,9375,544,9101,5495,4798,10326,1213,9942"
12036,12036,"9101,1290,7120,1244,544,2989,9730,11024,4576,7679"
12066,12066,"4798,9693,2343,4277,12665,13346,544,10326,2140,9455"
12077,12077,"1290,7120,1244,4929,11298,9962,9101,789,10663,9295"
12078,12078,"4798,10326,5303,4277,6971,3950,2140,11000,13346,12857"
12084,12084,"4798,10326,6971,8562,5303,12665,275,2140,544,13346"
12089,12089,"8562,10326,6220,5303,4798,8413,3950,5545,2140,6971"
12106,12106,"10326,2989,6220,1290,11298,1244,4277,4798,12665,11969"
12107,12107,"12665,8562,3950,8188,8413,13346,4798,4413,5495,10326"
12111,12111,"4798,13346,12665,10326,3950,6220,9942,8562,6971,275"
12131,12131,"4798,10326,5303,8562,2140,12857,6971,2218,275,8413"
12139,12139,"4798,9693,13346,10326,8562,2537,2140,544,9942,6971"
12141,12141,"6220,2218,8188,6659,13346,9693,544,64,5495,9101"
12144,12144,"1290,7120,1244,11298,9101,544,12869,2989,4929,9730"
12150,12150,"6220,8562,9942,4798,3950,8413,5303,10326,2218,3428"
12151,12151,"10326,12665,544,4798,6220,4277,217,717,9455,3950"
12162,12162,"3950,5495,544,5461,4798,9182,9101,3525,997,10326"
12170,12170,"11554,9101,4163,1371,4940,12869,544,11298,4798,2957"
12182,12182,"1290,544,7120,5495,9693,2343,5199,5303,2903,4929"
12185,12185,"10326,4798,8562,6220,5303,5495,13346,8483,217,13249"
12191,12191,"10326,5495,4798,5303,6433,12857,8562,10594,6220,2218"
12197,12197,"2343,9693,6971,544,5532,1290,6795,9942,9101,5199"
12204,12204,"11298,1290,7120,2989,9101,9730,9295,1244,4576,11024"
12229,12229,"544,9693,2343,6220,9942,8562,4798,13346,10326,12665"
12231,12231,"544,1290,7120,11298,2989,9101,1244,9730,4576,12869"
12234,12234,"6220,1863,8562,544,10429,9101,5976,4798,5495,10326"
12238,12238,"10326,4798,8562,5303,6220,6971,13346,5495,12665,2218"
12242,12242,"8562,217,4798,3950,5303,12857,10326,13346,8413,717"
12260,12260,"10326,8562,13346,12857,10916,8421,4277,13249,6220,217"
12262,12262,"5495,5199,2343,9693,5532,8562,3950,2903,9942,12470"
12281,12281,"10326,4798,8562,5495,5303,6220,2218,6971,13346,3950"
12289,12289,"9693,10326,544,6795,9942,64,4798,6220,2537,8562"
12306,12306,"8562,4798,3950,10326,6220,6971,5303,12857,10916,2140"
12326,12326,"4798,10326,5303,544,3950,9101,5495,9942,7824,10506"
12337,12337,"4798,2343,3950,8562,13346,9693,12665,2140,5303,10326"
12355,12355,"544,1290,7120,9101,2989,1244,11298,7679,10326,9693"
12371,12371,"4798,3950,10326,6220,2218,9942,2343,13346,3870,12665"
12372,12372,"12665,5875,544,8235,7024,9101,4798,12662,10326,9942"
12373,12373,"4798,10326,4277,12857,1328,350,8421,5303,8562,6433"
12390,12390,"7120,4929,544,10663,9101,4798,2916,1244,10326,6971"
12405,12405,"9693,544,2343,10326,5495,6795,9101,5532,5199,1290"
12407,12407,"1290,7120,9101,544,7637,8703,4798,10326,9942,5495"
12408,12408,"9942,5495,6220,5676,5461,544,12470,8413,5545,3428"
12419,12419,"8590,11484,6971,10326,275,4798,544,5676,9101,6659"
12423,12423,"4798,544,9101,5495,10326,8562,9942,12111,12665,2273"
12426,12426,"7120,11298,9101,544,1244,2989,9730,4929,6971,12869"
12452,12452,"10326,4798,6659,8562,8421,5303,8590,13346,1328,13249"
12480,12480,"544,11298,9101,7679,2989,1244,12869,1290,4664,8978"
12530,12530,"4798,5303,9942,8562,5495,6971,544,10326,7637,9101"
12546,12546,"4798,6971,10326,5303,2343,1290,544,9693,9101,8562"
12556,12556,"1290,7120,1244,2989,9101,9730,4929,544,4576,9295"
12573,12573,"8413,2218,5303,3428,6220,5545,9942,8562,5495,5676"
12592,12592,"10326,4798,8562,6220,13346,9942,9693,3950,544,3428"
12596,12596,"10326,8562,13346,3950,4798,4277,6220,12857,5303,10916"
12599,12599,"1290,7120,11298,1244,9101,544,9295,2989,4929,10607"
12615,12615,"544,9101,11298,1244,7679,2989,11024,4664,1290,3464"
12618,12618,"544,9942,8562,3950,3428,12665,5676,13306,6659,2218"
12624,12624,"4798,10326,12665,8562,13346,6220,3950,4277,5303,6971"
12638,12638,"9693,2343,5199,861,3127,12665,10835,6220,9404,3055"
12641,12641,"5495,544,10326,5199,2343,5532,9693,6971,3950,5461"
12644,12644,"1290,7120,9101,544,4929,2989,11298,2343,4277,9693"
12649,12649,"1290,6971,7120,4798,10326,544,8703,8562,9101,7637"
12654,12654,"5495,8413,2218,3428,10326,50,275,8562,5303,5676"
12658,12658,"2218,10326,4798,6433,9072,13346,8562,6220,13249,5461"
12659,12659,"544,7120,10326,4798,9101,11298,1244,4277,12665,6971"
12666,12666,"9693,13346,8562,4798,3428,10326,4277,6795,544,64"
12669,12669,"9942,6659,12665,544,9101,4798,5495,12507,10326,2903"
12674,12674,"10326,8413,6220,2218,3950,5303,12665,4798,8562,13346"
12688,12688,"544,10326,4798,9101,1377,5495,1328,8562,9942,8149"
12694,12694,"8413,6220,9942,3428,2218,8562,5495,544,5545,3950"
12709,12709,"10326,4798,5303,4277,8562,13346,275,12857,544,8421"
12712,12712,"5875,7024,544,9101,8235,1290,4798,12665,12662,10326"
12722,12722,"1290,12869,7679,11298,9101,7120,11554,2989,9330,8978"
12728,12728,"5495,8188,8562,2218,544,9101,8981,4798,10326,9942"
12732,12732,"2343,9693,5532,5199,544,10835,9101,4798,3909,10326"
12736,12736,"10326,4798,8562,4277,10594,12857,6433,10916,350,5303"
12738,12738,"10326,4798,8562,3950,6220,4277,13346,5303,12665,544"
12741,12741,"10326,9942,8562,3428,3950,4798,4277,2218,5495,12470"
12756,12756,"12470,2218,13408,8413,9942,4798,5545,544,12665,9101"
12764,12764,"6220,544,12665,10326,4798,2343,275,8562,6971,2218"
12768,12768,"12665,4798,6971,2343,5495,9693,3950,9942,89,13408"
12773,12773,"8562,4798,12857,5303,6971,275,2218,10326,13346,2140"
12789,12789,"4798,10326,8562,4277,5303,13346,8421,10916,12665,2140"
12790,12790,"1290,11298,9101,4929,9295,544,1244,13408,4576,10663"
12801,12801,"5495,12470,5303,1862,5532,13112,1286,12668,6971,2218"
12804,12804,"1290,1244,4929,10663,12869,11298,9962,9295,9101,2916"
12833,12833,"6220,8562,3950,5303,9942,3428,13346,10326,4798,2218"
12846,12846,"4798,3950,10326,13346,12857,5495,5676,10916,13249,5303"
12855,12855,"2343,8562,10326,9693,5495,3428,544,4798,4277,9101"
12860,12860,"8562,3950,5303,6971,4798,9942,2218,2140,13346,10326"
12874,12874,"4798,10326,8562,12665,13346,3950,6220,10916,9942,5303"
12875,12875,"5495,8562,3950,13346,5461,10326,5199,4798,2905,544"
12877,12877,"2218,6659,8188,6220,5545,1863,544,9942,9101,4798"
12883,12883,"5495,12470,8413,5303,2218,12668,9942,3950,5545,6220"
12890,12890,"4798,8703,544,9101,7637,10326,9668,9942,5495,10332"
12919,12919,"1290,7120,4929,1244,9295,10663,11298,9101,12497,544"
12927,12927,"1290,6220,5495,544,9101,1863,7120,13296,10429,9942"
12955,12955,"5495,8562,6971,3950,12470,5199,10326,9178,4798,5303"
12956,12956,"844,544,5495,4798,9101,10326,7715,9942,8562,1583"
12958,12958,"9942,4798,10326,275,544,2140,9101,9771,7439,12665"
12965,12965,"217,544,8562,6220,12470,3950,350,5495,12857,10568"
12970,12970,"8562,6220,3950,3428,2218,10326,5303,13346,5545,12665"
12996,12996,"9693,2343,6795,6971,5199,544,2537,13346,9942,4798"
13000,13000,"8562,3950,6220,9942,8413,13346,2218,4798,3428,5545"
13017,13017,"544,2989,9101,11298,1290,7679,1244,9730,4576,11024"
13019,13019,"10326,8562,4277,5303,6971,12857,3950,6220,10916,6433"
13021,13021,"8562,8413,13346,6220,3950,7707,4798,12665,10326,544"
13022,13022,"10326,8562,544,6220,2218,4277,4798,6433,2140,5495"
13063,13063,"8413,5303,4798,6220,9942,2218,8562,13346,12665,8188"
13075,13075,"544,4798,9942,12869,275,9101,10326,2291,11298,8562"
13076,13076,"3950,6220,13346,9942,2343,10326,4798,8562,5495,2218"
13101,13101,"4798,5495,10326,3950,6971,5303,12665,6220,544,2140"
13105,13105,"1290,7120,11298,9730,9101,1244,12869,544,4576,4664"
13115,13115,"10326,12665,9942,544,6971,5303,6220,2989,13346,1290"
13117,13117,"1290,6220,7120,4798,5303,544,6971,5495,9519,9101"
13121,13121,"3950,4798,10326,5303,8562,13346,8413,2140,12857,9942"
13123,13123,"544,1290,9101,7120,2343,11298,2989,1244,9942,12665"
13125,13125,"4798,8562,10326,8413,12857,6220,50,2140,5303,3950"
13147,13147,"10326,4798,8562,217,3950,8483,13346,6433,12665,717"
13151,13151,"8562,5303,4798,6220,3950,5495,12665,2218,13375,8413"
13153,13153,"10326,4798,4277,8562,13346,5303,6433,10916,3950,544"
13176,13176,"1290,544,11298,7120,1244,12869,7679,4576,9730,2989"
13180,13180,"6220,8562,9942,3428,4798,2218,5495,544,12665,8413"
13192,13192,"9942,8562,5495,10326,6659,3870,3428,1328,3950,4798"
13194,13194,"3950,4602,12665,8235,9942,544,9101,5875,4798,931"
13195,13195,"4798,5303,8562,10326,4277,12665,2218,6326,5495,1978"
13198,13198,"10326,5303,10568,4798,4277,12857,10594,8421,8483,350"
13231,13231,"3950,6971,4798,13346,5303,8562,8413,9942,10326,2140"
13234,13234,"1290,7120,4929,10663,9962,1244,3697,789,9101,9295"
13240,13240,"7120,11298,544,9101,9730,2989,4798,12869,10326,12665"
13273,13273,"3950,5303,12665,6220,9942,2218,10326,5495,13346,4798"
13276,13276,"3950,8562,13346,9942,3428,6220,5495,2218,1323,5545"
13283,13283,"10326,4798,8421,717,10594,8161,2140,544,9340,9101"
13297,13297,"13346,8562,4798,12665,10326,8483,8413,1286,3950,10916"
13301,13301,"4798,8413,6220,13346,8562,6971,12665,5303,1290,10326"
13303,13303,"5495,4798,8562,12857,3950,12665,5303,10326,8483,13346"
13321,13321,"1290,7120,11298,9295,1244,9730,9101,9962,544,2989"
13330,13330,"1863,4798,544,9101,1290,10326,8703,9942,5495,7637"
13338,13338,"1290,11298,7120,1244,9295,9101,9962,9730,3464,789"
13380,13380,"10326,4798,5303,6971,2218,275,8562,2140,6220,3950"
13389,13389,"1290,7120,4929,10663,1244,11298,9101,2916,544,3697"
13390,13390,"3950,2218,9693,9942,5532,5461,6220,4602,544,2343"
13391,13391,"11298,1290,9730,4798,544,6971,12869,7120,4576,2989"
13401,13401,"10326,8562,4277,3950,4798,6220,13346,5303,217,12665"
13403,13403,"6971,8188,8590,89,10326,5303,4798,544,9101,9942"
13407,13407,"544,10326,1290,7120,4277,4798,350,275,5303,4576"
13413,13413,"217,2140,4277,10594,4798,350,10326,9340,544,8421"
13414,13414,"11298,2989,9101,9730,1290,12869,11024,9295,7120,7679"
13446,13446,"4798,10326,5303,4277,8562,6971,8421,13346,12857,544"
13472,13472,"1290,544,7679,11298,2989,7120,9101,12869,12655,4576"
13488,13488,"4798,8562,13346,5303,3950,10326,6971,12665,6220,5642"
13502,13502,"544,1290,11298,9101,7120,2343,2989,9730,7679,10326"
13507,13507,"1290,7120,11298,9730,2989,9101,1244,544,4576,7679"
13512,13512,"4798,8562,3950,12857,13346,6659,10326,5676,844,13249"
13543,13543,"4798,8562,12665,5303,4277,10916,544,6433,717,12857"
13572,13572,"10326,4798,8562,544,5303,275,6220,6971,6433,717"
13595,13595,"1290,7120,4929,6971,1244,9295,10663,544,4798,9101"
13599,13599,"5495,9942,10326,8562,6220,3950,2343,3428,4798,544"
13608,13608,"9693,10326,544,5303,13346,64,8562,4277,4798,6795"
13609,13609,"350,10326,544,4798,9101,9942,5495,8562,5241,12665"
13630,13630,"4798,3950,12665,9942,10326,2218,6220,6971,8562,5303"
13635,13635,"10326,4798,5303,8421,8562,4277,2140,9340,544,6433"
13645,13645,"4798,8562,3950,6220,8483,10326,12857,9942,5303,8205"
13673,13673,"2343,9693,13346,5199,5532,10326,6795,544,5495,12665"
13683,13683,"9942,4798,6220,5303,10326,544,3950,6971,12665,8562"
13702,13702,"6971,2218,544,8413,89,12665,2903,2343,9942,8922"
13716,13716,"4798,8562,10326,3950,12665,6220,6971,9942,5303,13346"
13724,13724,"11298,2989,9101,9730,1244,544,12869,6971,12665,10326"
13746,13746,"4798,8562,12665,5303,2343,6971,6220,544,3950,9693"
13752,13752,"9942,8562,5495,3950,544,12665,9101,4798,6220,3870"
13756,13756,"1290,7120,4929,9962,789,10663,5135,1244,9101,544"
13763,13763,"1290,7120,1244,11298,9101,9295,9962,4929,9730,789"
13774,13774,"10326,8562,544,6220,9942,4798,6971,1290,5545,13296"
13776,13776,"1290,7120,11298,9730,1244,9962,9101,12869,5135,789"
13786,13786,"1290,11298,7120,1244,9962,789,9101,5135,544,4798"
13788,13788,"4277,350,1328,9453,10326,544,6643,9101,9340,6305"
13791,13791,"1290,2989,7120,11298,1244,6971,544,11024,9101,4576"
13810,13810,"8562,10326,8483,12665,6220,5303,6326,9942,13346,3950"
13811,13811,"4798,10326,12857,10916,8421,5303,217,13346,8562,4277"
13820,13820,"9942,2989,11298,11024,1290,7120,5969,1244,9101,544"
13826,13826,"6220,3428,5495,3950,714,13346,9730,12470,89,12665"
13840,13840,"2770,544,9101,10326,4798,9453,9942,5495,8562,6952"
13841,13841,"8562,544,4277,217,6220,2343,13346,5303,717,13249"
13852,13852,"9942,6220,3950,12665,89,2218,3428,5545,5495,544"
13858,13858,"1290,6971,4798,544,10326,9101,7637,7120,9942,8562"
13865,13865,"9178,1328,6659,544,1210,9101,10326,4798,9942,8562"
13871,13871,"10326,4277,4798,10594,10916,544,8562,6433,5303,2140"
13877,13877,"4798,10326,12665,5461,6220,64,2158,2343,6659,13346"
13905,13905,"10326,4798,8562,12857,4277,544,5303,3950,8421,12665"
13924,13924,"7120,11298,9101,544,2989,4929,9730,12869,4576,7679"
13929,13929,"10326,4798,4277,5303,544,8562,8421,2140,10916,6433"
13935,13935,"8562,3950,3428,8413,13346,2140,6220,5199,10326,10916"
13952,13952,"1290,7120,11298,1244,9101,12869,4929,9730,544,9962"
13953,13953,"1290,10326,6971,275,7120,6591,4798,9101,8590,544"
13962,13962,"10326,4798,8562,3950,544,4277,13346,10916,717,5303"
13965,13965,"9942,5495,6220,8413,89,12665,7983,544,6659,9101"
13966,13966,"10326,12857,8421,10594,13346,4798,3950,544,9101,8562"
13974,13974,"11298,1290,9101,7120,7679,1244,2989,4576,12869,11024"
13982,13982,"1290,7120,11298,6971,1244,4929,9101,11024,544,89"
13983,13983,"5461,2903,5495,5199,8413,13112,5532,10326,544,3950"
13987,13987,"10326,3950,6220,4798,8562,12665,13346,4277,12857,3428"
13988,13988,"1290,7120,544,10326,11298,1244,2989,4798,9730,9101"
13991,13991,"10326,4798,13346,3950,12857,6220,6326,5303,12665,6971"
13995,13995,"3950,13346,8562,5495,5199,6302,1323,12665,2343,9532"
13998,13998,"10326,5303,4798,6971,2140,5495,13346,3950,275,8562"
14021,14021,"6220,3428,13110,8562,5545,13296,9693,544,13306,7707"
14028,14028,"2343,9693,544,4277,5461,5199,6383,10326,6795,9519"
14042,14042,"9942,12665,6220,6659,2218,8562,10326,544,3428,10453"
14049,14049,"8703,544,9101,7637,4798,10326,4205,9942,5495,12665"
14060,14060,"8562,6220,9942,3950,3428,13306,5545,12665,5199,13346"
14061,14061,"8562,8413,13296,6220,3950,544,9101,1863,4798,10326"
14067,14067,"1863,544,10429,9693,9101,5495,4798,6220,10326,8562"
14079,14079,"4798,544,1290,7120,12665,5303,6220,275,6971,2343"
14089,14089,"544,4277,350,4798,217,5303,50,6220,5495,10326"
14097,14097,"4798,10326,5303,275,4277,6971,2218,8562,544,2140"
14105,14105,"7679,3464,11298,7669,9101,2989,12869,4163,8978,11554"
14147,14147,"4798,9942,2140,8562,9693,2343,544,7063,5495,9101"
14155,14155,"4798,8562,3950,8413,6220,9942,2218,13346,10326,5495"
14168,14168,"10326,4798,5303,4277,12857,217,544,5495,8421,2140"
14170,14170,"10326,8562,2343,5303,5495,6220,544,5676,50,3428"
14173,14173,"544,2989,7679,3464,11298,9101,4576,3428,13306,11024"
14174,14174,"8562,10326,6220,3950,13346,12857,4798,9942,6433,10916"
14196,14196,"6220,8413,8562,12665,9693,9942,4798,2343,13346,8205"
14197,14197,"9340,544,5303,10326,4277,9101,9730,4798,11298,5250"
14202,14202,"7120,11298,1244,9101,4929,4576,9962,12869,9730,2989"
14204,14204,"544,9306,9101,4798,10326,13214,2300,9942,5495,12871"
14215,14215,"2343,4798,6220,544,810,9693,8483,13346,6795,1574"
14242,14242,"4798,10326,4277,3950,8562,5303,8421,717,2140,13346"
14244,14244,"10326,8562,4798,6220,9942,12665,13346,5303,6971,3428"
14249,14249,"1290,7120,4929,3697,9101,1244,10663,544,11298,4798"
14250,14250,"544,9101,4798,10326,9738,9942,5495,12998,3285,8452"
14256,14256,"10326,4798,4277,5303,12857,717,8421,8562,6433,13346"
14258,14258,"7679,9101,4664,11298,11918,1290,9730,7258,12995,9693"
14280,14280,"5303,4798,8562,6302,10326,8205,5199,8413,544,3950"
14318,14318,"544,7120,11298,2989,1244,9101,6971,10326,6220,12665"
14325,14325,"10326,1328,350,4277,8421,8562,6659,544,9101,217"
14328,14328,"1290,10326,4798,6971,4929,8590,544,5303,8562,4277"
14329,14329,"9942,13346,3870,3950,8681,8333,8562,3428,6220,5545"
14344,14344,"8562,4798,10326,5303,6971,5495,8413,3950,2140,12857"
14366,14366,"1290,7120,4929,10663,544,9101,4798,12030,1244,10326"
14421,14421,"1290,7120,11298,3464,9962,1244,7679,5135,9101,544"
14430,14430,"10326,4798,4277,2343,5303,717,6220,8562,8421,2140"
14435,14435,"275,8413,9942,4413,3428,544,4798,9101,8562,5495"
14472,14472,"10326,4798,2218,1290,6220,275,5495,544,3950,5199"
14501,14501,"6220,5303,4798,6971,12665,12857,2218,8562,10326,9942"
14509,14509,"4798,6971,13346,5303,10326,275,12665,3950,8483,8562"
14516,14516,"8562,4798,6220,2218,275,5303,8413,9942,10326,8188"
14521,14521,"10326,4798,8562,3950,5303,5495,6220,2218,4277,12665"
14553,14553,"5303,5495,544,4798,8562,10326,9942,9101,7637,5149"
14561,14561,"12665,6220,3950,9942,8562,13346,5545,13110,3428,89"
14562,14562,"5495,9942,5303,6220,13346,4798,6971,12470,2218,12665"
14567,14567,"5461,4798,2140,6220,9942,2343,1220,544,8562,10326"
14575,14575,"1290,7120,544,11298,4929,9962,9846,10326,4798,4453"
14581,14581,"544,2343,13346,6971,5303,9693,6220,10326,275,8562"
14627,14627,"1290,6971,89,7120,4798,12665,544,3055,8235,9101"
14634,14634,"6220,9942,3428,12665,3950,8562,5184,13110,6659,7359"
14651,14651,"4798,5303,10326,5495,12857,2140,10916,13346,275,544"
14659,14659,"4798,5199,10326,5532,5495,544,8562,5999,6971,9101"
14670,14670,"10326,4798,4277,12665,8483,5495,8421,9455,10594,717"
14684,14684,"8562,6220,544,2218,12665,4798,10429,1863,9942,13346"
14691,14691,"4798,8413,1290,6971,275,9730,10326,544,8922,9101"
14695,14695,"1290,7120,12665,2218,275,9942,6220,8413,89,6971"
14705,14705,"10326,8562,4798,4277,1328,12857,217,3950,12665,5303"
14711,14711,"1290,7120,4929,544,10326,4277,10663,8562,4798,9101"
14723,14723,"4798,3950,10326,12857,13346,8562,6971,9942,544,12035"
14739,14739,"1290,11298,7120,9730,1244,2989,9101,10389,4576,12869"
14740,14740,"10326,4798,8562,5303,6971,275,544,12857,2140,4277"
14743,14743,"5495,5303,3950,10326,5199,12668,4798,12470,5532,2218"
14747,14747,"10326,4798,544,8562,4277,5303,3950,350,13346,6220"
14748,14748,"9942,6220,12665,89,8413,8681,5676,8562,5545,844"
14764,14764,"1290,6971,7120,13346,4929,4798,544,7983,8333,1007"
14771,14771,"544,5495,6220,9942,9693,12665,2989,12470,11298,9101"
14780,14780,"10326,4798,4277,6220,217,5303,717,8562,12857,544"
14784,14784,"4798,10326,5303,4277,12857,544,8421,2140,6433,717"
14785,14785,"9942,3428,13110,6220,13306,5495,12470,810,5184,544"
14798,14798,"2343,9693,5532,6795,9532,5199,9942,12665,13306,13346"
14801,14801,"544,9942,10326,4798,12665,6220,9693,2343,2989,8562"
14803,14803,"4798,10326,5303,4277,6220,544,13346,9942,2140,275"
14821,14821,"4798,10326,5303,275,4277,6971,13346,12857,13249,6326"
14832,14832,"4798,6971,544,1290,6220,2343,5495,8562,9693,10326"
14833,14833,"3950,9942,10326,5303,6220,4798,13346,3428,6971,2218"
14853,14853,"4798,6971,12665,5303,8562,13346,544,8590,9942,7792"
14854,14854,"8562,13249,4798,6220,2218,8483,5303,10326,5495,13346"
14856,14856,"544,9942,6220,12665,5303,8562,10326,2218,3950,3428"
14858,14858,"10326,3950,5199,2343,4798,5532,9519,5303,4277,12665"
14864,14864,"544,9101,4798,9306,6724,10326,9942,5495,8562,12665"
14867,14867,"11298,2989,1290,1244,9101,7679,12655,12665,7120,11024"
14880,14880,"7679,11298,544,2989,11918,1244,9101,4576,8978,10389"
14890,14890,"8562,6220,4798,13346,6971,5303,2343,8205,10326,12665"
14892,14892,"10326,9693,544,4798,8562,13346,6220,4277,12665,717"
14899,14899,"11298,1290,1244,7120,12869,9730,9101,7679,11024,4576"
14904,14904,"2343,9693,6795,12665,89,9532,3055,5495,9942,5532"
14906,14906,"11298,1290,7120,1244,9295,7679,2989,9101,3464,12869"
14909,14909,"4277,350,544,9340,10326,4694,8483,4798,9101,9942"
14929,14929,"8562,4798,6220,10326,5495,5303,9942,544,3950,2218"
14931,14931,"6220,7707,8562,1863,13296,4798,9942,544,9101,10326"
14938,14938,"4798,10326,8562,3950,13249,6971,12665,6220,12857,4277"
14955,14955,"4798,5303,3950,12665,10326,6971,544,275,2343,13346"
14961,14961,"10326,544,8562,9101,4798,3314,9942,5495,12665,2936"
14969,14969,"1290,11298,7120,9730,9101,1244,12869,9962,2989,11024"
14970,14970,"10326,4798,4277,717,217,6971,544,5303,6433,2218"
14977,14977,"12665,9942,5495,3950,6220,5676,8562,3428,12470,5545"
14991,14991,"4798,10326,8562,5303,6220,12665,3950,2218,13346,2140"
14993,14993,"2140,4798,10326,544,8562,9101,9306,2291,9942,176"
15009,15009,"4798,8562,10326,3950,12857,13346,13249,8483,717,8421"
15014,15014,"9101,11298,9693,2989,544,2343,7679,9730,1244,8978"
15028,15028,"7120,11298,1244,9101,4929,9730,9295,2989,12869,10663"
15029,15029,"10326,4798,217,8562,4277,717,8483,13249,10916,13346"
15030,15030,"5495,9942,6220,8562,13346,8413,8681,5545,3950,3428"
15033,15033,"4798,10326,6971,13346,10916,5303,8562,2343,544,3950"
15052,15052,"544,4798,5303,1290,6971,8562,717,6433,6220,8421"
15062,15062,"4798,10326,13346,8562,5303,9942,8421,810,6326,10916"
15074,15074,"9942,544,6220,8562,1290,9693,6971,5303,2218,2343"
15081,15081,"13346,3950,544,2343,9693,10326,4798,9942,2140,5495"
15082,15082,"544,9101,4798,3563,4029,10326,9942,5495,9994,12665"
15097,15097,"13346,6971,4798,10326,275,8562,2140,544,9101,9942"
15098,15098,"4798,10326,8562,5303,3950,6220,6971,13346,4277,12665"
15107,15107,"1290,7120,1244,4929,11298,9962,10663,9101,789,3697"
15113,15113,"10326,4798,8562,4277,6220,13346,544,275,350,3950"
15120,15120,"10326,8562,4798,6220,3950,5303,13346,12665,3428,4277"
15121,15121,"10326,4798,8562,3950,12857,13346,4277,12665,6971,6220"
15122,15122,"10326,4798,8562,5303,12857,13346,3950,6220,2218,10916"
15141,15141,"10326,4798,350,4277,5303,8562,5676,217,9072,6383"
15143,15143,"4798,6220,10326,8562,6433,4277,13346,13296,544,8421"
15148,15148,"13346,5495,3950,2343,6220,64,12665,3428,9942,5199"
15164,15164,"9942,10326,9693,6220,2343,12665,8562,11969,5303,13346"
15165,15165,"9942,544,6220,9101,8562,2218,1290,6971,3428,10326"
15175,15175,"10326,4798,4277,13346,717,5303,8421,275,10916,8483"
15186,15186,"1290,4929,1244,9295,11298,10663,9101,544,2916,9730"
15189,15189,"10326,4798,544,6220,4277,8562,3950,5303,217,2218"
15200,15200,"10326,4798,8562,6220,544,4277,9942,5303,6971,717"
15204,15204,"10326,8562,4277,4798,6220,13346,9942,2140,5303,8421"
15205,15205,"1290,7120,4798,6220,6971,544,8562,4277,275,13346"
15217,15217,"5303,5199,8590,6971,4798,544,5495,5532,10326,8922"
15240,15240,"2989,12869,1244,7679,11024,9101,8978,4576,9730,12995"
15248,15248,"1290,6220,1863,8562,10429,6971,9942,7120,544,12665"
15253,15253,"4798,8562,10326,10916,5303,2140,4277,12857,544,6433"
15256,15256,"10326,4277,4798,350,13346,2140,544,6433,1978,3950"
15260,15260,"10326,5303,4798,8562,544,3950,2343,13346,4277,8421"
15265,15265,"5495,12470,5199,12092,544,9942,9101,13110,11540,4798"
15274,15274,"544,9101,4798,10326,13130,9942,5495,3314,12665,4029"
15275,15275,"4798,6971,2140,5303,12665,10326,544,9942,9101,7063"
15282,15282,"4798,10326,5303,2140,8205,8562,8483,13346,544,8421"
15294,15294,"2343,9693,5532,6795,5199,64,13346,2903,5495,10326"
15304,15304,"1290,11298,7120,1244,9101,9962,9730,9295,789,2989"
15330,15330,"544,10326,9693,6220,9101,2343,1290,11298,2989,12655"
15331,15331,"12665,8562,13346,6220,3950,4798,13296,3055,5545,64"
15332,15332,"1244,7120,2989,1290,11298,10389,3464,7679,2874,9101"
15339,15339,"6220,9942,544,1863,10429,5545,8562,9101,7707,5495"
15387,15387,"544,6220,8562,1863,10429,9101,7707,9693,12665,10326"
15391,15391,"10326,544,12665,6220,4798,8562,4277,275,2343,13346"
15396,15396,"4798,10326,13346,8562,6220,6326,12665,6971,5303,9942"
15397,15397,"6971,2218,9942,8562,5495,3870,5545,64,5303,544"
15421,15421,"4798,2343,544,9693,9306,9101,10326,2899,12665,9942"
15427,15427,"1290,7120,11298,9730,1244,7679,544,9101,4929,2989"
15434,15434,"544,1290,7120,2989,11298,1244,6220,4576,10429,9730"
15441,15441,"10326,5495,9942,4798,275,12665,2218,5303,8562,3950"
15444,15444,"6971,5303,2218,6220,275,10326,5495,12665,89,4798"
15457,15457,"4798,8562,10326,6220,3950,5303,13346,9942,12665,8483"
15466,15466,"8562,10326,217,3950,13249,717,4798,11000,13346,4277"
15475,15475,"4798,8413,12857,13249,3950,5676,8483,5303,10326,8562"
15483,15483,"11298,1290,9101,2989,7679,7120,9295,9730,11024,12665"
15487,15487,"89,12665,4798,5875,8235,544,9101,7024,10326,9942"
15500,15500,"2140,275,4798,544,10326,5495,9101,9771,9942,7063"
15511,15511,"6220,9942,2343,5495,9532,9693,12665,544,4798,9101"
15515,15515,"8562,6220,3950,4798,13346,2218,9942,10326,5545,5495"
15519,15519,"4798,6971,8562,12665,13346,275,9942,3950,3055,544"
15534,15534,"9693,2343,9942,8413,5532,544,6834,2537,5303,5495"
15545,15545,"1290,7120,11298,9101,12869,2989,4576,1244,9295,11024"
15553,15553,"9101,9693,7679,2343,9730,12869,2989,11298,544,8978"
15556,15556,"5495,8413,8562,5303,6220,2218,12470,3950,9942,1862"
15564,15564,"4798,13346,13249,10326,12857,6326,6433,3950,10916,6971"
15567,15567,"1290,7120,11298,1244,7669,9101,4929,12869,7679,4163"
15582,15582,"12857,4798,8562,10326,6326,6433,5642,217,4277,8421"
15585,15585,"10326,4798,4277,5303,8562,12857,717,8421,6433,8483"
15587,15587,"8562,8413,6220,3950,5303,2218,12665,4798,13346,10326"
15589,15589,"5303,10326,6971,4798,4277,8483,2140,8562,5495,12857"
15590,15590,"9693,6795,3428,5495,544,9942,64,12665,5532,2537"
15595,15595,"3055,10326,544,9101,5199,5495,4798,6522,8235,7526"
15611,15611,"11298,1244,9101,9730,9295,12869,2989,9962,2916,544"
15613,15613,"3950,9942,3428,13346,6220,2218,5495,4798,5303,12665"
15632,15632,"10326,12665,8562,13346,5495,5303,6220,275,9942,544"
15633,15633,"10326,544,4798,4277,350,5303,275,50,9072,13249"
15639,15639,"4798,5303,8483,6971,3950,2218,2140,5495,10326,6220"
15648,15648,"4798,10326,4277,217,8562,717,12857,6971,544,6220"
15652,15652,"4798,10326,275,350,4277,8421,9340,8483,6383,2140"
15683,15683,"9942,6220,3428,2218,5545,8188,5495,8562,13296,544"
15688,15688,"9942,8562,6220,5495,5676,12665,3950,2218,3428,5545"
15703,15703,"9942,8413,3950,13346,4413,8562,4798,544,5676,9101"
15708,15708,"3950,2218,544,4213,9101,4798,10326,8413,2724,5879"
15714,15714,"10326,4798,544,8562,3950,217,12857,10916,717,8421"
15719,15719,"4798,10326,4277,8562,12857,10916,6433,10594,350,8421"
15727,15727,"8413,8562,6971,1230,4798,12665,544,10326,9101,9942"
15728,15728,"1290,7120,4929,10663,12030,544,9101,4798,5573,10326"
15735,15735,"10326,4798,5303,275,8562,4277,8483,2140,8421,6971"
15736,15736,"5495,4798,8562,3950,9942,4277,6220,13346,5199,10326"
15739,15739,"1290,7120,2989,9295,8978,1244,9730,3464,9101,7679"
15742,15742,"12665,8562,3950,6220,10326,4798,9942,5303,89,2218"
15764,15764,"350,9178,3428,1978,12226,544,9101,4798,9942,10326"
15773,15773,"4798,10326,13346,12857,5495,8562,13249,2140,10916,3950"
15774,15774,"1290,7120,7669,11298,2989,12869,9101,7679,9295,6591"
15786,15786,"11298,1290,9101,7120,544,9730,4576,11024,7679,12995"
15789,15789,"10326,4277,217,350,8421,12857,6433,4798,717,10594"
15796,15796,"9942,9693,2343,6220,10326,544,3428,5303,5495,4798"
15800,15800,"5495,12470,8562,2218,5303,12099,4798,12668,8413,10077"
15802,15802,"1290,7120,11298,1244,9101,544,9730,9295,2343,2989"
15812,15812,"10326,4798,5303,8562,544,4277,350,2140,8421,217"
15815,15815,"3870,544,8503,9101,4798,9340,5303,10326,810,10154"
15828,15828,"8562,6220,10326,12665,13346,9942,4277,544,13249,3950"
15831,15831,"11298,1290,7120,1244,4664,7679,1779,9101,544,7265"
15840,15840,"10326,4277,350,717,275,544,9340,10594,5303,217"
15845,15845,"4798,8562,13346,12857,10326,3950,9942,6326,8413,6220"
15847,15847,"2218,6220,8413,5461,544,9101,3428,4798,5495,9942"
15856,15856,"4798,10326,8562,12857,13346,5303,6971,10916,4277,8421"
15861,15861,"1290,11298,7120,12869,1244,4163,9101,9962,2957,9730"
15862,15862,"1290,7120,11298,1244,544,9101,4929,2989,9962,9730"
15871,15871,"5495,2218,8562,8413,12470,8188,7707,5184,5545,544"
15872,15872,"8562,3950,13346,4798,5495,8413,10326,4277,8421,3055"
15883,15883,"1290,7120,11298,9295,9101,1244,2989,544,4929,9730"
15886,15886,"544,1863,2343,6220,10429,8562,9101,5495,5976,4798"
15888,15888,"9942,12665,544,6220,3950,2343,10326,5303,3428,8562"
15898,15898,"4798,10326,4277,6220,8421,3950,13346,12857,2218,8562"
15919,15919,"4798,10326,50,64,6326,6795,8562,6971,5303,12665"
15922,15922,"1290,7120,4929,11298,1244,9295,3697,9101,5135,9730"
15931,15931,"544,9693,1290,7120,9101,11315,4798,10326,5251,10743"
15941,15941,"8562,6220,9942,3950,8188,2218,12665,7707,3428,544"
15943,15943,"4798,10326,10594,12857,10916,5303,8421,8161,8205,544"
15956,15956,"10326,4798,6220,8562,6971,3950,5303,12665,275,9942"
15958,15958,"1290,7120,4798,6220,544,6971,5303,89,275,2218"
15960,15960,"2343,6220,5303,4798,13346,8413,2140,50,10326,275"
15973,15973,"3222,11298,9101,4890,2989,5979,4545,7605,544,11024"
15977,15977,"1290,7120,11298,1244,4929,9101,9962,9295,2989,789"
15994,15994,"8562,6220,13110,89,9942,3950,7359,4413,12665,3428"
15995,15995,"1290,7120,1244,6971,11298,9101,4929,9730,9962,544"
15996,15996,"6220,3950,10326,13346,9942,4798,5545,8562,5303,13296"
15999,15999,"8562,3950,6220,2140,4798,13249,3428,5303,8483,2580"
16060,16060,"4798,1290,10326,7120,6971,5303,544,12665,4929,8562"
16069,16069,"4798,3950,10326,3428,8483,4277,13249,2218,217,717"
16076,16076,"11298,1290,2989,9101,7120,544,1244,9730,12869,4576"
16085,16085,"10326,544,5495,8562,12191,9101,4798,9942,12665,11298"
16089,16089,"8562,6971,4798,544,8703,2140,9101,10326,9942,1290"
16097,16097,"10326,4798,4277,544,8562,5303,217,13346,8421,350"
16112,16112,"13315,13110,5495,4798,3428,217,9942,6326,544,3950"
16116,16116,"4798,5303,10916,12857,8421,10326,6971,10594,8562,544"
16137,16137,"10326,4277,5303,275,350,4798,8483,217,544,8562"
16150,16150,"3950,1328,10326,717,217,8421,8562,13346,4798,8483"
16174,16174,"3428,9942,3950,13110,4413,5545,3870,12665,8562,544"
16176,16176,"8413,3950,8562,2903,2343,544,9101,9532,5078,4173"
16210,16210,"1290,7120,4929,1244,11298,6971,9962,10663,789,9101"
16212,16212,"10326,4798,8562,3950,12665,13346,4277,6220,5303,544"
16230,16230,"10326,8562,4798,5303,6220,3950,4277,13346,5495,2218"
16245,16245,"10326,544,4277,717,217,8562,4798,1328,13346,350"
16293,16293,"8562,3950,4798,13346,6220,10326,13249,12857,5303,2218"
16299,16299,"1290,7120,11298,1244,9295,9101,544,7679,9962,1779"
16300,16300,"1863,10429,544,9101,4798,9942,10326,7706,8562,5495"
16303,16303,"8562,10326,3950,2218,12857,2140,10916,8421,4798,4277"
16305,16305,"1290,7120,11298,9101,12869,89,6971,2989,4576,12665"
16314,16314,"4798,10326,8562,4277,12857,5303,544,6433,6971,217"
16328,16328,"12857,4798,10326,13346,2140,11540,8562,544,5495,9101"
16340,16340,"1290,7120,11298,1244,9101,544,4929,2989,12869,9962"
16351,16351,"10326,9942,1328,4277,10869,6659,9178,544,8681,217"
16363,16363,"4798,2343,10326,8562,9693,9942,6220,11969,275,5303"
16376,16376,"4798,5303,6971,10326,2140,8413,7063,6433,8562,544"
16387,16387,"4798,12857,10326,6433,10916,8421,6326,13249,4277,2140"
16395,16395,"4798,8562,544,6220,10326,3950,9942,12665,810,4277"
16414,16414,"12665,8562,5303,6971,6220,4798,810,7707,3870,8413"
16416,16416,"8413,5495,7715,544,9101,4798,8562,10326,9942,9454"
16418,16418,"5303,6971,6220,89,2218,12665,10326,5495,8205,4798"
16471,16471,"2989,1290,11298,7120,1244,9101,12655,9730,544,4576"
16489,16489,"8562,4798,10326,3950,8413,12857,2218,6220,9942,13346"
16497,16497,"2343,9693,9942,6795,5199,5532,5495,544,12665,4798"
16509,16509,"5303,2218,6971,2140,8562,544,8590,9942,275,4798"
16510,16510,"9942,3950,13346,8562,6220,2218,5303,12665,8413,10326"
16521,16521,"11298,1290,1244,7120,9730,2989,9101,11024,4664,4576"
16524,16524,"544,9101,4798,10326,9942,10352,5495,12665,12824,8562"
16582,16582,"5303,13408,544,9942,7136,3275,9101,5495,4798,10326"
16592,16592,"2343,1290,8562,6971,9693,6220,544,10429,1863,10326"
16604,16604,"1290,11298,7120,9101,7679,2989,12655,9730,1244,544"
16605,16605,"11298,9101,1290,1244,9730,7120,12869,544,12665,4576"
16617,16617,"11298,1290,9101,2989,7120,7679,11024,9730,12869,4576"
16622,16622,"11298,2989,9101,1244,12869,1290,7679,4576,11024,7120"
16624,16624,"6220,3428,8562,3950,4798,9942,2140,4413,544,9101"
16628,16628,"3950,11484,2903,8562,4798,544,11406,5303,9101,10326"
16633,16633,"1290,7120,1244,4929,6971,544,11298,2989,9101,4798"
16646,16646,"5495,7707,544,10429,8562,9942,9101,6220,10326,4798"
16651,16651,"10326,4798,5495,8562,12857,6433,50,3950,9942,3428"
16654,16654,"4798,10326,13346,6971,8562,5495,8421,8413,5303,8483"
16673,16673,"8562,4798,3950,2218,5303,10326,9942,13346,6220,8483"
16675,16675,"4798,10326,8562,13346,6220,3950,9942,6326,12857,4277"
16677,16677,"6971,9693,8562,2218,5303,2343,9942,2140,3950,8205"
16679,16679,"8413,6971,4798,275,5303,1889,2218,13375,11540,3416"
16686,16686,"1290,11298,7120,1244,9730,9101,9962,544,9295,2989"
16695,16695,"4798,10326,3950,4277,5303,12857,8562,8421,10916,13346"
16704,16704,"3428,6220,8562,13346,5495,8413,217,3950,5676,9942"
16709,16709,"9942,6220,12665,5495,13346,5545,3950,1220,2218,8562"
16773,16773,"4798,10326,8562,12857,6433,5303,3950,4277,8483,6326"
16774,16774,"10326,8562,3950,4798,12857,2218,4277,13346,1889,8421"
16797,16797,"6220,3950,9942,3428,8562,13110,12665,13346,13306,544"
16803,16803,"8562,2140,4798,10326,7063,544,9101,9942,6751,12665"
16804,16804,"10326,4798,4277,13346,10916,5303,12857,3950,6433,217"
16806,16806,"8562,6220,9942,544,5495,2343,5303,4798,2218,10326"
16810,16810,"3950,9942,3428,8413,13346,6220,12934,714,8562,5495"
16836,16836,"4277,6433,350,544,1328,2140,1978,10326,717,10077"
16844,16844,"2343,5495,13306,544,9101,9693,10326,4798,4266,9942"
16861,16861,"1290,1244,11298,7120,12869,9101,9962,4163,2957,544"
16875,16875,"4798,10326,5303,8562,6971,2218,13346,3950,2140,6326"
16936,16936,"4798,10326,13346,3950,8562,12857,4277,12665,5303,6971"
16946,16946,"10326,4798,8562,217,3950,13346,5303,12857,9942,5495"
16965,16965,"4798,10326,6220,5303,3950,13346,8562,12665,9942,2218"
16987,16987,"10326,4798,5303,8562,6971,2140,6220,8421,275,8205"
16988,16988,"6971,5875,4798,89,12665,2343,8922,3055,544,8562"
16989,16989,"8562,10326,3950,6220,4798,9942,13346,12665,5303,2218"
17007,17007,"10326,6971,4798,5303,275,9942,8413,8562,2218,544"
17016,17016,"10326,4798,3950,6220,13346,4277,9942,8562,8421,5495"
17030,17030,"4798,10326,2140,5303,8562,3950,544,275,9101,9942"
17034,17034,"4798,10326,13346,8562,3950,4277,5303,10916,12857,8483"
17054,17054,"12857,4798,5303,13346,2140,10326,4277,544,8421,8562"
17056,17056,"12857,1328,10326,4798,8421,350,8562,544,13346,3950"
17084,17084,"5495,10326,5303,12665,8562,4798,2218,8413,3950,6220"
17098,17098,"544,5495,5303,10326,275,2343,9101,4277,12470,12665"
17102,17102,"4798,5303,10326,6971,13346,2218,3950,2140,8421,8562"
17109,17109,"3950,810,11572,544,9101,4798,4416,1788,10326,9942"
17112,17112,"4798,10326,544,1290,6220,7120,6971,2218,275,4277"
17119,17119,"4798,10326,6971,5303,6220,2218,9942,2140,2343,6326"
17124,17124,"6220,8562,5303,9942,2218,10326,12665,4798,13346,8413"
17141,17141,"10326,4798,6971,544,5303,2343,5495,2140,9693,13346"
17160,17160,"7669,12665,12869,8483,7679,9101,217,544,4163,4277"
17179,17179,"4798,8562,6220,8413,13346,2218,3950,5303,3428,8483"
17189,17189,"4277,217,4798,6433,717,10326,8421,350,544,8562"
17191,17191,"5495,8562,6220,5303,8981,4798,10326,544,8413,5149"
17194,17194,"8562,5495,10326,4798,12857,3950,2140,8421,275,2218"
17195,17195,"5495,5199,5532,2903,2343,544,9693,9942,2218,5999"
17200,17200,"1290,7120,11298,2989,9101,1244,4576,544,7679,11024"
17212,17212,"6220,3428,8562,3950,6971,10326,12665,13110,5545,2218"
17218,17218,"9693,2343,10326,5495,6220,544,6795,5199,3950,9532"
17232,17232,"8562,217,3950,8413,12857,6326,4277,4798,50,1328"
17242,17242,"4798,10326,8562,4277,544,275,12857,13346,717,217"
17255,17255,"9942,8562,8413,3950,6220,4798,3428,13346,4413,12665"
17262,17262,"11298,1290,1244,7120,9101,7679,2989,12869,9730,9962"
17275,17275,"8562,6220,9942,12665,3950,3428,5545,8413,8681,5495"
17276,17276,"8562,6220,4277,5303,12857,13346,4798,10326,9942,3950"
17278,17278,"544,1863,9101,4798,10429,10326,11298,9942,1290,9693"
17283,17283,"4798,544,9942,6220,8562,5303,10326,6971,1290,2218"
17284,17284,"11000,10326,8421,4798,5495,8483,1978,3282,544,13346"
17295,17295,"544,10326,6220,4277,9942,3950,3428,4798,12665,10077"
17298,17298,"1290,11298,544,2989,7120,9101,1244,4576,9730,12869"
17319,17319,"9942,6220,8562,3428,12665,3950,10326,544,4798,13306"
17320,17320,"544,9101,7679,11298,1290,2989,1244,8978,7120,3148"
17325,17325,"9693,12665,8483,10326,13346,8562,544,9942,4798,6220"
17330,17330,"1290,544,7120,9101,8235,7024,5875,1244,4798,10326"
17334,17334,"1290,2989,9101,12869,7120,1244,3704,9730,7679,11024"
17346,17346,"6220,9693,9942,4798,12665,2343,13346,5461,544,4413"
17352,17352,"6971,4798,2218,3950,9693,5303,9404,10326,4277,5532"
17353,17353,"1290,7120,4929,9962,1244,789,544,9101,10663,6220"
17396,17396,"4798,10326,8562,5303,6433,2218,4277,2140,12857,6220"
17408,17408,"4798,4277,10326,3950,5303,6220,544,217,12857,8483"
17414,17414,"8562,3950,6220,12665,10326,5303,9942,3428,13346,4798"
17422,17422,"1244,4163,2957,9101,544,4798,10326,7089,9942,7679"
17424,17424,"10326,8562,4798,4277,5303,6383,3950,2140,8421,5676"
17427,17427,"1290,7120,4929,9962,789,5135,544,9101,4798,10326"
17432,17432,"8562,4798,217,13346,3950,10326,8421,6326,12857,8483"
17434,17434,"10326,5303,4798,6971,8562,2343,12665,8421,12857,2140"
17439,17439,"8562,9942,3950,6220,3428,5545,6971,4798,12665,5495"
17442,17442,"544,8562,6220,5495,2343,9942,10326,12665,4798,5303"
17449,17449,"4798,13346,8562,3950,10326,9942,12665,6326,6220,8413"
17472,17472,"9693,12665,5199,544,3950,5495,5461,5532,2905,8590"
17509,17509,"11298,544,1290,9101,1244,7120,2989,4576,9295,10389"
17522,17522,"9942,89,3055,4413,3870,544,4798,9101,931,4602"
17527,17527,"4798,5303,10326,2140,12857,1912,544,5495,9340,7063"
17535,17535,"1290,7120,7679,11298,9101,4576,9295,1244,9730,10389"
17540,17540,"4798,8562,5303,10326,2140,3950,6220,8421,6433,13249"
17541,17541,"1290,11298,1244,2989,9101,9730,4929,4576,7679,11024"
17551,17551,"10326,4798,5303,8562,6220,4277,11000,6971,2140,8421"
17564,17564,"10326,4798,8421,13346,544,8562,10594,12857,6311,9101"
17565,17565,"350,10326,544,4798,9101,12191,5495,9942,6306,8562"
17581,17581,"10326,8562,4277,4798,5303,13346,2218,10916,12857,6971"
17596,17596,"6220,10326,1290,6971,275,4277,89,3950,13346,5303"
17601,17601,"8562,3950,8413,9942,4798,13346,4413,544,7723,12665"
17611,17611,"13346,9942,8562,275,6220,12665,10326,4798,8413,10916"
17612,17612,"10326,8562,9942,4277,217,1355,350,8421,3428,6220"
17620,17620,"8413,12665,5495,8562,6220,3950,5199,8188,13346,2343"
17627,17627,"9693,2343,6795,5495,64,5532,544,5199,1220,13315"
17634,17634,"6220,1863,8562,544,8981,5495,9101,9942,4798,9083"
17649,17649,"10326,8562,544,4798,6220,4277,3428,3950,5303,13346"
17654,17654,"8562,3950,13346,12665,9942,6220,2343,2218,7707,4798"
17659,17659,"8562,4798,10326,544,6971,9101,12665,9942,7637,5495"
17666,17666,"1290,7120,544,3950,12665,6220,11298,1244,6971,9942"
17674,17674,"4798,10326,11000,8421,717,851,5495,544,12857,9101"
17684,17684,"544,10326,4798,4277,350,1328,8421,10077,13375,652"
17708,17708,"10326,5303,2218,12857,8562,4798,2140,13346,5495,8205"
17709,17709,"12665,6220,8483,10326,3950,9942,4798,3428,8562,13346"
17741,17741,"4798,6971,5303,10326,2218,12665,8562,13346,3950,2140"
17752,17752,"9375,544,9101,6060,4798,10326,1213,6307,5495,9942"
17765,17765,"2343,6220,9942,544,13346,12665,89,2218,3950,10326"
17770,17770,"9101,544,8703,1290,7637,4798,10326,5495,7120,9942"
17814,17814,"6220,2218,544,10326,5495,8562,1220,5303,4798,5676"
17818,17818,"1244,350,544,1290,9340,9942,7120,8189,5866,10326"
17822,17822,"1290,7120,4929,8302,544,9101,11117,4798,12030,10326"
17826,17826,"4798,10326,8562,4277,12857,544,10916,8421,2140,6220"
17827,17827,"11298,1290,7120,1244,2989,9101,7679,4576,9730,12869"
17840,17840,"10326,6220,4798,5495,8188,8562,7707,544,13296,10429"
17843,17843,"2218,8413,5495,9942,6220,544,5676,8562,4798,9101"
17864,17864,"4798,6433,5461,544,3950,9984,5495,11969,4277,6639"
17871,17871,"8188,10429,1863,8981,544,5149,1487,9101,7637,4798"
17881,17881,"10326,544,12665,3950,2343,4277,2218,9693,4798,275"
17928,17928,"10326,8562,4798,6220,544,12665,3950,5303,6433,6326"
17931,17931,"544,9101,10326,4798,5495,9942,9375,8562,12665,2989"
17933,17933,"8413,5303,3950,2343,8562,2903,2218,12665,544,3055"
17953,17953,"544,5495,10326,5303,2218,6220,1290,4798,3950,9942"
17970,17970,"9942,3950,13346,6220,12665,5545,89,64,931,4413"
17977,17977,"4798,8562,10326,5303,3950,13249,13346,12665,544,5495"
17982,17982,"1290,7120,1244,11298,9962,9101,12869,544,4929,9730"
17995,17995,"1290,7120,6971,4929,4798,544,9101,8302,10326,12030"
18002,18002,"10326,4798,4277,5303,717,12857,8421,10594,350,10916"
18006,18006,"6659,10429,544,9101,4798,10326,9942,5495,12665,9107"
18023,18023,"10326,5303,4277,275,13346,6971,8562,2140,6220,10916"
18024,18024,"4798,10326,544,7439,9101,9771,4877,5747,9942,5495"
18047,18047,"6220,9942,2343,9693,5545,6795,13110,13296,12665,3428"
18050,18050,"9942,4798,6220,2218,5303,275,12665,6971,544,5495"
18078,18078,"4798,10326,5303,6971,8562,13346,4277,8421,544,2343"
18086,18086,"1290,7120,6971,4798,4929,544,1244,9101,9962,10326"
18093,18093,"1290,7120,11298,4929,1244,9730,9101,3464,4163,7669"
18115,18115,"10326,4798,4277,3950,12857,8421,717,350,10916,217"
18122,18122,"1290,7120,2218,8981,544,9101,10429,4798,5495,5149"
18124,18124,"10326,4798,5303,1290,6971,2343,1220,1747,2140,9693"
18127,18127,"1290,7120,1244,11298,9101,4929,9295,12869,9730,10663"
18133,18133,"8562,10326,3950,13346,6220,12857,4277,3428,4798,1328"
18148,18148,"2218,3950,6971,5199,8562,544,9942,5303,13346,10326"
18155,18155,"9693,2343,13346,9942,275,544,64,9101,4798,2867"
18158,18158,"11298,2989,7679,12655,8978,4576,11024,11918,9101,12995"
18166,18166,"10326,4798,10568,544,5303,4277,3950,12857,2140,8421"
18167,18167,"10326,6220,4277,544,5461,2218,6433,9942,5495,9072"
18169,18169,"13346,2140,544,10326,9101,8562,4798,9306,9942,5495"
18175,18175,"9693,12665,6971,6220,9942,5303,5532,544,10326,4798"
18178,18178,"8562,4798,3950,13346,10326,6220,12665,9942,8413,12857"
18214,18214,"1290,7120,11298,1244,9730,9101,2989,7679,4929,12869"
18217,18217,"8562,5303,3950,10326,6220,5495,4798,12665,275,9942"
18226,18226,"1290,7120,11298,9101,12869,2989,4576,1244,9295,11024"
18229,18229,"6971,5303,4798,8413,2140,10326,2218,544,5495,9101"
18236,18236,"2905,544,8793,9101,4798,170,10326,9119,7063,4049"
18240,18240,"3950,9942,6220,3428,12665,6659,5545,8562,1323,89"
18262,18262,"8562,9942,6220,544,3950,12665,10326,3428,13346,4798"
18266,18266,"1290,11298,544,2989,1244,9101,8978,12869,7679,4576"
18272,18272,"4798,8562,13346,3950,5303,6220,12665,10326,2218,6971"
18292,18292,"8562,4798,6220,13346,10326,9942,3950,5303,4277,2140"
18299,18299,"10326,544,8562,6220,3428,4277,275,9942,3950,2218"
18321,18321,"544,9101,4798,6525,8265,10326,12424,9942,4860,5495"
18338,18338,"6220,8562,12665,10326,3950,544,13346,5303,2343,9942"
18339,18339,"10326,4798,4277,5303,10916,544,12857,8421,350,8562"
18341,18341,"8562,4798,5303,8413,2140,3950,10326,13346,9942,544"
18355,18355,"1290,7120,11298,9295,1244,4929,9730,9101,2989,10663"
18364,18364,"544,1290,7120,11298,6971,5495,9101,1244,4576,2903"
18368,18368,"10326,4798,8562,12665,12857,5303,13346,6971,3950,6326"
18393,18393,"4798,10326,2343,5303,6971,9693,2140,13346,1220,2218"
18409,18409,"3950,4277,217,10326,717,275,8562,4798,2140,13346"
18434,18434,"10326,4798,12857,5303,544,6433,10594,3950,717,10916"
18440,18440,"9942,6220,8562,13346,4798,3950,3428,8413,5545,12470"
18446,18446,"10326,4798,9693,2343,6220,4277,12665,3950,9942,8562"
18467,18467,"9942,8562,4798,13346,2343,275,12857,2140,10326,5495"
18475,18475,"1290,6220,2218,7120,9295,9942,5545,8188,544,13296"
18487,18487,"10326,4798,6220,8562,13346,5495,3950,5303,12857,4277"
18489,18489,"544,10326,4798,9693,4277,2343,350,1290,11969,2140"
18499,18499,"12857,8205,8562,13249,4798,9340,544,4277,10326,9101"
18505,18505,"10326,4798,8562,3950,6220,13346,4277,12857,12665,544"
18525,18525,"10326,4798,8562,4277,5303,8421,6971,12857,10594,544"
18530,18530,"4798,10326,8421,10594,12857,13346,5495,544,9101,851"
18539,18539,"1290,7120,544,9101,1863,4798,10326,5495,9942,10429"
18546,18546,"9693,2343,544,10326,12665,89,6795,6220,64,13346"
18579,18579,"9942,4798,10326,13346,8562,3950,4277,6220,12665,544"
18585,18585,"2343,9693,5532,5199,6795,10835,544,64,12665,5495"
18595,18595,"10326,544,8562,6220,5303,4277,50,4798,6433,3950"
18648,18648,"4798,4277,6433,3950,10326,11000,1220,13346,8483,12857"
18679,18679,"8562,3950,8413,2218,9942,6220,13346,12665,3428,5495"
18683,18683,"6220,544,8562,5495,2343,8188,10326,9693,7707,4798"
18687,18687,"1290,7120,11298,1244,9730,9101,7679,2989,4929,12869"
18718,18718,"8562,12665,4798,6220,544,9942,10326,6971,2218,3950"
18741,18741,"3950,4798,8413,8562,5495,9942,10326,544,9101,13346"
18760,18760,"1290,7120,11298,6971,9730,2989,1244,9101,11024,4664"
18771,18771,"8562,3950,6220,4798,13346,12665,4277,3428,10326,13110"
18787,18787,"10326,4798,4277,275,5303,6971,8562,8421,2140,544"
18788,18788,"4798,12857,8413,13346,2218,8562,3950,10326,8483,4323"
18789,18789,"2343,8562,13346,9693,544,10326,12857,5199,275,769"
18798,18798,"9942,3950,8562,6220,3428,13346,4798,12665,1323,5495"
18800,18800,"10326,544,12665,9942,275,4798,9101,4277,847,4177"
18805,18805,"3950,8562,8413,9942,5545,6270,4798,4413,8681,8188"
18806,18806,"7120,11298,1244,9101,9730,12869,9962,4664,4929,2989"
18812,18812,"6971,12665,6220,5303,4798,8413,9942,2218,89,8562"
18818,18818,"6659,1328,10326,544,4798,9101,5495,9942,8562,12665"
18830,18830,"4798,5303,8562,10326,13346,3950,6971,2140,10916,12857"
18835,18835,"1290,7120,1244,9101,9730,2989,6971,4929,544,9942"
18839,18839,"5495,1355,8413,12470,544,4798,566,9101,10410,5549"
18851,18851,"6220,10326,4798,8413,2218,9942,544,9101,560,6971"
18854,18854,"4798,10326,6971,8562,5303,10916,8205,8421,13346,12857"
18864,18864,"10326,4798,4277,3950,8562,13346,217,544,5303,717"
18865,18865,"6220,9942,7063,544,5495,6971,8562,7707,9693,4798"
18874,18874,"1290,544,11298,7120,2989,12869,9101,1244,4576,9730"
18875,18875,"10326,4798,12857,8421,10594,5303,544,5495,10916,3950"
18879,18879,"7669,9101,7679,11554,3464,12869,11298,544,8978,2989"
18882,18882,"544,11298,1290,2989,6220,9730,9942,9101,12869,1244"
18895,18895,"3950,9942,6220,2218,12665,13306,3055,13346,4798,3428"
18903,18903,"10326,4798,5303,6220,4277,8562,13346,12665,2343,275"
18913,18913,"10326,4798,2343,9693,13346,544,4277,10916,8562,5303"
18934,18934,"1290,7120,1244,11298,544,6971,9101,4929,9730,9962"
18935,18935,"1290,6971,7120,5199,5532,8590,2903,9693,2343,9942"
18981,18981,"12665,6220,8562,6971,9942,2218,9693,5303,2343,7792"
18985,18985,"13346,1290,6971,4798,9693,2343,8562,544,275,10326"
18987,18987,"9295,2916,9101,11298,1244,544,6243,4798,12497,10326"
18990,18990,"10326,4798,8562,6220,5303,4277,13346,10568,12665,10077"
18996,18996,"4798,3950,2218,8562,10326,8413,6971,6326,5303,5545"
19010,19010,"10326,4798,4277,544,8562,10916,217,5303,6433,8421"
19016,19016,"1290,7120,9101,2989,12869,9730,11298,9295,4929,9438"
19018,19018,"1328,8483,544,10326,9101,4798,4277,8562,473,9942"
19029,19029,"10326,4798,5303,8562,8413,12857,13346,2140,8421,8483"
19060,19060,"6220,7679,5545,9101,9942,2989,1355,544,11484,4654"
19069,19069,"1290,7120,544,1244,11298,5303,4929,2989,6971,9101"
19084,19084,"4798,10326,8562,4277,12857,5303,13346,6433,10916,2140"
19086,19086,"1290,7120,2989,9101,6220,9693,1244,11298,2343,7679"
19105,19105,"1290,7120,9295,4929,10663,9101,3464,3697,544,11298"
19110,19110,"1290,7120,1244,11298,9101,2989,12869,9962,544,9730"
19135,19135,"10326,544,9101,4798,8092,10352,1328,9942,6952,5495"
19144,19144,"8562,5303,8413,10326,3950,6971,12665,4277,6220,4798"
19154,19154,"13249,5495,5461,220,544,4798,5199,9101,9800,10326"
19168,19168,"8562,10326,4798,4277,3950,12857,6220,5303,12665,13346"
19173,19173,"1290,7120,4929,2218,5303,5495,8188,544,10663,6971"
19187,19187,"1290,7120,544,6220,9101,4798,9942,10326,7637,1863"
19216,19216,"6659,3950,8562,11484,544,9101,227,4798,9942,10326"
19227,19227,"9693,2343,5495,8413,9942,3428,5545,6220,5676,6795"
19231,19231,"4798,10326,13346,3950,5303,8483,9942,8562,12665,8421"
19234,19234,"11298,2989,1290,1244,7679,7120,9101,9730,4576,11024"
19255,19255,"4798,10326,5303,6220,3950,6971,2218,9942,275,2343"
19258,19258,"5495,3950,8413,4798,9942,8562,12470,12665,2218,544"
19266,19266,"1290,7120,6971,4929,4798,5303,10326,544,8590,10663"
19296,19296,"4798,13346,8562,6795,3950,2537,1220,5532,6971,6834"
19297,19297,"6659,544,9101,8562,4798,6383,10326,9942,5495,12665"
19308,19308,"3950,844,8562,3055,12665,5199,544,2218,9101,4798"
19323,19323,"1328,10326,544,9101,4798,8562,9942,5495,12665,11298"
19346,19346,"10326,4798,5303,544,6971,6220,4277,12665,8562,2218"
19347,19347,"7120,4929,6971,4798,6220,1244,9730,9942,12665,9101"
19360,19360,"1290,7120,4929,9101,9295,544,4798,8302,9942,8554"
19364,19364,"7669,3464,11298,2989,7679,11554,12869,4163,9101,544"
19378,19378,"4798,3950,13346,10326,12857,8562,5642,12665,6326,10916"
19379,19379,"4798,8562,10326,5495,5303,9942,2218,6220,13408,6971"
19380,19380,"10326,4798,8562,5303,4277,12857,544,11969,217,10916"
19381,19381,"10326,4798,8562,4277,12857,5303,8421,10916,6433,2140"
19384,19384,"8562,10326,6220,5303,10568,4798,3950,4277,8421,12665"
19385,19385,"8562,4798,13346,6220,3950,2218,3428,12665,6326,9942"
19388,19388,"1290,7120,11298,2989,1244,9730,9101,12869,4929,9295"
19406,19406,"10326,4798,5303,8562,4277,544,13346,6220,6971,6433"
19408,19408,"5495,5199,5532,10326,2903,544,2343,6971,9942,5461"
19415,19415,"544,1290,11298,7120,1244,2989,3148,12655,9730,4576"
19417,19417,"12665,13346,4798,64,10326,3950,2218,6971,5303,6220"
19434,19434,"9693,2343,64,2989,11298,7679,544,10326,2537,9101"
19441,19441,"10326,4798,12857,5303,4277,8562,13346,3950,8421,10916"
19461,19461,"1290,7120,1244,11298,4929,9730,9101,544,9295,4576"
19474,19474,"3950,8562,6220,9942,2218,12665,13346,5303,8413,89"
19477,19477,"1290,7120,350,4798,4929,9938,544,9101,10326,8483"
19484,19484,"11298,2989,1244,9101,8978,544,12869,7679,11024,1290"
19502,19502,"544,5676,5495,8562,12665,7707,6659,12099,8413,2343"
19503,19503,"544,6220,10326,5303,4277,3428,6971,5545,9942,12665"
19512,19512,"13346,3428,50,2218,3950,8562,4277,4798,10326,8483"
19515,19515,"9942,975,89,9693,544,8235,9101,7024,5875,2255"
19518,19518,"1290,7120,2989,9730,9101,6220,4929,11298,544,9295"
19530,19530,"8562,10326,6220,4798,6971,5303,13346,3950,9942,12857"
19559,19559,"1290,7120,9101,11298,9730,12665,1244,12869,2989,6971"
19576,19576,"6971,13346,4798,10326,8922,8562,12665,544,5875,5303"
19586,19586,"9693,2343,64,5495,9942,3127,544,13315,9101,2537"
19594,19594,"1290,12665,10326,6971,7120,544,89,275,2343,4798"
19605,19605,"6220,10429,544,1863,8562,9101,8188,7792,12606,4798"
19618,19618,"3950,8562,10326,6971,9404,2218,4798,5199,12665,5303"
19620,19620,"4798,5303,8562,6971,8413,2140,10326,6220,9942,544"
19623,19623,"3428,4277,3950,9942,8562,350,13249,10916,9340,217"
19628,19628,"10326,4798,3950,4277,8421,5495,13346,217,5303,8562"
19631,19631,"7120,1244,11298,9101,12655,4929,2989,7679,544,4576"
19642,19642,"12665,5495,2343,9942,3950,9693,6220,13346,5676,8562"
19644,19644,"2140,4798,2218,5303,10326,544,9101,2291,9306,7063"
19648,19648,"1290,7679,11298,7120,9295,5495,1355,544,9101,2969"
19665,19665,"8562,4798,9942,10326,6220,544,2777,12665,11639,9101"
19683,19683,"1290,11298,1244,544,7679,9101,2989,9730,4576,3464"
19684,19684,"10326,4277,10594,8562,717,8421,4798,4323,544,9455"
19693,19693,"10326,4277,4798,11000,9340,5199,8421,5303,13249,8562"
19696,19696,"4798,10326,5303,3950,8413,6971,275,12857,8205,2140"
19707,19707,"4798,10326,5303,12857,4277,6971,8483,8421,3950,2140"
19715,19715,"2343,9693,9942,64,6220,5495,5303,3428,5532,5199"
19716,19716,"1290,7120,4929,1244,11298,9101,544,3697,4798,13309"
19729,19729,"1290,4798,7120,6220,8562,6971,10326,5303,9942,8590"
19734,19734,"10326,13346,4798,5303,8562,3950,12857,5495,6433,2218"
19758,19758,"3950,544,9101,3799,13346,8562,4798,10326,9786,5460"
19764,19764,"8562,4798,5303,10326,6220,6971,2343,2218,12665,6433"
19773,19773,"1290,11298,544,1244,9101,9730,2989,4929,4576,4664"
19778,19778,"9942,3950,5495,2218,4798,8562,6220,10326,13408,5676"
19780,19780,"8562,3428,9942,6220,2218,5495,13306,6659,3950,5184"
19784,19784,"544,10326,6220,8562,4277,6433,50,350,4798,3428"
19786,19786,"8562,4798,4277,3950,13346,10916,6220,12857,13249,6433"
19793,19793,"10326,4798,5495,6220,8562,2218,4277,5303,3950,275"
19798,19798,"10326,5495,13346,4798,3428,4277,6220,1323,12665,8562"
19808,19808,"4798,8562,13346,3950,10326,6220,8413,9942,6971,12665"
19812,19812,"1290,7120,2989,1244,12869,7679,4929,9101,9730,4664"
19821,19821,"8562,10326,4798,5303,12857,13346,6433,3950,2218,275"
19830,19830,"1290,12869,9730,1244,11298,7120,9101,9962,2989,789"
19843,19843,"1290,7120,12869,2989,7669,9101,11298,1244,9295,544"
19867,19867,"6220,9693,2343,9101,2218,1863,10429,1290,10326,13110"
19889,19889,"8562,6220,3950,4798,13346,9942,10326,2218,12665,10916"
19893,19893,"8562,6220,10326,4798,2218,8188,13346,13296,544,5545"
19898,19898,"1290,7120,11298,1244,9101,9295,4929,2989,12869,4576"
19902,19902,"350,8562,544,9101,10326,4798,9942,5495,12665,6659"
19905,19905,"4798,10326,8562,5303,4277,8590,12857,10916,8421,1328"
19910,19910,"3950,10326,4277,13346,4798,8562,8421,217,717,6220"
19929,19929,"10326,4798,8562,6220,4277,8483,5303,544,13346,12665"
19932,19932,"11298,1290,7120,2989,1244,7679,9101,9730,12869,4576"
19952,19952,"8562,10326,4798,6220,13346,5495,5303,3950,9942,6433"
19956,19956,"10568,4798,13110,8421,1210,8483,8562,9942,2814,544"
19987,19987,"4798,10326,8562,8421,13346,3950,4277,5303,6326,12857"
20008,20008,"4798,544,4277,8562,5303,6971,6220,12665,13346,8421"
20018,20018,"4798,8562,9942,13346,3950,8413,12665,10326,6220,2218"
20019,20019,"1290,7120,5303,9942,6971,4929,12665,2140,5731,544"
20020,20020,"1290,7120,4929,10663,9101,544,4798,11298,10326,1244"
20023,20023,"13346,5495,4798,8413,10326,3950,8562,6326,2218,13249"
20031,20031,"6220,8562,2218,544,13296,12665,9693,9942,4798,7707"
20039,20039,"8562,6220,9942,12665,8413,3428,544,3950,2218,2343"
20040,20040,"5495,9942,4798,6220,8562,8483,12470,13346,2140,5303"
20041,20041,"12470,8188,544,6220,2218,1355,8413,13408,769,9942"
20045,20045,"4798,13346,3950,10326,8562,10916,8421,12665,6326,5303"
20056,20056,"1290,4798,6220,7120,6971,544,10326,12665,12869,89"
20069,20069,"10326,4798,13346,2218,6220,5303,4277,544,2343,3950"
20074,20074,"9942,8562,6220,6659,3428,5184,13110,7359,3870,5545"
20083,20083,"8562,10326,4798,9942,3950,13346,6220,3428,13249,5676"
20085,20085,"11298,1290,7120,9101,7679,9730,4664,12869,11024,11918"
20086,20086,"5303,8413,6220,5495,8562,6971,4798,3950,9942,2140"
20089,20089,"8562,6220,3950,2218,13346,4798,4277,3870,10326,8681"
20101,20101,"5303,4798,9942,89,6220,12665,2218,3950,13346,5199"
20104,20104,"544,9101,5105,449,4798,8911,5495,10326,6011,6402"
20112,20112,"8562,9942,12665,3950,4798,10326,544,6220,275,5303"
20115,20115,"8562,3950,6220,13346,4798,10326,12665,5303,8421,9942"
20133,20133,"1290,7120,11298,12869,1244,9730,9101,789,4929,5135"
20136,20136,"10326,4798,544,2343,4277,9693,8562,217,1220,2140"
20138,20138,"11298,1244,1290,9962,7120,789,11024,9101,5135,544"
20162,20162,"10326,4798,3950,5303,6971,8421,13346,12857,10916,8562"
20176,20176,"4798,10326,6971,6220,2218,275,544,8562,12665,2140"
20200,20200,"10326,4798,275,5303,8562,4277,2140,13346,6971,12665"
20222,20222,"4798,9306,544,9942,9101,10326,13214,5946,5495,8562"
20251,20251,"1290,10326,4798,6971,5303,7120,544,2140,8590,4277"
20256,20256,"12470,5303,10326,12099,10594,12668,5199,609,217,13408"
20264,20264,"10326,4277,8562,4798,6220,6433,5303,810,10916,12857"
20280,20280,"10326,4798,4277,8562,13249,217,12857,10916,8421,10594"
20286,20286,"6220,8188,11298,1290,10429,2989,1863,9101,544,7707"
20323,20323,"1290,7120,11298,4929,9962,9295,9101,10663,12869,789"
20324,20324,"1290,7120,5495,544,4929,6220,6971,8590,9101,12470"
20336,20336,"544,9693,11298,9101,1290,2989,1244,9730,7120,4576"
20339,20339,"8562,9942,3950,6220,4798,8413,13346,12665,6326,2218"
20344,20344,"1290,5495,7120,6971,10326,5303,544,9101,12470,4798"
20356,20356,"8562,9942,10326,4798,6220,12665,3950,13346,3428,544"
20360,20360,"1290,7120,4929,6971,10663,544,9101,2343,9693,4798"
20362,20362,"9693,2343,5199,5532,5495,10326,2537,544,6971,6834"
20376,20376,"13346,10326,4277,3950,10077,10568,10916,13249,8562,4798"
20381,20381,"5303,2218,5676,4798,6220,10326,12665,8562,6971,1220"
20394,20394,"7120,11298,1244,9101,2989,544,6971,4929,4576,9730"
20397,20397,"8562,1355,12665,544,1779,7707,5495,10429,7792,6659"
20407,20407,"6659,3428,6220,8413,3950,8483,10326,12665,9942,5495"
20413,20413,"1290,7120,11298,12869,9101,9730,2989,1244,11024,9962"
20433,20433,"1290,7120,1244,11298,4929,9962,9101,789,9730,5135"
20448,20448,"544,810,9693,7792,2343,5303,9101,8188,8623,9553"
20492,20492,"5303,89,10326,13346,4798,8562,12665,2218,9942,6220"
20505,20505,"1290,7120,11298,1244,9101,9730,2989,4929,544,12869"
20512,20512,"10326,4798,8562,13346,3950,12857,5303,10916,6326,13249"
20514,20514,"10537,544,9101,4181,4798,1706,12453,13013,10326,9942"
20533,20533,"217,4277,350,10326,544,8421,8483,5303,4798,5109"
20543,20543,"1290,5303,7120,4798,4277,10326,2989,8421,12857,6220"
20546,20546,"4798,10326,717,8421,4277,12857,10594,8562,8161,10916"
20557,20557,"10326,8562,9942,4798,3950,5303,13346,5495,2218,544"
20558,20558,"4798,10326,12857,9602,10594,8562,544,9101,3673,2289"
20561,20561,"12665,9942,6220,4798,13346,3950,3428,10326,2218,8562"
20566,20566,"1290,11298,7120,1244,9101,544,9693,4576,10389,2343"
20573,20573,"11298,1244,1290,9101,544,10607,4798,10326,7120,9942"
20623,20623,"1290,7120,6971,4929,5303,10663,4798,544,9101,9942"
20627,20627,"544,10326,1290,9730,7120,6220,4277,12665,4798,2989"
20643,20643,"4798,10326,6971,5303,2140,275,8421,8161,544,13346"
20645,20645,"1290,11298,7120,1244,12869,9101,544,9730,4576,2989"
20652,20652,"10326,717,8562,5303,4277,13346,12857,5495,3950,8421"
20654,20654,"10326,4798,8562,4277,3950,13346,6433,10916,544,717"
20667,20667,"1290,6971,7120,89,2989,9101,544,5199,4798,11298"
20670,20670,"3950,544,9101,13408,9942,10326,4798,1889,10159,5495"
20671,20671,"10326,4798,8562,5303,2218,3950,544,6971,6220,8413"
20676,20676,"9942,5303,8562,10326,4798,13346,2140,3950,6220,2343"
20694,20694,"544,1290,7120,12665,4277,5303,10326,8562,11298,2989"
20709,20709,"5495,10326,4798,8562,12470,5303,8413,544,2218,6220"
20716,20716,"4798,5303,8562,2218,10326,2140,6971,544,10916,8205"
20739,20739,"5303,217,2343,9693,64,9942,3565,13296,12470,50"
20763,20763,"544,9693,2343,10326,5303,6971,13346,5199,12665,2903"
20779,20779,"1290,11298,7120,1244,9101,2989,544,4576,9730,9962"
20781,20781,"4798,8562,3950,6971,8413,6220,2218,9942,12665,5303"
20790,20790,"1290,7120,9295,4929,9962,6971,3697,789,9101,11298"
20792,20792,"10326,4798,12857,5303,8421,4277,10916,717,6971,10594"
20797,20797,"4798,13346,5303,10326,8562,5495,4277,6220,9942,8413"
20811,20811,"6220,4798,3950,9942,5303,8562,3428,6971,10326,13346"
20821,20821,"1290,7120,11298,1244,9730,9101,12869,4929,7679,11024"
20830,20830,"10326,4798,5303,10594,8562,4277,8421,6383,13259,9580"
20861,20861,"9693,2343,6220,6971,544,9942,12665,5495,5199,6795"
20878,20878,"1290,11298,7120,544,2989,1244,6220,12665,9101,9942"
20891,20891,"8562,5875,7024,544,12665,5495,9101,9942,4798,10326"
20895,20895,"8562,4798,6220,9942,3950,5495,5303,2218,12665,8413"
20901,20901,"10326,4798,8562,6220,13346,5303,4277,2343,6971,544"
20908,20908,"10326,8562,4798,2343,4277,275,9693,5303,13346,6971"
20928,20928,"1290,7120,4929,10663,544,9101,6971,12030,4798,10326"
20945,20945,"9942,6220,5303,6659,8562,8188,12665,3428,5495,544"
20971,20971,"4798,10326,8562,4277,13346,12857,12665,6433,8421,5303"
20979,20979,"4798,10326,5303,8562,6971,13346,4277,12665,3950,12857"
20982,20982,"10326,5303,4798,4277,8421,6433,10594,12857,217,1017"
20991,20991,"10326,13346,8562,5303,12665,8413,6220,2140,2218,9942"
20998,20998,"9942,3950,5495,6220,13346,10326,3428,12665,64,8562"
21006,21006,"3950,9404,5199,2343,5495,9693,5532,4798,6220,8562"
21018,21018,"6971,5303,10326,4798,2140,8562,275,8161,6515,8421"
21028,21028,"9942,6220,8188,8562,6659,9693,544,12665,8413,5532"
21041,21041,"5495,10326,4798,3950,8562,13346,9942,6433,6220,12665"
21042,21042,"2343,9693,5495,5199,6795,544,5532,3127,2903,10326"
21064,21064,"1290,7120,11298,9101,4929,9962,544,12869,2989,9730"
21075,21075,"6971,2343,544,5199,5303,12665,9693,89,2218,5532"
21078,21078,"10326,9942,13346,3950,8562,4798,2218,3870,12665,6326"
21081,21081,"5495,12470,5303,2218,6971,5199,6220,9942,2343,10326"
21084,21084,"8562,10326,3950,13346,6971,275,4798,4277,6220,12857"
21089,21089,"10326,4277,4798,10594,217,350,8562,8421,10916,12857"
21112,21112,"1290,7120,1244,9101,2989,4929,544,9730,4576,9295"
21126,21126,"13346,8413,3950,8562,4798,544,9101,10326,9942,5495"
21129,21129,"1290,7120,6971,4929,9101,9295,9730,11298,10663,9438"
21130,21130,"2343,9693,13346,10326,9942,6220,3950,4798,12665,64"
21137,21137,"8562,3950,4798,5303,6220,12665,10594,5642,6971,10326"
21149,21149,"5495,8562,4798,12470,6220,3950,9942,10326,8483,12665"
21152,21152,"10326,4798,5303,6220,8562,13346,2218,2343,12665,6971"
21177,21177,"8562,3950,10916,350,4277,4798,13346,10326,544,9101"
21191,21191,"7120,4929,6971,10663,544,9101,4798,12497,6243,10326"
21200,21200,"8562,10326,5676,3950,6220,9942,4798,1328,12665,2218"
21204,21204,"4798,10326,8562,4277,5303,717,217,3950,6433,10916"
21221,21221,"5495,2218,6971,12470,1290,6220,5303,8562,4798,9942"
21228,21228,"1290,7120,11298,544,6971,9101,2989,12665,9942,2218"
21249,21249,"10326,5303,5495,275,2343,2140,544,4798,13315,50"
21256,21256,"3950,4798,844,9942,8562,544,9101,6220,10326,11396"
21261,21261,"4798,8562,13346,8413,10326,3950,8483,2218,6326,10916"
21279,21279,"544,10326,4798,6220,9942,2343,12665,9693,275,2218"
21282,21282,"1290,7120,1244,11298,9101,544,9730,9295,2989,2343"
21305,21305,"10326,4277,4798,717,10594,8562,8421,5303,544,350"
21307,21307,"217,5495,13110,13315,5734,544,12152,9101,10594,3428"
21315,21315,"810,1574,5642,10100,11094,544,4365,9101,10152,10063"
21342,21342,"544,7120,2989,9101,11298,6971,1244,12869,6220,4929"
21347,21347,"10326,4798,12665,13346,6220,4277,5303,3950,8562,3428"
21357,21357,"6220,544,1290,8562,9101,10429,1244,7707,1863,4798"
21358,21358,"10326,6971,2903,5532,5199,5495,9693,2343,5303,544"
21368,21368,"1290,9962,789,11298,7120,9101,544,1244,11117,4798"
21372,21372,"1290,11298,7120,9730,2989,9101,1244,544,4576,9295"
21373,21373,"9942,3950,12665,3428,4277,13306,2218,544,5495,6220"
21383,21383,"7120,11298,1244,9101,544,89,4929,9730,9693,7679"
21393,21393,"9942,8562,6220,3950,13346,8413,12665,2218,3428,5303"
21415,21415,"1290,7120,6971,4929,9295,11298,1244,10663,3697,9101"
21421,21421,"1290,9942,8562,6220,12665,10326,4929,9101,4798,9730"
21433,21433,"4798,10326,5303,275,6971,4277,12665,6433,3950,2140"
21449,21449,"544,10326,4798,8562,6220,4277,2343,3950,5303,6433"
21483,21483,"8562,10326,9942,6220,4798,3950,4277,13346,5303,3428"
21488,21488,"4798,8562,10326,13346,3950,5303,12857,10916,8421,8483"
21518,21518,"1244,2989,544,3428,7679,9101,8978,12869,9942,11298"
21528,21528,"12470,6220,8562,5303,2218,12665,13346,9942,4798,5676"
21536,21536,"1290,7120,11298,1244,2989,9730,9101,544,4929,9295"
21585,21585,"4798,8562,9942,6220,5303,12665,5495,10326,3950,8413"
21598,21598,"11298,2989,1290,7120,9730,9101,544,9295,6971,10389"
21602,21602,"8562,12665,5303,3950,4798,13346,3055,9942,2218,544"
21604,21604,"5303,4798,5495,544,9101,10326,8562,12793,9105,9942"
21626,21626,"12665,5495,9693,544,11298,8215,9101,8205,4798,9119"
21636,21636,"12665,3950,9942,2343,13315,89,13346,2989,9693,544"
21649,21649,"7120,4929,10663,544,9101,3697,5573,12030,4798,6243"
21650,21650,"544,1025,9101,12859,4798,10326,9942,4512,5495,7852"
21655,21655,"1290,7120,9101,11298,1244,2989,544,12869,4576,9730"
21662,21662,"11298,1244,12869,9101,1290,544,4576,11024,7120,9295"
21681,21681,"1290,7120,11298,1244,12869,9730,9101,2989,4929,544"
21686,21686,"350,5303,2140,544,2411,10326,1328,4798,12404,12758"
21699,21699,"4798,8562,13346,3950,8413,12665,5303,9942,6971,2218"
21702,21702,"1290,7120,11298,1244,9101,544,9730,4576,9295,10607"
21709,21709,"4798,10326,13346,8562,3950,12857,6971,8421,10916,5303"
21718,21718,"4798,10326,3950,5303,8562,4277,12857,13346,10916,8421"
21719,21719,"10326,4798,4277,5303,8421,8562,12857,10594,717,10916"
21724,21724,"8562,4798,3428,9942,3950,6220,13346,10326,13306,13249"
21741,21741,"1290,1244,2989,11298,9101,7679,7120,544,12869,4576"
21746,21746,"1290,11298,7120,9101,1244,544,7679,12869,9730,10389"
21751,21751,"3950,8413,9942,6302,544,12665,9101,4798,5495,10326"
21754,21754,"10326,4798,4277,8562,13346,12857,6433,8421,217,717"
21768,21768,"3950,4798,12665,10326,6220,13346,5303,6971,9942,10916"
21775,21775,"6220,544,8188,5199,9942,10429,9101,4798,8562,5495"
21781,21781,"11298,9730,1290,2989,9101,8978,11024,7120,1244,7679"
21789,21789,"7120,11298,1244,9101,2989,9730,544,6971,4929,4576"
21795,21795,"4798,3950,5303,6971,2218,10326,5495,12665,2140,8562"
21812,21812,"8562,3950,8413,13346,9942,12665,3055,1286,4798,544"
21814,21814,"10326,4798,5303,13346,8562,6971,12857,8421,6433,2140"
21820,21820,"10326,3950,8562,4798,13346,5303,12665,12857,5642,9942"
21827,21827,"10326,4798,9942,6220,5303,4277,12665,8562,2343,717"
21838,21838,"8562,6220,10326,8188,4798,1355,544,13346,10429,9101"
21855,21855,"2343,9693,5495,64,6795,9942,5532,5199,544,13346"
21881,21881,"4798,13346,12857,275,10326,9942,8562,5303,64,2140"
21884,21884,"8562,4798,10326,12665,6220,13346,5303,9942,2218,6971"
21889,21889,"1290,7120,544,10326,4798,1244,6971,4929,6220,9101"
21896,21896,"4798,10326,8562,6220,544,5303,4277,13346,12665,2140"
21902,21902,"10326,4798,4277,10916,3950,12857,8421,13346,10594,6433"
21916,21916,"10326,4798,4277,544,5303,13346,6971,8562,10916,12857"
21927,21927,"1290,7120,11298,9962,789,5135,1244,9101,544,9730"
21938,21938,"10326,4798,12857,4277,8421,717,13249,217,13346,6433"
21948,21948,"4277,810,6433,13346,9245,8562,5610,10594,4798,11603"
21952,21952,"1290,7120,4929,9295,10663,3697,9101,544,11298,1244"
21954,21954,"2343,6795,9693,5199,5532,5495,10326,544,9942,2903"
21955,21955,"9942,6220,5303,3950,544,6659,8562,10326,3428,275"
21978,21978,"8188,6220,4798,544,8981,1863,7707,9101,10429,12665"
21983,21983,"1290,544,2343,9693,11298,7120,6220,9101,9730,13408"
22004,22004,"10326,1290,7120,5303,2343,4798,6971,9693,5495,5199"
22007,22007,"1290,7120,11298,9730,3464,12869,4929,2989,7679,4576"
22014,22014,"6220,3428,3950,8413,2218,9942,5495,89,12665,5545"
22020,22020,"4798,10326,12665,8562,6220,5303,4277,13346,8413,6326"
22052,22052,"4798,10326,717,5303,8421,12857,4277,10594,8483,217"
22056,22056,"8562,12665,3950,5495,2218,1323,9942,13346,9404,6302"
22064,22064,"8562,10326,8681,4798,7707,544,6220,9693,2343,3950"
22072,22072,"10326,4798,8562,13346,4277,12857,6220,5303,10916,544"
22074,22074,"8562,4798,10326,4277,8421,13346,5303,13249,9942,12665"
22102,22102,"3428,3950,13346,6220,13306,544,10326,5545,9942,1889"
22110,22110,"8562,4798,10326,13346,6220,3950,3428,9942,5495,5303"
22111,22111,"544,10326,4798,5303,4277,6220,8562,2218,8483,717"
22119,22119,"6220,8562,1290,12665,5495,6971,9942,8205,10326,7792"
22125,22125,"8413,3950,8562,4798,544,9101,12665,10326,9942,13346"
22150,22150,"4798,10326,5303,6971,544,5495,5199,275,8590,8922"
22151,22151,"1290,7120,4929,9295,1244,6971,11298,544,4277,10663"
22154,22154,"1290,7120,4929,1244,10663,11298,9101,544,4798,8703"
22213,22213,"9942,6220,3950,3428,12470,2218,5495,5545,6659,8562"
22256,22256,"544,2343,1290,13346,7120,11298,6220,9101,6795,9730"
22258,22258,"4798,5303,8562,5495,13346,10326,6971,10916,4277,8421"
22265,22265,"8562,4798,10326,3950,12665,13346,6220,2218,5495,9942"
22279,22279,"2343,13346,6220,9942,9693,3950,5495,8562,89,6971"
22280,22280,"10326,9942,275,12857,8188,4798,5495,10869,6659,6220"
22283,22283,"2343,9693,544,9101,4798,10326,9942,5495,8981,2989"
22286,22286,"6220,9942,3950,3428,8562,8413,8681,12665,5676,13346"
22288,22288,"10326,2343,13346,8562,9693,4277,5199,544,3950,5303"
22321,22321,"1290,7120,11298,9730,1244,2989,9101,7679,12869,4576"
22336,22336,"4798,10326,8562,5303,12665,13346,6220,3950,12857,10916"
22344,22344,"4798,6971,3950,5303,10326,2905,844,8483,544,13346"
22353,22353,"6659,9453,544,9942,10326,9101,12665,4798,5495,8562"
22356,22356,"4929,1244,9295,9101,11298,3697,6971,544,12497,2916"
22387,22387,"10326,4798,5303,13346,8562,6971,6433,2140,12857,544"
22427,22427,"6971,4798,544,9101,9942,8562,10326,12665,9799,4413"
22428,22428,"1290,7120,9693,2343,11298,9101,544,9730,1244,9295"
22449,22449,"11298,7679,9101,2989,1290,11024,1244,4576,9730,544"
22452,22452,"544,9942,9101,6220,13296,10429,1863,11298,7707,5495"
22460,22460,"7679,7669,1371,4163,11298,9101,12869,2957,1290,544"
22467,22467,"1290,7120,10326,4798,1244,544,4929,6971,11298,9101"
22480,22480,"1290,7120,544,1244,9101,9962,4929,2989,11298,789"
22481,22481,"4798,10326,5303,275,8562,6971,9942,2140,13346,3950"
22484,22484,"5303,4798,3950,5495,9942,8483,10326,11572,8421,1788"
22489,22489,"9693,2343,9942,544,2537,5532,64,6834,1220,9101"
22502,22502,"9101,11298,1290,1244,7679,7120,4576,3464,4664,544"
22510,22510,"1290,11298,12869,2989,9101,1244,7120,544,9730,4576"
22511,22511,"1290,6220,1863,544,7120,10429,9101,9942,4798,5495"
22514,22514,"4798,10326,5303,6971,9693,8562,8483,8421,2343,1290"
22520,22520,"1290,7120,4929,544,10663,5573,10322,9101,4798,10326"
22546,22546,"6971,4798,5495,2140,12857,8562,8205,544,10326,9101"
22551,22551,"8562,8413,3950,6220,12665,9942,13346,2218,3870,4413"
22582,22582,"11298,1290,7120,9730,1244,8978,3464,2989,7679,9101"
22595,22595,"9942,6220,12665,9693,2343,3950,3428,5303,2218,3870"
22597,22597,"4798,8562,13346,10326,13249,10916,3950,6326,8421,544"
22605,22605,"3428,3950,4277,9942,9768,217,12470,5495,13306,544"
22618,22618,"544,4798,9942,1290,7120,9101,9693,2343,12869,11969"
22641,22641,"544,10326,4277,717,4798,10077,8421,350,1328,8562"
22645,22645,"10326,4277,350,8562,9178,217,544,4798,652,9340"
22660,22660,"8562,4798,10326,3950,13346,6220,5303,12857,4277,8421"
22666,22666,"8562,3950,4798,8413,2140,9942,12665,13346,5461,6220"
22674,22674,"7120,1244,9101,4929,11298,9730,4576,2989,9693,544"
22678,22678,"1290,7120,544,11298,1244,9101,2989,2343,9730,12665"
22697,22697,"11298,1290,7120,11024,1244,9730,544,9101,2989,9962"
22698,22698,"3950,2218,6220,13315,5495,13346,9942,5199,10326,3428"
22705,22705,"1290,544,4798,6220,10326,8562,6971,7120,5303,2140"
22710,22710,"5676,8562,2343,5495,544,4277,10326,9693,5303,5199"
22714,22714,"3950,2218,8413,13306,8562,3055,4798,3992,12665,9942"
22715,22715,"4798,5303,810,8562,3950,10916,6220,6326,5199,3055"
22720,22720,"10326,4798,4277,544,5495,5303,2343,6220,8421,13346"
22734,22734,"4798,10326,5303,8562,2218,6971,544,5495,275,2140"
22735,22735,"4798,10326,6971,5303,2218,3950,13346,4277,2140,6326"
22736,22736,"4798,8562,10326,5303,6971,2218,13346,6220,2140,12857"
22747,22747,"2343,9693,544,10326,8562,4277,4798,7707,9942,6220"
22748,22748,"4798,6971,10326,2140,5303,1290,544,8562,9101,12857"
22759,22759,"9693,2343,13346,10326,6220,12665,13306,6795,3950,544"
22761,22761,"4798,10326,6971,5199,3950,5303,2140,2218,5495,8562"
22774,22774,"10326,4798,9942,6971,8562,5303,6220,2218,8188,5495"
22783,22783,"8562,6659,6220,10326,3950,2989,7707,3055,544,13346"
22830,22830,"5495,9693,544,12470,10326,6220,5676,5303,9942,6795"
22831,22831,"7120,11298,1244,4929,10663,9730,9101,3697,2916,2989"
22846,22846,"544,10326,8562,4798,6971,6220,2343,13346,5303,275"
22850,22850,"1290,7120,1244,11298,9962,9101,544,789,3737,4798"
22883,22883,"2218,5495,5303,8562,4798,6971,9942,275,6220,12665"
22887,22887,"10326,4798,544,13346,9693,12665,6220,3950,4277,5303"
22893,22893,"8562,9942,6220,4798,5303,2218,12857,3950,12665,13346"
22905,22905,"4798,6220,8562,2343,3950,6433,8681,13315,13346,9693"
22923,22923,"4798,10326,6220,5303,8562,2218,3950,12857,9942,13346"
22956,22956,"10326,4798,12857,13346,3950,217,6326,10916,4277,717"
22964,22964,"6220,544,1863,9942,8562,5495,4798,5545,9101,8188"
22972,22972,"1290,11298,1244,9101,7120,7679,9730,12869,4664,2989"
22985,22985,"6971,4798,544,10326,5495,9101,12665,5461,9942,8562"
23011,23011,"10326,4798,544,4277,350,717,8421,8562,217,12857"
23027,23027,"11298,2989,9101,7679,544,1244,11024,1290,4664,9730"
23036,23036,"9942,6220,10326,3950,6971,8562,12665,4798,3428,13346"
23038,23038,"8562,5495,13346,6220,12665,10326,4798,9942,3950,3428"
23046,23046,"10326,1290,4798,1244,5303,7120,9101,11298,6971,12665"
23051,23051,"8413,5303,2218,12857,4798,6220,5199,2140,5495,6971"
23057,23057,"544,9101,2770,4798,10326,9942,5495,3960,12665,8562"
23062,23062,"11298,7679,1244,12869,9101,8978,1290,11024,4163,7669"
23069,23069,"8562,5495,10326,5303,4798,3950,13346,12665,6220,6971"
23078,23078,"12665,5495,8562,6220,2218,89,2343,5303,9942,6971"
23113,23113,"8562,4798,6220,2218,3950,8413,5495,13346,10326,5303"
23121,23121,"1290,11298,9101,544,4798,10326,9942,1244,1863,5495"
23123,23123,"4798,10326,8562,3950,544,4277,5303,13249,13346,2218"
23136,23136,"13346,4798,5495,8562,6971,8413,10326,8421,5303,12857"
23138,23138,"4798,3950,8562,10326,13346,5303,4277,6971,10916,12857"
23140,23140,"10326,544,12665,5303,4798,6971,6220,1290,2218,8562"
23170,23170,"10326,4798,4277,3950,13346,12857,5303,10916,8421,6220"
23173,23173,"1290,7120,11298,2989,1244,9101,544,10326,5303,2343"
23179,23179,"544,10326,6220,2343,5303,6971,810,9693,4277,8562"
23196,23196,"4798,10326,8562,13346,3950,6220,5495,4277,9942,5303"
23199,23199,"2218,3950,6220,6641,5495,9942,4413,13110,544,4798"
23216,23216,"4798,10326,6971,5303,275,8562,544,9101,7578,2140"
23226,23226,"8562,13346,10326,5495,3950,12470,5610,8092,544,4798"
23233,23233,"10326,5303,4798,8562,2218,8590,1328,8421,5495,6659"
23253,23253,"9693,2343,12665,6971,6220,5199,3950,10326,5532,9942"
23281,23281,"1290,7120,544,9730,11298,9101,9295,1244,2989,4929"
