ID,user_id,item_id
12,12,"10326,4798,5303,4277,8562,2140,8421,12857,8483,10594"
14,14,"6220,9942,544,13296,8562,10326,9101,4798,1290,1863"
17,17,"1328,4798,544,10326,9101,1221,7480,9942,5495,12665"
21,21,"10326,4798,8562,544,6220,13346,8421,10916,2140,6326"
44,44,"1290,11298,7120,1244,9101,544,9962,9295,11024,4664"
55,55,"10326,4798,8562,13346,10916,6433,4277,2218,3950,6326"
56,56,"89,2343,6971,4798,12665,9404,5495,9693,8922,544"
58,58,"10326,4798,6971,8562,13346,544,5303,6433,4277,3950"
59,59,"4798,10326,3950,13346,6220,12857,6433,8413,275,10916"
79,79,"13346,10326,544,6220,4798,4277,2343,5303,9693,8562"
81,81,"1290,7120,544,9101,1244,11298,2989,12869,4929,7679"
85,85,"4798,10326,5303,8562,12857,5495,6971,544,2140,9101"
92,92,"1290,11298,7120,12869,10389,9295,11024,9730,1244,9101"
97,97,"3950,12665,9942,2218,4798,13346,10326,5495,4602,544"
100,100,"4798,8562,10326,13346,10916,3950,8421,2140,12857,4277"
112,112,"3950,12857,6971,8413,4798,8562,10326,5495,5610,9178"
122,122,"8562,10326,4798,217,3950,4277,717,10568,3428,8483"
133,133,"2343,9693,1323,6659,64,8483,9532,9942,11484,5532"
141,141,"1290,1863,6220,544,7120,9101,4798,9942,10326,8981"
144,144,"9295,9101,6954,544,13330,12449,4798,9730,1166,10326"
149,149,"1290,7120,11298,7679,4929,1244,9101,7669,4576,9730"
153,153,"4798,10326,8562,12857,3950,6220,13346,6971,5303,6326"
166,166,"6971,544,9532,9101,9942,4798,2989,10326,3464,1290"
220,220,"4798,8562,6220,8413,13346,9942,6326,2218,8483,12665"
231,231,"9693,2343,3950,5676,9532,9404,3507,4798,5199,12665"
262,262,"1290,4798,10326,7120,6971,12857,4929,5303,8205,8562"
274,274,"6220,6971,10326,4798,2218,3950,2140,544,5495,8205"
277,277,"4277,10326,2343,12665,12470,544,89,13346,9942,5495"
281,281,"1290,7120,9295,6971,11298,4929,9101,544,3697,1244"
291,291,"217,4798,717,3428,8421,12857,12665,5495,5303,10326"
300,300,"10326,8562,4798,6220,5303,6971,275,9942,4277,544"
310,310,"4798,10326,2218,5303,544,31,12857,6433,8562,2140"
332,332,"5495,12470,8188,13306,609,3565,544,9101,4798,10236"
344,344,"10326,4798,4277,8562,12857,6433,217,10594,10916,8421"
359,359,"1290,6220,7120,9101,544,89,2989,9942,13296,1244"
380,380,"5495,5199,2903,5532,9693,9942,2343,544,10835,9101"
386,386,"9942,6220,8562,12665,4798,3428,3950,4277,13346,6971"
426,426,"3950,13346,8562,2218,12665,3055,5495,5303,5199,8413"
436,436,"4798,10326,544,4277,12857,6971,8562,13346,6433,8421"
453,453,"4798,6971,89,8562,6220,544,13346,10326,9532,10916"
461,461,"7120,544,10326,9101,1244,2989,6971,9942,4929,11298"
464,464,"4798,10326,2140,7138,544,9101,2291,9942,12857,5495"
473,473,"5495,12665,544,8562,9101,9942,4798,10326,8224,896"
481,481,"10326,6220,4798,217,6383,717,12665,350,8421,10077"
490,490,"275,8483,4277,350,3428,4798,10326,9340,10568,544"
494,494,"4798,8562,10326,6220,5303,6971,12665,8413,9942,3950"
497,497,"2989,1290,7120,7679,12869,9730,7669,12655,11298,9101"
510,510,"2343,544,9942,8562,6220,3950,64,13346,3428,12665"
511,511,"10326,4798,6220,8562,12857,8421,717,4277,10594,50"
512,512,"1290,9693,544,2343,7120,11298,9101,5532,4576,1244"
524,524,"1290,7120,1244,11298,4929,9962,12869,9295,9101,9730"
525,525,"4798,10326,544,5303,13346,3950,4277,8562,12665,6971"
545,545,"4798,10326,8421,12857,10594,8562,217,717,544,9101"
560,560,"10326,8562,3950,4798,13346,6220,544,3428,10916,12857"
564,564,"9693,2343,6795,275,544,4277,9942,10326,6834,2537"
566,566,"13346,12665,2343,5303,4798,275,3416,10326,6971,11540"
568,568,"6220,3428,4277,10326,5495,4798,2218,13346,8562,8421"
570,570,"8562,2218,6220,544,10429,8681,7707,10326,13249,4798"
573,573,"10326,4798,8562,13346,3950,4277,6433,10916,217,6220"
594,594,"8562,6220,3950,13346,5303,10326,4798,4277,12665,2140"
601,601,"10326,5303,4798,275,2218,6971,2140,12665,544,89"
605,605,"5495,2905,12611,4798,3950,544,9101,5999,10326,9942"
641,641,"9942,6220,4798,3428,3950,2343,13346,9693,10326,544"
650,650,"9942,3950,6220,3428,2218,5303,4798,2411,217,5545"
675,675,"9942,6220,8562,12665,6971,4798,3870,275,2411,4413"
677,677,"1290,7120,4929,10663,3697,9962,1244,9101,544,11298"
679,679,"10326,544,6971,5303,4798,9942,4277,5676,6220,2218"
683,683,"3950,4798,13346,810,4469,5610,8562,12665,9245,544"
687,687,"10326,544,4798,13346,8562,6220,5303,10916,8421,12665"
705,705,"275,5303,4798,10326,717,9340,544,217,9101,12404"
708,708,"1290,7120,544,11298,1244,9101,6971,2989,4664,9730"
712,712,"9942,8562,6220,5495,3950,13346,13306,12665,13110,5545"
715,715,"4798,5303,275,10326,5495,3950,13346,2140,4277,544"
728,728,"1290,7120,9101,1244,9730,11298,9962,544,4929,2989"
743,743,"12665,9693,2343,10326,544,89,2903,2218,5532,6971"
753,753,"6220,544,5303,5495,8413,2989,12665,5184,6302,9942"
757,757,"4798,10326,13346,5303,6220,9942,8483,8421,8562,5495"
768,768,"5495,3950,8413,5303,8562,10326,13346,4798,5199,12470"
797,797,"2343,6795,5532,2537,64,544,10835,6834,10326,5199"
813,813,"12665,9942,9101,544,1290,4798,6220,11298,4413,10326"
832,832,"1290,7120,11298,4929,1244,9101,2989,10663,6971,9295"
833,833,"6220,8562,9942,10326,4798,12665,13346,5303,3950,8205"
844,844,"12665,13346,2343,4277,544,9942,10326,4798,6220,9404"
858,858,"10326,544,4277,3950,50,8562,6220,9101,4798,2411"
874,874,"11298,12869,9730,6220,544,12665,4576,11024,7864,9101"
875,875,"10326,12470,8562,5303,4277,544,4798,9404,5676,5199"
892,892,"4798,6220,8562,5303,2140,9942,544,9101,10326,5495"
897,897,"3950,3428,9942,13346,12665,544,4602,9101,4798,5524"
912,912,"1290,7120,4798,6971,10326,5303,9295,8590,4929,9101"
924,924,"6220,9942,13346,8562,12665,5545,8188,4798,13110,5485"
926,926,"6220,1290,544,10326,9942,12665,8562,13296,5545,5495"
933,933,"10326,4277,8413,5303,2140,9178,544,5495,8562,6433"
944,944,"8562,6220,9942,3950,13346,89,2343,13110,5545,12857"
951,951,"5495,4798,5303,2218,6971,8562,8413,9404,12470,5199"
974,974,"544,8562,6220,3428,4798,9693,8681,12665,9942,6659"
1010,1010,"4798,9306,544,9101,10326,5946,9942,12871,13214,5495"
1013,1013,"89,12665,6971,4798,544,7024,9101,9942,7983,8562"
1016,1016,"4798,1290,6220,9942,7120,5303,2218,6971,12665,8562"
1023,1023,"1290,7120,6220,12665,89,2218,11298,9730,1244,544"
1035,1035,"544,12665,5303,6220,6971,217,4277,1290,89,1244"
1046,1046,"544,1290,7120,9101,11298,2989,1244,5303,10326,6971"
1051,1051,"1290,9942,7120,2218,2989,544,5495,9101,8562,11298"
1057,1057,"5303,10326,4798,8421,10594,8562,1912,8483,7138,6971"
1064,1064,"1290,7120,4798,6971,4929,10326,8590,9295,10663,544"
1080,1080,"4798,544,12104,9101,9998,10326,8562,7589,10566,9942"
1089,1089,"10326,8562,4798,4277,544,717,6220,2343,13346,217"
1090,1090,"10326,8562,13346,3950,10916,4277,6971,4798,8421,12857"
1103,1103,"8562,10326,4798,13346,10916,6433,3950,1681,544,217"
1123,1123,"1290,7120,6971,4929,10663,544,9101,12030,1244,4798"
1134,1134,"10326,4798,5303,8562,12857,8421,13346,4277,275,10594"
1136,1136,"8562,3950,9942,10326,4798,13346,12665,4277,5545,2218"
1139,1139,"6220,544,13296,5495,9693,9942,1863,9101,8188,8562"
1154,1154,"544,6220,9942,3428,12665,12470,10326,64,13306,2343"
1169,1169,"1290,544,9101,11298,1244,6220,2989,9730,4929,12665"
1173,1173,"8562,8188,4798,10429,13346,7707,10326,544,6220,8981"
1178,1178,"544,9101,4798,5875,10326,12665,7024,8235,8413,9942"
1190,1190,"8562,10326,3950,4798,5303,6971,13346,12665,8413,5199"
1205,1205,"4798,6220,8562,5303,9942,13346,10326,3950,6971,8413"
1217,1217,"11298,1290,9730,2989,7120,12869,7679,1244,9101,4576"
1218,1218,"544,9101,9693,2343,6220,9942,12665,89,10326,11298"
1230,1230,"6220,4798,10326,544,8562,9693,2218,5303,2343,12665"
1250,1250,"10326,4798,5303,8562,10594,6433,13346,350,50,544"
1252,1252,"3950,5303,544,2343,9942,5199,8562,4798,12665,9693"
1276,1276,"9693,2343,9942,5199,5532,6795,544,5495,5999,4798"
1279,1279,"1290,7120,6971,11298,9962,789,4929,544,1244,9101"
1281,1281,"217,10326,12857,5303,8421,4798,4277,275,544,1328"
1288,1288,"8562,3950,3428,13346,4277,6220,275,5495,12470,9942"
1305,1305,"11298,9730,1244,9101,9962,1290,7679,12869,10607,544"
1320,1320,"4798,8562,8413,3950,10916,6326,13249,12857,8483,5303"
1321,1321,"5495,3950,10326,6971,4798,5199,5303,2140,12470,13346"
1328,1328,"9942,6659,6220,2218,8562,3870,13296,7707,544,5303"
1343,1343,"4798,10326,8562,4277,12857,544,13346,8421,10916,717"
1345,1345,"544,1290,2989,10326,7120,9101,11298,4277,9730,12869"
1374,1374,"11298,1244,7120,7679,12869,9101,4664,544,9730,6288"
1410,1410,"1290,7120,4929,9101,6971,12665,11298,544,1863,4798"
1414,1414,"12857,10594,6433,8161,10326,544,4798,9101,2636,8483"
1420,1420,"4798,9942,6220,5676,2218,8562,8413,10326,5495,544"
1440,1440,"2343,544,8562,9693,8590,9101,11660,5495,4798,9942"
1441,1441,"2989,544,10429,7679,9942,9101,4798,3487,12665,5495"
1443,1443,"1290,11298,1244,9101,4576,9730,544,7679,2989,9693"
1458,1458,"1290,7120,11298,1244,544,9101,10326,7669,9295,2989"
1492,1492,"9942,4798,6220,10326,3950,3870,8562,5545,13346,4413"
1496,1496,"10326,4798,5303,6971,8562,544,275,8421,2218,8590"
1499,1499,"12665,5199,3950,13315,3055,5303,10326,13346,544,4277"
1504,1504,"1290,9101,11298,7120,2989,1244,12869,544,7679,9730"
1516,1516,"8562,6220,4798,13346,2343,4277,10326,13408,3428,8483"
1523,1523,"4798,9455,717,9178,2767,544,9101,217,8363,10326"
1534,1534,"544,9101,4798,10326,9942,5495,12665,8562,11298,2989"
1539,1539,"1290,7120,544,2989,6220,11298,9942,12869,1244,12665"
1559,1559,"1290,7120,2989,9101,6971,1244,544,9730,12869,4576"
1572,1572,"6220,9942,12665,8562,3950,544,10326,3428,2218,4798"
1573,1573,"10326,717,5303,4277,12857,4798,8421,10594,217,544"
1601,1601,"544,6220,9942,1290,7707,9101,7120,1244,1863,4798"
1603,1603,"8562,3950,4798,50,1383,10326,544,9101,8746,12857"
1604,1604,"217,4277,544,350,4798,717,10326,13346,1978,3428"
1613,1613,"2989,11298,1290,7679,544,1244,7120,9730,4664,9101"
1634,1634,"4798,9942,10326,4277,6659,9404,544,6971,8562,3950"
1642,1642,"3950,8562,6220,4798,13346,10326,2218,9942,12665,8413"
1643,1643,"1290,7120,1244,2989,6971,544,6220,9101,11298,4929"
1654,1654,"8562,4798,6220,10326,3950,9942,13346,544,9693,5545"
1657,1657,"2989,7679,544,12655,11298,9101,8978,9730,7342,11024"
1674,1674,"1290,4798,6971,12665,89,10326,9693,544,6302,5199"
1702,1702,"8562,10326,6220,12665,9942,6326,13346,13110,3870,3428"
1719,1719,"6659,3950,9942,544,8562,9101,4798,10326,6220,4256"
1725,1725,"4798,8562,10326,3950,13346,12857,6220,4277,6326,10916"
1726,1726,"1290,6971,7120,4929,4798,238,10326,275,544,9101"
1728,1728,"2343,6971,9693,544,11969,9101,4576,9942,10326,12404"
1735,1735,"89,5875,12757,7024,544,12665,9101,8235,4798,8922"
1739,1739,"1290,7120,4929,3697,10663,9101,544,4798,1244,10326"
1774,1774,"4798,10326,3950,8562,13346,4277,6220,3428,12857,10916"
1780,1780,"10326,4798,544,9101,4277,1323,11969,10568,350,2411"
1799,1799,"217,6270,2771,544,9101,8459,4798,1854,10326,9942"
1813,1813,"4798,8562,10326,3950,9942,13346,2218,5303,5199,8483"
1834,1834,"4798,8562,3950,13346,12857,10916,6326,10326,544,9942"
1835,1835,"5495,12470,8562,11484,544,9101,6659,4798,8911,10326"
1841,1841,"1290,1244,11298,12869,9101,9730,9962,9295,6288,10607"
1863,1863,"3428,6220,3950,12665,8562,9942,5545,10326,13249,13110"
1878,1878,"8562,9942,3950,12857,13346,6220,3428,8413,6326,5642"
1879,1879,"2343,10326,4798,8562,6795,6971,13346,5532,5199,544"
1910,1910,"1290,7120,6971,9101,5303,10663,4798,2343,6591,10326"
1911,1911,"8562,4798,5303,13249,10326,5495,9340,544,350,9101"
1919,1919,"13346,9693,2343,9942,6220,544,6795,3870,5545,6971"
1925,1925,"12869,7679,9730,11298,9101,4163,2957,8978,3464,1558"
1926,1926,"11298,8978,9962,1244,9101,11024,9730,789,544,7679"
1931,1931,"544,10326,9101,4798,7275,2940,9942,9850,10107,5495"
1940,1940,"4798,10326,5303,13346,6971,8562,2218,4277,12857,275"
1968,1968,"4798,5303,8483,13249,1328,717,10326,12857,4277,13346"
1981,1981,"4798,8413,12665,3950,13346,5303,6971,10916,6326,12857"
1992,1992,"1290,7120,11298,1244,10663,2989,9101,2916,544,9730"
1998,1998,"11298,9730,11024,9295,1779,9101,1290,544,1244,2989"
2000,2000,"1290,7120,4929,11298,1244,9962,9101,9295,789,10663"
2017,2017,"4798,8562,3950,13346,4277,10326,12857,6971,5303,6220"
2036,2036,"544,5875,9101,4798,10326,2903,9942,13112,5495,12665"
2044,2044,"9693,2343,544,9942,11969,11572,6220,3950,8562,5495"
2047,2047,"11298,1290,9101,7120,1244,12869,6591,1779,9730,9962"
2052,2052,"5303,10326,544,1328,9101,4798,350,8161,8562,9942"
2055,2055,"5495,544,9101,1323,4798,9942,10326,5760,6060,12665"
2069,2069,"9942,6220,2218,8562,3428,8413,13110,5545,2140,544"
2075,2075,"2343,9693,5303,6220,8562,544,9942,10326,4798,3950"
2089,2089,"4277,4798,10326,8562,8421,10916,10594,717,10077,544"
2093,2093,"4798,12665,8562,6220,5303,3950,10326,9942,2218,6326"
2127,2127,"10326,4798,2140,8205,1295,5610,544,9101,8562,4277"
2135,2135,"9942,12665,6220,3428,8562,5545,3950,3870,2218,5495"
2137,2137,"12665,89,3950,6220,8562,2343,13346,8235,544,10835"
2141,2141,"8413,544,8562,6220,9942,2218,7707,7792,8188,5545"
2147,2147,"1290,544,7669,7120,11298,6971,4664,12869,1225,9101"
2150,2150,"10326,4277,12857,8562,4798,717,350,5303,8421,544"
2153,2153,"4798,8562,12857,5303,6326,6220,10326,10916,13249,544"
2158,2158,"1290,544,2989,7120,11298,9101,1244,7679,12869,8978"
2178,2178,"5495,8562,5199,13249,2343,13346,4798,64,544,5532"
2180,2180,"8562,9942,6220,13346,3428,5676,3950,2343,6383,12665"
2181,2181,"2989,11298,3464,544,7679,1290,1779,9730,7120,9101"
2193,2193,"3950,9942,8413,8562,6220,544,4798,4413,5495,9101"
2216,2216,"4798,10326,8562,4277,544,13346,8421,6433,350,10916"
2224,2224,"8562,10326,5495,3950,8413,12470,2343,5199,5303,2140"
2231,2231,"2343,6971,9693,5532,89,5199,12665,544,9101,8590"
2242,2242,"3428,4277,10326,5495,3950,13306,8681,6220,544,217"
2243,2243,"5495,2343,5676,544,2903,9693,5199,10326,12470,3127"
2247,2247,"9730,4443,9101,544,13043,8579,4798,4266,6459,5495"
2262,2262,"544,11298,1290,1244,9101,7120,4576,11024,2989,7679"
2271,2271,"10326,4798,8562,544,5303,3950,4277,2218,13346,2343"
2284,2284,"13346,3950,6971,4798,8413,609,5495,10916,544,8562"
2287,2287,"8562,13306,8188,544,9101,4798,9942,5495,10326,10213"
2291,2291,"5303,10326,2140,275,2218,5199,4798,8562,544,5495"
2293,2293,"4798,5303,544,7120,1290,6971,9730,2218,2140,9101"
2294,2294,"4798,8562,10326,12857,6433,6326,5303,10594,4277,8421"
2301,2301,"4798,6971,6659,8421,10326,275,6220,5545,13249,5303"
2310,2310,"9942,544,12665,6220,8562,2989,10326,3428,1244,3950"
2341,2341,"8562,4798,10326,6971,13346,3950,12857,9404,12665,5303"
2345,2345,"9101,11298,7679,2989,12655,544,11918,4545,11024,10137"
2348,2348,"1290,7120,11298,1244,9101,9730,544,2989,4929,12869"
2349,2349,"4798,6971,13346,10326,10916,544,4277,8562,3950,5532"
2350,2350,"10326,4798,544,4277,6971,5303,1290,6220,9942,350"
2355,2355,"10326,4798,4277,12857,8562,10916,3950,217,8421,6433"
2383,2383,"10326,4798,13346,12857,8562,717,4277,6326,6433,544"
2393,2393,"4798,10326,544,9101,2291,9942,10462,5495,8562,12665"
2399,2399,"7120,4929,1244,4798,10663,544,9101,6971,10326,1863"
2421,2421,"544,2343,10326,6795,13346,5532,12665,2537,4277,4798"
2435,2435,"9532,9693,10326,2989,9101,544,4798,11298,9942,7897"
2448,2448,"5495,8188,9942,13346,5875,544,10326,6971,9101,4798"
2452,2452,"1290,7120,4929,6971,1220,9295,544,9101,9693,2989"
2464,2464,"8562,6220,9942,3870,3950,5545,3428,10326,4798,4413"
2470,2470,"12857,3950,8562,5642,10326,10594,4277,2063,9453,544"
2478,2478,"6971,2218,5303,12665,5199,1290,8590,89,2903,544"
2506,2506,"6220,3428,5495,3950,8562,5303,10594,10326,7359,217"
2523,2523,"6971,4798,544,10326,9101,12665,5875,8235,9942,8562"
2527,2527,"1290,7120,4929,10663,544,10322,9101,5573,4798,12030"
2528,2528,"4798,3950,12857,8562,6326,10326,6220,12665,4469,9942"
2530,2530,"13346,8562,3950,2218,5303,10326,5199,4798,5676,12665"
2533,2533,"9942,8413,6220,8188,6659,7792,13310,544,9101,3509"
2540,2540,"8483,8562,10326,13346,4277,275,5461,4798,217,1001"
2558,2558,"3950,8562,13346,10326,12665,4798,9942,8413,6971,544"
2559,2559,"6659,6220,12665,8188,3950,9942,5545,13110,8562,10326"
2592,2592,"4798,10326,13346,544,6971,275,6220,4277,12665,9942"
2599,2599,"10326,4798,5303,8562,4277,275,6971,544,2140,3950"
2608,2608,"9942,6220,8562,3428,12665,3950,5545,12470,89,5495"
2613,2613,"11298,1290,2989,7120,9730,12869,11024,9101,9295,4576"
2616,2616,"8413,5495,6270,8562,4798,4181,544,7715,5303,9101"
2617,2617,"8562,544,1863,6220,275,4798,9101,12665,5495,10326"
2619,2619,"9942,3950,8562,6220,8413,13346,89,12665,544,4798"
2622,2622,"1290,7120,11298,1244,544,9101,9730,5135,789,7679"
2629,2629,"9101,1290,1244,11298,544,9730,7679,7120,4576,2989"
2648,2648,"1290,9101,1244,7120,544,7679,2989,12869,4576,10326"
2654,2654,"4798,10326,8562,6220,12665,3950,5303,275,6433,6971"
2668,2668,"10429,544,9101,5976,6220,4798,9942,8562,10326,1290"
2703,2703,"5495,3565,5199,9942,5532,544,4118,1862,9101,4576"
2710,2710,"10326,4798,8562,4277,3950,13346,10916,8483,9942,6383"
2713,2713,"4798,13346,6971,10326,5303,3950,8562,6326,12665,8421"
2722,2722,"7120,9101,1244,9730,2989,11298,4929,544,12869,10663"
2724,2724,"1290,7120,4929,1244,10663,9942,544,4798,6971,9295"
2727,2727,"10326,6220,5303,6971,4798,8562,13346,544,2218,12665"
2755,2755,"7669,11298,9101,544,2989,12869,7679,11554,8978,1290"
2769,2769,"13346,4277,275,10326,12404,8562,9942,9455,8681,3428"
2776,2776,"10326,5303,2218,544,5199,9942,5495,5532,8562,9101"
2781,2781,"1290,7120,4929,1244,10663,9295,9101,6971,11298,544"
2782,2782,"1290,7120,11298,7679,1244,4929,9730,10663,9101,4576"
2789,2789,"5199,2343,4798,9693,5532,544,10326,9942,3950,5303"
2794,2794,"9942,2903,12665,5545,2218,3950,4798,3428,544,8562"
2804,2804,"8562,6220,2218,3950,9942,9693,3428,13346,5545,12665"
2819,2819,"544,5495,12665,6220,3950,8562,5303,10326,2218,2343"
2846,2846,"6971,9942,544,8562,4798,13408,6220,12665,2140,10326"
2851,2851,"7669,12869,2989,11298,1244,11554,9101,9730,5979,4664"
2861,2861,"10326,4277,544,9532,8562,9404,7707,8421,5495,5199"
2862,2862,"12665,9942,6220,9693,9101,89,2343,2989,5545,13296"
2867,2867,"13346,10326,350,10594,5495,544,4798,9101,6588,9598"
2873,2873,"9693,2343,13408,5495,544,5532,6795,1290,12665,4416"
2880,2880,"6220,9942,8562,544,7707,13296,1863,10429,9693,9101"
2881,2881,"10326,4798,12857,4277,8562,10916,10594,8421,13346,8483"
2886,2886,"4277,4798,12665,8562,5303,50,8205,9340,8483,217"
2891,2891,"2343,9693,10326,13346,9942,4798,6795,12665,5532,64"
2908,2908,"544,10326,4798,2140,5303,7120,8421,1290,4277,350"
2910,2910,"544,9693,2343,8562,6220,5303,7707,9942,9101,6971"
2915,2915,"10326,4798,5495,9942,3950,8562,5676,3577,12665,13346"
2935,2935,"544,5303,6971,5495,5199,2218,6220,10326,12665,3950"
2946,2946,"1290,544,2989,11298,9101,1244,9730,12869,9295,4576"
2948,2948,"544,2989,1290,11298,6220,7120,9101,7679,10389,1244"
2969,2969,"3950,9942,2140,2218,4798,544,9101,12665,854,8562"
2979,2979,"11298,1290,12869,7679,7120,1244,2989,11024,10389,8978"
3036,3036,"3464,1290,7120,7679,11298,6248,9101,2989,544,8315"
3050,3050,"10326,4798,2343,13346,3950,8562,9942,5199,8421,217"
3056,3056,"6659,4798,544,9101,10326,1328,9942,5495,4803,8562"
3061,3061,"4798,10326,4277,8421,3950,717,217,5303,12857,8562"
3066,3066,"6220,8562,4798,5495,6659,9942,7707,2218,8188,5545"
3069,3069,"10326,5303,12857,4798,217,8562,6326,8421,10916,13346"
3094,3094,"10326,4277,4798,5303,8562,350,217,544,10916,717"
3106,3106,"12665,3950,6220,9942,8188,8562,2218,6659,4277,10326"
3110,3110,"1290,7120,4929,544,10663,9101,4798,2916,1747,9730"
3115,3115,"2343,5199,9693,5532,12665,544,10326,9404,2903,5495"
3136,3136,"1290,9101,544,6971,2218,8562,5303,6220,7120,12665"
3159,3159,"8562,4798,10326,1328,3950,9404,6659,9942,2140,8590"
3166,3166,"10326,5495,544,4277,5303,2343,4798,9942,6220,275"
3172,3172,"1290,2343,9693,544,11298,89,9101,1244,9532,6971"
3200,3200,"13346,8562,3950,10326,6326,544,4798,4277,350,5676"
3217,3217,"13346,10326,3950,4798,2218,10568,8562,5199,9942,5545"
3218,3218,"1290,1244,11298,7120,9101,544,4664,10429,1863,6220"
3229,3229,"4798,13346,10326,4277,5303,6433,544,275,9340,1210"
3230,3230,"544,10326,1290,7120,9101,2989,6971,5303,6220,275"
3274,3274,"4798,6971,10326,2140,6433,5303,7063,544,5495,9101"
3285,3285,"10326,4277,4798,5303,350,12857,544,9178,8562,8421"
3316,3316,"9942,8562,6220,3428,13346,13110,12665,5545,2218,3870"
3319,3319,"8562,4277,4798,10326,3950,8483,350,1328,13346,5303"
3323,3323,"10326,4798,8562,3950,4277,13346,5303,544,12665,9942"
3346,3346,"4798,12665,5303,2989,6971,11298,9730,2140,1290,7120"
3354,3354,"8562,10326,13346,9942,11969,12857,3565,4798,3950,13249"
3368,3368,"4798,3950,8562,217,3428,4277,10326,6220,12857,2218"
3374,3374,"1290,9942,7120,8562,3428,12665,5545,3870,13110,544"
3391,3391,"8562,10326,12857,3950,4277,217,4798,10916,8421,6220"
3397,3397,"8562,89,2343,9693,13346,6220,12665,10326,9942,9404"
3404,3404,"7707,8562,10429,544,5495,4798,9101,10326,8981,9942"
3408,3408,"9942,8562,4798,12665,8413,5303,6971,6220,2218,275"
3416,3416,"2343,9693,2989,6795,9101,544,6971,11298,5532,1290"
3422,3422,"4798,1290,10326,544,6971,7120,8562,5303,8421,4277"
3423,3423,"544,6220,8562,5303,5495,2218,10326,1019,4798,5199"
3426,3426,"9942,6220,3870,12665,5545,3428,6659,4798,5495,404"
3436,3436,"12665,6220,4798,8562,10326,13346,2343,544,6971,5495"
3448,3448,"4798,10594,12857,8562,10869,10326,11345,544,9101,6573"
3464,3464,"9942,12665,8562,3950,2218,13346,6659,5642,1323,10326"
3472,3472,"1290,7120,6971,11298,1244,4929,544,89,9730,9101"
3477,3477,"9942,8562,6220,544,5303,5495,10326,3428,3950,13408"
3488,3488,"3950,10326,4798,13346,5303,4277,12857,6220,8562,10916"
3497,3497,"13346,8562,8413,12665,4798,5199,3428,5303,3950,10326"
3504,3504,"1290,1863,544,9101,7120,7637,4798,1244,10326,9942"
3517,3517,"13346,5303,8562,4798,3950,12857,10326,6971,2140,8413"
3538,3538,"5495,5303,10326,12668,217,4798,8421,9072,9942,544"
3544,3544,"3950,10326,12665,4798,64,5461,2343,13346,89,6220"
3547,3547,"217,4798,4277,10326,717,6383,6220,8421,13249,3950"
3569,3569,"10326,275,6971,5303,2343,12665,5199,9693,2140,6220"
3570,3570,"544,9101,4798,10326,170,7616,9942,7902,5495,8705"
3575,3575,"10326,4277,4798,9178,13346,12934,544,11000,1543,9101"
3579,3579,"4798,4277,2343,6433,717,217,13346,10326,544,8562"
3588,3588,"6220,1290,544,7120,9942,13296,9101,10326,89,4798"
3592,3592,"2989,12869,1290,7679,9942,2874,544,11298,11024,9101"
3617,3617,"4798,10326,8562,5303,6220,3950,4277,8421,2140,717"
3632,3632,"8413,3950,9942,12665,544,9101,4798,4602,10326,1225"
3650,3650,"4798,544,2140,10326,9101,7063,9942,13214,275,5495"
3654,3654,"10326,4798,350,1328,9178,275,8562,13249,5303,544"
3656,3656,"5303,4798,9942,10326,1290,544,9101,2199,4947,5124"
3678,3678,"1290,544,6220,7120,6971,9942,9693,3950,4798,5303"
3681,3681,"544,9101,4798,8112,10326,9942,5495,12665,8562,8540"
3683,3683,"4798,5303,10326,717,8421,9340,217,10916,4277,544"
3685,3685,"10326,544,4798,5303,4277,3950,2218,10594,8562,2140"
3699,3699,"7120,1290,3464,11298,1244,7679,2989,9101,544,4929"
3707,3707,"8188,8590,5495,8562,9942,544,10429,9101,4798,11047"
3731,3731,"1290,7120,1244,2989,544,9101,4929,9730,4576,7679"
3737,3737,"4798,12857,8562,6433,5303,8483,10326,3950,1978,13346"
3739,3739,"8562,13346,4798,10326,9942,544,6659,8188,9101,7707"
3744,3744,"3950,12665,6220,13346,9942,8562,4798,10326,2218,89"
3753,3753,"10326,4798,13346,6971,5303,10916,8421,9178,8562,3950"
3778,3778,"8562,5303,6220,2218,5495,9942,4798,3950,5676,10326"
3786,3786,"8562,3950,6220,9942,12470,5303,13346,4798,8413,5495"
3790,3790,"8562,9942,4798,2218,3950,13346,10326,6220,5303,3428"
3804,3804,"4277,217,717,10077,6383,350,544,8421,13346,10326"
3805,3805,"8562,3950,4798,5303,10326,2218,544,13346,5199,8413"
3819,3819,"10326,544,6220,8562,5303,4798,3950,2218,5495,13346"
3827,3827,"544,2459,9101,4798,11337,10326,516,5947,9942,5495"
3829,3829,"10326,4798,8562,13346,5303,12857,6971,6326,8421,3950"
3841,3841,"10326,6971,2343,5303,544,8562,13346,2140,9942,275"
3849,3849,"1290,11298,7120,9730,9101,1244,9962,12869,789,5135"
3928,3928,"1290,7120,11298,1244,4929,9101,9295,12869,544,9730"
3988,3988,"11298,8978,7342,6288,7679,3464,9101,4163,9330,9732"
3994,3994,"1290,2989,7120,11298,9101,1244,544,6220,7679,6288"
3998,3998,"13346,9942,3950,2411,4277,10326,12665,3428,4798,275"
4012,4012,"3950,13346,4798,8413,544,9101,10326,8562,9942,5495"
4021,4021,"5303,4798,2140,2343,8205,544,5495,10326,8161,7867"
4022,4022,"4798,8562,4277,6220,6971,13346,12665,3950,5303,6433"
4047,4047,"9942,544,8188,6220,5495,4798,6659,10326,9101,8562"
4073,4073,"1290,2989,544,11298,1244,9101,9730,4929,4576,10326"
4099,4099,"5495,544,1290,6220,7120,5303,12470,2218,12665,8681"
4100,4100,"5495,544,9101,9942,4798,10326,8562,12665,8703,8413"
4120,4120,"12470,13408,12099,1355,12668,1323,5676,5199,9942,5303"
4126,4126,"1290,7120,544,9101,11298,4929,6971,10326,2989,4798"
4136,4136,"4798,8413,8562,844,5495,10326,6326,2140,544,12665"
4160,4160,"7669,7679,1290,11298,12869,9101,7120,4163,6288,2957"
4173,4173,"1290,7120,6971,1244,11298,4576,9101,9942,9730,4798"
4177,4177,"1290,7120,9730,2989,11298,544,9101,7679,4576,1244"
4183,4183,"10326,4798,4277,5303,544,8421,10077,10594,8483,6971"
4191,4191,"1290,7120,1244,4929,10663,544,9101,4387,4798,10326"
4195,4195,"8562,10326,4798,4277,13346,12857,5303,2140,10916,6433"
4213,4213,"9693,9942,2343,6220,6971,5495,544,13306,10326,8562"
4226,4226,"5495,9942,13249,5303,3428,5109,13346,217,3870,1328"
4227,4227,"1290,7120,9295,11298,1244,9101,275,9730,10607,1779"
4232,4232,"13346,4798,10326,3950,8562,11540,854,12665,544,13249"
4255,4255,"4798,10326,4277,13346,717,5303,8421,350,8562,544"
4258,4258,"544,12869,9295,4545,9101,6569,1856,4798,2989,7706"
4274,4274,"5303,1328,8421,350,8483,10326,4798,544,1912,9101"
4289,4289,"1290,2218,7120,13296,7707,89,544,10326,5545,9229"
4295,4295,"10326,8562,6220,13346,4277,544,4798,64,9942,12665"
4300,4300,"3950,13346,8562,6220,3428,217,10326,9942,12665,50"
4334,4334,"4798,13346,217,12857,8421,10326,8562,8205,10594,6326"
4361,4361,"8562,10326,4798,13346,5303,3950,8205,9942,5199,6326"
4377,4377,"4798,8562,3950,10326,13249,5610,3428,8483,9942,544"
4412,4412,"1290,7120,9730,11298,2989,7679,4929,9295,3464,9101"
4415,4415,"8413,13346,12857,7919,1042,4798,544,5348,10326,9101"
4424,4424,"13346,4798,6971,10326,8981,544,8562,9101,5495,9942"
4425,4425,"10326,4277,4798,10594,12857,350,8421,9340,8562,6433"
4430,4430,"8562,4798,10326,13346,5303,3950,12857,10916,6220,6326"
4433,4433,"10326,8413,8562,5303,4798,5495,8421,6220,2218,10916"
4436,4436,"5495,9942,5731,10326,4798,544,12470,8562,9101,12665"
4458,4458,"10326,4798,5303,13346,8562,10594,13249,10916,6326,5461"
4461,4461,"10429,1863,8562,544,9101,5495,4798,9942,10326,5976"
4488,4488,"3950,12665,9942,6220,89,13346,5676,2218,4798,9404"
4497,4497,"1290,7120,1244,544,4929,9101,9295,11298,10326,6971"
4498,4498,"10326,5303,4277,4798,544,2140,350,217,9072,8421"
4504,4504,"5495,9942,8413,12665,4798,544,9101,6220,10326,3696"
4510,4510,"6220,9942,5303,3950,6971,1290,10326,2218,12665,544"
4512,4512,"544,9101,4798,10326,9942,5495,3960,11395,12665,3269"
4513,4513,"6220,3428,4798,2218,10326,544,5303,5495,8562,6433"
4516,4516,"1290,7120,11298,9730,9101,1244,12869,11024,2989,1779"
4526,4526,"6220,8562,544,4798,12665,9942,3428,4277,6659,3950"
4528,4528,"8562,4798,8483,5303,2218,10326,13346,10916,12665,8413"
4542,4542,"3950,4798,13346,8562,12665,6220,5303,6971,544,6326"
4559,4559,"1290,7120,11298,9730,9295,11299,1779,3697,1244,12903"
4572,4572,"8562,13346,3950,544,9101,4798,10326,12665,9942,11540"
4575,4575,"8562,6220,5303,4798,12665,3950,4277,9942,2218,6326"
4583,4583,"4798,217,8562,4277,10326,13346,12857,1323,6326,350"
4602,4602,"8562,275,6971,5303,5545,6220,3950,8681,7707,5495"
4608,4608,"11298,1290,1244,7679,7120,9101,2989,9730,4664,10389"
4609,4609,"13346,10326,4798,5495,3950,8413,11000,8590,1978,8562"
4626,4626,"13346,2343,64,8562,8413,9942,3950,275,12665,5545"
4642,4642,"5495,8562,3950,3428,13346,9942,2343,4798,12665,10326"
4653,4653,"8562,2343,6220,9942,9693,6971,12665,544,7707,8681"
4664,4664,"1290,11298,7120,1244,7679,11024,9101,4576,9295,9730"
4665,4665,"1290,7120,4929,10663,544,9101,4798,5573,10326,1244"
4672,4672,"1290,11298,544,7120,1244,9101,2989,11024,9730,8978"
4680,4680,"4277,10916,3950,4798,12857,1328,217,10326,6326,10568"
4705,4705,"10326,4798,8562,5495,3950,12665,5199,6971,9942,5303"
4707,4707,"5303,8483,8562,1912,4798,12857,9942,8373,5996,544"
4711,4711,"5495,12470,8413,8562,5199,6220,9942,5303,13112,544"
4732,4732,"12665,3950,5495,5199,544,10326,5461,1323,5532,64"
4734,4734,"1290,7120,4929,6971,1244,6220,10663,9730,89,12665"
4735,4735,"1290,7120,4929,10663,9101,544,4798,2989,9083,7637"
4749,4749,"544,6220,9942,2343,9693,9101,5545,1863,13110,12665"
4751,4751,"10326,4798,6971,9942,5303,13346,3950,544,12665,8562"
4762,4762,"4798,8562,6971,3055,13346,2218,5875,5303,544,9101"
4767,4767,"4798,8562,10326,544,10429,9101,1863,5495,9942,7637"
4771,4771,"4798,10326,8562,6220,3950,5303,544,13346,6433,9942"
4773,4773,"5495,8413,5303,12665,2218,8562,2140,544,4798,6220"
4776,4776,"8562,12665,544,4798,2989,9101,10326,3578,9942,10802"
4783,4783,"9942,6220,3428,8562,13306,2218,13110,5184,5545,810"
4788,4788,"4798,12857,10326,8562,10594,2140,8421,3950,9942,13346"
4808,4808,"4798,3950,350,8483,10077,13346,1328,1978,4277,5642"
4810,4810,"3950,6220,8562,9942,13346,6971,5303,12857,2218,10326"
4818,4818,"4798,8562,13346,5303,3950,10326,217,5642,717,6220"
4823,4823,"8483,3428,64,544,8562,4798,10326,9101,8188,13115"
4829,4829,"8562,6220,3950,4798,5545,5495,13346,3870,544,9101"
4842,4842,"8562,6220,544,9942,4798,2343,8421,13346,8413,9693"
4859,4859,"4798,13346,64,6220,9942,3950,12665,5495,13110,8413"
4866,4866,"544,1290,8590,6220,9404,7120,8562,10326,9101,4798"
4881,4881,"10326,4798,3950,4277,13346,12857,6220,6433,717,9942"
4908,4908,"1863,544,4798,9942,9101,10326,12871,5495,383,13214"
4910,4910,"1290,1244,11298,4929,544,9101,2989,9962,2916,9295"
4922,4922,"10326,4798,6220,8562,3428,8413,12665,217,4277,3950"
4942,4942,"544,10326,1290,9101,4277,11298,7120,6383,6220,12665"
4976,4976,"10326,12665,6220,6971,2989,5303,2218,9942,4798,11298"
4993,4993,"544,9101,1290,1863,7120,10429,8562,4798,10326,5495"
4995,4995,"10326,4277,5303,4798,350,8421,544,13346,6433,10916"
5020,5020,"7679,3464,11298,544,7120,9101,10326,2989,4798,9942"
5040,5040,"8562,5303,12857,3950,2218,4798,6433,10916,6971,10326"
5048,5048,"2140,6433,544,4798,5303,9101,10326,37,9942,5731"
5058,5058,"9693,2343,6795,5532,12665,9942,5199,13346,544,9532"
5067,5067,"10326,4798,4277,8562,10594,6326,217,350,8421,12857"
5087,5087,"4798,13346,6220,3428,10326,8562,9942,3950,5495,544"
5090,5090,"89,13346,5875,544,9101,4798,12665,7024,9942,10326"
5102,5102,"2218,544,5495,9101,4798,10326,9942,13090,5386,12665"
5103,5103,"8562,4798,6971,8413,3950,12665,5303,6220,9942,2140"
5105,5105,"1863,544,9101,5495,9942,4798,1290,10429,10326,8562"
5108,5108,"3950,5495,4798,10326,5303,12470,13408,2218,13346,544"
5119,5119,"6220,2218,4277,544,3950,1355,8413,7707,5495,9942"
5120,5120,"11298,9730,544,1290,2989,7679,9101,11024,7120,4576"
5124,5124,"10594,544,4798,9101,11282,10326,6433,8421,3421,5495"
5132,5132,"8413,2218,8562,5495,5303,10326,5199,12665,4798,8205"
5138,5138,"11298,9295,9730,544,10389,9101,1779,3222,12869,2989"
5144,5144,"10326,8562,544,4277,2343,13346,6433,12857,8421,6220"
5159,5159,"10326,13346,4798,3950,8562,6220,217,544,8421,10916"
5167,5167,"2218,5676,9942,8562,6326,3950,8188,714,10326,4798"
5175,5175,"10326,4798,12857,10916,4277,2140,8421,1328,8562,717"
5176,5176,"1290,7120,1244,11298,2989,9101,4929,7679,544,10663"
5185,5185,"3950,12665,13346,9942,6971,8562,2218,10326,89,5495"
5189,5189,"4798,3950,12665,6326,10916,6659,8562,9455,10326,6220"
5191,5191,"8562,10326,9942,13306,13346,13296,12665,9101,89,544"
5206,5206,"9942,544,6659,6220,5303,8562,6971,4798,10326,7707"
5213,5213,"544,12665,6220,2343,4798,9693,8562,10326,9942,9404"
5224,5224,"4798,4277,8562,13346,217,544,717,1328,6433,12857"
5226,5226,"1290,11298,7120,9101,544,12665,2989,1244,6971,12869"
5241,5241,"1290,7120,4929,11298,10663,2989,9101,9962,9295,3704"
5264,5264,"1290,11298,9101,544,7120,9730,2989,1244,4576,12655"
5268,5268,"10326,8562,4798,6971,544,4277,5303,2140,8421,6220"
5270,5270,"8562,4798,10326,13346,6971,6220,8413,5303,12665,2218"
5287,5287,"9942,11969,9693,2343,544,9775,4798,12156,9101,10326"
5314,5314,"6220,6971,8562,9942,10326,544,4798,8188,9101,5303"
5318,5318,"1290,7120,4929,10663,544,9101,6243,4798,10326,9942"
5326,5326,"6220,8562,5303,4798,2218,544,8981,10326,5495,9101"
5336,5336,"8413,4895,4277,3428,13346,10950,3950,7087,544,9101"
5343,5343,"11298,1290,9962,1244,1779,9942,9101,789,10607,2989"
5347,5347,"9942,6220,12665,3428,2343,9693,8562,544,13306,3950"
5354,5354,"5495,8562,5303,3950,4798,275,10326,13346,12470,2140"
5356,5356,"10326,4798,8562,3950,8413,6220,8205,6971,12857,6326"
5367,5367,"1290,7120,6220,89,544,5545,9101,4798,11298,9942"
5373,5373,"8562,5303,12665,4798,3577,6220,5676,10326,6326,544"
5385,5385,"6220,6659,544,5495,8590,10326,8562,350,9101,4798"
5458,5458,"9942,3428,6220,13306,810,8562,2343,9693,13110,4798"
5463,5463,"4798,8562,10326,6220,5303,13346,9942,4277,275,6971"
5471,5471,"11298,1290,1244,1779,9730,7679,9101,9295,11024,7120"
5476,5476,"4798,1290,13346,7120,275,10326,6220,5303,10916,544"
5484,5484,"3950,8562,12665,13346,8413,2218,4798,10326,5303,10916"
5508,5508,"1290,7120,11298,9101,1244,2989,9730,544,4576,9962"
5513,5513,"6220,12665,8413,5303,2218,9942,8681,8562,4798,3950"
5520,5520,"10326,4277,544,4798,717,5303,217,6433,12857,8562"
5524,5524,"13346,6220,3870,3428,9942,13306,3950,10326,7707,1889"
5539,5539,"5495,8413,9942,4798,8483,8188,5303,12470,6220,12665"
5554,5554,"10326,10594,10916,4798,9340,544,8161,9101,9942,8562"
5564,5564,"4798,10326,5303,4277,8562,12857,3950,2140,8421,544"
5595,5595,"10326,5495,4798,275,5303,8562,2218,8413,2140,9942"
5601,5601,"10326,275,8562,4798,5303,2140,1912,544,9101,10462"
5602,5602,"8562,10326,4798,5303,12857,3950,275,2140,8421,6326"
5618,5618,"1290,7120,9101,11298,9730,2989,10663,12869,3704,1244"
5643,5643,"13408,544,6971,9101,5495,4798,9942,8922,5532,10326"
5644,5644,"4798,5495,13346,5199,5303,8483,2905,544,10326,9942"
5651,5651,"10326,4798,8562,6220,2218,3950,5303,4277,12857,10916"
5655,5655,"5495,8413,8562,12668,9942,10326,5199,5676,544,9101"
5658,5658,"10326,4798,8421,8562,10594,10916,12857,6971,544,3596"
5660,5660,"10326,2218,544,6659,1323,13110,2140,9942,12029,4798"
5662,5662,"6220,2218,89,5545,9942,3428,12665,5303,8562,3870"
5670,5670,"4798,10326,4277,5303,12857,6433,3950,6326,13346,8562"
5676,5676,"1290,7120,11298,1244,9295,12869,9730,10607,1779,9101"
5680,5680,"4798,10326,13346,9942,6220,6326,12665,89,8562,3870"
5698,5698,"544,6220,9101,2343,9693,10326,12665,9942,11298,5495"
5710,5710,"5495,5199,10326,2343,3950,13315,5532,12665,9942,6971"
5723,5723,"11298,2989,1290,1244,544,11024,4545,7120,4576,7679"
5742,5742,"9693,2343,544,5532,10835,3950,6795,13346,10326,12665"
5748,5748,"4798,8562,12665,6220,9942,3428,13346,3870,10326,544"
5750,5750,"544,8562,10326,8413,6220,5495,4798,5303,2218,6971"
5787,5787,"9942,3950,13346,2343,4798,9693,10326,5199,544,12857"
5798,5798,"2343,5303,13346,3950,4798,10326,9693,12665,2140,10916"
5799,5799,"4798,9306,544,9101,5946,10326,2291,9942,5495,8402"
5815,5815,"1290,9101,11298,9693,2343,544,9962,7120,789,1244"
5822,5822,"10326,5303,2218,8413,4798,2140,5199,5495,9072,544"
5834,5834,"12665,8562,4798,5303,5495,9942,3950,6971,10326,3055"
5846,5846,"4798,10326,544,13346,5303,3950,2218,9942,6971,4277"
5858,5858,"4798,3950,5495,8413,8562,5303,2905,2140,544,11000"
5882,5882,"4798,544,5303,8562,2218,4277,12857,10916,13249,11969"
5892,5892,"13346,4798,8562,5303,12665,10326,6971,6326,2218,12857"
5897,5897,"8413,3950,8562,12665,13346,2140,6326,5676,8421,5303"
5898,5898,"10326,3950,8562,4798,6220,12665,8413,9942,5495,544"
5902,5902,"8413,544,9101,4798,1847,9358,9796,10326,12130,9942"
5919,5919,"1290,544,10326,7120,12869,4277,8562,6433,6220,13249"
5934,5934,"544,8483,9693,2343,10326,6795,9101,11524,4798,9942"
5946,5946,"1290,7120,6971,4929,9295,9101,544,4798,3697,10326"
5965,5965,"2343,5199,9693,5532,8408,4798,5495,13346,544,9101"
5995,5995,"6220,10326,13346,2343,3950,3428,4798,4277,8562,544"
6005,6005,"544,9101,11298,2989,1290,6220,12655,6971,9693,9942"
6006,6006,"9942,6220,5495,3950,8413,8562,89,12665,3428,4413"
6013,6013,"10326,8562,4798,6220,9942,3950,13346,6433,12857,4277"
6016,6016,"13346,10326,3950,4798,5495,2218,12857,8562,5199,4277"
6023,6023,"7120,1244,9101,11298,544,9730,10663,2989,4576,6971"
6052,6052,"3950,8562,5495,10326,12665,9942,4798,3428,6971,5199"
6056,6056,"5495,544,6971,10326,13346,12665,5303,2343,5199,9942"
6059,6059,"10326,4798,5495,5303,12857,3950,6971,6220,12665,6302"
6064,6064,"8562,3950,10326,13346,2343,4798,5199,9942,5532,5303"
6091,6091,"3950,2218,9942,6971,5199,3055,5495,6220,8413,12665"
6112,6112,"7120,11298,2989,1244,7679,9101,3464,10663,9730,12869"
6133,6133,"5303,9693,6220,9942,5199,2343,2140,5532,5495,13315"
6150,6150,"4798,5610,8205,10326,10594,544,9101,5495,9942,8562"
6155,6155,"10326,4798,5303,12857,13346,8562,9942,3950,2140,8421"
6157,6157,"10326,4798,5303,8421,12857,8562,10916,4277,2140,10594"
6212,6212,"6220,4798,9942,13306,6442,4277,8562,544,3428,9101"
6218,6218,"10326,3950,4277,13346,4798,5303,10916,8562,8421,217"
6242,6242,"4798,10326,6971,6220,12665,9942,8590,13110,275,5545"
6243,6243,"10326,4798,8562,544,5303,2343,9693,4277,275,717"
6260,6260,"4798,810,10326,8421,8562,544,5303,9101,8161,12665"
6262,6262,"4798,10326,9942,2140,6220,8562,544,9101,5495,13097"
6278,6278,"5303,2218,275,544,2140,6971,4798,12099,5495,6220"
6280,6280,"8562,4798,5303,3950,6220,13249,8483,12665,5495,6326"
6287,6287,"8562,4798,6971,10326,2140,544,9519,12665,9942,2343"
6305,6305,"717,4277,10326,9942,4798,217,544,12869,12857,8421"
6320,6320,"1290,6220,7120,2343,6971,9942,9693,4798,5303,544"
6339,6339,"2343,8562,12665,9942,9693,8413,10326,4798,6220,6795"
6360,6360,"4798,6220,5303,544,2218,8413,6971,8483,275,13346"
6370,6370,"10326,8562,3950,6220,3428,4277,5303,2218,13346,12665"
6376,6376,"4798,10326,8562,13346,5303,4277,275,6220,3950,9942"
6378,6378,"7120,11298,1244,9101,2989,9295,544,9730,7679,12869"
6379,6379,"8562,4798,3950,544,6971,6220,10326,12857,6433,5303"
6398,6398,"544,2343,9101,12655,6795,1290,10326,11969,2537,2903"
6422,6422,"8413,13346,8562,9942,10326,10916,3428,844,544,4798"
6424,6424,"3950,6659,4798,11561,2218,9942,10326,9941,13346,11784"
6436,6436,"544,9101,4798,10326,2770,9453,5495,9942,8562,12665"
6454,6454,"9693,544,2343,9101,6795,11298,5532,1244,12665,9942"
6464,6464,"4798,10326,8421,8483,13346,8562,2158,544,217,2140"
6479,6479,"13346,4798,3950,8483,2218,9942,8413,12665,8562,13249"
6485,6485,"1863,544,8703,9101,4798,7637,9942,8981,10326,8562"
6488,6488,"9942,6220,3950,3428,8562,5545,3870,12665,4413,544"
6490,6490,"13110,9942,3870,8562,4654,544,9101,4798,4823,3147"
6498,6498,"8562,10326,9942,3950,6220,3428,217,5495,4798,2343"
6533,6533,"2989,9730,1290,9101,12665,11298,7679,7120,544,12869"
6577,6577,"10326,9942,3950,4798,5303,13346,4277,2218,6220,8562"
6579,6579,"10326,4798,12857,4277,5303,717,50,10594,8421,8483"
6583,6583,"10326,6220,8562,3950,3428,4798,9942,13346,544,6971"
6597,6597,"8562,9942,9693,2343,10326,6220,4798,5303,5495,544"
6599,6599,"12665,6971,2218,6220,13408,89,13296,1290,4798,5485"
6607,6607,"9942,8562,5303,3428,8413,6220,3950,8483,2218,13346"
6613,6613,"8562,3950,12665,6220,13346,8681,10326,3428,9942,5495"
6622,6622,"1290,7120,9295,4929,11298,5199,89,9730,9101,1244"
6637,6637,"6220,2218,8562,6971,12665,9693,5199,2903,9942,544"
6644,6644,"10326,4798,8562,4277,5303,3950,717,217,6220,2218"
6651,6651,"1290,11298,7120,9101,2989,1244,544,9730,12869,8978"
6674,6674,"10326,3950,8562,13346,12665,3428,9942,4798,5495,5303"
6683,6683,"9693,2343,10326,5199,5495,5532,13346,12665,4798,544"
6686,6686,"1290,9101,1863,9730,7120,544,9693,6697,9942,4798"
6707,6707,"8562,544,2343,5495,5303,6220,10326,9693,13346,4277"
6724,6724,"1863,10429,544,9101,5875,4798,2989,9942,7024,10326"
6729,6729,"10326,9942,8562,6220,3950,275,4798,5303,6971,5545"
6739,6739,"12665,8562,3950,9942,8333,4413,544,9101,438,4798"
6756,6756,"8562,5303,4798,3950,10326,6220,2218,275,2140,9072"
6764,6764,"6659,6433,6220,5545,9602,50,1328,13296,5303,13110"
6768,6768,"9942,6220,8562,3428,12665,10326,6659,5303,5545,275"
6787,6787,"12665,2218,8562,6971,3950,4798,3055,6326,13346,10326"
6808,6808,"1290,1244,544,11298,7120,2989,9730,4664,7679,12869"
6811,6811,"544,4798,4277,350,8483,11969,10326,9942,8562,12665"
6812,6812,"8562,4798,12665,9942,10326,3950,3428,5545,13346,275"
6831,6831,"9942,544,6220,5303,12665,2218,4798,10326,8562,8413"
6833,6833,"2343,12665,9693,8413,9942,12274,544,8562,9101,89"
6840,6840,"4798,5303,10326,2140,6270,544,9101,8562,12665,9942"
6842,6842,"1290,7120,1244,11298,4929,9962,10607,9101,544,9730"
6855,6855,"1290,11298,9101,7120,1244,2989,9730,544,12869,4576"
6869,6869,"10326,4798,5303,8562,6971,4277,8421,3950,6433,12857"
6874,6874,"6971,6220,12665,544,1290,4798,9101,9942,10326,8188"
6879,6879,"544,9693,2343,5199,5532,9942,5495,4798,2903,2218"
6885,6885,"5676,13346,3950,544,9101,4798,8562,10326,5495,9942"
6886,6886,"9942,6220,13346,2343,9693,544,4798,6795,5545,3870"
6902,6902,"10326,4798,4277,544,13346,8562,3950,12857,6433,6971"
6908,6908,"11298,1290,7120,2989,9101,1244,7679,12869,4664,544"
6911,6911,"3950,9942,6659,11484,50,10326,544,11547,5184,9101"
6912,6912,"3950,12665,6220,8562,810,544,9942,13346,6971,4798"
6919,6919,"544,1290,7120,11298,2989,9101,1244,12869,4576,11024"
6926,6926,"5532,9942,544,4798,9101,3950,10326,7673,12665,5495"
6934,6934,"10326,8483,8562,4798,3950,13346,13249,10916,5495,8421"
6935,6935,"4798,10326,8562,544,4277,8483,12665,6220,217,13346"
6939,6939,"6220,5303,8413,10326,4798,12665,9942,8188,1290,9101"
7000,7000,"9942,544,6220,9693,2343,5303,12665,8562,5676,3428"
7003,7003,"8562,2343,3950,9942,12665,1323,9693,10326,5495,8822"
7005,7005,"10326,544,3428,4798,217,3950,2218,8562,1328,717"
7042,7042,"10326,4798,8562,12665,5303,3950,5495,12857,10916,8421"
7045,7045,"4798,10326,8562,13346,12665,544,2140,3950,5495,9942"
7047,7047,"10429,1863,544,9101,4798,8703,9942,10326,5495,5976"
7053,7053,"6220,8562,544,10326,9942,4798,7707,12665,10429,8188"
7063,7063,"10326,8483,13346,4798,13249,717,4277,3950,1328,217"
7067,7067,"2343,9693,3950,544,13346,4277,2218,6433,9942,2537"
7071,7071,"10326,4798,4277,12857,3950,6433,13346,717,6326,8421"
7078,7078,"8562,6220,3950,5495,3428,9942,2218,2343,9404,13346"
7109,7109,"6433,4798,10326,6326,12857,13346,8562,1355,5495,3870"
7118,7118,"4798,10326,12857,6433,10916,8562,5303,10594,6270,6326"
7129,7129,"1290,11298,7120,1244,9730,9101,544,2989,4664,4576"
7133,7133,"10326,4798,609,350,8421,3416,5303,217,8483,652"
7139,7139,"769,8590,544,9101,12903,11464,1290,10464,10326,4798"
7142,7142,"10326,3950,544,8562,6220,4798,4277,12665,5303,9602"
7146,7146,"2343,4798,9693,5303,12665,2218,10326,544,5532,5199"
7172,7172,"10326,4798,8562,4277,217,717,8421,10916,13249,350"
7181,7181,"89,64,12665,544,5495,4576,1290,9404,13375,6971"
7195,7195,"4798,10326,8562,4277,13346,12857,6971,717,10916,544"
7197,7197,"4798,8562,3428,9942,10326,2218,13346,5303,12470,5545"
7203,7203,"1290,7120,11298,1244,9101,2989,4929,9295,544,9730"
7223,7223,"8562,3950,6220,4798,10916,13346,6971,12857,10326,2218"
7235,7235,"1290,12869,7120,544,9101,11298,6971,2989,9730,7679"
7236,7236,"544,7120,10326,12665,4798,4277,6971,5303,6220,2343"
7237,7237,"1290,7120,4929,1244,544,9101,4798,10326,9942,11298"
7255,7255,"1290,7120,544,9295,8590,4929,4798,9101,4277,9730"
7297,7297,"6220,12665,9942,9693,8562,10326,4798,6971,2140,544"
7320,7320,"8413,4798,3950,10326,2218,5303,5495,13346,11572,5676"
7323,7323,"12665,2343,64,13346,275,9693,6220,3950,9942,1323"
7326,7326,"5303,4798,8483,275,2218,10326,8590,2140,12404,5495"
7343,7343,"10326,4798,4277,6433,8562,717,350,8421,12857,217"
7363,7363,"9942,13346,5495,12665,8562,2218,4798,6220,1230,5199"
7364,7364,"4798,2218,6971,8483,10326,13346,9942,3055,89,3950"
7366,7366,"6220,9942,3428,3950,544,10326,8562,4277,9101,3799"
7372,7372,"8413,13346,8562,5495,4798,6302,9942,3055,12665,5303"
7399,7399,"9942,544,7679,5495,10429,1863,9532,7707,9101,9693"
7402,7402,"12665,8562,5303,6220,5495,2218,8413,8188,4798,9942"
7406,7406,"8562,10326,9942,4798,275,5610,11540,544,4257,4413"
7421,7421,"9942,544,12665,10326,4798,8562,6971,2218,2343,3950"
7425,7425,"1290,8562,6220,7120,10326,544,1244,9101,11298,13296"
7431,7431,"4798,12857,10916,10326,6971,13346,8421,4277,8562,8483"
7447,7447,"4798,10326,8421,8562,5303,13346,5495,544,8205,9101"
7451,7451,"8562,6220,544,13296,1863,5545,7707,10429,10326,4798"
7453,7453,"7120,1244,4929,9962,789,544,11298,9101,6971,5135"
7456,7456,"1290,9962,544,9101,1244,789,4798,10326,7120,2989"
7484,7484,"1290,7120,11298,9730,4929,1244,6971,9101,10663,544"
7486,7486,"5495,4798,5303,10326,8413,2218,8562,9942,3950,6220"
7505,7505,"1290,7120,11298,2989,1244,544,9101,7679,9730,4929"
7529,7529,"10326,8562,13346,4798,10916,12857,2140,4277,8421,2343"
7532,7532,"11298,6288,7679,8978,2989,1244,9101,12869,11024,4576"
7548,7548,"6220,13346,8562,12665,9942,4798,8413,10326,5303,3428"
7550,7550,"3950,8562,9404,4277,1978,217,6326,4798,1323,1328"
7557,7557,"10326,4798,4277,8421,8562,217,350,10594,6433,10916"
7574,7574,"1290,7120,4929,2989,11298,12869,9962,9101,1244,3697"
7586,7586,"9942,544,1863,7637,8562,9101,8703,4798,5495,10326"
7592,7592,"544,9101,4798,873,12204,10326,9942,5495,9258,12665"
7594,7594,"8413,12857,3950,2218,13346,8562,4798,4413,3870,9942"
7600,7600,"10326,2343,9693,4798,8562,13346,9942,9404,4277,544"
7601,7601,"10326,4798,5303,6971,8562,13346,10916,4277,2140,12857"
7642,7642,"544,4798,10326,9942,12665,5303,6220,1290,9101,4277"
7647,7647,"8413,5303,1862,544,6220,8562,10326,4798,844,9101"
7650,7650,"8413,8562,3950,2218,5303,12665,544,275,6220,4798"
7660,7660,"1290,11298,2989,544,9101,7120,12869,9730,4576,7679"
7682,7682,"10326,6220,4798,8562,5303,9942,3950,6971,12665,4277"
7712,7712,"6220,3428,10326,4798,12665,544,2218,8562,11969,13306"
7728,7728,"8562,4798,11000,10916,10594,6433,810,8483,3950,12857"
7763,7763,"8562,6220,4798,10326,12665,13346,3428,5303,6659,3870"
7764,7764,"10326,6220,6971,9942,275,4277,13346,544,12665,2218"
7765,7765,"11298,2989,9101,9730,1290,7679,8978,4890,3704,11024"
7768,7768,"6659,9942,8413,4798,8562,5184,544,4413,931,9101"
7776,7776,"1290,7120,9962,9101,789,11298,4929,544,5135,4798"
7834,7834,"4798,8421,350,544,9101,10326,3968,1390,10916,851"
7850,7850,"4798,4277,544,8421,217,275,10594,2140,12857,2218"
7860,7860,"1290,7120,11298,2989,9101,1244,7679,4929,544,9730"
7879,7879,"10326,5303,6971,4798,8562,8421,2140,5495,275,12665"
7892,7892,"544,9693,1290,9101,11298,1220,2343,9156,7120,12665"
7895,7895,"4798,6220,13346,8562,6971,8413,10326,5495,275,5303"
7901,7901,"4798,6220,3950,10326,4277,5303,544,8562,10916,13346"
7922,7922,"12665,544,6220,4798,4277,3950,9101,9455,9942,8562"
7927,7927,"4798,5495,9942,8562,11969,8413,5303,10326,6220,2140"
7931,7931,"9693,2343,4798,5303,544,10326,13346,275,2218,8562"
7938,7938,"12470,9942,6220,3950,5199,13306,10326,3428,8562,11969"
7942,7942,"544,4277,8562,3950,6220,10916,350,10326,6433,5495"
7964,7964,"1323,2218,8413,9942,3950,5545,544,4413,5495,9101"
7982,7982,"5495,64,2343,5199,2903,12665,3950,5461,9942,9404"
7988,7988,"1290,7120,4929,544,9101,4798,8302,10326,9942,1244"
7992,7992,"4798,8562,10326,13346,4277,12857,5303,6220,10916,8421"
8005,8005,"8413,6971,2218,2343,4798,10326,5199,544,5532,12665"
8019,8019,"3464,6248,7679,9101,11298,2710,544,2989,4798,7120"
8026,8026,"4798,13346,8562,10326,3950,12665,6220,9942,13249,2218"
8028,8028,"9693,2343,544,9404,5532,6795,5199,4798,64,13346"
8085,8085,"13346,275,50,64,9942,544,6626,9101,4798,10326"
8103,8103,"89,12665,6971,4602,544,9942,9101,4798,7024,10326"
8108,8108,"8562,3950,6220,3428,10326,217,9072,4277,13346,1328"
8137,8137,"6971,12665,2343,9942,5303,8562,544,9693,3950,5495"
8138,8138,"10326,13346,12857,8562,6433,4277,5303,217,8483,717"
8139,8139,"4798,10326,8562,5303,6971,3950,5495,2218,8421,2905"
8148,8148,"9942,12665,4798,10326,8562,13346,6220,6971,3950,3428"
8150,8150,"10326,4798,12665,8562,275,4277,6220,13346,5303,3950"
8160,8160,"544,1290,7120,11298,9101,2989,1244,10326,12869,4576"
8175,8175,"12665,217,1328,8483,11639,9942,10326,3950,13346,4277"
8191,8191,"7120,1290,9730,2989,9101,4929,12869,1244,11298,6591"
8198,8198,"4798,10326,6220,8483,6971,8562,2218,3950,9942,12665"
8202,8202,"11298,9101,1244,2989,1290,4576,7679,7605,7120,12995"
8233,8233,"4798,10326,6971,5303,8483,13346,12665,12857,8562,3950"
8251,8251,"4798,5495,9942,544,6971,5126,12136,5100,9101,10326"
8252,8252,"10326,4798,4277,8562,12857,717,3950,6433,8421,217"
8265,8265,"10326,544,6220,5303,4798,8562,2218,6971,275,12665"
8267,8267,"10326,4798,5303,8562,12857,8421,717,13346,6433,10916"
8268,8268,"8562,13346,6326,12665,12857,717,5303,10326,3950,2905"
8294,8294,"544,2343,6971,9693,2140,5532,5303,6795,13346,5199"
8299,8299,"1290,7120,9962,1244,9101,11298,789,544,12869,4798"
8302,8302,"10326,4798,5303,4277,2218,12857,3950,2140,9072,13346"
8303,8303,"1290,4929,1244,9101,544,11298,2989,789,9295,9730"
8323,8323,"6971,8562,2343,9693,10326,544,5199,8590,5495,9942"
8327,8327,"2218,4798,6971,5303,3950,12665,6220,89,9942,8413"
8331,8331,"3950,6659,2218,1328,5303,3428,8562,714,9942,4798"
8332,8332,"1290,11298,7120,9101,1244,4576,9730,4664,7679,2989"
8334,8334,"6220,8562,3950,5495,8413,4798,11572,12665,9942,11000"
8337,8337,"544,1290,7120,11298,1244,2343,2989,9295,9730,9693"
8341,8341,"13346,8562,3950,6326,4798,10326,9942,5495,8421,12665"
8361,8361,"10326,9942,4798,6971,5303,8562,13296,544,1747,12665"
8369,8369,"3950,9404,2411,9072,8562,9693,10326,12665,9942,2343"
8378,8378,"5303,6971,13249,8421,10326,4798,13346,8161,544,3055"
8407,8407,"7679,11298,3464,2989,544,11024,9730,9101,8978,4576"
8419,8419,"1244,1290,544,7120,11298,9101,2989,4576,4664,12869"
8424,8424,"544,5303,8562,10326,2218,13296,4798,1290,6971,9101"
8425,8425,"5303,4277,6220,10326,8562,2140,13346,9072,2218,350"
8438,8438,"1290,7120,4929,9962,3697,544,11298,9101,11117,5135"
8447,8447,"4798,10326,4277,12857,8562,10916,5303,350,6433,217"
8458,8458,"12869,9962,9942,11298,544,9101,2989,4798,1240,7063"
8463,8463,"10326,4798,9942,8562,6220,5303,6971,5495,12857,2218"
8471,8471,"4798,6971,10326,3950,8562,5303,12665,13346,2140,3055"
8472,8472,"1290,7120,9101,1244,7679,11298,544,2989,12869,8978"
8477,8477,"4798,6971,5303,10326,2343,544,8562,6220,9693,12665"
8478,8478,"9693,2343,5495,9942,12665,6971,544,5199,6220,2218"
8483,8483,"1290,11298,9295,7120,89,9101,2989,544,1244,789"
8496,8496,"10326,8562,6971,3950,5303,1290,2218,544,8205,5495"
8497,8497,"8562,10326,12857,4798,3428,13346,6220,8483,3950,717"
8501,8501,"10326,4798,13346,8413,8562,544,9942,9101,5495,5999"
8506,8506,"9942,3950,6220,13346,4798,2218,3428,10326,8562,5461"
8520,8520,"10326,4798,12857,8562,5303,4277,10916,3950,544,6971"
8524,8524,"544,12665,11298,7679,11969,10326,4576,11024,9101,6220"
8531,8531,"4798,8562,8413,50,275,3950,6326,13346,10326,6433"
8556,8556,"10326,4798,544,5303,4277,8562,350,8483,717,1355"
8579,8579,"9730,2989,11298,9101,1290,4576,12869,11024,7679,544"
8585,8585,"544,6220,5495,714,7707,2218,9693,5545,13296,5676"
8591,8591,"10326,12665,6220,3428,13346,4798,4277,9942,11969,6659"
8592,8592,"1290,7120,4929,6971,1244,9101,10663,544,9295,4798"
8596,8596,"9942,3950,6220,8562,13346,4798,3428,8413,10326,8421"
8598,8598,"10326,8562,3428,3950,5303,12665,6220,13346,2218,4277"
8608,8608,"1290,7120,9101,10663,1244,11298,544,9295,2989,12497"
8610,8610,"1290,7120,11298,1244,9101,4929,9730,9962,544,9295"
8617,8617,"1290,7120,11298,9295,1244,9101,4929,4664,10607,544"
8621,8621,"5303,2218,5199,5495,1746,4798,1912,544,6971,8562"
8629,8629,"544,9093,9101,3420,11013,4798,6708,8068,10326,9942"
8649,8649,"5495,5532,12665,544,9101,2705,9942,4798,10326,7715"
8652,8652,"7120,4929,1244,11298,9101,544,9962,9730,4798,6243"
8714,8714,"2989,1290,7120,6220,11298,9101,8590,544,9942,11660"
8718,8718,"12665,9942,13346,89,5875,2343,64,544,9101,8235"
8733,8733,"9101,1290,11298,544,12655,7679,7120,8978,1244,4576"
8734,8734,"3428,12665,6220,3870,5545,3950,4654,13110,13306,4413"
8754,8754,"8562,5495,5303,2218,544,217,12470,3950,3428,12665"
8771,8771,"8413,2218,8562,4798,6220,8205,10326,9942,544,2140"
8791,8791,"544,4798,10326,6220,2343,8562,4277,13346,9693,6971"
8794,8794,"8562,4798,6220,3428,810,13346,5303,3950,2343,2218"
8797,8797,"9453,350,8562,544,8822,10326,9101,4798,9942,5676"
8804,8804,"10326,4798,13346,3950,6220,8562,4277,9942,13249,2218"
8809,8809,"275,12857,4798,10326,6971,50,5303,544,5676,13346"
8823,8823,"1290,7120,11298,4929,9101,2989,7679,4576,11024,10663"
8833,8833,"8562,10916,4277,10326,12665,5545,6326,3950,544,12857"
8835,8835,"1290,7120,9693,11298,2343,1244,4929,9101,9730,12869"
8840,8840,"4798,5303,2140,8413,6971,544,9942,9101,3950,8562"
8842,8842,"8413,544,5495,4181,9101,4798,7063,238,2218,10326"
8860,8860,"1290,11298,544,12665,2989,89,7679,9101,7120,11024"
8866,8866,"10326,4277,4798,13346,8421,8483,544,2343,3950,8562"
8877,8877,"8562,544,6515,9101,4798,10326,11484,1102,1866,9942"
8887,8887,"8413,8562,9190,12665,5532,5731,544,4798,3950,5495"
8895,8895,"350,10326,544,9101,4798,11739,9854,9942,5789,5495"
8907,8907,"1290,7120,1244,11298,9962,9101,4929,789,5135,9730"
8921,8921,"4277,10326,4798,717,350,12857,13346,6433,544,4492"
8928,8928,"7679,3464,11298,9101,7669,11554,1290,12869,7120,9942"
8936,8936,"13408,10594,217,4798,544,1328,9942,9101,4685,3013"
8965,8965,"9693,2343,10326,544,4798,9942,13346,5303,6971,6220"
8971,8971,"2343,9693,12665,9942,544,6795,8562,5532,6220,5495"
9000,9000,"1290,544,7120,9101,11298,1244,9693,7679,4576,2989"
9023,9023,"12665,544,4277,3950,2218,9693,9942,10077,2343,6220"
9025,9025,"5303,12665,6971,275,1290,544,89,10326,5199,5495"
9031,9031,"8413,3950,4798,13346,6971,9942,544,2903,10326,9101"
9045,9045,"4798,1290,10326,9942,5303,6659,7120,2218,6220,8413"
9053,9053,"12665,8562,10326,6220,3950,6971,13346,4798,544,2218"
9054,9054,"9942,12665,6220,3428,3950,13346,8483,4798,2218,13375"
9060,9060,"8562,4798,10326,6220,5303,12665,2343,2218,3950,2140"
9063,9063,"8413,8562,9942,3950,13346,2585,4413,544,4798,11540"
9071,9071,"8562,9942,6220,12665,3950,3428,2218,8681,13346,5545"
9078,9078,"544,9693,2343,9101,4416,10326,4798,4388,2537,5532"
9101,9101,"4798,8562,10326,13346,9942,5495,6220,3950,1355,6326"
9108,9108,"9942,3950,6220,5303,3428,2140,8483,6270,544,4798"
9110,9110,"4798,10326,8562,12665,12857,2218,5303,4277,6433,9942"
9114,9114,"2989,11298,544,5495,9101,1290,7679,6220,7342,11969"
9144,9144,"1290,11298,1244,7120,9101,544,2989,4576,9730,7679"
9172,9172,"1290,6220,7120,9101,544,1863,4798,9942,5495,10326"
9185,9185,"544,1863,10429,5495,8562,6220,9101,9942,10326,12665"
9190,9190,"4798,8562,5303,12857,3950,10326,6220,5642,2140,12665"
9193,9193,"10326,3950,4798,8562,6220,2218,13249,12857,13346,5303"
9198,9198,"5303,4277,10326,9340,2140,4798,7138,544,350,9101"
9200,9200,"1290,7120,9942,6971,544,5303,10326,1244,6220,4929"
9201,9201,"7679,11298,7120,1290,12995,2989,4576,1244,3464,9101"
9204,9204,"544,10326,5303,4798,2343,9693,3950,2218,6971,275"
9215,9215,"1290,7120,4798,6971,4929,10326,2140,1747,10663,544"
9222,9222,"1290,7120,9101,9730,1244,12869,11298,9295,544,4664"
9233,9233,"4277,4798,13346,5303,8562,6383,12665,3950,1328,10594"
9235,9235,"1290,9101,7120,1244,544,9942,7679,10326,11298,6971"
9245,9245,"1290,7120,1244,9101,789,544,11298,4929,13309,12869"
9275,9275,"12665,1290,89,9942,5495,5875,544,8562,9101,7024"
9308,9308,"9942,8562,6220,544,3428,2218,5184,5545,7707,13296"
9323,9323,"4277,8483,217,544,717,10594,8421,2218,5303,4798"
9329,9329,"10326,8562,3950,5495,12665,6220,13346,5303,4277,12857"
9355,9355,"8562,3950,4798,8413,6220,2218,6971,10326,5545,5303"
9369,9369,"10326,4798,5303,12857,6433,8562,2140,13346,2218,13249"
9386,9386,"8188,11484,5495,544,12226,9101,6659,4798,3269,3987"
9388,9388,"4798,544,6220,5303,12665,275,6971,9942,7707,5545"
9401,9401,"1290,7120,11298,1244,9962,9730,4929,10607,789,9101"
9418,9418,"10326,6220,8562,2218,4798,12665,3950,8413,9942,5303"
9433,9433,"8562,4798,4277,3950,13346,217,10326,8483,10916,8421"
9440,9440,"10326,544,8562,4277,217,4798,717,350,8421,13249"
9446,9446,"3950,13346,8562,10326,13306,2218,4277,13408,9942,5303"
9464,9464,"5495,544,8188,12470,2218,5676,7707,2585,8413,232"
9477,9477,"5303,8562,5495,275,50,3950,2218,8413,12665,4798"
9488,9488,"1290,7120,11298,1244,6971,544,9101,12869,4576,9730"
9500,9500,"10326,4798,4277,717,10916,8562,350,13346,8421,6433"
9502,9502,"4798,3428,8562,10326,3950,13346,13249,5495,12857,544"
9507,9507,"2343,9693,2903,544,89,2537,9942,12665,9101,4798"
9528,9528,"7120,2989,9101,7679,11298,12655,4929,12869,544,10663"
9539,9539,"4798,10326,13346,4277,6433,12857,717,8562,3950,2218"
9566,9566,"544,10326,9101,9693,2343,4798,6971,11298,1220,1244"
9575,9575,"4798,8562,2218,5303,8483,12857,5199,5495,10326,11000"
9583,9583,"5495,4798,13346,10326,5303,9942,6220,3950,12470,1355"
9589,9589,"10326,4798,4277,3950,13346,544,6433,10594,6971,275"
9591,9591,"4798,10326,5303,3950,6971,8562,10916,12857,4277,8421"
9617,9617,"5495,1286,10326,544,4798,13346,5303,9101,8562,11384"
9620,9620,"8562,6220,12665,13346,2343,10326,9942,3950,5495,9693"
9622,9622,"5495,2905,4798,3950,5109,10326,544,9101,9942,8562"
9631,9631,"9730,9101,4576,12869,3222,11918,11298,544,7258,4798"
9655,9655,"8413,8562,12665,3950,1042,8822,4798,544,9101,11910"
9658,9658,"10326,4798,5495,2343,544,6220,8421,9101,2140,13346"
9660,9660,"1290,7120,9730,9101,11298,4929,9295,2989,4576,1244"
9669,9669,"1290,7120,4929,9962,789,544,9101,5135,4798,4387"
9672,9672,"4798,5303,8483,12857,13346,13249,3950,8562,6326,10916"
9684,9684,"544,9101,4798,10326,8562,9942,6952,5495,12665,11298"
9702,9702,"1290,7120,4929,1244,11298,9962,6971,9101,789,10663"
9705,9705,"1290,7120,8562,12857,6220,2218,5303,4798,12665,10326"
9722,9722,"1244,12869,11298,1290,544,9101,7120,12665,4798,7679"
9732,9732,"1290,7120,1244,11298,9730,7679,9101,8978,544,4576"
9781,9781,"12655,2989,11298,7679,9101,844,2874,3148,3238,3704"
9803,9803,"5495,5303,5532,2343,544,6971,12665,12470,9693,2218"
9809,9809,"10326,5495,64,8562,2218,2343,1323,13306,5199,9942"
9814,9814,"10326,12857,6971,4277,5303,8421,8562,10916,2140,13346"
9818,9818,"6971,2218,5495,5199,4798,5303,8562,9942,2343,3950"
9820,9820,"4798,9693,5495,2905,13346,13315,12611,544,9942,9101"
9848,9848,"544,5303,4277,4798,10326,2140,13346,350,4694,8562"
9856,9856,"4798,10326,8562,5303,544,6971,12665,9942,3950,2140"
9869,9869,"6220,12665,5303,4798,544,9101,6971,8235,3055,10326"
9889,9889,"10326,5303,2218,8413,4798,50,275,2140,6971,8562"
9923,9923,"4798,10326,4277,5303,8483,8562,3950,350,8421,6433"
9929,9929,"8562,3950,12665,13346,4798,10326,3055,544,9942,9404"
9961,9961,"1290,7120,12665,11298,89,1244,11024,9101,9942,4929"
9969,9969,"4798,6971,10326,4277,717,2218,217,8421,5303,6326"
9974,9974,"1290,7120,89,2343,9101,6591,11298,4929,9693,2218"
9976,9976,"1862,1244,3222,11918,9730,12869,11298,13315,4890,9101"
9989,9989,"9942,8562,5495,6220,12470,3950,4798,5303,13306,12665"
9993,9993,"4798,12665,8562,5303,6971,2343,9942,10916,50,13375"
10002,10002,"6659,10326,544,2989,4798,9101,9942,5495,12665,11298"
10011,10011,"1290,9730,11298,7120,7679,2989,1244,9101,10137,4664"
10016,10016,"10326,4798,8562,5303,12857,9942,6220,6433,544,2218"
10028,10028,"9942,3428,5545,544,57,9101,4798,10326,11800,5495"
10029,10029,"9942,6220,13346,10326,5303,2218,3950,5495,13249,8562"
10033,10033,"12665,8413,2218,5303,1220,3055,5495,1286,1230,8922"
10042,10042,"10326,5303,6971,8562,12857,10916,10594,3950,4798,544"
10046,10046,"4798,10326,4277,8562,12857,3950,13346,13249,10916,810"
10061,10061,"544,4798,4277,3950,8562,6433,10594,6220,12857,8421"
10071,10071,"9942,4277,6220,13346,3950,217,10594,10326,3428,13249"
10084,10084,"4798,6220,8562,6971,2218,13346,2140,8421,12665,10326"
10091,10091,"8562,4798,10326,6220,13346,12857,1323,5495,544,12665"
10102,10102,"1244,11298,544,2989,4929,4576,9730,12869,12665,6971"
10104,10104,"8562,5303,4798,2218,3950,275,4277,10326,5495,6971"
10121,10121,"1290,7120,6971,4929,544,1244,9101,5495,11298,9693"
10131,10131,"13346,6220,3950,9942,3428,4798,8562,12857,5545,12665"
10134,10134,"10326,275,4798,544,5303,4277,350,2140,6971,13346"
10139,10139,"1290,7120,4929,11298,10663,9101,1244,9295,3697,544"
10144,10144,"3950,6220,8562,13346,4798,5199,3055,10326,9942,544"
10155,10155,"2218,4798,8483,3950,10326,8562,13346,5303,9942,544"
10168,10168,"1290,544,9942,9101,4798,1863,10326,5495,7637,7120"
10178,10178,"1290,544,9101,10326,2989,7120,6220,9942,11298,1244"
10186,10186,"9693,12665,9942,8562,13346,6220,89,9404,5545,3950"
10190,10190,"4277,4798,10326,10594,8421,10916,717,350,217,275"
10194,10194,"8562,4798,3950,13346,8413,12665,4277,12857,6326,9455"
10196,10196,"5676,9942,13346,3950,1889,4413,6220,544,13110,9101"
10215,10215,"10326,4798,4277,8562,5303,12857,8421,6971,13346,6433"
10218,10218,"9942,8562,6220,12857,4798,5303,5495,10326,12470,12665"
10251,10251,"6220,5303,8188,2218,12857,8562,4798,10326,5545,3950"
10252,10252,"1290,7120,9295,9101,11298,9962,1244,544,789,3697"
10262,10262,"5495,12099,2903,5199,544,9101,9942,4798,12470,10326"
10266,10266,"9942,6220,544,12665,3950,2218,2343,4798,6659,5545"
10271,10271,"9942,6220,2343,4798,12665,9693,2140,8562,6971,10326"
10277,10277,"8562,4798,10326,5303,6971,13346,2218,3950,12665,10916"
10282,10282,"10326,1290,5303,12665,4798,1244,13346,8421,8590,10568"
10286,10286,"1290,7120,4929,544,3697,9101,12030,4798,10663,10326"
10305,10305,"10326,810,13346,1889,4798,5199,10916,5495,8562,3950"
10309,10309,"9942,12665,6220,8562,2218,10326,5545,6971,13346,4798"
10335,10335,"1290,7120,9730,11298,1244,9101,4929,12869,2989,10663"
10340,10340,"11298,1290,2989,7120,7679,4576,9101,544,9730,4545"
10375,10375,"6220,4798,8413,9942,8562,5303,12665,8681,5676,544"
10388,10388,"10326,4798,5303,6971,2218,13346,275,8562,544,12665"
10397,10397,"10326,4798,8413,5303,4277,6433,1889,12857,13346,8421"
10402,10402,"9942,3950,5676,12665,8562,3870,4798,5199,8681,6220"
10407,10407,"544,6220,4277,3428,2343,810,350,10326,5885,9942"
10408,10408,"10326,4798,544,8562,9101,9942,5495,9306,12665,2291"
10416,10416,"10326,3950,13346,4798,2343,6220,12665,1220,9693,6326"
10448,10448,"8562,4798,544,10326,3950,13346,6220,5303,4277,11969"
10454,10454,"3950,13346,8562,10326,9942,5495,13249,4798,9404,217"
10499,10499,"10326,4277,717,4798,8421,217,13346,10594,544,2158"
10503,10503,"3950,10568,8823,544,3428,12665,2140,9101,9942,8296"
10504,10504,"2989,7679,11298,9101,12869,3464,1244,544,4545,12655"
10508,10508,"10326,4798,5303,544,717,217,8562,8421,2140,275"
10514,10514,"8562,3950,13346,10326,4798,10916,4277,6326,810,8483"
10526,10526,"10326,4798,13346,4277,3950,12857,6433,8562,717,10594"
10540,10540,"4798,10326,13346,9942,5303,6220,3950,275,4277,8562"
10542,10542,"4277,10326,544,350,217,8421,4798,9340,12404,6433"
10551,10551,"4798,10326,8562,6220,544,9942,5303,275,6971,12665"
10554,10554,"544,12665,8562,5303,5676,2989,6220,5199,4798,9942"
10555,10555,"6220,11484,8562,8590,544,9101,4798,10326,9942,5495"
10556,10556,"4798,844,227,3055,2140,544,9101,5610,3766,8562"
10562,10562,"12857,2218,4798,9072,2140,6971,10326,13346,31,2905"
10575,10575,"11298,1290,7120,9730,9295,7679,9101,7669,2989,12869"
10576,10576,"10326,4798,8562,8421,10916,5303,12857,544,350,2140"
10582,10582,"10326,544,4798,3950,9942,8562,5303,12665,2218,4277"
10584,10584,"3950,8562,10326,13346,6220,9942,4798,5303,3428,12665"
10606,10606,"4798,10326,9942,544,6220,3950,4277,5303,8562,12665"
10611,10611,"544,4798,4277,717,8483,217,8421,10594,5303,350"
10613,10613,"544,10326,217,717,4798,6383,275,3950,5303,1290"
10614,10614,"9942,544,8188,4798,8562,9101,5495,2218,6220,10326"
10623,10623,"544,8235,7024,9101,4798,10326,4715,9942,5495,8562"
10647,10647,"12869,11298,7679,1290,4163,7120,9101,2957,11024,1244"
10657,10657,"10326,12857,4798,8421,5303,10594,717,275,10916,8562"
10670,10670,"10326,4798,10594,4277,10916,8421,2140,12857,6433,275"
10679,10679,"11298,1290,7120,1244,9730,9295,12869,9101,10389,2989"
10680,10680,"4798,8562,3950,13346,5303,2218,10326,9942,275,10916"
10699,10699,"4798,13346,6971,2218,8562,5495,10326,6326,3950,8413"
10715,10715,"217,10326,2343,4277,717,275,9693,238,4798,9105"
10720,10720,"3950,12665,4798,13346,10326,8413,8562,5303,9942,544"
10735,10735,"8562,10326,6220,13346,3950,9942,544,4798,6971,275"
10742,10742,"12665,9942,6220,2218,8562,10326,6971,544,3950,5303"
10744,10744,"4798,8421,217,544,2580,9101,4616,7243,10326,7305"
10747,10747,"544,10326,13346,3950,10568,4277,4798,12665,10916,5199"
10769,10769,"2343,9693,9455,5676,6839,12665,1933,5199,9942,64"
10795,10795,"4798,10326,5303,275,2218,13346,2140,6433,6971,12857"
10817,10817,"11298,1290,1244,7120,9295,9730,10607,11024,9101,9962"
10819,10819,"5303,10326,12665,6971,5461,8483,13346,2140,4798,3055"
10828,10828,"6220,3428,10326,4798,12665,544,2218,8562,11969,13306"
10860,10860,"3950,8562,5303,3428,13346,4798,12857,10326,8413,544"
10868,10868,"9693,11298,2343,9101,2989,9730,544,1290,4576,7679"
10895,10895,"13346,10326,8562,12857,10916,4798,3950,8413,6971,13249"
10900,10900,"10326,4798,5303,6971,2140,8421,8562,544,8161,12857"
10912,10912,"3464,7679,8315,9101,544,2769,11298,2989,4798,10326"
10934,10934,"1290,7120,11298,1244,10326,9101,544,4929,4576,2989"
10947,10947,"5495,12470,10326,5303,6971,5199,544,2140,4798,2903"
10950,10950,"10326,6971,12857,5303,4798,6433,2140,8562,4277,5126"
10964,10964,"1290,11298,1244,7120,9101,9962,2989,12869,10607,544"
10965,10965,"8413,9942,5495,8681,12136,8562,7715,1681,3428,544"
10968,10968,"10326,544,5303,50,350,4798,8562,4277,217,8421"
10972,10972,"4798,13346,8562,12857,3950,10916,5303,2343,8421,6971"
10975,10975,"4277,6433,4798,10326,7120,544,1290,9101,8510,9306"
11028,11028,"4798,10326,9942,8562,13346,3428,3950,5545,4277,13249"
11030,11030,"1290,11298,9101,544,7120,12869,6220,2989,2411,12665"
11044,11044,"2343,544,6971,9693,9101,6220,810,89,64,10326"
11048,11048,"3950,13346,4798,12857,10326,2905,5461,2140,544,9101"
11065,11065,"1290,6971,5303,6220,9295,2218,2989,4798,7120,8562"
11085,11085,"1290,1244,7120,9962,11298,5135,789,9101,544,3697"
11088,11088,"4798,8562,13346,6971,10326,5303,6326,8413,544,2218"
11100,11100,"1290,11298,7120,9101,1244,9730,544,12869,11024,2989"
11102,11102,"4798,3950,8562,8483,10326,12857,13346,10916,6220,8413"
11105,11105,"6795,2343,9693,1244,5199,5532,1290,544,2903,6971"
11107,11107,"8562,10326,3950,4798,13346,9942,6220,12665,10916,2218"
11109,11109,"1290,7120,544,6220,9101,1863,9942,4929,10429,4798"
11120,11120,"1290,7120,11298,1244,4929,9101,9295,9730,544,9962"
11121,11121,"8562,10326,4798,3950,5303,13346,6220,12665,9942,6971"
11133,11133,"544,8911,9101,4798,10326,8257,9942,5495,8562,6659"
11149,11149,"9942,10326,6971,12857,2140,10594,275,4798,13249,5731"
11152,11152,"1290,7120,11298,7679,2989,9730,1779,4576,11024,9101"
11160,11160,"9942,13346,3950,4798,275,3428,8546,6220,10326,12665"
11163,11163,"12665,10326,4798,544,3950,13346,275,6220,8562,4277"
11168,11168,"544,9101,4798,10326,9942,2291,5495,7445,8562,8675"
11193,11193,"5303,6220,544,8546,5495,12793,13315,9693,9101,4798"
11200,11200,"9942,5495,6220,3428,12470,8562,3950,6659,5184,13110"
11210,11210,"1290,7120,6971,4929,10663,544,9101,4798,10326,1244"
11215,11215,"10326,10594,4798,10916,8562,8421,5199,9942,5495,13249"
11219,11219,"1290,7120,4929,9962,544,9101,1244,10663,4798,3697"
11243,11243,"2140,4798,544,8562,10326,9101,8421,350,9942,4277"
11253,11253,"1290,7120,2989,9101,11298,544,1244,9730,12869,4576"
11261,11261,"6220,8562,5303,2218,3950,3428,9942,5545,13296,3870"
11280,11280,"2343,9693,5532,544,6795,9101,4388,10326,5199,9942"
11285,11285,"1290,7120,1244,11298,9101,9962,10607,544,789,8302"
11309,11309,"3950,8562,6220,6326,3428,810,2140,12665,4798,217"
11312,11312,"9942,6971,9404,5495,3950,8413,2218,1746,8562,544"
11314,11314,"10326,2343,4277,64,350,717,13346,8421,4798,9693"
11325,11325,"4798,10326,8562,544,4277,2343,13346,6433,6220,9693"
11327,11327,"5303,6220,8562,4798,9942,7707,5495,2218,544,10326"
11359,11359,"9942,544,10326,13346,4798,275,6971,6220,12665,8562"
11366,11366,"11554,11484,3464,544,8315,9101,9289,9491,4798,10326"
11368,11368,"11298,1290,7120,9101,1244,2989,7679,12869,9295,9730"
11371,11371,"5495,13346,5199,6326,89,2343,13112,4798,6971,5676"
11376,11376,"544,2218,217,8562,4798,4277,2989,12665,9693,8421"
11377,11377,"4798,10326,8562,5303,6220,6326,4277,13346,12857,8483"
11383,11383,"4798,10326,5303,8562,6971,12665,6220,9942,2140,12857"
11416,11416,"1328,4798,544,10326,9101,1221,7480,9942,5495,12665"
11444,11444,"1290,10326,9101,11298,1244,4277,2989,6220,12665,6971"
11445,11445,"8562,4798,10326,544,4277,217,3950,10916,13249,350"
11448,11448,"9693,544,6795,9101,10326,13346,12665,6220,64,9942"
11469,11469,"6971,10326,9229,544,4798,12451,9101,725,6796,13097"
11487,11487,"544,7120,2343,2989,11298,9101,4929,12665,6971,9693"
11492,11492,"5303,5495,6220,4798,8562,2343,275,9942,5532,544"
11503,11503,"544,10326,10453,4798,6220,1404,2343,9693,5303,350"
11504,11504,"6270,2903,4798,544,9275,1943,9101,10326,5495,9942"
11515,11515,"8562,13346,3950,10326,6220,4798,9942,4277,217,2218"
11547,11547,"10326,12665,4798,13346,6971,544,9693,6220,6326,9942"
11552,11552,"10326,2343,4798,6220,544,3950,12665,9693,8562,13346"
11567,11567,"10326,4798,8562,6220,9942,13346,4277,3950,12857,12665"
11581,11581,"544,10326,9942,4798,5303,6220,6971,12665,275,8562"
11589,11589,"11298,1290,7120,2989,1244,12869,9101,9730,11024,789"
11591,11591,"12665,11298,9942,9101,4654,7679,89,544,1290,2989"
11595,11595,"1290,7120,11298,9295,9962,1244,9101,544,5135,4798"
11604,11604,"4798,544,10326,6220,1290,7120,6971,2218,275,4277"
11608,11608,"10326,8562,12665,6220,4798,544,5303,13346,3950,2218"
11627,11627,"13346,3950,8562,2218,6220,5303,4798,9942,3055,8421"
11646,11646,"8562,5495,12665,6220,3428,3950,8413,4798,8188,5545"
11647,11647,"4798,5303,10326,6971,6220,8483,4277,275,10916,11000"
11675,11675,"5303,3950,10326,2140,4798,5495,13408,2343,544,9693"
11676,11676,"1290,7120,11298,1244,9101,544,6971,4929,9962,12869"
11696,11696,"10326,5495,4798,544,13408,9101,9942,8562,12665,13214"
11700,11700,"8562,10326,544,9101,4798,7332,9942,7772,10868,5495"
11722,11722,"1290,7120,6971,1244,9295,544,4929,11298,4798,5303"
11754,11754,"3950,6220,7679,544,12665,12857,2989,9942,3428,5303"
11757,11757,"13408,2343,9693,1220,13346,10326,5495,12665,89,6971"
11767,11767,"12665,9942,544,12757,4798,5495,9101,8562,10326,8235"
11773,11773,"8562,10326,4798,6220,5303,3950,9942,8421,12857,1328"
11777,11777,"9942,4798,3950,6220,8562,13346,13110,5545,3428,6326"
11778,11778,"9101,1290,7120,1244,11298,7669,12869,544,9730,9330"
11788,11788,"1290,7120,11298,9730,9101,2989,544,9962,10607,3697"
11790,11790,"1290,7120,10326,4929,9101,10663,1244,544,4798,9962"
11811,11811,"1290,7120,1244,11298,9101,4929,9730,10663,4576,544"
11837,11837,"1290,7120,1244,11298,9101,4929,544,4664,9962,2989"
11859,11859,"13346,8413,4798,12665,10326,64,2218,544,9101,9942"
11865,11865,"544,10429,5495,9101,4798,10326,8562,2343,9693,7725"
11867,11867,"8562,4798,3950,5495,6220,275,5676,1323,5303,6326"
11871,11871,"544,2218,5303,1290,7120,9730,11298,6971,9942,13408"
11879,11879,"7120,1244,11298,9101,10663,4576,9730,10607,544,9962"
11880,11880,"10326,4798,4277,8562,5303,10594,8421,717,6326,8483"
11908,11908,"5303,5495,4798,2140,10326,2343,6971,9693,5199,5532"
11912,11912,"275,4798,6971,5303,2218,8205,10326,2140,544,9101"
11925,11925,"10326,13346,717,4277,64,3950,2343,4798,8421,9693"
11933,11933,"8413,6220,8562,1862,5676,8681,5545,8188,7707,3428"
11945,11945,"10429,544,1863,9101,4798,5976,9942,10326,589,8562"
11948,11948,"8562,4798,3950,13346,13249,5461,10326,5495,544,9101"
11952,11952,"5303,10326,8421,4798,544,12857,9101,9340,9942,10608"
11957,11957,"4798,544,9295,9101,4469,8302,10326,5610,1290,9942"
11959,11959,"4798,10326,9942,2343,50,3428,8562,12857,64,544"
11967,11967,"2218,6220,8562,8413,12665,5545,3428,9942,4798,3950"
11969,11969,"9101,8562,544,2580,4798,1421,10326,5495,9942,11939"
11970,11970,"8562,6220,3428,2218,5642,12665,13306,5545,9942,13110"
11975,11975,"10326,6220,3950,9942,12665,3428,5545,4798,8562,544"
11995,11995,"8562,3950,6220,9404,9942,12665,10326,5199,4798,1323"
12002,12002,"1290,7120,11298,544,2989,1244,9730,4576,12869,4664"
12022,12022,"1290,7120,12869,11298,9962,9101,1244,789,4664,5135"
12032,12032,"11484,6659,544,9375,9101,5495,4798,10326,1213,9942"
12036,12036,"9101,1290,7120,1244,544,2989,9730,11024,7679,4576"
12066,12066,"4798,9693,2343,4277,12665,13346,544,9455,10326,9093"
12077,12077,"1290,7120,4929,1244,9962,11298,789,9101,9295,3697"
12078,12078,"4798,5303,10326,4277,6971,11000,2140,8483,3950,717"
12084,12084,"4798,10326,6971,8562,12665,5303,275,2140,544,13346"
12089,12089,"8562,10326,5303,6220,8413,3950,5545,4798,1862,544"
12106,12106,"10326,2989,6220,1290,4798,4277,1244,11298,11969,12869"
12107,12107,"12665,8562,8188,3950,4798,13346,8413,10326,544,558"
12111,12111,"4798,12665,13346,10326,3950,275,6971,9942,6220,8562"
12131,12131,"4798,10326,5303,8413,275,2140,2218,8562,12857,9942"
12139,12139,"4798,9693,13346,8562,10326,2537,544,6971,9942,6795"
12141,12141,"6220,2218,8188,6659,13346,544,9693,64,9101,5495"
12144,12144,"1290,1244,11298,7120,9101,544,12869,2989,5135,9942"
12150,12150,"6220,8562,9942,8413,4798,3950,5303,6659,2218,10326"
12151,12151,"10326,12665,544,4798,6220,4277,217,717,9455,9101"
12162,12162,"3950,5495,4798,544,5461,9182,9101,3525,997,10326"
12170,12170,"11554,9101,4163,1371,4940,544,12869,11298,4798,10326"
12182,12182,"1290,544,7120,5495,9693,5199,2903,2343,13408,5532"
12185,12185,"10326,5495,6220,4798,5303,8562,13346,8483,217,13249"
12191,12191,"10326,5495,4798,5303,6433,10594,12857,6220,2218,8562"
12197,12197,"2343,9693,544,6971,5532,1244,6795,9101,9942,1290"
12204,12204,"11298,1290,9101,2989,9730,7120,9295,4576,7342,11024"
12229,12229,"544,9693,2343,6220,9942,8562,13346,4798,10326,6795"
12231,12231,"544,1290,7120,11298,9101,2989,1244,9730,4576,5303"
12234,12234,"6220,8562,544,9101,5976,4798,5495,1863,10326,9942"
12238,12238,"10326,4798,5303,6971,13346,8562,6220,5495,12665,544"
12242,12242,"217,8562,4798,3950,5303,12857,717,8413,13346,10326"
12260,12260,"10326,8562,13346,12857,10916,13249,6220,4277,8421,217"
12262,12262,"5495,5199,9693,5532,2343,8562,13346,2903,12470,9942"
12281,12281,"5495,8562,10326,4798,5303,6220,2218,13346,8483,3950"
12289,12289,"9693,544,10326,6795,64,9942,2537,4798,5532,8562"
12306,12306,"8562,3950,4798,6971,10326,6220,10916,12857,2140,9942"
12326,12326,"4798,10326,5303,544,5495,9101,9942,3950,7824,10506"
12337,12337,"4798,2343,3950,8562,9693,13346,12665,2140,6220,10326"
12355,12355,"544,1290,7120,9101,2989,11298,1244,7679,9693,4929"
12371,12371,"4798,3950,10326,2218,2343,13346,6220,9942,3870,1323"
12372,12372,"12665,5875,544,8235,9101,4798,10326,12662,7024,9942"
12373,12373,"4798,10326,4277,12857,1328,8421,350,5303,8562,2158"
12390,12390,"7120,4929,544,10663,9101,2916,1244,4798,10326,5495"
12405,12405,"9693,2343,544,10326,5495,9101,6795,5532,5199,4798"
12407,12407,"1290,7120,9101,544,7637,8703,4798,9942,10326,1244"
12408,12408,"9942,5495,5676,6220,5461,544,12470,5545,13306,8413"
12419,12419,"11484,8590,10326,275,4798,544,6971,9101,5495,5676"
12423,12423,"4798,544,9101,5495,10326,9942,8562,2273,12111,12665"
12426,12426,"7120,9101,11298,544,1244,9730,2989,6971,4929,12869"
12452,12452,"10326,4798,6659,8421,8590,8562,13346,13249,544,9101"
12480,12480,"544,7679,9101,11298,2989,1290,1244,12869,4664,11918"
12530,12530,"5303,4798,9942,5495,544,8562,10326,9101,12665,7637"
12546,12546,"4798,6971,2343,10326,9693,544,5303,9101,8562,13346"
12556,12556,"1290,7120,1244,2989,9101,9730,4929,544,7679,4576"
12573,12573,"8413,5303,2218,3428,5545,6220,9942,5495,5676,544"
12592,12592,"10326,4798,8562,13346,6220,9693,9942,3950,3428,544"
12596,12596,"10326,8562,13346,3950,4277,4798,12857,6220,8483,10916"
12599,12599,"1290,11298,7120,1244,9101,544,9295,2989,10607,11024"
12615,12615,"544,9101,11298,1244,7679,1779,2989,3464,4163,11024"
12618,12618,"544,9942,3950,8562,3428,5676,12665,13306,6659,13110"
12624,12624,"4798,10326,12665,8562,13346,6220,4277,3950,6971,5303"
12638,12638,"9693,2343,861,3127,9404,10835,6220,12665,5199,3055"
12641,12641,"5495,10326,544,5199,5461,5532,6971,2343,2411,12665"
12644,12644,"1290,7120,9101,544,2989,4929,4277,2343,10326,10568"
12649,12649,"1290,7120,10326,4798,6971,544,9101,8562,8703,9942"
12654,12654,"5495,8413,2218,50,3428,10326,544,275,12136,4798"
12658,12658,"2218,10326,4798,9072,6433,6220,8562,5461,13249,217"
12659,12659,"544,7120,10326,9101,4798,4277,1244,11298,12665,89"
12666,12666,"9693,13346,8562,4798,3428,4277,6795,10326,544,64"
12669,12669,"9942,12665,544,2903,6659,9101,4798,6588,13315,12507"
12674,12674,"10326,8413,2218,3950,6220,5303,2140,12665,3870,13346"
12688,12688,"544,10326,4798,9101,5495,8562,9942,12665,1377,11298"
12694,12694,"8413,6220,9942,3428,8562,544,5545,2218,6659,5495"
12709,12709,"10326,5303,4798,13346,4277,8562,275,12857,6433,8421"
12712,12712,"5875,1290,7024,544,9101,12662,11298,8235,4798,12665"
12722,12722,"12869,1290,7679,11298,9101,11554,7120,2989,9330,8978"
12728,12728,"2218,5495,8188,8562,544,9101,8981,4798,10326,9942"
12732,12732,"2343,9693,5532,544,4798,9101,10835,5199,3909,10326"
12736,12736,"10326,8562,4798,4277,10594,10916,6433,350,2140,50"
12738,12738,"10326,4798,8562,3950,4277,6220,12665,13346,10916,6326"
12741,12741,"9942,10326,3428,8562,2218,12470,3950,4798,5495,4277"
12756,12756,"12470,13408,2218,4798,9942,8413,4895,544,10326,9101"
12764,12764,"6220,4798,2343,10326,275,544,6971,12665,2218,8562"
12768,12768,"12665,4798,6971,2343,9693,5495,13408,3950,9942,89"
12773,12773,"8562,4798,12857,275,2218,5303,6971,6326,8205,10326"
12789,12789,"4798,10326,8562,13346,4277,8421,5495,12665,5303,10916"
12790,12790,"1290,11298,9101,4929,13408,544,9295,4576,10663,2218"
12801,12801,"5495,1862,12470,5303,5532,13112,1286,9519,12668,544"
12804,12804,"1290,1244,4929,12869,10663,11298,9101,9295,9962,3697"
12833,12833,"6220,8562,5303,3950,9942,3428,13346,8483,2218,10326"
12846,12846,"4798,3950,10326,13346,5676,5495,12857,10916,5303,13249"
12855,12855,"2343,8562,10326,9693,4798,5495,544,3428,9101,534"
12860,12860,"8562,3950,5303,6971,9942,2218,2140,8590,10568,4798"
12874,12874,"10326,4798,8562,12665,10916,13346,3950,6220,9942,6326"
12875,12875,"5495,8562,13346,3950,5461,5199,10326,4798,544,2905"
12877,12877,"2218,6659,8188,5545,6220,1286,1863,544,9942,9101"
12883,12883,"5495,12470,8413,5303,2218,12668,9942,5545,3950,544"
12890,12890,"4798,8703,544,9101,7637,10326,9942,5495,9668,12665"
12919,12919,"1290,7120,4929,1244,9295,10663,11298,9101,544,12497"
12927,12927,"1290,6220,5495,9101,544,1863,13296,7120,10429,8562"
12955,12955,"5495,6971,8562,12470,9178,3950,5199,10326,4798,1862"
12956,12956,"544,4798,5495,9101,10326,844,8562,9942,7715,1583"
12958,12958,"9942,10326,4798,275,544,9101,9771,2140,5495,13408"
12965,12965,"217,544,12470,350,12857,1404,5495,10568,8562,3950"
12970,12970,"6220,8562,3950,3428,2218,5303,10326,13249,5545,13110"
12996,12996,"9693,2343,6795,6971,5199,2537,13346,544,9942,6834"
13000,13000,"8562,6220,3950,9942,8413,4798,13346,3428,2218,12665"
13017,13017,"544,2989,11298,9101,1290,7679,9730,4576,11024,1244"
13019,13019,"10326,8562,4277,6971,12857,3950,8483,6433,5303,10916"
13021,13021,"8562,8413,7707,12665,544,10916,4798,10326,13346,12606"
13022,13022,"10326,8562,6220,544,2218,4798,2140,4277,10594,5495"
13063,13063,"8413,5303,4798,6220,13346,9942,2218,1862,8562,8188"
13075,13075,"544,4798,12869,9942,9101,10326,275,2291,11298,8562"
13076,13076,"3950,13346,6220,9942,10326,4798,2343,2218,8562,5495"
13101,13101,"4798,5495,10326,3950,6971,12665,5461,2140,9942,13346"
13105,13105,"1290,7120,11298,9730,9101,12869,1244,544,4576,4664"
13115,13115,"10326,12665,9942,544,6971,5303,2989,13346,89,6220"
13117,13117,"1290,6220,4798,5303,9519,7120,544,5495,10326,12470"
13121,13121,"3950,10326,4798,5303,8562,8413,9942,544,5642,9101"
13123,13123,"544,1290,9101,2343,11298,7120,2989,1244,9942,12665"
13125,13125,"4798,8413,8562,10326,12857,50,6220,12665,9942,544"
13147,13147,"10326,4798,8562,3950,217,6433,13346,8483,12665,6326"
13151,13151,"8562,5303,4798,12470,5495,13375,2218,3950,6220,12665"
13153,13153,"10326,4798,4277,8562,13346,6433,5303,3950,544,10916"
13176,13176,"1290,544,11298,12869,1244,7120,7679,4576,10326,2989"
13180,13180,"8562,9942,6220,3428,4798,2218,5495,8413,544,50"
13192,13192,"9942,10326,8562,5495,3870,6659,3428,4798,4323,12470"
13194,13194,"3950,4602,12665,9942,544,9101,8235,4798,5875,931"
13195,13195,"5303,4798,8562,12665,6326,10326,4277,2218,5495,1978"
13198,13198,"5303,10568,10326,4277,4798,12857,8483,810,10594,350"
13231,13231,"3950,6971,8413,13346,9942,5303,8562,4798,2140,2218"
13234,13234,"1290,7120,4929,9962,1244,789,10663,3697,9101,9295"
13240,13240,"7120,11298,9101,544,4798,2989,9730,12869,10326,12665"
13273,13273,"3950,5303,2218,12665,6220,10326,9942,5495,13346,8413"
13276,13276,"3950,8562,9942,13346,3428,6220,5495,2218,1323,2580"
13283,13283,"10326,8421,4798,717,10594,2140,8161,544,9340,9101"
13297,13297,"13346,8562,12665,4798,8483,10326,1286,8413,5875,544"
13301,13301,"8413,13346,4798,6220,8562,12665,1747,1290,5495,5303"
13303,13303,"5495,4798,8483,12665,12857,8562,5303,10326,3950,13346"
13321,13321,"1290,7120,11298,9295,9730,1244,9101,2989,544,9962"
13330,13330,"1863,544,4798,9101,10326,8703,9942,1290,5495,2855"
13338,13338,"11298,1290,7120,9295,1244,9101,9962,3464,9730,789"
13380,13380,"10326,2218,4798,5303,275,6971,2140,8562,9942,3950"
13389,13389,"1290,7120,4929,1244,10663,11298,9101,544,2916,2989"
13390,13390,"3950,9693,5461,2218,9942,5532,4602,544,9101,4798"
13391,13391,"11298,4798,544,1290,9730,10326,12869,5303,2989,6971"
13401,13401,"10326,8562,4277,3950,13346,12665,217,3428,6220,4798"
13403,13403,"8188,89,6971,10326,4798,544,8590,9101,9942,5303"
13407,13407,"544,10326,1290,4277,350,7120,4798,275,8205,9519"
13413,13413,"217,2140,10594,4798,544,10326,9340,9101,717,7063"
13414,13414,"2989,11298,9730,9101,1290,9295,12869,4545,11024,3464"
13446,13446,"4798,10326,5303,4277,8562,8421,13346,12857,6971,544"
13472,13472,"544,1290,7679,2989,9101,11298,12869,12655,7120,3464"
13488,13488,"4798,8562,13346,5303,3950,6971,12665,10326,5642,6326"
13502,13502,"1290,544,11298,2343,9101,2989,10326,7120,9730,7679"
13507,13507,"1290,11298,7120,9730,2989,9101,544,4576,7679,1244"
13512,13512,"4798,8562,3950,6659,12857,13346,5676,844,13249,10326"
13543,13543,"4798,12665,8562,5303,4277,10916,717,6433,544,8421"
13572,13572,"10326,4798,8562,544,5303,275,6433,6971,6220,217"
13595,13595,"1290,7120,1244,4929,9295,6971,544,4798,9101,10326"
13599,13599,"5495,9942,10326,8562,3428,6220,3950,4798,2343,544"
13608,13608,"9693,8562,544,5303,64,13346,10326,6795,4277,12665"
13609,13609,"350,544,10326,9101,4798,9942,5495,8562,12665,11298"
13630,13630,"4798,3950,9942,12665,10326,2218,6220,2140,1220,8562"
13635,13635,"10326,4798,5303,8421,8562,4277,544,9340,9101,6433"
13645,13645,"4798,3950,8562,6220,8483,9942,8205,10326,12857,3055"
13673,13673,"9693,2343,13346,5199,5532,10326,544,8421,5495,9101"
13683,13683,"9942,6220,4798,10326,5303,544,3950,6971,12665,5495"
13702,13702,"6971,544,2218,8413,12665,9693,9942,2343,7715,4798"
13716,13716,"8562,4798,3950,10326,12665,6220,6971,5303,9942,13346"
13724,13724,"11298,9101,2989,9730,544,1244,12665,12869,12655,11969"
13746,13746,"8562,12665,5303,4798,2343,6220,6971,2218,3950,544"
13752,13752,"9942,8562,5495,544,9101,4798,3950,12665,3870,10326"
13756,13756,"1290,7120,4929,9962,789,5135,9101,544,1244,10663"
13763,13763,"1290,7120,11298,1244,9101,9295,9962,9730,789,5135"
13774,13774,"10326,544,8562,6220,9942,6971,4798,8421,5545,1290"
13776,13776,"1290,7120,9730,11298,1244,9962,9101,12869,544,3539"
13786,13786,"1290,11298,1244,7120,9101,9962,789,5135,544,4798"
13788,13788,"4277,350,1328,9453,9340,544,10326,6643,9101,6305"
13791,13791,"1290,2989,11298,7120,1244,6971,11024,12995,9101,4576"
13810,13810,"8562,10326,8483,12665,6326,9942,6220,3950,13346,5303"
13811,13811,"4798,10326,12857,10916,217,5303,8421,13346,8483,13249"
13820,13820,"9942,11298,2989,11024,8562,1290,5969,3464,7120,9962"
13826,13826,"5495,9730,714,3428,6220,12470,89,13346,3950,1862"
13840,13840,"544,9101,2770,4798,10326,9942,8562,5495,9453,12665"
13841,13841,"8562,217,4277,544,6220,717,13249,2343,6326,13346"
13852,13852,"9942,3950,89,6220,12665,5545,3428,2218,5495,3509"
13858,13858,"4798,544,6971,1290,10326,9942,9101,7637,8562,4698"
13865,13865,"9178,1328,6659,1210,544,9101,4798,10326,4277,8562"
13871,13871,"10326,4277,4798,10594,544,8562,217,10916,2140,717"
13877,13877,"4798,5461,12665,10326,64,6659,2158,6220,2343,544"
13905,13905,"10326,4798,12857,8562,4277,544,8421,3950,12665,5303"
13924,13924,"7120,9101,11298,544,2989,4929,9730,12869,7679,4576"
13929,13929,"10326,4798,5303,4277,544,8562,10916,2140,8421,6433"
13935,13935,"8562,3428,3950,8413,13346,2140,5199,10916,10326,4798"
13952,13952,"1290,7120,11298,1244,9101,12869,4929,2989,544,9730"
13953,13953,"10326,1290,275,6971,6591,4798,9101,544,3950,7120"
13962,13962,"10326,4798,8562,3950,544,4277,10916,13346,717,8421"
13965,13965,"9942,5495,89,6220,8413,12665,7983,544,9101,6659"
13966,13966,"10326,12857,8421,10594,13346,4798,3950,544,9101,8562"
13974,13974,"11298,1290,7120,7679,9101,1244,2989,4576,11024,12869"
13982,13982,"1290,7120,11298,6971,4929,544,9101,11024,1244,89"
13983,13983,"5461,2903,5495,5199,13112,8413,10326,544,9101,5532"
13987,13987,"10326,3950,6220,12665,4798,717,8562,12857,3428,1323"
13988,13988,"1290,7120,544,10326,4798,11298,1244,2989,9730,2343"
13991,13991,"10326,4798,13346,3950,12857,6326,6220,12665,5303,4277"
13995,13995,"3950,13346,8562,5495,5199,6302,1323,2343,9532,12665"
13998,13998,"10326,5303,4798,6971,2140,5495,3950,13346,275,8562"
14021,14021,"6220,3428,13110,5545,8562,13296,13306,544,9693,3950"
14028,14028,"2343,544,4277,9693,5461,6383,5199,6795,10326,9519"
14042,14042,"9942,12665,6220,6659,2218,8562,10326,10453,544,5545"
14049,14049,"544,8703,9101,4798,7637,10326,9942,4205,5495,12665"
14060,14060,"8562,6220,9942,3428,13306,5545,3950,12665,2343,5199"
14061,14061,"8562,8413,3950,13296,544,6220,9101,4798,10326,9984"
14067,14067,"1863,544,9693,10429,9101,5495,4798,2327,10326,9942"
14079,14079,"544,4798,1290,12665,5303,7120,275,9693,6971,6220"
14089,14089,"544,350,4277,217,4798,50,5303,5495,1404,6220"
14097,14097,"4798,10326,5303,275,4277,2218,350,2140,1889,6971"
14105,14105,"7679,3464,7669,9101,11298,2989,12869,9330,4163,8978"
14147,14147,"9942,2140,4798,9693,8562,544,7063,9101,5996,2343"
14155,14155,"4798,8562,3950,8413,2218,9942,6220,13346,10326,6326"
14168,14168,"10326,5303,4798,12857,4277,217,8421,544,5495,2140"
14170,14170,"10326,8562,5303,2343,5495,544,50,5676,6220,9942"
14173,14173,"544,2989,3428,9101,3464,11298,4576,7679,13306,7342"
14174,14174,"8562,10326,6220,12857,6433,3950,2140,13346,9942,10916"
14196,14196,"8562,9693,8413,6220,12665,4798,9942,13346,2343,8205"
14197,14197,"9340,544,5303,9101,10326,9730,4798,11298,4277,5250"
14202,14202,"7120,11298,9101,1244,4929,9962,4576,12665,12869,544"
14204,14204,"544,9101,4798,9306,10326,9942,5495,2300,12665,8703"
14215,14215,"2343,4798,810,6220,544,8483,9693,6795,1574,5532"
14242,14242,"4798,10326,4277,3950,5303,8562,717,8421,810,2140"
14244,14244,"10326,8562,4798,9942,6220,12665,13346,3428,13249,5303"
14249,14249,"1290,7120,4929,3697,9101,544,4798,11298,10326,1244"
14250,14250,"544,9101,4798,10326,9738,3285,5495,9942,12998,8452"
14256,14256,"10326,4798,4277,5303,717,13346,6433,12857,10594,8562"
14258,14258,"7679,4664,9101,1290,7258,11918,9693,4890,8714,9730"
14280,14280,"5303,4798,8562,6302,8205,5199,544,10326,9101,9942"
14318,14318,"544,7120,11298,2989,6971,9101,1244,10326,6220,12665"
14325,14325,"10326,1328,8562,8421,350,6659,544,4277,9101,9942"
14328,14328,"1290,10326,4798,6971,8590,8562,544,4929,4277,5303"
14329,14329,"13346,9942,3870,8681,8333,3950,3428,8562,544,4798"
14344,14344,"8562,10326,6971,4798,5303,5495,8413,3950,12857,5199"
14366,14366,"1290,7120,4929,10663,6971,544,9101,4798,1244,10326"
14421,14421,"1290,7120,3464,11298,9962,1244,9295,9101,5135,7679"
14430,14430,"10326,4798,4277,2343,717,5303,6220,8421,217,8562"
14435,14435,"275,9942,8413,544,4413,9101,3428,4798,8562,5495"
14472,14472,"2218,4798,10326,275,6220,5199,1290,3950,5495,544"
14501,14501,"6220,12857,12665,4798,2218,5303,6971,8562,10326,9942"
14509,14509,"4798,6971,13346,275,10326,12665,5303,3950,8483,8235"
14516,14516,"8562,4798,6220,2218,8413,275,9942,5303,10326,8188"
14521,14521,"10326,4798,3950,5495,5303,8562,6220,2218,12665,4277"
14553,14553,"5303,5495,544,4798,10326,9942,8562,9101,1487,5149"
14561,14561,"12665,6220,9942,3950,13346,8562,544,10326,89,5545"
14562,14562,"5495,9942,5303,13346,12470,6971,5676,4798,6220,2218"
14567,14567,"5461,2140,4798,9942,1220,2343,6220,544,9101,10326"
14575,14575,"1290,7120,544,11298,9962,9846,10326,9519,4453,4798"
14581,14581,"544,2343,13346,9693,275,5199,5303,6971,5532,4277"
14627,14627,"6971,1290,89,7120,4798,544,12665,9101,9942,10326"
14634,14634,"9942,6220,3428,3950,12665,5184,13110,8562,7359,544"
14651,14651,"5303,4798,10326,5495,12857,275,13346,10916,544,9101"
14659,14659,"4798,5199,10326,5999,544,5495,5532,8562,9101,6971"
14670,14670,"10326,4798,12665,4277,5495,8483,9455,8421,544,9404"
14684,14684,"8562,6220,544,2218,12665,10429,4798,13346,5485,9942"
14691,14691,"4798,8413,9730,275,1290,544,10326,8922,9101,9942"
14695,14695,"1290,7120,2218,12665,275,8413,89,9942,544,4798"
14705,14705,"10326,8562,4277,4798,1328,217,12665,12857,3950,350"
14711,14711,"1290,7120,4929,544,10326,4277,10663,8562,4798,9101"
14723,14723,"4798,3950,10326,12857,13346,8562,6971,9942,544,12035"
14739,14739,"11298,9730,1290,7120,1244,9101,2989,9295,10389,12869"
14740,14740,"10326,4798,8562,5303,6971,275,544,12857,2140,6433"
14743,14743,"5495,5303,12668,5199,3950,10326,4798,12470,5532,1355"
14747,14747,"10326,544,4798,8562,4277,5303,350,13346,3950,1328"
14748,14748,"9942,12665,5676,6220,8681,89,8413,8562,13249,5545"
14764,14764,"1290,4929,7120,13346,8333,6971,4798,544,1007,9101"
14771,14771,"544,5495,9942,6220,12665,9693,12470,2989,11298,9101"
14780,14780,"10326,4798,4277,6220,217,717,12857,8421,8562,5303"
14784,14784,"4798,10326,5303,4277,12857,8421,544,2140,6433,717"
14785,14785,"9942,13110,3428,5495,6220,13306,12470,810,5184,2218"
14798,14798,"2343,9693,5532,9532,6795,1323,13306,9942,12665,10835"
14801,14801,"544,9942,10326,4798,12665,9693,6220,2343,2989,4277"
14803,14803,"4798,10326,5303,4277,6220,544,13346,9942,2140,275"
14821,14821,"4798,10326,5303,275,6971,6326,13249,4277,12857,13346"
14832,14832,"4798,5495,544,8562,2343,5199,9693,6220,6971,10326"
14833,14833,"3950,9942,10326,4798,13346,5303,3428,6220,4277,2218"
14853,14853,"4798,12665,6971,8562,7792,544,9942,13346,8590,9101"
14854,14854,"8562,13249,6220,4798,8483,2218,5303,5495,10326,2585"
14856,14856,"544,6220,9942,12665,8562,5303,3428,3950,10326,2218"
14858,14858,"3950,10326,9519,5199,5532,4277,4798,12665,2343,5303"
14864,14864,"544,9101,4798,6724,10326,9942,1784,5495,8984,8562"
14867,14867,"11298,2989,1290,1244,9101,7679,12655,12665,7120,10389"
14880,14880,"7679,11298,544,2989,11918,12665,1244,1779,9101,10389"
14890,14890,"6220,8562,13346,4798,6971,8205,5199,5303,6326,2343"
14892,14892,"10326,9693,544,4798,13346,8562,4277,6220,12665,717"
14899,14899,"11298,1290,12869,9730,1244,7120,9101,11024,7679,9962"
14904,14904,"2343,9693,6795,12665,89,3055,9532,5495,9942,544"
14906,14906,"11298,1290,1244,7120,9295,7679,3464,2989,9101,12869"
14909,14909,"4277,350,9340,544,4694,10326,8483,4798,9101,9942"
14929,14929,"8562,4798,6220,10326,5495,544,3950,5303,5545,9942"
14931,14931,"6220,7707,13296,1863,8562,9942,4798,544,9101,10326"
14938,14938,"4798,10326,8562,3950,13249,6971,12857,10916,12665,8483"
14955,14955,"4798,3950,5303,12665,275,6971,13315,10326,13346,544"
14961,14961,"8562,544,10326,9101,4798,6659,9942,3314,5495,12665"
14969,14969,"11298,1290,9730,7120,9101,9962,2989,12869,11024,7679"
14970,14970,"10326,4798,4277,717,217,6971,2218,6433,544,8421"
14977,14977,"12665,5495,3950,9942,5676,6220,12470,8562,3428,275"
14991,14991,"4798,8562,10326,5303,6220,3950,12665,2218,13346,3870"
14993,14993,"2140,4798,10326,544,9101,8562,2291,176,9306,9942"
15009,15009,"4798,8562,3950,12857,10326,13346,13249,717,8483,8421"
15014,15014,"9101,11298,9693,2989,544,2343,8978,9730,4576,10389"
15028,15028,"7120,11298,1244,9101,4929,9730,9295,2989,12869,10663"
15029,15029,"10326,4798,8562,217,4277,717,13249,8483,10916,13346"
15030,15030,"5495,9942,8562,13346,6220,8413,8681,5545,10326,4798"
15033,15033,"4798,10326,6971,13346,10916,544,2343,8562,5303,12857"
15052,15052,"544,4798,717,5303,8562,6971,6433,350,217,8421"
15062,15062,"4798,10326,13346,810,6326,8562,13249,9942,10916,8421"
15074,15074,"9942,544,8562,6220,1290,9693,2218,2343,5495,5303"
15081,15081,"13346,3950,544,9693,2343,10326,4798,5495,2140,13110"
15082,15082,"544,9101,4798,4029,3563,10326,9942,5495,12665,8562"
15097,15097,"6971,13346,10326,4798,8562,544,275,9942,9101,12758"
15098,15098,"4798,10326,8562,3950,5303,6220,6971,13346,4277,12665"
15107,15107,"1290,7120,4929,1244,11298,9962,10663,9101,789,5135"
15113,15113,"10326,4798,8562,13346,4277,544,350,6220,275,50"
15120,15120,"10326,8562,4798,6220,3950,5303,13346,12665,2218,3428"
15121,15121,"4798,10326,8562,3950,12857,13346,12665,4277,6971,217"
15122,15122,"10326,4798,8562,5303,12857,13346,2218,10916,3950,2140"
15141,15141,"4798,10326,350,5676,6383,4277,9072,217,8562,5303"
15143,15143,"4798,6220,6433,8562,10326,4277,13296,13346,1863,544"
15148,15148,"13346,5495,3950,3428,12665,64,2343,9942,9693,5199"
15164,15164,"9942,10326,9693,6220,2343,12665,11969,8562,5303,13346"
15165,15165,"9942,544,6220,9101,6971,2218,8562,10326,89,3428"
15175,15175,"10326,4798,4277,275,13346,717,8421,8483,10916,5303"
15186,15186,"1290,4929,1244,9295,11298,10663,9101,544,2916,5135"
15189,15189,"10326,544,4798,6220,217,3950,4277,8562,2218,5303"
15200,15200,"10326,4798,6220,8562,4277,544,5303,6971,9942,717"
15204,15204,"10326,8562,4277,6220,13346,9942,4798,2140,10594,8421"
15205,15205,"4798,1290,6220,7120,6971,544,8562,2411,13346,275"
15217,15217,"5303,5199,8590,544,4798,1220,9101,9942,5495,10326"
15240,15240,"2989,1244,12869,7679,11024,9101,8978,9730,4576,12995"
15248,15248,"6220,8562,1290,1863,9942,10429,12665,544,9101,5495"
15253,15253,"4798,8562,10916,10326,2140,5303,12857,4277,544,9101"
15256,15256,"4277,10326,13346,3950,4798,350,544,6433,2140,1978"
15260,15260,"10326,5303,8562,4798,544,3950,2343,13346,717,4277"
15265,15265,"5495,12470,13110,12092,5199,544,9101,9942,4798,10326"
15274,15274,"544,9101,10326,4798,13130,9942,3314,5495,10594,12665"
15275,15275,"4798,6971,12665,2140,10326,5303,544,9942,9101,5495"
15282,15282,"4798,10326,5303,2140,8205,8483,8562,544,13346,9101"
15294,15294,"2343,6795,64,9693,5532,13346,2903,5199,5495,10326"
15304,15304,"1290,11298,1244,7120,9101,9962,9730,9295,789,10607"
15330,15330,"544,9693,10326,2343,11298,9101,6220,12655,11969,2989"
15331,15331,"12665,8562,13346,6220,4798,3950,13296,3055,13110,64"
15332,15332,"1244,2989,10389,11298,7120,2874,7679,544,9101,1290"
15339,15339,"6220,544,9942,5545,1863,10429,8562,9101,7707,5495"
15387,15387,"544,6220,8562,1863,9101,9693,10429,12665,7707,5495"
15391,15391,"544,10326,12665,6220,4277,275,8562,4798,3428,2218"
15396,15396,"13346,4798,10326,8562,6326,12665,6220,6971,3870,5303"
15397,15397,"6971,2218,64,9942,8562,3870,5495,5545,544,13346"
15421,15421,"4798,2343,9693,544,9101,10326,9306,2899,12665,9942"
15427,15427,"1290,7120,11298,7679,9730,1244,4929,9295,544,9101"
15434,15434,"544,1290,7120,2989,1244,11298,6220,4576,9693,10429"
15441,15441,"10326,5495,275,9942,12665,4798,2218,8562,5303,2343"
15444,15444,"6971,5303,2218,275,6220,10326,5495,12665,89,8413"
15457,15457,"4798,8562,6220,3950,5303,10326,9942,13346,8483,13249"
15466,15466,"8562,10326,217,13249,717,3950,11000,4798,13346,4277"
15475,15475,"4798,8413,12857,13249,5676,3950,8483,275,6326,10326"
15483,15483,"11298,1290,9101,2989,7679,9295,7669,12665,11024,9730"
15487,15487,"89,12665,4798,8483,544,9101,8235,5875,10326,9942"
15500,15500,"2140,275,4798,544,5495,10326,9101,9942,9771,8562"
15511,15511,"6220,9942,9532,2343,5495,9693,544,12665,4798,9101"
15515,15515,"8562,6220,4798,3950,2218,13346,5545,9942,10326,89"
15519,15519,"4798,8562,6971,12665,13346,275,9942,3055,544,9101"
15534,15534,"9693,2343,8413,9942,5303,544,2537,6834,5545,7792"
15545,15545,"1290,7120,11298,9101,12869,4576,2989,9295,10137,11299"
15553,15553,"9101,9693,7679,9730,12869,2343,11298,2989,8978,11024"
15556,15556,"5495,8413,12470,5303,8562,2218,6220,3950,1862,8483"
15564,15564,"4798,13249,13346,12857,6326,10326,6433,6971,10916,3950"
15567,15567,"1290,7120,11298,1244,7669,9101,12869,4929,9730,7679"
15582,15582,"12857,8562,4798,6326,6433,10326,5642,217,5676,8205"
15585,15585,"10326,4798,4277,5303,8562,12857,717,8421,8483,6433"
15587,15587,"8562,8413,6220,3950,5303,12665,2218,13346,6326,5495"
15589,15589,"5303,6971,10326,8483,4798,4277,2140,8562,5495,11000"
15590,15590,"9693,6795,3428,5495,544,12665,9942,64,2537,5532"
15595,15595,"3055,10326,544,9101,5495,4798,6522,5199,7526,9942"
15611,15611,"1244,11298,9101,9730,9295,2989,2916,9962,544,3697"
15613,15613,"3950,3428,13346,9942,6220,5495,2218,8413,4798,5303"
15632,15632,"10326,12665,8562,5495,13346,5303,275,8483,544,6326"
15633,15633,"10326,544,4798,350,5303,275,4277,50,9072,13249"
15639,15639,"4798,5303,8483,6971,3950,2140,5495,2218,10326,13346"
15648,15648,"4798,10326,217,4277,717,12857,8562,6971,544,10916"
15652,15652,"4798,275,350,10326,4277,6383,9340,8483,8421,8205"
15683,15683,"9942,6220,3428,2218,5545,13296,5495,8188,8562,544"
15688,15688,"9942,8562,6220,5495,5676,12665,5545,2218,3428,12470"
15703,15703,"9942,8413,3950,13346,5676,4413,4798,544,8562,9101"
15708,15708,"3950,2218,544,6971,4213,9101,4798,8413,10326,2724"
15714,15714,"10326,4798,544,8562,3950,217,12857,13249,10916,717"
15719,15719,"4798,4277,10326,8562,12857,10594,6433,350,10916,13346"
15727,15727,"8413,8562,1230,12665,4798,544,10326,9101,9942,6971"
15728,15728,"1290,7120,4929,10663,12030,544,5573,9101,4798,10326"
15735,15735,"4798,10326,275,5303,8562,4277,8483,8421,11969,2140"
15736,15736,"5495,4798,9942,8562,3950,4277,6220,13346,31,5199"
15739,15739,"7120,1290,2989,9295,8978,3464,9730,1244,9101,12869"
15742,15742,"3950,12665,8562,6220,10326,9942,4798,89,5303,2218"
15764,15764,"350,9178,3428,12226,544,4798,9101,1978,9942,10326"
15773,15773,"4798,10326,13346,12857,5495,13249,8562,10916,2140,3950"
15774,15774,"1290,7669,7120,11298,12869,2989,6591,9295,9101,7679"
15786,15786,"11298,1290,9101,7120,544,9730,12995,11024,4576,10137"
15789,15789,"4277,10326,217,350,8421,12857,9105,8483,6433,13346"
15796,15796,"9942,9693,2343,6220,10326,3428,5303,5495,544,4798"
15800,15800,"5495,12470,8562,2218,12099,12668,10077,4798,8483,5303"
15802,15802,"1290,7120,11298,1244,544,9101,9730,2343,9295,9693"
15812,15812,"10326,4798,5303,8562,544,4277,350,217,2140,8421"
15815,15815,"3870,544,8503,9101,5303,4798,10154,10326,11320,9942"
15828,15828,"8562,10326,6220,12665,13346,9942,4277,13249,3950,8483"
15831,15831,"11298,1244,4664,7679,7120,1290,1779,9101,7265,544"
15840,15840,"10326,4277,350,717,275,9340,544,10594,217,12404"
15845,15845,"4798,8562,13346,10326,12857,3950,6326,9942,8413,3870"
15847,15847,"2218,5461,6220,8413,13346,544,9101,4798,3428,10326"
15856,15856,"4798,10326,8562,12857,13346,6971,10916,4277,8421,5303"
15861,15861,"1290,12869,11298,7120,4163,9101,1244,9962,2957,9730"
15862,15862,"1290,7120,11298,544,1244,9101,4929,9962,7679,2989"
15871,15871,"5495,2218,8413,12470,8562,8188,5184,7707,544,5545"
15872,15872,"8562,3950,13346,8413,5495,4277,4798,10326,3055,8421"
15883,15883,"1290,7120,11298,9295,9101,544,2989,9730,1244,4929"
15886,15886,"544,2343,1863,6220,8562,9101,5495,10429,8188,4798"
15888,15888,"9942,544,12665,6220,3950,5303,2343,10326,3428,6971"
15898,15898,"4798,10326,4277,6220,8421,2218,13346,12857,3950,8562"
15919,15919,"4798,10326,50,64,6326,6795,12665,4416,5495,8562"
15922,15922,"1290,7120,11298,9295,4929,1244,3697,9101,5135,9730"
15931,15931,"544,9693,1290,7120,9101,11315,4798,10326,5251,1244"
15941,15941,"8562,6220,9942,3950,8188,2218,12665,13315,7707,544"
15943,15943,"4798,10326,10594,12857,5303,8421,8205,8161,10916,544"
15956,15956,"10326,4798,8562,6220,3950,6971,5303,12665,275,13315"
15958,15958,"1290,7120,544,6220,4798,6971,5303,89,275,2218"
15960,15960,"2343,5303,6220,8413,13346,810,4798,50,2140,10568"
15973,15973,"11298,3222,9101,4890,5979,7605,2989,4545,544,4798"
15977,15977,"1290,7120,11298,1244,9101,4929,9962,2989,789,10607"
15994,15994,"8562,89,13110,7359,9942,4413,12665,861,6220,544"
15995,15995,"1290,7120,1244,6971,11298,9730,9101,4929,544,9962"
15996,15996,"6220,3950,13346,9942,5545,10326,4798,8562,5495,13296"
15999,15999,"8562,6220,3950,2140,4798,13249,3428,2580,8483,5303"
16060,16060,"1290,4798,7120,10326,6971,544,5303,12665,4929,13346"
16069,16069,"4798,3428,8483,3950,10326,13249,4277,2218,1978,717"
16076,16076,"9101,2989,11298,1290,544,7120,1244,9730,12869,4576"
16085,16085,"544,8562,5495,10326,9101,4798,12191,9942,12665,11298"
16089,16089,"8562,544,2140,4798,9101,8922,8703,6971,10326,9942"
16097,16097,"10326,4798,544,4277,8562,5303,217,13346,350,10594"
16112,16112,"13315,13110,217,5495,4798,9942,544,6326,9101,13346"
16116,16116,"4798,5303,10916,12857,8421,6971,10326,544,8562,9101"
16137,16137,"275,4277,5303,8483,350,10326,4798,217,544,10077"
16150,16150,"717,1328,217,10326,3950,8421,13346,4798,8562,8483"
16174,16174,"3428,9942,3950,13110,12665,4413,8562,544,3870,9101"
16176,16176,"3950,8413,8562,6971,9101,544,2903,5078,2343,9532"
16210,16210,"1290,7120,4929,1244,11298,6971,9962,10663,9101,544"
16212,16212,"10326,4798,12665,8562,13346,3950,6220,217,4277,5303"
16230,16230,"10326,8562,4798,5303,6220,3950,5495,13346,4277,2218"
16245,16245,"544,10326,4277,717,217,1328,8562,13346,4798,350"
16293,16293,"8562,3950,4798,6220,13346,13249,12857,10326,2218,5303"
16299,16299,"1290,7120,11298,9295,1244,9101,9962,1779,544,7679"
16300,16300,"10429,1863,544,9101,4798,9942,10326,8562,589,7706"
16303,16303,"8562,2218,3950,2140,10326,12857,10916,4798,4277,544"
16305,16305,"1290,7120,11298,12869,9101,89,4576,6971,9295,2989"
16314,16314,"4798,10326,8562,4277,12857,6433,544,5303,6971,6326"
16328,16328,"12857,4798,13346,10326,11540,544,5495,2140,9101,652"
16340,16340,"1290,7120,11298,9101,544,1244,9962,2989,12869,4929"
16351,16351,"9942,10326,1328,544,8681,10869,4277,9178,6659,5495"
16363,16363,"4798,2343,10326,9693,9942,8562,11969,6220,5495,275"
16376,16376,"4798,5303,6971,10326,8413,2140,7063,6433,544,8562"
16387,16387,"12857,4798,6433,8421,10916,6326,10326,13249,9404,2140"
16395,16395,"4798,8562,6220,544,3950,10326,810,5545,1978,9942"
16414,16414,"12665,5303,6971,8562,810,7707,4798,3870,8413,5495"
16416,16416,"8413,5495,544,7715,9101,4798,8562,10326,9454,9942"
16418,16418,"6971,5303,89,6220,2218,8205,10326,12665,5495,1286"
16471,16471,"2989,1290,11298,7120,9101,1244,12655,9730,4576,12869"
16489,16489,"8562,4798,10326,8413,12857,3950,2218,9942,12665,6220"
16497,16497,"2343,9693,9942,6795,5199,544,12665,5495,5532,12470"
16509,16509,"5303,2218,2140,544,8590,6971,9942,8562,8421,1978"
16510,16510,"9942,3950,13346,8562,2218,5303,6220,12665,544,12857"
16521,16521,"11298,1290,1244,7120,9730,11024,4664,2989,9101,10389"
16524,16524,"544,9101,4798,10326,9942,5495,12665,12824,8562,10352"
16582,16582,"5303,13408,544,9942,3275,7136,9101,4798,5495,10326"
16592,16592,"2343,1290,9693,8562,544,6971,6220,10326,9942,5303"
16604,16604,"1290,11298,7120,9101,12655,7679,9730,2989,11969,1244"
16605,16605,"9101,11298,1290,7120,1244,12869,9730,544,8978,4576"
16617,16617,"11298,9101,1290,2989,7679,7120,11024,9730,12869,544"
16622,16622,"11298,2989,9101,1290,12869,1244,7679,7120,4576,11024"
16624,16624,"3428,6220,8562,4798,2140,9942,3950,544,9101,10326"
16628,16628,"3950,11484,2903,4798,8562,544,5303,11406,9101,13346"
16633,16633,"1290,7120,1244,4929,6971,544,11298,2989,9101,4798"
16646,16646,"5495,544,7707,10429,9942,8562,9101,10326,4798,9083"
16651,16651,"10326,4798,5495,8562,6433,12857,50,9942,8421,3428"
16654,16654,"4798,10326,13346,6971,5495,8562,8483,8413,6326,8421"
16673,16673,"8562,4798,2218,9942,5303,3950,6220,10326,13346,2140"
16675,16675,"4798,10326,13346,6220,8562,9942,3950,6326,12857,4277"
16677,16677,"6971,9693,8562,2218,9942,5303,2140,8205,2343,13315"
16679,16679,"8413,6971,4798,275,1889,5303,8562,3416,13375,11540"
16686,16686,"1290,11298,7120,1244,9730,9101,9962,544,1779,9295"
16695,16695,"4798,10326,3950,4277,5303,12857,8562,8421,2140,10594"
16704,16704,"3428,217,6220,13346,8562,8413,5495,5676,12153,9942"
16709,16709,"9942,6220,12665,13346,5495,1220,5545,2218,3950,9693"
16773,16773,"4798,10326,12857,6433,8562,8483,6326,3950,5303,717"
16774,16774,"10326,8562,3950,4798,4277,1889,12857,2218,13346,8421"
16797,16797,"9942,6220,3950,3428,8562,13346,13110,12665,544,13306"
16803,16803,"2140,8562,10326,4798,7063,544,9101,9942,6751,12665"
16804,16804,"4798,10326,13346,4277,10916,12857,5303,6433,3950,6326"
16806,16806,"8562,6220,9942,5495,544,5303,2343,4798,3428,2218"
16810,16810,"3950,9942,3428,8413,13346,12934,714,6220,9404,8562"
16836,16836,"6433,350,4277,544,2140,1978,10326,9101,11969,4798"
16844,16844,"5495,2343,13306,544,9693,9101,10326,4798,4266,12470"
16861,16861,"1244,1290,11298,7120,12869,9101,4163,9962,2957,544"
16875,16875,"4798,10326,5303,6971,8562,2218,13346,3950,2140,6326"
16936,16936,"4798,10326,13346,3950,12857,8562,12665,4277,10916,6971"
16946,16946,"10326,4798,217,3950,13346,5303,8562,12857,9942,717"
16965,16965,"4798,10326,5303,6220,3950,13346,12665,275,9942,2140"
16987,16987,"10326,4798,5303,8562,6971,2140,8205,8421,6220,6433"
16988,16988,"6971,4798,89,5875,3055,12665,2343,544,9942,8562"
16989,16989,"8562,10326,9942,3950,6220,4798,12665,13346,5303,2218"
17007,17007,"10326,275,4798,9942,8413,6971,544,9101,9602,13346"
17016,17016,"10326,4798,3950,6220,13346,9942,8562,5461,8590,4277"
17030,17030,"2140,10326,4798,8562,5303,275,3950,544,9101,9942"
17034,17034,"4798,10326,13346,8562,3950,8483,10916,4277,6433,6326"
17054,17054,"12857,5303,13346,4798,2140,544,11000,10326,13402,3799"
17056,17056,"12857,1328,10326,4798,350,13346,8421,544,8562,9101"
17084,17084,"5495,10326,5303,12665,8562,4798,8413,544,2218,3950"
17098,17098,"544,5495,5303,10326,9101,12470,4277,275,12665,2343"
17102,17102,"4798,5303,6971,13346,10326,2140,3950,2218,5199,12404"
17109,17109,"810,3950,11572,544,9101,4416,4798,10326,1788,9942"
17112,17112,"4798,544,10326,6220,1290,6971,2218,7120,275,4277"
17119,17119,"4798,10326,6971,5303,9942,2140,2218,10453,6326,9101"
17124,17124,"6220,5303,9942,2218,8562,10326,12665,13346,5495,8413"
17141,17141,"10326,6971,4798,544,5495,5303,2343,13346,9693,6220"
17160,17160,"7669,12665,7679,8483,12869,9101,544,217,13408,4163"
17179,17179,"6220,13346,8413,8562,2218,4798,8483,3950,3428,5303"
17189,17189,"4277,217,6433,717,4798,8421,350,10326,544,10594"
17191,17191,"5495,8562,6220,8981,5303,4798,544,10326,9101,9942"
17194,17194,"8562,5495,12857,2140,4798,3950,10326,8421,1328,9942"
17195,17195,"5199,5495,5532,2903,544,9942,2218,9101,5461,10326"
17200,17200,"1290,7120,11298,9101,2989,1244,544,4576,7679,10389"
17212,17212,"6220,3428,6971,10326,13110,13306,8562,3950,12665,9404"
17218,17218,"9693,2343,10326,5495,6220,5199,6795,3950,544,9532"
17232,17232,"8562,217,3950,8413,12857,6326,50,4798,8421,717"
17242,17242,"4798,10326,8562,4277,275,12857,13346,544,717,217"
17255,17255,"9942,8562,8413,3428,3950,6220,4798,13346,4413,544"
17262,17262,"11298,1290,1244,7120,9101,7679,2989,9730,12869,10607"
17275,17275,"8562,6220,9942,12665,3428,3950,5545,8681,13110,5495"
17276,17276,"4277,6220,5303,8562,9942,12857,13346,6971,10326,3950"
17278,17278,"544,1863,9101,4798,1290,10326,11298,9942,4250,5495"
17283,17283,"4798,9942,5303,8562,6971,544,6220,2218,1220,10326"
17284,17284,"11000,10326,5495,8483,3282,4798,1978,8421,544,5534"
17295,17295,"544,10326,6220,4277,9942,3428,3950,4798,10077,10453"
17298,17298,"1290,11298,544,2989,9101,7120,1244,4576,7679,12869"
17319,17319,"9942,6220,3428,8562,12665,3950,10326,13306,544,5545"
17320,17320,"544,9101,7679,11298,1290,2989,1244,3148,8978,11918"
17325,17325,"9693,12665,8483,9942,544,10326,13346,8562,89,4798"
17330,17330,"1290,544,9101,1244,5875,4798,10326,8235,7024,9942"
17334,17334,"1290,2989,9101,3704,12869,9730,7120,7679,1244,11024"
17346,17346,"6220,9693,4798,9942,12665,2343,13346,5461,544,4413"
17352,17352,"6971,2218,4798,3950,9404,9693,5532,4277,11000,10326"
17353,17353,"1290,7120,4929,9962,6220,789,544,9101,1244,13309"
17396,17396,"8562,10326,4798,5303,6433,2218,4277,8205,3950,2140"
17408,17408,"4798,4277,6220,3950,217,5303,8483,544,10326,13249"
17414,17414,"8562,6220,3950,12665,5303,10326,5545,6302,9942,4798"
17422,17422,"1244,544,9101,2957,4163,4798,7679,12262,10326,12022"
17424,17424,"10326,4798,8562,4277,6383,5303,2140,8421,3950,5676"
17427,17427,"1290,7120,9962,4929,789,5135,544,9101,4798,10326"
17432,17432,"8562,217,4798,13346,3950,6326,8483,717,10326,8421"
17434,17434,"10326,5303,6971,4798,12665,8562,2343,9404,2140,544"
17439,17439,"8562,9942,3428,3950,5495,6971,5545,13249,12665,6220"
17442,17442,"8562,5495,6220,544,2343,9942,12665,10326,4798,5303"
17449,17449,"4798,13346,8562,3950,10326,9942,12665,6326,8413,11540"
17472,17472,"9693,5199,12665,544,5461,8590,3950,5495,2905,5532"
17509,17509,"11298,9101,544,1244,1290,7120,2989,9295,10389,4576"
17522,17522,"9942,89,3055,4413,4798,544,3870,931,9101,4602"
17527,17527,"4798,5303,2140,12857,10326,1912,544,13315,5495,9101"
17535,17535,"1290,7120,7679,9295,9101,4576,11298,9730,10389,1244"
17540,17540,"8562,4798,5303,6220,2140,3950,10326,8421,13249,6433"
17541,17541,"1290,11298,2989,1244,9101,9730,4929,7679,544,11024"
17551,17551,"10326,4798,5303,8562,6220,11000,2140,4277,31,8421"
17564,17564,"10326,4798,8421,13346,544,6311,9101,8562,9942,10594"
17565,17565,"350,10326,544,4798,9101,5495,9942,12665,8562,11298"
17581,17581,"10326,8562,4277,4798,10916,13346,2218,5303,12857,8483"
17596,17596,"6220,6971,275,10326,89,4277,13346,3950,1290,11000"
17601,17601,"8562,3950,9942,8413,4798,4413,13346,544,7723,9101"
17611,17611,"13346,9942,275,8562,12665,6220,10326,8413,10916,4798"
17612,17612,"10326,217,8562,9942,1355,8421,1323,12665,4277,350"
17620,17620,"12665,8413,5495,8562,8188,5199,6220,89,3950,12470"
17627,17627,"9693,2343,6795,64,5495,1220,5532,13315,2537,544"
17634,17634,"6220,8562,1863,544,8981,9942,9101,5495,4798,9083"
17649,17649,"8562,544,10326,4798,6220,4277,3428,5303,13346,3950"
17654,17654,"8562,3950,13346,12665,9942,2343,7707,8092,6220,544"
17659,17659,"8562,4798,10326,544,9101,12665,9942,5495,7637,1863"
17666,17666,"1290,7120,544,3950,6220,12665,4929,4798,9942,4576"
17674,17674,"4798,11000,10326,8421,5495,717,851,544,9101,560"
17684,17684,"544,10326,4798,350,4277,1328,13375,652,8421,10077"
17708,17708,"5303,10326,2218,12857,8562,4798,8205,2140,6433,3507"
17709,17709,"12665,8483,6220,3950,10326,3428,9942,4798,13346,13249"
17741,17741,"6971,4798,10326,5303,12665,2218,13346,12857,8562,3950"
17752,17752,"544,9375,9101,4798,10326,6307,5495,9942,1213,873"
17765,17765,"2343,89,544,13346,6220,9942,12665,2218,10326,4798"
17770,17770,"9101,544,8703,7637,4798,5495,10326,1290,9942,7120"
17814,17814,"6220,544,2218,10326,5495,1220,8562,5676,13408,13296"
17818,17818,"1244,350,9942,544,9340,5866,8189,10326,9101,10987"
17822,17822,"1290,7120,8302,544,9101,11117,4798,12030,2286,10326"
17826,17826,"4798,8562,10326,4277,12857,544,10916,10594,8421,2140"
17827,17827,"11298,1290,7120,1244,2989,9101,7679,4576,544,12869"
17840,17840,"10326,6220,5495,8188,4798,13296,544,7707,8562,10429"
17843,17843,"2218,8413,5495,544,9942,5676,6220,4798,9101,8562"
17864,17864,"4798,6433,5461,544,9984,3950,11969,8483,5495,10916"
17871,17871,"8188,544,9101,4798,1863,10326,10429,5495,9942,1487"
17881,17881,"544,10326,12665,3950,4277,2343,2218,9693,275,717"
17928,17928,"10326,8562,12665,544,4798,6220,3950,6433,6326,8421"
17931,17931,"544,9101,4798,10326,5495,9942,8562,12665,9375,2989"
17933,17933,"8413,5303,3950,2343,8562,2903,544,3055,5199,9101"
17953,17953,"544,5495,10326,5303,2218,1290,6220,3950,9942,4798"
17970,17970,"9942,3950,13346,6220,12665,5545,89,64,931,4413"
17977,17977,"5303,8562,4798,10326,3950,13249,13315,544,6659,12665"
17982,17982,"1290,7120,9101,9962,1244,11298,544,12869,2989,4798"
17995,17995,"1290,7120,13296,544,4798,9101,6971,10326,8302,9942"
18002,18002,"10326,4277,5303,4798,717,350,10594,8421,2140,12857"
18006,18006,"6659,10429,544,9101,4798,10326,9942,5495,12665,9107"
18023,18023,"10326,5303,275,4277,13346,6971,6220,8562,2140,10916"
18024,18024,"10326,4798,544,7439,9101,9771,4877,5747,9942,5495"
18047,18047,"6220,2343,9942,9693,6795,5545,13296,13110,12665,3428"
18050,18050,"9942,4798,2218,6220,275,6971,5303,12665,544,11969"
18078,18078,"4798,10326,6971,8562,13346,5303,8421,4277,10916,544"
18086,18086,"1290,7120,6971,4798,544,9962,9101,4929,1244,9295"
18093,18093,"1290,7120,11298,1244,3464,9730,4929,9101,7669,4163"
18115,18115,"10326,4798,3950,4277,8421,12857,717,350,10594,10568"
18122,18122,"1290,7120,2218,8981,544,9101,4798,10429,5495,10326"
18124,18124,"10326,4798,5303,6971,1220,2343,1747,1290,9693,544"
18127,18127,"1290,7120,1244,11298,9101,4929,9295,12869,9730,544"
18133,18133,"8562,10326,3950,13346,6220,12857,3428,4277,4798,1328"
18148,18148,"2218,3950,6971,5199,8562,544,9942,2905,13346,10326"
18155,18155,"9693,13346,2343,9942,275,64,544,9101,4798,2867"
18158,18158,"11298,2989,7679,4576,12655,11024,8978,11918,12995,9101"
18166,18166,"10326,10568,4798,544,5303,2140,3950,12857,8421,9072"
18167,18167,"10326,5461,4277,6220,6433,2218,544,9072,9942,5495"
18169,18169,"13346,2140,544,9101,10326,4798,8562,3950,9306,9942"
18175,18175,"9693,12665,6971,10326,6220,544,9942,4798,5532,5495"
18178,18178,"8562,4798,3950,10326,13346,12665,6220,9942,8413,11540"
18214,18214,"1290,7120,11298,1244,9730,9101,7679,2989,4929,9295"
18217,18217,"8562,5495,5303,3950,275,12665,6220,13346,9942,10326"
18226,18226,"1290,7120,11298,9101,12869,2989,4576,9295,10137,11299"
18229,18229,"6971,5303,8413,4798,2140,10326,544,9101,8562,5495"
18236,18236,"2905,8793,544,9101,4798,9119,10326,7063,4049,9942"
18240,18240,"3950,9942,6220,3428,6659,12665,5545,1323,89,8562"
18262,18262,"8562,9942,6220,3950,544,3428,12665,10326,13346,5545"
18266,18266,"1290,11298,544,2989,9101,1244,8978,7679,12869,4576"
18272,18272,"4798,8562,13346,12665,5303,3950,6220,2218,10326,6971"
18292,18292,"8562,4798,6220,13346,9942,3950,5303,10326,4277,2140"
18299,18299,"544,10326,6220,3428,8562,4277,275,2218,9942,3950"
18321,18321,"544,9101,4798,6525,10326,12424,9942,4860,5495,4560"
18338,18338,"6220,12665,544,5303,8562,3950,13346,10326,2343,9693"
18339,18339,"10326,4798,4277,5303,10916,544,350,12857,8562,8483"
18341,18341,"8562,4798,5303,2140,8413,3950,13346,10326,9942,544"
18355,18355,"1290,7120,9295,11298,9730,4929,1244,9101,2989,3697"
18364,18364,"544,1290,7120,11298,6971,5495,9101,2903,4576,5199"
18368,18368,"10326,4798,8562,12665,12857,6326,13346,6971,717,5303"
18393,18393,"4798,10326,2343,5303,9693,6971,2140,13346,1220,4277"
18409,18409,"3950,4277,217,275,8562,717,10326,4798,12665,2140"
18434,18434,"10326,4798,12857,5303,544,6433,10594,3950,10916,717"
18440,18440,"9942,13346,6220,8413,8562,4798,3428,12470,5545,3950"
18446,18446,"10326,4798,9693,2343,6220,3950,4277,12665,8562,11969"
18467,18467,"9942,8562,4798,13346,2343,275,12857,3507,9693,5495"
18475,18475,"6220,2218,9295,1290,8188,9942,5545,544,13296,7120"
18487,18487,"10326,4798,6220,8562,13346,5495,3950,12857,4277,8421"
18489,18489,"544,10326,4798,4277,9693,350,1290,2343,2140,9101"
18499,18499,"12857,8205,8562,13249,4798,9340,4277,544,10326,9101"
18505,18505,"10326,4798,8562,3950,13346,6220,4277,12857,12665,544"
18525,18525,"10326,4798,8562,4277,5303,8421,12857,10594,544,6971"
18530,18530,"4798,10326,8421,13346,12857,10594,5495,6971,544,9101"
18539,18539,"1290,7120,544,9101,4798,1863,10326,5495,9942,10429"
18546,18546,"9693,10326,2343,544,12665,89,6795,64,6220,13346"
18579,18579,"9942,4798,10326,13346,8562,3950,4277,12665,544,12857"
18585,18585,"2343,9693,5532,5199,6795,64,544,10835,12665,2903"
18595,18595,"544,10326,8562,4277,6220,5303,50,6433,4798,3950"
18648,18648,"4798,6433,3950,4277,11000,10326,1220,717,13346,8483"
18679,18679,"8562,3950,8413,9942,2218,13346,12665,5495,6220,3428"
18683,18683,"6220,8562,544,2343,5495,8188,10326,9693,3950,7707"
18687,18687,"1290,7120,11298,9730,1244,9101,7679,4929,2989,4576"
18718,18718,"8562,12665,544,4798,6220,9942,10326,6971,2218,3950"
18741,18741,"3950,4798,8413,5495,9942,8562,10326,544,9101,5676"
18760,18760,"1290,7120,11298,6971,11024,9101,9730,4664,12903,2989"
18771,18771,"8562,3950,6220,4798,12665,13346,3428,4277,10326,13110"
18787,18787,"10326,4798,275,4277,6971,5303,8562,8421,2140,544"
18788,18788,"12857,4798,8413,13346,2218,8562,10326,3950,8483,4323"
18789,18789,"2343,13346,8562,9693,544,10326,12857,769,3127,5199"
18798,18798,"9942,3950,8562,6220,3428,1323,13346,4798,5495,12665"
18800,18800,"10326,544,9942,12665,275,9101,4798,847,4177,4277"
18805,18805,"3950,8562,9942,8413,5545,4413,4798,6270,8188,544"
18806,18806,"7120,11298,1244,9101,9730,9962,4929,12869,4664,2989"
18812,18812,"6971,12665,8413,6220,9942,4798,89,5303,2218,2343"
18818,18818,"6659,1328,10326,544,4798,9101,2875,5495,9942,8562"
18830,18830,"5303,4798,8562,13346,10326,3950,10916,6971,5495,2140"
18835,18835,"1290,7120,1244,9101,9730,2989,9942,4929,544,4798"
18839,18839,"5495,1355,8413,12470,544,566,9101,6971,5549,4798"
18851,18851,"10326,6220,4798,8413,544,9101,9942,560,5495,7444"
18854,18854,"4798,10326,8562,6971,5303,8205,10916,13346,12857,8421"
18864,18864,"10326,4798,13346,3950,4277,8562,217,717,544,6220"
18865,18865,"6220,9942,544,7063,8562,5495,9693,12665,9101,4798"
18874,18874,"1290,544,7120,11298,2989,12869,1244,9101,9730,4576"
18875,18875,"10326,4798,12857,10594,8421,544,5495,5303,9101,3950"
18879,18879,"9101,7669,7679,11554,3464,275,8978,544,12869,6288"
18882,18882,"544,11298,2989,1290,9730,9942,6220,12869,9101,12665"
18895,18895,"9942,3950,6220,13306,12665,2218,13346,3055,3428,4798"
18903,18903,"10326,4798,5303,4277,6220,13346,12665,2343,8562,2218"
18913,18913,"10326,4798,2343,13346,9693,544,4277,10916,8562,6433"
18934,18934,"1290,7120,1244,11298,544,9101,9730,12665,6971,4929"
18935,18935,"1290,6971,7120,2903,5199,5532,8590,9693,9942,544"
18981,18981,"12665,6220,8562,10916,9942,9693,7792,6971,2218,544"
18985,18985,"13346,6971,9693,2343,1290,4798,8562,544,275,2140"
18987,18987,"9295,9101,2916,11298,544,1244,6243,4798,10326,12030"
18990,18990,"10326,8562,6220,4798,5303,10568,13346,4277,10077,9072"
18996,18996,"4798,3950,2218,8562,6326,10326,8413,5545,6971,9733"
19010,19010,"10326,4798,4277,544,8562,10916,6433,217,8421,5303"
19016,19016,"1290,9101,7120,2989,12869,9730,11298,9438,9295,3464"
19018,19018,"1328,544,8483,9101,4798,10326,13346,9942,8562,473"
19029,19029,"10326,4798,5303,8413,8562,8483,8421,2140,275,13346"
19060,19060,"7679,6220,5545,9101,1355,9942,2989,544,4654,11484"
19069,19069,"1290,7120,544,11298,1244,5303,4929,9101,2989,6971"
19084,19084,"4798,10326,8562,12857,4277,5303,6433,13346,10916,6220"
19086,19086,"1290,2989,7120,9101,9693,6220,11969,2343,10389,1244"
19105,19105,"1290,7120,9295,4929,3464,9101,10663,3697,544,11298"
19110,19110,"1290,1244,11298,7120,2989,9101,12869,9962,544,789"
19135,19135,"10326,544,9101,4798,4832,9942,1081,5495,10352,6952"
19144,19144,"8562,5303,8413,6971,3950,10326,12665,4277,544,4798"
19154,19154,"13249,5495,220,5461,544,4798,9101,9800,7063,10326"
19168,19168,"8562,10326,4798,4277,3950,12857,6220,12665,5303,717"
19173,19173,"1290,7120,2218,4929,5495,5303,8188,544,8922,10663"
19187,19187,"1290,7120,544,9101,4798,9942,10326,6220,5495,7637"
19216,19216,"6659,8562,3950,227,544,11484,9101,4798,9942,10326"
19227,19227,"8413,5495,9942,9693,3428,5676,5545,2343,544,9101"
19231,19231,"4798,10326,13346,3950,5303,8483,9942,8421,12665,2218"
19234,19234,"11298,2989,1290,1244,7679,9730,9101,7120,11024,4576"
19255,19255,"4798,10326,5303,6220,3950,2218,6971,9942,2140,275"
19258,19258,"5495,3950,8413,4798,9942,12470,12665,544,2140,8562"
19266,19266,"1290,7120,4929,6971,5303,4798,10326,544,9942,9101"
19296,19296,"4798,13346,8562,6795,3950,12665,2537,1220,6971,64"
19297,19297,"6659,6383,544,9101,4798,8562,10326,9942,5495,12665"
19308,19308,"3950,844,8562,3055,544,9101,12665,4798,5199,2218"
19323,19323,"10326,544,9101,4798,1328,8562,9942,5495,12665,11298"
19346,19346,"10326,4798,5303,544,6220,6971,4277,12665,2218,6433"
19347,19347,"7120,4929,4798,6220,12665,6971,9101,1244,9942,9730"
19360,19360,"1290,7120,9101,544,9295,4929,4798,9942,10326,9693"
19364,19364,"7669,3464,2989,11298,11554,12869,7679,544,4163,9101"
19378,19378,"4798,3950,13346,12857,10326,8562,5642,12665,6326,2789"
19379,19379,"4798,8562,5303,5495,13408,9942,2218,6971,10326,12665"
19380,19380,"10326,8562,5303,4277,12857,11969,4798,544,8483,10916"
19381,19381,"10326,4798,8562,4277,12857,8421,10916,5303,6433,2140"
19384,19384,"8562,6220,10568,10326,5303,3950,8421,4277,4798,544"
19385,19385,"13346,8562,4798,6220,3428,2218,12665,3950,6326,9942"
19388,19388,"1290,7120,11298,2989,9730,1244,12869,9101,544,4929"
19406,19406,"10326,4798,5303,4277,8562,13346,544,6220,6433,12857"
19408,19408,"5495,5199,5532,10326,544,5461,2903,9942,9101,4053"
19415,19415,"544,11298,1290,7120,1244,12655,3148,2989,6971,8978"
19417,19417,"13346,12665,64,4798,2218,6971,10326,3950,8483,9942"
19434,19434,"2343,9693,64,2989,11298,7679,10326,2537,544,9101"
19441,19441,"10326,4798,12857,4277,5303,8562,13346,6433,3950,8421"
19461,19461,"1290,7120,1244,4929,11298,544,9730,9101,4576,10663"
19474,19474,"3950,8562,9942,6220,2218,12665,13346,8413,5303,89"
19477,19477,"1290,7120,4798,350,8562,9938,544,5552,9101,4929"
19484,19484,"2989,11298,1244,9101,8978,544,12869,7679,11024,12655"
19502,19502,"544,5676,12665,5495,7707,8562,12099,6659,8413,566"
19503,19503,"544,6220,10326,5303,4277,3428,5545,9404,714,9072"
19512,19512,"13346,3428,50,2218,3950,8483,8562,4277,4798,5676"
19515,19515,"9942,975,9693,544,2255,8235,9101,2218,7024,9637"
19518,19518,"1290,7120,2989,9730,6220,9101,4929,544,9295,11298"
19530,19530,"8562,6220,10326,4798,6971,5303,12857,3950,13346,9942"
19559,19559,"1290,7120,12665,9101,9730,11298,12869,1244,6971,2989"
19576,19576,"6971,13346,10326,8922,4798,544,5875,8562,12665,9101"
19586,19586,"9693,2343,64,9942,5495,3127,13315,544,2537,9101"
19594,19594,"1290,12665,10326,89,544,7120,9101,275,4798,8590"
19605,19605,"6220,1863,10429,544,7792,9101,8188,12606,8562,4798"
19618,19618,"3950,10326,8562,9404,6971,2218,5199,4798,12665,2140"
19620,19620,"4798,5303,8562,8413,6971,2140,10326,6220,9942,544"
19623,19623,"3428,4277,9942,8562,3950,10916,350,13249,9340,4798"
19628,19628,"10326,4798,3950,4277,217,5495,13346,8421,8562,5303"
19631,19631,"7120,1244,9101,11298,12655,4929,7679,544,4576,2989"
19642,19642,"12665,5495,9942,2343,3950,5676,9693,13346,6220,10326"
19644,19644,"2140,2218,4798,5303,544,10326,9101,2291,9306,7063"
19648,19648,"7679,11298,1290,9295,7120,1355,5495,544,9101,2969"
19665,19665,"8562,4798,9942,2777,12665,544,10326,11639,9101,1319"
19683,19683,"1290,11298,544,1244,7679,9101,2989,9730,4929,3464"
19684,19684,"10326,4277,10594,717,8562,8421,4323,9455,4798,544"
19693,19693,"10326,4277,4798,5199,9340,11000,13249,7138,8562,544"
19696,19696,"4798,10326,5303,3950,8413,6971,275,8205,12857,9942"
19707,19707,"4798,10326,5303,12857,8483,4277,6971,3950,8421,10916"
19715,19715,"2343,9693,9942,64,5303,6220,5495,3428,5532,5199"
19716,19716,"1290,7120,4929,11298,1244,9101,544,3697,4798,13309"
19729,19729,"1290,4798,7120,8562,6220,10326,6971,5303,12665,9942"
19734,19734,"10326,13346,4798,5303,8562,3950,5495,6433,2218,10594"
19758,19758,"3950,544,3799,8562,13346,9101,4798,10326,9786,5460"
19764,19764,"8562,4798,5303,6220,2343,6971,2218,10326,6433,12665"
19773,19773,"1290,544,11298,9101,1244,9730,4929,2989,9962,4576"
19778,19778,"9942,2218,5495,3950,10326,4798,13408,8562,5676,6220"
19780,19780,"8562,3428,9942,6220,2218,13306,5495,5184,6659,3950"
19784,19784,"10326,544,8562,6220,4277,6433,4798,50,350,3428"
19786,19786,"8562,4798,4277,3950,10916,5676,13249,544,13346,10594"
19793,19793,"10326,5495,6220,2218,4277,4798,8562,3950,5303,275"
19798,19798,"5495,13346,4798,10326,3428,4277,1323,6220,12665,350"
19808,19808,"4798,13346,10326,8562,3950,6220,8413,9942,6971,12665"
19812,19812,"1290,7120,2989,12869,1244,7679,4929,9101,9730,3464"
19821,19821,"8562,10326,4798,12857,6433,13346,5303,3950,544,275"
19830,19830,"9730,12869,1244,11298,1290,9962,9101,7120,789,2989"
19843,19843,"1290,7120,2989,12869,7669,9101,11298,9295,11554,544"
19867,19867,"6220,9693,2343,2218,9101,1863,13110,10326,10429,558"
19889,19889,"8562,6220,3950,4798,13346,2218,10326,9942,10916,8483"
19893,19893,"8562,6220,10326,4798,2218,8188,13296,13346,11969,5545"
19898,19898,"1290,7120,11298,9295,9101,4929,1244,12869,2989,544"
19902,19902,"8562,350,544,9101,4798,10326,9942,5495,12665,2140"
19905,19905,"4798,8562,10326,5303,10916,717,8590,12857,4277,8421"
19910,19910,"3950,4277,10326,13346,4798,8421,8562,217,717,10077"
19929,19929,"8562,10326,4798,6220,8483,4277,5303,544,13346,12665"
19932,19932,"11298,1290,7120,2989,1244,7679,9101,12869,4576,1779"
19952,19952,"8562,10326,4798,13346,5495,6220,9942,6433,3950,5303"
19956,19956,"10568,4798,13110,8421,8483,1210,9942,2814,544,9101"
19987,19987,"4798,10326,8562,8421,4277,3950,13346,6326,5303,12665"
20008,20008,"4798,544,4277,8562,6971,5303,9101,13346,12665,8421"
20018,20018,"8562,4798,8413,9942,13346,3950,10326,12665,6326,5461"
20019,20019,"1290,7120,9942,5303,12665,4929,5731,3428,2140,544"
20020,20020,"1290,7120,4929,10663,9101,544,4798,11298,10326,1244"
20023,20023,"13346,5495,8413,4798,10326,6326,8562,13249,2218,3950"
20031,20031,"6220,8562,2218,544,13296,9693,1863,4798,12665,9942"
20039,20039,"8562,6220,12665,8413,3428,544,9942,2218,2343,9693"
20040,20040,"9942,5495,4798,6220,8483,8562,12470,12665,8413,13346"
20041,20041,"12470,8188,544,1355,8413,769,13408,2218,7707,5676"
20045,20045,"13346,3950,4798,10326,8562,12665,10916,8421,6326,6220"
20056,20056,"1290,6220,4798,6971,89,12869,544,7120,12665,10326"
20069,20069,"10326,4798,13346,2218,6220,5303,4277,2343,544,13306"
20074,20074,"9942,6220,8562,6659,3428,5184,13110,7359,3870,5545"
20083,20083,"8562,3950,4798,10326,9942,13346,6220,3428,6326,5676"
20085,20085,"1290,11298,7120,9101,7679,11918,4664,9730,12869,11024"
20086,20086,"5303,8413,6220,5495,8562,3950,9942,6971,4798,3428"
20089,20089,"8562,6220,3950,2218,13346,3870,8681,4798,8205,4277"
20101,20101,"5303,9942,4798,89,6220,3950,3055,12665,5199,1290"
20104,20104,"544,9101,8911,5105,449,4798,10326,5495,9942,6011"
20112,20112,"8562,3950,12665,9942,4798,10326,544,275,5676,6220"
20115,20115,"8562,6220,3950,13346,4798,10326,12665,8421,2903,5303"
20133,20133,"1290,7120,12869,11298,9730,7258,789,9101,1244,4929"
20136,20136,"10326,544,2343,4798,4277,9693,217,8562,1220,2140"
20138,20138,"11298,1244,9962,1290,11024,7120,789,9101,544,9730"
20162,20162,"10326,4798,3950,8421,5303,6971,13346,12857,8562,10916"
20176,20176,"4798,10326,6971,2218,6220,275,544,8562,2140,12665"
20200,20200,"10326,4798,275,5303,8562,13346,2140,4277,12665,217"
20222,20222,"4798,9306,544,9101,9942,10326,5495,13214,8562,12665"
20251,20251,"10326,6971,5303,1290,4798,544,2140,12857,8590,4277"
20256,20256,"12470,5303,10326,12099,10594,12668,5199,609,13408,217"
20264,20264,"10326,4277,8562,6433,6220,810,5303,4798,10916,12857"
20280,20280,"10326,4277,4798,8562,13249,217,10916,8421,12857,10594"
20286,20286,"11298,8188,6220,2989,1290,10429,9101,1863,7707,1244"
20323,20323,"1290,7120,11298,4929,9962,9101,9295,10663,12869,789"
20324,20324,"1290,7120,5495,544,4929,4576,9101,12470,4798,6220"
20336,20336,"544,9693,11298,9101,1290,9730,2989,1244,12665,6220"
20339,20339,"8562,9942,3950,6220,4798,8413,13346,12665,6326,3870"
20344,20344,"5495,1290,6971,10326,7120,544,5303,9101,12470,4798"
20356,20356,"8562,10326,9942,4798,6220,3950,12665,13346,3428,544"
20360,20360,"1290,7120,4929,6971,544,9101,2343,4798,12474,10326"
20362,20362,"9693,2343,5199,5532,5495,2537,10326,3127,544,6834"
20376,20376,"13346,3950,10077,10326,10568,4277,10916,13249,8562,8421"
20381,20381,"5676,2218,12665,5303,4798,10326,1220,6971,8562,13408"
20394,20394,"7120,11298,9101,1244,544,2989,6971,4929,4576,9730"
20397,20397,"8562,1355,12665,1779,544,5495,7707,10429,7792,5676"
20407,20407,"6659,3428,8413,6220,8483,3950,10326,5495,12665,5461"
20413,20413,"1290,11298,7120,9730,9101,12869,2989,11024,1244,544"
20433,20433,"1290,7120,1244,11298,9962,4929,9101,789,5135,9730"
20448,20448,"544,5303,810,9693,7792,2140,8188,2343,9101,9553"
20492,20492,"89,5303,10326,13346,4798,12665,9942,855,8562,2218"
20505,20505,"1290,7120,11298,1244,9101,2989,9730,4929,544,12869"
20512,20512,"10326,13346,4798,8562,12857,5303,3950,10916,13249,6326"
20514,20514,"10537,544,4181,9101,4798,12453,1706,10326,9942,13013"
20533,20533,"217,4277,350,8483,5109,8421,544,10326,5303,5495"
20543,20543,"5303,2989,7120,1290,8421,4277,4798,12404,10326,1286"
20546,20546,"4798,10326,717,8421,4277,8161,8562,12857,10594,9580"
20557,20557,"8562,9942,4798,10326,3950,5303,2218,13346,3428,4277"
20558,20558,"10326,4798,12857,9602,8562,10594,10568,544,9101,9942"
20561,20561,"12665,6220,4798,13346,9942,3428,3950,2218,10326,3870"
20566,20566,"1290,11298,7120,1244,9101,9693,544,4576,10389,9942"
20573,20573,"11298,1244,9101,544,10607,4798,10326,9942,1290,5495"
20623,20623,"1290,7120,4929,6971,10663,544,5303,4798,9101,9942"
20627,20627,"544,10326,9730,1290,4277,6220,7120,2343,12665,6971"
20643,20643,"4798,10326,6971,5303,2140,275,8161,8421,544,13346"
20645,20645,"1290,11298,1244,7120,12869,9101,544,9730,4576,789"
20652,20652,"717,10326,4277,13346,12857,5303,8562,5495,3950,8421"
20654,20654,"10326,4798,8562,4277,13346,3950,6433,717,10916,544"
20667,20667,"6971,1290,89,2989,7120,544,9101,4798,11298,10326"
20670,20670,"3950,544,13408,9101,10326,9942,4798,1889,10159,5495"
20671,20671,"10326,4798,8562,2218,5303,3950,544,8413,6971,8205"
20676,20676,"9942,5303,8562,2140,13346,4798,5199,10326,3950,12404"
20694,20694,"544,1290,5303,4277,7120,8562,12665,12655,350,10326"
20709,20709,"5495,10326,12470,5303,4798,8562,8413,544,2218,3950"
20716,20716,"4798,5303,2218,8562,10326,544,8205,6971,9101,2140"
20739,20739,"5303,217,64,2343,9693,9942,3565,13296,12315,12470"
20763,20763,"544,2343,9693,10326,5303,6971,13346,5199,2903,12665"
20779,20779,"1290,11298,1244,7120,2989,4576,9101,544,11024,10607"
20781,20781,"3950,4798,6971,8413,8562,2218,9942,6220,12665,7707"
20790,20790,"1290,7120,9295,6971,9962,9101,789,3697,544,4929"
20792,20792,"10326,4798,12857,8421,5303,717,10916,6971,4277,10594"
20797,20797,"4798,13346,5495,5303,8562,10326,8483,8413,4277,9942"
20811,20811,"6220,4798,3950,9942,5303,8562,3428,6971,10326,2140"
20821,20821,"1290,7120,11298,1244,9730,12869,9101,4929,7679,11024"
20830,20830,"10326,4798,5303,10594,6383,8562,13259,4277,9580,8421"
20861,20861,"9693,2343,6220,6971,9942,544,12665,5676,6795,5495"
20878,20878,"11298,6220,1290,544,7120,2989,12665,9101,9942,6971"
20891,20891,"8562,544,5875,5495,9101,12665,9942,4798,7024,10326"
20895,20895,"8562,6220,4798,9942,3950,5495,12665,2218,5303,8413"
20901,20901,"10326,4798,8562,6220,13346,4277,5303,2343,544,6971"
20908,20908,"10326,8562,4798,2343,4277,275,9693,5303,13346,3950"
20928,20928,"1290,7120,4929,10663,544,9101,12030,4798,10326,9942"
20945,20945,"9942,6220,5303,6659,8188,12665,8562,3428,8413,544"
20971,20971,"4798,10326,4277,8562,13346,12857,12665,6433,13249,5303"
20979,20979,"4798,10326,5303,6971,13346,8562,12665,4277,3950,2218"
20982,20982,"5303,10326,8421,4798,4277,6433,10594,9105,1017,544"
20991,20991,"10326,13346,8562,12665,5303,8413,6326,12857,2140,9942"
20998,20998,"9942,3950,5495,10326,13346,3428,12665,64,6220,8562"
21006,21006,"3950,9404,2343,9693,5199,5495,6220,4798,5532,544"
21018,21018,"6971,5303,10326,4798,2140,8562,275,8161,6515,544"
21028,21028,"9942,8188,6220,8562,6659,9693,5532,544,8413,12665"
21041,21041,"5495,10326,4798,8562,3950,13346,6433,9942,10594,12665"
21042,21042,"2343,5495,9693,5199,6795,5532,544,3127,2903,9532"
21064,21064,"1290,7120,11298,9101,4929,9962,544,12869,2989,10607"
21075,21075,"6971,5199,544,2343,5303,12665,89,9693,2218,5532"
21078,21078,"9942,10326,13346,3950,8562,2218,3870,4798,12665,6326"
21081,21081,"5495,12470,5303,2218,6971,5199,8590,1746,9942,6220"
21084,21084,"8562,3950,10326,13346,275,6971,12857,4277,4798,2140"
21089,21089,"10326,4277,4798,10594,350,8562,217,8421,10916,5303"
21112,21112,"1290,7120,1244,9101,2989,4929,9730,544,4576,1355"
21126,21126,"13346,8413,8562,3950,4798,544,9101,10326,9942,5495"
21129,21129,"1290,7120,4929,6971,9101,9730,9438,10663,9295,2989"
21130,21130,"2343,9693,13346,10326,9942,3950,4798,64,6220,544"
21137,21137,"3950,8562,10594,5303,4798,5642,6220,12665,6971,13346"
21149,21149,"5495,8562,4798,12470,8483,6220,3950,9942,10326,12665"
21152,21152,"10326,4798,5303,6220,8562,2218,13346,2343,12665,275"
21177,21177,"8562,3950,10916,350,4277,4798,13346,10326,544,9101"
21191,21191,"7120,4929,6971,10663,544,9101,4798,12497,6243,10326"
21200,21200,"8562,5676,10326,9942,3950,1328,12665,6220,2218,4798"
21204,21204,"4798,10326,717,5303,4277,8562,217,3950,6433,10916"
21221,21221,"5495,2218,12470,6971,8562,1290,3950,5303,8681,6220"
21228,21228,"1290,7120,11298,544,6971,9101,2218,9942,12665,2989"
21249,21249,"10326,5303,5495,275,2140,13315,2343,544,2218,4798"
21256,21256,"3950,4798,844,9942,544,8562,9101,6220,10326,11396"
21261,21261,"4798,8562,13346,8413,8483,10326,3950,6326,2218,5676"
21279,21279,"10326,544,6220,2343,4798,9942,9693,12665,6383,275"
21282,21282,"1290,7120,1244,11298,9101,544,9730,2989,9295,2343"
21305,21305,"10326,4277,717,4798,10594,8562,5303,8421,10916,544"
21307,21307,"217,13110,10594,13315,5734,544,5495,13249,9101,12152"
21315,21315,"810,1574,5642,10100,11094,544,4365,10063,9101,8562"
21342,21342,"544,7120,2989,9101,1244,6971,11298,12869,4929,6220"
21347,21347,"10326,12665,13346,3950,6220,4798,4277,5303,3428,8413"
21357,21357,"544,9101,6220,8562,1244,1290,10429,10326,4798,9942"
21358,21358,"10326,6971,2903,5532,5199,5495,9693,544,2218,5303"
21368,21368,"9962,1290,9101,11298,544,4798,789,10326,9942,11117"
21372,21372,"1290,11298,9730,7120,9101,2989,544,1244,9295,4576"
21373,21373,"9942,3950,3428,12665,4277,13306,2218,5495,544,5461"
21383,21383,"7120,9101,1244,11298,544,89,4929,9730,9693,10663"
21393,21393,"9942,8562,6220,3950,13346,8413,3428,5676,12665,5303"
21415,21415,"1290,7120,6971,4929,9295,11298,3697,544,9101,1244"
21421,21421,"1290,9942,8562,6220,12665,4929,9101,10326,3428,10663"
21433,21433,"4798,10326,275,5303,6971,12665,2140,6433,3950,4277"
21449,21449,"544,10326,4798,8562,4277,3950,2343,6433,6220,5303"
21483,21483,"8562,9942,10326,6220,4277,3950,13346,3428,5303,4798"
21488,21488,"4798,10326,8562,13346,3950,12857,5303,10916,8421,8483"
21518,21518,"1244,2989,3428,544,8978,7679,9101,12869,6659,9942"
21528,21528,"12470,8562,6220,12665,5303,5676,13346,2218,1355,4798"
21536,21536,"1290,7120,11298,1244,9730,2989,9101,4929,544,9295"
21585,21585,"4798,8562,9942,6220,5495,12665,10326,5303,5461,7707"
21598,21598,"11298,1290,2989,7120,9730,9101,6971,9295,544,10389"
21602,21602,"8562,12665,5303,3950,4798,3055,9942,6220,13346,544"
21604,21604,"5303,4798,5495,544,9101,12793,9105,10326,8562,9942"
21626,21626,"12665,5495,11298,544,9693,9295,8205,9101,8215,9119"
21636,21636,"12665,3950,13315,9942,2989,2343,89,13346,544,9693"
21649,21649,"7120,4929,10663,544,5573,9101,12030,4798,10326,3697"
21650,21650,"544,1025,12857,9101,12859,4798,10326,9942,4512,5495"
21655,21655,"1290,7120,9101,11298,1244,2989,544,12869,7679,9730"
21662,21662,"11298,12869,1244,9101,9295,544,1290,11024,6288,4576"
21681,21681,"1290,7120,11298,1244,12869,9730,9101,2989,544,4929"
21686,21686,"350,2140,2411,5303,1328,544,10326,4798,12758,12404"
21699,21699,"4798,13346,8413,8562,3950,12665,5303,9942,6971,2218"
21702,21702,"1290,11298,7120,1244,9101,544,9730,4576,10607,9295"
21709,21709,"4798,10326,13346,3950,12857,8562,6971,8421,12665,10916"
21718,21718,"4798,10326,8562,3950,5303,12857,4277,13346,10916,6433"
21719,21719,"10326,4798,4277,5303,8421,10594,717,8562,544,275"
21724,21724,"8562,4798,3428,3950,9942,6220,13306,13249,8483,13346"
21741,21741,"1290,1244,9101,2989,7679,11298,544,7120,12869,4576"
21746,21746,"1290,11298,9101,7120,1244,544,7679,12869,9730,3464"
21751,21751,"9942,3950,6302,544,12665,8413,9101,4798,5495,10326"
21754,21754,"10326,4798,4277,8562,6433,13346,12857,717,217,13249"
21768,21768,"3950,4798,12665,10326,13346,6220,6971,5303,9942,10916"
21775,21775,"544,6220,8188,5199,4798,9942,9101,10326,8562,5495"
21781,21781,"1290,9730,11298,2989,8978,11024,9101,7120,12995,7679"
21789,21789,"7120,11298,1244,9101,6971,4929,2989,544,9730,11024"
21795,21795,"4798,3950,5495,5303,8922,10326,8413,2218,12665,9942"
21812,21812,"8562,3950,8413,13346,3055,12665,9942,1286,544,9101"
21814,21814,"10326,4798,13346,5303,8562,6971,12857,6433,2140,6326"
21820,21820,"10326,3950,8562,4798,13346,12665,12857,5303,9942,5642"
21827,21827,"10326,9942,4798,6220,5303,12665,4277,717,9693,2218"
21838,21838,"8562,10326,6220,8188,4798,1355,13346,544,10429,9101"
21855,21855,"2343,9693,5495,64,6795,9942,5532,5199,544,4798"
21881,21881,"4798,13346,12857,275,9942,64,10326,717,8562,2140"
21884,21884,"8562,4798,10326,12665,6220,13346,5303,2218,9942,6971"
21889,21889,"1290,7120,544,10326,4798,1244,6971,4929,9101,9942"
21896,21896,"8562,4798,10326,6220,5303,544,4277,13346,1323,12665"
21902,21902,"10326,4798,4277,10916,3950,8421,12857,13346,6433,10594"
21916,21916,"10326,4798,4277,544,5303,13346,6971,8562,10916,10594"
21927,21927,"1290,7120,11298,9962,5135,789,9101,11024,544,1244"
21938,21938,"10326,12857,4277,4798,13249,717,8421,217,6433,13346"
21948,21948,"4277,810,6433,13346,5610,9245,8562,11603,4798,544"
21952,21952,"1290,7120,4929,9295,9101,544,3697,10663,11298,4798"
21954,21954,"2343,6795,5199,9693,5532,5495,544,9942,10326,2903"
21955,21955,"6220,9942,3950,5303,6659,544,8562,10326,11484,8483"
21978,21978,"8188,6220,4798,544,12665,9101,1863,8981,7707,10326"
21983,21983,"544,9693,2343,1290,11298,13408,6220,9730,9101,7120"
22004,22004,"10326,1290,7120,5303,2343,6971,9693,5495,4798,5199"
22007,22007,"1290,7120,11298,9730,3464,12869,4929,7679,2989,4576"
22014,22014,"3428,6220,8413,3950,2218,89,5545,9942,5495,12665"
22020,22020,"12665,8562,10326,4798,6220,5303,4277,50,8413,13346"
22052,22052,"4798,10326,717,8421,12857,5303,10594,8483,8161,4277"
22056,22056,"8562,12665,5495,2218,3950,1323,9942,9404,6302,13346"
22064,22064,"8562,10326,8681,544,9693,4798,12857,11540,9101,2343"
22072,22072,"10326,4798,8562,13346,12857,4277,10916,13249,544,6433"
22074,22074,"8562,4277,4798,10326,8421,13249,13346,12665,9942,5303"
22102,22102,"3428,13346,3950,544,13306,5545,1889,6220,10326,9942"
22110,22110,"8562,13346,4798,10326,3428,3950,6220,9942,5495,217"
22111,22111,"544,10326,5303,4798,4277,6220,8483,8562,2218,717"
22119,22119,"6220,1290,8205,7792,12665,5495,8562,10326,9942,544"
22125,22125,"8562,3950,8413,4798,544,9101,12665,10326,9942,5495"
22150,22150,"4798,10326,5303,544,5199,6971,5495,3950,8922,8590"
22151,22151,"1290,7120,9295,4929,6971,1244,11298,544,4277,9730"
22154,22154,"1290,7120,4929,1244,9101,11298,544,10663,8703,4798"
22213,22213,"9942,6220,12470,3950,3428,2218,6659,5545,5495,3870"
22256,22256,"544,2343,1290,13346,11298,6795,9730,9101,6220,9295"
22258,22258,"4798,5303,5495,13346,8562,6971,10326,10916,9733,544"
22265,22265,"8562,4798,10326,12665,13346,3950,9942,5495,2218,6220"
22279,22279,"2343,13346,9942,9693,6220,5495,6971,5461,3950,8562"
22280,22280,"10326,9942,8188,5495,10869,12857,4798,275,6659,544"
22283,22283,"2343,9693,544,9101,4798,10326,9942,5495,8981,12665"
22286,22286,"6220,3428,9942,8681,3950,5676,8413,12665,3870,8562"
22288,22288,"10326,2343,13346,8562,9693,4277,5199,544,5495,12665"
22321,22321,"1290,11298,7120,9730,1244,2989,9101,7679,12869,4576"
22336,22336,"4798,10326,8562,12665,5303,13346,12857,3950,6220,10916"
22344,22344,"4798,6971,3950,5303,10326,2905,844,544,8483,9101"
22353,22353,"6659,9453,9942,544,12665,9101,10326,4798,5495,8562"
22356,22356,"4929,1244,9101,9295,11298,3697,544,6971,9962,12497"
22387,22387,"10326,4798,5303,13346,6433,8562,6971,12857,2140,10916"
22427,22427,"6971,544,4798,9101,9942,10326,8562,4413,12665,7330"
22428,22428,"1290,9693,2343,9101,11298,7120,544,9730,9295,2989"
22449,22449,"11298,7679,9101,11024,2989,1290,4576,544,12655,8978"
22452,22452,"9942,9101,544,13296,10429,11298,6220,7792,5495,1290"
22460,22460,"7679,7669,1371,11298,4163,9101,12869,2957,544,1290"
22467,22467,"1290,7120,10326,4798,1244,544,6971,4929,9101,10594"
22480,22480,"1290,544,7120,1244,9101,9962,789,4929,2989,2343"
22481,22481,"4798,10326,275,5303,8562,6971,9942,2140,13346,5495"
22484,22484,"5303,9942,3950,4798,5495,8483,11572,10326,1788,544"
22489,22489,"9693,2343,9942,5532,2537,544,6834,64,1220,9101"
22502,22502,"9101,11298,1244,1290,7679,7120,4576,3464,9330,544"
22510,22510,"1290,12869,9101,2989,11298,1244,7120,544,4545,9730"
22511,22511,"1290,1863,544,10429,7120,6220,9101,9942,4798,5495"
22514,22514,"4798,10326,5303,6971,9693,8483,8562,8421,2343,12857"
22520,22520,"1290,7120,4929,544,9101,10322,4798,5573,10326,9942"
22546,22546,"6971,4798,5495,2140,8205,8562,544,9101,10326,12857"
22551,22551,"8562,8413,3950,6220,12665,9942,13346,2218,3870,4413"
22582,22582,"11298,7120,1290,3464,8978,9730,9101,2989,11024,7679"
22595,22595,"9942,6220,12665,9693,2343,3950,5303,2218,3428,3870"
22597,22597,"4798,8562,13346,13249,10326,10916,3950,6326,544,1634"
22605,22605,"3428,3950,4277,9942,9768,217,12470,5495,13306,544"
22618,22618,"4798,544,9942,1290,7120,9693,9101,2343,11969,12869"
22641,22641,"544,717,4277,10326,10077,4798,8421,350,1328,8562"
22645,22645,"10326,4277,350,8562,9178,544,217,4798,652,9340"
22660,22660,"4798,8562,10326,3950,13346,6220,8483,5303,12857,6433"
22666,22666,"8562,4798,3950,2140,8413,5461,13346,9942,12665,5495"
22674,22674,"7120,1244,9101,4929,4576,9693,9730,11298,544,2989"
22678,22678,"1290,7120,544,11298,1244,9101,2989,9730,12665,2343"
22697,22697,"11298,1290,7120,11024,544,9730,9101,1244,1574,2989"
22698,22698,"3950,2218,13315,5495,6220,10326,13346,5199,9942,1889"
22705,22705,"1290,544,6971,8562,6220,10326,4798,5303,7120,2140"
22710,22710,"5676,8562,4277,5495,2343,544,9693,10326,5199,5303"
22714,22714,"3950,2218,13306,8413,8562,3055,3992,4798,544,9942"
22715,22715,"4798,5303,810,10916,5199,8562,6326,3055,10326,3950"
22720,22720,"10326,4798,4277,5495,544,2343,5303,6220,717,9693"
22734,22734,"4798,10326,5303,8562,2218,544,6971,5495,2140,275"
22735,22735,"4798,6971,2218,10326,5303,3950,13346,2140,6326,8483"
22736,22736,"8562,4798,5303,10326,6971,2218,13346,2140,6220,10916"
22747,22747,"2343,9693,10326,544,8562,10916,4798,7707,4277,9942"
22748,22748,"4798,6971,10326,2140,544,12857,1290,5303,9101,8562"
22759,22759,"9693,2343,13346,10326,6220,12665,13306,6795,544,9942"
22761,22761,"4798,10326,5199,6971,5495,3950,8562,2905,2218,2140"
22774,22774,"10326,9942,6971,4798,2218,5303,8188,5495,544,8562"
22783,22783,"8562,6659,2989,6220,10326,7707,3055,3950,544,8590"
22830,22830,"5495,9693,544,12470,10326,5676,5303,6220,6795,4277"
22831,22831,"7120,11298,4929,1244,9730,10663,9101,3697,2989,2916"
22846,22846,"544,10326,8562,4798,2343,13346,6220,6971,275,5303"
22850,22850,"1290,7120,1244,11298,9101,9962,544,4798,3737,9942"
22883,22883,"5495,2218,8562,4798,5303,275,9942,8483,544,9101"
22887,22887,"10326,4798,544,9693,13346,12665,6220,3950,4277,6971"
22893,22893,"9942,8562,5303,2218,12857,4798,12665,6220,3428,13346"
22905,22905,"6220,4798,2343,6433,8562,13315,8681,9693,3950,13346"
22923,22923,"4798,6220,10326,2218,8562,5303,717,9942,3950,12857"
22956,22956,"10326,4798,12857,217,6326,13346,3950,717,10916,4277"
22964,22964,"6220,544,9942,1863,8562,5545,5495,4798,9101,10326"
22972,22972,"11298,1290,1244,9101,7120,7679,9730,12869,2989,4664"
22985,22985,"6971,4798,544,10326,5495,5461,12665,9101,9942,8053"
23011,23011,"10326,4798,544,4277,350,717,8421,217,8562,1978"
23027,23027,"11298,2989,7679,9101,544,11024,1244,9730,1290,10389"
23036,23036,"9942,6220,10326,3950,6971,8562,2218,3428,13346,12665"
23038,23038,"5495,8562,13346,12665,3428,3950,6220,9942,6971,4798"
23046,23046,"10326,1290,9101,5303,4798,1244,12665,11298,2218,2989"
23051,23051,"8413,5303,2218,12857,4798,6220,5199,4277,9340,5495"
23057,23057,"544,9101,4798,10326,9942,2770,5495,12665,8562,11298"
23062,23062,"11298,7679,8978,1244,12869,9101,1290,4163,7669,9330"
23069,23069,"8562,5495,10326,5303,3950,4798,12665,13346,6971,6220"
23078,23078,"12665,5495,8562,2218,89,6220,2343,5303,9942,544"
23113,23113,"8562,4798,6220,2218,8413,3950,13346,5495,10326,9942"
23121,23121,"9101,11298,1290,544,4798,10326,9942,5495,9693,12665"
23123,23123,"4798,8562,10326,3950,544,4277,13249,13346,5303,6433"
23136,23136,"13346,5495,6971,8562,8413,4798,10326,8421,9942,6326"
23138,23138,"4798,3950,8562,13346,10326,10916,6971,4277,5303,12857"
23140,23140,"10326,544,12665,5303,6971,4798,6220,2218,8562,4277"
23170,23170,"4798,10326,3950,4277,13346,12857,5303,10916,8421,717"
23173,23173,"1290,7120,11298,9101,2989,1244,5303,10326,2343,544"
23179,23179,"544,6220,10326,2343,5303,810,6971,9693,13346,9942"
23196,23196,"4798,10326,8562,13346,3950,6220,5495,4277,9942,12665"
23199,23199,"2218,3950,6641,6220,544,4798,5495,3428,9942,9101"
23216,23216,"4798,10326,6971,275,5303,544,8562,9101,7578,844"
23226,23226,"8562,13346,5495,10326,3950,5610,12470,544,9101,8092"
23233,23233,"10326,5303,2218,4798,8562,8590,1328,8421,5495,6659"
23253,23253,"9693,2343,12665,6971,6220,5199,3055,10326,3950,9942"
23281,23281,"1290,544,7120,9730,11298,9101,9295,1244,3697,5969"
