ID,user_id,item_id
12,12,"4798,10326,5303,4277,8562,2140,12857,8483,8421,10916"
14,14,"6220,13296,1290,9942,8562,6971,4798,10326,544,7120"
17,17,"1328,10326,8147,544,4798,1290,1221,9942,7480,8562"
21,21,"10326,4798,6220,544,4277,2140,8562,6971,8421,13346"
44,44,"1290,11298,7120,1244,11024,9101,9962,4664,789,10607"
55,55,"10326,8562,4798,2218,13296,4277,3950,13346,6220,10916"
56,56,"6971,2343,89,5495,12665,4798,9693,8922,544,2218"
58,58,"10326,4798,6971,8562,544,4277,13346,5303,3950,6220"
59,59,"4798,3950,6220,10326,13346,9942,4277,12857,5545,6971"
79,79,"10326,6220,4798,13346,4277,8562,2343,544,6971,3950"
81,81,"1290,7120,11298,9101,2989,544,1244,12869,4929,4576"
85,85,"4798,10326,8562,2140,5303,6971,8590,6220,12857,2218"
92,92,"1290,11298,7120,12869,11024,4576,10389,1779,9295,4664"
97,97,"3950,12665,13346,9942,4798,5495,2218,10326,3055,4602"
100,100,"4798,10326,8562,13346,2140,8421,3950,10916,4277,6433"
112,112,"3950,6971,4798,6220,2140,8562,12857,7707,10326,544"
122,122,"10326,8562,3950,4277,4798,6220,217,717,10568,3428"
133,133,"2343,9693,544,9532,9942,8590,8483,6659,6220,1323"
141,141,"1290,6220,13296,8562,7120,1863,544,6971,10326,4798"
144,144,"9295,6954,13330,544,4798,12449,1290,7188,10326,1888"
149,149,"1290,7120,11298,4929,4576,10663,7679,1244,10674,2916"
153,153,"3950,4798,10326,6220,8562,2218,5303,13346,12857,8421"
166,166,"1290,6971,9532,544,7120,3464,5001,2989,10326,4798"
220,220,"8562,4798,6220,13346,9942,8413,2218,6326,5545,12665"
231,231,"3950,2343,9693,9532,12665,9404,5199,13346,5532,8562"
262,262,"1290,10326,6971,4798,7120,12857,4929,5303,13346,544"
274,274,"6220,6971,544,2218,4798,1290,10326,2140,12665,3950"
277,277,"2343,544,4277,4576,12470,12665,13346,6971,10326,89"
281,281,"1290,7120,6971,4929,9295,11298,10663,1244,789,5135"
291,291,"217,3428,717,4798,8421,10326,5303,544,9942,1290"
300,300,"10326,6220,8562,4798,6971,5303,4277,9942,544,3950"
310,310,"4798,5303,10326,8562,544,2218,2140,6220,4277,8421"
332,332,"5495,12470,13306,8188,609,3565,544,5155,1290,1642"
344,344,"10326,4798,4277,8562,217,6433,12857,8421,10594,13249"
359,359,"1290,544,6220,7120,13296,89,2989,9101,11298,1244"
380,380,"5495,5199,2343,2903,10835,5532,544,9942,1290,3950"
386,386,"6220,9942,8562,3950,12665,4798,3428,4277,6971,13346"
426,426,"3950,13346,6220,3055,8562,2218,12665,89,544,5199"
436,436,"4798,10326,4277,8562,6971,12857,544,13346,2140,8421"
453,453,"6220,6971,4798,89,544,8562,2218,13346,10326,5545"
461,461,"7120,544,10326,2989,6971,4929,1244,9101,11298,10663"
464,464,"4798,2140,10326,7138,544,1290,8562,9942,2291,13346"
473,473,"5495,12665,544,8562,1290,10326,4798,9942,8224,6378"
481,481,"10326,6220,4798,217,6383,717,350,8421,11969,12665"
490,490,"4277,275,350,4798,10326,8483,9340,544,10568,3428"
494,494,"4798,8562,6220,10326,6971,5303,3950,12665,9942,13346"
497,497,"1290,2989,7120,12869,7679,9730,11298,7669,12655,544"
510,510,"2343,544,3950,6220,9942,13346,3428,12665,8562,64"
511,511,"10326,4798,6220,8562,8421,12857,2140,4277,5303,717"
512,512,"1290,2343,9693,544,7120,1244,4576,5532,11298,2989"
524,524,"1290,7120,12869,9962,11298,1244,789,4664,9295,4929"
525,525,"10326,4798,544,4277,5303,3950,6971,2218,8562,2140"
545,545,"10326,4798,8421,10594,9293,8562,544,12857,217,8161"
560,560,"8562,10326,3950,6220,4798,13346,544,3428,6433,217"
564,564,"2343,9693,6795,275,10326,6834,3055,8562,544,2537"
566,566,"2343,13346,9942,4798,3416,3950,5303,8562,12665,13306"
568,568,"6220,217,4277,10326,3428,2343,4798,544,5495,8562"
570,570,"8562,6220,7707,2218,13296,544,8681,10429,10326,4798"
573,573,"4798,4277,10326,3950,13346,8562,6220,217,6433,2140"
594,594,"8562,6220,3950,10326,4798,13346,5303,4277,12665,2140"
601,601,"10326,4798,2218,5303,6220,8562,3950,6971,12665,1290"
605,605,"3950,2905,5495,4798,12611,10326,544,5999,8055,1290"
641,641,"6220,4798,3950,9942,2343,10326,3428,13346,5495,544"
650,650,"9942,6220,3950,2218,217,3428,5545,5303,8562,544"
675,675,"6220,9942,6971,8562,12665,3950,4798,7707,3870,5545"
677,677,"1290,7120,4929,10663,9962,789,2916,3697,1244,544"
679,679,"10326,544,6971,6220,9942,5303,4798,8562,4277,2218"
683,683,"3950,8055,13346,8562,5610,4798,9245,544,8746,1290"
687,687,"10326,4798,544,8562,6220,13346,1290,12665,5303,8421"
705,705,"275,4798,5303,544,4277,10326,12404,1290,7063,9942"
708,708,"1290,7120,544,1244,11298,9101,11024,6971,4576,2989"
712,712,"6220,9942,3950,8562,5495,13306,12665,13346,2218,10326"
715,715,"4798,2140,5303,6971,10326,13346,8562,3950,544,1290"
728,728,"1290,7120,11298,1244,9101,4576,9962,2989,789,544"
743,743,"2343,2218,12665,544,9693,10326,5532,2903,6971,3950"
753,753,"6220,7707,544,8562,9942,5495,2989,3950,8333,8208"
757,757,"4798,10326,5303,6971,9942,13346,6220,8421,3950,2218"
768,768,"5495,3950,8413,2218,13346,10326,8562,12470,5303,6220"
797,797,"2343,5532,6795,10835,9532,544,6220,2537,6834,10326"
813,813,"12665,1290,6220,6971,544,11298,10326,9942,7120,4798"
832,832,"1290,7120,11298,4929,6971,10663,9101,1244,9295,12869"
833,833,"10326,6220,4798,9942,8562,5303,3950,13346,2140,275"
844,844,"2343,12665,13346,6220,6971,9942,10326,5545,4277,64"
858,858,"10326,4277,544,3950,6220,8562,50,4798,1290,8590"
874,874,"11298,12869,4576,11024,6220,1290,9730,544,7120,10389"
875,875,"10326,12470,8562,5303,4277,4798,544,6220,13296,13346"
892,892,"4798,6220,8562,5303,2140,7707,10326,544,6971,1290"
897,897,"3950,3428,13346,6220,9942,12665,8055,4602,544,8562"
912,912,"1290,7120,4798,8590,6971,4929,10326,9295,5303,544"
924,924,"6220,13346,8562,5545,9942,5485,4798,7707,12665,12606"
926,926,"6220,1290,13296,544,5545,9942,12665,7707,8562,10326"
933,933,"5303,4277,6220,10326,2140,544,5495,8562,2218,9178"
944,944,"8562,6220,3950,9942,2343,5545,89,13346,13296,3428"
951,951,"5495,4798,2218,6971,6220,5303,8562,8590,10326,12470"
974,974,"8562,6220,544,9942,4798,3950,13296,5545,3428,13346"
1010,1010,"9306,4798,544,1290,10326,5946,9942,383,13214,8562"
1013,1013,"6971,89,12665,7983,4798,1290,3950,8562,544,7024"
1016,1016,"1290,4798,2218,6220,8562,7120,9942,6971,8590,5303"
1023,1023,"1290,7120,6220,6971,1244,89,11024,13296,11298,12665"
1035,1035,"544,12665,6971,5303,1290,10326,4277,6220,2140,2218"
1046,1046,"1290,544,7120,11298,10326,5303,1244,9101,6971,4576"
1051,1051,"1290,7120,2989,8590,9942,2218,544,8562,6220,10326"
1057,1057,"10326,5303,8421,6971,4798,7138,12857,8562,8483,10594"
1064,1064,"1290,7120,4798,6971,10326,8590,4929,2140,10663,5303"
1080,1080,"4798,7589,544,10326,12104,1290,11552,10566,9998,8562"
1089,1089,"10326,8562,4277,4798,544,6220,217,13346,3950,5303"
1090,1090,"13346,8562,10326,4277,3950,6971,4798,10916,8421,2140"
1103,1103,"8562,10326,4798,13346,10916,3950,6433,217,4277,5303"
1123,1123,"1290,7120,6971,4929,10663,544,6220,12030,4798,10326"
1134,1134,"10326,4798,8562,5303,4277,13346,8421,3950,2140,12857"
1136,1136,"3950,8562,4798,10326,9942,2218,4277,13346,12665,5545"
1139,1139,"6220,5495,13296,9942,544,7707,6971,1290,5545,8562"
1154,1154,"6220,3428,12665,544,10326,9942,4277,2343,4798,7707"
1169,1169,"1290,6220,11298,1244,544,4929,4576,2989,9101,6971"
1173,1173,"8562,8188,6220,7707,3950,4798,13296,2218,13346,10429"
1178,1178,"544,1290,5875,10326,8235,4798,7024,11403,8562,9942"
1190,1190,"8562,3950,4798,6971,5303,10326,13346,12665,2218,6326"
1205,1205,"6220,8562,4798,3950,5303,6971,10326,8413,13346,9942"
1217,1217,"11298,1290,2989,11024,7120,4576,1244,12869,9730,7679"
1218,1218,"544,2343,9693,6220,9942,9101,89,13296,9532,5532"
1230,1230,"6220,8562,10326,4798,3950,12665,2218,544,2343,6971"
1250,1250,"10326,8562,4798,4277,5303,6433,2140,10594,8161,6220"
1252,1252,"3950,2343,4798,12665,5303,5199,6971,5532,8562,6220"
1276,1276,"2343,9693,5532,2218,9942,5199,544,10835,5999,4798"
1279,1279,"1290,7120,789,9962,11298,6971,5135,1244,4929,544"
1281,1281,"10326,217,4798,5303,8590,8421,4277,12857,275,8562"
1288,1288,"3950,8562,6220,4277,3428,5303,5495,13346,7707,2218"
1305,1305,"11298,9730,1244,1290,9962,4664,789,10607,5135,1779"
1320,1320,"8562,4798,3950,8413,6326,10916,10326,13249,12857,544"
1321,1321,"3950,5495,10326,13346,6971,5199,5303,10835,4798,2343"
1328,1328,"9942,6220,6659,2218,13296,8562,7707,3870,5545,5303"
1343,1343,"4798,10326,8562,4277,6971,12857,544,8421,13346,2140"
1345,1345,"1290,7120,544,2989,11298,4277,4576,10326,4798,4664"
1374,1374,"11298,7120,1244,12869,7679,4664,4576,9101,11024,10607"
1410,1410,"1290,7120,4929,10326,10663,544,1863,11298,4798,9942"
1414,1414,"12857,6433,10326,10594,8161,8483,8562,544,1290,4798"
1420,1420,"8562,6220,9942,4798,2218,13296,3950,5545,13346,7707"
1440,1440,"8590,2343,8562,544,1290,10326,9693,9942,4798,7120"
1441,1441,"2989,6220,9942,544,10429,8562,1290,7679,10326,3487"
1443,1443,"4576,1290,11298,11024,1244,9101,2989,544,4664,7679"
1458,1458,"1290,7120,11298,1244,10326,544,9101,9295,4277,4929"
1492,1492,"6220,9942,13346,3950,4798,5545,6971,10326,3870,8562"
1496,1496,"10326,4798,6971,5303,1290,8562,544,8590,2218,275"
1499,1499,"3950,12665,3055,10326,4798,5303,13346,5199,2343,8562"
1504,1504,"1290,11298,7120,9101,544,11024,2989,12869,1244,7679"
1516,1516,"6220,8562,13346,2343,9942,3950,4277,2140,10326,13249"
1523,1523,"9455,4798,217,2767,8363,544,1978,1290,10326,13346"
1534,1534,"544,1290,10326,4798,9942,8562,11298,7120,11758,2989"
1539,1539,"1290,6220,7120,544,11298,11024,9942,4576,11969,12665"
1559,1559,"1290,7120,2989,4576,6971,11024,1244,9101,4664,10389"
1572,1572,"6220,9942,3950,12665,8562,544,2218,10326,3428,4798"
1573,1573,"10326,4277,12857,4798,8421,717,5303,544,10594,217"
1601,1601,"544,6220,1290,7707,9942,6971,7120,13296,9101,4798"
1603,1603,"4798,8562,3950,10326,5610,1383,13346,544,1290,8746"
1604,1604,"217,544,4277,350,4798,13346,1978,717,10326,3950"
1613,1613,"1290,11298,2989,4576,11024,7120,7679,544,1244,4664"
1634,1634,"4798,10326,4277,6659,6220,3950,8562,1328,6971,9404"
1642,1642,"3950,8562,4798,6220,13346,2218,9942,10326,13249,11572"
1643,1643,"1290,7120,1244,2989,6220,6971,11298,4929,544,10663"
1654,1654,"8562,6220,3950,4798,9942,544,10326,6971,13296,9693"
1657,1657,"11298,2989,11024,544,12655,7679,4576,10389,1244,12995"
1674,1674,"1290,6971,2343,6220,89,4798,544,9942,10326,2218"
1702,1702,"6220,10326,8562,13346,13110,7707,6326,5545,9942,3950"
1719,1719,"6659,3950,6220,9942,3428,544,8562,4256,13296,10326"
1725,1725,"8562,4798,3950,6220,10326,13346,12857,4277,6326,9942"
1726,1726,"1290,6971,7120,4798,4929,10326,8562,544,238,2140"
1728,1728,"544,1290,2343,4576,11969,9693,6971,8590,10326,2989"
1735,1735,"89,1290,5875,12757,8235,7024,544,13191,10326,12665"
1739,1739,"1290,7120,4929,10663,3697,544,10326,4798,11298,1244"
1774,1774,"10326,4798,3950,8562,4277,6220,3428,13346,5303,6971"
1780,1780,"4798,10326,544,4277,9101,11969,6220,1323,350,217"
1799,1799,"217,6270,10808,2771,4892,544,1290,10326,2963,8459"
1813,1813,"4798,8562,10326,3950,9942,13346,2218,6220,5303,13296"
1834,1834,"8562,3950,13346,12857,4798,10326,10916,6326,6971,544"
1835,1835,"12470,5495,6659,8562,544,1290,10326,8911,4798,9942"
1841,1841,"1290,11298,1244,12869,9962,789,10607,5135,9295,9101"
1863,1863,"3950,6220,3428,8562,9942,5545,12665,4277,10326,2140"
1878,1878,"8562,3950,13346,9942,6220,3428,12857,8413,6326,5545"
1879,1879,"2343,4798,6971,10326,8562,13346,5532,6795,5303,544"
1910,1910,"1290,7120,6971,10663,4798,10326,8590,6591,2343,2140"
1911,1911,"8562,4798,10326,5303,13249,544,8421,350,12606,1290"
1919,1919,"13346,2343,9693,6220,9942,5545,6971,3870,6795,544"
1925,1925,"12869,7679,4163,11298,9730,2957,1558,4216,1851,9330"
1926,1926,"11298,11024,9962,1290,1244,8978,789,4664,7120,544"
1931,1931,"10326,544,7275,1290,2940,4798,9850,10107,9942,8562"
1940,1940,"4798,10326,6971,8562,5303,6220,2218,13346,4277,2140"
1968,1968,"4798,10326,5303,1328,8483,4277,13249,217,8590,350"
1981,1981,"4798,3950,6971,13346,8413,10326,12857,5303,6326,12665"
1992,1992,"1290,7120,11298,10663,1244,2916,12497,2989,6243,544"
1998,1998,"11298,11024,1290,1779,4664,9295,10607,9101,4036,2989"
2000,2000,"1290,7120,4929,9962,789,10663,11298,5135,1244,9295"
2017,2017,"8562,3950,4798,13346,4277,6971,10326,12857,6220,5303"
2036,2036,"5875,544,1290,10326,4798,9942,8235,8562,11298,13112"
2044,2044,"2343,9693,544,11969,6220,8562,10326,4798,3950,5461"
2047,2047,"1290,11298,1244,7120,9101,1779,12869,6591,10607,4664"
2052,2052,"5303,10326,544,350,8161,1290,1328,8562,4798,6971"
2055,2055,"5495,544,1290,10326,4798,9942,5760,6060,3545,8562"
2069,2069,"6220,8562,2218,9942,8413,3950,5545,13296,2140,3428"
2075,2075,"2343,6220,3950,4798,9693,5303,10326,13346,9942,4277"
2089,2089,"4277,10326,4798,8421,717,8562,10077,10594,10916,8161"
2093,2093,"4798,12665,6220,8562,5303,3950,2218,9942,6326,10326"
2127,2127,"10326,4798,2140,544,1290,1295,7063,4277,8562,8161"
2135,2135,"6220,9942,12665,3950,5545,3428,8562,2218,3870,13346"
2137,2137,"6220,12665,3950,13346,89,8562,2343,5545,8235,7983"
2141,2141,"6220,2218,8562,8413,7707,9942,5545,13296,544,8188"
2147,2147,"1290,544,7120,4576,6220,8562,7669,4664,9101,12869"
2150,2150,"10326,4277,8562,12857,350,4798,717,544,8421,6433"
2153,2153,"4798,10326,6220,8562,12857,5303,6326,6971,4277,13249"
2158,2158,"1290,11298,2989,544,7120,9101,4576,1244,12869,11024"
2178,2178,"8562,5495,13346,2343,4798,8590,5199,13249,10835,9942"
2180,2180,"6220,8562,13346,3950,2343,6383,3428,12665,9942,5676"
2181,2181,"2989,11298,1290,3464,7120,544,1779,1244,4576,11024"
2193,2193,"6220,3950,9942,8413,4413,544,4798,1290,8562,10326"
2216,2216,"10326,4277,8562,4798,13346,8421,544,6433,7707,10916"
2224,2224,"8562,5495,3950,10326,12470,2343,5303,8413,6220,5545"
2231,2231,"2343,6971,5532,8590,5199,89,1290,544,9942,2903"
2242,2242,"6220,4277,3950,5495,13306,217,5545,3428,8562,8681"
2243,2243,"5495,2343,9693,544,2903,3127,5532,10326,5199,5676"
2247,2247,"9730,4443,544,4266,8579,13043,5532,1290,10326,5495"
2262,2262,"544,11298,1290,11024,4576,1244,9101,4664,7120,10389"
2271,2271,"8562,10326,4798,3950,4277,544,5303,2218,13296,13346"
2284,2284,"3950,13346,6971,8413,6220,4798,8562,5495,3992,12665"
2287,2287,"13306,8188,8562,5495,3950,544,1290,10326,4798,9942"
2291,2291,"5303,2140,2218,10326,6971,4798,6220,8590,3950,4277"
2293,2293,"4798,5303,1290,2218,7120,544,6971,11298,2343,9730"
2294,2294,"4798,10326,8562,12857,6433,5303,10594,6326,4277,8421"
2301,2301,"4798,6971,6220,2218,5303,8590,6659,10326,8421,13249"
2310,2310,"6220,9942,544,12665,10326,13296,8562,3950,6659,5545"
2341,2341,"4798,8562,6971,10326,13346,3950,6220,12857,5303,2218"
2345,2345,"11298,9101,4576,11024,7679,11918,12655,2989,10137,12869"
2348,2348,"1290,7120,11298,1244,9101,4576,544,9730,2989,4929"
2349,2349,"6971,4798,10326,13346,544,4277,5303,8562,3950,2343"
2350,2350,"10326,4798,1290,6220,4277,544,6971,7120,5303,8590"
2355,2355,"10326,4277,4798,8562,12857,3950,8421,10916,350,6433"
2383,2383,"10326,4798,8562,4277,13346,6326,12857,3950,717,544"
2393,2393,"4798,10326,6971,2140,544,1290,9306,8562,2291,9942"
2399,2399,"7120,4929,1244,10326,4798,544,10663,6220,6971,9101"
2421,2421,"2343,544,10326,5532,4798,6795,12665,13346,5495,2537"
2435,2435,"9532,9942,2343,2989,11024,12483,544,1290,10326,11298"
2448,2448,"5495,10835,544,8590,5875,9942,1290,5199,4798,10326"
2452,2452,"1290,7120,4929,6971,10663,12497,544,1220,9295,2989"
2464,2464,"8562,6220,9942,3950,5545,10326,13296,3870,4798,13346"
2470,2470,"12857,3950,8562,5642,217,10594,10326,2063,544,1290"
2478,2478,"6971,1290,2218,5303,8590,89,5199,10835,12665,544"
2506,2506,"6220,3950,3428,4798,8562,10326,10594,5495,4277,7359"
2523,2523,"6971,10326,4798,12044,8235,544,1290,5875,8562,9942"
2527,2527,"1290,7120,4929,10663,13267,12497,544,5573,10322,10326"
2528,2528,"3950,4798,8562,12857,6326,6220,10326,9942,5303,544"
2530,2530,"3950,13346,8562,2218,10326,6220,5199,5303,10835,4798"
2533,2533,"6220,9942,3950,8562,7792,8188,597,13310,8413,544"
2540,2540,"8562,8483,13346,3950,4277,10326,4798,217,9942,544"
2558,2558,"3950,8562,13346,10326,2343,12665,6971,9942,89,5545"
2559,2559,"6220,8188,6659,12665,3950,5545,9942,13296,7707,8562"
2592,2592,"4798,10326,6220,13346,6971,544,8590,275,1290,4277"
2599,2599,"10326,8562,4798,4277,5303,6220,6971,3950,2140,544"
2608,2608,"6220,9942,8562,12665,3950,5545,3428,13296,2343,7707"
2613,2613,"11298,1290,2989,11024,7120,9730,12869,4576,9295,4664"
2616,2616,"8413,9942,8562,544,4798,5495,4181,1290,10326,6270"
2617,2617,"544,1863,1290,4798,8562,6220,10326,7707,9942,5495"
2619,2619,"3950,9942,6220,89,8562,13346,544,5199,10326,931"
2622,2622,"1290,7120,11298,1244,789,5135,544,9295,11024,10607"
2629,2629,"1290,1244,11298,544,9101,7120,4576,11024,2989,6220"
2648,2648,"1290,1244,9101,7120,544,2989,4576,10389,7679,12869"
2654,2654,"4798,10326,6220,8562,5303,6971,3950,7707,2140,12665"
2668,2668,"6220,1290,10429,544,8562,8188,5976,10326,9942,7120"
2703,2703,"5495,4576,3565,5199,9942,544,4118,1290,3950,10326"
2710,2710,"13346,4277,3950,10326,4798,8562,6383,8483,12857,6326"
2713,2713,"4798,10326,6971,13346,5303,8562,3950,6326,9942,2140"
2722,2722,"7120,2989,11298,1244,9101,4929,10663,4576,9730,544"
2724,2724,"1290,7120,4929,10663,6971,1244,8590,2916,9295,12497"
2727,2727,"6220,10326,2218,6971,5303,8562,4798,9942,13296,2140"
2755,2755,"7669,11298,1290,2989,12869,4576,544,9101,11024,7679"
2769,2769,"4277,13346,4798,275,8562,7707,12404,3950,10326,6220"
2776,2776,"10326,2218,5303,544,9942,5532,8562,5199,1290,10835"
2781,2781,"1290,7120,4929,10663,6971,1244,4576,8590,544,9295"
2782,2782,"1290,7120,11298,4929,1244,7679,10663,4576,10607,2989"
2789,2789,"2343,9693,5199,5532,3950,4798,13346,10835,544,10326"
2794,2794,"9942,3950,7707,2903,5545,12665,8562,6220,10835,2343"
2804,2804,"6220,3950,2218,5303,8562,5545,9942,64,2343,13296"
2819,2819,"544,6220,12665,3950,8562,10326,5495,5303,2343,4798"
2846,2846,"6971,9942,8562,6220,7707,5303,544,4798,10326,2218"
2851,2851,"7669,12869,2989,11024,11298,10389,4576,4664,544,4163"
2861,2861,"10326,4277,9404,7707,8562,9532,544,3950,217,5199"
2862,2862,"6220,9942,12665,13296,11024,8590,1290,2343,89,7707"
2867,2867,"13346,10326,350,9178,4798,4277,544,8822,10594,8562"
2873,2873,"2343,5495,544,9693,13408,1290,5532,6971,3127,12470"
2880,2880,"6220,8562,7707,9942,13296,544,1863,10429,4798,10326"
2881,2881,"10326,4798,12857,10916,10594,8562,8421,13249,4277,13346"
2886,2886,"4277,4798,5303,12665,6220,10326,50,2140,544,3950"
2891,2891,"2343,9693,10326,13346,4798,6971,5532,6795,9942,6220"
2908,2908,"544,1290,10326,7120,4798,4277,2140,5303,6971,275"
2910,2910,"544,6220,9693,2343,6971,5303,7707,8562,4798,9942"
2915,2915,"10326,4798,3950,9942,8562,5495,5303,2218,6220,3577"
2935,2935,"6971,5303,544,6220,2218,5199,8590,10326,1290,3950"
2946,2946,"1290,544,11298,2989,4576,1244,9101,12869,4929,10389"
2948,2948,"544,1290,6220,2989,7120,11298,4576,9101,11024,10389"
2969,2969,"2218,3950,6971,2140,9942,4798,544,1290,10326,8235"
2979,2979,"11298,1290,12869,11024,7120,10389,1244,7679,2989,4576"
3036,3036,"1290,3464,7120,11298,6248,7679,2989,8315,2769,7220"
3050,3050,"3950,10326,4798,2343,13346,8562,9942,6220,5532,8421"
3056,3056,"6659,10326,544,4798,1290,6199,1328,9942,8562,4803"
3061,3061,"4798,10326,4277,8562,8421,5303,3950,217,12857,717"
3066,3066,"6220,8562,7707,6659,4798,13296,5545,10326,9942,3950"
3069,3069,"10326,4798,12857,13346,2218,6326,217,13249,8421,5303"
3094,3094,"10326,4277,8562,4798,5303,217,350,544,12857,8421"
3106,3106,"6220,3950,12665,8562,2218,8188,6659,9942,10326,4277"
3110,3110,"1290,7120,4929,10663,2916,12497,544,8590,13267,6971"
3115,3115,"2343,5532,5199,9693,12665,544,10326,6220,2903,6971"
3136,3136,"1290,6971,6220,8562,2218,544,9101,10326,5303,7120"
3159,3159,"10326,3950,1328,4798,8590,8562,6659,9404,13346,3428"
3166,3166,"10326,5495,544,6220,4277,2343,5303,4798,12665,1290"
3172,3172,"1290,2343,11298,544,9693,89,9101,1244,5532,9532"
3200,3200,"13346,3950,10326,2343,4277,4798,8562,544,5676,1210"
3217,3217,"13346,3950,10326,2218,4798,8562,6220,10568,9942,9733"
3218,3218,"1290,7120,1244,11298,4664,544,11024,9101,10389,13296"
3229,3229,"4798,10326,13346,4277,275,5303,1210,2140,12404,9340"
3230,3230,"544,1290,10326,7120,6971,4798,6220,2989,5303,9101"
3274,3274,"6971,4798,5303,2140,10326,7063,544,6433,1290,8562"
3285,3285,"10326,4277,5303,8562,12857,3950,4798,544,350,8421"
3316,3316,"6220,9942,8562,3428,13346,13296,5545,13110,12665,3870"
3319,3319,"8562,4277,4798,10326,3950,350,8421,13346,1328,8483"
3323,3323,"10326,8562,3950,4798,4277,6220,5303,13346,12665,544"
3346,3346,"6971,4798,1290,5303,12665,2140,2989,10326,11298,11024"
3354,3354,"10326,8562,13346,9942,11969,4798,3565,6220,1328,1889"
3368,3368,"4798,3950,6220,8562,4277,10326,2218,217,13346,3428"
3374,3374,"1290,9942,5545,3428,7120,7707,8562,13296,12665,3870"
3391,3391,"10326,8562,3950,4277,6220,12857,217,4798,8421,3428"
3397,3397,"8562,2343,6220,10326,13346,89,3950,9693,4798,6326"
3404,3404,"7707,8562,6220,544,10429,5495,4798,10326,1290,9942"
3408,3408,"8562,6971,4798,2218,5303,12665,2140,9942,6220,3950"
3416,3416,"2343,9693,544,6795,2989,5532,6971,1290,9942,11298"
3422,3422,"4798,1290,10326,544,6971,5303,6220,7120,8421,4277"
3423,3423,"544,6220,8562,5303,7707,10326,12665,8681,4277,5495"
3426,3426,"6220,9942,5545,3950,6971,7707,4798,3870,12665,6659"
3436,3436,"6220,10326,8562,544,13346,4798,12665,6971,13296,2343"
3448,3448,"12857,8562,10594,6220,4798,6433,10326,10869,544,2140"
3464,3464,"9942,8562,3950,12665,5545,13346,6220,13306,3428,5642"
3472,3472,"1290,7120,6971,11298,6220,1244,2218,4929,89,8562"
3477,3477,"6220,9942,544,8562,10326,5303,3950,5495,5545,13296"
3488,3488,"3950,13346,5303,6220,4277,4798,10326,12857,8562,2140"
3497,3497,"13346,4798,3950,8562,12665,9942,10326,3428,6971,5199"
3504,3504,"1290,7120,1863,544,7637,1244,10326,11298,4798,2020"
3517,3517,"13346,8562,3950,5303,4798,12857,10326,2140,6220,8413"
3538,3538,"5495,5303,10326,12668,217,4798,4534,2218,2140,8562"
3544,3544,"3950,6220,4798,12665,2343,9942,10326,9532,64,13346"
3547,3547,"6220,4277,217,4798,10326,717,13249,3950,8421,13346"
3569,3569,"10326,275,6971,12665,2140,2343,8590,5303,6220,4798"
3570,3570,"9649,544,10326,1290,4798,170,7902,7616,8705,9942"
3575,3575,"10326,4277,4798,13346,3950,1543,544,9942,5303,6220"
3579,3579,"4277,544,13346,217,2343,6220,4798,10326,3950,717"
3588,3588,"1290,6220,7120,544,13296,8590,6971,7707,9942,10326"
3592,3592,"2989,1290,12869,11024,4576,544,7679,2874,11298,9942"
3617,3617,"10326,4798,8562,6220,4277,2140,5303,3950,8421,6971"
3632,3632,"3950,6220,9942,8413,544,4602,1290,12665,8562,10326"
3650,3650,"2140,544,4798,10326,7063,1290,9942,11298,13214,7383"
3654,3654,"10326,350,1328,12857,5303,4277,2140,4798,13346,9178"
3656,3656,"1290,5303,10326,4798,6220,7120,9942,544,2199,8562"
3678,3678,"1290,544,6220,7120,6971,9942,4798,9693,3950,12665"
3681,3681,"544,1290,8112,10326,4798,9942,8562,6199,11298,8540"
3683,3683,"4798,10326,5303,8421,10594,6971,4277,544,1290,8562"
3685,3685,"10326,4798,3950,4277,5303,544,2218,8590,2140,10594"
3699,3699,"1290,7120,3464,11298,1244,2989,7679,1779,10389,544"
3707,3707,"6220,8562,8590,9942,544,1290,11047,8188,10326,12644"
3731,3731,"1290,7120,1244,2989,4576,4929,544,10663,11024,9101"
3737,3737,"4798,8562,5303,10326,2218,6433,1978,3950,12857,8483"
3739,3739,"8562,7707,6659,13346,544,8188,8413,4798,10326,6220"
3744,3744,"3950,6220,13346,12665,9942,8562,5545,4798,3428,13306"
3753,3753,"10326,4798,6971,13346,5303,3950,8421,10916,12857,2140"
3778,3778,"6220,2218,3950,5303,8562,4798,9942,10326,5495,13346"
3786,3786,"8562,6220,3950,9942,13346,2140,5545,3870,5303,4798"
3790,3790,"8562,13346,3950,6220,2218,4798,9942,5495,5303,1889"
3804,3804,"4277,217,10077,717,8421,3950,350,544,13346,6383"
3805,3805,"3950,8562,5303,10326,4798,6220,2218,13346,5199,10916"
3819,3819,"10326,544,6220,3950,8562,2218,4798,5303,4277,9942"
3827,3827,"544,2459,1290,10326,516,11337,4798,7910,9942,10536"
3829,3829,"10326,4798,8562,5303,12857,13346,6971,3950,8421,10916"
3841,3841,"10326,6971,2343,2140,544,5303,6220,8562,13346,4277"
3849,3849,"1290,11298,7120,9730,9962,789,5135,12869,1244,9101"
3928,3928,"1290,7120,1244,11298,4929,4576,9101,9295,12869,10663"
3988,3988,"11298,6288,8978,7679,7342,4163,2957,11024,9732,3464"
3994,3994,"1290,7120,2989,11298,6220,1244,9101,544,11024,4664"
3998,3998,"13346,9942,3950,10326,2411,3428,4277,5461,3799,12665"
4012,4012,"3950,13346,4798,544,8562,1290,11540,10326,9942,11298"
4021,4021,"5303,2343,2140,6971,4798,10326,544,8161,8205,12758"
4022,4022,"4798,8562,6220,4277,6971,3950,12665,13346,5303,2140"
4047,4047,"9942,6220,544,8188,3428,8562,4798,10326,1290,3950"
4073,4073,"1290,2989,544,11298,1244,4929,4576,9101,6971,11024"
4099,4099,"544,1290,5495,6220,7120,2218,6971,12470,5303,8590"
4100,4100,"544,1290,8562,10326,4798,9942,5495,11298,7120,8703"
4120,4120,"12470,13408,6220,12668,12099,5199,2218,10326,7707,1323"
4126,4126,"1290,7120,544,11298,9101,4929,4576,10326,11024,789"
4136,4136,"4798,8413,8562,12857,6326,10326,13346,3950,5303,544"
4160,4160,"7669,1290,7679,12869,4163,11298,2957,7120,9330,1558"
4173,4173,"1290,7120,6971,4576,1244,544,8590,11298,89,10389"
4177,4177,"1290,7120,11298,544,9730,4576,2989,11024,1244,9101"
4183,4183,"10326,4798,4277,5303,8421,544,8562,6220,717,6971"
4191,4191,"1290,7120,4929,1244,10663,2916,12497,544,6243,10326"
4195,4195,"8562,10326,4798,4277,13346,2140,12857,2218,5303,13249"
4213,4213,"6220,544,2343,6971,5495,9942,9693,10326,13306,12470"
4226,4226,"9942,217,5495,3950,13249,13346,4277,3428,12665,5109"
4227,4227,"1290,7120,9295,11298,9101,275,1779,4576,1244,11299"
4232,4232,"13346,3950,4798,10326,8562,13249,11540,9942,544,1290"
4255,4255,"10326,4798,4277,13346,8421,350,8562,5303,544,717"
4258,4258,"12869,544,1888,9295,4545,1290,11298,11024,1244,6569"
4274,4274,"5303,8421,1328,10326,350,8483,4798,1912,544,1290"
4289,4289,"1290,2218,6220,8590,7707,7120,9942,10326,544,5545"
4295,4295,"10326,8562,6220,4277,4798,7707,3950,5545,13249,13346"
4300,4300,"6220,3950,13346,8562,3428,9942,4798,217,12665,10326"
4334,4334,"12857,13346,8562,10326,4277,8205,8822,4798,217,544"
4361,4361,"4798,8562,10326,3950,13346,6326,5303,5199,544,8235"
4377,4377,"4798,3950,8562,13346,10326,6270,3428,13249,5610,9942"
4412,4412,"1290,7120,11298,9730,4929,2989,1244,3464,10663,9295"
4415,4415,"13346,12857,8413,7919,1042,3950,10326,5348,544,8562"
4424,4424,"4798,13346,10326,8562,6971,544,1290,9942,8981,11298"
4425,4425,"4277,10326,350,10594,8421,217,4798,8562,1978,12857"
4430,4430,"8562,10326,4798,3950,13346,5303,6220,4277,12857,6971"
4433,4433,"4798,8562,10326,8413,6220,5303,8421,12857,10594,5495"
4436,4436,"10326,4798,544,6220,8562,5495,9942,2140,1290,5731"
4458,4458,"10326,4798,3950,5303,13346,8562,13249,10916,6326,6220"
4461,4461,"10429,1863,7707,8562,544,1290,10326,5495,9942,4798"
4488,4488,"3950,6220,12665,9942,13346,5545,3055,89,5676,4602"
4497,4497,"1290,7120,4929,1244,11298,10663,9295,4576,544,8590"
4498,4498,"10326,4277,5303,350,2140,4798,544,3950,8421,9072"
4504,4504,"6220,9942,3950,5495,544,1290,4798,10326,1530,3696"
4510,4510,"6220,1290,9942,3950,6971,12665,2218,5303,8590,4798"
4512,4512,"544,1290,10326,4798,11395,9942,8562,3960,11298,7120"
4513,4513,"6220,10326,2218,544,5303,4798,3428,7707,5495,217"
4516,4516,"1290,11298,7120,12869,11024,1244,9730,4576,9101,2989"
4526,4526,"6220,8562,544,4798,9942,3428,12665,3950,4277,13296"
4528,4528,"8562,13346,4798,10326,6971,2218,5545,12665,6220,6326"
4542,4542,"3950,4798,8562,13346,6971,6220,12857,4277,2343,544"
4559,4559,"1290,7120,11298,9295,9730,1779,11299,2989,10663,4929"
4572,4572,"8562,3950,13346,8413,544,10326,4798,1290,12800,11540"
4575,4575,"8562,6220,3950,4798,5303,12665,4277,7707,5545,10326"
4583,4583,"4277,217,8562,13346,4798,10326,12857,1323,6326,8421"
4602,4602,"6220,8562,6971,7707,5545,4798,275,3950,1018,2140"
4608,4608,"11298,1290,1244,11024,7120,7679,4576,2989,4664,10389"
4609,4609,"13346,3950,10326,8562,5495,11000,9072,8590,3065,1978"
4626,4626,"13346,8562,3950,2343,64,6220,5545,9942,6971,13296"
4642,4642,"3950,8562,5495,2343,6220,7707,3428,13346,5545,5532"
4653,4653,"8562,2343,6971,6220,7707,9942,9693,12665,5545,8681"
4664,4664,"1290,11298,7120,1244,11024,4576,4929,9295,9101,4664"
4665,4665,"1290,7120,4929,10663,12497,2916,544,5573,6243,1244"
4672,4672,"1290,11298,7120,11024,2989,1244,544,9101,4576,10389"
4680,4680,"4277,3950,4798,10326,12857,6220,217,350,1328,6433"
4705,4705,"10326,4798,8562,3950,5495,12665,5303,5532,9942,10835"
4707,4707,"1912,8562,8373,5996,12857,544,1290,6497,10326,4798"
4711,4711,"5495,8562,3950,12470,5199,8413,6220,8590,544,13112"
4732,4732,"12665,3950,544,5461,5199,5495,10326,1323,5532,9733"
4734,4734,"1290,7120,6220,4929,6971,10663,9942,12665,89,8590"
4735,4735,"1290,7120,4929,10663,544,7637,9083,2989,10326,4798"
4749,4749,"544,6220,9942,2343,9693,7707,5545,1863,4576,12665"
4751,4751,"10326,6971,4798,13346,5303,9942,3950,8562,12665,544"
4762,4762,"6971,3055,4798,8562,2218,13346,8922,5875,6220,2789"
4767,4767,"10326,8562,4798,6220,1290,544,8188,10429,1863,7120"
4771,4771,"10326,4798,8562,6220,3950,5303,544,13346,4277,9942"
4773,4773,"2218,12665,10326,6220,8413,5495,6971,5303,2140,3950"
4776,4776,"8562,12665,544,2989,1290,10429,10326,4798,10802,3578"
4783,4783,"9942,6220,3428,5545,13306,3950,6659,8562,2218,13110"
4788,4788,"4798,12857,10594,8562,10326,3950,8421,2140,13346,544"
4808,4808,"3950,350,4798,1328,13346,1978,3416,2140,4277,10326"
4810,4810,"3950,6971,4798,8562,13346,10326,6220,9942,5303,2218"
4818,4818,"4798,8562,3950,13346,217,10326,5303,4277,717,5642"
4823,4823,"544,6220,3428,2343,8562,64,8483,3950,9693,4798"
4829,4829,"8562,5545,3950,6220,544,4798,9942,1290,2343,10326"
4842,4842,"6220,8562,10326,4798,9942,7707,544,13346,2343,8421"
4859,4859,"6220,3950,9942,5495,64,2343,12665,5199,13346,4798"
4866,4866,"544,6220,1290,8590,7120,13296,6971,8562,1863,4798"
4881,4881,"10326,4798,3950,4277,13346,12857,6433,6220,6326,9942"
4908,4908,"544,1863,4798,1290,10326,9942,12871,8562,11298,7383"
4910,4910,"1290,1244,4929,11298,9101,544,2989,9962,789,4576"
4922,4922,"10326,4798,6220,8562,12665,3950,217,4277,3428,6971"
4942,4942,"544,10326,11298,1290,4277,9962,6220,6383,789,7120"
4976,4976,"6220,10326,6971,12665,11298,4576,9942,544,5303,1290"
4993,4993,"1290,544,7707,8562,13296,7120,1863,2989,9101,10429"
4995,4995,"10326,4798,4277,5303,8421,8562,13249,2140,350,10916"
5020,5020,"7679,3464,11298,10326,544,1328,1290,4576,4798,7120"
5040,5040,"8562,3950,5303,12857,10326,2218,6220,2140,6433,12665"
5048,5048,"2140,544,4798,5303,1018,1290,6433,10326,9942,37"
5058,5058,"2343,9693,5532,9532,6795,12665,10326,4798,6220,544"
5067,5067,"4798,10326,4277,8562,544,6220,350,10594,1978,217"
5087,5087,"4798,6220,8562,3950,6971,13346,5495,10326,4277,2140"
5090,5090,"89,5875,12665,13346,1290,544,7024,6220,9942,10326"
5102,5102,"2218,544,1290,10326,4798,13090,5495,9942,8562,5386"
5103,5103,"8562,4798,6220,6971,3950,5303,8413,12665,2218,9942"
5105,5105,"1290,1863,544,7707,10429,9942,10326,8562,4798,7120"
5108,5108,"3950,5495,4798,13346,12470,10326,6220,2218,544,2140"
5119,5119,"6220,4277,544,7707,2218,7912,8562,5495,5676,5303"
5120,5120,"11298,1290,2989,11024,544,7120,9730,4576,1244,7679"
5124,5124,"544,1290,10326,3421,4798,10437,9942,8562,8421,13193"
5132,5132,"8562,2218,5495,5303,10326,3950,5199,8413,13346,4798"
5138,5138,"11298,4576,2989,12869,11024,10389,1779,3222,544,4664"
5144,5144,"10326,4277,8562,2343,544,13346,6433,217,8421,6220"
5159,5159,"10326,6220,4798,3950,13346,8562,544,8421,13296,6433"
5167,5167,"3950,2218,6220,9942,8562,10326,714,6659,4798,3428"
5175,5175,"10326,4798,4277,12857,2140,10916,8421,717,275,1328"
5176,5176,"1290,7120,1244,11298,4929,4576,2989,10663,544,11024"
5185,5185,"3950,12665,6971,2218,89,8562,8590,10326,4798,13346"
5189,5189,"4798,3950,12665,6326,8562,6220,10326,9455,6971,9942"
5191,5191,"8562,6220,13296,9942,10326,13306,13346,3428,89,544"
5206,5206,"6220,9942,5303,8562,6971,544,6659,2218,7707,10326"
5213,5213,"6220,544,12665,4798,2343,8562,10326,4277,5303,13346"
5224,5224,"4798,4277,8562,13346,6220,544,217,717,8590,13296"
5226,5226,"1290,7120,11298,544,6971,4576,9101,2989,12665,11024"
5241,5241,"1290,7120,4929,11298,10663,789,9962,1244,3704,2916"
5264,5264,"1290,11298,7120,4576,2989,11024,544,1244,9101,10389"
5268,5268,"6971,5303,4277,4798,10326,544,8562,2140,8421,8161"
5270,5270,"4798,8562,6220,10326,6971,2218,5303,12665,13346,8590"
5287,5287,"9942,11969,1127,544,12156,2343,10326,1290,4798,6626"
5314,5314,"6220,13296,8562,1290,4798,6971,9942,544,10326,5303"
5318,5318,"1290,7120,4929,10663,6243,12497,2916,544,10326,5573"
5326,5326,"6220,2218,8562,7707,4798,1290,544,10326,64,8981"
5336,5336,"8413,4277,3950,13346,4895,10950,7087,10326,3428,4798"
5343,5343,"11298,1290,9962,1779,789,5135,10607,1244,9942,7120"
5347,5347,"9942,6220,2343,8562,3950,3428,9693,544,12665,2989"
5354,5354,"8562,4798,3950,5495,13346,10326,2140,544,1290,9942"
5356,5356,"10326,4798,3950,6971,6220,8562,2140,13346,12665,544"
5367,5367,"1290,7120,6220,89,8562,6971,5545,544,9942,4798"
5373,5373,"8562,3950,6220,5303,8413,5545,1746,4798,13346,9942"
5385,5385,"6220,544,8590,4277,7707,350,6659,10326,8562,13296"
5458,5458,"9942,6220,3428,13306,3950,13110,810,2343,8562,5545"
5463,5463,"4798,10326,6220,8562,5303,4277,6971,544,2140,9942"
5471,5471,"11298,1290,1779,11024,7679,2989,1244,7120,9962,12869"
5476,5476,"1290,4798,6220,10326,7120,275,12665,13346,5303,544"
5484,5484,"3950,8562,13346,4798,12665,2218,8413,10326,6971,544"
5508,5508,"1290,11298,7120,1244,9101,4576,2989,11024,9962,12869"
5513,5513,"6220,9942,2218,8562,8413,5303,12665,5545,13296,3950"
5520,5520,"10326,4277,544,8562,717,4798,217,5303,6433,8421"
5524,5524,"13346,8562,6220,7707,6971,3950,9942,13306,1889,3428"
5539,5539,"5495,9942,8413,6220,5303,5545,4798,12470,8562,8188"
5554,5554,"10326,9340,4798,544,1290,4277,8562,1180,9942,2887"
5564,5564,"4798,10326,4277,5303,8562,12857,2140,544,3950,8421"
5595,5595,"10326,5495,4798,8562,5303,13346,2140,9942,6220,2218"
5601,5601,"10326,5303,275,6971,4798,2140,8562,8590,544,1290"
5602,5602,"10326,8562,4798,5303,3950,12857,6971,2140,2218,6220"
5618,5618,"1290,7120,11298,10663,12869,11024,2989,9730,1244,2916"
5643,5643,"13408,6220,8922,5199,544,2343,6971,1290,3055,10326"
5644,5644,"4798,5495,10326,9942,544,2343,5199,13346,5532,2905"
5651,5651,"8562,6220,2218,4798,3950,10326,5303,13346,4277,2140"
5655,5655,"5495,8562,8413,12668,3950,5199,2218,3055,13346,10326"
5658,5658,"10326,4798,8562,8421,12857,6971,10916,10594,13346,13249"
5660,5660,"10326,6659,13110,2218,11969,544,1323,2140,6220,350"
5662,5662,"6220,5545,3950,12665,2218,9942,89,3428,13110,5303"
5670,5670,"4798,3950,10326,8562,12857,5303,4277,6326,8161,8421"
5676,5676,"1290,7120,11298,9295,1244,11024,1779,12869,10607,4036"
5680,5680,"6220,4798,13346,8562,5545,9942,12665,3950,3870,10326"
5698,5698,"6220,10326,2343,544,9942,11298,9101,9693,12665,4576"
5710,5710,"5495,3950,5532,2343,10326,6971,5199,8590,4798,544"
5723,5723,"11298,11024,2989,4576,1290,1244,11918,10389,1779,7679"
5742,5742,"2343,9693,5532,544,10835,5199,6795,6834,3950,10326"
5748,5748,"6220,4798,8562,12665,3428,9942,13346,10326,2140,5545"
5750,5750,"544,8562,6220,5495,6971,8413,2218,5303,10326,4798"
5787,5787,"3950,9942,2343,10326,4798,13346,6220,5532,2140,5199"
5798,5798,"2343,4798,13346,10326,5303,3950,6971,2140,9693,8562"
5799,5799,"9306,544,1290,4798,10326,5946,109,9942,2291,8562"
5815,5815,"1290,11298,2343,9693,7120,9101,9962,789,544,1244"
5822,5822,"10326,5303,2218,3950,6971,2140,4798,3055,5199,544"
5834,5834,"12665,8562,3950,6220,5495,4798,5303,3055,10326,6971"
5846,5846,"4798,10326,544,3950,13346,2218,5303,4277,6971,8562"
5858,5858,"4798,3950,8055,8562,2140,5495,2905,10326,5303,544"
5882,5882,"4798,10326,2218,4277,544,5303,8562,11969,217,2140"
5892,5892,"13346,8562,4798,6971,2218,10326,5303,3055,9942,12665"
5897,5897,"3950,8413,6220,8562,5303,8421,10326,2218,6326,4277"
5898,5898,"3950,8562,6220,10326,4798,8413,9942,12665,2218,11540"
5902,5902,"8413,8706,544,1290,1847,10326,5275,9796,9358,4798"
5919,5919,"1290,7120,10326,12869,4277,544,1244,4576,6220,8562"
5934,5934,"544,6220,2343,10326,1290,11524,4798,9942,1978,8562"
5946,5946,"1290,7120,6971,4929,9295,789,5135,12869,544,11298"
5965,5965,"2343,5199,5532,9693,8408,1290,544,13346,1978,4798"
5995,5995,"6220,3950,10326,4277,3428,2343,13346,9942,4798,544"
6005,6005,"544,1290,11298,6220,2989,9101,4576,6971,12655,11024"
6006,6006,"6220,9942,3950,8562,13346,7707,5545,5495,89,4413"
6013,6013,"10326,8562,4798,6220,3950,4277,9942,217,6433,13346"
6016,6016,"3950,2218,13346,10326,5495,8562,6220,5199,4798,5303"
6023,6023,"7120,1244,544,4576,9101,10663,11298,2989,6971,4277"
6052,6052,"3950,6971,5495,4798,10326,8562,2343,13346,3428,9942"
6056,6056,"544,6971,5495,2343,10326,8590,12665,13346,6220,2140"
6059,6059,"4798,10326,6220,5303,5495,3950,6971,12857,12665,544"
6064,6064,"8562,10326,3950,4798,2343,5199,13346,9942,5532,6220"
6091,6091,"3950,2218,6971,6220,5199,9942,3055,5532,8562,10835"
6112,6112,"7120,11298,2989,1244,10663,4576,11024,3464,12869,2916"
6133,6133,"6220,5303,9942,5532,2343,3950,9693,2140,10326,5199"
6150,6150,"4798,5610,10326,544,1290,9942,8562,7167,4843,11298"
6155,6155,"10326,4798,8562,5303,12857,3950,9942,2140,4277,544"
6157,6157,"10326,4798,5303,8562,8421,3950,12857,2140,4277,10916"
6212,6212,"6220,8562,4277,9942,13306,3428,544,4798,6442,3950"
6218,6218,"10326,3950,4277,13346,8562,5303,6220,4798,8421,10916"
6242,6242,"6220,4798,6971,10326,13296,9942,8590,5545,8562,13110"
6243,6243,"10326,4798,8562,544,5303,5495,4277,2343,2140,275"
6260,6260,"4798,10326,810,8421,1290,8562,544,8161,6220,2140"
6262,6262,"2140,10326,4798,6220,544,9942,1290,8562,13346,3950"
6278,6278,"2218,6971,5303,544,275,6220,5495,2140,7707,10326"
6280,6280,"6220,3950,8562,4798,5303,13346,13249,8483,3055,9942"
6287,6287,"8562,4798,6971,10326,2140,544,1290,5303,12665,2343"
6305,6305,"10326,4277,717,5303,544,4798,9942,217,8562,8421"
6320,6320,"1290,6220,7120,6971,2343,9942,5303,8590,10326,2140"
6339,6339,"2343,4798,8562,6220,13346,9942,3950,8413,10326,9693"
6360,6360,"544,6220,4798,5303,3950,2218,8562,275,11969,3428"
6370,6370,"8562,3950,10326,6220,4798,2218,4277,13346,5545,3428"
6376,6376,"10326,4798,4277,6220,8562,5303,3950,13346,9942,275"
6378,6378,"7120,1244,11298,2989,9101,11024,9295,4576,544,12869"
6379,6379,"8562,10326,6971,6220,4798,3950,544,5303,2218,217"
6398,6398,"2343,544,1290,1244,6795,2903,9101,2537,6834,7679"
6422,6422,"8413,8562,13346,9942,6220,4798,3428,544,4413,10326"
6424,6424,"3950,2218,4798,9942,13346,11561,6971,11784,544,8562"
6436,6436,"544,1290,10326,4798,8562,2770,9942,11298,7120,2989"
6454,6454,"2343,544,9693,6795,5532,9101,11298,9942,2989,10326"
6464,6464,"4798,10326,8421,5303,2343,4277,13346,544,8562,8483"
6479,6479,"3950,4798,13346,2218,8483,7707,8562,9942,10326,544"
6485,6485,"1863,1290,544,8703,8562,7637,10326,4798,9942,8981"
6488,6488,"9942,6220,3950,5545,8562,3428,12665,4798,4413,13110"
6490,6490,"9942,13110,8562,4823,544,1290,10326,3870,4798,4654"
6498,6498,"10326,8562,6220,9942,3950,3428,5545,4277,13296,7707"
6533,6533,"1290,11298,2989,9101,544,7120,12665,12869,6220,8590"
6577,6577,"10326,9942,3950,4798,6220,4277,2218,13346,217,3428"
6579,6579,"10326,4798,4277,12857,544,8421,5303,350,2140,10594"
6583,6583,"6220,10326,3950,8562,3428,6971,544,13346,9942,5545"
6597,6597,"8562,9942,2343,10326,6220,9693,13346,544,5303,4798"
6599,6599,"1290,6220,6971,2218,8590,13296,12665,13408,4798,9942"
6607,6607,"9942,6220,8562,3950,5303,3428,13346,8483,8413,4798"
6613,6613,"8562,3950,6220,13346,5545,12665,3428,10326,2218,7707"
6622,6622,"1290,7120,9295,8590,11298,89,4929,2989,5199,1244"
6637,6637,"2218,6220,2343,6971,9532,8562,3950,12665,9693,9942"
6644,6644,"10326,4798,4277,6220,8562,5303,3950,13346,2218,717"
6651,6651,"1290,11298,7120,2989,4576,9101,1244,11024,544,12869"
6674,6674,"10326,3950,8562,12665,13346,3428,5495,2343,9942,4277"
6683,6683,"2343,9693,10326,13346,5532,5199,4798,8590,12665,3950"
6686,6686,"1290,7120,9101,544,1863,11298,9942,6971,2989,6220"
6707,6707,"544,2343,6220,8562,5303,10326,5495,13346,3950,4277"
6724,6724,"6220,1863,10429,544,1244,1290,10326,5875,8235,7024"
6729,6729,"6220,10326,8562,3950,9942,4798,6971,5303,2140,5545"
6739,6739,"3950,8562,12665,9942,6220,8333,544,1290,10326,438"
6756,6756,"3950,5303,8562,10326,4798,6220,2140,275,2218,13346"
6764,6764,"6659,8562,50,5545,5303,9602,6220,13296,2218,544"
6768,6768,"6220,9942,8562,10326,3428,5545,6971,6659,12665,4798"
6787,6787,"12665,2218,8562,3950,3055,6971,4798,13346,6220,10326"
6808,6808,"1290,1244,11298,7120,544,2989,4576,11024,4664,12869"
6811,6811,"544,10326,4277,8483,350,4798,12665,6220,11969,13110"
6812,6812,"8562,4798,3950,10326,9942,5545,12665,7707,3428,13346"
6831,6831,"6220,9942,10326,544,6971,5303,2218,8562,7707,4798"
6833,6833,"2343,6220,12665,9693,8562,544,1290,9942,10326,13191"
6840,6840,"4798,2140,5303,10326,6270,544,1290,8562,2218,9942"
6842,6842,"1290,7120,1244,11298,4929,9962,10607,789,5135,10663"
6855,6855,"1290,11298,7120,9101,4576,1244,2989,544,12869,11024"
6869,6869,"10326,4798,5303,8562,4277,6971,3950,12857,8421,2140"
6874,6874,"6220,6971,1290,544,4798,7120,12665,9942,10326,8562"
6879,6879,"544,2343,5532,6971,5199,9942,6220,2218,3950,9693"
6885,6885,"13346,3950,5676,4798,544,10326,1290,3428,8562,9942"
6886,6886,"6220,9942,13346,2343,12665,4798,3950,5545,4277,9693"
6902,6902,"10326,4798,4277,8562,6971,544,3950,13346,2140,6433"
6908,6908,"1290,11298,7120,2989,9101,1244,12869,4664,544,11024"
6911,6911,"3950,6659,9942,6220,10326,11484,3428,50,544,8562"
6912,6912,"3950,6220,12665,9942,6971,5545,810,8562,544,13346"
6919,6919,"1290,7120,544,11298,2989,1244,4576,9101,11024,12869"
6926,6926,"5532,6220,9942,544,1290,3950,10326,4798,7673,8562"
6934,6934,"8562,10326,3950,217,8421,13346,8483,4798,544,1290"
6935,6935,"10326,4798,8562,4277,544,6220,12665,13346,3950,2140"
6939,6939,"6220,5303,4798,8413,10326,9942,6971,1290,8562,2218"
7000,7000,"6220,9942,2343,544,3950,8562,5303,9693,89,7707"
7003,7003,"8562,3950,2343,6220,10326,8590,9942,5495,12665,3428"
7005,7005,"10326,544,4798,217,3428,3950,6433,8562,6220,8421"
7042,7042,"10326,8562,4798,12665,5303,3950,13346,8421,2140,6971"
7045,7045,"4798,10326,6971,8562,2140,544,3950,13346,6220,652"
7047,7047,"10429,544,1290,8703,10326,9942,4798,6220,8562,5976"
7053,7053,"6220,544,8562,7707,10326,4798,9942,8188,13296,12665"
7063,7063,"10326,3950,13249,13346,717,4277,1328,8421,4798,8483"
7067,7067,"2343,2218,3950,13346,544,9693,4277,717,217,6220"
7071,7071,"10326,4277,4798,13346,3950,12857,6220,8421,717,6433"
7078,7078,"8562,6220,3950,2218,9942,3428,2140,13346,5495,12470"
7109,7109,"10326,8562,6326,6659,6220,6433,1355,4798,13346,9942"
7118,7118,"4798,10326,12857,6433,5303,10594,6270,8562,2140,8421"
7129,7129,"1290,7120,11298,1244,9101,2989,4576,4664,11024,10389"
7133,7133,"10326,4798,217,3416,350,609,652,8483,5495,9942"
7139,7139,"6971,8590,769,1290,544,9295,10464,12903,10326,1355"
7142,7142,"3950,6220,12665,4277,4798,10326,8562,5303,544,2218"
7146,7146,"2343,5303,4798,9693,6971,10326,5532,12665,5199,8590"
7172,7172,"10326,4277,4798,217,8562,8421,350,717,13249,10916"
7181,7181,"5495,64,89,12665,2343,6971,13346,3950,10326,544"
7195,7195,"4798,10326,8562,4277,6971,544,6220,13346,5303,217"
7197,7197,"4798,8562,3428,9942,5303,10326,5545,217,3950,2218"
7203,7203,"1290,7120,11298,1244,2989,4929,9101,10663,4576,11024"
7223,7223,"8562,3950,6220,4798,6971,5303,10326,2218,12857,13296"
7235,7235,"1290,12869,544,7120,6971,11298,11024,4576,9101,2989"
7236,7236,"7120,544,10326,12665,4277,4798,6971,5303,1244,6220"
7237,7237,"1290,7120,4929,1244,544,10663,10326,11298,4798,9942"
7255,7255,"1290,7120,8590,6971,4929,544,9295,4798,10663,4277"
7297,7297,"6220,8562,12665,6971,10326,4798,9693,2140,9942,3950"
7320,7320,"3950,8413,2218,4798,10326,6971,8562,5532,5495,544"
7323,7323,"2343,12665,13346,6220,3950,64,9942,9693,13296,8562"
7326,7326,"2218,10326,8590,5303,4798,2140,8483,12404,5495,13346"
7343,7343,"10326,4277,4798,6433,8562,350,8421,717,217,5303"
7363,7363,"6220,2218,13346,13296,8562,6971,3950,9942,89,8590"
7364,7364,"6971,2218,13346,4798,10326,3950,5303,3055,12665,9942"
7366,7366,"6220,9942,3950,3428,4277,544,3799,8562,1598,13346"
7372,7372,"8413,13346,3055,2218,4798,5303,6302,5495,8562,3950"
7399,7399,"7707,544,9942,6220,10429,1863,1290,9693,8562,10326"
7402,7402,"2218,6220,12665,5303,8562,3950,8413,5495,6971,4798"
7406,7406,"8562,2140,10326,544,4798,3950,9942,6971,1290,4413"
7421,7421,"544,9942,4798,6971,3950,2343,10326,8562,2218,12665"
7425,7425,"1290,7120,6220,544,10326,8562,4576,9101,1244,13296"
7431,7431,"4798,10326,6971,12857,10916,8562,8421,4277,13346,8161"
7447,7447,"4798,10326,8421,8562,3950,6326,6971,2140,544,8205"
7451,7451,"6220,8562,7707,13296,5545,544,1863,4798,10429,10326"
7453,7453,"7120,4929,789,9962,1244,5135,10663,544,11298,6971"
7456,7456,"1290,544,789,9962,2989,7120,10326,8562,12665,9942"
7484,7484,"1290,7120,11298,4929,6971,10663,1244,9730,9295,544"
7486,7486,"2218,3950,5495,5303,4798,10326,6220,6971,8562,8413"
7505,7505,"1290,7120,11298,1244,2989,9101,4929,4576,544,7679"
7529,7529,"8562,4798,13346,10326,2140,4277,8421,10916,3950,544"
7532,7532,"11298,2989,11024,4576,8978,1244,544,10389,9101,1290"
7548,7548,"6220,10326,13346,8562,12665,4798,3950,5545,6971,9942"
7550,7550,"3950,8562,6220,1978,9404,217,4277,10326,4798,1323"
7557,7557,"10326,4277,4798,8421,217,350,12857,10594,717,3950"
7574,7574,"1290,7120,11298,4929,9962,789,10663,5135,2989,1244"
7586,7586,"9942,544,6220,1863,8562,7637,1290,10326,8703,4798"
7592,7592,"544,1290,12204,10326,4798,9942,6318,8562,11298,873"
7594,7594,"8413,3950,8562,12857,9942,13346,2218,4413,4798,6220"
7600,7600,"2343,10326,8562,9693,4277,13346,9942,5495,4798,544"
7601,7601,"10326,4798,13346,8562,5303,6971,2140,4277,12857,10916"
7642,7642,"544,10326,4798,1290,6220,9942,4277,7120,5303,12869"
7647,7647,"8413,5303,2140,8562,6971,544,1862,4413,2218,10326"
7650,7650,"8562,6220,8413,3950,544,2218,5303,7912,4798,10326"
7660,7660,"1290,11298,4576,12869,9101,7120,544,2989,11024,1244"
7682,7682,"6220,4798,10326,8562,3950,6971,4277,2218,13346,5303"
7712,7712,"6220,10326,544,3428,5303,3950,8562,4798,13296,2218"
7728,7728,"8562,3950,4798,10594,11000,4277,10916,12857,10326,217"
7763,7763,"8562,6220,4798,10326,13346,3428,12665,5545,6659,5303"
7764,7764,"10326,544,6971,6220,2218,3950,13346,9942,4277,13296"
7765,7765,"2989,11298,11024,4576,1290,9730,11918,8978,7120,4890"
7768,7768,"9942,6659,4798,6220,8562,3950,8413,5545,4413,7707"
7776,7776,"1290,7120,9962,789,5135,11298,544,13309,1244,9101"
7834,7834,"1390,3968,4798,10326,8421,544,1290,222,7044,9942"
7850,7850,"4277,4798,544,2140,8421,217,10594,8562,12857,2218"
7860,7860,"1290,7120,11298,2989,1244,9101,4576,4929,544,11024"
7879,7879,"6971,4798,10326,5303,2140,1290,8421,8562,8590,544"
7892,7892,"544,1290,9101,11298,2343,7120,9693,4277,6220,10326"
7895,7895,"6220,4798,8562,5303,2140,7707,3950,5495,10326,13346"
7901,7901,"6220,4798,3950,10326,4277,8562,544,5303,12857,9942"
7922,7922,"6220,12665,544,4277,4798,3950,6971,13346,8562,9942"
7927,7927,"8562,10326,11969,4798,6220,5303,6971,544,2140,8421"
7931,7931,"2343,9693,13346,544,5303,4798,10326,275,6220,2218"
7938,7938,"12470,3950,9942,6220,13306,3428,8562,5199,13346,10326"
7942,7942,"4277,8562,544,3950,10326,6220,217,350,6433,10916"
7964,7964,"3950,2218,1323,9942,8413,4602,544,5495,4413,1290"
7982,7982,"2343,3950,5495,64,5199,12665,7707,2903,8562,13346"
7988,7988,"1290,7120,4929,6971,544,4798,1244,10326,8302,11298"
7992,7992,"4798,8562,10326,13346,6220,4277,5303,12857,8421,9942"
8005,8005,"2218,6971,2343,5532,5303,4798,5199,544,10326,3055"
8019,8019,"3464,6248,1290,7120,11298,544,2710,7679,2989,10326"
8026,8026,"6220,3950,4798,8562,13346,10326,12665,9942,2218,6326"
8028,8028,"2343,9693,544,5532,9404,6220,13346,6795,6971,5199"
8085,8085,"13346,50,9942,544,2343,6626,1290,10326,7138,4798"
8103,8103,"89,6971,12665,4602,3055,9942,544,1290,13346,7983"
8108,8108,"3950,6220,8562,10326,4277,9072,3428,217,10594,1328"
8137,8137,"2343,6971,9942,12665,9693,3950,544,5303,89,13346"
8138,8138,"10326,8562,13346,4277,5303,3950,6433,217,12857,6326"
8139,8139,"4798,10326,5303,6971,8562,2218,3950,6220,4277,8421"
8148,8148,"9942,6220,8562,4798,10326,13346,3950,6971,12665,2218"
8150,8150,"10326,4798,8562,6220,3950,275,12665,13346,5303,2140"
8160,8160,"1290,544,7120,2989,11298,9101,4576,11024,12869,6971"
8175,8175,"12665,1328,11639,4277,5495,12470,544,217,3950,2343"
8191,8191,"1290,7120,2989,12869,4929,9730,9101,10663,6591,11298"
8198,8198,"4798,6220,6971,10326,9942,2218,8483,4277,544,3950"
8202,8202,"11298,9101,4576,11024,1290,2989,1244,12995,7605,11918"
8233,8233,"4798,10326,6971,12665,3950,13346,2343,5303,8590,89"
8251,8251,"4798,6971,13346,544,12136,9942,5126,10326,6220,5100"
8252,8252,"10326,4798,4277,8562,3950,12857,8421,717,6433,217"
8265,8265,"544,6220,10326,4798,8562,6971,2218,5303,275,12665"
8267,8267,"10326,4798,8562,8421,5303,10916,6433,8161,12857,13346"
8268,8268,"8562,13346,12665,6326,10326,9942,12857,4798,5303,3950"
8294,8294,"2343,544,9693,6971,2140,5532,6220,10326,6795,5303"
8299,8299,"1290,7120,9962,789,11298,1244,4929,12869,544,9101"
8302,8302,"10326,2218,4798,5303,4277,2140,12857,9072,8421,3950"
8303,8303,"1290,4929,1244,789,11298,9101,2989,6971,544,5135"
8323,8323,"6971,2343,8590,6220,10326,8562,4798,9693,5199,13346"
8327,8327,"2218,6971,6220,3950,5303,12665,4798,5545,89,9942"
8331,8331,"3950,6220,6659,2218,9942,5303,3055,4798,3428,11384"
8332,8332,"1290,11298,7120,4576,9101,1244,11024,789,4664,2989"
8334,8334,"6220,3950,8562,4798,2218,5545,5495,12665,9942,11572"
8337,8337,"1290,7120,11298,544,1244,2989,9295,4576,4929,10326"
8341,8341,"13346,3950,8562,6326,4798,10326,9942,544,2905,1290"
8361,8361,"10326,6971,4798,9942,8562,13296,5303,1290,6220,5545"
8369,8369,"3950,9404,2218,9072,6971,6220,2411,4277,10326,12665"
8378,8378,"6971,10326,5303,8421,8161,13346,544,13249,4798,2343"
8407,8407,"11298,7679,11024,2989,4576,3464,10389,8978,11918,1779"
8419,8419,"1290,1244,7120,544,11298,4576,9101,2989,4664,11024"
8424,8424,"5303,8562,13296,544,6971,10326,1290,8590,2218,4798"
8425,8425,"4277,8562,6220,5303,10326,2218,2140,4798,3950,13346"
8438,8438,"1290,7120,4929,5135,10663,9962,789,3697,11298,544"
8447,8447,"10326,4798,4277,12857,8562,5303,8421,10916,217,6971"
8458,8458,"12869,9962,11298,544,1290,2989,7063,1240,9960,10326"
8463,8463,"10326,4798,6220,8562,544,6971,5303,2218,4277,9942"
8471,8471,"4798,6971,3950,12665,10326,8562,13346,2140,2343,2218"
8472,8472,"1290,7120,11298,9101,7679,4576,1244,11024,544,12869"
8477,8477,"6971,5303,4798,2343,6220,8562,10326,544,10835,5199"
8478,8478,"2343,544,9693,6971,12665,6220,5495,2218,5303,2140"
8483,8483,"1290,11298,7120,89,789,9295,544,2989,9962,1244"
8496,8496,"10326,6971,1290,3950,8562,5303,8590,544,7120,13346"
8497,8497,"8562,10326,3950,6220,13346,217,4798,12857,3428,717"
8501,8501,"10326,4798,13346,8562,3950,8413,6220,9942,2218,544"
8506,8506,"3950,6220,9942,13346,10326,2218,4798,3428,13296,8562"
8520,8520,"10326,4798,8562,6971,4277,3950,5303,12857,544,6220"
8524,8524,"544,6220,12665,4576,4277,11024,10326,11298,11969,10137"
8531,8531,"4798,8562,8413,3950,13346,10326,50,6326,275,2140"
8556,8556,"10326,544,8562,4277,4798,6220,5303,350,717,2218"
8579,8579,"11298,4576,9730,11024,2989,1290,9101,1244,10389,7679"
8585,8585,"6220,2218,544,10326,7707,13296,5495,3950,9693,5545"
8591,8591,"6220,10326,12665,3428,4798,9942,13346,11969,5303,5545"
8592,8592,"1290,7120,4929,10663,6971,9101,2916,544,1244,2989"
8596,8596,"3950,9942,6220,8562,4798,3428,13346,2218,5545,1978"
8598,8598,"10326,3950,6220,5303,544,9942,3428,4277,8562,2218"
8608,8608,"1290,7120,10663,12497,6971,11298,1244,6243,9101,544"
8610,8610,"1290,7120,11298,1244,4929,9962,10663,789,5135,4576"
8617,8617,"1290,7120,11298,9295,1244,11024,4929,4664,2989,10607"
8621,8621,"2218,5303,5495,5199,4798,6971,8562,10326,544,1912"
8629,8629,"544,3420,9093,1290,5275,11013,10326,8068,4798,6708"
8649,8649,"12665,5532,5495,544,1290,10326,4798,9942,8562,11298"
8652,8652,"7120,4929,1244,11298,2916,789,5135,9962,12497,544"
8714,8714,"2989,1290,6220,8590,7120,13296,9942,11298,3428,9101"
8718,8718,"3950,9942,89,5875,13346,6220,64,12665,544,5524"
8733,8733,"1290,11298,9101,544,12655,4576,11024,2989,7120,7679"
8734,8734,"6220,3428,3950,13306,5545,12665,13110,4413,544,89"
8754,8754,"8562,5495,2218,544,5303,217,3950,6220,10326,3428"
8771,8771,"8562,6220,8413,4798,2218,6971,9942,2140,8205,10326"
8791,8791,"544,10326,2343,6220,4798,4277,13346,8562,6971,3950"
8794,8794,"8562,4798,6220,3950,10326,810,13346,5303,3428,5545"
8797,8797,"350,9453,8822,8562,10326,544,1290,5676,4798,11758"
8804,8804,"10326,4798,13346,6220,3950,8562,4277,8590,13296,13249"
8809,8809,"6971,10326,12857,13346,275,4798,4277,2140,5303,544"
8823,8823,"1290,7120,11298,4929,11024,4576,2989,10663,4664,9101"
8833,8833,"10326,8562,4277,3950,10916,9404,10783,12665,5545,8421"
8835,8835,"1290,7120,2343,9693,11298,4929,1244,12869,9295,10663"
8840,8840,"4798,6971,2140,8562,5303,3950,544,9942,1290,10326"
8842,8842,"8413,1290,3617,544,10326,4798,9942,8562,4181,2230"
8860,8860,"1290,544,6220,11298,11024,4576,12665,2989,12869,9942"
8866,8866,"10326,4798,4277,8562,8421,13346,2343,544,9942,1290"
8877,8877,"8562,544,4798,1290,13346,10326,1102,6971,6515,9942"
8887,8887,"8562,8413,5532,9190,5731,544,3950,6220,10326,4798"
8895,8895,"350,11739,10326,544,1290,4798,2770,8562,5789,9942"
8907,8907,"1290,7120,1244,11298,9962,789,4929,5135,9101,9295"
8921,8921,"4277,350,4798,10326,2140,8161,6433,5303,8562,544"
8928,8928,"11298,1290,3464,7679,11024,7120,11554,9101,12869,10674"
8936,8936,"10594,2218,13408,217,544,4685,1290,3013,10326,4798"
8965,8965,"2343,10326,9693,4798,544,6220,6971,9942,13346,1290"
8971,8971,"2343,9693,12665,6220,5532,9942,6795,8562,3950,544"
9000,9000,"1290,544,7120,11298,4576,1244,9101,11024,2989,10389"
9023,9023,"12665,4277,544,3950,2343,6220,2218,10077,9693,9942"
9025,9025,"1290,6971,5303,10326,8590,12665,7120,275,6220,89"
9031,9031,"3950,6971,9942,10326,8562,13346,4798,2903,2218,544"
9045,9045,"4798,10326,1290,6220,4277,2218,5303,9942,6659,7120"
9053,9053,"6220,12665,8562,3950,7707,6971,3055,13346,2218,10326"
9054,9054,"9942,6220,3950,3428,12665,2218,13346,4798,5545,8483"
9060,9060,"8562,6220,10326,5303,4798,544,3950,2218,2343,2140"
9063,9063,"8562,3950,8413,6220,9942,13346,2218,4413,11540,2585"
9071,9071,"6220,8562,3950,9942,3428,2218,12665,8681,13346,7707"
9078,9078,"2343,544,9693,4798,5532,10326,13346,9101,2537,4416"
9101,9101,"4798,8562,10326,6220,3950,13346,9942,4277,13296,5545"
9108,9108,"6220,3950,5303,2140,9942,3428,544,5545,4798,8562"
9110,9110,"10326,4798,2218,8562,12665,4277,6433,12857,5303,6220"
9114,9114,"11298,2989,6220,544,1290,4576,5495,11024,11969,12665"
9144,9144,"1290,11298,7120,1244,544,11024,9101,4576,6220,2989"
9172,9172,"1290,6220,7120,544,4798,1863,10326,9942,9101,9083"
9185,9185,"6220,7707,544,8562,1863,1290,10429,5495,9942,10326"
9190,9190,"4798,3950,8562,10326,6220,5303,6971,12857,2140,5642"
9193,9193,"3950,6220,10326,8562,4798,12857,2218,13346,2140,13249"
9198,9198,"4277,10326,7981,2140,5303,4798,7138,9340,544,4534"
9200,9200,"1290,7120,544,6971,6220,10326,9942,1244,2218,5303"
9201,9201,"1290,7679,7120,11298,4576,12995,3464,2989,544,11024"
9204,9204,"544,10326,5303,4798,6971,2343,3950,13346,8590,5495"
9215,9215,"1290,7120,4929,4798,2140,6971,10663,10326,544,1747"
9222,9222,"1290,7120,12869,9730,11298,9101,4576,4664,1244,544"
9233,9233,"4277,4798,5303,3950,8562,544,350,12665,13346,8421"
9235,9235,"1290,7120,9101,4576,544,11024,1244,6220,2989,9942"
9245,9245,"1290,7120,789,1244,4929,544,11298,12869,9101,13309"
9275,9275,"1290,12665,89,5875,544,8562,7024,10326,9942,8235"
9308,9308,"6220,9942,544,8562,3428,5545,7707,3950,13296,2218"
9323,9323,"4277,2218,544,8421,217,717,10326,9340,4798,8483"
9329,9329,"10326,8562,3950,6220,12665,13346,5303,5495,2343,12857"
9355,9355,"8562,3950,4798,6220,2218,6971,8413,10326,5303,5545"
9369,9369,"4798,10326,5303,12857,2140,6433,13346,4277,13249,2218"
9386,9386,"8188,6220,11484,5495,8562,7707,544,12226,1290,3269"
9388,9388,"4798,544,6220,5303,12665,7707,6971,9942,13296,5545"
9401,9401,"1290,7120,11298,9962,4929,1244,10607,4664,789,5135"
9418,9418,"6220,10326,9942,3950,2218,4798,5545,2140,544,7707"
9433,9433,"4798,8562,4277,13346,10326,3950,217,8421,8483,717"
9440,9440,"544,10326,4277,217,8562,4798,6220,8421,350,3950"
9446,9446,"3950,13346,2218,13306,8562,10326,9942,4277,3428,4798"
9464,9464,"5495,12470,5676,544,7707,8188,2218,8562,8413,2585"
9477,9477,"8562,4798,5303,6220,3950,275,5495,10326,2140,12665"
9488,9488,"1290,7120,11298,4576,6971,1244,11024,544,12869,4664"
9500,9500,"10326,4798,4277,13346,350,717,10916,8562,8421,12857"
9502,9502,"4798,8562,3950,3428,13346,544,10326,2218,4277,810"
9507,9507,"2343,9693,2903,5199,544,3055,1290,10326,2218,9942"
9528,9528,"7120,11298,2989,4929,4576,7679,10663,9101,12655,12869"
9539,9539,"4798,10326,2218,6220,4277,8562,3950,544,13346,2140"
9566,9566,"544,10326,2343,9693,9101,6971,4798,11298,5303,4277"
9575,9575,"4798,10326,13346,2218,12857,8483,8562,9340,11000,5495"
9583,9583,"4798,5495,13346,10326,3950,5303,9942,6220,2218,4277"
9589,9589,"10326,4798,3950,4277,13346,6971,8562,6220,544,275"
9591,9591,"10326,4798,6971,3950,5303,2218,8562,2140,12857,8421"
9617,9617,"5495,4798,11384,10326,544,1290,8562,9942,11298,7120"
9620,9620,"8562,6220,13346,9942,3950,2343,12665,10326,5495,7707"
9622,9622,"5495,2905,3950,10326,4798,544,4277,1290,5109,9942"
9631,9631,"1290,12869,3222,4576,9101,11918,11298,12995,544,7120"
9655,9655,"8562,3950,1042,8822,8413,544,1290,3149,11910,10326"
9658,9658,"10326,4798,544,2343,2140,6220,5495,5303,6971,7707"
9660,9660,"1290,7120,9730,9101,11298,4929,4576,2989,10663,9295"
9669,9669,"1290,7120,789,4929,9962,5135,10663,544,10326,4387"
9672,9672,"4798,5303,13346,3950,10326,12857,4277,12793,10916,6326"
9684,9684,"544,1290,10326,4798,8562,9942,11298,6952,7120,2989"
9702,9702,"1290,7120,4929,1244,11298,9962,789,10663,5135,6971"
9705,9705,"1290,7120,10326,8562,6971,8590,12857,6220,4798,4929"
9722,9722,"1290,1244,12869,11298,7120,544,4576,12665,11024,8978"
9732,9732,"1290,11298,1244,7120,9730,9101,4576,7679,11024,4664"
9781,9781,"12655,4576,11298,2874,3238,7679,2989,1224,9101,844"
9803,9803,"5495,5303,544,2218,5532,2343,6971,10835,13112,12665"
9809,9809,"10326,8562,3950,2218,2343,64,5495,5532,1328,10835"
9814,9814,"10326,4277,6971,8562,2140,12857,8421,5303,3950,10916"
9818,9818,"2218,6971,6220,5303,2343,3950,5532,5199,4798,5495"
9820,9820,"6220,3950,9693,4798,2905,5532,2343,544,1290,10326"
9848,9848,"10326,4277,544,5303,4798,2140,350,4694,1323,3950"
9856,9856,"4798,10326,8562,3950,6971,5303,544,4277,2140,9942"
9869,9869,"6220,12665,5303,6971,3950,4798,8235,544,10326,1290"
9889,9889,"10326,2218,5303,6971,2140,6220,8413,4798,8562,12665"
9923,9923,"4798,4277,10326,8562,5303,8483,3950,350,6971,8421"
9929,9929,"8562,3950,13346,12665,4798,3055,544,10326,1290,9942"
9961,9961,"1290,7120,12665,11298,89,11024,1244,4929,10663,544"
9969,9969,"4798,10326,6971,2218,4277,5303,1290,8421,217,544"
9974,9974,"1290,7120,89,2343,11298,9101,6591,4576,9730,11024"
9976,9976,"1244,11298,12869,3222,11024,1290,11918,12995,1862,544"
9989,9989,"6220,9942,8562,3950,5495,4798,12470,5303,6971,10326"
9993,9993,"12665,6971,8562,2343,4798,5303,5545,3950,9942,7707"
10002,10002,"10326,6659,544,2989,1290,4798,8562,9942,5303,11298"
10011,10011,"1290,11298,7120,9730,11024,4576,7679,2989,4664,1244"
10016,10016,"10326,4798,6220,8562,9942,5303,544,3950,2218,6971"
10028,10028,"9942,3428,6220,5545,544,1290,10326,4798,8562,11800"
10029,10029,"9942,6220,13346,10326,2218,3950,5495,3428,13249,5545"
10033,10033,"12665,5303,3950,3055,2218,1220,8922,1230,89,2343"
10042,10042,"10326,6971,3950,5303,4798,12857,8562,2140,6220,10594"
10046,10046,"4798,10326,8562,3950,4277,13346,217,12857,10916,13249"
10061,10061,"4798,4277,8562,6220,544,3950,10594,8421,217,6433"
10071,10071,"6220,4277,3950,9942,217,13346,2218,13249,10594,10326"
10084,10084,"4798,13346,6971,8562,10326,2140,6220,8421,12665,544"
10091,10091,"8562,4798,10326,6220,3950,13346,544,12665,1290,5495"
10102,10102,"11298,1244,4576,544,4929,2989,6220,11024,10663,4664"
10104,10104,"8562,2218,5303,3950,4798,5495,4277,6220,10326,275"
10121,10121,"1290,7120,6971,4929,544,789,1244,11298,10663,5135"
10131,10131,"3950,13346,6220,4798,9942,3428,5545,8562,10326,6971"
10134,10134,"10326,4277,4798,2140,544,275,6971,8161,12665,5303"
10139,10139,"1290,7120,4929,10663,11298,1244,2916,12497,9295,9101"
10144,10144,"3950,8562,13346,6220,3055,5199,4798,10326,2218,9942"
10155,10155,"2218,3950,4798,8562,5303,10326,8483,6971,13346,544"
10168,10168,"1290,1863,6220,13296,10326,544,4798,9942,8562,7120"
10178,10178,"544,1290,2989,9101,9942,10326,11298,6220,6971,2343"
10186,10186,"12665,9693,8562,9942,6220,3950,13346,5545,9404,5532"
10190,10190,"4277,10326,350,10594,4798,8421,217,717,544,8161"
10194,10194,"8562,4798,3950,13346,4277,2218,12857,6326,9455,8413"
10196,10196,"13346,9942,3950,5676,8562,4413,5545,544,6220,1598"
10215,10215,"10326,4798,4277,8562,6971,5303,2140,8421,6433,544"
10218,10218,"9942,6220,10326,8562,5303,3950,4798,12857,6971,12665"
10251,10251,"6220,8562,8188,3950,13346,5545,12857,7707,10326,2218"
10252,10252,"1290,7120,6220,9295,1244,11298,544,789,9962,9101"
10262,10262,"5495,2903,12099,5199,544,1290,10326,4266,4798,10835"
10266,10266,"6220,9942,544,12665,2343,3950,8562,5545,6971,2218"
10271,10271,"6220,10326,2343,2140,9942,4798,6971,8562,9693,12665"
10277,10277,"8562,10326,5303,3950,4798,6971,13346,2140,12857,6326"
10282,10282,"10326,1290,12665,5303,4798,8590,1244,544,7120,8421"
10286,10286,"1290,7120,4929,544,10663,9295,12030,789,10326,1400"
10305,10305,"10326,810,4798,13346,1889,2343,3950,544,8562,10916"
10309,10309,"9942,6220,12665,8562,2218,5545,3950,13296,4798,6971"
10335,10335,"1290,7120,11298,4929,1244,9730,4576,12869,10663,9101"
10340,10340,"1290,11298,7120,2989,4576,11024,7679,4664,12995,10137"
10375,10375,"6220,4798,8562,9942,8413,12665,544,5495,5303,2218"
10388,10388,"10326,4798,6971,5303,2140,13346,2218,8562,275,544"
10397,10397,"10326,4798,8413,5303,4277,3950,12857,13346,1889,10594"
10402,10402,"3950,12665,6220,5545,9942,2218,13346,4798,8562,5676"
10407,10407,"544,6220,4277,2343,5303,350,3428,10326,810,1978"
10408,10408,"10326,544,1290,8562,4798,2140,9942,9306,11298,13346"
10416,10416,"3950,6220,4798,13346,10326,2343,1220,12665,4277,12857"
10448,10448,"10326,8562,4798,6220,3950,544,13346,5303,3428,275"
10454,10454,"3950,13346,8562,10326,5495,9942,13249,3799,4798,9404"
10499,10499,"4798,10326,4277,717,8421,217,1290,6433,10594,544"
10503,10503,"3950,2140,8823,8562,10326,9942,6220,12665,544,11351"
10504,10504,"2989,11298,3464,11024,12869,7679,544,9730,4545,9942"
10508,10508,"10326,4798,5303,4277,544,2140,8421,217,8562,13346"
10514,10514,"8562,3950,13346,6220,10916,6326,4277,4798,810,1598"
10526,10526,"4798,3950,10326,4277,8562,13346,12857,6433,8421,10594"
10540,10540,"4798,10326,6220,13346,5303,4277,3950,9942,6971,275"
10542,10542,"4277,10326,217,544,350,717,8421,2343,4798,9340"
10551,10551,"4798,10326,6220,544,8562,6971,5303,9942,3950,275"
10554,10554,"544,6220,12665,5303,8562,5199,3055,9942,1978,3950"
10555,10555,"6220,11484,544,1290,8562,10326,4798,9942,5495,1607"
10556,10556,"2140,5610,227,4798,544,3055,1290,3766,10326,8562"
10562,10562,"12857,2140,4798,6971,10326,9072,2218,13346,3950,2905"
10575,10575,"1290,11298,7120,11024,9730,12869,2989,1244,9101,9295"
10576,10576,"10326,4798,8562,8421,5303,217,350,544,10916,12857"
10582,10582,"10326,3950,544,8562,2218,12665,6971,9942,4798,4277"
10584,10584,"3950,8562,6220,13346,4798,10326,9942,2218,3428,5303"
10606,10606,"10326,4798,9942,3950,6220,544,12665,4277,5303,8562"
10611,10611,"544,4798,4277,717,217,8421,350,8483,5303,10077"
10613,10613,"544,10326,1290,4798,217,3950,12665,11969,717,8421"
10614,10614,"7707,8562,6220,544,8188,9942,10429,1290,4798,10326"
10623,10623,"8235,544,7024,1290,10326,4798,9942,8562,4715,11298"
10647,10647,"12869,11298,11024,4163,1290,7679,2957,7120,1851,4576"
10657,10657,"10326,12857,8421,10594,4798,2140,5303,4277,8562,8161"
10670,10670,"10326,4798,10594,4277,10916,8421,8161,544,8562,2140"
10679,10679,"1290,11298,7120,12869,1244,9295,11024,4576,10389,9730"
10680,10680,"4798,2218,8562,6220,5303,13346,3950,10326,6971,2140"
10699,10699,"6971,5495,13346,4798,8562,2218,10326,8590,3950,6220"
10715,10715,"217,4277,2343,717,10326,4798,3428,12857,238,544"
10720,10720,"3950,13346,4798,8562,12665,10326,8413,5303,6326,5495"
10735,10735,"8562,6220,1290,3950,10326,544,6971,9942,13346,2218"
10742,10742,"6220,10326,6971,8562,2218,12665,544,3950,5303,13296"
10744,10744,"217,8421,2580,4798,544,4616,1290,10326,7305,9942"
10747,10747,"3950,10326,544,13346,4277,10568,6971,12665,5303,8562"
10769,10769,"2343,9455,6839,9693,64,1933,5199,10453,8279,544"
10795,10795,"4798,2218,6971,5303,2140,8562,10326,4277,3950,275"
10817,10817,"1290,11298,7120,1244,11024,9295,10607,789,9962,5135"
10819,10819,"10326,5303,13346,6971,12665,5461,3055,7679,4798,6220"
10828,10828,"6220,10326,544,3428,5303,3950,8562,4798,13296,5545"
10860,10860,"3950,8562,5303,4798,13346,12857,3428,217,9942,10916"
10868,10868,"2343,9693,11298,9101,9730,4576,2989,1290,544,10137"
10895,10895,"13346,4798,12857,8562,10916,10326,6326,3950,13249,12929"
10900,10900,"10326,4798,6971,5303,2140,8161,8562,13346,10916,544"
10912,10912,"3464,8315,11298,1290,2769,544,2989,7679,10326,4798"
10934,10934,"1290,7120,1244,11298,10326,544,4576,2989,4929,4798"
10947,10947,"5495,12470,6971,10326,544,5303,5199,2140,4798,2218"
10950,10950,"10326,6971,4798,6433,12857,2140,4277,3950,13346,5303"
10964,10964,"1290,11298,7120,1244,9101,2989,9962,10607,789,4664"
10965,10965,"9942,5495,8413,7707,12136,8681,7715,8562,6220,544"
10968,10968,"10326,544,2218,5303,217,4277,350,2140,50,13249"
10972,10972,"4798,3950,13346,6971,8562,5303,4277,2343,12857,8421"
10975,10975,"4277,10326,544,4798,6433,1290,8510,12869,9306,7464"
11028,11028,"10326,4798,9942,3950,8562,4277,13346,5545,3428,13296"
11030,11030,"1290,6220,11298,544,2989,4576,7120,8590,12665,13296"
11044,11044,"2343,6220,544,10326,7707,89,1290,2989,6971,12665"
11048,11048,"3950,4798,13346,2905,2140,10326,6220,12857,8562,544"
11065,11065,"1290,6971,7120,6220,2218,5303,9295,8562,544,4798"
11085,11085,"1290,7120,9962,789,1244,5135,11298,10607,544,9405"
11088,11088,"8562,4798,6971,13346,5303,10326,544,1290,2218,7707"
11100,11100,"1290,11298,7120,1244,11024,4576,9101,12869,2989,544"
11102,11102,"4798,3950,8562,13346,10326,12857,6220,8483,8413,13296"
11105,11105,"2343,1290,9693,5532,544,1244,10835,5199,2903,6971"
11107,11107,"8562,10326,3950,13346,4798,6220,9942,2218,8421,12665"
11109,11109,"1290,7120,544,6220,1863,10326,2989,9101,4929,4798"
11120,11120,"1290,7120,11298,1244,4929,9295,9101,11024,544,2989"
11121,11121,"8562,3950,6220,13346,4798,10326,6971,5303,12665,13249"
11133,11133,"544,8911,1290,10326,8562,6307,4798,2034,9942,11298"
11149,11149,"10326,9942,12857,6971,4798,2140,13249,5731,5303,9404"
11152,11152,"1290,7120,11298,11024,4576,2989,1244,4664,1779,9730"
11160,11160,"13346,9942,3950,4798,275,6220,3428,5303,5545,10326"
11163,11163,"10326,4798,3950,6220,12665,8562,13346,544,4277,275"
11168,11168,"544,7063,1290,10326,4798,9942,8562,3769,12441,7445"
11193,11193,"6220,5303,544,1978,7707,8562,4798,12793,275,11000"
11200,11200,"9942,6220,3428,8562,5495,3950,12470,13296,6659,13110"
11210,11210,"1290,7120,6971,4929,10663,2916,4798,544,6243,10326"
11215,11215,"10326,10594,8421,8562,11384,10916,9942,5199,12857,4798"
11219,11219,"1290,7120,9962,4929,789,5135,10663,1244,544,3697"
11243,11243,"2140,4798,10326,544,8562,1290,4277,9942,350,11298"
11253,11253,"1290,7120,2989,11298,544,9101,4576,1244,12869,10389"
11261,11261,"6220,5303,13296,5545,2218,3428,9942,3950,10326,8562"
11280,11280,"2343,9693,5532,544,5199,9942,4388,6795,1290,10326"
11285,11285,"1290,7120,1244,11298,6220,789,9962,10607,9101,5135"
11309,11309,"3950,8562,6220,10326,13346,2140,6326,9942,12665,8413"
11312,11312,"3950,6971,9404,5495,9942,12665,2218,2343,8562,12470"
11314,11314,"2343,4277,10326,350,64,717,8421,217,13346,9693"
11325,11325,"10326,4798,2343,544,8562,4277,13346,6220,6433,3950"
11327,11327,"6220,5303,8562,7707,4798,9942,544,10326,5545,1290"
11359,11359,"10326,9942,4798,13346,544,6971,12665,275,6220,13296"
11366,11366,"11554,1371,544,8315,9491,9289,1290,9942,10326,4798"
11368,11368,"1290,11298,7120,9101,2989,1244,12869,11024,4576,9295"
11371,11371,"5495,8590,13346,10326,6326,13112,2343,6971,5199,8562"
11376,11376,"544,2218,217,2989,4277,4798,8562,2343,1290,7707"
11377,11377,"10326,4798,8562,13346,6220,4277,5303,3950,6326,12857"
11383,11383,"4798,10326,5303,6971,6220,8562,544,275,9942,2218"
11416,11416,"1328,10326,8147,544,4798,1290,1221,9942,8562,7480"
11444,11444,"1290,10326,9101,1244,4277,6220,6971,11298,4576,4798"
11445,11445,"8562,4798,10326,4277,544,217,3950,350,6220,6433"
11448,11448,"9693,544,6220,6795,10326,13346,64,1220,12665,2537"
11469,11469,"6971,10326,9229,544,725,12451,1290,6796,4798,4308"
11487,11487,"7120,544,2343,4929,6220,6971,2989,9693,10663,11298"
11492,11492,"5303,6220,5495,2343,8562,4798,5532,13346,544,12470"
11503,11503,"544,6220,4277,10326,6659,1404,2218,5495,7707,5303"
11504,11504,"2903,6270,9275,544,1290,1943,10326,4798,4956,2127"
11515,11515,"10326,6220,3950,4798,9942,13346,8562,4277,217,13306"
11547,11547,"10326,12665,6220,4798,3950,6971,13346,9942,2343,5303"
11552,11552,"2343,10326,4798,6220,3950,544,13346,8562,12665,6971"
11567,11567,"10326,4798,8562,6220,3950,4277,13346,9942,217,12857"
11581,11581,"10326,544,4798,9942,1290,5303,6971,6220,2140,8562"
11589,11589,"1290,11298,7120,2989,12869,1244,4576,11024,9101,789"
11591,11591,"12665,11298,1290,89,11024,7120,10137,9942,2989,544"
11595,11595,"1290,7120,11298,1244,9295,9962,5135,544,2989,4929"
11604,11604,"544,1290,4798,10326,7120,6971,2218,6220,275,4277"
11608,11608,"6220,10326,8562,3950,12665,4798,13346,5303,2218,6971"
11627,11627,"3950,8562,13346,2218,6220,4798,10326,8421,3055,9942"
11646,11646,"8562,6220,5495,3950,3428,12665,4798,8413,7707,5545"
11647,11647,"10326,4798,6220,6971,5303,4277,8483,3428,275,11000"
11675,11675,"5303,2343,2140,6971,3950,10326,13408,2218,4798,544"
11676,11676,"1290,7120,11298,1244,4929,6971,12869,10663,9962,789"
11696,11696,"10326,5495,544,4798,13408,1290,2140,7063,8562,9942"
11700,11700,"8562,1290,544,10326,7332,4798,11912,7120,7772,9942"
11722,11722,"1290,7120,6971,6220,1244,544,9295,8590,4798,5303"
11754,11754,"3950,6220,7679,12665,544,5676,9942,10326,13408,2989"
11757,11757,"2343,13408,13346,1220,10326,9693,89,9942,6971,931"
11767,11767,"12665,8562,12757,544,9942,1290,10326,8235,6971,4798"
11773,11773,"6220,10326,4798,8562,8421,5303,3950,4277,1328,544"
11777,11777,"9942,3950,6220,4798,8562,5545,13346,13110,3428,13296"
11778,11778,"1290,7120,9101,11298,12869,1244,4576,7669,4929,9330"
11788,11788,"1290,7120,11298,2989,10607,9962,1779,4929,9730,9295"
11790,11790,"1290,7120,4929,10326,10663,8590,6971,4798,1244,544"
11811,11811,"1290,7120,11298,1244,4929,9101,4576,10663,2989,9295"
11837,11837,"1290,7120,1244,11298,4664,4929,4576,10607,2989,544"
11859,11859,"13346,2218,3950,4798,10326,6220,8235,8562,8413,544"
11865,11865,"13296,6220,1290,544,7707,8562,10429,10326,4798,9942"
11867,11867,"3950,8562,6220,4798,5495,1328,544,10326,1290,5642"
11871,11871,"544,1290,2218,7120,11298,5303,6971,11969,6220,2989"
11879,11879,"7120,11298,1244,4576,10663,9101,10607,2916,544,4664"
11880,11880,"10326,4798,4277,8562,8421,5303,717,2218,6220,350"
11908,11908,"4798,5495,5303,2140,6971,10326,2343,3055,275,8922"
11912,11912,"5303,6971,275,2218,4798,10326,544,8562,13346,1290"
11925,11925,"13346,4277,2343,64,717,10326,3950,8421,4798,9693"
11933,11933,"6220,8413,8562,8188,5676,5545,1862,7707,2218,9942"
11945,11945,"10429,1863,544,1290,10326,5976,8562,4798,9942,11298"
11948,11948,"4798,8562,3950,5461,10326,13346,13249,5495,544,6326"
11952,11952,"5303,10326,4798,544,1290,8421,1634,9942,8562,4315"
11957,11957,"4798,1290,544,62,10326,8562,11298,9942,8302,4469"
11959,11959,"4798,10326,9942,2343,6220,4277,3428,8562,50,12857"
11967,11967,"2218,6220,8562,3950,8413,5545,12665,8188,9942,8235"
11969,11969,"1290,544,9101,2580,12606,10326,8562,4798,5069,9942"
11970,11970,"6220,8562,2218,7707,544,4277,3428,13306,2343,5545"
11975,11975,"6220,10326,9942,3950,12665,5545,7707,8562,4798,3428"
11995,11995,"8562,3950,6220,12665,9942,13346,2343,9404,1323,5199"
12002,12002,"1290,7120,11298,2989,1244,4576,544,12869,4664,11024"
12022,12022,"1290,7120,12869,9962,11298,789,1244,4664,5135,9101"
12032,12032,"9375,544,10326,1290,6659,4798,8562,9942,8911,1213"
12036,12036,"1290,9101,7120,1244,11024,4576,2989,544,10389,4664"
12066,12066,"2343,4277,4798,9693,275,6971,544,13346,9455,12665"
12077,12077,"1290,7120,4929,9962,789,1244,5135,10663,11298,3697"
12078,12078,"4798,10326,4277,5303,2140,3950,717,8421,6971,13346"
12084,12084,"4798,6971,5303,8562,10326,6220,2140,12665,275,13346"
12089,12089,"8562,6220,3950,6971,5545,4798,10326,5303,2140,13346"
12106,12106,"10326,6220,2989,1290,11969,4277,12869,4576,4798,11298"
12107,12107,"12665,8562,8188,13346,3950,2218,544,558,4413,1290"
12111,12111,"13346,6220,3950,12665,10326,8562,6971,4798,5303,275"
12131,12131,"4798,10326,5303,8562,2140,9942,8413,6971,6220,275"
12139,12139,"4798,9693,13346,8562,10326,6220,6971,6834,2537,544"
12141,12141,"6220,7707,2218,5495,13346,8188,544,6659,8838,1290"
12144,12144,"1290,1244,11298,7120,544,9101,5135,4664,12869,10607"
12150,12150,"6220,3950,8562,9942,4798,5545,2218,8413,6971,10326"
12151,12151,"10326,544,6220,12665,4277,4798,217,6971,13346,3950"
12162,12162,"3950,544,6309,9182,4798,1290,10326,3525,3980,997"
12170,12170,"11554,4163,4940,1371,4216,2957,12869,544,10674,1290"
12182,12182,"1290,544,7120,5303,5495,5199,9693,5532,2903,2343"
12185,12185,"10326,6220,4798,5303,8562,13346,3950,5495,13249,4277"
12191,12191,"10326,6220,3950,5303,10594,2218,8562,12857,5495,9942"
12197,12197,"2343,9693,544,5532,6971,1290,9942,1244,5303,6795"
12204,12204,"1290,11298,7120,2989,11024,4576,1244,9295,4664,12869"
12229,12229,"544,2343,6220,9693,4798,8562,3950,6971,10326,9942"
12231,12231,"1290,544,7120,11298,2989,4576,9101,1244,6971,12869"
12234,12234,"6220,544,1290,8562,5976,7707,1863,10326,10429,12606"
12238,12238,"4798,10326,8562,6220,6971,2218,13346,5303,3950,12665"
12242,12242,"8562,4798,217,13346,5303,3950,10326,12857,9942,544"
12260,12260,"10326,13346,8562,6220,8421,4277,13249,12857,10916,217"
12262,12262,"5495,2343,5199,5532,13346,3950,544,8562,10835,9693"
12281,12281,"6220,10326,8562,5303,2218,5495,4798,8590,7707,6971"
12289,12289,"9693,10326,6795,544,4798,64,9942,8562,2537,9532"
12306,12306,"8562,3950,6971,4798,2140,6220,10326,10916,5303,12857"
12326,12326,"4798,10326,3950,544,1290,9942,6220,7824,10506,8022"
12337,12337,"8562,3950,4798,6220,2343,13346,2140,9693,12665,3428"
12355,12355,"1290,544,7120,2989,1244,11298,9101,4576,11969,4929"
12371,12371,"3950,4798,6220,2343,2218,10326,5545,3428,9942,3870"
12372,12372,"12665,5875,8235,544,1290,2343,10326,7024,4798,8562"
12373,12373,"10326,4798,4277,1328,8421,350,8562,12857,6433,544"
12390,12390,"7120,4929,10663,544,2916,12497,6243,10326,6971,4798"
12405,12405,"2343,544,9693,10326,5532,6795,9101,5495,4798,9942"
12407,12407,"1290,7120,544,8703,7637,10326,4798,9942,8562,11298"
12408,12408,"9942,6220,544,5461,5676,5495,5545,7707,89,13296"
12419,12419,"8590,6971,1290,6659,11484,7120,2218,275,5676,544"
12423,12423,"544,1290,10326,8562,4798,5495,8276,9942,12111,11298"
12426,12426,"7120,11298,544,1244,9101,4929,6971,2989,12869,11024"
12452,12452,"4798,10326,13346,6659,8590,8562,8421,1328,217,8147"
12480,12480,"544,4576,9101,7679,11298,2989,11024,1290,12869,4664"
12530,12530,"5303,4798,8562,10326,9942,6971,1290,544,6220,5495"
12546,12546,"6971,4798,2343,1290,10326,8562,5303,8590,544,7120"
12556,12556,"1290,7120,1244,2989,4929,4576,9101,11024,9730,10663"
12573,12573,"2218,5303,8413,5545,6220,9942,3428,5495,10326,544"
12592,12592,"10326,6220,4798,8562,13346,3950,9942,9693,2218,4277"
12596,12596,"10326,8562,13346,4277,3950,4798,6220,12857,12665,10916"
12599,12599,"1290,7120,11298,1244,544,11024,2989,9295,4929,10607"
12615,12615,"544,11298,11024,9101,1244,2989,1290,4163,1779,2957"
12618,12618,"9942,3950,3428,8562,544,5676,13306,2343,5545,7707"
12624,12624,"4798,10326,8562,12665,6220,3950,13346,4277,2343,6971"
12638,12638,"9693,2343,6220,10835,861,3055,5199,8018,796,3127"
12641,12641,"544,2343,5199,3950,10326,5532,5495,6971,9693,4798"
12644,12644,"1290,7120,9101,544,4929,2989,2343,12869,4576,10663"
12649,12649,"1290,6971,4798,7120,10326,8562,544,8703,9942,7637"
12654,12654,"5495,2218,8562,8413,4798,10326,8590,275,50,544"
12658,12658,"2218,10326,4798,6433,10568,4277,6220,3950,1889,8562"
12659,12659,"7120,544,10326,4798,4277,6971,1244,11298,9101,12665"
12666,12666,"4798,9693,8562,13346,10326,3428,4277,6795,544,8421"
12669,12669,"12665,9942,544,10326,1290,4798,12507,3950,13401,6588"
12674,12674,"6220,10326,2218,8413,3950,5303,7707,4798,2140,8562"
12688,12688,"10326,544,1290,9453,4798,8562,9942,1377,1328,11298"
12694,12694,"6220,9942,8413,2218,544,3950,5545,13110,7707,3428"
12709,12709,"10326,4798,5303,4277,13346,8562,8421,2218,6433,275"
12712,12712,"1290,5875,7024,544,8235,11298,12662,10326,7120,4798"
12722,12722,"12869,1290,7679,11554,11298,9330,4163,7120,10674,11024"
12728,12728,"8188,8562,2218,5495,544,1290,10326,4798,8981,13346"
12732,12732,"2343,5532,9693,10835,5199,1290,544,10326,4798,3909"
12736,12736,"10326,4277,4798,8562,6433,2140,350,10594,12857,8421"
12738,12738,"4798,10326,8562,3950,4277,6220,2343,544,13346,3428"
12741,12741,"10326,9942,3950,2218,3428,8562,4277,12470,5495,217"
12756,12756,"12470,13408,2218,8413,7707,5545,9942,3428,544,10326"
12764,12764,"6220,2343,10326,6971,544,3950,2218,5303,275,5545"
12768,12768,"12665,6971,6220,2343,3950,9693,10326,4798,89,13296"
12773,12773,"8562,4798,10326,2218,12857,5303,3950,6326,6971,2140"
12789,12789,"4798,10326,13346,8562,4277,5303,2140,6971,8421,6220"
12790,12790,"1290,11298,4929,9101,10663,9295,4576,2916,2218,13408"
12801,12801,"5495,5532,1862,13112,6971,8279,12470,1290,544,1286"
12804,12804,"1290,4929,1244,10663,12869,2916,9962,12497,789,5135"
12833,12833,"6220,3950,8562,10326,5303,13346,50,2218,5642,8483"
12846,12846,"4798,3950,10326,13346,6220,12857,10916,13249,5495,6433"
12855,12855,"2343,10326,8562,5495,544,4798,9942,217,1290,4416"
12860,12860,"8562,3950,4798,6971,10326,5303,2218,2140,10568,13346"
12874,12874,"10326,8562,4798,3950,6220,13346,10916,6326,4277,8421"
12875,12875,"13346,3950,5495,8562,5199,5461,2905,544,4798,10326"
12877,12877,"2218,6220,6659,5545,8188,544,9942,1290,8562,1118"
12883,12883,"5495,12470,2218,8413,5303,3950,12668,5545,6220,9942"
12890,12890,"4798,8703,544,1290,7637,10326,9942,9668,8562,10332"
12919,12919,"1290,7120,4929,10663,9295,1244,12497,11298,10674,2916"
12927,12927,"1290,6220,13296,7120,544,1244,9101,9942,1863,10429"
12955,12955,"6971,5495,2343,10326,3950,8562,12470,4798,7707,6220"
12956,12956,"8562,1290,544,844,2218,10326,4798,7715,9942,1583"
12958,12958,"10326,9942,4798,544,2140,9771,1290,7439,8562,12665"
12965,12965,"217,12470,6220,544,5495,1404,3950,3428,2140,12857"
12970,12970,"6220,3950,10326,2218,8562,3428,5545,5303,13249,13296"
12996,12996,"2343,9693,6795,6971,13346,6834,2537,9942,10835,544"
13000,13000,"6220,3950,8562,9942,13346,2218,4798,5545,3428,12665"
13017,13017,"544,2989,11298,4576,11024,9101,1290,1244,7679,4664"
13019,13019,"10326,8562,4277,3950,6971,6220,5303,12857,13249,6433"
13021,13021,"8562,8413,7707,8188,12606,3950,4413,544,4798,10326"
13022,13022,"10326,8562,4798,2218,4277,6220,2140,544,5303,9942"
13063,13063,"8413,5303,2218,4798,8562,6220,8188,9942,13346,544"
13075,13075,"544,12869,6971,1290,9942,7120,4798,11298,10326,6220"
13076,13076,"3950,2343,2218,6220,13346,10326,4798,5495,9942,8562"
13101,13101,"4798,3950,10326,6971,2140,13346,4277,5495,544,9942"
13105,13105,"1290,7120,11298,12869,9730,9101,1244,4576,4664,11024"
13115,13115,"10326,12665,544,9942,6971,6220,5303,1290,2218,11969"
13117,13117,"1290,6220,7120,4798,5303,544,6971,4664,10326,12665"
13121,13121,"3950,4798,5303,8562,10326,13346,12857,9942,2140,8413"
13123,13123,"1290,544,2343,11298,7120,2989,9101,4576,1244,6971"
13125,13125,"4798,10326,12857,8413,6220,8562,3950,2218,50,5545"
13147,13147,"4798,10326,13346,8562,3950,217,8483,6433,1978,6326"
13151,13151,"8562,6220,5303,10326,3950,13346,9942,8413,4798,13375"
13153,13153,"10326,4798,4277,8562,13346,6220,3950,6433,13249,544"
13176,13176,"1290,544,11298,12869,7120,4576,1244,789,9730,10137"
13180,13180,"6220,8562,9942,3428,3950,2218,10326,5545,13296,7707"
13192,13192,"8562,6659,1328,3870,10326,5495,3950,4798,9942,6220"
13194,13194,"3950,12665,4602,9942,544,8235,931,1290,13346,10326"
13195,13195,"5303,8562,50,4277,1978,2218,10326,217,4798,9942"
13198,13198,"5303,10326,4277,4798,10568,8421,8483,12857,9340,10594"
13231,13231,"3950,8562,6971,9942,4798,13346,12665,2140,6220,10326"
13234,13234,"1290,7120,4929,789,9962,10663,5135,9295,13309,2916"
13240,13240,"544,7120,11298,2989,9101,4576,10326,12869,11024,4798"
13273,13273,"3950,6220,2218,12665,5303,9942,13346,10326,5495,8590"
13276,13276,"3950,6220,13346,8562,9942,3428,1978,2218,3992,2580"
13283,13283,"10326,8421,2140,4798,8161,717,4277,12404,10594,544"
13297,13297,"13346,3950,275,10326,8562,4798,12665,8483,1286,5303"
13301,13301,"13346,4798,6220,8562,5303,8413,5461,1290,10326,6971"
13303,13303,"5495,8562,2218,12665,3950,8483,12857,8413,13346,10326"
13321,13321,"1290,7120,11298,9295,2989,1244,789,9962,544,10464"
13330,13330,"1290,10326,4798,544,8562,8703,7120,1863,9942,2855"
13338,13338,"1290,11298,7120,9295,1244,9962,789,11024,3464,12869"
13380,13380,"10326,6971,275,2140,2218,5303,4798,8562,8590,3950"
13389,13389,"1290,7120,4929,1244,10663,2916,11298,544,6243,2989"
13390,13390,"3950,9942,5532,6220,2218,5461,4602,10835,544,9693"
13391,13391,"11298,1290,12869,6971,10326,4576,544,4798,9730,2989"
13401,13401,"8562,10326,3950,4277,544,13346,4798,6220,12665,50"
13403,13403,"1290,6220,6971,8590,10326,89,9942,544,7120,4798"
13407,13407,"10326,544,1290,7120,4576,350,4798,4277,2140,1404"
13413,13413,"217,2140,4277,10326,544,10594,4798,1290,9942,7063"
13414,13414,"2989,11298,9730,11024,9101,1290,4576,12869,4545,9295"
13446,13446,"4798,10326,4277,8562,5303,13346,8421,544,12857,6971"
13472,13472,"1290,11298,7120,7679,544,4576,2989,12655,1244,9101"
13488,13488,"4798,8562,3950,13346,5303,10326,6971,12665,6326,5642"
13502,13502,"1290,11298,2343,11024,544,7120,2989,9101,4576,1244"
13507,13507,"1290,7120,11298,2989,9730,9101,4576,1244,10389,544"
13512,13512,"4798,13346,8562,3950,10326,7707,6659,3870,5676,13249"
13543,13543,"4798,4277,12665,8562,5303,544,6220,10916,8421,3950"
13572,13572,"10326,8562,4798,544,5303,6971,3950,6220,6433,2140"
13595,13595,"1290,7120,4929,6971,10663,1244,4798,8922,544,10326"
13599,13599,"5495,3950,9942,3428,544,6220,10326,8562,4798,2218"
13608,13608,"9693,10326,5303,12665,6795,64,544,13346,6220,4798"
13609,13609,"350,10326,12730,544,4798,6199,1290,8562,9942,11298"
13630,13630,"4798,3950,9942,12665,10326,6220,2218,6971,2140,2343"
13635,13635,"10326,4798,5303,2140,8421,8562,2218,544,6971,7803"
13645,13645,"6220,3950,4798,8562,10326,9942,6971,5303,3055,3428"
13673,13673,"13346,2343,5199,3055,4798,9532,5532,544,10326,9693"
13683,13683,"9942,6220,4798,10326,5303,544,6971,3950,12665,8562"
13702,13702,"6971,2218,8590,544,1290,8413,2343,7715,89,3055"
13716,13716,"4798,3950,10326,8562,6971,6220,12665,2218,5303,2140"
13724,13724,"11298,2989,9730,544,9101,4576,12869,4929,6971,1244"
13746,13746,"4798,6220,2343,10326,5303,2218,6971,12665,3950,8562"
13752,13752,"8562,3950,9942,6220,544,4413,1290,3870,10326,4798"
13756,13756,"1290,7120,4929,9962,789,5135,10663,13309,11298,1244"
13763,13763,"1290,7120,11298,1244,9962,789,9295,5135,10607,9101"
13774,13774,"10326,6220,8562,544,9942,6971,13296,7707,5545,1290"
13776,13776,"1290,7120,11298,1244,9730,9962,789,5135,4929,544"
13786,13786,"1290,11298,7120,789,1244,5135,9962,12869,544,10326"
13788,13788,"4277,350,10326,9453,544,6643,1290,6305,4798,9942"
13791,13791,"1290,11298,11024,7120,6971,2989,4576,10389,12995,1244"
13810,13810,"8562,10326,6220,9942,6326,5303,1290,13346,3950,12665"
13811,13811,"10326,4798,8421,10916,12857,4277,5303,217,8161,9580"
13820,13820,"9942,11024,11298,2989,1290,9962,7120,10919,789,5135"
13826,13826,"6220,3950,714,5495,13346,9730,9942,2218,217,3428"
13840,13840,"544,10326,1290,8562,4798,2770,9942,1328,11298,7120"
13841,13841,"544,4277,6220,8562,217,13346,13249,6326,2343,717"
13852,13852,"9942,6220,3950,12665,89,5545,13296,2218,12470,5495"
13858,13858,"1290,6971,4798,544,10326,7120,8562,9942,7637,6220"
13865,13865,"9178,1328,6659,1210,10326,4277,544,8562,6383,1290"
13871,13871,"10326,4277,4798,5303,544,2140,8562,10594,217,717"
13877,13877,"4798,5461,10326,8562,2158,9942,2343,544,1290,6659"
13905,13905,"10326,4798,4277,8562,12857,6220,8421,6971,3950,12665"
13924,13924,"7120,11298,544,9101,4929,4576,2989,12869,10663,10389"
13929,13929,"10326,4798,4277,5303,2140,6971,544,8421,8562,13346"
13935,13935,"8562,3950,3428,8413,6220,5676,9693,2343,5532,2140"
13952,13952,"1290,7120,11298,1244,4929,12869,2989,4576,10389,4664"
13953,13953,"1290,10326,6971,4742,7120,4798,6591,8590,3950,9295"
13962,13962,"10326,8562,4798,3950,4277,544,8421,217,13346,717"
13965,13965,"7983,9942,5495,6220,89,6659,544,1290,5545,10326"
13966,13966,"10326,8421,10594,13346,12857,4798,544,3950,1290,8562"
13974,13974,"1290,11298,11024,4576,7120,9101,2989,1244,7679,12869"
13982,13982,"1290,7120,11298,11024,1244,6971,89,4929,4576,544"
13983,13983,"5461,2903,5199,13112,5532,3950,10326,544,9942,1290"
13987,13987,"6220,3950,10326,4798,3428,9942,13346,8421,4277,5303"
13988,13988,"1290,7120,544,10326,6971,4576,2343,9101,9942,4798"
13991,13991,"10326,4798,3950,13346,6220,12857,5303,6326,6971,4277"
13995,13995,"3950,8562,3428,9532,5199,5495,2218,6302,12665,13346"
13998,13998,"10326,4798,5303,6971,2140,3950,8562,8161,13346,12665"
14021,14021,"6220,3428,8562,13296,5545,13110,13306,3950,7707,544"
14028,14028,"2343,544,9693,4277,5199,10326,5532,3950,5461,6383"
14042,14042,"9942,6220,2218,6659,12665,5545,544,8562,10326,3428"
14049,14049,"8703,544,1290,7637,10326,4798,9942,4205,8562,11298"
14060,14060,"6220,8562,3950,13346,2343,9942,3428,5545,13296,5199"
14061,14061,"8562,3950,13296,544,1867,1290,9984,10326,6220,4798"
14067,14067,"6220,544,7707,1863,1290,10429,8562,10326,9942,4798"
14079,14079,"1290,4798,6220,544,7120,6971,5303,12665,2343,2218"
14089,14089,"544,4277,350,6220,4882,217,4798,1404,5495,10326"
14097,14097,"4798,10326,5303,4277,544,2140,1290,275,350,8590"
14105,14105,"3464,7679,11024,7669,12869,11298,4163,9330,11554,4216"
14147,14147,"2140,4798,9942,3950,5731,544,7063,5996,4277,10326"
14155,14155,"8562,4798,3950,6220,2218,8413,9942,13346,5545,5303"
14168,14168,"10326,4798,5303,4277,12857,544,217,8421,2140,6220"
14170,14170,"10326,8562,2343,544,5495,6220,10835,4277,7707,5303"
14173,14173,"544,2989,4576,3428,9101,6220,11024,9942,3464,13306"
14174,14174,"8562,6220,10326,3950,13346,4277,4798,13249,5676,11540"
14196,14196,"4798,8562,6220,9942,8413,13346,2343,3950,2218,12665"
14197,14197,"2218,4277,11298,10326,9340,544,1290,4798,5250,9730"
14202,14202,"7120,11298,1244,9101,4576,4929,9962,544,10663,11024"
14204,14204,"544,9306,1290,10326,4798,9942,8562,6648,2300,11298"
14215,14215,"2343,4798,6220,544,810,9693,6795,1574,10326,13346"
14242,14242,"10326,4798,4277,8562,3950,8421,717,217,2140,5303"
14244,14244,"10326,6220,4798,8562,9942,12665,6971,13346,5303,13249"
14249,14249,"1290,7120,4929,10663,3697,544,11298,1244,6971,4798"
14250,14250,"544,1290,10326,4531,4798,9738,9942,3285,8562,8452"
14256,14256,"10326,4798,4277,5303,8562,8421,717,13346,12857,6971"
14258,14258,"4664,11298,11918,7679,2989,7258,8714,4890,12995,1290"
14280,14280,"5303,4798,8562,10326,3950,5199,6302,13346,6971,544"
14318,14318,"544,7120,11298,6220,6971,1244,2989,4576,9101,8590"
14325,14325,"10326,1328,350,6659,8562,8421,544,1290,4277,10891"
14328,14328,"1290,10326,4798,6971,8590,4929,8562,10663,4277,2140"
14329,14329,"13346,9942,8562,3870,5495,3950,8333,8681,6220,544"
14344,14344,"8562,10326,6971,4798,5303,3950,2140,6220,5199,5495"
14366,14366,"1290,7120,4929,10663,5135,1244,544,6971,9962,10326"
14421,14421,"1290,7120,11298,3464,9962,5135,1244,9730,4929,2916"
14430,14430,"10326,4798,4277,717,5303,2140,8421,6220,217,2343"
14435,14435,"275,3950,8562,6925,4413,544,9942,10171,1290,6392"
14472,14472,"4798,2218,10326,1290,6220,8590,544,3950,275,5199"
14501,14501,"6220,4798,2218,12665,6971,8562,10326,9942,8590,544"
14509,14509,"4798,6971,13346,5303,3950,10326,12665,8483,2218,275"
14516,14516,"8562,2218,4798,6220,13296,8188,7707,544,10326,1290"
14521,14521,"10326,4798,3950,2218,5303,8562,6220,5495,4277,13346"
14553,14553,"1290,6220,8562,5303,5495,4798,544,10326,7120,9942"
14561,14561,"6220,3950,12665,5545,8562,13346,9942,3428,13296,2343"
14562,14562,"5495,9942,5303,13346,3950,2218,12665,6220,89,12470"
14567,14567,"2140,5461,6220,9942,4798,1220,10326,5303,2343,544"
14575,14575,"1290,544,7120,11298,4798,2140,9962,789,9942,4453"
14581,14581,"544,2343,5303,13346,9693,5532,5199,8562,2218,6220"
14627,14627,"1290,6971,89,7120,3055,8590,12665,544,8922,10326"
14634,14634,"6220,9942,3428,544,3950,13110,5545,13296,5184,7707"
14651,14651,"5303,4798,10326,5495,275,2140,13346,544,8922,1290"
14659,14659,"2343,13346,5199,4798,6971,8562,10326,10835,544,5532"
14670,14670,"10326,4798,12665,217,8421,4277,5495,9455,544,350"
14684,14684,"6220,8562,544,7707,2218,9942,3428,10429,4798,1863"
14691,14691,"4798,1290,13346,9730,275,10326,8562,8922,2218,544"
14695,14695,"1290,2218,7120,6971,12665,5303,13296,6220,4798,9942"
14705,14705,"10326,8562,4798,4277,217,1328,12665,12857,13346,350"
14711,14711,"1290,7120,4929,10326,544,4277,6220,12606,7707,10663"
14723,14723,"4798,3950,10326,6971,8562,13346,8483,9942,544,12035"
14739,14739,"11298,9730,1290,2989,7120,11024,9101,10389,4576,1244"
14740,14740,"10326,4798,8562,6971,5303,275,2140,544,4277,12857"
14743,14743,"5495,2218,5532,5303,4798,8590,5199,12668,3950,10326"
14747,14747,"10326,544,8562,4277,4798,6220,3950,350,13346,8421"
14748,14748,"9942,6220,89,12665,5545,8413,8681,5676,7983,8562"
14764,14764,"1290,7120,4929,2989,4798,8333,3950,13346,6383,6971"
14771,14771,"544,6220,9942,2989,7707,5495,9693,4664,2343,4576"
14780,14780,"10326,4798,4277,6220,217,8421,8562,717,12857,544"
14784,14784,"4798,10326,5303,4277,544,2140,350,12857,8590,8562"
14785,14785,"9942,13110,3428,13306,6220,5545,544,9042,2218,1290"
14798,14798,"2343,9693,9532,6839,10835,1323,5532,13346,13306,12665"
14801,14801,"544,9942,10326,4798,6220,2343,12665,4277,3950,6971"
14803,14803,"10326,4798,6220,544,5303,4277,9942,275,2140,13346"
14821,14821,"4798,5303,10326,4277,275,13249,544,6971,6220,6326"
14832,14832,"6971,1290,8562,4798,2343,544,10326,5495,5199,5532"
14833,14833,"3950,9942,4798,6220,10326,13346,8562,3428,5545,6971"
14853,14853,"4798,8562,12665,6971,6220,9942,8590,544,7792,13346"
14854,14854,"6220,8562,13249,10326,2218,13346,4798,3950,5303,8483"
14856,14856,"6220,544,9942,8562,12665,3950,10326,2343,2218,5303"
14858,14858,"10326,3950,5532,2343,5199,4798,9519,10835,4277,13346"
14864,14864,"1290,544,10326,6724,4798,7120,9942,8562,2140,8984"
14867,14867,"1290,11298,2989,7120,1244,11024,12665,4576,9101,10389"
14880,14880,"7679,11298,2989,544,4576,11918,11024,9101,4664,10389"
14890,14890,"8562,6220,13346,6971,9942,5199,3950,4798,8205,10326"
14892,14892,"10326,9693,4798,544,6220,4277,13346,8562,12665,3950"
14899,14899,"1290,11298,12869,11024,7120,4576,1244,4664,9962,10607"
14904,14904,"2343,6795,9693,9532,89,12665,3055,9942,5532,8279"
14906,14906,"11298,1290,7120,1244,9295,12869,4576,4664,11024,3464"
14909,14909,"4277,350,5303,9340,544,10326,4694,4798,1290,8562"
14929,14929,"8562,6220,4798,3950,5303,5545,2218,9942,13296,10326"
14931,14931,"6220,7707,13296,8562,544,1863,1290,9942,10326,4798"
14938,14938,"4798,10326,3950,8562,6220,6971,13249,4277,12857,8483"
14955,14955,"3950,6220,10326,6971,4798,12665,2140,2343,13346,8590"
14961,14961,"8562,544,10326,1290,4798,3314,9942,11298,2936,5645"
14969,14969,"1290,11298,9730,7120,11024,9962,12869,5135,4664,1244"
14970,14970,"10326,4798,4277,6971,217,2218,717,6220,544,8421"
14977,14977,"3950,12665,6220,8562,5495,9942,5676,7707,5545,1225"
14991,14991,"4798,6220,10326,13346,5303,8562,2218,12665,3950,5545"
14993,14993,"4798,2140,10326,544,1290,9306,2291,8562,9942,7445"
15009,15009,"4798,3950,13346,12857,8562,717,10326,13249,8421,8483"
15014,15014,"11298,9101,2343,2989,9693,4576,1244,10389,544,8978"
15028,15028,"7120,11298,1244,4929,10663,9101,9295,2989,3464,12869"
15029,15029,"4277,217,10326,8562,717,4798,13249,8483,10916,13346"
15030,15030,"5495,8562,13346,9942,6220,8413,7707,5545,8681,13306"
15033,15033,"4798,10326,2343,6971,13346,8562,9693,12857,544,10835"
15052,15052,"544,4798,8562,5303,6220,1290,8590,717,13346,6433"
15062,15062,"4798,10326,13346,6220,5303,9942,8562,6326,8421,13249"
15074,15074,"6220,9942,544,1290,6971,2218,8562,2343,5303,10326"
15081,15081,"3950,13346,2343,9693,10326,13110,5495,6220,544,5532"
15082,15082,"544,1290,10326,3563,4029,4798,9942,8562,9994,2436"
15097,15097,"13346,6971,4798,8562,2140,10326,544,1290,9942,9771"
15098,15098,"4798,10326,8562,3950,6220,6971,13346,5303,4277,2218"
15107,15107,"1290,7120,4929,11298,1244,10663,789,5135,9962,9295"
15113,15113,"10326,4798,8562,6220,3950,4277,6659,13346,350,2140"
15120,15120,"10326,8562,4798,6220,3950,13346,5303,2218,5545,217"
15121,15121,"4798,10326,8562,3950,6220,13346,6971,4277,12665,12857"
15122,15122,"4798,10326,8562,3950,5303,6220,13346,2218,12857,2140"
15141,15141,"4277,350,10326,217,8562,4798,1328,6383,5676,544"
15143,15143,"4798,10326,6220,6433,4277,8562,13296,6971,13346,9942"
15148,15148,"3950,2343,13346,5495,64,6220,544,9942,12665,5199"
15164,15164,"10326,9942,6220,2343,11969,8562,9693,12665,5303,7707"
15165,15165,"6220,1290,9942,544,8562,2218,6971,9101,3428,13296"
15175,15175,"10326,4798,4277,717,8421,13346,8562,275,10916,2140"
15186,15186,"1290,4929,1244,10663,9295,11298,5135,789,2916,544"
15189,15189,"10326,6220,544,3950,4798,4277,2218,217,5303,8562"
15200,15200,"10326,4798,6220,544,1290,4277,6971,8562,5303,9942"
15204,15204,"10326,8562,4277,6220,13346,4798,2140,10916,9942,3950"
15205,15205,"1290,4798,7120,6971,544,6220,5545,13346,8562,8590"
15217,15217,"8590,5199,1290,4798,8562,544,8922,2343,5303,10326"
15240,15240,"2989,11024,12869,1244,4576,7679,10389,1779,9730,10607"
15248,15248,"1290,6220,6971,1863,8562,7120,544,9942,4798,13296"
15253,15253,"4798,10326,8562,4277,2343,2140,10916,544,5303,13346"
15256,15256,"4277,544,10326,4798,2140,1978,13346,3950,350,7138"
15260,15260,"10326,544,4798,5303,8562,2343,3950,13346,8421,6220"
15265,15265,"5495,12470,12092,2218,11540,544,1290,5199,10326,4798"
15274,15274,"544,1290,10326,4798,9942,13130,5251,8562,11298,3314"
15275,15275,"4798,2140,6971,10326,5303,544,8562,1290,3950,12665"
15282,15282,"4798,10326,8562,2140,2218,544,5303,8205,1290,13346"
15294,15294,"2343,5532,9693,6795,9532,13346,10835,2903,12665,10326"
15304,15304,"1290,11298,7120,1244,4576,9962,11024,789,2989,10607"
15330,15330,"544,6220,2343,10326,9693,11969,11298,9101,6971,4576"
15331,15331,"8562,12665,6220,3950,13346,13296,3055,5495,9942,5545"
15332,15332,"1244,1290,7120,10389,11298,544,2989,7679,3464,10326"
15339,15339,"6220,5545,7707,9942,8562,544,1863,1290,10429,5976"
15387,15387,"544,6220,7707,8562,1863,1290,10326,10429,12665,9101"
15391,15391,"544,10326,6220,4277,12665,4798,275,8562,6971,2343"
15396,15396,"4798,13346,10326,8562,6220,6326,6971,12665,3055,5545"
15397,15397,"6971,2218,8562,13346,5303,9942,3950,544,6220,7715"
15421,15421,"4798,2343,544,10326,9306,1290,2899,9942,8562,11298"
15427,15427,"1290,7120,11298,7679,9730,4929,4576,544,11969,1244"
15434,15434,"1290,544,2989,11298,7120,1244,4576,11024,6220,12995"
15441,15441,"5495,10326,4798,12665,275,2218,8562,8590,9942,3950"
15444,15444,"6971,6220,2218,5303,10326,275,4798,9942,12665,8590"
15457,15457,"4798,6220,3950,8562,5303,13346,10326,6971,9942,8483"
15466,15466,"8562,3950,217,717,13249,4277,11000,1978,4798,10326"
15475,15475,"4798,12857,8413,3950,13249,5676,1978,10326,5303,5495"
15483,15483,"11298,1290,11024,2989,4576,7120,7679,9295,9101,1779"
15487,15487,"12665,8235,544,4798,1290,5875,89,10326,8562,9942"
15500,15500,"2140,275,544,10326,4798,1290,7063,12404,9942,9771"
15511,15511,"6220,2343,9942,9532,10326,4798,1244,544,5532,8562"
15515,15515,"8562,6220,3950,2218,4798,5545,7707,13346,10326,9942"
15519,15519,"4798,6971,12665,8562,13346,9942,3950,5303,544,3055"
15534,15534,"2343,9693,5303,5545,8413,6834,9942,544,2537,1290"
15545,15545,"1290,7120,11298,4576,9101,12869,11024,10137,2989,1779"
15553,15553,"2343,2989,9730,11024,544,9693,4576,12869,7679,11298"
15556,15556,"5495,8413,2218,12470,3950,6220,8562,5303,9942,7707"
15564,15564,"4798,13249,13346,3950,6326,12857,6433,8161,10326,544"
15567,15567,"1290,7120,11298,12869,1244,4929,7669,4576,4163,10674"
15582,15582,"4798,12857,8562,6433,6326,217,10326,5676,13346,9602"
15585,15585,"10326,4798,4277,5303,6971,8562,8421,6220,717,12857"
15587,15587,"8562,6220,3950,8413,5303,2218,13346,5495,2140,5545"
15589,15589,"6971,5303,2140,4798,10326,8483,8562,4277,11000,275"
15590,15590,"9693,3428,5495,6795,5532,12665,6220,2537,64,6834"
15595,15595,"3055,10326,544,1290,6522,4798,9942,7526,8562,10002"
15611,15611,"11298,1244,9101,4576,2916,9730,9962,789,10607,12869"
15613,15613,"3950,13346,9942,4798,3428,6220,10326,6971,8562,3055"
15632,15632,"10326,8562,13346,6220,4277,5303,544,12665,7707,6971"
15633,15633,"10326,544,4277,5303,350,9072,13249,4798,12665,12857"
15639,15639,"6971,4798,5303,3950,6220,10326,8590,2218,8421,5495"
15648,15648,"10326,4798,4277,217,6971,544,6220,717,8562,2140"
15652,15652,"4798,10326,350,4277,9340,13346,275,2140,8421,8205"
15683,15683,"6220,9942,3428,5545,13296,2218,7707,8562,544,8188"
15688,15688,"9942,6220,8562,5495,3950,5545,7707,3428,2218,5676"
15703,15703,"9942,3950,8413,8562,4413,13346,4798,544,1290,6220"
15708,15708,"3950,2218,6971,2724,4213,544,1290,10326,4798,5879"
15714,15714,"10326,4798,8562,544,3950,217,717,12857,8421,6220"
15719,15719,"4277,10326,4798,8562,350,13346,12857,544,6433,10916"
15727,15727,"8413,8562,1230,10326,6971,544,12665,4798,1290,2218"
15728,15728,"1290,7120,4929,10663,12030,544,5573,10326,4798,9942"
15735,15735,"10326,4798,8562,4277,8590,275,5303,11969,2140,8421"
15736,15736,"5495,3950,8562,9942,1328,6220,31,4798,10326,12665"
15739,15739,"1290,7120,2989,11024,1244,9295,8978,12869,6288,3464"
15742,15742,"9942,3950,6220,4798,8562,10326,89,12857,544,5303"
15764,15764,"350,1978,50,4277,8562,3950,13346,9234,9178,4798"
15773,15773,"10326,4798,13346,5495,2140,6971,3950,8562,12857,10916"
15774,15774,"1290,7669,7120,11298,6591,12869,9730,2989,9295,2957"
15786,15786,"1290,11298,11024,7120,544,4576,9101,12995,10389,9730"
15789,15789,"4277,10326,12857,217,350,8421,717,9105,4798,6433"
15796,15796,"9942,2343,6220,10326,9693,2218,3428,3950,12665,544"
15800,15800,"5495,8562,2218,12470,12099,10326,3950,12668,4798,10077"
15802,15802,"1290,7120,11298,9101,1244,544,9730,2343,9295,4576"
15812,15812,"10326,4798,4277,5303,544,8562,350,2140,8421,3950"
15815,15815,"5303,544,10326,3870,4798,8503,1290,11320,9942,1634"
15828,15828,"6220,8562,10326,13346,12665,9942,13249,3950,544,4277"
15831,15831,"11298,4664,1244,1779,7679,1290,11024,544,7265,10326"
15840,15840,"4277,10326,350,717,544,9340,275,217,10594,12404"
15845,15845,"4798,8562,13346,3950,10326,12857,9942,6220,6326,4413"
15847,15847,"2218,6220,8413,5461,5495,544,232,1290,10326,4798"
15856,15856,"4798,10326,8562,6971,12857,13346,10916,5303,4277,8421"
15861,15861,"12869,1290,11298,4163,2957,9962,7120,5135,1558,4216"
15862,15862,"1290,7120,11298,4576,1244,9101,544,789,9962,4929"
15871,15871,"5495,12470,8413,7707,2218,8562,8188,3950,544,1290"
15872,15872,"8562,3950,13346,3055,8421,10326,4798,8413,9733,5495"
15883,15883,"1290,7120,11298,2989,9295,1244,4576,544,9101,6971"
15886,15886,"2343,544,6220,7707,8562,1863,13296,1290,10429,10326"
15888,15888,"9942,6220,12665,544,3950,5303,6971,10326,2218,2343"
15898,15898,"6220,4277,4798,10326,8562,8421,13346,6971,3950,8161"
15919,15919,"4798,50,10326,6795,4416,6326,64,3950,6220,8562"
15922,15922,"1290,7120,4929,11298,5135,1244,9295,10663,3697,13309"
15931,15931,"544,1290,7120,9693,11315,10326,5251,1244,4798,10743"
15941,15941,"6220,8562,9942,3950,8188,7707,2218,3428,5495,544"
15943,15943,"4798,12857,10594,8161,10326,13346,8421,8562,544,5303"
15956,15956,"10326,6220,8562,4798,3950,6971,12665,5303,5545,275"
15958,15958,"1290,7120,6220,6971,544,4798,5303,89,10326,8590"
15960,15960,"2343,8413,6220,5303,2140,4798,10326,13346,6795,810"
15973,15973,"3222,11298,4890,11024,5979,4576,9101,4545,544,7605"
15977,15977,"1290,7120,11298,1244,4929,9962,789,10663,10607,1779"
15994,15994,"8562,89,13110,3950,4413,13346,7359,6220,5545,10326"
15995,15995,"1290,7120,1244,4929,11298,6971,9730,9962,10663,5135"
15996,15996,"6220,3950,13346,5545,9942,8562,10326,4798,6971,5303"
15999,15999,"6220,3950,2140,8562,4798,544,220,9942,1290,10326"
16060,16060,"1290,7120,4798,6971,10326,6220,544,12665,5303,4929"
16069,16069,"3950,4798,2218,13346,217,10326,1978,4277,717,13249"
16076,16076,"1290,11298,2989,7120,544,9101,1244,12869,4576,9730"
16085,16085,"10326,12730,8562,544,1290,4798,12191,9942,5495,6383"
16089,16089,"8562,6971,1290,2140,4798,544,10326,8922,6220,2343"
16097,16097,"10326,4277,4798,544,8562,13346,5303,3950,217,8421"
16112,16112,"3950,6220,6326,9942,217,13110,544,3428,10326,12152"
16116,16116,"4798,10916,8562,12857,10326,6971,544,1290,9942,4277"
16137,16137,"4277,275,4798,350,10326,8483,5303,217,13346,544"
16150,16150,"3950,717,217,1328,7087,8562,8421,6528,10326,544"
16174,16174,"3428,3950,9942,13110,4413,8562,544,1290,8413,10326"
16176,16176,"3950,8413,8562,6971,1889,6220,544,4173,1290,10326"
16210,16210,"1290,7120,4929,10663,789,6971,9962,1244,11298,544"
16212,16212,"10326,4798,8562,3950,13346,12665,6220,4277,5303,217"
16230,16230,"10326,8562,4798,3950,5303,6220,2218,4277,8590,13346"
16245,16245,"10326,4277,544,4798,217,8562,350,1328,6433,3950"
16293,16293,"8562,3950,6220,13346,4798,10326,13249,5303,9942,6971"
16299,16299,"1290,7120,11298,9295,1779,8590,2989,1244,4576,9962"
16300,16300,"1863,7707,10429,544,1290,8562,10326,9942,4798,7706"
16303,16303,"3950,8562,12857,10326,10916,4277,2218,2140,4798,544"
16305,16305,"1290,7120,11298,12869,6971,4576,89,6220,2989,9101"
16314,16314,"4798,8562,4277,10326,5303,13346,544,12857,6433,6971"
16328,16328,"4798,8562,10326,12857,13346,2140,3458,11540,544,652"
16340,16340,"1290,7120,11298,9101,544,1244,9962,789,4576,12869"
16351,16351,"10326,9942,544,1328,4277,3428,8483,10869,217,350"
16363,16363,"4798,11969,2343,6220,10326,5495,544,13346,8562,9942"
16376,16376,"4798,6971,5303,10326,2140,7063,544,6433,8562,1290"
16387,16387,"4798,10326,12857,6433,4277,6326,8421,6220,10916,13346"
16395,16395,"6220,8562,10326,4798,544,5545,3950,3428,2140,1978"
16414,16414,"6971,8562,6220,7707,4798,5545,810,10326,544,12665"
16416,16416,"8413,7715,544,1290,10326,4798,8562,9942,9454,11298"
16418,16418,"6971,6220,2218,5303,10326,89,12665,544,9942,5495"
16471,16471,"1290,2989,7120,11298,4576,1244,11024,544,9101,10389"
16489,16489,"8562,4798,10326,6220,3950,2218,12857,8413,6326,13346"
16497,16497,"2343,9693,5532,5199,6795,10835,12665,5303,544,10326"
16509,16509,"5303,2218,2140,6971,4277,8590,6220,544,1978,8562"
16510,16510,"9942,3950,6220,13346,2218,5303,5545,8413,8562,4798"
16521,16521,"11298,1290,11024,1244,7120,4664,2989,10389,4576,9730"
16524,16524,"544,1290,10326,4798,9942,8562,11298,10352,12824,7120"
16582,16582,"5303,13408,544,7136,3275,1290,6220,10326,9942,4798"
16592,16592,"1290,6220,2343,8562,544,6971,7120,8590,9693,7707"
16604,16604,"1290,11298,7120,2989,11969,7679,12655,544,12869,9101"
16605,16605,"1290,11298,7120,9101,4576,11024,6220,544,1244,4664"
16617,16617,"11298,1290,11024,2989,4576,9101,7120,7679,1779,12869"
16622,16622,"11298,2989,11024,4576,1290,1244,9101,12869,11918,7120"
16624,16624,"6220,8562,3950,2140,3428,4798,9942,544,1290,10326"
16628,16628,"3950,11484,13346,8562,10326,544,1290,4798,2903,11406"
16633,16633,"1290,7120,4929,1244,6971,11298,544,2989,4576,9101"
16646,16646,"7707,8562,544,10326,10429,6220,9942,1290,5495,4798"
16651,16651,"10326,13346,5495,8562,4798,13249,12857,50,9942,3950"
16654,16654,"10326,13346,4798,6971,6220,8562,8483,8421,6326,5495"
16673,16673,"8562,3950,2218,6220,9942,5303,4798,13346,2140,11000"
16675,16675,"10326,6220,4798,8562,13346,9942,3950,4277,6326,3428"
16677,16677,"6971,2343,2218,9693,3950,5532,5303,8562,4798,5199"
16679,16679,"8413,275,6971,8562,2218,4798,3416,1889,5303,13375"
16686,16686,"1290,11298,7120,1244,1779,9730,9962,789,10607,544"
16695,16695,"4798,3950,10326,4277,5303,8562,12857,6220,2140,8421"
16704,16704,"3428,3950,8562,13346,9942,5545,2343,5676,6220,13306"
16709,16709,"6220,9942,13346,12665,3950,5545,5495,2218,1220,7707"
16773,16773,"4798,10326,4277,5303,6433,12857,3950,13346,8562,6326"
16774,16774,"10326,8562,3950,2218,12857,1889,8421,13346,13249,4798"
16797,16797,"6220,3950,9942,3428,8562,13110,13346,13306,7707,12665"
16803,16803,"2140,8562,7063,1962,544,10326,4798,1290,9942,6751"
16804,16804,"10326,4798,4277,13346,3950,12857,10916,5303,6433,6326"
16806,16806,"8562,6220,544,4798,10326,7707,5303,12665,2140,5495"
16810,16810,"3950,9942,13346,6220,3428,8413,12934,8562,544,220"
16836,16836,"4277,6433,350,2140,10326,544,1978,8562,1290,1210"
16844,16844,"13306,5495,13346,544,1290,10326,4798,4266,9942,2343"
16861,16861,"1244,1290,11298,7120,12869,4163,2957,5135,9962,789"
16875,16875,"4798,10326,6971,5303,2218,13346,8562,2140,3950,6326"
16936,16936,"4798,3950,10326,13346,8562,12857,4277,6971,5303,2140"
16946,16946,"4798,217,10326,13346,3950,12857,5303,8562,1328,717"
16965,16965,"4798,6220,10326,3950,5303,13346,2140,8562,2218,275"
16987,16987,"10326,4798,6971,5303,2140,8562,6220,8421,4277,12857"
16988,16988,"6971,2343,8922,3055,5875,1290,544,12665,4798,5532"
16989,16989,"8562,6220,10326,3950,4798,12665,9942,2218,5303,5545"
17007,17007,"10326,6971,4798,275,9942,5303,8562,9602,1290,544"
17016,17016,"10326,4798,3950,6220,8590,4277,13346,8562,9942,5461"
17030,17030,"4798,10326,12504,6971,544,1290,8562,13408,3950,9942"
17034,17034,"4798,10326,13346,8562,3950,4277,6971,6220,10916,5303"
17054,17054,"13346,5303,12857,2140,10326,4798,8562,10594,4277,3458"
17056,17056,"12857,1328,4798,13346,10326,350,6326,8562,544,1290"
17084,17084,"10326,2218,12665,5495,4798,5303,3950,6220,8562,2140"
17098,17098,"544,5495,4277,5303,10326,2343,4576,12470,12665,1290"
17102,17102,"4798,6971,10326,5303,8590,3950,2140,2218,6220,3055"
17109,17109,"3950,11572,544,1290,10326,4798,1788,9942,8562,782"
17112,17112,"544,1290,4798,10326,2218,6971,6220,7120,275,4277"
17119,17119,"4798,10326,6971,2343,5303,9942,2140,544,2218,6220"
17124,17124,"6220,5303,2218,9942,10326,8562,3950,7707,13346,6971"
17141,17141,"4798,6971,544,10326,2343,5303,6220,9693,13346,5495"
17160,17160,"4277,217,7679,7669,544,12869,6220,8483,12665,4163"
17179,17179,"3950,2218,8562,6220,4798,13346,8483,8413,9942,9602"
17189,17189,"4277,217,717,3950,8421,6433,544,10326,350,4798"
17191,17191,"8562,5495,10326,7707,6220,8981,544,4798,1290,9942"
17194,17194,"8562,10326,12857,8421,3950,2218,5495,2140,544,4798"
17195,17195,"5199,5532,5495,2343,2218,2903,10835,544,9942,3950"
17200,17200,"1290,7120,11298,4576,2989,11024,1244,9101,10389,544"
17212,17212,"6220,3428,3950,5545,13306,10326,13296,8562,6659,13110"
17218,17218,"2343,10326,9693,6220,544,9532,5495,5199,3950,12665"
17232,17232,"8562,217,3950,8413,6326,12857,50,717,4277,6270"
17242,17242,"4798,10326,4277,8562,544,13346,12857,217,717,2140"
17255,17255,"3950,8562,6220,9942,8413,3428,4798,5545,13346,4413"
17262,17262,"1290,11298,7120,1244,12869,4576,2989,10607,9101,11024"
17275,17275,"6220,8562,5545,3950,12665,2218,13110,4798,9942,13296"
17276,17276,"4277,6220,3950,8562,5303,13346,2140,8421,4798,10326"
17278,17278,"544,1290,1863,10326,4798,11298,7120,9942,10429,1244"
17283,17283,"10326,4798,1290,8562,9942,544,6971,6220,5303,1220"
17284,17284,"11000,1978,10326,13346,8421,5495,3282,544,4798,3950"
17295,17295,"544,10326,6220,4277,9942,3950,217,3428,6433,8562"
17298,17298,"1290,544,2989,11298,7120,4576,11024,9101,1244,6220"
17319,17319,"9942,6220,8562,3428,3950,5545,10326,13296,544,13306"
17320,17320,"544,11298,9101,7679,1290,4576,2989,11024,1244,11918"
17325,17325,"12665,9693,13346,8483,6220,544,10326,2218,6971,4798"
17330,17330,"1290,7120,544,5875,10326,11298,7024,4798,1244,8235"
17334,17334,"1290,2989,11024,12869,1244,789,7120,9962,3704,4576"
17346,17346,"6220,2343,9693,9942,12665,8562,13346,1656,2218,3950"
17352,17352,"6971,2218,10326,1290,3950,5303,4798,5532,9942,2140"
17353,17353,"1290,7120,4929,6220,9962,789,5135,1244,544,10663"
17396,17396,"10326,4798,8562,5303,2218,2140,3950,4277,8205,6433"
17408,17408,"4277,544,10326,3950,4798,5303,6220,2140,8562,8421"
17414,17414,"8562,6220,3950,5303,5545,10326,9942,6302,12665,13346"
17422,17422,"4163,2957,217,544,1290,7679,10326,11298,4798,7089"
17424,17424,"10326,4277,4798,3950,8562,6971,2140,6383,8421,13346"
17427,17427,"1290,789,7120,9962,5135,4929,544,13309,10326,4798"
17432,17432,"8562,217,4798,3950,13346,10326,6326,8421,6220,13249"
17434,17434,"10326,6971,5303,6220,4798,8590,2343,2140,8562,12857"
17439,17439,"6220,9942,8562,3950,3428,12665,5545,13296,4798,10326"
17442,17442,"6220,8562,544,9942,2343,6971,10326,13296,5545,4798"
17449,17449,"4798,8562,13346,10326,3950,9942,12665,6326,6220,5545"
17472,17472,"9693,5532,5461,3950,2343,5199,544,12665,8590,5495"
17509,17509,"1290,11298,544,1244,7120,9101,2989,11024,4576,10389"
17522,17522,"9942,3055,4413,89,931,544,3950,1290,4798,4602"
17527,17527,"2140,5303,10326,4798,1912,12857,544,7063,1290,9942"
17535,17535,"1290,7120,4576,7679,11298,1244,9295,11918,11024,10389"
17540,17540,"8562,3950,4798,10326,2140,4277,6220,5303,8421,13249"
17541,17541,"1290,11298,2989,1244,9101,9730,11024,4576,4929,10663"
17551,17551,"10326,4798,5303,8562,6220,4277,11000,8421,2140,6971"
17564,17564,"10326,8421,4798,12857,8562,544,1290,3950,6311,9942"
17565,17565,"350,10326,544,4798,1290,9942,8562,8147,11298,12191"
17581,17581,"10326,4277,12857,8562,13346,2218,8483,3950,10916,4798"
17596,17596,"6220,6971,4277,3950,89,13296,275,10326,8562,13346"
17601,17601,"3950,8562,9942,4413,13346,8413,4798,544,10326,1290"
17611,17611,"13346,9942,8562,6220,275,10326,13296,8413,12665,10916"
17612,17612,"10326,217,8562,9942,13296,3950,6659,3428,6220,350"
17620,17620,"8413,5495,6220,3950,2343,8188,12665,5545,5199,8562"
17627,17627,"2343,9693,6795,5532,5495,1220,6834,10835,64,2537"
17634,17634,"8562,6220,1863,544,7707,9942,1290,10326,9083,4798"
17649,17649,"10326,8562,544,6220,4277,4798,3950,13346,350,3428"
17654,17654,"8562,3950,13346,12665,2343,2218,7707,6220,4798,544"
17659,17659,"10326,4798,8562,7707,11186,544,1290,9942,6971,9668"
17666,17666,"1290,7120,544,6220,3950,4929,4576,6971,10663,11298"
17674,17674,"11000,4798,7916,851,10326,8132,5495,544,1290,12439"
17684,17684,"544,10326,4798,350,12665,8421,1328,6383,652,3950"
17708,17708,"10326,8562,5303,2218,6433,4798,3507,2140,13346,12857"
17709,17709,"6220,3950,10326,13346,8562,3428,8483,4798,5495,7707"
17741,17741,"6971,4798,10326,2218,5303,8562,1290,3055,12665,3950"
17752,17752,"544,9375,6307,1290,10326,4798,9942,8562,11298,6060"
17765,17765,"2343,6220,89,12665,3950,2218,5532,9942,4798,13346"
17770,17770,"1290,544,8703,7637,10326,4798,9942,7120,8562,11298"
17814,17814,"6220,2218,544,5676,1220,3950,8562,5495,10326,4798"
17818,17818,"1244,13267,350,544,7120,1290,9942,5866,8189,10326"
17822,17822,"1290,7120,8302,544,4929,2286,11117,10326,12030,4798"
17826,17826,"4798,8562,10326,4277,544,2140,8421,12857,275,6971"
17827,17827,"1290,11298,7120,1244,2989,4576,10389,9101,4664,10607"
17840,17840,"10326,6220,2218,8188,7707,13296,5495,8562,4798,544"
17843,17843,"2218,8413,5495,544,9942,6220,12470,8562,13310,5676"
17864,17864,"4798,3950,11969,6433,10326,9984,8562,544,5461,6639"
17871,17871,"8188,544,1290,8562,10326,10429,4798,5149,9942,1863"
17881,17881,"544,12665,3950,2218,4277,10326,2343,1290,4798,11969"
17928,17928,"10326,8562,4798,6220,544,12665,3950,8421,4277,5303"
17931,17931,"544,1290,10326,4798,8562,9942,9375,11298,2989,7120"
17933,17933,"8413,3950,2343,6220,2218,8562,5303,2903,544,9942"
17953,17953,"544,5495,10326,1290,5303,6220,2218,4798,12665,3950"
17970,17970,"9942,3950,6220,13346,5545,13306,12665,931,4413,89"
17977,17977,"4798,10326,8562,5303,3950,6220,12665,544,2218,4277"
17982,17982,"1290,7120,9962,11298,1244,12869,9101,544,2989,10326"
17995,17995,"1290,6971,7120,13296,4929,544,4798,10326,8562,9942"
18002,18002,"10326,5303,8590,6971,4798,4277,12857,8421,2140,3950"
18006,18006,"6659,544,1290,10326,10429,4798,9942,8562,9107,11298"
18023,18023,"10326,6220,6971,5303,4277,13346,275,2140,544,2218"
18024,18024,"4798,10326,544,7439,1290,5747,4877,9942,8562,9771"
18047,18047,"6220,2343,9942,5545,13296,3950,6795,3428,4602,9693"
18050,18050,"9942,2218,6220,4798,6971,5303,544,275,11969,3950"
18078,18078,"10326,4798,6971,13346,8562,4277,5303,8421,6220,2343"
18086,18086,"1290,7120,6971,4798,4929,9962,544,789,5135,1244"
18093,18093,"1290,7120,11298,4929,1244,4163,12869,10663,2957,3464"
18115,18115,"3950,10326,4277,4798,8421,12857,2140,717,10594,10568"
18122,18122,"1290,2218,7120,544,8981,10326,4798,12723,9942,5149"
18124,18124,"10326,4798,6971,5303,2343,544,1220,2140,1290,2218"
18127,18127,"1290,7120,1244,11298,4929,10663,9295,4576,12869,9101"
18133,18133,"8562,3950,10326,6220,13346,4277,3428,4798,12857,13249"
18148,18148,"2218,3950,8562,5199,6971,9942,544,2140,10326,2905"
18155,18155,"2343,9693,13346,544,9942,276,8562,275,1290,10326"
18158,18158,"11298,11024,4576,2989,8978,11918,12995,10389,7679,12655"
18166,18166,"10326,10568,3950,4798,4277,2140,544,6220,5303,350"
18167,18167,"10326,4277,2218,5461,544,3950,6433,9942,13296,350"
18169,18169,"2140,3950,13346,544,10326,1290,8562,9306,4798,9942"
18175,18175,"9693,6971,12665,6220,9532,5532,10326,8590,4798,544"
18178,18178,"3950,8562,13346,6220,10326,4798,8413,12665,11540,5495"
18214,18214,"1290,7120,11298,1244,4929,9730,2989,12869,9101,10663"
18217,18217,"8562,3950,12665,10326,13346,5303,4798,5495,544,2140"
18226,18226,"1290,7120,11298,4576,9101,12869,11024,10137,2989,1779"
18229,18229,"6971,2140,5303,4798,1290,2218,544,8413,10326,9942"
18236,18236,"6341,2905,544,1290,12404,8793,10326,4798,9546,4049"
18240,18240,"6220,3950,9942,5545,6659,2218,3428,12665,89,8562"
18262,18262,"6220,9942,3950,8562,544,3428,10326,5545,5303,12665"
18266,18266,"1290,11298,2989,4576,1244,544,11024,9101,10389,8978"
18272,18272,"4798,8562,13346,6220,3950,5303,12665,6971,10326,2218"
18292,18292,"8562,6220,3950,4798,10326,5303,13346,4277,9942,7707"
18299,18299,"544,6220,10326,9942,4277,3428,8562,2218,3950,275"
18321,18321,"7707,544,1290,10326,4798,6525,9942,8562,6952,4860"
18338,18338,"6220,3950,8562,10326,2343,13346,5303,544,9942,13296"
18339,18339,"10326,4277,4798,5303,350,2140,10916,6971,8483,12857"
18341,18341,"8562,4798,13346,2140,10326,5303,3950,544,9942,1290"
18355,18355,"1290,7120,11298,9295,4929,1244,9730,10663,2989,9101"
18364,18364,"1290,544,7120,6971,1244,11298,4576,9101,11024,2989"
18368,18368,"4798,10326,8562,12665,12857,6971,3950,13346,6220,6326"
18393,18393,"4798,10326,2343,6971,5303,13346,9693,2140,8562,4277"
18409,18409,"3950,4277,217,8562,544,4798,5676,9942,717,12665"
18434,18434,"10326,4798,5303,12857,3950,6433,544,217,10594,10916"
18440,18440,"9942,13346,6220,3950,4798,5545,8562,1978,13110,8413"
18446,18446,"10326,6220,2343,4277,9693,4798,3950,12665,11969,8562"
18467,18467,"9942,8562,4798,2140,1220,13346,2343,275,10326,3507"
18475,18475,"1290,6220,2218,9942,9295,7120,8188,13296,5545,544"
18487,18487,"10326,6220,8562,4798,4277,3950,13346,1290,6971,7707"
18489,18489,"544,10326,4798,4277,1290,2343,9693,350,5303,4576"
18499,18499,"12857,4277,8205,10326,4798,544,8562,1290,11392,4949"
18505,18505,"4798,10326,8562,3950,6220,13346,4277,12857,5676,12665"
18525,18525,"10326,4798,4277,8562,8421,1290,6971,12857,5303,544"
18530,18530,"10326,4798,8421,6971,13346,10594,4277,544,217,1290"
18539,18539,"1290,7120,544,10326,4798,1863,9942,2989,11298,6220"
18546,18546,"2343,10326,9693,544,6220,12665,64,6795,89,5532"
18579,18579,"10326,9942,8562,13346,3950,4277,6220,4798,13296,544"
18585,18585,"2343,9693,5532,5199,64,3950,10835,6795,544,12665"
18595,18595,"544,8562,10326,6220,4277,5303,50,3950,6433,3428"
18648,18648,"3950,6433,4798,11000,13346,4277,717,217,1220,10326"
18679,18679,"8562,3950,6220,13346,2218,8413,12665,5545,9942,3428"
18683,18683,"6220,8562,2343,544,8188,10326,5495,13296,7707,3950"
18687,18687,"1290,7120,11298,1244,9101,4929,4576,9730,7679,11024"
18718,18718,"8562,6220,544,12665,4798,6971,10326,3950,9942,5303"
18741,18741,"3950,4798,8562,13346,5495,544,8413,1290,10326,9942"
18760,18760,"1290,11298,7120,11024,6971,4664,2989,9295,1779,544"
18771,18771,"6220,3950,8562,4277,13346,12665,4798,13296,3428,10326"
18787,18787,"10326,4798,4277,275,6971,2140,8421,5303,8562,13346"
18788,18788,"2218,13346,4798,12857,8413,8562,3950,10326,8483,4413"
18789,18789,"2343,8562,13346,10326,544,12857,6220,3127,769,5866"
18798,18798,"6220,3950,9942,8562,13346,1323,3428,13296,5545,12665"
18800,18800,"10326,9942,544,12665,8562,1290,847,4798,11287,4177"
18805,18805,"3950,8562,8413,9942,13296,4413,544,8188,1290,4798"
18806,18806,"7120,11298,1244,9962,12869,789,9101,4929,4664,10607"
18812,18812,"6971,6220,12665,2218,5303,4798,2343,9942,8413,8562"
18818,18818,"6659,1328,10326,544,1290,4798,8562,6528,9942,2875"
18830,18830,"5303,3950,6971,4798,13346,8562,10326,2140,2218,9942"
18835,18835,"1290,7120,1244,2989,9101,6220,6971,4576,12665,10607"
18839,18839,"5495,1355,12470,6971,544,10326,1290,9942,566,5549"
18851,18851,"6220,9942,4798,8562,544,6971,1290,560,8413,10326"
18854,18854,"4798,6971,10326,8562,5303,13346,6220,3950,2218,8205"
18864,18864,"10326,3950,4798,4277,13346,8562,217,544,6220,6971"
18865,18865,"7707,544,8562,7063,1290,10326,6220,9942,4798,5495"
18874,18874,"1290,544,11298,7120,12869,4576,9101,1244,2989,11024"
18875,18875,"4798,10326,12857,3950,2218,4742,8562,13346,544,2905"
18879,18879,"7669,9101,7679,4576,11554,3464,11024,8978,11298,12869"
18882,18882,"544,6220,1290,11298,2989,9730,12869,9101,4576,4664"
18895,18895,"3950,6220,2218,13346,13306,12665,9942,3055,5545,6971"
18903,18903,"10326,4798,4277,5303,13346,6220,2343,6971,12665,275"
18913,18913,"10326,4798,2343,13346,8562,4277,9693,544,10916,2140"
18934,18934,"1290,7120,1244,11298,544,4929,6971,9962,789,12869"
18935,18935,"1290,6971,8590,7120,5532,2343,10835,2903,5199,10326"
18981,18981,"6220,12665,9942,6971,8562,2218,544,7792,3950,5303"
18985,18985,"13346,6971,4798,1290,8562,10326,9693,6220,2343,2140"
18987,18987,"2916,9295,12497,6243,11298,544,1244,10326,4798,12030"
18990,18990,"10326,6220,4277,8562,13346,5303,10077,544,4798,6971"
18996,18996,"4798,3950,2218,10326,8562,6326,6971,6220,5545,5303"
19010,19010,"10326,4798,4277,544,8562,8421,5303,13346,10916,6433"
19016,19016,"1290,7120,9101,12869,2989,11298,9730,4576,4929,9438"
19018,19018,"13346,8483,1328,4798,8562,544,1290,10326,8147,9942"
19029,19029,"4798,10326,5303,2140,2218,8562,8421,275,13346,13249"
19060,19060,"6220,5545,7679,2989,1290,9101,11298,4576,9942,544"
19069,19069,"1290,7120,11298,544,1244,4929,5303,6971,2989,12869"
19084,19084,"4798,10326,8562,4277,5303,13346,12857,2140,6220,6971"
19086,19086,"1290,7120,2989,6220,1244,9101,11969,12869,4664,7707"
19105,19105,"1290,7120,9295,4929,10663,2916,3464,3697,8590,11298"
19110,19110,"1290,11298,1244,7120,2989,12869,9962,789,5135,544"
19135,19135,"10326,544,350,1290,1081,4798,8562,9942,4832,8540"
19144,19144,"8562,5303,8413,6220,4277,10326,544,3950,6971,4798"
19154,19154,"13249,5461,4798,220,544,5495,1290,6982,10326,9800"
19168,19168,"8562,10326,3950,4277,6220,4798,12857,12665,5303,6326"
19173,19173,"1290,7120,2218,4929,10663,5495,6220,544,4798,13267"
19187,19187,"1290,7120,6220,4798,7707,544,10326,9942,1863,9101"
19216,19216,"3950,227,8562,6659,544,1290,6220,10326,4798,9942"
19227,19227,"2343,9942,5676,3428,6220,9693,10835,5495,544,6795"
19231,19231,"4798,3950,10326,5303,13346,8483,9942,6220,8421,2218"
19234,19234,"11298,1290,2989,11024,1244,4576,7679,7120,1779,9101"
19255,19255,"10326,4798,6220,3950,6971,5303,2218,9942,2140,8590"
19258,19258,"5495,3950,6220,12470,8413,9942,2140,2580,4798,544"
19266,19266,"1290,7120,6971,4929,5303,8590,10326,4798,544,9295"
19296,19296,"13346,4798,8562,6971,6795,5532,2537,2140,64,6834"
19297,19297,"6659,544,1290,10326,8562,4798,9942,11298,7120,5303"
19308,19308,"3950,3055,13346,8562,4602,544,1290,10326,8235,4798"
19323,19323,"8147,10326,1328,544,4798,1290,8562,9942,350,11298"
19346,19346,"10326,4798,6220,6971,5303,4277,544,2218,2343,8590"
19347,19347,"7120,4929,6220,4798,6971,3950,4576,12665,8590,2916"
19360,19360,"1290,7120,9295,4929,544,9942,10326,11298,4798,6220"
19364,19364,"7669,3464,2989,4576,11298,4163,11554,7679,1290,10389"
19378,19378,"4798,3950,13346,12857,8562,10326,6326,5545,5642,8590"
19379,19379,"4798,8562,5303,6971,10326,2218,13408,1220,9942,5495"
19380,19380,"10326,4277,5303,11969,8562,544,4798,12857,6220,217"
19381,19381,"10326,4798,4277,8562,8421,12857,5303,10916,2140,6433"
19384,19384,"8562,10326,6220,3950,10568,8421,4277,4798,544,12665"
19385,19385,"4798,6220,8562,13346,3950,2218,10326,6326,7707,5545"
19388,19388,"1290,7120,11298,2989,4929,12869,1244,9101,9295,4576"
19406,19406,"10326,4798,5303,4277,544,6971,8562,13346,2140,275"
19408,19408,"2343,5199,5532,5495,10835,6971,544,10326,2903,9942"
19415,19415,"1290,11298,544,7120,1244,4576,11024,8978,2989,10389"
19417,19417,"13346,12665,3950,64,6220,6971,4798,2218,10326,9942"
19434,19434,"2343,9693,2989,64,11298,544,2537,9730,11024,7679"
19441,19441,"10326,4798,4277,3950,5303,8562,12857,13346,8421,10916"
19461,19461,"1290,7120,544,1244,4929,4576,10663,11298,4664,2916"
19474,19474,"3950,6220,9942,2218,13346,8562,12665,89,5545,5199"
19477,19477,"1290,7120,350,544,10326,4929,4798,12497,9938,6957"
19484,19484,"2989,11298,1244,8978,11024,9101,10389,544,4576,12869"
19502,19502,"5495,7707,12099,544,12665,6971,8562,2343,566,9942"
19503,19503,"6220,6971,544,4277,5303,10326,3428,4798,5545,714"
19512,19512,"3428,13346,3950,50,8562,10326,4798,13110,4277,9942"
19515,19515,"9942,6220,975,544,8235,2218,1290,7707,10326,9693"
19518,19518,"1290,7120,2989,9730,4929,6220,2218,10663,9101,4664"
19530,19530,"10326,6220,8562,6971,4798,2218,5303,13296,13346,2140"
19559,19559,"1290,7120,11298,9101,12665,12869,6971,4576,9730,1244"
19576,19576,"13346,6971,4798,8922,10326,5875,544,8562,8235,1290"
19586,19586,"2343,9693,9942,3127,13296,64,5532,10326,544,1290"
19594,19594,"1290,12665,544,10326,7120,4798,8590,89,6220,3055"
19605,19605,"12606,544,10429,2327,9570,1290,10326,5976,4798,8562"
19618,19618,"3950,2218,6971,10326,9404,8562,5303,6220,5199,4798"
19620,19620,"4798,8562,6971,5303,6220,10326,2140,8413,2218,8590"
19623,19623,"4277,3428,350,13249,8562,3950,9340,13346,13306,10326"
19628,19628,"10326,3950,4277,4798,217,13346,8421,6971,8562,6220"
19631,19631,"7120,1244,4929,11024,4576,11298,10663,12655,4664,2989"
19642,19642,"2343,3950,12665,5495,6220,9693,10326,9942,8562,5199"
19644,19644,"2218,2140,7063,4798,544,1290,10326,9306,9942,2291"
19648,19648,"7679,1290,11298,7120,2969,544,1355,5495,1244,9229"
19665,19665,"8562,12665,6220,10594,4798,2777,10326,544,6433,1290"
19683,19683,"1290,11298,544,1244,11024,4576,7679,2989,9101,3464"
19684,19684,"4277,8562,8421,10594,217,4323,9455,10326,544,1889"
19693,19693,"10326,4277,4798,9340,11000,217,13249,544,2343,8421"
19696,19696,"4798,10326,3950,6971,5303,13346,8413,12857,6433,2140"
19707,19707,"4798,10326,5303,6971,4277,3950,12857,8421,8562,2140"
19715,19715,"2343,9693,6220,64,5532,9942,13346,4798,544,3950"
19716,19716,"1290,7120,4929,1244,11298,9101,2916,544,13309,3697"
19729,19729,"1290,7120,6220,8562,4798,6971,10326,8590,5303,2140"
19734,19734,"10326,13346,8562,5303,2218,4798,3950,12857,5495,6220"
19758,19758,"3950,13346,8562,3799,544,2218,1290,10326,4798,5460"
19764,19764,"8562,4798,10326,2343,6220,6971,2218,5303,13346,3950"
19773,19773,"1290,11298,544,1244,9101,2989,4929,4576,11024,9730"
19778,19778,"5495,3950,6220,2218,9942,12470,13296,8562,4798,10326"
19780,19780,"8562,6220,2218,3428,9942,13306,13296,5545,5184,12665"
19784,19784,"10326,6220,4277,8562,544,4798,6433,350,7707,50"
19786,19786,"8562,4798,4277,6220,3950,13346,13249,544,8421,10916"
19793,19793,"10326,6220,2218,4277,3950,5303,4798,8562,5495,6971"
19798,19798,"10326,13346,5495,6220,4277,4798,3950,2343,544,3428"
19808,19808,"8562,4798,3950,6220,10326,13346,6971,8413,9942,13249"
19812,19812,"1290,7120,1244,2989,12869,4929,11024,7679,10663,4576"
19821,19821,"8562,10326,4798,3950,12857,13346,7707,6433,5303,6220"
19830,19830,"12869,9730,11298,1290,1244,9962,789,7120,5135,9101"
19843,19843,"1290,7120,12869,7669,2989,9101,11298,4929,9295,4163"
19867,19867,"6220,2343,7707,9693,2218,1863,9942,1290,9101,10326"
19889,19889,"8562,3950,6220,13346,4798,9942,2218,12665,10326,4277"
19893,19893,"6220,8562,7707,13296,10326,11969,5545,4798,2218,8188"
19898,19898,"1290,7120,11298,4929,9295,4576,9101,12869,2989,10389"
19902,19902,"350,8562,2140,10326,544,1290,4798,9942,11298,7120"
19905,19905,"4798,8562,10326,8590,5303,4277,3950,13346,2140,8421"
19910,19910,"3950,4277,8562,10326,4798,8421,13346,217,6220,10077"
19929,19929,"10326,8562,6220,4798,4277,544,12665,13346,8483,5303"
19932,19932,"1290,11298,1244,7120,4576,10389,7679,2989,1779,4664"
19952,19952,"8562,10326,6220,4798,3950,13346,9942,6433,8421,5495"
19956,19956,"13110,8421,6220,4798,10326,8562,544,1210,3950,1290"
19987,19987,"4798,8562,10326,13346,8421,3950,4277,6326,8161,2140"
20008,20008,"4798,544,1290,4277,6220,6971,8562,12665,11969,5303"
20018,20018,"3950,4798,8562,6220,9942,13346,8413,10326,12665,2218"
20019,20019,"1290,7120,544,9942,5303,4277,4929,5731,10326,12869"
20020,20020,"1290,7120,4929,10663,13267,2916,12497,544,11298,6243"
20023,20023,"13346,4798,3950,10326,8562,5495,6326,13249,8413,9942"
20031,20031,"6220,8562,2218,544,7707,5545,13296,4798,9942,1863"
20039,20039,"6220,8562,12665,3950,9942,13346,5545,8413,2343,3428"
20040,20040,"6220,9942,4798,5303,5495,3950,2140,8562,2218,544"
20041,20041,"12470,8188,8562,7707,544,6220,5676,2218,8413,769"
20045,20045,"3950,13346,4798,8562,10326,12665,8421,6220,6326,10916"
20056,20056,"1290,6220,6971,4798,12665,7120,11298,89,4576,2989"
20069,20069,"10326,4798,2218,13346,6220,4277,5303,2343,3950,544"
20074,20074,"6220,9942,8562,6659,3428,5545,13110,13296,5184,10326"
20083,20083,"8562,3950,9942,10326,13346,6220,4798,5545,3428,2218"
20085,20085,"1290,11298,11024,7120,11918,4664,2989,7679,10607,12869"
20086,20086,"6220,5303,6971,8413,3950,8562,4798,9942,5495,544"
20089,20089,"8562,6220,3950,2218,13346,4798,4277,13296,2343,5642"
20101,20101,"6220,5303,4798,3950,9942,13346,89,12665,8590,3055"
20104,20104,"544,2034,5760,1290,8911,10326,4798,449,9942,8562"
20112,20112,"8562,6220,3950,544,9942,12665,4798,10326,5303,4277"
20115,20115,"3950,8562,6220,4798,10326,13346,3055,2903,9942,6326"
20133,20133,"1290,7120,12869,789,11298,5135,1244,4929,9730,9101"
20136,20136,"2343,4277,10326,217,4798,9693,544,1220,8562,2140"
20138,20138,"11298,1244,1290,11024,9962,789,7120,5135,4664,9295"
20162,20162,"4798,10326,3950,6971,8421,8562,5303,13346,6220,2140"
20176,20176,"4798,6971,2218,544,10326,6220,275,8590,2140,8562"
20200,20200,"10326,4798,2140,13346,4277,6971,8562,5303,275,9942"
20222,20222,"9306,544,4798,1290,10326,8562,9942,13214,11298,5946"
20251,20251,"1290,10326,4798,6971,7120,5303,8590,544,2140,2218"
20256,20256,"12470,5303,10326,2218,5199,12668,12099,10594,544,13408"
20264,20264,"10326,4277,8562,5303,6433,6220,4798,810,350,10594"
20280,20280,"10326,4277,4798,13249,8562,217,8421,10916,6433,350"
20286,20286,"6220,1290,2989,7707,1244,544,1863,10429,8188,11298"
20323,20323,"1290,7120,11298,4929,9962,10663,789,9295,5135,12869"
20324,20324,"1290,7120,4576,4929,544,6220,8590,10663,6971,1244"
20336,20336,"1290,11298,544,9693,9101,4576,6220,1244,9730,11024"
20339,20339,"8562,3950,9942,6220,4798,13346,8413,5545,6326,3428"
20344,20344,"1290,5495,6971,7120,5303,544,2989,10326,4798,11298"
20356,20356,"10326,6220,8562,3950,9942,12665,4798,13346,2218,5545"
20360,20360,"1290,7120,6971,2343,4929,13267,544,10326,4798,10895"
20362,20362,"2343,9693,5532,5199,10835,2537,10326,6834,3127,9532"
20376,20376,"13346,3950,10326,4277,10077,13249,2140,8562,11384,10568"
20381,20381,"2218,10326,4798,6971,12665,6220,5676,5303,7707,8562"
20394,20394,"7120,11298,1244,2989,544,4576,4929,6971,11024,9101"
20397,20397,"8562,7707,6220,1779,544,1355,12665,5495,1290,9942"
20407,20407,"3428,6659,3950,6220,8413,13346,5495,7707,9942,10326"
20413,20413,"1290,11298,7120,2989,11024,1244,12869,9730,4576,10389"
20433,20433,"1290,7120,1244,11298,9962,4929,789,5135,9101,10663"
20448,20448,"544,5303,810,7792,2140,1290,8623,9330,9553,9101"
20492,20492,"4798,10326,8562,89,5545,3055,6220,2343,9942,13346"
20505,20505,"1290,7120,11298,1244,2989,4576,9101,4929,12869,544"
20512,20512,"10326,4798,13346,3950,8562,12857,6326,10916,5303,5642"
20514,20514,"8264,10537,544,13013,1290,10326,12453,4181,4798,1706"
20533,20533,"4277,217,350,10326,4798,8483,6433,5109,8421,5303"
20543,20543,"1290,7120,5303,8421,2989,12404,2140,10326,6220,4277"
20546,20546,"4798,10326,8161,4277,12857,717,10594,8421,9580,544"
20557,20557,"4798,8562,10326,3950,9942,2218,13346,4277,5303,3428"
20558,20558,"4798,10326,12857,9602,3950,10594,1290,3673,544,8562"
20561,20561,"6220,12665,3950,13346,4798,3428,5545,9942,2218,10326"
20566,20566,"1290,11298,4576,7120,1244,10389,9101,544,6220,12869"
20573,20573,"11298,1244,2989,1290,544,10607,10326,4798,9942,7120"
20623,20623,"1290,7120,4929,6971,10663,544,4798,10326,8922,8562"
20627,20627,"544,1290,10326,6220,4277,9730,7120,4798,6971,12665"
20643,20643,"4798,10326,6971,5303,2140,8161,13346,275,8421,544"
20645,20645,"1290,11298,7120,1244,4576,12869,9101,544,11024,789"
20652,20652,"717,4277,10326,13346,3950,8421,8562,5495,5303,4798"
20654,20654,"10326,4798,4277,8562,3950,13346,6220,217,8421,717"
20667,20667,"6971,1290,89,2989,5199,544,2903,10326,7120,4798"
20670,20670,"3950,544,1290,10326,13408,4798,9942,10159,8562,3444"
20671,20671,"10326,8562,2218,3950,4798,5303,6971,544,13346,12665"
20676,20676,"9942,3950,5303,8562,2140,13346,6220,10326,2343,6638"
20694,20694,"544,1290,7120,4277,5303,6220,10326,2989,12665,11298"
20709,20709,"10326,5495,4798,12470,5303,8562,2218,6220,3950,544"
20716,20716,"4798,5303,6971,8562,2218,2140,10326,13346,544,1290"
20739,20739,"5303,13296,217,64,13346,3565,2343,12315,10326,1715"
20763,20763,"2343,544,9693,10326,6971,5303,6220,5199,2140,2903"
20779,20779,"1290,11298,1244,7120,4576,2989,11024,544,10607,10389"
20781,20781,"3950,2218,6971,6220,9942,4798,12665,7707,8562,5545"
20790,20790,"1290,7120,6971,9295,789,9962,9020,11298,544,6126"
20792,20792,"4798,10326,12857,8421,5303,4277,6971,10916,217,717"
20797,20797,"4798,10326,8562,5303,13346,9942,4277,2343,6220,3950"
20811,20811,"6220,3950,9942,4798,5303,6971,3428,13346,8562,5545"
20821,20821,"1290,7120,11298,1244,11024,4929,4576,9101,12869,9730"
20830,20830,"10326,4277,4798,8562,10594,8421,9580,6383,544,1290"
20861,20861,"2343,9693,6220,6971,8590,5545,544,13346,9942,6795"
20878,20878,"1290,9942,6220,11298,7120,2989,6971,1244,12869,12665"
20891,20891,"8562,544,5875,1290,9942,10326,11298,7024,4798,12665"
20895,20895,"6220,8562,3950,2218,5495,13346,5545,4798,9942,8413"
20901,20901,"10326,4798,6220,2343,6971,8562,13346,4277,5303,544"
20908,20908,"10326,4798,8562,4277,2343,544,3950,275,6220,2140"
20928,20928,"1290,7120,4929,10663,6971,544,12030,789,9962,10326"
20945,20945,"6220,5303,6659,9942,12665,8562,3428,5545,13296,544"
20971,20971,"4798,10326,4277,8562,13346,6433,13249,12857,8421,6326"
20979,20979,"4798,10326,6971,5303,8562,3950,4277,2218,9942,2140"
20982,20982,"5303,10326,8421,4277,4798,6433,1017,544,10594,9293"
20991,20991,"10326,8562,13346,6220,2140,5303,12665,9942,3950,6326"
20998,20998,"9942,3950,6220,5495,13346,3428,8562,64,5545,1225"
21006,21006,"3950,9404,6220,2343,5532,5199,4798,10326,8562,5495"
21018,21018,"6971,5303,2140,10326,8161,8562,4798,6515,544,1290"
21028,21028,"6220,9942,8188,8562,544,6659,5532,5495,4798,7819"
21041,21041,"8562,3950,10326,8055,9942,13346,6433,4798,5495,544"
21042,21042,"2343,544,5199,5532,9693,2903,5495,3127,10326,9532"
21064,21064,"1290,7120,11298,4929,9962,544,10663,9101,4576,10607"
21075,21075,"6971,2343,544,12665,5303,5199,3950,5532,89,9693"
21078,21078,"3950,10326,8562,9942,13346,2218,5545,3870,3428,4798"
21081,21081,"5495,12470,2218,5303,6220,6971,2343,8590,3950,3055"
21084,21084,"8562,3950,6220,6971,10326,12857,4277,2140,13346,4798"
21089,21089,"4277,10326,4798,10594,350,8421,217,8562,5303,10916"
21112,21112,"1290,7120,1244,2989,9101,4929,4576,11024,544,10663"
21126,21126,"13346,8562,3950,8413,544,4798,1290,9942,10326,11298"
21129,21129,"1290,7120,6971,4929,12869,10663,9295,11298,2989,9438"
21130,21130,"2343,10326,9693,13346,6220,3950,9942,64,544,4798"
21137,21137,"3950,8562,6220,6971,5303,544,13346,4277,10326,4798"
21149,21149,"5495,8562,2343,4798,13346,3950,5545,10326,9942,2218"
21152,21152,"10326,8562,2218,6220,4798,5303,12665,3950,13346,4277"
21177,21177,"8562,3950,4798,10916,13346,350,4277,10326,544,1290"
21191,21191,"7120,4929,10663,6971,12497,2916,544,6243,8922,10326"
21200,21200,"10326,3950,8562,6220,2218,9942,1328,5545,2140,5676"
21204,21204,"10326,4798,4277,3950,8562,5303,717,217,13346,10916"
21221,21221,"5495,6220,2218,6971,1290,8562,12470,5303,8590,13296"
21228,21228,"1290,7120,544,11298,6971,2218,2989,4929,10326,12665"
21249,21249,"5495,10326,2140,544,2218,5303,275,350,1978,4798"
21256,21256,"3950,6220,4798,6971,8562,9942,544,10326,1290,11396"
21261,21261,"8562,13346,3950,4798,8483,10326,6326,8413,2218,6220"
21279,21279,"10326,544,6220,2343,12665,4798,9942,9693,7707,1290"
21282,21282,"1290,7120,11298,1244,9101,2343,544,9730,2989,9295"
21305,21305,"10326,4277,717,4798,6433,8562,8421,10916,10594,350"
21307,21307,"217,13110,10594,544,5734,12152,1290,10326,5040,3428"
21315,21315,"5642,810,1574,10100,11094,3950,10063,8505,544,10152"
21342,21342,"7120,544,2989,11298,6971,9101,4576,1244,11024,12869"
21347,21347,"10326,6220,4798,3950,13346,4277,8562,5303,12665,9942"
21357,21357,"6220,544,7707,8562,1290,9101,1244,10429,10326,9942"
21358,21358,"10326,5532,6971,2903,5199,2343,2218,9532,544,5495"
21368,21368,"1290,789,9962,7120,11298,5135,544,1244,10326,9942"
21372,21372,"1290,7120,11298,2989,9730,4576,9101,1244,11024,10389"
21373,21373,"9942,3950,4277,2218,3428,13306,6220,2140,12665,8562"
21383,21383,"7120,9101,544,1244,11298,4929,10663,2989,11024,89"
21393,21393,"6220,9942,8562,3950,13346,5545,2218,5303,7707,3428"
21415,21415,"1290,7120,6971,4929,9295,8590,11298,10663,1244,544"
21421,21421,"1290,8562,9942,6220,4929,10663,4576,4798,9101,2916"
21433,21433,"4798,6971,10326,275,5303,2140,4277,3950,544,8562"
21449,21449,"544,10326,4277,2343,3950,6220,4798,13346,217,5303"
21483,21483,"10326,6220,9942,8562,3950,4277,13346,4798,5303,3428"
21488,21488,"8562,10326,4798,3950,13346,6220,8421,5303,12857,10916"
21518,21518,"2989,1244,3428,544,9101,9942,8978,4576,7679,12869"
21528,21528,"8562,12470,6220,2218,13346,7707,5303,3950,8188,3428"
21536,21536,"1290,7120,11298,1244,2989,4929,4576,11024,544,9730"
21585,21585,"4798,8562,6220,9942,7707,13296,5303,5545,5495,6971"
21598,21598,"1290,11298,2989,7120,9730,9101,10389,4664,11024,6971"
21602,21602,"8562,12665,3950,5303,6220,13346,3055,9942,544,4798"
21604,21604,"4798,5303,5495,8562,544,10326,1290,12793,9942,13408"
21626,21626,"12665,544,11298,1290,2218,9119,8562,10326,8598,4798"
21636,21636,"3950,12665,2343,9942,13346,64,89,13315,2989,544"
21649,21649,"7120,4929,10663,12497,6243,544,5573,3697,12030,2916"
21650,21650,"1025,544,1290,12859,10326,4798,5275,9942,2650,8562"
21655,21655,"1290,7120,11298,11024,9101,4576,1244,12869,4664,2989"
21662,21662,"11298,12869,1290,1244,4576,11024,544,9101,10389,7120"
21681,21681,"1290,7120,11298,1244,4929,12869,2989,9101,9730,544"
21686,21686,"2140,350,544,2411,10326,9649,4798,7063,9340,217"
21699,21699,"3950,6220,8562,13346,5303,4798,2218,12665,6971,9942"
21702,21702,"1290,11298,7120,1244,9101,4576,544,9730,11024,10607"
21709,21709,"4798,10326,13346,8562,3950,12857,6971,5303,8421,9942"
21718,21718,"4798,10326,3950,8562,5303,4277,12857,13346,8421,6971"
21719,21719,"10326,4798,4277,8421,5303,544,8161,6971,10594,8562"
21724,21724,"8562,6220,3950,3428,10326,4798,13306,9942,13346,13249"
21741,21741,"1290,11298,2989,1244,4576,9101,7120,7679,544,11024"
21746,21746,"1290,11298,7120,9101,1244,12869,11024,4576,544,10137"
21751,21751,"3950,9942,8562,544,6302,1290,10326,8413,13346,4798"
21754,21754,"4277,10326,4798,13346,8562,12857,8421,6433,217,13249"
21768,21768,"3950,4798,12665,6971,6220,13346,10326,13296,7707,2218"
21775,21775,"6220,544,5199,9942,1290,5495,8562,10326,4798,5532"
21781,21781,"11298,11024,9730,1290,2989,12995,4664,4576,12869,1244"
21789,21789,"7120,11298,1244,4576,11024,4929,9101,2989,6971,544"
21795,21795,"3950,4798,2218,5495,2140,8922,8562,10326,544,5303"
21812,21812,"8562,3950,8413,3055,13346,12665,2218,1286,6220,9942"
21814,21814,"10326,4798,13346,6971,5303,8562,12857,2140,2218,6433"
21820,21820,"3950,10326,13346,8562,4798,12665,6220,5303,12857,5642"
21827,21827,"10326,4798,9942,6220,4277,5303,2218,6971,8562,717"
21838,21838,"8562,6220,10326,8188,7707,4798,13346,1355,12606,3428"
21855,21855,"2343,9693,64,5532,6795,13346,5495,544,9942,5199"
21881,21881,"4798,13346,12857,275,3950,6971,64,10326,2140,9942"
21884,21884,"8562,6220,4798,10326,12665,6971,13346,9942,5545,5303"
21889,21889,"1290,7120,544,10326,6971,4929,6220,1244,4798,8590"
21896,21896,"10326,4798,6220,8562,4277,5303,544,12665,13346,7707"
21902,21902,"10326,4798,4277,3950,8421,10916,6971,13346,12857,8161"
21916,21916,"10326,4798,4277,6971,544,5303,8562,8421,350,8590"
21927,21927,"1290,11298,7120,11024,9962,789,5135,544,10607,10326"
21938,21938,"10326,4277,12857,4798,8421,13249,717,1978,6433,217"
21948,21948,"4277,6433,13346,810,4798,9245,8562,4882,10326,544"
21952,21952,"1290,7120,4929,9295,10663,6971,3697,544,11298,12030"
21954,21954,"2343,6795,5532,5199,9693,10835,2903,5495,4798,544"
21955,21955,"3950,9942,6220,6659,5303,8562,10326,544,11969,11484"
21978,21978,"8188,6220,7707,544,4798,12606,10326,1290,12665,9942"
21983,21983,"1290,2343,11298,7120,6220,544,9101,9693,10326,8590"
22004,22004,"1290,10326,2343,7120,5303,6971,4798,5495,5199,9693"
22007,22007,"1290,7120,11298,11024,3464,4929,12869,9730,4576,2989"
22014,22014,"6220,3950,9942,3428,5545,8562,2218,8413,12665,5495"
22020,22020,"6220,10326,4798,12665,8562,13346,5303,544,4277,3950"
22052,22052,"4798,10326,8421,8161,10594,5303,11000,12857,9580,4277"
22056,22056,"8562,5495,2218,3950,9942,12665,1323,6302,13346,10326"
22064,22064,"8562,10326,4798,7707,544,3950,6220,2343,2218,1290"
22072,22072,"10326,4798,8562,4277,2218,13249,6220,13346,13296,8483"
22074,22074,"8562,4798,10326,4277,8421,13346,12665,13249,10916,2905"
22102,22102,"3428,6220,3950,9942,13346,5545,544,13306,1889,4798"
22110,22110,"4798,8562,10326,13346,6220,3428,3950,9942,13249,217"
22111,22111,"544,10326,4277,5303,4798,6220,217,2218,8483,717"
22119,22119,"6220,6971,1290,8562,12665,10326,5495,7792,544,9942"
22125,22125,"3950,8413,4798,8562,544,13346,1290,10326,9942,6982"
22150,22150,"10326,4798,6971,5303,544,5199,3950,8922,5495,1290"
22151,22151,"1290,7120,4929,6971,9295,1244,4277,11298,544,10326"
22154,22154,"1290,7120,4929,1244,11298,10663,544,2989,8703,10326"
22213,22213,"9942,6220,2218,5545,3950,6659,12470,3428,3870,5495"
22256,22256,"544,2343,1290,11298,13346,6220,6795,7120,9101,4576"
22258,22258,"5303,4798,8562,4277,13346,5495,10326,275,6971,2218"
22265,22265,"8562,6220,3950,2218,13346,10326,12665,4798,5495,9942"
22279,22279,"6220,2343,13346,9942,3950,89,6971,2218,9693,8562"
22280,22280,"10326,8562,4798,9942,6220,544,1290,8590,5495,6659"
22283,22283,"2343,544,1290,9693,10326,4798,7120,9942,8562,11298"
22286,22286,"6220,3950,3428,5545,8562,8681,3870,2218,13346,9942"
22288,22288,"2343,13346,10326,8562,5199,5303,4277,544,6220,12665"
22321,22321,"1290,11298,7120,2989,1244,11024,4576,9730,12869,9101"
22336,22336,"4798,10326,8562,6220,3950,5303,13346,12665,2140,12857"
22344,22344,"3950,4798,6971,10326,5303,2905,544,13346,1290,2789"
22353,22353,"9453,10326,544,1290,12665,9942,6659,4798,8562,7862"
22356,22356,"4929,1244,9295,6971,11298,12497,2916,3697,544,9962"
22387,22387,"10326,4798,5303,6971,13346,6433,544,2140,8562,6220"
22427,22427,"6971,1290,9942,8562,3950,544,4413,6220,7330,10326"
22428,22428,"1290,2343,9693,7120,11298,9101,9295,9962,12869,544"
22449,22449,"11298,11024,4576,7679,9101,4664,1290,2989,12655,1244"
22452,22452,"13296,6220,544,9942,7707,8188,5495,1290,10429,9101"
22460,22460,"4163,7679,7669,1371,2957,12869,1290,10674,11298,1558"
22467,22467,"1290,7120,10326,4798,4929,544,6971,1244,10663,11298"
22480,22480,"1290,7120,544,1244,9101,9962,789,11298,4929,5135"
22481,22481,"10326,4798,6971,8562,5303,275,9942,2140,6220,13346"
22484,22484,"3950,5303,9942,4798,10326,8562,11572,5495,8483,10594"
22489,22489,"2343,9693,5532,9942,2537,6834,9532,64,544,10835"
22502,22502,"4576,9101,1290,1244,11298,7679,10389,9330,3464,4664"
22510,22510,"1290,11298,2989,7120,12869,4576,11024,1244,544,9101"
22511,22511,"1290,7120,6220,544,1863,1244,9942,10429,4798,10326"
22514,22514,"10326,4798,6971,5303,8562,2343,9693,8483,1290,8421"
22520,22520,"1290,7120,4929,13267,544,6133,10326,4798,1482,10663"
22546,22546,"6971,4798,2140,10326,544,5495,8562,1290,9942,12857"
22551,22551,"8562,3950,6220,2218,8413,9942,12665,5545,4413,3055"
22582,22582,"11298,1290,7120,11024,3464,4576,2989,4664,1244,12869"
22595,22595,"9942,6220,2218,2343,3950,12665,9693,13296,5545,10326"
22597,22597,"4798,10326,8562,13346,13249,1634,9942,544,3950,1290"
22605,22605,"3428,3950,4277,9768,217,8562,12470,9942,13306,544"
22618,22618,"4798,544,1290,7120,9942,2343,12869,9101,11969,9693"
22641,22641,"544,4277,10326,717,4798,10077,8421,350,6220,8562"
22645,22645,"4277,10326,350,8562,9178,217,9340,652,4798,544"
22660,22660,"4798,10326,8562,3950,6220,13346,5303,4277,13249,8421"
22666,22666,"3950,8562,4798,6220,2140,9942,10326,2411,13346,3428"
22674,22674,"7120,4929,1244,4576,9101,2989,11298,2916,9730,789"
22678,22678,"1290,7120,11298,544,11024,1244,2343,4576,2989,6220"
22697,22697,"1290,11298,7120,11024,9730,1244,544,11775,4929,10326"
22698,22698,"3950,2218,5495,6220,6971,13346,5303,3428,8562,10326"
22705,22705,"1290,6220,544,6971,10326,4798,7120,5303,8562,8590"
22710,22710,"2343,5676,9693,4277,544,8562,3127,10326,4798,5495"
22714,22714,"3950,2218,13306,8562,3055,6220,3992,2905,544,13346"
22715,22715,"4798,3950,6220,5303,3055,13296,5199,5545,10326,8562"
22720,22720,"10326,4277,5495,8562,544,6220,4798,2343,3950,8421"
22734,22734,"10326,4798,2218,544,5303,8562,6971,6220,2140,1290"
22735,22735,"4798,6971,5303,10326,2218,2140,3950,8421,8562,8161"
22736,22736,"4798,10326,8562,6971,5303,2218,6220,13346,2140,3950"
22747,22747,"544,8562,2343,10326,9693,6220,7707,4277,2989,5545"
22748,22748,"4798,6971,10326,2140,1290,13296,544,8562,7120,9942"
22759,22759,"2343,13346,9693,6220,3950,12665,10326,13306,544,4798"
22761,22761,"4798,10326,2218,3950,5199,2140,2343,544,5303,2905"
22774,22774,"10326,6971,4798,6220,9942,5303,8562,2218,8590,5495"
22783,22783,"8562,6220,7707,8590,6659,3950,3055,10326,13296,2218"
22830,22830,"544,5495,9693,12470,6220,5676,5303,10326,6795,9942"
22831,22831,"7120,4929,11298,1244,10663,2916,4576,3697,789,10607"
22846,22846,"544,10326,8562,6220,2343,6971,4798,275,3950,5303"
22850,22850,"1290,7120,789,9962,1244,11298,5135,544,9101,3737"
22883,22883,"8562,2218,6220,5495,9942,12665,4798,10326,6971,544"
22887,22887,"10326,4798,13346,544,6220,3950,9693,4277,12665,6971"
22893,22893,"8562,6220,9942,2218,5303,12665,4798,3950,12857,3428"
22905,22905,"6220,2343,8562,4798,5545,3950,13346,7707,8681,9693"
22923,22923,"6220,4798,2218,3950,10326,8562,5303,2140,9942,12857"
22956,22956,"10326,4798,217,3950,717,12857,8562,13346,4277,10916"
22964,22964,"6220,13296,5545,544,8562,1863,10326,4798,9942,1290"
22972,22972,"11298,1290,9101,1244,7120,12869,7679,2989,4664,10607"
22985,22985,"6971,1290,4798,544,10326,7120,9942,8562,12665,11298"
23011,23011,"10326,4798,4277,544,350,217,8562,717,8421,4694"
23027,23027,"11298,2989,11024,9101,7679,544,4576,1244,10389,1290"
23036,23036,"6220,9942,10326,4798,3950,8562,6971,2218,13346,5545"
23038,23038,"13346,6220,8562,9942,3950,5495,3428,13296,6971,5545"
23046,23046,"10326,1290,4798,6971,11298,5303,7120,1244,2218,2989"
23051,23051,"2218,5303,8413,12857,6220,4277,4798,3950,5495,5199"
23057,23057,"544,1290,10326,4798,9942,8562,11298,7120,2770,2989"
23062,23062,"11298,7679,11024,12869,1244,1290,4163,4576,8978,9330"
23069,23069,"8562,4798,3950,13346,5303,10326,5495,6220,6971,12665"
23078,23078,"6220,2343,8562,2218,5303,12665,5495,89,9942,5545"
23113,23113,"2218,6220,8562,6971,4798,13346,3950,10326,9942,5495"
23121,23121,"1290,7120,4576,11024,11298,544,1244,10326,4798,4664"
23123,23123,"4798,8562,10326,3950,4277,5303,2218,6220,13346,544"
23136,23136,"13346,4798,10326,8562,5495,6971,2140,6326,8413,9942"
23138,23138,"4798,3950,6220,10326,8562,13346,4277,6971,9942,5303"
23140,23140,"10326,12665,6220,6971,5303,8562,1290,4798,544,2218"
23170,23170,"10326,4798,3950,4277,13346,5303,12857,6220,8421,717"
23173,23173,"1290,7120,11298,1244,544,2989,10326,9101,2343,5303"
23179,23179,"544,6220,2343,10326,6971,2218,810,5303,7707,4277"
23196,23196,"4798,3950,6220,8562,13346,10326,4277,5495,5303,12665"
23199,23199,"2218,3950,597,6641,9942,544,6220,5545,1290,4798"
23216,23216,"4798,6971,10326,8562,5303,2343,2140,544,13346,1290"
23226,23226,"13346,8562,5495,3950,10326,544,11384,12470,9942,4798"
23233,23233,"10326,5303,2218,8590,4798,8562,8421,6220,544,6659"
23253,23253,"2343,9693,6971,6220,3950,3055,12665,13346,1220,10835"
23281,23281,"1290,7120,11298,9730,544,9295,9101,4664,5969,1244"
